model,seed,split,year,genotype,rmse,mae,n_observed
LSTM-NN,1,train,2018,1538,33.97551052676063,28.037570416535363,10
LSTM-NN,1,train,2018,2369,65.13061497826554,53.63133980177805,9
LSTM-NN,1,train,2018,29MIBZ2,50.20989689708174,43.76088765412429,10
LSTM-NN,1,train,2018,2FACC,41.721913633258985,34.49908180522288,9
LSTM-NN,1,train,2018,2FADB,79.79879298616147,68.25917174314007,8
LSTM-NN,1,train,2018,2MA22,37.133538160777334,30.360544027829377,10
LSTM-NN,1,train,2018,2MCDB,37.64371986058109,29.992806508291086,10
LSTM-NN,1,train,2018,3IJI1,35.34444472423696,30.376189909648417,10
LSTM-NN,1,train,2018,4226,51.827160250645136,45.09213709944472,10
LSTM-NN,1,train,2018,4F-306 108,33.89637516715626,29.295011647552236,10
LSTM-NN,1,train,2018,4N506,44.34796365847091,36.56330047529518,10
LSTM-NN,1,train,2018,6F629,37.245992665388606,33.29183136179656,10
LSTM-NN,1,train,2018,6M502,43.68196699517555,35.17337196831268,10
LSTM-NN,1,train,2018,6M502A,39.68700973326332,32.083661528505964,10
LSTM-NN,1,train,2018,764,32.156483009241214,23.424874683942942,10
LSTM-NN,1,train,2018,78010,31.623317752123036,28.712473132127165,10
LSTM-NN,1,train,2018,78551S,29.645607269968814,25.5496741846709,8
LSTM-NN,1,train,2018,790,35.33823804993512,30.660382812145247,10
LSTM-NN,1,train,2018,793,44.05409924213097,36.804129504307596,10
LSTM-NN,1,train,2018,87916W,42.24012718211021,31.08578939306161,10
LSTM-NN,1,train,2018,911,41.66542062774072,36.148751397432,10
LSTM-NN,1,train,2018,912,48.38628216126265,37.28973373118403,10
LSTM-NN,1,train,2018,91IFC2,44.14805445856623,37.575779169685674,10
LSTM-NN,1,train,2018,A,48.404882718728196,33.954655451411156,10
LSTM-NN,1,train,2018,A208,39.15794133870812,30.705807086209063,10
LSTM-NN,1,train,2018,A239,33.038537819922595,29.56627915286601,10
LSTM-NN,1,train,2018,A258,34.6524320393061,32.099726723346144,10
LSTM-NN,1,train,2018,A272,36.857520048696465,33.67178369444713,9
LSTM-NN,1,train,2018,A305,45.31893771166295,40.54035383236822,10
LSTM-NN,1,train,2018,A321,31.77291955138933,26.867538845582306,10
LSTM-NN,1,train,2018,A322,59.039421487506196,47.94699543127459,10
LSTM-NN,1,train,2018,A334,31.3581760214016,25.582240503506092,10
LSTM-NN,1,train,2018,A340,31.99731193188238,28.113355299136696,10
LSTM-NN,1,train,2018,A374,48.34169110585481,41.33786178566292,10
LSTM-NN,1,train,2018,A385,41.13586069346599,31.64668620885256,10
LSTM-NN,1,train,2018,A427,66.88821028034512,57.8057991261904,10
LSTM-NN,1,train,2018,A548,39.41724398133377,33.19625470911357,10
LSTM-NN,1,train,2018,A556,37.34748035951279,28.024732009699346,10
LSTM-NN,1,train,2018,A572,63.82335430922952,52.11167426046351,10
LSTM-NN,1,train,2018,A619,37.739470501373646,29.34819272379729,10
LSTM-NN,1,train,2018,A627,31.120161675204056,25.916545384610743,10
LSTM-NN,1,train,2018,A632,34.70925848811102,30.01736808616564,8
LSTM-NN,1,train,2018,A634,36.548878821261994,30.092234845928147,10
LSTM-NN,1,train,2018,A635,48.68439534278446,41.23791965110718,10
LSTM-NN,1,train,2018,A641,58.696781405809055,47.06684078377157,10
LSTM-NN,1,train,2018,A648,30.43020059950911,25.710410842773914,8
LSTM-NN,1,train,2018,A649,60.32565656492927,50.967191461211,8
LSTM-NN,1,train,2018,A659,41.28759462595746,33.156428117269016,10
LSTM-NN,1,train,2018,A663,38.68054368710786,33.339953639844865,10
LSTM-NN,1,train,2018,A672,34.49437954382068,29.143061014500528,10
LSTM-NN,1,train,2018,A674,51.48082348552819,43.89236362657973,10
LSTM-NN,1,train,2018,A679,40.52739289854658,32.40609108691639,10
LSTM-NN,1,train,2018,A680,34.07273042169213,28.26014026944548,10
LSTM-NN,1,train,2018,A682,41.5690579122848,33.47309310810859,9
LSTM-NN,1,train,2018,A71,35.48325647754278,32.37373719394738,10
LSTM-NN,1,train,2018,A73,37.27776418789677,33.01563668412951,10
LSTM-NN,1,train,2018,AQA3,75.88738038805364,63.33370987420947,10
LSTM-NN,1,train,2018,AS6103,34.03558850150784,31.531932257228448,10
LSTM-NN,1,train,2018,AusTRCF 306238,62.37333541404418,51.731090514732145,8
LSTM-NN,1,train,2018,B-18 INBR.FR.SUPERGOLD,36.75279931475768,31.97478121724322,10
LSTM-NN,1,train,2018,B-28,35.40435295402198,28.908566316301613,10
LSTM-NN,1,train,2018,B103,31.39782836097658,27.73972621987715,10
LSTM-NN,1,train,2018,B104,46.4632386925776,34.587772500413955,8
LSTM-NN,1,train,2018,B105,35.138392316108394,29.411947851402907,10
LSTM-NN,1,train,2018,B107,36.89277234503621,28.397940508912303,9
LSTM-NN,1,train,2018,B108,36.39099484215417,29.868456576549185,10
LSTM-NN,1,train,2018,B110,53.74033350185736,44.98320563655468,10
LSTM-NN,1,train,2018,B111,44.69397758720037,36.82697962041057,10
LSTM-NN,1,train,2018,B114,37.23040818182404,35.53000321340168,9
LSTM-NN,1,train,2018,B115,51.785366838082176,42.1105152610007,8
LSTM-NN,1,train,2018,B119,41.89278862079707,32.22413464865273,10
LSTM-NN,1,train,2018,B120,46.458170807389,34.75726488355976,10
LSTM-NN,1,train,2018,B121,34.988501255249346,31.89824535055974,10
LSTM-NN,1,train,2018,B14,51.55193221695683,46.84257221174577,9
LSTM-NN,1,train,2018,B14A,35.71467276840228,26.892525600995775,10
LSTM-NN,1,train,2018,B164,34.98533063298445,31.638729361453773,10
LSTM-NN,1,train,2018,B2,52.93787161021786,47.58379281301153,10
LSTM-NN,1,train,2018,B37,51.92350941325042,43.57664926683184,10
LSTM-NN,1,train,2018,B46,59.99081829007171,52.40077739337337,10
LSTM-NN,1,train,2018,B57,30.74883204768663,26.245861841731983,10
LSTM-NN,1,train,2018,B65,49.69938715819579,40.61097305222663,10
LSTM-NN,1,train,2018,B66,56.40895343726798,37.83295554200471,10
LSTM-NN,1,train,2018,B68,71.14395664638185,61.51046677369257,9
LSTM-NN,1,train,2018,B70,51.599996436839746,34.992890130463685,8
LSTM-NN,1,train,2018,B75,33.49276704675149,27.013906711114302,9
LSTM-NN,1,train,2018,B76,34.45142865802332,28.272054363118354,10
LSTM-NN,1,train,2018,B77,51.466154640431604,39.26809329073249,10
LSTM-NN,1,train,2018,B79,44.247811586909975,34.002078765822056,9
LSTM-NN,1,train,2018,B84,44.11048452316146,32.740313538965594,10
LSTM-NN,1,train,2018,B85,41.26558162174161,34.21634457016047,10
LSTM-NN,1,train,2018,B87,28.122887659526846,25.608591736722623,10
LSTM-NN,1,train,2018,B88,42.38471516087001,30.089756435553788,10
LSTM-NN,1,train,2018,B91,32.51568656683701,30.27780219811043,10
LSTM-NN,1,train,2018,B97,54.4164324361591,46.9039780750707,10
LSTM-NN,1,train,2018,BEI 10 = NORTH 10,39.99291064503105,31.867386258011074,10
LSTM-NN,1,train,2018,BO9,54.96894153398884,51.99954696119092,10
LSTM-NN,1,train,2018,C103,52.97609776081952,47.538725586718364,9
LSTM-NN,1,train,2018,C123,48.2967467228602,41.85592749406909,9
LSTM-NN,1,train,2018,CA-4,45.99225379616215,39.55016291198708,10
LSTM-NN,1,train,2018,CG102,39.28231675440363,31.914915242344154,10
LSTM-NN,1,train,2018,CH157,51.86565661162747,43.9000715577795,10
LSTM-NN,1,train,2018,CH701-30,35.17615890228615,33.25437012545586,10
LSTM-NN,1,train,2018,CH711-10,40.00639643205174,35.77687157350306,10
LSTM-NN,1,train,2018,CH9,35.08912290181918,29.91764261296114,10
LSTM-NN,1,train,2018,CI 40H,42.71537502518415,36.07901315846649,10
LSTM-NN,1,train,2018,CM105,58.237722155553314,49.89286132684699,10
LSTM-NN,1,train,2018,CO257,47.03224852400872,42.412016147396855,10
LSTM-NN,1,train,2018,CO258,34.15938664450806,21.80052054974869,8
LSTM-NN,1,train,2018,CQ702RC,28.782586612020857,24.900587402145085,10
LSTM-NN,1,train,2018,CR 22 INBRED,40.411438706087395,36.50526716220179,10
LSTM-NN,1,train,2018,CS405,35.194660404391875,30.975748233085334,10
LSTM-NN,1,train,2018,DE2,44.75092429159408,33.13970316417878,10
LSTM-NN,1,train,2018,DE4,34.12048594487461,29.306117415191352,10
LSTM-NN,1,train,2018,DE811,61.678230525541316,49.10193705497355,9
LSTM-NN,1,train,2018,DJ7,35.18125505958896,28.44760674796826,10
LSTM-NN,1,train,2018,DK3IIH6,53.926240268604175,44.100679117416945,10
LSTM-NN,1,train,2018,DK4676A,64.7614877805392,52.954913397585734,10
LSTM-NN,1,train,2018,DK78002A,36.45393028279827,31.03297550079077,10
LSTM-NN,1,train,2018,DK78010,33.37714364100145,29.82740788436097,10
LSTM-NN,1,train,2018,DKFAPW,31.968336009009757,26.89750001529783,10
LSTM-NN,1,train,2018,DKFBHJ,37.10715423212688,32.710740730649604,10
LSTM-NN,1,train,2018,DKMBNA,58.194382344939356,48.667173853146494,10
LSTM-NN,1,train,2018,DKPB80,43.92084726585022,39.444972034019884,10
LSTM-NN,1,train,2018,E8501,41.51562245804547,32.786421029350564,10
LSTM-NN,1,train,2018,EAST 028,41.2253179057837,33.67612343760297,10
LSTM-NN,1,train,2018,Eng-Li Chih,39.24098567095381,33.475871658710716,10
LSTM-NN,1,train,2018,F118,33.79096979481146,26.12885656689415,10
LSTM-NN,1,train,2018,F2834T,42.15109505062412,31.89295099423224,10
LSTM-NN,1,train,2018,FBLA,36.12188205689911,27.605123156219783,10
LSTM-NN,1,train,2018,FR19,44.36882676176877,39.49684401957424,10
LSTM-NN,1,train,2018,G80,30.18275214013413,27.247680146027953,10
LSTM-NN,1,train,2018,H110,35.9904387247125,31.02375256916499,10
LSTM-NN,1,train,2018,H113,31.581404126676105,28.428275342532185,10
LSTM-NN,1,train,2018,H121,32.303433708769525,25.30862491043526,10
LSTM-NN,1,train,2018,H122w,35.77963429988684,30.391215130002603,10
LSTM-NN,1,train,2018,H42,35.085324784197766,27.183025792363015,10
LSTM-NN,1,train,2018,H5,38.886383055562,35.613754572795195,10
LSTM-NN,1,train,2018,H71,32.291080407746136,24.90257612528497,10
LSTM-NN,1,train,2018,H84,38.0752632775857,27.109323465186016,10
LSTM-NN,1,train,2018,H91,37.99381030100936,29.263724771012306,10
LSTM-NN,1,train,2018,H95,30.63462500457821,22.518434181736406,9
LSTM-NN,1,train,2018,H96,69.69167860876685,61.871191090183466,9
LSTM-NN,1,train,2018,H99,41.764330531105,35.00124381023214,10
LSTM-NN,1,train,2018,HP301,78.55694158807378,65.22629173866913,10
LSTM-NN,1,train,2018,HUANYAO,66.56434943252401,63.71049536725983,9
LSTM-NN,1,train,2018,I29,58.51385147166097,46.84414419211614,10
LSTM-NN,1,train,2018,IA2132,57.336248975724985,49.20714378885917,10
LSTM-NN,1,train,2018,IBB14,101.11205002544685,82.96855327947718,10
LSTM-NN,1,train,2018,IBB15,38.072199251546344,31.370927786146893,10
LSTM-NN,1,train,2018,IBC2,36.50098459930819,31.153142402324125,10
LSTM-NN,1,train,2018,ICI 193,33.83251817405203,28.555072733026833,10
LSTM-NN,1,train,2018,ICI 740,37.550107470628056,33.96016679489645,10
LSTM-NN,1,train,2018,ICI 893,28.72462672066772,24.897735617472186,10
LSTM-NN,1,train,2018,ICI 986,30.368730622516896,26.526370523837954,10
LSTM-NN,1,train,2018,IDS28,45.60477901073776,36.2577662667971,10
LSTM-NN,1,train,2018,IDS69,28.569331565834418,21.223801264992268,10
LSTM-NN,1,train,2018,IDS91,58.64404357812477,46.83459139946571,9
LSTM-NN,1,train,2018,INB 101LFY/LFY (A632 X M16 S5),27.679351754933272,21.952373766643973,10
LSTM-NN,1,train,2018,INBRED 141,50.24835102236621,43.857245590897946,10
LSTM-NN,1,train,2018,INBRED 2-687,40.78080643463124,32.78158392440612,9
LSTM-NN,1,train,2018,INBRED 305,36.93799545774048,26.977751705606863,10
LSTM-NN,1,train,2018,INBRED 309,35.10751094291913,27.672002261764803,9
LSTM-NN,1,train,2018,INBRED 321,34.659119493444834,26.698515623858746,10
LSTM-NN,1,train,2018,Ia 453,39.58062433997814,33.55909568211365,10
LSTM-NN,1,train,2018,J47,60.65748637938201,52.275245109686104,10
LSTM-NN,1,train,2018,K150,51.19318186534401,43.66327145248067,10
LSTM-NN,1,train,2018,K41,43.691122326438716,35.21727114194763,10
LSTM-NN,1,train,2018,K47,49.59344477758709,35.04219052497232,10
LSTM-NN,1,train,2018,K55,23.303749579213985,19.83140705409059,10
LSTM-NN,1,train,2018,KUNG-70,31.688148958953956,27.088184159241557,10
LSTM-NN,1,train,2018,L 127,52.33648203091371,46.347420187919234,10
LSTM-NN,1,train,2018,L 135,46.52617299659863,39.95515901619619,10
LSTM-NN,1,train,2018,L 139,36.47522673959936,29.450385855760214,10
LSTM-NN,1,train,2018,L 155,36.96141257576551,28.546012704672666,10
LSTM-NN,1,train,2018,L 289,38.189693012839484,32.86951114626422,10
LSTM-NN,1,train,2018,LH1,23.536292674656472,19.181391722916572,10
LSTM-NN,1,train,2018,LH119,45.575763632624486,41.61143306904388,10
LSTM-NN,1,train,2018,LH128,32.12728275499697,27.761104342017795,10
LSTM-NN,1,train,2018,LH143 (Maintainer),47.45020505571513,37.785929277167824,10
LSTM-NN,1,train,2018,LH145,31.933880873608945,27.25627528464566,9
LSTM-NN,1,train,2018,LH146Ht,49.29791484852817,41.339120050532884,10
LSTM-NN,1,train,2018,LH149,56.89033511020218,49.33336482757884,10
LSTM-NN,1,train,2018,LH165,32.97484394638895,27.70576349419767,10
LSTM-NN,1,train,2018,LH166,46.64881148310284,40.70446486883949,10
LSTM-NN,1,train,2018,LH172,38.02268327663088,32.10428968018482,9
LSTM-NN,1,train,2018,LH184,29.6481348215552,23.59585991266984,10
LSTM-NN,1,train,2018,LH185,31.906753788419504,26.02838137663295,9
LSTM-NN,1,train,2018,LH190,35.5908958367187,31.454176245040564,10
LSTM-NN,1,train,2018,LH191,42.59812999022546,41.025245194528075,10
LSTM-NN,1,train,2018,LH192,32.68719975823643,28.4190621851027,10
LSTM-NN,1,train,2018,LH194,43.698872469308135,29.68265254401361,9
LSTM-NN,1,train,2018,LH195,34.999205727563655,26.816183263398976,10
LSTM-NN,1,train,2018,LH197,45.297422465143875,41.05641250006664,10
LSTM-NN,1,train,2018,LH198,37.9060327235739,28.127070451380554,10
LSTM-NN,1,train,2018,LH199,36.10729110114931,32.0455968984472,10
LSTM-NN,1,train,2018,LH202,40.05619173239472,34.67360102132348,10
LSTM-NN,1,train,2018,LH204,28.12216807624396,21.64852039410241,10
LSTM-NN,1,train,2018,LH205,43.48464956828234,35.6847091923895,9
LSTM-NN,1,train,2018,LH206,42.2097543954845,31.663173323166223,10
LSTM-NN,1,train,2018,LH208,36.574465964849736,23.38806571230179,10
LSTM-NN,1,train,2018,LH209,32.77926548359191,28.162246480627033,10
LSTM-NN,1,train,2018,LH213,47.01735845492989,36.24411993213531,9
LSTM-NN,1,train,2018,LH214,39.014350322204486,28.245872549304305,10
LSTM-NN,1,train,2018,LH215,54.10981250440944,49.55962411378451,10
LSTM-NN,1,train,2018,LH222,37.6756286995705,29.676759174256016,10
LSTM-NN,1,train,2018,LH223,66.22944344041814,55.63547304814406,10
LSTM-NN,1,train,2018,LH224,53.928781529943905,43.92360116152872,9
LSTM-NN,1,train,2018,LH295,53.86941404920984,45.63434402288322,10
LSTM-NN,1,train,2018,LH59,37.69830929988871,32.36769934708822,10
LSTM-NN,1,train,2018,LH60,57.201459720288426,49.54760739105051,10
LSTM-NN,1,train,2018,LH61,50.91544562494071,43.599187260266405,8
LSTM-NN,1,train,2018,LH74,31.828735707575785,29.09645308526516,10
LSTM-NN,1,train,2018,LH82,26.47466288324431,23.83970395543331,10
LSTM-NN,1,train,2018,LH93,39.36913305208155,28.545339588354352,10
LSTM-NN,1,train,2018,LIBC 4,41.863326189317284,34.385268095081805,10
LSTM-NN,1,train,2018,LP1 NR HT,33.4622359374801,30.3167810413295,10
LSTM-NN,1,train,2018,LP5,50.74668880987273,41.18156652235723,10
LSTM-NN,1,train,2018,Lp215D,43.45948810578467,35.48152663883798,10
LSTM-NN,1,train,2018,M14,28.421573272403105,23.470400283841702,10
LSTM-NN,1,train,2018,MBPM,37.16333230330587,27.742816820746242,10
LSTM-NN,1,train,2018,MBWZ,34.53653017527707,28.131844820465062,10
LSTM-NN,1,train,2018,MEF156-55-2,47.42936199161603,37.51387771840777,10
LSTM-NN,1,train,2018,ML606,35.87653691517265,27.465328691102563,10
LSTM-NN,1,train,2018,MM501D,47.93359842204666,40.47783676962689,8
LSTM-NN,1,train,2018,MQ305,46.891559794040965,37.33383360164961,10
LSTM-NN,1,train,2018,MS116,54.306970160327914,41.296316238496274,10
LSTM-NN,1,train,2018,MS132,43.827400905474555,38.19660256039274,10
LSTM-NN,1,train,2018,MS153,41.42717048123704,33.772702271212935,10
LSTM-NN,1,train,2018,MS200,52.11472331589775,42.73216428168902,9
LSTM-NN,1,train,2018,MS211,32.316565724047024,25.60150967989241,10
LSTM-NN,1,train,2018,MS221,31.36872300578278,29.20779747141436,10
LSTM-NN,1,train,2018,MS224,34.573280234847815,30.368147700935303,10
LSTM-NN,1,train,2018,MS225,42.14387978045284,35.55811137650295,10
LSTM-NN,1,train,2018,MS226,39.61022807025483,29.992885027668002,10
LSTM-NN,1,train,2018,MS24A,45.57307201093137,35.50078604102799,10
LSTM-NN,1,train,2018,MS67,45.88448846952809,38.619168434058665,10
LSTM-NN,1,train,2018,MS71,43.92696875325419,32.53891524684772,10
LSTM-NN,1,train,2018,MS72,46.290578085861,34.21947426781476,10
LSTM-NN,1,train,2018,Mo46,45.67179050068304,30.262530993816107,8
LSTM-NN,1,train,2018,Mo47,31.320006958915226,27.06447261063829,8
LSTM-NN,1,train,2018,Mo5,63.98581926594137,55.92331281188145,9
LSTM-NN,1,train,2018,N192,34.703628386781965,29.55303772333601,10
LSTM-NN,1,train,2018,N193,42.292476613075884,35.22763895776633,10
LSTM-NN,1,train,2018,N201,43.06801810572747,35.98224144738293,10
LSTM-NN,1,train,2018,N211,44.757127838392485,37.70877828773072,10
LSTM-NN,1,train,2018,N217,60.740596476277524,55.556993745430205,10
LSTM-NN,1,train,2018,N28Ht,67.46924379280276,58.040085308201654,10
LSTM-NN,1,train,2018,N501,39.92888036711445,35.61545430553124,9
LSTM-NN,1,train,2018,N523,54.55920337274253,44.9936451298129,10
LSTM-NN,1,train,2018,N527,34.3103673453352,29.132933643910736,10
LSTM-NN,1,train,2018,N534,53.038740661714115,46.34862534632264,10
LSTM-NN,1,train,2018,N542,64.81614586018063,54.154817518874566,9
LSTM-NN,1,train,2018,N6,32.374192031353125,29.63566095947322,10
LSTM-NN,1,train,2018,NC262,43.81829848453505,40.063688759618415,10
LSTM-NN,1,train,2018,NC294,44.64469379418795,28.689009196496755,10
LSTM-NN,1,train,2018,NC310,32.98568586735904,30.313535356545838,10
LSTM-NN,1,train,2018,NC326,40.051015279175836,35.99059903682989,10
LSTM-NN,1,train,2018,NC328,36.77201157975844,27.74035698134485,10
LSTM-NN,1,train,2018,NC368,49.044500008956696,39.138808439681725,9
LSTM-NN,1,train,2018,NC412,32.50606901083563,21.766540719225684,10
LSTM-NN,1,train,2018,ND247,34.31592685672381,28.432512782433452,10
LSTM-NN,1,train,2018,ND265,43.51571936174826,34.6300015897083,10
LSTM-NN,1,train,2018,NK740,64.71317460274686,57.07265099744556,10
LSTM-NN,1,train,2018,NK778,55.67066259514257,45.58107642690058,9
LSTM-NN,1,train,2018,NK807,48.15858536648974,39.4855180067119,10
LSTM-NN,1,train,2018,NKS8326,50.109694202475985,42.70604628975673,10
LSTM-NN,1,train,2018,NORTH 7,51.25097999325701,43.13956643101917,10
LSTM-NN,1,train,2018,NQ508,41.660541682533236,34.47549337529223,10
LSTM-NN,1,train,2018,NS501,42.19410475830991,32.997449221667445,9
LSTM-NN,1,train,2018,NS701,52.8949296037847,44.80343307955031,10
LSTM-NN,1,train,2018,NY 166 (Neveh Yaar),29.411465780125685,25.38628676453215,10
LSTM-NN,1,train,2018,NY6371,35.5956966213942,28.42477031574011,8
LSTM-NN,1,train,2018,Ny821,39.54401536510988,34.064932495324726,10
LSTM-NN,1,train,2018,OH33,48.97864003092615,41.132731814001055,9
LSTM-NN,1,train,2018,OQ403,48.666891207895176,38.69737373346966,10
LSTM-NN,1,train,2018,OQ603,42.546716268475876,36.72473566262689,10
LSTM-NN,1,train,2018,OS602,33.80920362986865,28.057360557584303,10
LSTM-NN,1,train,2018,Oh40B,44.67615086232783,34.28994361666328,10
LSTM-NN,1,train,2018,Oh43,44.865614194045946,33.35511081184906,10
LSTM-NN,1,train,2018,Oh7,81.47750730233382,73.90628171105838,9
LSTM-NN,1,train,2018,Os420,38.26745273559201,34.31384348144853,10
LSTM-NN,1,train,2018,Os426,46.322793724837936,36.3273025057058,10
LSTM-NN,1,train,2018,PHB09,36.90792244400353,31.476430786782505,10
LSTM-NN,1,train,2018,PHB47,35.56619264958532,29.427494036419716,10
LSTM-NN,1,train,2018,PHBA6,55.01285731635349,45.62439421685949,10
LSTM-NN,1,train,2018,PHBB3,40.475282578148324,28.743024663299025,10
LSTM-NN,1,train,2018,PHBW8,72.27471391055718,60.47471607992636,10
LSTM-NN,1,train,2018,PHG29,31.59017554183693,29.033309496541186,10
LSTM-NN,1,train,2018,PHG47,67.90037888637795,54.602826928727566,10
LSTM-NN,1,train,2018,PHG50,30.279366960157905,26.485203238068003,10
LSTM-NN,1,train,2018,PHG71,39.544193641447016,34.479771541011395,10
LSTM-NN,1,train,2018,PHG72,49.43785462176617,43.9070457726439,10
LSTM-NN,1,train,2018,PHG80,43.23926825027866,33.51407964364851,10
LSTM-NN,1,train,2018,PHG83,55.53097819342929,49.723814321245776,10
LSTM-NN,1,train,2018,PHG86,35.01249598132874,28.867454091837466,10
LSTM-NN,1,train,2018,PHGW7,49.0254588229087,41.226613512443976,10
LSTM-NN,1,train,2018,PHH93,35.089369186837104,30.994077457594425,10
LSTM-NN,1,train,2018,PHHV4,35.42569478333995,30.439930701766137,10
LSTM-NN,1,train,2018,PHJ70,42.78163310117849,34.4793623279931,10
LSTM-NN,1,train,2018,PHJ89,33.18501355652449,28.277895422825395,10
LSTM-NN,1,train,2018,PHJ90,36.02379523186783,31.951790352713584,10
LSTM-NN,1,train,2018,PHJR5,44.895283789875215,37.26497015325267,10
LSTM-NN,1,train,2018,PHK35,43.21580248212616,35.185411171698156,10
LSTM-NN,1,train,2018,PHK42,36.63287408222022,31.037758992458492,10
LSTM-NN,1,train,2018,PHK56,40.21745459119859,33.0175719749963,10
LSTM-NN,1,train,2018,PHK74,35.26911773345497,29.701974320056287,10
LSTM-NN,1,train,2018,PHKE6,39.59171851357377,32.57237883690298,10
LSTM-NN,1,train,2018,PHM10,42.10461192191675,34.83646324131453,10
LSTM-NN,1,train,2018,PHN11,36.05265385219523,30.781842514042143,10
LSTM-NN,1,train,2018,PHN29,37.35604222452462,29.910819934340072,9
LSTM-NN,1,train,2018,PHN66,26.50892414329188,18.297746384109377,10
LSTM-NN,1,train,2018,PHP02,36.23396016790991,30.52072616319582,10
LSTM-NN,1,train,2018,PHP55,39.79581621045961,32.22970105344383,10
LSTM-NN,1,train,2018,PHP76,38.621185977796216,29.648197995256748,10
LSTM-NN,1,train,2018,PHP85,34.25778528401996,30.225166522018746,10
LSTM-NN,1,train,2018,PHPR5,33.76272664502895,26.745595646775264,10
LSTM-NN,1,train,2018,PHR03,57.52715070853105,50.47035749730574,10
LSTM-NN,1,train,2018,PHR30,37.123724427822864,30.255529411202076,10
LSTM-NN,1,train,2018,PHR31,40.22362695241093,30.145359231834675,10
LSTM-NN,1,train,2018,PHR36,29.86091498990796,27.80807789859613,9
LSTM-NN,1,train,2018,PHR47,38.272360970856944,25.78948018113756,10
LSTM-NN,1,train,2018,PHR58,52.255962143933,37.09921525986754,10
LSTM-NN,1,train,2018,PHR63,29.7194672015036,22.458855025197565,8
LSTM-NN,1,train,2018,PHT10,44.01735862621709,35.39509895969546,10
LSTM-NN,1,train,2018,PHT47,55.85053896325392,51.929726944783056,10
LSTM-NN,1,train,2018,PHT55,65.16297490911866,52.23051103868375,9
LSTM-NN,1,train,2018,PHTM9,49.010361866256474,40.16809705026877,10
LSTM-NN,1,train,2018,PHV37,34.94584500671425,29.30250747869235,10
LSTM-NN,1,train,2018,PHV57,37.00987679462834,27.938471469313505,10
LSTM-NN,1,train,2018,PHV63,46.68541387608435,39.04625976061008,10
LSTM-NN,1,train,2018,PHVA9,38.282809682515264,33.283936091834434,10
LSTM-NN,1,train,2018,PHW03,38.712089146332154,36.9157286711736,10
LSTM-NN,1,train,2018,PHW17,49.23370968628015,44.032584246655496,10
LSTM-NN,1,train,2018,PHW20,35.62082809196094,27.143962891055793,8
LSTM-NN,1,train,2018,PHW30,44.55805106088263,37.39560782547239,10
LSTM-NN,1,train,2018,PHW52,31.674892701598413,25.73981850337322,9
LSTM-NN,1,train,2018,PHW53,25.491809496851555,21.474989638853252,10
LSTM-NN,1,train,2018,PHW79,43.79750140702819,30.597208163197493,9
LSTM-NN,1,train,2018,PHW80,61.165579631927436,46.6957112923117,10
LSTM-NN,1,train,2018,PHW86,45.95913024066785,39.965141077067706,10
LSTM-NN,1,train,2018,PHZ51,43.01691630185148,35.711429093810054,10
LSTM-NN,1,train,2018,Pa392,35.610444470504376,31.03037556457579,10
LSTM-NN,1,train,2018,Pa405,43.9255237194415,37.34945048668631,10
LSTM-NN,1,train,2018,Pa762,34.481440060914586,31.923579089941757,10
LSTM-NN,1,train,2018,Pa875,53.090856041439274,41.66182230901998,10
LSTM-NN,1,train,2018,Pa880,69.09713730868067,58.25856140189605,10
LSTM-NN,1,train,2018,Pa91,55.69255651867985,47.66117186702889,10
LSTM-NN,1,train,2018,Q381,39.41720520821508,30.336017962868038,10
LSTM-NN,1,train,2018,R168,30.471246745410696,25.315096405803462,10
LSTM-NN,1,train,2018,R181B,34.03474813352176,27.86521093580912,10
LSTM-NN,1,train,2018,R226,38.45095329936461,27.833252571983593,10
LSTM-NN,1,train,2018,R227,52.78515750753044,45.5563276912673,10
LSTM-NN,1,train,2018,R71,36.0760024718725,29.88384050990747,10
LSTM-NN,1,train,2018,R78,40.58309962254868,31.212484806108222,10
LSTM-NN,1,train,2018,S8326,43.243178551170814,35.47836647827191,10
LSTM-NN,1,train,2018,SD101,35.81387836953902,30.61067744010338,10
LSTM-NN,1,train,2018,SD102,37.373190252264614,31.24292588886193,10
LSTM-NN,1,train,2018,SD107,35.89135516370637,30.4362451781491,10
LSTM-NN,1,train,2018,SD40,31.242203628944104,27.84858600532767,10
LSTM-NN,1,train,2018,SD44,36.21825417012782,29.675132422185662,10
LSTM-NN,1,train,2018,SG 30A,26.038634717412027,18.890914012200817,10
LSTM-NN,1,train,2018,Seagull Seventeen,44.57211222803634,33.241245497571605,10
LSTM-NN,1,train,2018,T242,49.978457023344724,40.88771150101434,10
LSTM-NN,1,train,2018,TZU-CHIAO-HSI-WU 105,34.331827611766215,28.285790041174426,10
LSTM-NN,1,train,2018,Tr,37.930927014453914,32.202574726460966,10
LSTM-NN,1,train,2018,Va26,48.37238127867867,41.815253407004136,10
LSTM-NN,1,train,2018,Va35,28.266660625681883,22.44095391048628,10
LSTM-NN,1,train,2018,Va52,33.55604188445818,29.55155530356431,10
LSTM-NN,1,train,2018,Va59,35.629483502611265,27.122847549992628,9
LSTM-NN,1,train,2018,Va99,36.19757165072068,28.90291259535693,10
LSTM-NN,1,train,2018,VaW6,38.23102151335221,31.518423503429734,10
LSTM-NN,1,train,2018,W117Ht,62.13233645528483,52.12327753469414,10
LSTM-NN,1,train,2018,W153R,36.18850682508957,31.38979491725886,10
LSTM-NN,1,train,2018,W22,38.377740884059634,30.722219590824317,10
LSTM-NN,1,train,2018,W23,43.99835891091472,35.93335059169914,10
LSTM-NN,1,train,2018,W24,54.57486909503388,45.890651957861266,10
LSTM-NN,1,train,2018,W32,28.580004122397483,22.374529775678518,10
LSTM-NN,1,train,2018,W37A,48.6256238138057,44.58337991928338,10
LSTM-NN,1,train,2018,W552,50.92254275644425,43.52656758823254,10
LSTM-NN,1,train,2018,W603S,50.311403310937905,37.13828190795002,10
LSTM-NN,1,train,2018,W604S,44.847939395681585,39.77754916302578,10
LSTM-NN,1,train,2018,W605S,38.59127022655095,34.39080224502513,10
LSTM-NN,1,train,2018,W607S,38.454297752046116,31.998353320645986,10
LSTM-NN,1,train,2018,W610S,39.37740494652797,28.82230186623725,10
LSTM-NN,1,train,2018,W612S,62.07005627907022,53.30082415937335,10
LSTM-NN,1,train,2018,W614S,52.27772292921286,43.77381337711389,10
LSTM-NN,1,train,2018,W64A,51.01779628833023,40.53144302341086,10
LSTM-NN,1,train,2018,W701BC,48.71192896231865,39.769058970315726,10
LSTM-NN,1,train,2018,W809G,56.9984789682969,52.57113837676343,10
LSTM-NN,1,train,2018,W810G,44.76234232132178,33.65879183272925,10
LSTM-NN,1,train,2018,W812G,40.18828029037153,38.84848965015762,9
LSTM-NN,1,train,2018,W813G,29.790940305586126,25.58547511086729,10
LSTM-NN,1,train,2018,W814G,59.53653797595023,50.85529686926192,8
LSTM-NN,1,train,2018,W8304,37.1020102445499,34.05783186752156,10
LSTM-NN,1,train,2018,W9,45.32638137939182,37.96510984368315,10
LSTM-NN,1,train,2018,WIL900,35.16995324264601,30.749479824296458,10
LSTM-NN,1,train,2018,WR3,43.69079672784879,38.00326569957402,10
LSTM-NN,1,train,2018,WU-TAN-TZAO,56.41990161970146,50.619286546174436,9
LSTM-NN,1,train,2018,YE 4,39.76926708726628,30.998916336374492,10
LSTM-NN,1,train,2018,YING-55,48.2303906687097,37.61968844332346,10
LSTM-NN,1,train,2018,Yu796 NS,38.97369759087841,31.643437917616545,10
LSTM-NN,1,train,2018,ZS635,30.855546735607096,23.951940399897875,10
LSTM-NN,1,train,2019,1538,25.701617573345626,19.922873676395813,17
LSTM-NN,1,train,2019,2369,37.62923878548159,31.083216906047895,16
LSTM-NN,1,train,2019,29MIBZ2,35.21677555510358,26.29640150850561,17
LSTM-NN,1,train,2019,2FACC,29.456081394027464,20.440644476643996,17
LSTM-NN,1,train,2019,2FADB,39.595439153510334,31.80609583773991,17
LSTM-NN,1,train,2019,2MA22,31.618230748458572,25.750642201335715,17
LSTM-NN,1,train,2019,2MCDB,31.46197096831595,24.05977006171906,17
LSTM-NN,1,train,2019,3IJI1,28.745826522019748,20.616772235849247,17
LSTM-NN,1,train,2019,4226,44.763751736439744,34.23506899800651,17
LSTM-NN,1,train,2019,4F-306 108,33.9897064796078,26.32131909710646,17
LSTM-NN,1,train,2019,4N506,45.457616757401496,34.21575547360013,17
LSTM-NN,1,train,2019,6F629,35.66697976955798,26.91591684104123,16
LSTM-NN,1,train,2019,6M502,42.381105491174836,32.600815998599806,17
LSTM-NN,1,train,2019,6M502A,34.90985351956742,30.271424745842683,17
LSTM-NN,1,train,2019,764,24.236033455999063,17.83633689610491,17
LSTM-NN,1,train,2019,78010,29.46155846443675,23.474965523455634,17
LSTM-NN,1,train,2019,78551S,40.29311132138945,27.23528320705801,15
LSTM-NN,1,train,2019,790,38.567724832774466,28.12886188907596,17
LSTM-NN,1,train,2019,793,36.41627802885384,27.375334216080386,17
LSTM-NN,1,train,2019,87916W,35.96711554300875,28.560157883223404,17
LSTM-NN,1,train,2019,911,24.36331726148556,18.150725453202934,17
LSTM-NN,1,train,2019,912,28.948119644447225,19.977273403268185,17
LSTM-NN,1,train,2019,91IFC2,34.19100288372345,29.169022659751715,17
LSTM-NN,1,train,2019,A,49.08254385268034,39.51156317342869,17
LSTM-NN,1,train,2019,A208,40.473553132960866,28.89833721740997,17
LSTM-NN,1,train,2019,A239,33.21867932968471,26.809490277076655,17
LSTM-NN,1,train,2019,A258,33.63957963458624,26.6825271564595,16
LSTM-NN,1,train,2019,A272,34.996085844191256,25.74419621470334,17
LSTM-NN,1,train,2019,A305,34.38074700847669,27.740375341501817,17
LSTM-NN,1,train,2019,A321,24.01531089513759,18.738336144058117,17
LSTM-NN,1,train,2019,A322,37.54960517641814,30.20979879753599,16
LSTM-NN,1,train,2019,A334,25.893621633745987,21.267792737704404,17
LSTM-NN,1,train,2019,A340,35.653314159244474,25.876304826805374,17
LSTM-NN,1,train,2019,A374,44.89220669032436,33.679924378187934,16
LSTM-NN,1,train,2019,A385,41.7108244980774,32.04441335826618,17
LSTM-NN,1,train,2019,A427,50.29715469657295,39.89040450576685,17
LSTM-NN,1,train,2019,A548,25.056922231444005,19.359508071106074,17
LSTM-NN,1,train,2019,A556,28.072589238855308,20.462222452351277,17
LSTM-NN,1,train,2019,A572,31.160113332812703,25.229061764342617,17
LSTM-NN,1,train,2019,A619,31.12687938153822,23.730709094422984,17
LSTM-NN,1,train,2019,A627,32.618816906649265,26.58324388897708,17
LSTM-NN,1,train,2019,A632,33.23111525295703,27.082215843331742,17
LSTM-NN,1,train,2019,A634,30.014223890579597,24.21685941139606,17
LSTM-NN,1,train,2019,A635,22.530328103852327,17.53294622635001,17
LSTM-NN,1,train,2019,A641,58.30499693454358,46.51081684563172,17
LSTM-NN,1,train,2019,A648,30.376247031729584,24.20532950113293,17
LSTM-NN,1,train,2019,A649,37.26926559998856,27.525895720231027,16
LSTM-NN,1,train,2019,A659,42.181551271775405,32.232367511688906,17
LSTM-NN,1,train,2019,A663,36.54108813266716,31.96284651630649,16
LSTM-NN,1,train,2019,A672,37.81682928321444,30.460391678487586,17
LSTM-NN,1,train,2019,A674,40.53901416301606,28.804968536505363,17
LSTM-NN,1,train,2019,A679,41.23007898309016,32.75095244499336,17
LSTM-NN,1,train,2019,A680,39.88751650540906,31.402765316470703,16
LSTM-NN,1,train,2019,A682,30.057418851163025,24.120142972434305,17
LSTM-NN,1,train,2019,A71,46.09272708404269,37.81765790665457,16
LSTM-NN,1,train,2019,A73,34.93528400809786,30.044323486890768,16
LSTM-NN,1,train,2019,AQA3,53.95913223549415,41.7566410949576,16
LSTM-NN,1,train,2019,AS6103,35.64583535322891,25.970142477481325,17
LSTM-NN,1,train,2019,AusTRCF 306238,57.25500782186493,45.10075012122157,15
LSTM-NN,1,train,2019,B-18 INBR.FR.SUPERGOLD,29.829513045859375,23.629954187532427,17
LSTM-NN,1,train,2019,B-28,28.936949512240925,21.599054624025452,17
LSTM-NN,1,train,2019,B103,35.381583210546026,27.29565736350416,17
LSTM-NN,1,train,2019,B104,43.85343672518611,33.67335695674912,17
LSTM-NN,1,train,2019,B105,43.32508344650226,32.871725480852746,17
LSTM-NN,1,train,2019,B107,35.540587106027004,27.35493431850325,17
LSTM-NN,1,train,2019,B108,40.174982925113625,30.13295236534772,17
LSTM-NN,1,train,2019,B110,40.44058756845247,29.098759603940326,17
LSTM-NN,1,train,2019,B111,50.501655246172746,37.48583492636643,17
LSTM-NN,1,train,2019,B114,25.540118622208325,19.38087341013117,17
LSTM-NN,1,train,2019,B115,60.48987679071426,47.378905190310924,17
LSTM-NN,1,train,2019,B119,42.48420488453129,32.27188247915741,17
LSTM-NN,1,train,2019,B120,50.3444622720302,39.54209852926393,17
LSTM-NN,1,train,2019,B121,43.55666764460592,32.78332918275058,17
LSTM-NN,1,train,2019,B14,46.097156977127334,35.724706579264165,15
LSTM-NN,1,train,2019,B14A,39.96047762859446,33.12321440166732,17
LSTM-NN,1,train,2019,B164,43.354512813357886,32.83237581229221,17
LSTM-NN,1,train,2019,B2,67.1709895603742,49.73511070487777,17
LSTM-NN,1,train,2019,B37,45.91614997085043,35.339442692811296,17
LSTM-NN,1,train,2019,B46,42.94766114800877,31.37609092388911,16
LSTM-NN,1,train,2019,B57,44.3616212523565,32.191999506029866,17
LSTM-NN,1,train,2019,B65,35.52790197032144,26.553611783870224,17
LSTM-NN,1,train,2019,B66,49.63756442162641,39.98567877164754,17
LSTM-NN,1,train,2019,B68,49.842675401660635,39.24461914010869,17
LSTM-NN,1,train,2019,B70,37.46656202774032,26.185794595049558,17
LSTM-NN,1,train,2019,B75,50.473562188024985,34.92129821517047,16
LSTM-NN,1,train,2019,B76,38.25489924130247,32.37259100652829,17
LSTM-NN,1,train,2019,B77,42.28124692415233,35.325058525578555,17
LSTM-NN,1,train,2019,B79,45.98351208599086,34.276442883455054,17
LSTM-NN,1,train,2019,B84,37.23289693825654,29.37792751546054,17
LSTM-NN,1,train,2019,B85,32.506886502963646,24.880202874970752,17
LSTM-NN,1,train,2019,B87,34.86986344887868,27.471453854115307,17
LSTM-NN,1,train,2019,B88,31.44299839365387,24.620662124567495,17
LSTM-NN,1,train,2019,B91,37.01935240102842,29.157283275046375,17
LSTM-NN,1,train,2019,B97,54.73288365070355,39.096790937248485,17
LSTM-NN,1,train,2019,BEI 10 = NORTH 10,37.11945432626828,30.432534164961346,17
LSTM-NN,1,train,2019,BO9,33.201169884616675,24.867684429325276,17
LSTM-NN,1,train,2019,C103,35.00326546753223,23.702785940460824,17
LSTM-NN,1,train,2019,C123,18.95444177316839,15.11862295729979,17
LSTM-NN,1,train,2019,CA-4,33.43202885756071,23.89791512056913,17
LSTM-NN,1,train,2019,CG102,51.52339119370241,40.85960403637416,17
LSTM-NN,1,train,2019,CH157,36.95968369783513,30.86627189947757,16
LSTM-NN,1,train,2019,CH701-30,24.31051123305551,20.789193658148886,17
LSTM-NN,1,train,2019,CH711-10,31.813945485036527,22.326874052600118,16
LSTM-NN,1,train,2019,CH9,29.83917140477844,21.68296494932915,17
LSTM-NN,1,train,2019,CI 40H,43.81725156609779,36.04265079093574,17
LSTM-NN,1,train,2019,CM105,58.90602946502213,49.35209924043717,17
LSTM-NN,1,train,2019,CO257,31.799659494383057,24.489933626586954,16
LSTM-NN,1,train,2019,CO258,42.15972860330451,28.346685381483926,16
LSTM-NN,1,train,2019,CQ702RC,30.870770454458995,23.839023863021954,17
LSTM-NN,1,train,2019,CR 22 INBRED,41.03587617682335,31.62241779937164,17
LSTM-NN,1,train,2019,CS405,32.37191324474548,25.93397411816452,17
LSTM-NN,1,train,2019,DE2,36.17271514952095,27.5402371732677,17
LSTM-NN,1,train,2019,DE4,24.304229226223065,20.554171383331024,17
LSTM-NN,1,train,2019,DE811,57.64263253073878,44.61049993376448,16
LSTM-NN,1,train,2019,DJ7,42.724716884322696,34.06063802011331,17
LSTM-NN,1,train,2019,DK3IIH6,44.58181949135513,34.14201625362338,17
LSTM-NN,1,train,2019,DK4676A,48.677554073722575,36.12729121037264,17
LSTM-NN,1,train,2019,DK78002A,38.18662743587888,26.424492159325972,17
LSTM-NN,1,train,2019,DK78010,34.08256673507867,26.54488515143524,17
LSTM-NN,1,train,2019,DKFAPW,32.279285262680986,23.3640142133183,17
LSTM-NN,1,train,2019,DKFBHJ,48.87275935338235,38.3022978827143,17
LSTM-NN,1,train,2019,DKMBNA,44.65139693249266,33.368268834903986,17
LSTM-NN,1,train,2019,DKPB80,45.877403204467356,35.15716428102257,17
LSTM-NN,1,train,2019,E8501,27.52535267476673,23.361211318791977,17
LSTM-NN,1,train,2019,EAST 028,53.207565664353204,36.686380125655205,17
LSTM-NN,1,train,2019,Eng-Li Chih,41.351458287092065,30.286897681882547,17
LSTM-NN,1,train,2019,F118,40.56398972347311,31.57080122698209,17
LSTM-NN,1,train,2019,F2834T,32.81053365359571,27.091887123091198,17
LSTM-NN,1,train,2019,FBLA,32.656156889935794,26.585970698093018,17
LSTM-NN,1,train,2019,FR19,138.9261298955949,96.89114055073156,17
LSTM-NN,1,train,2019,G80,28.62732051230326,21.390022895415672,17
LSTM-NN,1,train,2019,H110,45.31652116406184,34.01268427987331,17
LSTM-NN,1,train,2019,H113,36.43384724452081,24.98905441304387,15
LSTM-NN,1,train,2019,H121,40.6505951659915,29.969042159862717,17
LSTM-NN,1,train,2019,H122w,33.10380049342989,24.43386362611871,17
LSTM-NN,1,train,2019,H42,23.904174052200734,16.70087883748317,16
LSTM-NN,1,train,2019,H5,37.12724382177718,28.978236097562867,17
LSTM-NN,1,train,2019,H71,36.88586651645065,27.747280523709232,17
LSTM-NN,1,train,2019,H84,31.896697676998766,23.97688104410293,17
LSTM-NN,1,train,2019,H91,38.077645196476574,28.766229563562476,17
LSTM-NN,1,train,2019,H95,34.34269386675997,23.26424467318174,15
LSTM-NN,1,train,2019,H96,68.73212544712493,54.38689940241648,15
LSTM-NN,1,train,2019,H99,25.21634680679202,18.82528202809019,17
LSTM-NN,1,train,2019,HP301,43.22983597978334,33.64525633404635,17
LSTM-NN,1,train,2019,HUANYAO,43.51551724619957,30.167385804821805,17
LSTM-NN,1,train,2019,I29,45.148685032383675,34.40900733724125,16
LSTM-NN,1,train,2019,IA2132,45.44624953187576,32.61986322406982,17
LSTM-NN,1,train,2019,IBB14,38.6698487241794,26.250943446386753,17
LSTM-NN,1,train,2019,IBB15,26.910352466551032,20.685473145111292,17
LSTM-NN,1,train,2019,IBC2,45.4948612771016,33.104279399782,16
LSTM-NN,1,train,2019,ICI 193,37.01886171529169,30.74345978180664,17
LSTM-NN,1,train,2019,ICI 740,36.207559947307594,29.957583352086377,17
LSTM-NN,1,train,2019,ICI 893,24.583949666385067,19.997834670909675,17
LSTM-NN,1,train,2019,ICI 986,34.92090127060809,27.286814494793596,17
LSTM-NN,1,train,2019,IDS28,47.315970237677654,35.926694038214386,17
LSTM-NN,1,train,2019,IDS69,17.559298142327695,14.215479301885303,16
LSTM-NN,1,train,2019,IDS91,45.853875728952325,36.92385064499454,17
LSTM-NN,1,train,2019,INB 101LFY/LFY (A632 X M16 S5),39.20312205403342,28.66034128710695,17
LSTM-NN,1,train,2019,INBRED 141,58.90172521962016,46.2998317981931,15
LSTM-NN,1,train,2019,INBRED 2-687,33.811319439385564,25.527984476484374,17
LSTM-NN,1,train,2019,INBRED 305,22.389150107013418,18.016800876880566,16
LSTM-NN,1,train,2019,INBRED 309,29.1429596085932,21.992199726040532,17
LSTM-NN,1,train,2019,INBRED 321,49.04883480599552,38.25527467151524,15
LSTM-NN,1,train,2019,Ia 453,29.983424451649434,24.804666161129905,17
LSTM-NN,1,train,2019,J47,51.04323964439195,36.19866373328919,17
LSTM-NN,1,train,2019,K150,45.74569234511231,36.9944628887599,17
LSTM-NN,1,train,2019,K41,34.46845444248063,25.054817933560873,17
LSTM-NN,1,train,2019,K47,58.3733935161928,41.96651080518348,16
LSTM-NN,1,train,2019,K55,38.3136125285557,25.636984397078663,17
LSTM-NN,1,train,2019,KUNG-70,26.724675807833382,20.61417939071785,17
LSTM-NN,1,train,2019,L 127,54.548574125708896,43.20229471222598,17
LSTM-NN,1,train,2019,L 135,40.46638899216126,31.130595765433636,17
LSTM-NN,1,train,2019,L 139,36.25932659778244,29.41981569612012,17
LSTM-NN,1,train,2019,L 155,33.66356111050861,25.84611367600051,17
LSTM-NN,1,train,2019,L 289,56.00865139545916,39.109256103941604,17
LSTM-NN,1,train,2019,LH1,24.544463559565,19.963676729615525,17
LSTM-NN,1,train,2019,LH119,39.36706826712079,29.40778180386043,16
LSTM-NN,1,train,2019,LH128,40.66968837181022,30.675962631896375,17
LSTM-NN,1,train,2019,LH143 (Maintainer),39.29901775753791,33.897145805258184,17
LSTM-NN,1,train,2019,LH145,33.370270468368396,26.266622598803387,17
LSTM-NN,1,train,2019,LH146Ht,38.46911496205591,28.765243855031017,16
LSTM-NN,1,train,2019,LH149,42.641390171486805,34.050056206890986,17
LSTM-NN,1,train,2019,LH165,32.01408168894346,25.261406113096424,17
LSTM-NN,1,train,2019,LH166,33.59404552089638,26.317994331169153,16
LSTM-NN,1,train,2019,LH172,28.798321570202674,21.25332235151952,16
LSTM-NN,1,train,2019,LH184,34.47385505508997,24.97101780752915,17
LSTM-NN,1,train,2019,LH185,42.72737493443899,33.21916803168592,15
LSTM-NN,1,train,2019,LH190,37.227435432551204,27.324976406853153,17
LSTM-NN,1,train,2019,LH191,33.03622348793113,23.559423215730142,16
LSTM-NN,1,train,2019,LH192,41.11603035262134,32.61953550101751,17
LSTM-NN,1,train,2019,LH194,28.357198970130398,23.989571975565415,17
LSTM-NN,1,train,2019,LH195,35.3512157512292,24.997325535989606,17
LSTM-NN,1,train,2019,LH197,41.36666420803896,29.86923745817295,17
LSTM-NN,1,train,2019,LH198,35.99753266027554,27.53470325330547,17
LSTM-NN,1,train,2019,LH199,30.971644717858968,24.84605336631654,17
LSTM-NN,1,train,2019,LH202,35.66208365997529,27.978963281458977,17
LSTM-NN,1,train,2019,LH204,24.57013670603344,18.229460245741954,17
LSTM-NN,1,train,2019,LH205,42.02100782939973,26.859552943905896,17
LSTM-NN,1,train,2019,LH206,40.64685044984961,30.911934297398666,16
LSTM-NN,1,train,2019,LH208,46.3645231098971,36.544674013404126,16
LSTM-NN,1,train,2019,LH209,35.61313801200773,26.613699518034686,17
LSTM-NN,1,train,2019,LH213,48.27372706961216,30.64920166101719,16
LSTM-NN,1,train,2019,LH214,31.78964157989475,25.49676186049382,17
LSTM-NN,1,train,2019,LH215,57.132957259715035,49.03312953669987,15
LSTM-NN,1,train,2019,LH222,45.05168201999797,36.98116959849426,17
LSTM-NN,1,train,2019,LH223,50.349361201424685,39.866864689552955,16
LSTM-NN,1,train,2019,LH224,44.55280490073223,31.607249648166064,16
LSTM-NN,1,train,2019,LH295,32.120466150906836,23.83110503916327,17
LSTM-NN,1,train,2019,LH59,39.49802892254292,32.38972843070224,17
LSTM-NN,1,train,2019,LH60,40.92313602147199,32.3487963964216,17
LSTM-NN,1,train,2019,LH61,29.503536105682127,22.519055725593986,16
LSTM-NN,1,train,2019,LH74,31.332730854707656,22.540372205615782,17
LSTM-NN,1,train,2019,LH82,37.688049587742064,29.53655103065435,17
LSTM-NN,1,train,2019,LH93,35.63700825224655,30.42180209742731,17
LSTM-NN,1,train,2019,LIBC 4,36.58631344852048,28.628732877839035,17
LSTM-NN,1,train,2019,LP1 NR HT,40.032171274054626,30.4767930673502,17
LSTM-NN,1,train,2019,LP5,58.38421482863818,47.28459287423821,16
LSTM-NN,1,train,2019,Lp215D,41.03369346534845,32.37286152178462,17
LSTM-NN,1,train,2019,M14,28.808716245014512,22.332542319848706,17
LSTM-NN,1,train,2019,MBPM,33.742216333154445,26.04682718025979,17
LSTM-NN,1,train,2019,MBWZ,46.98676944204951,34.8390688120662,17
LSTM-NN,1,train,2019,MEF156-55-2,32.68292537663844,26.56874634825421,16
LSTM-NN,1,train,2019,ML606,37.327228033690304,28.929358024994627,17
LSTM-NN,1,train,2019,MM501D,54.51590071618099,32.024040291816135,17
LSTM-NN,1,train,2019,MQ305,36.10969819045908,31.19959887224271,16
LSTM-NN,1,train,2019,MS116,46.39597129843282,39.438283388590634,16
LSTM-NN,1,train,2019,MS132,33.22042377989663,27.68421587599418,17
LSTM-NN,1,train,2019,MS153,31.422096249214082,24.98066493927422,17
LSTM-NN,1,train,2019,MS200,47.38576515417463,37.002225804605104,17
LSTM-NN,1,train,2019,MS211,29.12317567067117,24.594245538391416,17
LSTM-NN,1,train,2019,MS221,34.55739782876646,27.309653725125003,17
LSTM-NN,1,train,2019,MS224,63.0112797334872,52.46018300362686,15
LSTM-NN,1,train,2019,MS225,37.02842408614193,28.892569291689338,17
LSTM-NN,1,train,2019,MS226,30.38277990599942,23.155252233361217,17
LSTM-NN,1,train,2019,MS24A,28.758833630007995,19.960891754449076,17
LSTM-NN,1,train,2019,MS67,78.63347919321838,57.243271119214945,16
LSTM-NN,1,train,2019,MS71,34.35708709935002,27.230139105042205,17
LSTM-NN,1,train,2019,MS72,39.48050837803149,28.556108491192855,17
LSTM-NN,1,train,2019,Mo46,35.27312495843324,27.879834029437323,16
LSTM-NN,1,train,2019,Mo47,32.99498911842447,26.07209980216731,17
LSTM-NN,1,train,2019,Mo5,43.92534483937669,30.311540239452547,16
LSTM-NN,1,train,2019,N192,28.428538273416354,22.102585570174455,17
LSTM-NN,1,train,2019,N193,27.391927214764195,20.751864469283646,17
LSTM-NN,1,train,2019,N201,42.286494738653936,32.40555266285606,17
LSTM-NN,1,train,2019,N211,42.91223379732616,29.0616153582011,17
LSTM-NN,1,train,2019,N217,61.37328478410251,46.948571283720554,17
LSTM-NN,1,train,2019,N28Ht,53.11926272929315,40.710005170776945,17
LSTM-NN,1,train,2019,N501,43.536997361012524,39.05979270554462,16
LSTM-NN,1,train,2019,N523,47.57594558601947,36.1229194615152,17
LSTM-NN,1,train,2019,N527,38.61778505533318,29.9765164494408,17
LSTM-NN,1,train,2019,N534,53.716411156752194,40.42905145609801,17
LSTM-NN,1,train,2019,N542,43.26317384621736,32.54811985664672,17
LSTM-NN,1,train,2019,N6,33.669246620156926,26.580298022873553,17
LSTM-NN,1,train,2019,NC262,30.769346615029647,24.798360223398394,16
LSTM-NN,1,train,2019,NC294,27.010030126659824,20.97030625746557,17
LSTM-NN,1,train,2019,NC310,37.56246820395532,30.365489119542538,17
LSTM-NN,1,train,2019,NC326,31.42688148018991,25.08921792995156,17
LSTM-NN,1,train,2019,NC328,40.95633748457217,30.204343095100498,17
LSTM-NN,1,train,2019,NC368,45.8312643763563,31.57070576087365,16
LSTM-NN,1,train,2019,NC412,31.98980772260505,27.056352642763525,15
LSTM-NN,1,train,2019,ND247,22.8059313375464,19.590468119670927,15
LSTM-NN,1,train,2019,ND265,36.80387913440621,29.336729661370796,17
LSTM-NN,1,train,2019,NK740,40.73319926882571,28.992290625234222,17
LSTM-NN,1,train,2019,NK778,30.544596102361307,21.07111789302483,16
LSTM-NN,1,train,2019,NK807,32.19373829028124,26.584515876052038,17
LSTM-NN,1,train,2019,NKS8326,42.446286448977,34.522008258011866,17
LSTM-NN,1,train,2019,NORTH 7,43.58505285254986,34.170706490343946,17
LSTM-NN,1,train,2019,NQ508,42.74497493341107,32.80276162654523,17
LSTM-NN,1,train,2019,NS501,23.548785839457732,18.454798400189542,17
LSTM-NN,1,train,2019,NS701,46.66956328148957,36.323431540670406,17
LSTM-NN,1,train,2019,NY 166 (Neveh Yaar),28.770293787021103,24.48414343342647,17
LSTM-NN,1,train,2019,NY6371,43.97013275613982,30.452520288228577,17
LSTM-NN,1,train,2019,Ny821,30.41701132475936,24.65200298916815,17
LSTM-NN,1,train,2019,OH33,49.36683020756606,35.94999361402628,17
LSTM-NN,1,train,2019,OQ403,37.9101329282995,27.220069957998202,17
LSTM-NN,1,train,2019,OQ603,45.50527864025444,33.548767384712136,17
LSTM-NN,1,train,2019,OS602,30.031734766507373,23.679519999383245,17
LSTM-NN,1,train,2019,Oh40B,38.12447370285967,29.817316160840022,17
LSTM-NN,1,train,2019,Oh43,21.10554863987619,17.501496312382827,17
LSTM-NN,1,train,2019,Oh7,89.36624265185065,69.31461660982788,15
LSTM-NN,1,train,2019,Os420,49.76431964331217,36.996455291597215,17
LSTM-NN,1,train,2019,Os426,49.413935297257694,30.001086574945845,17
LSTM-NN,1,train,2019,PHB09,27.237822931385363,20.663134315300113,17
LSTM-NN,1,train,2019,PHB47,33.7742724356569,26.406303146621017,17
LSTM-NN,1,train,2019,PHBA6,52.813331349267116,38.61235378774008,17
LSTM-NN,1,train,2019,PHBB3,35.11352294231211,26.83590705490364,17
LSTM-NN,1,train,2019,PHBW8,60.80204424024183,44.82207746758889,15
LSTM-NN,1,train,2019,PHG29,34.372549760401995,27.433937230662256,17
LSTM-NN,1,train,2019,PHG47,60.162001495771754,47.04154746356601,17
LSTM-NN,1,train,2019,PHG50,35.50701847294197,30.326158520247326,17
LSTM-NN,1,train,2019,PHG71,38.05637825784421,29.99322409645405,17
LSTM-NN,1,train,2019,PHG72,33.27383257859638,21.43961716742629,17
LSTM-NN,1,train,2019,PHG80,46.46584928262202,37.58641140626184,17
LSTM-NN,1,train,2019,PHG83,39.37254147291397,31.874073168999615,17
LSTM-NN,1,train,2019,PHG86,56.35317843891213,46.348396935572936,16
LSTM-NN,1,train,2019,PHGW7,35.94979932680145,26.62371366126816,17
LSTM-NN,1,train,2019,PHH93,26.393325393848624,22.01284723659053,17
LSTM-NN,1,train,2019,PHHV4,34.77663407198628,24.68751245266399,17
LSTM-NN,1,train,2019,PHJ70,49.493259271510006,37.47444453796417,17
LSTM-NN,1,train,2019,PHJ89,42.932953923493024,31.784696672329588,17
LSTM-NN,1,train,2019,PHJ90,25.899633832564223,21.31202943254432,16
LSTM-NN,1,train,2019,PHJR5,51.31309939911536,38.58322304140798,17
LSTM-NN,1,train,2019,PHK35,40.80557518736919,29.49802785663362,17
LSTM-NN,1,train,2019,PHK42,33.03326806684936,27.02780653391398,17
LSTM-NN,1,train,2019,PHK56,43.481192943572495,33.069336348565926,17
LSTM-NN,1,train,2019,PHK74,44.116497466097044,34.76938780006176,17
LSTM-NN,1,train,2019,PHKE6,26.679862126088054,20.607969326352958,17
LSTM-NN,1,train,2019,PHM10,42.95146380247914,33.6969449192645,16
LSTM-NN,1,train,2019,PHN11,27.89571572460073,21.6425007349144,17
LSTM-NN,1,train,2019,PHN29,38.622354418301,31.635856169374474,17
LSTM-NN,1,train,2019,PHN66,35.70987076407882,28.530174332275305,16
LSTM-NN,1,train,2019,PHP02,22.804684646946846,17.365190737051254,17
LSTM-NN,1,train,2019,PHP55,41.33173164879891,33.8456907945839,17
LSTM-NN,1,train,2019,PHP76,35.53102920389627,28.868754941539134,17
LSTM-NN,1,train,2019,PHP85,28.809119470433977,21.57065780484471,17
LSTM-NN,1,train,2019,PHPR5,33.0170422337922,26.23812265346698,16
LSTM-NN,1,train,2019,PHR03,52.648967904336274,39.917706135835076,17
LSTM-NN,1,train,2019,PHR30,33.674258697651275,26.588673359194576,17
LSTM-NN,1,train,2019,PHR31,43.465904620284725,32.855304447772085,17
LSTM-NN,1,train,2019,PHR36,34.789385565205286,26.789086546481357,17
LSTM-NN,1,train,2019,PHR47,47.65286175129069,36.3581690343097,17
LSTM-NN,1,train,2019,PHR58,32.031880747787135,25.653395512224844,16
LSTM-NN,1,train,2019,PHR63,28.636867270992187,24.561592440025173,17
LSTM-NN,1,train,2019,PHT10,41.65269176982396,32.98234274345782,17
LSTM-NN,1,train,2019,PHT47,43.50364039304073,32.82296124892373,17
LSTM-NN,1,train,2019,PHT55,50.98671103347997,40.185431913207914,17
LSTM-NN,1,train,2019,PHTM9,47.56590776049122,37.10474955354905,17
LSTM-NN,1,train,2019,PHV37,33.80021842627299,25.374856551071247,17
LSTM-NN,1,train,2019,PHV57,30.563232606665917,24.207666683953345,17
LSTM-NN,1,train,2019,PHV63,54.05743104309559,41.04626358791481,17
LSTM-NN,1,train,2019,PHVA9,33.72253797743394,27.39750123085274,17
LSTM-NN,1,train,2019,PHW03,47.94953010808843,34.55753861145666,17
LSTM-NN,1,train,2019,PHW17,36.70722095296381,31.505607529332472,17
LSTM-NN,1,train,2019,PHW20,33.62941572225902,25.13497075116658,17
LSTM-NN,1,train,2019,PHW30,55.84169710041456,47.32460806055784,15
LSTM-NN,1,train,2019,PHW52,29.257825130416084,21.63216174339223,17
LSTM-NN,1,train,2019,PHW53,36.52677578570375,25.587550417096036,16
LSTM-NN,1,train,2019,PHW79,55.47226143840733,40.959762966436784,15
LSTM-NN,1,train,2019,PHW80,32.03292989608393,24.680088471449203,17
LSTM-NN,1,train,2019,PHW86,38.4000467022667,29.714356118604513,17
LSTM-NN,1,train,2019,PHZ51,48.05588774308699,36.50311269935686,17
LSTM-NN,1,train,2019,Pa392,40.69115839654917,32.534495393612424,17
LSTM-NN,1,train,2019,Pa405,31.495231054037127,24.73483623637011,17
LSTM-NN,1,train,2019,Pa762,22.28922501708347,18.597808499228087,17
LSTM-NN,1,train,2019,Pa875,46.77742487277249,37.67502062852256,17
LSTM-NN,1,train,2019,Pa880,55.28702661040159,40.320650827892365,17
LSTM-NN,1,train,2019,Pa91,41.200243716848654,33.171533811839375,17
LSTM-NN,1,train,2019,Q381,45.307178586939344,35.854004106957746,17
LSTM-NN,1,train,2019,R168,34.69760676387273,28.345497750753847,17
LSTM-NN,1,train,2019,R181B,39.85495797108395,30.652770572243746,17
LSTM-NN,1,train,2019,R226,48.94098929123801,33.79205613813539,17
LSTM-NN,1,train,2019,R227,41.80471195386248,33.390239694972216,17
LSTM-NN,1,train,2019,R71,36.32095072773291,25.75837301565386,17
LSTM-NN,1,train,2019,R78,35.39680000030881,30.037085083645618,16
LSTM-NN,1,train,2019,S8326,45.83449130820518,32.09310242470917,15
LSTM-NN,1,train,2019,SD101,28.687886064620287,23.71576262342681,17
LSTM-NN,1,train,2019,SD102,40.91597091802642,33.1576584777668,17
LSTM-NN,1,train,2019,SD107,40.42480532545364,33.56841179441079,17
LSTM-NN,1,train,2019,SD40,29.542958981449246,23.118670195559975,17
LSTM-NN,1,train,2019,SD44,34.63600009696405,27.523239270954615,17
LSTM-NN,1,train,2019,SG 30A,31.35451098636656,21.988342272394135,17
LSTM-NN,1,train,2019,Seagull Seventeen,47.24855608156263,30.510559980901565,16
LSTM-NN,1,train,2019,T242,40.43849452948067,32.65160608283791,15
LSTM-NN,1,train,2019,TZU-CHIAO-HSI-WU 105,39.24067932030958,32.98805240730249,17
LSTM-NN,1,train,2019,Tr,35.65073205705681,28.009633942835112,17
LSTM-NN,1,train,2019,Va26,70.58517482589262,53.494376704123695,16
LSTM-NN,1,train,2019,Va35,33.22880028159941,24.229956834433946,17
LSTM-NN,1,train,2019,Va52,42.518017890025334,35.2662554633835,16
LSTM-NN,1,train,2019,Va59,32.286626749670724,24.680810995371544,17
LSTM-NN,1,train,2019,Va99,36.620964947474555,28.47580101130457,17
LSTM-NN,1,train,2019,VaW6,38.08026048737968,29.305590221874223,17
LSTM-NN,1,train,2019,W117Ht,43.87834322457545,32.736341794300344,16
LSTM-NN,1,train,2019,W153R,27.578961422307543,19.054708575528057,17
LSTM-NN,1,train,2019,W22,44.086555194494856,32.343250594103075,17
LSTM-NN,1,train,2019,W23,47.01138565529381,34.61591356145827,17
LSTM-NN,1,train,2019,W24,51.08161504023137,38.76755482497906,16
LSTM-NN,1,train,2019,W32,34.600713779168956,26.98252134091395,17
LSTM-NN,1,train,2019,W37A,29.733543168629833,23.786904833059104,15
LSTM-NN,1,train,2019,W552,45.13255039837429,33.974522751115565,17
LSTM-NN,1,train,2019,W603S,45.09776263224702,30.470383622157573,15
LSTM-NN,1,train,2019,W604S,38.188952548654576,29.662625705575742,17
LSTM-NN,1,train,2019,W605S,40.64707780043134,30.813830641253645,17
LSTM-NN,1,train,2019,W607S,40.763517995167796,30.151097298343885,17
LSTM-NN,1,train,2019,W610S,31.665038782954863,26.1074527467624,16
LSTM-NN,1,train,2019,W612S,50.548192563468376,39.99049668381829,17
LSTM-NN,1,train,2019,W614S,47.56130728408524,36.218820425864344,17
LSTM-NN,1,train,2019,W64A,26.625503189683855,18.944049437199638,17
LSTM-NN,1,train,2019,W701BC,41.30753733322122,29.067711390275857,17
LSTM-NN,1,train,2019,W809G,65.90956521766547,50.75398193446246,17
LSTM-NN,1,train,2019,W810G,39.41707489118879,32.21240611138878,17
LSTM-NN,1,train,2019,W812G,49.57396803891185,31.713165845763214,17
LSTM-NN,1,train,2019,W813G,28.740562492794815,24.081384259447912,17
LSTM-NN,1,train,2019,W814G,45.06955595372721,34.599980088287005,17
LSTM-NN,1,train,2019,W8304,35.348197377252845,27.374209033600792,17
LSTM-NN,1,train,2019,W9,26.444991523752403,18.605771211144653,17
LSTM-NN,1,train,2019,WIL900,45.893445840082784,34.13331779387184,17
LSTM-NN,1,train,2019,WR3,32.02890142860986,23.681288841436626,17
LSTM-NN,1,train,2019,WU-TAN-TZAO,41.936510569021316,31.967999146787694,16
LSTM-NN,1,train,2019,YE 4,43.57271713052118,29.69811619563171,17
LSTM-NN,1,train,2019,YING-55,59.117169934674045,45.052825090287556,17
LSTM-NN,1,train,2019,Yu796 NS,34.3475255670692,25.117716036637066,17
LSTM-NN,1,train,2019,ZS635,37.63078992359574,29.61828171018383,17
LSTM-NN,1,val,2020,1538,39.16099081262475,30.39266268847418,5
LSTM-NN,1,val,2020,2369,107.21696184303205,82.60275648091472,6
LSTM-NN,1,val,2020,29MIBZ2,30.673618698095517,27.06386195608869,7
LSTM-NN,1,val,2020,2FACC,52.53504441064065,41.40132005696386,7
LSTM-NN,1,val,2020,2FADB,29.647190481780775,19.48173816037059,7
LSTM-NN,1,val,2020,2MA22,42.257367548707386,27.91980042719677,7
LSTM-NN,1,val,2020,2MCDB,41.24639126149834,32.94114134382628,6
LSTM-NN,1,val,2020,3IJI1,24.129946142259662,20.53426876510218,7
LSTM-NN,1,val,2020,4226,25.090031923938017,20.432194040545824,7
LSTM-NN,1,val,2020,4F-306 108,25.43540516702041,20.270185806048364,7
LSTM-NN,1,val,2020,4N506,21.402466224957212,15.0487549898348,6
LSTM-NN,1,val,2020,6F629,38.91395653202569,30.938111805911955,7
LSTM-NN,1,val,2020,6M502,40.50721080110443,33.380746760071816,7
LSTM-NN,1,val,2020,6M502A,49.57494330859348,37.76318313989594,7
LSTM-NN,1,val,2020,764,22.684820528242426,17.564065980560482,7
LSTM-NN,1,val,2020,78010,25.912026288429477,18.951870601231455,7
LSTM-NN,1,val,2020,78551S,29.996402863141395,23.40989084101975,7
LSTM-NN,1,val,2020,790,28.21492120302461,22.657226993422956,7
LSTM-NN,1,val,2020,793,70.49916946512487,55.537474861600394,7
LSTM-NN,1,val,2020,87916W,30.585911707624643,23.271892221568823,7
LSTM-NN,1,val,2020,911,35.16699708183053,29.714239540095182,7
LSTM-NN,1,val,2020,912,45.82441035594461,35.17073116664842,7
LSTM-NN,1,val,2020,91IFC2,41.67052365588201,34.82757697645008,6
LSTM-NN,1,val,2020,A,28.405050195340127,24.084401611340045,7
LSTM-NN,1,val,2020,A208,36.91711847920778,30.828143254251028,7
LSTM-NN,1,val,2020,A239,41.42828843682285,27.791791501799224,7
LSTM-NN,1,val,2020,A258,44.052403675061306,37.415745369384,7
LSTM-NN,1,val,2020,A272,29.82613908835457,22.56219527545542,7
LSTM-NN,1,val,2020,A305,16.288050513610887,14.182046518002304,7
LSTM-NN,1,val,2020,A321,29.01086738890177,19.74991231873155,7
LSTM-NN,1,val,2020,A322,35.75395122695453,30.167950750629903,7
LSTM-NN,1,val,2020,A334,48.293764629520474,37.29937006476939,7
LSTM-NN,1,val,2020,A340,34.260891604142856,27.12455692246512,7
LSTM-NN,1,val,2020,A374,24.715344270534512,19.30119060268745,7
LSTM-NN,1,val,2020,A385,26.554407822009125,22.33537574162677,7
LSTM-NN,1,val,2020,A427,56.942183953429016,41.380611327638185,7
LSTM-NN,1,val,2020,A548,40.66229911024629,27.304033507496865,7
LSTM-NN,1,val,2020,A556,33.71883034785533,28.837014420912116,6
LSTM-NN,1,val,2020,A572,68.6632163340684,46.685521925391114,7
LSTM-NN,1,val,2020,A619,40.437807081428836,28.24196724590197,7
LSTM-NN,1,val,2020,A627,62.045656272997455,43.7327702701807,7
LSTM-NN,1,val,2020,A632,29.65608835203274,25.856237197144925,7
LSTM-NN,1,val,2020,A634,42.0004429187086,36.03976519904271,7
LSTM-NN,1,val,2020,A635,62.13397699959044,53.659421688323015,7
LSTM-NN,1,val,2020,A641,64.4776897669721,47.835867566845266,7
LSTM-NN,1,val,2020,A648,12.658521209975396,10.103975818237066,7
LSTM-NN,1,val,2020,A649,89.98704176295315,66.61900947546825,7
LSTM-NN,1,val,2020,A659,19.06168251857326,16.049726941819042,7
LSTM-NN,1,val,2020,A663,54.16103075334384,43.52733155803263,7
LSTM-NN,1,val,2020,A672,20.968805734322828,17.037213528259993,7
LSTM-NN,1,val,2020,A674,59.265802735334724,51.164200627209844,7
LSTM-NN,1,val,2020,A679,25.77904088650015,20.993718825176956,7
LSTM-NN,1,val,2020,A680,28.907861569773868,15.22473233501926,6
LSTM-NN,1,val,2020,A682,14.464424251620558,11.090751680975854,7
LSTM-NN,1,val,2020,A71,44.959244497333174,36.56724738884747,7
LSTM-NN,1,val,2020,A73,51.81840136636192,42.755122575907414,7
LSTM-NN,1,val,2020,AQA3,44.775425970775885,36.52087906705275,7
LSTM-NN,1,val,2020,AS6103,37.83339418964772,32.73636378624201,6
LSTM-NN,1,val,2020,AusTRCF 306238,53.121331949772035,42.754961068949555,7
LSTM-NN,1,val,2020,B-18 INBR.FR.SUPERGOLD,45.57698305965259,39.89258163270056,7
LSTM-NN,1,val,2020,B-28,23.687402875133458,19.52207347586051,7
LSTM-NN,1,val,2020,B103,12.06359677742464,8.54566965192452,7
LSTM-NN,1,val,2020,B104,30.948438940198788,23.306523129924688,7
LSTM-NN,1,val,2020,B105,62.58653328258235,51.224028560316334,6
LSTM-NN,1,val,2020,B107,29.226583460728882,24.04695340726107,6
LSTM-NN,1,val,2020,B108,27.928546318035767,19.29922878185928,7
LSTM-NN,1,val,2020,B110,59.29110924997035,48.61005559100166,7
LSTM-NN,1,val,2020,B111,71.51758582773213,55.6015428565751,7
LSTM-NN,1,val,2020,B114,44.36356099741284,37.78390210885585,6
LSTM-NN,1,val,2020,B115,45.98950651802311,35.77957004292548,7
LSTM-NN,1,val,2020,B119,30.83342680183977,19.438358415453138,7
LSTM-NN,1,val,2020,B120,14.288600568425588,11.116716135281772,7
LSTM-NN,1,val,2020,B121,52.77410722805218,39.208355311261116,7
LSTM-NN,1,val,2020,B14,80.40296436689607,67.33178893934554,6
LSTM-NN,1,val,2020,B14A,23.826883444865757,20.904069276157617,6
LSTM-NN,1,val,2020,B164,16.563088516506433,13.750992359921785,7
LSTM-NN,1,val,2020,B2,32.909688895179215,29.921510681329966,7
LSTM-NN,1,val,2020,B37,32.08811339650793,25.606344043924658,7
LSTM-NN,1,val,2020,B46,30.701310840981613,26.297869905819223,6
LSTM-NN,1,val,2020,B57,42.41970459736768,33.42837874581635,7
LSTM-NN,1,val,2020,B65,32.76312990802128,25.818711730371415,7
LSTM-NN,1,val,2020,B66,18.589332774146353,14.782999945057332,7
LSTM-NN,1,val,2020,B68,46.215138627226665,40.36585659528047,7
LSTM-NN,1,val,2020,B70,75.32768294831043,55.779075307419596,7
LSTM-NN,1,val,2020,B75,36.74259305839519,27.60786160675943,7
LSTM-NN,1,val,2020,B76,18.26824436461819,13.519462594353854,7
LSTM-NN,1,val,2020,B77,33.594307912997074,21.636507208696603,7
LSTM-NN,1,val,2020,B79,23.510284602005704,21.225929759139195,6
LSTM-NN,1,val,2020,B84,25.6123032410991,19.888910233394352,7
LSTM-NN,1,val,2020,B85,46.82771918930311,37.02131419395223,7
LSTM-NN,1,val,2020,B87,22.848878505428438,19.374013950354605,7
LSTM-NN,1,val,2020,B88,60.0756486265471,44.2312407836245,7
LSTM-NN,1,val,2020,B91,41.99331126038515,35.56631848987073,7
LSTM-NN,1,val,2020,B97,35.32870062569806,24.32735136168614,7
LSTM-NN,1,val,2020,BEI 10 = NORTH 10,22.693174475621106,17.188986782920807,7
LSTM-NN,1,val,2020,BO9,43.619252413612706,31.328506796798592,5
LSTM-NN,1,val,2020,C103,43.05830327150666,29.086622415834068,6
LSTM-NN,1,val,2020,C123,23.726701696877296,14.368481865359545,7
LSTM-NN,1,val,2020,CA-4,40.188364113020796,37.39253258405462,7
LSTM-NN,1,val,2020,CG102,27.472136344294434,24.244702154113053,7
LSTM-NN,1,val,2020,CH157,65.481568746125,51.31771741231487,7
LSTM-NN,1,val,2020,CH701-30,49.98025865637773,38.055719792818955,6
LSTM-NN,1,val,2020,CH711-10,23.344805099255918,19.325230471198704,7
LSTM-NN,1,val,2020,CH9,29.411871578292544,23.370542253917904,7
LSTM-NN,1,val,2020,CI 40H,32.57379141973488,24.206835366199016,6
LSTM-NN,1,val,2020,CM105,80.40507929585124,71.34289204347432,7
LSTM-NN,1,val,2020,CO257,38.846874796846116,28.818507523234786,7
LSTM-NN,1,val,2020,CO258,34.33737036787012,29.086498299055695,7
LSTM-NN,1,val,2020,CQ702RC,36.71630697714683,28.35227696355745,7
LSTM-NN,1,val,2020,CR 22 INBRED,55.317999813548795,47.77662858336675,5
LSTM-NN,1,val,2020,CS405,48.46960677922221,36.40157065024622,6
LSTM-NN,1,val,2020,DE2,46.502746729688525,42.74214337410092,6
LSTM-NN,1,val,2020,DE4,23.753853202910825,18.563250883655098,7
LSTM-NN,1,val,2020,DE811,44.77045700031852,32.866252537821005,6
LSTM-NN,1,val,2020,DJ7,26.008272627123358,20.315052625116703,7
LSTM-NN,1,val,2020,DK3IIH6,27.04149151086157,23.538799457914532,7
LSTM-NN,1,val,2020,DK4676A,40.915686732512555,33.373803745062574,6
LSTM-NN,1,val,2020,DK78002A,13.765903202243093,10.298085771439075,7
LSTM-NN,1,val,2020,DK78010,20.95488870559115,15.569097129244655,7
LSTM-NN,1,val,2020,DKFAPW,51.12433708132134,40.26797779356301,7
LSTM-NN,1,val,2020,DKFBHJ,21.283484646810354,18.979147125030757,7
LSTM-NN,1,val,2020,DKMBNA,56.159797659106886,43.523970910082994,5
LSTM-NN,1,val,2020,DKPB80,73.45422712235252,61.454260852613295,7
LSTM-NN,1,val,2020,E8501,41.42474756916712,37.25786572437317,6
LSTM-NN,1,val,2020,EAST 028,65.57244311657148,55.77137882599264,7
LSTM-NN,1,val,2020,Eng-Li Chih,51.47923786254415,42.03347737297788,7
LSTM-NN,1,val,2020,F118,26.70496992296448,17.972569671470225,7
LSTM-NN,1,val,2020,F2834T,55.45947895776966,40.59611897339523,7
LSTM-NN,1,val,2020,FBLA,37.26176962646734,31.235286470123828,7
LSTM-NN,1,val,2020,FR19,38.082680478693426,30.37824165308252,7
LSTM-NN,1,val,2020,G80,47.88781713633791,40.44658261337265,7
LSTM-NN,1,val,2020,H110,30.98588647802415,20.760810897931158,7
LSTM-NN,1,val,2020,H113,35.141904142404975,29.969239478161633,7
LSTM-NN,1,val,2020,H121,16.322780298114594,14.258533327529133,7
LSTM-NN,1,val,2020,H122w,59.08592364960796,46.96455940477923,7
LSTM-NN,1,val,2020,H42,52.156497061812324,39.88074360709824,6
LSTM-NN,1,val,2020,H5,46.265701428306464,38.91384946807623,7
LSTM-NN,1,val,2020,H71,28.149863190760385,22.171102143205033,6
LSTM-NN,1,val,2020,H84,58.27820976832674,44.006219701914496,7
LSTM-NN,1,val,2020,H91,20.47683531221938,18.152429311909227,7
LSTM-NN,1,val,2020,H95,43.92097543366398,35.30559971609473,7
LSTM-NN,1,val,2020,H96,30.302266459667013,18.16276668808803,7
LSTM-NN,1,val,2020,H99,48.70999053607592,37.24568459345163,7
LSTM-NN,1,val,2020,HP301,37.703841655237234,23.67817018835038,7
LSTM-NN,1,val,2020,HUANYAO,55.55929555057632,41.134722336834216,7
LSTM-NN,1,val,2020,I29,39.30624387408115,28.48475828191772,7
LSTM-NN,1,val,2020,IA2132,23.894236247861357,19.2769859691529,6
LSTM-NN,1,val,2020,IBB14,26.960677445115437,20.504408129977133,7
LSTM-NN,1,val,2020,IBB15,48.456501451274,38.84439868356943,7
LSTM-NN,1,val,2020,IBC2,34.40079960193148,30.54003671701312,7
LSTM-NN,1,val,2020,ICI 193,28.67495927262106,20.423477319200632,7
LSTM-NN,1,val,2020,ICI 740,30.005090750185698,27.893400695349094,5
LSTM-NN,1,val,2020,ICI 893,22.362949088645532,17.257599313735664,7
LSTM-NN,1,val,2020,ICI 986,21.926461448504156,15.87828521158129,7
LSTM-NN,1,val,2020,IDS28,46.4441249738209,40.92483962343648,7
LSTM-NN,1,val,2020,IDS69,36.02315280570733,27.067718109246787,7
LSTM-NN,1,val,2020,IDS91,25.627006019558245,18.8801061248298,7
LSTM-NN,1,val,2020,INB 101LFY/LFY (A632 X M16 S5),54.75609603369935,50.76866357128278,7
LSTM-NN,1,val,2020,INBRED 141,33.757998648181974,26.259307365789414,7
LSTM-NN,1,val,2020,INBRED 2-687,28.507185656058223,26.133692730619686,6
LSTM-NN,1,val,2020,INBRED 305,30.216022049853738,22.167058030700684,7
LSTM-NN,1,val,2020,INBRED 309,54.204575200712526,37.80505021157697,6
LSTM-NN,1,val,2020,INBRED 321,23.44056541725624,18.367520741057398,7
LSTM-NN,1,val,2020,Ia 453,51.505375379676785,43.554818459771276,7
LSTM-NN,1,val,2020,J47,39.1566055441859,25.40372030031011,7
LSTM-NN,1,val,2020,K150,32.87951956447451,25.867405380008968,7
LSTM-NN,1,val,2020,K41,28.169854844797094,23.936693956900836,7
LSTM-NN,1,val,2020,K47,37.93320845637726,30.99378097364009,7
LSTM-NN,1,val,2020,K55,28.72758306721568,20.930149314213395,7
LSTM-NN,1,val,2020,KUNG-70,16.735625762189578,12.801220208049417,7
LSTM-NN,1,val,2020,L 127,35.860452944999395,27.633145590827915,7
LSTM-NN,1,val,2020,L 135,35.774328396112516,29.689637422577885,7
LSTM-NN,1,val,2020,L 139,23.626238237859223,14.872927515660228,6
LSTM-NN,1,val,2020,L 155,51.67167691425996,36.12578696977615,7
LSTM-NN,1,val,2020,L 289,32.15698430307432,25.022568068704604,7
LSTM-NN,1,val,2020,LH1,38.762894204843796,32.249517584822776,7
LSTM-NN,1,val,2020,LH119,38.12760772685855,32.49396464895398,7
LSTM-NN,1,val,2020,LH128,43.21898465130564,33.32098546216071,7
LSTM-NN,1,val,2020,LH143 (Maintainer),14.577658787333952,13.57875496356167,6
LSTM-NN,1,val,2020,LH145,46.899401288438085,36.861851904871166,7
LSTM-NN,1,val,2020,LH146Ht,79.63250140239523,57.95831708152145,7
LSTM-NN,1,val,2020,LH149,51.908473360485615,42.071733965149,6
LSTM-NN,1,val,2020,LH165,45.09820014852727,39.16996568141818,6
LSTM-NN,1,val,2020,LH166,43.698735277543285,30.045047679202703,7
LSTM-NN,1,val,2020,LH172,44.88274152879115,36.829910296810716,7
LSTM-NN,1,val,2020,LH184,34.746794130385055,26.92688497286975,7
LSTM-NN,1,val,2020,LH185,24.427062058001496,19.111555835075677,7
LSTM-NN,1,val,2020,LH190,19.543175257579815,15.595905422497541,7
LSTM-NN,1,val,2020,LH191,25.830881154814143,23.11941894827798,7
LSTM-NN,1,val,2020,LH192,41.07514969655876,30.976341480256767,7
LSTM-NN,1,val,2020,LH194,41.72551255723374,27.603189075491578,7
LSTM-NN,1,val,2020,LH195,47.61231513485189,35.2505360830991,7
LSTM-NN,1,val,2020,LH197,45.358833770490996,37.74367896390438,7
LSTM-NN,1,val,2020,LH198,47.065426920531124,41.7011533025685,7
LSTM-NN,1,val,2020,LH199,36.97610891350035,31.88428519179538,7
LSTM-NN,1,val,2020,LH202,19.73009273044591,19.237096170838953,5
LSTM-NN,1,val,2020,LH204,10.581909579462561,8.973784104109258,7
LSTM-NN,1,val,2020,LH205,41.353057206392215,35.705689685744495,7
LSTM-NN,1,val,2020,LH206,25.0156404004593,19.602349880923036,7
LSTM-NN,1,val,2020,LH208,33.007376208712095,25.96660881804362,7
LSTM-NN,1,val,2020,LH209,41.71453493226358,29.299885759982764,7
LSTM-NN,1,val,2020,LH213,80.89325923103968,62.590517222824396,7
LSTM-NN,1,val,2020,LH214,43.657812275827816,32.83655674529225,7
LSTM-NN,1,val,2020,LH215,62.307583409561545,53.92821720630572,7
LSTM-NN,1,val,2020,LH222,62.805008489998464,42.32015129230142,7
LSTM-NN,1,val,2020,LH223,64.91196830050508,58.29588058658391,7
LSTM-NN,1,val,2020,LH224,42.12254613632087,33.765324925052376,6
LSTM-NN,1,val,2020,LH295,40.561414048317644,34.40806086923316,6
LSTM-NN,1,val,2020,LH59,35.319529210163076,29.967492224214077,7
LSTM-NN,1,val,2020,LH60,43.810427014906644,36.547773931758556,7
LSTM-NN,1,val,2020,LH61,29.90416974232715,21.28969079780638,7
LSTM-NN,1,val,2020,LH74,38.40852590152112,33.01538171723753,7
LSTM-NN,1,val,2020,LH82,40.76065248270851,31.19826274542689,7
LSTM-NN,1,val,2020,LH93,27.145594228790777,18.647872617128492,7
LSTM-NN,1,val,2020,LIBC 4,44.072687118534596,37.144663154905736,6
LSTM-NN,1,val,2020,LP1 NR HT,12.493630102118823,12.142359322314263,7
LSTM-NN,1,val,2020,LP5,74.76238370221661,58.85617196072997,7
LSTM-NN,1,val,2020,Lp215D,38.0026922803106,30.169631912392976,7
LSTM-NN,1,val,2020,M14,26.949219831649966,22.93546624678016,7
LSTM-NN,1,val,2020,MBPM,21.12878246246176,16.479432260810587,7
LSTM-NN,1,val,2020,MBWZ,19.465431490785924,15.71255812811181,7
LSTM-NN,1,val,2020,MEF156-55-2,40.99038494110815,26.158389254461525,7
LSTM-NN,1,val,2020,ML606,17.124443742858183,11.447028117567749,7
LSTM-NN,1,val,2020,MM501D,35.644575788990025,23.73466923188791,7
LSTM-NN,1,val,2020,MQ305,63.50908981065064,46.918713304329515,7
LSTM-NN,1,val,2020,MS116,33.703610800395296,22.775062221643182,6
LSTM-NN,1,val,2020,MS132,12.224268734396345,10.70121272350967,7
LSTM-NN,1,val,2020,MS153,32.26830763072882,26.33040386120446,6
LSTM-NN,1,val,2020,MS200,38.48645276725812,34.938997073834095,7
LSTM-NN,1,val,2020,MS211,22.381984432594113,18.972235371935067,7
LSTM-NN,1,val,2020,MS221,51.80293168098143,41.550159190983926,7
LSTM-NN,1,val,2020,MS224,49.45159953122753,36.36916864651099,7
LSTM-NN,1,val,2020,MS225,29.069236968214586,22.43076491591603,7
LSTM-NN,1,val,2020,MS226,33.0265208828737,26.293081868374493,7
LSTM-NN,1,val,2020,MS24A,79.75123530348309,61.22629959956959,7
LSTM-NN,1,val,2020,MS67,19.066240847810437,16.62125305645153,7
LSTM-NN,1,val,2020,MS71,42.01061170143087,34.621823007684945,7
LSTM-NN,1,val,2020,MS72,43.01409202438993,41.53575342195601,5
LSTM-NN,1,val,2020,Mo46,31.822887137985344,19.371077037086337,7
LSTM-NN,1,val,2020,Mo47,47.925046666071275,41.5488266422221,7
LSTM-NN,1,val,2020,Mo5,52.00321597636816,35.22659162936122,7
LSTM-NN,1,val,2020,N192,49.951534925315556,36.139956761779196,7
LSTM-NN,1,val,2020,N193,55.574319078463205,36.11596855687692,7
LSTM-NN,1,val,2020,N201,25.01667419613511,20.88182972151667,6
LSTM-NN,1,val,2020,N211,53.575582148780654,42.38379092924475,6
LSTM-NN,1,val,2020,N217,59.38368061150673,47.67370015257955,7
LSTM-NN,1,val,2020,N28Ht,28.325428134441786,20.0166040573208,7
LSTM-NN,1,val,2020,N501,77.12121870123708,67.828711949282,7
LSTM-NN,1,val,2020,N523,18.283050436663505,17.588133775346876,7
LSTM-NN,1,val,2020,N527,51.122058309981966,35.23314220263183,7
LSTM-NN,1,val,2020,N534,32.504064314882264,25.356528153398934,7
LSTM-NN,1,val,2020,N542,27.805073584810373,23.453775120641293,7
LSTM-NN,1,val,2020,N6,27.290858164615962,18.683375290706458,7
LSTM-NN,1,val,2020,NC262,26.029341244669055,23.17400318021715,7
LSTM-NN,1,val,2020,NC294,30.36008856007038,24.786487716603574,7
LSTM-NN,1,val,2020,NC310,25.960540848021175,22.36162644025281,7
LSTM-NN,1,val,2020,NC326,32.1209946910884,26.673666265718936,7
LSTM-NN,1,val,2020,NC328,20.882765423882468,17.358952531944738,6
LSTM-NN,1,val,2020,NC368,30.795603527149613,23.497952626151744,7
LSTM-NN,1,val,2020,NC412,24.796434404801904,21.118654929433912,7
LSTM-NN,1,val,2020,ND247,71.24121055917334,64.86289917519137,7
LSTM-NN,1,val,2020,ND265,44.04763666158427,35.29449902172893,7
LSTM-NN,1,val,2020,NK740,55.01614623759811,45.76609865302071,7
LSTM-NN,1,val,2020,NK778,47.64469166664831,38.128382021393186,7
LSTM-NN,1,val,2020,NK807,59.786141031783835,52.55797014510349,6
LSTM-NN,1,val,2020,NKS8326,28.380323628352695,25.627712996938303,6
LSTM-NN,1,val,2020,NORTH 7,54.39943437710499,46.11075931061655,6
LSTM-NN,1,val,2020,NQ508,24.466614005428127,16.412837868812083,7
LSTM-NN,1,val,2020,NS501,59.994641620937834,43.30979657981023,7
LSTM-NN,1,val,2020,NS701,57.214839871613776,48.19291057968959,7
LSTM-NN,1,val,2020,NY 166 (Neveh Yaar),23.33009640249479,16.82295895649001,7
LSTM-NN,1,val,2020,NY6371,19.958955724116386,16.893059026893674,7
LSTM-NN,1,val,2020,Ny821,39.075925712298,25.044662406714856,7
LSTM-NN,1,val,2020,OH33,28.374432253009175,26.56700457289882,6
LSTM-NN,1,val,2020,OQ403,32.178159235636144,25.094103084212243,7
LSTM-NN,1,val,2020,OQ603,29.629107361583223,25.8746876216881,7
LSTM-NN,1,val,2020,OS602,37.810023611875,29.0259862497814,7
LSTM-NN,1,val,2020,Oh40B,26.498747820769573,22.75495080431342,7
LSTM-NN,1,val,2020,Oh43,45.97244639269658,35.746885130508545,7
LSTM-NN,1,val,2020,Oh7,58.993857368424145,47.17895546967655,7
LSTM-NN,1,val,2020,Os420,42.40306153030188,39.335472364518466,5
LSTM-NN,1,val,2020,Os426,18.619452588531434,15.681057755198479,7
LSTM-NN,1,val,2020,PHB09,54.350982674788774,46.59011674003743,5
LSTM-NN,1,val,2020,PHB47,61.826431576588554,50.300844937426156,7
LSTM-NN,1,val,2020,PHBA6,20.786749014296923,17.719666531228423,7
LSTM-NN,1,val,2020,PHBB3,44.663561751395996,37.4418499205035,7
LSTM-NN,1,val,2020,PHBW8,87.77546496211885,62.58042466699093,7
LSTM-NN,1,val,2020,PHG29,54.10649892800754,49.13035346726544,5
LSTM-NN,1,val,2020,PHG47,47.54546784046726,39.3487118392092,7
LSTM-NN,1,val,2020,PHG50,25.823342256072173,19.245842121685445,7
LSTM-NN,1,val,2020,PHG71,44.39229346199345,36.209657951886356,7
LSTM-NN,1,val,2020,PHG72,47.38906977406807,38.94627745876193,7
LSTM-NN,1,val,2020,PHG80,52.54252824599463,41.58757527984648,7
LSTM-NN,1,val,2020,PHG83,62.814071642215815,51.7440934538725,7
LSTM-NN,1,val,2020,PHG86,16.25386850004235,14.268333122911603,7
LSTM-NN,1,val,2020,PHGW7,26.30080609205726,23.353227032458932,7
LSTM-NN,1,val,2020,PHH93,42.69410827661966,34.81955779139936,7
LSTM-NN,1,val,2020,PHHV4,20.35151203491693,19.3290843902548,5
LSTM-NN,1,val,2020,PHJ70,49.889956158592916,40.30149770160646,7
LSTM-NN,1,val,2020,PHJ89,25.886960960567222,21.941510538704396,7
LSTM-NN,1,val,2020,PHJ90,23.28985698738964,20.3703810922882,7
LSTM-NN,1,val,2020,PHJR5,45.316378716181795,30.468402563228757,7
LSTM-NN,1,val,2020,PHK35,32.50609654579706,21.95187615145028,6
LSTM-NN,1,val,2020,PHK42,44.8272993793171,27.506184366185813,7
LSTM-NN,1,val,2020,PHK56,14.819326669043017,13.462562033038287,6
LSTM-NN,1,val,2020,PHK74,15.571495209111307,12.98133816653341,7
LSTM-NN,1,val,2020,PHKE6,35.39388874375443,31.588699067200725,7
LSTM-NN,1,val,2020,PHM10,47.58969235106527,39.079169758804596,7
LSTM-NN,1,val,2020,PHN11,48.310441269280034,40.17052734987691,6
LSTM-NN,1,val,2020,PHN29,17.2062258824213,13.935013480793685,7
LSTM-NN,1,val,2020,PHN66,21.98670298410572,19.89496387411356,6
LSTM-NN,1,val,2020,PHP02,37.760671182135695,28.394089113564043,7
LSTM-NN,1,val,2020,PHP55,27.536106328580647,21.569008005383758,7
LSTM-NN,1,val,2020,PHP76,51.23260641929795,39.10786354106694,7
LSTM-NN,1,val,2020,PHP85,21.433654866297005,15.761905718025417,7
LSTM-NN,1,val,2020,PHPR5,14.245313371291315,12.712126081613302,7
LSTM-NN,1,val,2020,PHR03,61.939047919932136,47.73191728262171,6
LSTM-NN,1,val,2020,PHR30,46.06855085863716,35.93167366542112,5
LSTM-NN,1,val,2020,PHR31,31.651898145817107,21.400508773669298,7
LSTM-NN,1,val,2020,PHR36,26.642160844497674,21.40934906878196,6
LSTM-NN,1,val,2020,PHR47,11.98291706581917,9.177016175083816,7
LSTM-NN,1,val,2020,PHR58,52.29019110845558,37.798305364519,5
LSTM-NN,1,val,2020,PHR63,17.97659218371799,14.101339582864792,7
LSTM-NN,1,val,2020,PHT10,18.58727181796014,16.876674215834587,7
LSTM-NN,1,val,2020,PHT47,74.84987275574431,53.65005195757762,7
LSTM-NN,1,val,2020,PHT55,56.32050065561193,40.828831882153004,7
LSTM-NN,1,val,2020,PHTM9,34.56473961605518,30.963461416727004,7
LSTM-NN,1,val,2020,PHV37,45.91850942262244,37.13870554954379,7
LSTM-NN,1,val,2020,PHV57,39.7806725584688,33.211487002797874,7
LSTM-NN,1,val,2020,PHV63,38.72257876149595,29.833197094283857,7
LSTM-NN,1,val,2020,PHVA9,47.94847959095216,35.086013087525814,7
LSTM-NN,1,val,2020,PHW03,25.277959516313295,20.050773251261116,7
LSTM-NN,1,val,2020,PHW17,48.88613730161508,34.16856141017988,7
LSTM-NN,1,val,2020,PHW20,16.763159773930713,14.692165080804529,7
LSTM-NN,1,val,2020,PHW30,36.6505652611098,25.19570026946381,7
LSTM-NN,1,val,2020,PHW52,39.40917219229891,25.608495297985822,7
LSTM-NN,1,val,2020,PHW53,36.56936873613151,26.647185175323038,7
LSTM-NN,1,val,2020,PHW79,45.30599165169707,34.16120237124413,7
LSTM-NN,1,val,2020,PHW80,39.53426351942812,31.052891589340568,7
LSTM-NN,1,val,2020,PHW86,36.180590822022474,28.963272213712788,7
LSTM-NN,1,val,2020,PHZ51,29.988396432225638,24.967668735294342,7
LSTM-NN,1,val,2020,Pa392,78.58142118147941,67.7789980597262,7
LSTM-NN,1,val,2020,Pa405,50.6576891004369,40.20016860859618,7
LSTM-NN,1,val,2020,Pa762,20.33104133073441,15.67195239319101,7
LSTM-NN,1,val,2020,Pa875,30.934804827665875,25.55904903523341,7
LSTM-NN,1,val,2020,Pa880,33.38495433620835,28.32871556522682,7
LSTM-NN,1,val,2020,Pa91,34.72410921146668,31.34664575028643,7
LSTM-NN,1,val,2020,Q381,22.308930895371873,19.364709846355765,7
LSTM-NN,1,val,2020,R168,54.88521963195671,42.23772782211899,7
LSTM-NN,1,val,2020,R181B,47.39726396560904,39.85112600813985,7
LSTM-NN,1,val,2020,R226,51.45703219006398,42.84009478413373,7
LSTM-NN,1,val,2020,R227,18.87616749025731,14.022847666783333,7
LSTM-NN,1,val,2020,R71,31.4619554280971,23.697498428808597,7
LSTM-NN,1,val,2020,R78,35.59693852380384,28.31820132263884,7
LSTM-NN,1,val,2020,S8326,26.373513844895378,19.20899340164602,6
LSTM-NN,1,val,2020,SD101,57.61106912569544,47.47309128971592,7
LSTM-NN,1,val,2020,SD102,38.17246026099165,32.662686359993664,7
LSTM-NN,1,val,2020,SD107,36.82532857648894,27.230926242699176,7
LSTM-NN,1,val,2020,SD40,33.1237813115719,22.890748833283777,7
LSTM-NN,1,val,2020,SD44,35.85393432522457,28.73660394720778,7
LSTM-NN,1,val,2020,SG 30A,12.558985342506777,11.06434459520906,7
LSTM-NN,1,val,2020,Seagull Seventeen,47.89745857524037,39.3289386401005,6
LSTM-NN,1,val,2020,T242,61.0901400976484,53.69439236635968,7
LSTM-NN,1,val,2020,TZU-CHIAO-HSI-WU 105,31.476303488591267,24.600200843942464,7
LSTM-NN,1,val,2020,Tr,51.60748245341731,40.3944586862728,7
LSTM-NN,1,val,2020,Va26,15.058268224856223,13.463241417253911,7
LSTM-NN,1,val,2020,Va35,15.933044023563587,12.210272299937012,7
LSTM-NN,1,val,2020,Va52,77.31951814076373,60.87687394370601,7
LSTM-NN,1,val,2020,Va59,27.09485812512618,22.441071573192183,7
LSTM-NN,1,val,2020,Va99,26.678064886136823,20.39766832115963,7
LSTM-NN,1,val,2020,VaW6,49.59135405293581,45.640361530105324,7
LSTM-NN,1,val,2020,W117Ht,58.87967344190704,46.234607996748984,7
LSTM-NN,1,val,2020,W153R,83.95463042740943,57.014166488833574,7
LSTM-NN,1,val,2020,W22,51.88144416173894,37.213594045257125,7
LSTM-NN,1,val,2020,W23,39.58202762008374,32.259928500192764,7
LSTM-NN,1,val,2020,W24,11.218106142034674,8.580686408315152,7
LSTM-NN,1,val,2020,W32,30.072102105955988,25.246770755407212,6
LSTM-NN,1,val,2020,W37A,39.72502045183692,30.130233057995888,7
LSTM-NN,1,val,2020,W552,28.78535910997881,23.146022681565512,7
LSTM-NN,1,val,2020,W603S,45.69277611366523,37.00502479766652,7
LSTM-NN,1,val,2020,W604S,26.811656091904357,17.777527911554575,7
LSTM-NN,1,val,2020,W605S,40.43849829597669,33.180069943272024,6
LSTM-NN,1,val,2020,W607S,16.302336755783074,12.831037557448001,7
LSTM-NN,1,val,2020,W610S,50.839082611466246,40.3469062904124,7
LSTM-NN,1,val,2020,W612S,34.76899430519633,24.747339267806858,7
LSTM-NN,1,val,2020,W614S,43.28126992005823,34.13525606901705,7
LSTM-NN,1,val,2020,W64A,70.71875694586072,62.56575778729052,5
LSTM-NN,1,val,2020,W701BC,45.36957180030808,39.06573815134094,7
LSTM-NN,1,val,2020,W809G,43.550633455652466,33.03423148751512,7
LSTM-NN,1,val,2020,W810G,16.376899521536533,14.185149592607615,7
LSTM-NN,1,val,2020,W812G,23.2441091602168,17.394889536674025,6
LSTM-NN,1,val,2020,W813G,22.206722351286313,18.207844350533634,7
LSTM-NN,1,val,2020,W814G,77.33833408803046,58.7857544616656,7
LSTM-NN,1,val,2020,W8304,21.651067124788973,20.89674460205488,6
LSTM-NN,1,val,2020,W9,34.648971299293876,22.66430490785569,7
LSTM-NN,1,val,2020,WIL900,52.62023492325401,43.272900850541,7
LSTM-NN,1,val,2020,WR3,46.83468060611621,40.519782965754125,7
LSTM-NN,1,val,2020,WU-TAN-TZAO,26.792300134370716,19.480190113852323,7
LSTM-NN,1,val,2020,YE 4,35.98053588328321,30.326696420461833,6
LSTM-NN,1,val,2020,YING-55,98.44745041724477,85.99901035377368,7
LSTM-NN,1,val,2020,Yu796 NS,36.61014898504353,24.800879987931847,7
LSTM-NN,1,val,2020,ZS635,45.503337408904436,31.984834521145526,6
LSTM-NN,1,test,2021,1538,94.96315444846289,73.45007113509988,10
LSTM-NN,1,test,2021,2369,86.27141019495134,60.61570039053945,10
LSTM-NN,1,test,2021,29MIBZ2,46.944372214449345,39.66630154141992,10
LSTM-NN,1,test,2021,2FACC,70.51853018605546,52.18238405454095,10
LSTM-NN,1,test,2021,2FADB,49.30558513374017,25.459616043217153,10
LSTM-NN,1,test,2021,2MA22,93.20399929697152,64.42433587444626,10
LSTM-NN,1,test,2021,2MCDB,113.32091571473711,94.72045661785131,9
LSTM-NN,1,test,2021,3IJI1,69.00472249083492,44.98995928038933,10
LSTM-NN,1,test,2021,4226,121.50163486273614,97.46021687394598,10
LSTM-NN,1,test,2021,4F-306 108,86.56685088500468,62.95628471431256,9
LSTM-NN,1,test,2021,4N506,68.79475142119473,50.338896023241475,10
LSTM-NN,1,test,2021,6F629,125.5907197150561,105.23921951304564,10
LSTM-NN,1,test,2021,6M502,92.45156401998905,74.2391061634313,10
LSTM-NN,1,test,2021,6M502A,124.4098599765734,96.43090766514524,10
LSTM-NN,1,test,2021,764,88.38773874842016,69.54709119885658,10
LSTM-NN,1,test,2021,78010,104.26266884832357,85.11285067278479,10
LSTM-NN,1,test,2021,78551S,65.46370619620332,47.70441884836575,9
LSTM-NN,1,test,2021,790,73.62386999696362,54.6534823526495,10
LSTM-NN,1,test,2021,793,74.39875785131478,58.368571936057265,10
LSTM-NN,1,test,2021,87916W,117.17299699494505,88.287768067018,9
LSTM-NN,1,test,2021,911,54.86701879227293,43.42920160601413,10
LSTM-NN,1,test,2021,912,82.67574662346394,67.32356547359223,10
LSTM-NN,1,test,2021,91IFC2,71.49187408308256,57.835646263615786,10
LSTM-NN,1,test,2021,A,104.55209711297402,79.88717436459397,10
LSTM-NN,1,test,2021,A208,80.18470616169529,57.94692418523017,10
LSTM-NN,1,test,2021,A239,81.23489585349404,56.07281555177169,10
LSTM-NN,1,test,2021,A258,124.37204094004474,103.36778021259583,10
LSTM-NN,1,test,2021,A272,93.94460964887293,66.07223800235909,10
LSTM-NN,1,test,2021,A305,72.11901769482951,47.44098691801523,10
LSTM-NN,1,test,2021,A321,113.5852419858669,83.3986185681552,10
LSTM-NN,1,test,2021,A322,36.292064622183,25.086342418896272,10
LSTM-NN,1,test,2021,A334,70.26262076553218,54.19637837894874,10
LSTM-NN,1,test,2021,A340,61.28512382977241,42.675834574809464,10
LSTM-NN,1,test,2021,A374,46.465565568252956,29.542282523537416,10
LSTM-NN,1,test,2021,A385,43.38011095957607,32.545710268113346,10
LSTM-NN,1,test,2021,A427,34.6165423489844,24.883219958551614,10
LSTM-NN,1,test,2021,A548,39.306329656491556,23.397072959995956,10
LSTM-NN,1,test,2021,A556,69.44625666678112,56.81071003023832,10
LSTM-NN,1,test,2021,A572,54.30404740760152,36.32115779430047,10
LSTM-NN,1,test,2021,A619,45.13945984617014,27.975805641102347,10
LSTM-NN,1,test,2021,A627,150.09086745214495,128.33135123245216,10
LSTM-NN,1,test,2021,A632,139.51685285410548,114.80900605177824,9
LSTM-NN,1,test,2021,A634,76.14833105209912,59.380529339978594,10
LSTM-NN,1,test,2021,A635,80.5697368595543,58.03686047503675,10
LSTM-NN,1,test,2021,A641,49.58588818458901,31.27800189549963,10
LSTM-NN,1,test,2021,A648,159.00964515424312,134.3497244535167,9
LSTM-NN,1,test,2021,A649,53.6865965864386,32.39459532884503,10
LSTM-NN,1,test,2021,A659,99.4679227080556,73.65715931268873,10
LSTM-NN,1,test,2021,A663,84.7363613175364,63.28130747560273,10
LSTM-NN,1,test,2021,A672,72.82216633145195,57.36370896961481,10
LSTM-NN,1,test,2021,A674,45.26150445549408,22.77149083891846,10
LSTM-NN,1,test,2021,A679,119.70726026486719,96.90328186572071,10
LSTM-NN,1,test,2021,A680,90.56801523847105,53.954722127123055,10
LSTM-NN,1,test,2021,A682,58.09354655002729,41.945567227519874,10
LSTM-NN,1,test,2021,A71,65.97031136436613,45.482822802855495,10
LSTM-NN,1,test,2021,A73,95.24820755357692,82.02447278173989,10
LSTM-NN,1,test,2021,AQA3,54.65408457467795,41.8907167185473,10
LSTM-NN,1,test,2021,AS6103,89.66998278216276,57.98532276699575,10
LSTM-NN,1,test,2021,AusTRCF 306238,108.83573871029888,82.86771955721552,9
LSTM-NN,1,test,2021,B-18 INBR.FR.SUPERGOLD,48.67067788194599,29.17159906123522,10
LSTM-NN,1,test,2021,B-28,50.54661080479721,32.00447685462601,10
LSTM-NN,1,test,2021,B103,63.840214736020584,36.858252487269134,10
LSTM-NN,1,test,2021,B104,102.12804311178567,76.17136018743403,10
LSTM-NN,1,test,2021,B105,120.4332986124287,91.96705176472977,10
LSTM-NN,1,test,2021,B107,89.41473721438128,52.52030701730816,10
LSTM-NN,1,test,2021,B108,72.85289917411856,51.84682318921214,10
LSTM-NN,1,test,2021,B110,124.04968057852332,93.48498806971575,9
LSTM-NN,1,test,2021,B111,77.56208386985988,53.959638222053876,10
LSTM-NN,1,test,2021,B114,89.49980145098395,55.34671331533076,10
LSTM-NN,1,test,2021,B115,143.51212436630456,113.97356856953805,9
LSTM-NN,1,test,2021,B119,122.63250921815172,91.74048459134076,10
LSTM-NN,1,test,2021,B120,141.7523974219823,115.17403257127106,10
LSTM-NN,1,test,2021,B121,54.69086737038893,32.32779781973871,10
LSTM-NN,1,test,2021,B14,123.21662536661343,79.8153881056977,10
LSTM-NN,1,test,2021,B14A,125.50093842406608,99.8629320711045,9
LSTM-NN,1,test,2021,B164,76.06266978334354,53.279845801861256,10
LSTM-NN,1,test,2021,B2,93.50712844691122,73.35886734923795,9
LSTM-NN,1,test,2021,B37,126.97350138460345,97.59173063996043,10
LSTM-NN,1,test,2021,B46,100.97041031462618,72.94953649757335,10
LSTM-NN,1,test,2021,B57,117.43411633454242,99.37377383785231,10
LSTM-NN,1,test,2021,B65,97.7774989950358,71.24653396706928,10
LSTM-NN,1,test,2021,B66,87.54923989935216,61.37391151342888,10
LSTM-NN,1,test,2021,B68,144.6733932025819,117.5001825791572,9
LSTM-NN,1,test,2021,B70,83.02294299034685,58.72581522683811,10
LSTM-NN,1,test,2021,B75,75.2539944685635,40.16117416803529,9
LSTM-NN,1,test,2021,B76,64.80377052969496,31.523100619261083,10
LSTM-NN,1,test,2021,B77,117.74609402644593,94.08552996690597,10
LSTM-NN,1,test,2021,B79,99.14270402841605,80.48116628323979,10
LSTM-NN,1,test,2021,B84,126.84601439267004,100.6224964495716,9
LSTM-NN,1,test,2021,B85,91.95247515411195,56.89124680127268,10
LSTM-NN,1,test,2021,B87,67.99962184625228,43.59025657710989,10
LSTM-NN,1,test,2021,B88,88.50343439330827,61.535713233121726,10
LSTM-NN,1,test,2021,B91,69.37263908141341,46.98849864561242,10
LSTM-NN,1,test,2021,B97,128.5508190875256,96.88307664713568,10
LSTM-NN,1,test,2021,BEI 10 = NORTH 10,80.29329719334669,55.2191923085036,10
LSTM-NN,1,test,2021,BO9,39.982860482799545,21.622043073753655,10
LSTM-NN,1,test,2021,C103,100.34537913506531,72.72436507941552,10
LSTM-NN,1,test,2021,C123,58.200858624783386,45.36850412877314,10
LSTM-NN,1,test,2021,CA-4,49.20876411814071,31.23359576688342,10
LSTM-NN,1,test,2021,CG102,77.09945496010396,56.873946473827104,10
LSTM-NN,1,test,2021,CH157,44.949139147762814,26.017905429242624,10
LSTM-NN,1,test,2021,CH701-30,78.83765016470088,52.10235586752056,10
LSTM-NN,1,test,2021,CH711-10,70.50899325583197,38.11164426876019,10
LSTM-NN,1,test,2021,CH9,108.63540633103835,76.89209182881635,10
LSTM-NN,1,test,2021,CI 40H,85.61723266892494,61.288272611927525,10
LSTM-NN,1,test,2021,CM105,65.67257825036697,49.62963374960053,10
LSTM-NN,1,test,2021,CO257,159.80226368856697,148.97307003877845,9
LSTM-NN,1,test,2021,CO258,87.52943399528517,72.98721700171764,10
LSTM-NN,1,test,2021,CQ702RC,121.33243690917544,87.7695159972691,10
LSTM-NN,1,test,2021,CR 22 INBRED,56.474345622606045,40.81991995614463,10
LSTM-NN,1,test,2021,CS405,52.153708237163656,29.20613162255882,10
LSTM-NN,1,test,2021,DE2,68.3663852239883,50.29837253120095,10
LSTM-NN,1,test,2021,DE4,66.323554314342,40.0760355243807,10
LSTM-NN,1,test,2021,DE811,109.16554140646817,78.30049877970475,10
LSTM-NN,1,test,2021,DJ7,130.4437463491998,105.49203431317042,10
LSTM-NN,1,test,2021,DK3IIH6,85.06112316720463,70.71369235271595,10
LSTM-NN,1,test,2021,DK4676A,75.91006354927792,53.764720873693946,10
LSTM-NN,1,test,2021,DK78002A,103.58322337988473,70.4194795957886,10
LSTM-NN,1,test,2021,DK78010,98.03634255566095,77.55036537844164,10
LSTM-NN,1,test,2021,DKFAPW,40.7016838488085,28.646731236220926,10
LSTM-NN,1,test,2021,DKFBHJ,118.6915277192283,91.29402178514846,10
LSTM-NN,1,test,2021,DKMBNA,43.66381567528609,25.60107342493102,10
LSTM-NN,1,test,2021,DKPB80,55.26165713547367,36.76520539658779,10
LSTM-NN,1,test,2021,E8501,127.31927298636897,105.65101382418435,9
LSTM-NN,1,test,2021,EAST 028,69.94260730254133,51.76898572538844,10
LSTM-NN,1,test,2021,Eng-Li Chih,57.8405692437513,45.759363161264915,10
LSTM-NN,1,test,2021,F118,88.49421719937114,64.74932627228648,10
LSTM-NN,1,test,2021,F2834T,126.64642639557428,107.95862247130106,10
LSTM-NN,1,test,2021,FBLA,117.87344705341613,96.48268093131699,10
LSTM-NN,1,test,2021,FR19,94.98316365619927,75.9106761818706,10
LSTM-NN,1,test,2021,G80,86.07552716347855,62.252984157401826,10
LSTM-NN,1,test,2021,H110,86.25379473070642,58.179561134519574,10
LSTM-NN,1,test,2021,H113,56.64112478446111,36.23523739594576,10
LSTM-NN,1,test,2021,H121,44.10797257731739,30.313711292079176,10
LSTM-NN,1,test,2021,H122w,79.3171533199384,62.572202240715626,10
LSTM-NN,1,test,2021,H42,101.19573495307375,79.98887129319155,10
LSTM-NN,1,test,2021,H5,98.38324999324695,64.17065931601462,10
LSTM-NN,1,test,2021,H71,109.45080466143745,79.83992361904879,10
LSTM-NN,1,test,2021,H84,179.46772320851997,156.74983836900606,10
LSTM-NN,1,test,2021,H91,93.45098718542381,60.231765072897886,10
LSTM-NN,1,test,2021,H95,74.14120957203092,49.71548149309611,10
LSTM-NN,1,test,2021,H96,149.38491678458013,120.26621909676271,10
LSTM-NN,1,test,2021,H99,53.38199482077405,40.5172997613692,10
LSTM-NN,1,test,2021,HP301,136.7196988854068,113.61405552937345,10
LSTM-NN,1,test,2021,HUANYAO,104.03919112621502,81.73557849082424,10
LSTM-NN,1,test,2021,I29,47.01055085651071,31.916209020127326,10
LSTM-NN,1,test,2021,IA2132,71.24134283690297,47.99298726033671,10
LSTM-NN,1,test,2021,IBB14,86.87239763139198,47.246387882648044,10
LSTM-NN,1,test,2021,IBB15,107.17285003000362,81.95638768517475,10
LSTM-NN,1,test,2021,IBC2,122.92155409696423,98.15403298517887,10
LSTM-NN,1,test,2021,ICI 193,97.77889826327254,64.26857395645183,10
LSTM-NN,1,test,2021,ICI 740,102.37851145416391,70.72654704987914,10
LSTM-NN,1,test,2021,ICI 893,105.39230681854013,87.6260001698151,10
LSTM-NN,1,test,2021,ICI 986,81.46365113003839,41.12216221532991,10
LSTM-NN,1,test,2021,IDS28,90.59045460013837,64.99479576389413,10
LSTM-NN,1,test,2021,IDS69,105.31504649673987,90.8076985032311,9
LSTM-NN,1,test,2021,IDS91,106.66353414249915,81.66670559403755,10
LSTM-NN,1,test,2021,INB 101LFY/LFY (A632 X M16 S5),59.884969882185395,41.51381360933483,10
LSTM-NN,1,test,2021,INBRED 141,141.55105530313497,102.21754366978988,10
LSTM-NN,1,test,2021,INBRED 2-687,118.39313580172764,92.57899790455342,10
LSTM-NN,1,test,2021,INBRED 305,109.1661776013813,87.2041021995628,10
LSTM-NN,1,test,2021,INBRED 309,152.5085063999055,126.97762080984225,10
LSTM-NN,1,test,2021,INBRED 321,119.3442712840643,100.10296642175724,9
LSTM-NN,1,test,2021,Ia 453,82.73347050685224,70.09906058955644,10
LSTM-NN,1,test,2021,J47,137.27098558882147,103.92816746695317,10
LSTM-NN,1,test,2021,K150,69.14888512024082,53.90093537651414,10
LSTM-NN,1,test,2021,K41,143.36968515111982,119.17358710563924,10
LSTM-NN,1,test,2021,K47,109.79810348722026,89.43135254522936,10
LSTM-NN,1,test,2021,K55,95.57458462066177,82.56159516826474,10
LSTM-NN,1,test,2021,KUNG-70,61.16925558477233,41.83603790962301,10
LSTM-NN,1,test,2021,L 127,50.75154390511119,33.39398930665281,10
LSTM-NN,1,test,2021,L 135,86.59667861397462,60.89098443891817,10
LSTM-NN,1,test,2021,L 139,58.92315456898825,34.49543306154451,10
LSTM-NN,1,test,2021,L 155,95.72925914044346,73.19558690224756,10
LSTM-NN,1,test,2021,L 289,88.47716717434729,63.41886202073523,10
LSTM-NN,1,test,2021,LH1,57.956271544214296,40.42928866242657,10
LSTM-NN,1,test,2021,LH119,44.873355718570664,35.482873848894236,10
LSTM-NN,1,test,2021,LH128,93.47141009028202,77.60405927418574,10
LSTM-NN,1,test,2021,LH143 (Maintainer),49.22625996483319,37.017822757947386,10
LSTM-NN,1,test,2021,LH145,97.86638816512092,73.25561273955718,9
LSTM-NN,1,test,2021,LH146Ht,55.89165868778797,31.112323077942342,10
LSTM-NN,1,test,2021,LH149,40.57675678873999,32.48896551989843,10
LSTM-NN,1,test,2021,LH165,101.24388174309188,84.10055993256903,9
LSTM-NN,1,test,2021,LH166,78.06601201712701,55.83812699867955,10
LSTM-NN,1,test,2021,LH172,135.16830735331578,115.13485694089987,10
LSTM-NN,1,test,2021,LH184,65.15488612312028,39.34519671241428,10
LSTM-NN,1,test,2021,LH185,108.9266000291505,75.07656386344391,10
LSTM-NN,1,test,2021,LH190,92.3889748703815,66.2335301606183,10
LSTM-NN,1,test,2021,LH191,83.55654555513665,65.9823988029024,10
LSTM-NN,1,test,2021,LH192,78.30355352064171,48.367577794705326,10
LSTM-NN,1,test,2021,LH194,123.98254559410935,106.21265181366041,9
LSTM-NN,1,test,2021,LH195,92.30029074523739,73.42966815194312,10
LSTM-NN,1,test,2021,LH197,83.94037085389566,58.687024373994475,10
LSTM-NN,1,test,2021,LH198,61.29889781357229,37.6384747744127,10
LSTM-NN,1,test,2021,LH199,120.69487317074139,109.50040727224061,9
LSTM-NN,1,test,2021,LH202,50.293625363222844,39.010291369850464,10
LSTM-NN,1,test,2021,LH204,123.36446223862741,101.77939055948268,10
LSTM-NN,1,test,2021,LH205,134.84817468262264,106.63828837779556,9
LSTM-NN,1,test,2021,LH206,54.32116033151399,36.82845813050375,10
LSTM-NN,1,test,2021,LH208,96.28839394444014,76.1720681650525,10
LSTM-NN,1,test,2021,LH209,53.638063416659634,27.378198247246296,10
LSTM-NN,1,test,2021,LH213,56.35985049013405,48.46803274876012,10
LSTM-NN,1,test,2021,LH214,56.00947943626082,43.49959178387265,10
LSTM-NN,1,test,2021,LH215,120.55851360348068,91.63214251248743,10
LSTM-NN,1,test,2021,LH222,87.26061141176689,69.23083958411891,10
LSTM-NN,1,test,2021,LH223,56.35144785581569,47.919982159162224,10
LSTM-NN,1,test,2021,LH224,104.37129381904693,68.56254161877148,10
LSTM-NN,1,test,2021,LH295,80.55458072334191,58.2288862903255,10
LSTM-NN,1,test,2021,LH59,93.25841661649655,63.121451798392606,10
LSTM-NN,1,test,2021,LH60,97.93413199115508,64.9335268660199,10
LSTM-NN,1,test,2021,LH61,71.19494658333123,48.14416898994639,10
LSTM-NN,1,test,2021,LH74,116.08773812288636,91.93092275134434,10
LSTM-NN,1,test,2021,LH82,80.07960516671514,63.669080794323555,10
LSTM-NN,1,test,2021,LH93,101.42114011895306,78.62250967670712,10
LSTM-NN,1,test,2021,LIBC 4,88.36248089344353,73.3261245518585,10
LSTM-NN,1,test,2021,LP1 NR HT,127.34726640769262,104.14035256210434,10
LSTM-NN,1,test,2021,LP5,29.14248839039395,23.019873366829145,10
LSTM-NN,1,test,2021,Lp215D,61.58908386025564,42.626046122099076,10
LSTM-NN,1,test,2021,M14,57.61856636232789,40.47685153064016,10
LSTM-NN,1,test,2021,MBPM,103.88517014859039,84.32707045182023,10
LSTM-NN,1,test,2021,MBWZ,130.0990261315032,103.62753979639396,9
LSTM-NN,1,test,2021,MEF156-55-2,61.815503522825125,36.64577840171412,10
LSTM-NN,1,test,2021,ML606,57.13367111699386,39.189916336490754,10
LSTM-NN,1,test,2021,MM501D,43.77384460691258,36.11886190515598,10
LSTM-NN,1,test,2021,MQ305,63.73229105571002,52.69452196629811,10
LSTM-NN,1,test,2021,MS116,71.8680384167828,47.36348275428526,10
LSTM-NN,1,test,2021,MS132,64.05682669446102,44.96542897994292,10
LSTM-NN,1,test,2021,MS153,143.78931498502416,125.92371320702759,10
LSTM-NN,1,test,2021,MS200,75.68453242782843,55.04531098541393,10
LSTM-NN,1,test,2021,MS211,55.73843312934173,33.130055706627175,10
LSTM-NN,1,test,2021,MS221,91.81128132331274,74.79724861070578,10
LSTM-NN,1,test,2021,MS224,73.6817573718264,59.798317260688044,10
LSTM-NN,1,test,2021,MS225,62.797645611589566,43.83879614377441,10
LSTM-NN,1,test,2021,MS226,80.79830195542591,56.52347898172586,10
LSTM-NN,1,test,2021,MS24A,42.30614029249037,29.94088109046364,10
LSTM-NN,1,test,2021,MS67,119.84505073607697,99.84592714159146,10
LSTM-NN,1,test,2021,MS71,94.81942222478708,69.65225796713958,10
LSTM-NN,1,test,2021,MS72,67.02118918176387,34.32690832383209,10
LSTM-NN,1,test,2021,Mo46,138.32138614824314,111.76383568327773,10
LSTM-NN,1,test,2021,Mo47,37.05270572333272,22.96172765047833,10
LSTM-NN,1,test,2021,Mo5,82.49419346468852,66.6581841284198,10
LSTM-NN,1,test,2021,N192,74.8461235374532,58.660443121358426,10
LSTM-NN,1,test,2021,N193,37.32595874897879,24.074154995555432,10
LSTM-NN,1,test,2021,N201,104.26802795788433,81.4346381545857,10
LSTM-NN,1,test,2021,N211,69.05982823490314,58.84551361856229,10
LSTM-NN,1,test,2021,N217,106.83376511058172,73.09234336998927,10
LSTM-NN,1,test,2021,N28Ht,153.4193592468223,132.22451722400027,10
LSTM-NN,1,test,2021,N501,119.97291790530201,92.59156165647349,10
LSTM-NN,1,test,2021,N523,78.87881719697293,61.64216758886357,10
LSTM-NN,1,test,2021,N527,86.96819938419311,61.42597833129609,10
LSTM-NN,1,test,2021,N534,118.69265754235879,88.6779337107843,10
LSTM-NN,1,test,2021,N542,116.44056266659713,99.5840396066573,10
LSTM-NN,1,test,2021,N6,152.97430910006574,138.2701877571316,8
LSTM-NN,1,test,2021,NC262,89.06342894211333,64.4845715311697,9
LSTM-NN,1,test,2021,NC294,95.75417485924527,72.40303381486233,10
LSTM-NN,1,test,2021,NC310,57.381946452460305,41.18918583417722,10
LSTM-NN,1,test,2021,NC326,106.8202931317583,81.59935486542084,10
LSTM-NN,1,test,2021,NC328,110.79213151136932,80.54961954119878,10
LSTM-NN,1,test,2021,NC368,130.9167365643991,112.72197078747621,9
LSTM-NN,1,test,2021,NC412,101.7109803141237,78.41708343829528,10
LSTM-NN,1,test,2021,ND247,70.12423798691336,48.024944429538245,9
LSTM-NN,1,test,2021,ND265,49.236840744075735,36.30524507692252,10
LSTM-NN,1,test,2021,NK740,160.82114340776462,136.94580036777307,10
LSTM-NN,1,test,2021,NK778,65.60412465929451,39.87736683948201,10
LSTM-NN,1,test,2021,NK807,85.78831419481828,69.44714417720267,10
LSTM-NN,1,test,2021,NKS8326,114.96744517346103,87.86802132496919,10
LSTM-NN,1,test,2021,NORTH 7,106.91604202715878,90.02925446820049,10
LSTM-NN,1,test,2021,NQ508,125.49117091632786,95.02069118471574,10
LSTM-NN,1,test,2021,NS501,111.49152423624855,96.40389895432448,10
LSTM-NN,1,test,2021,NS701,204.68071372194302,186.05692082317847,10
LSTM-NN,1,test,2021,NY 166 (Neveh Yaar),86.18801984534201,62.44869191243564,10
LSTM-NN,1,test,2021,NY6371,115.11721526940613,86.76876731585455,10
LSTM-NN,1,test,2021,Ny821,47.22799435864221,28.449420512994426,10
LSTM-NN,1,test,2021,OH33,141.43575789010907,97.01940159837405,10
LSTM-NN,1,test,2021,OQ403,94.16167909055983,62.83482837908328,10
LSTM-NN,1,test,2021,OQ603,75.22885924362737,50.589283564619194,10
LSTM-NN,1,test,2021,OS602,83.10611721327504,54.23942426524695,10
LSTM-NN,1,test,2021,Oh40B,118.01278273454776,89.29419939375812,10
LSTM-NN,1,test,2021,Oh43,40.477785266131114,25.379370543232444,10
LSTM-NN,1,test,2021,Oh7,128.63307037522978,98.45177585600213,10
LSTM-NN,1,test,2021,Os420,79.14247026617052,56.809157562059816,10
LSTM-NN,1,test,2021,Os426,94.3662948682134,65.44835626563072,10
LSTM-NN,1,test,2021,PHB09,69.81932924760503,41.373437579537935,10
LSTM-NN,1,test,2021,PHB47,54.107064559538486,27.74718034777974,10
LSTM-NN,1,test,2021,PHBA6,98.9783297504324,69.46703792473237,10
LSTM-NN,1,test,2021,PHBB3,103.25597698675877,78.99017258654702,10
LSTM-NN,1,test,2021,PHBW8,96.47017556800041,85.40152927976882,10
LSTM-NN,1,test,2021,PHG29,94.71401142976629,74.51978035526125,10
LSTM-NN,1,test,2021,PHG47,94.5177114031389,63.67424070115089,9
LSTM-NN,1,test,2021,PHG50,61.93869375020019,37.094926505435716,10
LSTM-NN,1,test,2021,PHG71,71.4589438700663,48.805068214503585,10
LSTM-NN,1,test,2021,PHG72,63.9477424094274,48.71684599292095,10
LSTM-NN,1,test,2021,PHG80,125.78912235922971,105.70543271188858,10
LSTM-NN,1,test,2021,PHG83,53.23527354516959,33.44734306036578,10
LSTM-NN,1,test,2021,PHG86,160.63797512489404,135.81293177537074,9
LSTM-NN,1,test,2021,PHGW7,132.44413765848924,92.62207311344052,10
LSTM-NN,1,test,2021,PHH93,135.75433268730885,112.3983391839249,9
LSTM-NN,1,test,2021,PHHV4,99.9164913809351,72.44055337057426,10
LSTM-NN,1,test,2021,PHJ70,146.13800408131968,112.37371164832571,10
LSTM-NN,1,test,2021,PHJ89,41.377156765223376,31.578529109041348,10
LSTM-NN,1,test,2021,PHJ90,114.92205059837605,95.76182776409408,10
LSTM-NN,1,test,2021,PHJR5,113.59720362442731,74.13511523096284,10
LSTM-NN,1,test,2021,PHK35,124.60445014695146,98.9713362924272,10
LSTM-NN,1,test,2021,PHK42,83.23970604500708,59.309544239372144,10
LSTM-NN,1,test,2021,PHK56,155.15933716023903,137.61709998880326,9
LSTM-NN,1,test,2021,PHK74,73.88583751035691,46.88066449915999,10
LSTM-NN,1,test,2021,PHKE6,104.6921974103882,86.09087923490713,10
LSTM-NN,1,test,2021,PHM10,123.3543361929717,98.97212083458331,10
LSTM-NN,1,test,2021,PHN11,93.86962156450338,71.82441735860468,10
LSTM-NN,1,test,2021,PHN29,108.15493822495003,76.17609082604031,9
LSTM-NN,1,test,2021,PHN66,74.67299352662178,48.90165617069677,10
LSTM-NN,1,test,2021,PHP02,66.68407618382457,47.29029064015496,10
LSTM-NN,1,test,2021,PHP55,44.80157255474392,28.570516940595617,10
LSTM-NN,1,test,2021,PHP76,118.3203791527048,98.24815686648559,10
LSTM-NN,1,test,2021,PHP85,106.98215926432708,85.13414530699873,8
LSTM-NN,1,test,2021,PHPR5,108.41054880304617,74.43438906673273,10
LSTM-NN,1,test,2021,PHR03,131.16059964161104,105.72767845685385,10
LSTM-NN,1,test,2021,PHR30,75.23838813896211,49.28653534989407,10
LSTM-NN,1,test,2021,PHR31,122.96352075509148,84.32082213393417,10
LSTM-NN,1,test,2021,PHR36,101.60746941382212,72.66823056685607,10
LSTM-NN,1,test,2021,PHR47,104.81271850036491,74.1754709326336,10
LSTM-NN,1,test,2021,PHR58,75.52692689244589,52.573917832383735,10
LSTM-NN,1,test,2021,PHR63,78.90412769473005,59.081311217127585,10
LSTM-NN,1,test,2021,PHT10,97.89121208873526,71.00840098720211,10
LSTM-NN,1,test,2021,PHT47,92.80353942854737,64.07880663212076,10
LSTM-NN,1,test,2021,PHT55,117.83216415801722,85.08907005319436,10
LSTM-NN,1,test,2021,PHTM9,68.77298375809877,39.1652824295636,10
LSTM-NN,1,test,2021,PHV37,57.5307868126866,42.69528294479455,10
LSTM-NN,1,test,2021,PHV57,102.20726789259668,80.11411947357314,10
LSTM-NN,1,test,2021,PHV63,124.79318810952516,99.99051324353998,10
LSTM-NN,1,test,2021,PHVA9,100.72679675870572,78.35770161191945,10
LSTM-NN,1,test,2021,PHW03,90.45386442318639,61.76970846988986,10
LSTM-NN,1,test,2021,PHW17,94.05796701872167,60.0512877963405,10
LSTM-NN,1,test,2021,PHW20,131.10481828759245,90.55812059111331,10
LSTM-NN,1,test,2021,PHW30,83.4481294357723,51.81846172962387,10
LSTM-NN,1,test,2021,PHW52,100.45112169741097,75.62899427040244,10
LSTM-NN,1,test,2021,PHW53,113.29794606527197,93.99939746849161,10
LSTM-NN,1,test,2021,PHW79,86.25071973844976,63.1706718001367,8
LSTM-NN,1,test,2021,PHW80,62.559174972360765,40.34148542805853,10
LSTM-NN,1,test,2021,PHW86,55.99519673261296,39.662250462861394,10
LSTM-NN,1,test,2021,PHZ51,92.65187003275162,66.93677837127775,10
LSTM-NN,1,test,2021,Pa392,62.89478439871294,43.63176335329789,10
LSTM-NN,1,test,2021,Pa405,96.52950160435068,70.51272933813985,10
LSTM-NN,1,test,2021,Pa762,81.12842792710886,59.31480666665841,10
LSTM-NN,1,test,2021,Pa875,131.49995147329255,107.85423894194798,10
LSTM-NN,1,test,2021,Pa880,85.38497535024014,67.12337853020207,10
LSTM-NN,1,test,2021,Pa91,136.70674420771223,103.76637226339119,10
LSTM-NN,1,test,2021,Q381,78.71934056465221,57.03215845702664,10
LSTM-NN,1,test,2021,R168,71.38519063446287,45.450143754956336,10
LSTM-NN,1,test,2021,R181B,84.88835159066338,42.42473123645626,10
LSTM-NN,1,test,2021,R226,102.04524223182783,80.50558971914002,10
LSTM-NN,1,test,2021,R227,137.81213548193531,119.03254968855961,10
LSTM-NN,1,test,2021,R71,72.99036860158041,61.35443903375959,10
LSTM-NN,1,test,2021,R78,105.13090658985134,82.85597115427024,10
LSTM-NN,1,test,2021,S8326,92.76619351149631,62.179415085101006,10
LSTM-NN,1,test,2021,SD101,88.67760147730608,69.56105722213871,10
LSTM-NN,1,test,2021,SD102,81.34030721894482,69.3158900790032,10
LSTM-NN,1,test,2021,SD107,119.22186887180438,75.5942473283734,10
LSTM-NN,1,test,2021,SD40,117.90842827283072,86.58029539833936,10
LSTM-NN,1,test,2021,SD44,49.564329694045284,34.68732822840942,10
LSTM-NN,1,test,2021,SG 30A,77.76164045000944,49.73453400813116,10
LSTM-NN,1,test,2021,Seagull Seventeen,156.336317260141,125.80095353702322,10
LSTM-NN,1,test,2021,T242,58.54871859709144,32.44364680715462,10
LSTM-NN,1,test,2021,TZU-CHIAO-HSI-WU 105,59.510033673937166,38.08937702056306,10
LSTM-NN,1,test,2021,Tr,49.11981174284119,35.51218764100837,10
LSTM-NN,1,test,2021,Va26,111.0369214566539,87.34430620350483,10
LSTM-NN,1,test,2021,Va35,87.22308741017551,65.7754725511655,10
LSTM-NN,1,test,2021,Va52,49.782449479486324,33.99301786865044,10
LSTM-NN,1,test,2021,Va59,109.00685522894638,86.90183807513839,9
LSTM-NN,1,test,2021,Va99,56.54965361729562,40.95120989306389,10
LSTM-NN,1,test,2021,VaW6,94.67798893606225,84.55880792164525,9
LSTM-NN,1,test,2021,W117Ht,89.86800077559188,72.1507057335124,9
LSTM-NN,1,test,2021,W153R,107.37297154104859,85.36198385897107,8
LSTM-NN,1,test,2021,W22,97.97417658866607,73.0559585984674,10
LSTM-NN,1,test,2021,W23,104.25690151704552,76.46899163241953,10
LSTM-NN,1,test,2021,W24,88.317810639073,60.34029807438553,10
LSTM-NN,1,test,2021,W32,75.95957496345972,61.04452305306158,10
LSTM-NN,1,test,2021,W37A,79.46414025424062,56.59121742012902,10
LSTM-NN,1,test,2021,W552,78.77981786311632,45.10523191603026,10
LSTM-NN,1,test,2021,W603S,73.89297329740552,47.27443102924356,10
LSTM-NN,1,test,2021,W604S,117.48620494072432,93.61622728941646,9
LSTM-NN,1,test,2021,W605S,62.22940879137649,45.676551934752254,10
LSTM-NN,1,test,2021,W607S,127.11185108026942,93.98312278004411,10
LSTM-NN,1,test,2021,W610S,122.70109447718863,93.70789998329552,10
LSTM-NN,1,test,2021,W612S,104.25034622373522,83.15026586964359,9
LSTM-NN,1,test,2021,W614S,104.27319829855945,83.76429717134391,9
LSTM-NN,1,test,2021,W64A,59.710852532768676,34.67688580289233,10
LSTM-NN,1,test,2021,W701BC,69.79126810208597,60.590907815825744,10
LSTM-NN,1,test,2021,W809G,205.3022390244607,178.43860629700688,10
LSTM-NN,1,test,2021,W810G,111.47797814276758,89.94994305557522,10
LSTM-NN,1,test,2021,W812G,74.81026345413962,55.337447377241276,10
LSTM-NN,1,test,2021,W813G,84.65281839825373,59.09602529223298,10
LSTM-NN,1,test,2021,W814G,31.93567997192804,25.290539606424872,9
LSTM-NN,1,test,2021,W8304,125.80157231076618,98.06918905164301,10
LSTM-NN,1,test,2021,W9,65.58709143151941,50.93338675170498,10
LSTM-NN,1,test,2021,WIL900,122.06002352133417,92.90804850353538,10
LSTM-NN,1,test,2021,WR3,77.66993265186414,61.61600662666829,10
LSTM-NN,1,test,2021,WU-TAN-TZAO,88.10252094458092,65.37892949772052,10
LSTM-NN,1,test,2021,YE 4,114.55391781771384,91.00335706147689,10
LSTM-NN,1,test,2021,YING-55,107.24195146976605,83.10613714719857,10
LSTM-NN,1,test,2021,Yu796 NS,91.84821155030545,76.82565922303846,10
LSTM-NN,1,test,2021,ZS635,137.209867596614,99.27487265520219,10
