model,seed,split,year,genotype,rmse,mae,n_observed
Logi-PINN,3,train,2018,1538,37.177162512602834,30.113080600177152,10
Logi-PINN,3,train,2018,2369,59.84385335032577,49.78761828363215,9
Logi-PINN,3,train,2018,29MIBZ2,46.79003105532694,38.60031857069349,10
Logi-PINN,3,train,2018,2FACC,39.22220649823427,32.79673175662274,9
Logi-PINN,3,train,2018,2FADB,79.13265042807794,67.27724620895415,8
Logi-PINN,3,train,2018,2MA22,36.00230327479543,27.976901002700686,10
Logi-PINN,3,train,2018,2MCDB,35.1106535486205,27.244750819397762,10
Logi-PINN,3,train,2018,3IJI1,35.31651856366411,27.846534727331495,10
Logi-PINN,3,train,2018,4226,38.743967491614555,32.355054143532335,10
Logi-PINN,3,train,2018,4F-306 108,29.24050972022916,22.810770075770392,10
Logi-PINN,3,train,2018,4N506,25.693774826630268,22.08883066953233,10
Logi-PINN,3,train,2018,6F629,31.993843312626996,30.202714215705065,10
Logi-PINN,3,train,2018,6M502,35.42259708276486,28.499266633462963,10
Logi-PINN,3,train,2018,6M502A,28.721845635455228,25.305432983731226,10
Logi-PINN,3,train,2018,764,33.549769670586805,27.658208119534585,10
Logi-PINN,3,train,2018,78010,31.061750253110137,27.96278510840866,10
Logi-PINN,3,train,2018,78551S,28.01817762145363,26.104695405261218,8
Logi-PINN,3,train,2018,790,32.77324390878694,28.171651538110478,10
Logi-PINN,3,train,2018,793,41.51366081251845,35.024416474812895,10
Logi-PINN,3,train,2018,87916W,36.66066678038551,29.185118729553132,10
Logi-PINN,3,train,2018,911,38.38181259495711,32.28022876120081,10
Logi-PINN,3,train,2018,912,48.23953384623286,36.526907884416275,10
Logi-PINN,3,train,2018,91IFC2,41.851765076008306,33.22937913455732,10
Logi-PINN,3,train,2018,A,32.303875555151556,24.36122770208788,10
Logi-PINN,3,train,2018,A208,37.01005431856441,27.74710052517664,10
Logi-PINN,3,train,2018,A239,27.399392375358996,23.35607607104811,10
Logi-PINN,3,train,2018,A258,37.04137997793108,33.27377385994453,10
Logi-PINN,3,train,2018,A272,35.82685396593287,32.365036638812576,9
Logi-PINN,3,train,2018,A305,44.88460658284435,36.345625865697116,10
Logi-PINN,3,train,2018,A321,30.407759165452365,24.320449755137087,10
Logi-PINN,3,train,2018,A322,55.21532957085623,43.43972906703901,10
Logi-PINN,3,train,2018,A334,30.662650143972993,23.863216110432116,10
Logi-PINN,3,train,2018,A340,31.48748245594337,28.042253885594306,10
Logi-PINN,3,train,2018,A374,48.08288313110602,39.52705117322991,10
Logi-PINN,3,train,2018,A385,39.2815745522089,27.129895216132166,10
Logi-PINN,3,train,2018,A427,70.49675383296709,58.35220341532535,10
Logi-PINN,3,train,2018,A548,39.11613481982766,30.058509633218677,10
Logi-PINN,3,train,2018,A556,39.31993759428422,30.301369740221595,10
Logi-PINN,3,train,2018,A572,63.832477706591746,53.794076043239066,10
Logi-PINN,3,train,2018,A619,34.393350920825604,28.21637597971943,10
Logi-PINN,3,train,2018,A627,28.66446505293747,25.699307355780597,10
Logi-PINN,3,train,2018,A632,34.997050958794496,28.387094047080875,8
Logi-PINN,3,train,2018,A634,35.757924717974625,31.564690150311066,10
Logi-PINN,3,train,2018,A635,48.382991952334464,38.15123693150671,10
Logi-PINN,3,train,2018,A641,60.89570257168221,52.42515065506594,10
Logi-PINN,3,train,2018,A648,25.82313524360289,20.764400355161726,8
Logi-PINN,3,train,2018,A649,60.280199204660796,49.92104945735425,8
Logi-PINN,3,train,2018,A659,36.64562534866922,29.40045339655772,10
Logi-PINN,3,train,2018,A663,42.01108912716678,33.582173862796864,10
Logi-PINN,3,train,2018,A672,30.74192540009779,26.48196048554322,10
Logi-PINN,3,train,2018,A674,46.84277635134985,38.41590164141536,10
Logi-PINN,3,train,2018,A679,41.339841798504885,32.789968085186715,10
Logi-PINN,3,train,2018,A680,32.39865573757175,26.69986967585242,10
Logi-PINN,3,train,2018,A682,37.88346118063184,29.93428524559811,9
Logi-PINN,3,train,2018,A71,34.25493561356616,30.926972387111306,10
Logi-PINN,3,train,2018,A73,37.41806781406346,32.8187472287634,10
Logi-PINN,3,train,2018,AQA3,73.46748257330478,58.55088936797082,10
Logi-PINN,3,train,2018,AS6103,30.782097170427402,28.008378801874947,10
Logi-PINN,3,train,2018,AusTRCF 306238,42.93430217686756,35.193456638476704,8
Logi-PINN,3,train,2018,B-18 INBR.FR.SUPERGOLD,34.7956368510887,28.5338047334978,10
Logi-PINN,3,train,2018,B-28,32.555655835837975,24.868403580191643,10
Logi-PINN,3,train,2018,B103,30.341308268288802,25.39844781956479,10
Logi-PINN,3,train,2018,B104,32.73478533347772,26.509826067572682,8
Logi-PINN,3,train,2018,B105,29.39798265764544,22.410571798716905,10
Logi-PINN,3,train,2018,B107,32.825114306255465,26.839707726644974,9
Logi-PINN,3,train,2018,B108,28.84066899786562,25.74360499081792,10
Logi-PINN,3,train,2018,B110,33.9314185584541,28.056919089718225,10
Logi-PINN,3,train,2018,B111,38.41248281026347,28.247987685382963,10
Logi-PINN,3,train,2018,B114,32.877642193279684,30.35922385971621,9
Logi-PINN,3,train,2018,B115,40.4853844359471,33.69871160524518,8
Logi-PINN,3,train,2018,B119,33.488146678656676,30.222866002016996,10
Logi-PINN,3,train,2018,B120,34.02632227031199,26.9132455939191,10
Logi-PINN,3,train,2018,B121,30.876169067702932,27.547276856082203,10
Logi-PINN,3,train,2018,B14,31.550246597239187,28.266054744226935,9
Logi-PINN,3,train,2018,B14A,26.62687410923828,22.844822398249267,10
Logi-PINN,3,train,2018,B164,26.70246677450232,22.62066228360164,10
Logi-PINN,3,train,2018,B2,27.422859032452884,21.49378932801077,10
Logi-PINN,3,train,2018,B37,30.713504504092896,26.04852505398202,10
Logi-PINN,3,train,2018,B46,34.659021628830786,25.965321230584767,10
Logi-PINN,3,train,2018,B57,24.954664550177764,19.832169441401753,10
Logi-PINN,3,train,2018,B65,45.83633945703105,34.78186914209148,10
Logi-PINN,3,train,2018,B66,44.96686689743878,33.32259988012621,10
Logi-PINN,3,train,2018,B68,49.656932884208125,36.665237378512224,9
Logi-PINN,3,train,2018,B70,50.69971550348583,33.876761623055486,8
Logi-PINN,3,train,2018,B75,28.40074736442928,24.635497225091708,9
Logi-PINN,3,train,2018,B76,32.71959893771538,26.543068109178545,10
Logi-PINN,3,train,2018,B77,32.868670933183616,24.80262421653293,10
Logi-PINN,3,train,2018,B79,37.57601534539466,25.621696979117544,9
Logi-PINN,3,train,2018,B84,30.09634463847277,23.592379321368504,10
Logi-PINN,3,train,2018,B85,38.10344597547928,32.48926493611167,10
Logi-PINN,3,train,2018,B87,25.18351987566048,23.983498673288317,10
Logi-PINN,3,train,2018,B88,42.41535279448124,30.795860014758112,10
Logi-PINN,3,train,2018,B91,30.03583696539482,27.76534829804993,10
Logi-PINN,3,train,2018,B97,36.313346950648416,29.627247494204095,10
Logi-PINN,3,train,2018,BEI 10 = NORTH 10,37.11163816615813,26.714506860613614,10
Logi-PINN,3,train,2018,BO9,55.7432211541978,48.51491631033107,10
Logi-PINN,3,train,2018,C103,47.42359237546742,42.94022578822543,9
Logi-PINN,3,train,2018,C123,43.82817980198553,33.472868663601034,9
Logi-PINN,3,train,2018,CA-4,41.43724841103012,32.387076365440336,10
Logi-PINN,3,train,2018,CG102,27.233416838546056,24.610562562524425,10
Logi-PINN,3,train,2018,CH157,47.16051301094862,38.27202416869837,10
Logi-PINN,3,train,2018,CH701-30,30.910659296126067,28.172070199518533,10
Logi-PINN,3,train,2018,CH711-10,38.693139799105595,33.32792323323606,10
Logi-PINN,3,train,2018,CH9,40.22744328961408,30.265798181831634,10
Logi-PINN,3,train,2018,CI 40H,38.869272219809105,31.44355625495741,10
Logi-PINN,3,train,2018,CM105,56.78750825521254,48.284184351899924,10
Logi-PINN,3,train,2018,CO257,39.261097970439614,33.69556903823244,10
Logi-PINN,3,train,2018,CO258,31.889767523067288,22.125597286322865,8
Logi-PINN,3,train,2018,CQ702RC,25.679062860106935,21.502549614345163,10
Logi-PINN,3,train,2018,CR 22 INBRED,35.60761162333963,31.10328064314151,10
Logi-PINN,3,train,2018,CS405,35.6575256465671,28.627499527587084,10
Logi-PINN,3,train,2018,DE2,34.98381080142904,26.943623796009955,10
Logi-PINN,3,train,2018,DE4,35.525384882962236,26.862533153852105,10
Logi-PINN,3,train,2018,DE811,39.40310206821762,29.381399867902296,9
Logi-PINN,3,train,2018,DJ7,29.318327176232454,23.553151887756947,10
Logi-PINN,3,train,2018,DK3IIH6,47.76702701291696,37.16438748303294,10
Logi-PINN,3,train,2018,DK4676A,60.36597666977044,50.0239466572571,10
Logi-PINN,3,train,2018,DK78002A,30.20932056122208,27.640522688754913,10
Logi-PINN,3,train,2018,DK78010,30.794528030844432,28.252586770547214,10
Logi-PINN,3,train,2018,DKFAPW,28.754171445124154,21.77194145138955,10
Logi-PINN,3,train,2018,DKFBHJ,32.00502965168415,27.119592887428656,10
Logi-PINN,3,train,2018,DKMBNA,53.96758490581228,45.24829878206769,10
Logi-PINN,3,train,2018,DKPB80,38.58303434897901,33.28194117837024,10
Logi-PINN,3,train,2018,E8501,37.46804464724639,31.332920498039737,10
Logi-PINN,3,train,2018,EAST 028,38.89983909588448,30.74945995009732,10
Logi-PINN,3,train,2018,Eng-Li Chih,38.0602626065181,31.077901616649985,10
Logi-PINN,3,train,2018,F118,28.720349471551916,24.738885705061016,10
Logi-PINN,3,train,2018,F2834T,40.98936844910625,32.367598998672904,10
Logi-PINN,3,train,2018,FBLA,37.396436019099994,29.788451847599923,10
Logi-PINN,3,train,2018,FR19,39.47636230153428,32.16229200545588,10
Logi-PINN,3,train,2018,G80,27.640642406691907,21.11891371291682,10
Logi-PINN,3,train,2018,H110,26.50971161302654,22.431427327162208,10
Logi-PINN,3,train,2018,H113,25.10696436581622,21.482483189347565,10
Logi-PINN,3,train,2018,H121,26.21427209031073,21.75197341996801,10
Logi-PINN,3,train,2018,H122w,27.061832987297986,23.864683868909374,10
Logi-PINN,3,train,2018,H42,34.72588952168527,28.287997380504816,10
Logi-PINN,3,train,2018,H5,38.08413190597805,35.12213921519615,10
Logi-PINN,3,train,2018,H71,27.99374564923175,24.5855370361323,10
Logi-PINN,3,train,2018,H84,32.71200754406477,23.476903056638047,10
Logi-PINN,3,train,2018,H91,28.183470976357246,25.079824658998934,10
Logi-PINN,3,train,2018,H95,26.398254936281564,17.55446523746133,9
Logi-PINN,3,train,2018,H96,44.532770986982136,38.92174164029042,9
Logi-PINN,3,train,2018,H99,40.66176730561679,32.73577928930345,10
Logi-PINN,3,train,2018,HP301,54.80663169292649,43.44885523412145,10
Logi-PINN,3,train,2018,HUANYAO,70.45418504405497,58.13949887594208,9
Logi-PINN,3,train,2018,I29,57.24870572612614,45.01554063274419,10
Logi-PINN,3,train,2018,IA2132,55.57612089826814,47.87637914367507,10
Logi-PINN,3,train,2018,IBB14,95.06364826493446,79.07764773372602,10
Logi-PINN,3,train,2018,IBB15,34.41040026568189,29.498658330624956,10
Logi-PINN,3,train,2018,IBC2,31.60364645099878,25.70670023205306,10
Logi-PINN,3,train,2018,ICI 193,30.40831229264749,25.038726118409606,10
Logi-PINN,3,train,2018,ICI 740,40.07399536378606,34.91179297217498,10
Logi-PINN,3,train,2018,ICI 893,28.884096651274547,22.52511332447483,10
Logi-PINN,3,train,2018,ICI 986,23.921926761485064,21.516473934389772,10
Logi-PINN,3,train,2018,IDS28,43.36621290936329,33.83443870147669,10
Logi-PINN,3,train,2018,IDS69,27.328400780662584,19.199616037718744,10
Logi-PINN,3,train,2018,IDS91,35.49684864191165,25.541480150108637,9
Logi-PINN,3,train,2018,INB 101LFY/LFY (A632 X M16 S5),25.41331397252928,18.409894860807274,10
Logi-PINN,3,train,2018,INBRED 141,30.630257005784486,27.51975532576239,10
Logi-PINN,3,train,2018,INBRED 2-687,32.58329563822249,27.061979828575303,9
Logi-PINN,3,train,2018,INBRED 305,28.988553138782713,22.738368368313967,10
Logi-PINN,3,train,2018,INBRED 309,29.52053579263089,22.227896558817427,9
Logi-PINN,3,train,2018,INBRED 321,22.26823746234615,16.594488421275436,10
Logi-PINN,3,train,2018,Ia 453,36.578736914626454,27.729007836217942,10
Logi-PINN,3,train,2018,J47,41.23409277475246,29.16848272164922,10
Logi-PINN,3,train,2018,K150,29.300304252674096,20.12242267140922,10
Logi-PINN,3,train,2018,K41,26.685733769923832,20.056763530364965,10
Logi-PINN,3,train,2018,K47,31.603929548550326,22.238644337466987,10
Logi-PINN,3,train,2018,K55,23.214112084610314,21.249508704479364,10
Logi-PINN,3,train,2018,KUNG-70,28.857531760983733,23.487041830456853,10
Logi-PINN,3,train,2018,L 127,51.01250456248197,46.35121257608243,10
Logi-PINN,3,train,2018,L 135,43.812038465674014,36.68954334305325,10
Logi-PINN,3,train,2018,L 139,35.42204741024672,27.44303309773618,10
Logi-PINN,3,train,2018,L 155,36.607739030094045,27.475134816440733,10
Logi-PINN,3,train,2018,L 289,34.34206236080011,29.06064368809864,10
Logi-PINN,3,train,2018,LH1,21.034202888901067,18.836509858192475,10
Logi-PINN,3,train,2018,LH119,40.151795449993664,34.86922243762332,10
Logi-PINN,3,train,2018,LH128,16.555010942158898,15.342376082079648,10
Logi-PINN,3,train,2018,LH143 (Maintainer),48.860766225799836,38.79473710923573,10
Logi-PINN,3,train,2018,LH145,31.994970404599275,25.10900020053655,9
Logi-PINN,3,train,2018,LH146Ht,49.579169138278964,41.20640861966551,10
Logi-PINN,3,train,2018,LH149,51.75112942951396,43.34574235028699,10
Logi-PINN,3,train,2018,LH165,31.60937775652198,24.82032756667247,10
Logi-PINN,3,train,2018,LH166,42.156483147321126,34.989928874792255,10
Logi-PINN,3,train,2018,LH172,36.98737309028298,31.273256378394567,9
Logi-PINN,3,train,2018,LH184,35.36752428705204,25.957323331561536,10
Logi-PINN,3,train,2018,LH185,28.24334299525944,23.290819409686925,9
Logi-PINN,3,train,2018,LH190,33.167261149217474,29.680003230006964,10
Logi-PINN,3,train,2018,LH191,38.30670639191013,35.08980324158701,10
Logi-PINN,3,train,2018,LH192,26.854122329423483,22.735310348099198,10
Logi-PINN,3,train,2018,LH194,40.09161566623127,27.808749422082453,9
Logi-PINN,3,train,2018,LH195,31.285334688825944,25.33848508012238,10
Logi-PINN,3,train,2018,LH197,35.67534735577082,31.25033277481574,10
Logi-PINN,3,train,2018,LH198,33.887063927808384,26.901302829270424,10
Logi-PINN,3,train,2018,LH199,34.161732476834686,26.080516324268416,10
Logi-PINN,3,train,2018,LH202,42.29279142802344,34.09594145888329,10
Logi-PINN,3,train,2018,LH204,23.63334114957201,18.00308596899162,10
Logi-PINN,3,train,2018,LH205,22.100204277608764,17.872790900452483,9
Logi-PINN,3,train,2018,LH206,37.86376968805653,29.27307672202921,10
Logi-PINN,3,train,2018,LH208,33.169438950922505,25.791191968715697,10
Logi-PINN,3,train,2018,LH209,31.24121201612509,25.063305615644033,10
Logi-PINN,3,train,2018,LH213,41.1767322777947,28.6756759257223,9
Logi-PINN,3,train,2018,LH214,30.956523794544434,26.483149679426013,10
Logi-PINN,3,train,2018,LH215,25.68948123515784,21.48718555518602,10
Logi-PINN,3,train,2018,LH222,36.892770597074154,29.904058109141125,10
Logi-PINN,3,train,2018,LH223,64.31228739083637,56.48072338905765,10
Logi-PINN,3,train,2018,LH224,30.707673355667715,22.500231008158824,9
Logi-PINN,3,train,2018,LH295,50.88954987267044,40.391564174398944,10
Logi-PINN,3,train,2018,LH59,33.09008840775044,28.288200683787796,10
Logi-PINN,3,train,2018,LH60,34.50904374224314,28.58128321781668,10
Logi-PINN,3,train,2018,LH61,47.00992322433124,39.274199882772265,8
Logi-PINN,3,train,2018,LH74,30.79942657124642,27.493611957120446,10
Logi-PINN,3,train,2018,LH82,25.782321367731964,21.819302645352867,10
Logi-PINN,3,train,2018,LH93,30.7832471793322,24.560752280775638,10
Logi-PINN,3,train,2018,LIBC 4,39.501702060006174,33.02401251874289,10
Logi-PINN,3,train,2018,LP1 NR HT,29.196518683875322,24.451594708144604,10
Logi-PINN,3,train,2018,LP5,48.79759587114579,36.79721197978172,10
Logi-PINN,3,train,2018,Lp215D,40.49997675936754,32.11540942130456,10
Logi-PINN,3,train,2018,M14,22.758888874776034,15.859675095288143,10
Logi-PINN,3,train,2018,MBPM,25.718511161801082,23.088717266833484,10
Logi-PINN,3,train,2018,MBWZ,22.410236346173285,19.31721134820637,10
Logi-PINN,3,train,2018,MEF156-55-2,46.02581782367322,35.493263656654605,10
Logi-PINN,3,train,2018,ML606,34.7293785598322,26.080785766279668,10
Logi-PINN,3,train,2018,MM501D,42.63664932833128,36.05751513951794,8
Logi-PINN,3,train,2018,MQ305,43.66940187871706,34.67449894415662,10
Logi-PINN,3,train,2018,MS116,46.98787105980608,34.91392961148548,10
Logi-PINN,3,train,2018,MS132,40.01266270402248,31.944149537661737,10
Logi-PINN,3,train,2018,MS153,41.89878845388968,31.4372128015607,10
Logi-PINN,3,train,2018,MS200,48.728649586094136,39.97430529111425,9
Logi-PINN,3,train,2018,MS211,29.82343150624395,22.068846673590166,10
Logi-PINN,3,train,2018,MS221,22.53892762356949,20.28935421512523,10
Logi-PINN,3,train,2018,MS224,31.125810424079617,25.8391604660756,10
Logi-PINN,3,train,2018,MS225,39.76568701757806,33.81899253906865,10
Logi-PINN,3,train,2018,MS226,36.61082243789826,29.23036185517891,10
Logi-PINN,3,train,2018,MS24A,45.52341759690797,36.204506996981664,10
Logi-PINN,3,train,2018,MS67,38.07732878921841,29.74970497863963,10
Logi-PINN,3,train,2018,MS71,43.10841285965848,33.8985020420722,10
Logi-PINN,3,train,2018,MS72,42.26994716983729,32.88521111196944,10
Logi-PINN,3,train,2018,Mo46,34.12541535687885,26.095230725180357,8
Logi-PINN,3,train,2018,Mo47,32.463095670911684,29.67334569910258,8
Logi-PINN,3,train,2018,Mo5,60.37803350751834,51.090706169778954,9
Logi-PINN,3,train,2018,N192,33.934291494223054,27.273903011466437,10
Logi-PINN,3,train,2018,N193,38.553500968596325,28.629802979847728,10
Logi-PINN,3,train,2018,N201,36.84810794932653,31.34575108551872,10
Logi-PINN,3,train,2018,N211,40.7597151016087,32.26776861576148,10
Logi-PINN,3,train,2018,N217,36.020397497773175,28.83269704980558,10
Logi-PINN,3,train,2018,N28Ht,42.70386814288298,33.34572041566005,10
Logi-PINN,3,train,2018,N501,30.054294331055733,27.451068862719882,9
Logi-PINN,3,train,2018,N523,30.988153052323113,25.610634543748677,10
Logi-PINN,3,train,2018,N527,26.28434445337299,22.448463751307752,10
Logi-PINN,3,train,2018,N534,31.006657695729178,27.18904897792773,10
Logi-PINN,3,train,2018,N542,41.70779992077653,29.411054417459916,9
Logi-PINN,3,train,2018,N6,32.328737569204826,29.102728119287793,10
Logi-PINN,3,train,2018,NC262,39.58952092503021,35.4363776713032,10
Logi-PINN,3,train,2018,NC294,39.75096126121318,25.528662920697933,10
Logi-PINN,3,train,2018,NC310,28.675718568193105,25.54825953266019,10
Logi-PINN,3,train,2018,NC326,36.60276677347533,33.40017702452186,10
Logi-PINN,3,train,2018,NC328,23.539936124127717,20.788882110433192,10
Logi-PINN,3,train,2018,NC368,26.41843552885947,18.586569685399336,9
Logi-PINN,3,train,2018,NC412,28.050081745540886,20.584687909464574,10
Logi-PINN,3,train,2018,ND247,33.17087412437301,26.226020874862296,10
Logi-PINN,3,train,2018,ND265,42.80957370977667,32.76482363940632,10
Logi-PINN,3,train,2018,NK740,61.162593070731276,54.892236971401154,10
Logi-PINN,3,train,2018,NK778,54.245584193256356,42.61261319072311,9
Logi-PINN,3,train,2018,NK807,45.38516343815338,37.63006147204685,10
Logi-PINN,3,train,2018,NKS8326,31.949435507408403,27.04498840193345,10
Logi-PINN,3,train,2018,NORTH 7,48.22304073103634,40.70592448215316,10
Logi-PINN,3,train,2018,NQ508,28.274598096211243,25.390907027121706,10
Logi-PINN,3,train,2018,NS501,40.99065227545546,30.43479323938956,9
Logi-PINN,3,train,2018,NS701,29.5492533536864,23.55667353068273,10
Logi-PINN,3,train,2018,NY 166 (Neveh Yaar),26.160883564006493,21.533428906899513,10
Logi-PINN,3,train,2018,NY6371,35.04096172151889,28.542217058444024,8
Logi-PINN,3,train,2018,Ny821,37.070359475525535,28.309292096170395,10
Logi-PINN,3,train,2018,OH33,39.96896198506852,34.390369573935715,9
Logi-PINN,3,train,2018,OQ403,49.347868100965734,37.692359592791135,10
Logi-PINN,3,train,2018,OQ603,38.55583453682124,32.49228125308889,10
Logi-PINN,3,train,2018,OS602,32.642466401145406,26.913685106945916,10
Logi-PINN,3,train,2018,Oh40B,41.092806545909056,29.71036383854449,10
Logi-PINN,3,train,2018,Oh43,47.60502823881468,33.704559181083084,10
Logi-PINN,3,train,2018,Oh7,52.540611888263555,46.64507661140636,9
Logi-PINN,3,train,2018,Os420,26.18810406147307,22.349719607411473,10
Logi-PINN,3,train,2018,Os426,30.866847738183914,21.826504273184447,10
Logi-PINN,3,train,2018,PHB09,34.682824276628246,27.232015367429405,10
Logi-PINN,3,train,2018,PHB47,34.10211922975746,25.73313128787267,10
Logi-PINN,3,train,2018,PHBA6,45.280004152361634,38.178092187445614,10
Logi-PINN,3,train,2018,PHBB3,29.44948512645559,22.742148375828535,10
Logi-PINN,3,train,2018,PHBW8,72.30372941572453,56.98796084459809,10
Logi-PINN,3,train,2018,PHG29,32.193450597120126,26.521834645143095,10
Logi-PINN,3,train,2018,PHG47,76.73321275606686,62.32655192647648,10
Logi-PINN,3,train,2018,PHG50,29.211339304054896,24.589039782278583,10
Logi-PINN,3,train,2018,PHG71,40.20281960466607,32.555232941758895,10
Logi-PINN,3,train,2018,PHG72,44.49384588591093,37.51574703344956,10
Logi-PINN,3,train,2018,PHG80,35.14520407259462,27.54985854713076,10
Logi-PINN,3,train,2018,PHG83,49.698055492641735,45.19131554346313,10
Logi-PINN,3,train,2018,PHG86,21.470025894153743,19.889400618785707,10
Logi-PINN,3,train,2018,PHGW7,47.5620069913785,37.70558766425286,10
Logi-PINN,3,train,2018,PHH93,35.5373773231954,27.38991881183249,10
Logi-PINN,3,train,2018,PHHV4,29.714645930665565,26.19813607024679,10
Logi-PINN,3,train,2018,PHJ70,31.767370852952727,24.33490904952568,10
Logi-PINN,3,train,2018,PHJ89,30.921169616402675,26.967433086576193,10
Logi-PINN,3,train,2018,PHJ90,33.90622238214411,29.265382474704268,10
Logi-PINN,3,train,2018,PHJR5,41.822545010789426,34.16553797200249,10
Logi-PINN,3,train,2018,PHK35,30.02033117258615,25.24514867323065,10
Logi-PINN,3,train,2018,PHK42,37.5861473190991,31.644618640529217,10
Logi-PINN,3,train,2018,PHK56,23.650456244718203,18.89341197096777,10
Logi-PINN,3,train,2018,PHK74,34.71260325710182,27.58794337719521,10
Logi-PINN,3,train,2018,PHKE6,34.935474684750574,27.257191090637953,10
Logi-PINN,3,train,2018,PHM10,25.19288664710667,19.81429308798775,10
Logi-PINN,3,train,2018,PHN11,34.54527703763531,27.814483834447685,10
Logi-PINN,3,train,2018,PHN29,29.195850260357062,27.386989955811753,9
Logi-PINN,3,train,2018,PHN66,23.995169801864115,19.453407605860143,10
Logi-PINN,3,train,2018,PHP02,37.35593066497671,28.1335272854543,10
Logi-PINN,3,train,2018,PHP55,32.272919983422724,28.044067650620473,10
Logi-PINN,3,train,2018,PHP76,39.77307074499544,32.513893304327574,10
Logi-PINN,3,train,2018,PHP85,29.19417082401073,25.259610248265044,10
Logi-PINN,3,train,2018,PHPR5,29.031593300738933,24.07047305581038,10
Logi-PINN,3,train,2018,PHR03,29.226315734157204,24.045321930995847,10
Logi-PINN,3,train,2018,PHR30,41.64056261242277,31.637771490216675,10
Logi-PINN,3,train,2018,PHR31,26.643776687166433,23.084464188218146,10
Logi-PINN,3,train,2018,PHR36,32.459852616435384,29.405074419362546,9
Logi-PINN,3,train,2018,PHR47,33.014869345984025,23.243338536120056,10
Logi-PINN,3,train,2018,PHR58,42.36235473238731,31.849580441713687,10
Logi-PINN,3,train,2018,PHR63,29.182794708477594,27.71992044011414,8
Logi-PINN,3,train,2018,PHT10,26.01520229129105,21.80662616436884,10
Logi-PINN,3,train,2018,PHT47,53.040448295839965,48.81001917073452,10
Logi-PINN,3,train,2018,PHT55,42.56783436849456,33.58009340701471,9
Logi-PINN,3,train,2018,PHTM9,48.60976534225262,41.67046335015956,10
Logi-PINN,3,train,2018,PHV37,32.31781294074669,27.011063144006425,10
Logi-PINN,3,train,2018,PHV57,35.941266856599455,27.184453476635458,10
Logi-PINN,3,train,2018,PHV63,30.670558147860046,25.01758844149786,10
Logi-PINN,3,train,2018,PHVA9,35.74180182360226,31.169583903721737,10
Logi-PINN,3,train,2018,PHW03,33.90682605124737,29.840940584940608,10
Logi-PINN,3,train,2018,PHW17,49.1557179665307,40.49303108357701,10
Logi-PINN,3,train,2018,PHW20,35.129552909118814,28.896968254975675,8
Logi-PINN,3,train,2018,PHW30,42.64893562197124,36.61382525079328,10
Logi-PINN,3,train,2018,PHW52,25.503222780164865,21.13236735110864,9
Logi-PINN,3,train,2018,PHW53,23.687349594516757,21.398077139805793,10
Logi-PINN,3,train,2018,PHW79,38.09648248380114,25.643952824085652,9
Logi-PINN,3,train,2018,PHW80,55.35648483828789,40.99976386478197,10
Logi-PINN,3,train,2018,PHW86,39.44509528697741,33.453896007369785,10
Logi-PINN,3,train,2018,PHZ51,30.24331434447872,28.30105310030517,10
Logi-PINN,3,train,2018,Pa392,35.30592072999969,28.647910655907424,10
Logi-PINN,3,train,2018,Pa405,39.110462977955045,32.715722312695604,10
Logi-PINN,3,train,2018,Pa762,28.657110158934657,22.467914401938646,10
Logi-PINN,3,train,2018,Pa875,32.41369095802157,25.880647368064466,10
Logi-PINN,3,train,2018,Pa880,52.47001996170388,44.089186617411016,10
Logi-PINN,3,train,2018,Pa91,31.121328843436725,23.096495572246585,10
Logi-PINN,3,train,2018,Q381,37.78909248771258,30.650488393233864,10
Logi-PINN,3,train,2018,R168,30.460805824018948,23.48093263196473,10
Logi-PINN,3,train,2018,R181B,25.811060416742688,23.022346890105354,10
Logi-PINN,3,train,2018,R226,31.532202692054014,27.395263016561103,10
Logi-PINN,3,train,2018,R227,29.64791306447979,22.130024019825743,10
Logi-PINN,3,train,2018,R71,30.998507844066037,24.617700983886614,10
Logi-PINN,3,train,2018,R78,38.565080743868705,29.360018523896947,10
Logi-PINN,3,train,2018,S8326,31.582100200381095,25.602117797805345,10
Logi-PINN,3,train,2018,SD101,31.41330259745018,25.602200715570596,10
Logi-PINN,3,train,2018,SD102,35.041746238402496,27.969163097298953,10
Logi-PINN,3,train,2018,SD107,32.16216310531437,27.690687122216197,10
Logi-PINN,3,train,2018,SD40,26.5264211503023,24.00942570638555,10
Logi-PINN,3,train,2018,SD44,34.25868601530149,26.691245576653092,10
Logi-PINN,3,train,2018,SG 30A,22.549182191644494,19.280149876494214,10
Logi-PINN,3,train,2018,Seagull Seventeen,35.889238404404246,30.951026847101325,10
Logi-PINN,3,train,2018,T242,48.06574373915919,39.15106488363008,10
Logi-PINN,3,train,2018,TZU-CHIAO-HSI-WU 105,30.799528544649853,25.465979370812995,10
Logi-PINN,3,train,2018,Tr,30.279458408785775,28.361225659161413,10
Logi-PINN,3,train,2018,Va26,27.781612584491857,22.98976819062151,10
Logi-PINN,3,train,2018,Va35,23.828797983573196,17.21415356972131,10
Logi-PINN,3,train,2018,Va52,29.53149670186529,24.658463617929876,10
Logi-PINN,3,train,2018,Va59,28.39257093549427,19.79122109762885,9
Logi-PINN,3,train,2018,Va99,33.51178862871619,29.982478440870658,10
Logi-PINN,3,train,2018,VaW6,37.80026375357205,31.41381972885344,10
Logi-PINN,3,train,2018,W117Ht,61.80171978121603,49.807405528622915,10
Logi-PINN,3,train,2018,W153R,32.62890153401339,26.460800653786542,10
Logi-PINN,3,train,2018,W22,30.216904793709876,27.689296254083143,10
Logi-PINN,3,train,2018,W23,32.505904590424144,29.31779334428112,10
Logi-PINN,3,train,2018,W24,33.516166232276504,26.49297095476844,10
Logi-PINN,3,train,2018,W32,23.318994798991053,18.27461542276615,10
Logi-PINN,3,train,2018,W37A,45.52146154940183,38.8289834495111,10
Logi-PINN,3,train,2018,W552,44.34045864300204,36.279001685671815,10
Logi-PINN,3,train,2018,W603S,48.97781024004916,32.93876914638501,10
Logi-PINN,3,train,2018,W604S,41.87016160036543,36.81628762708135,10
Logi-PINN,3,train,2018,W605S,30.565356519636545,27.84314242960337,10
Logi-PINN,3,train,2018,W607S,24.971288961054665,20.812714207457454,10
Logi-PINN,3,train,2018,W610S,34.53416763841559,26.407155954830465,10
Logi-PINN,3,train,2018,W612S,62.11882085937808,52.96808054322388,10
Logi-PINN,3,train,2018,W614S,51.194572203502375,44.2187953925672,10
Logi-PINN,3,train,2018,W64A,49.499239694555634,39.76101154869792,10
Logi-PINN,3,train,2018,W701BC,46.87578173918005,38.6288748625946,10
Logi-PINN,3,train,2018,W809G,35.400200183464946,30.521283943997833,10
Logi-PINN,3,train,2018,W810G,26.818957751433302,20.615477442316262,10
Logi-PINN,3,train,2018,W812G,32.136759440508385,30.025556871622477,9
Logi-PINN,3,train,2018,W813G,22.786813926618123,18.9424282621707,10
Logi-PINN,3,train,2018,W814G,56.41712852830594,46.698916821438914,8
Logi-PINN,3,train,2018,W8304,35.735410062837545,32.22266982243436,10
Logi-PINN,3,train,2018,W9,47.83757759964804,37.271399945383344,10
Logi-PINN,3,train,2018,WIL900,26.01317587977224,24.154255511628403,10
Logi-PINN,3,train,2018,WR3,44.10066523401091,37.83917127923647,10
Logi-PINN,3,train,2018,WU-TAN-TZAO,50.464705070810865,43.77383006564906,9
Logi-PINN,3,train,2018,YE 4,34.1186702611464,26.391096624508066,10
Logi-PINN,3,train,2018,YING-55,39.2135549055371,32.00570221303511,10
Logi-PINN,3,train,2018,Yu796 NS,35.960303901951896,29.343399457933277,10
Logi-PINN,3,train,2018,ZS635,23.13902074655594,18.692723611307592,10
Logi-PINN,3,train,2019,1538,19.21932767359955,16.448699997356947,17
Logi-PINN,3,train,2019,2369,32.28029112469643,22.979119203756007,16
Logi-PINN,3,train,2019,29MIBZ2,21.24521315467114,17.123525841769634,17
Logi-PINN,3,train,2019,2FACC,21.905196834140824,14.496882497833898,17
Logi-PINN,3,train,2019,2FADB,34.6356801735075,26.722545351299118,17
Logi-PINN,3,train,2019,2MA22,32.397843489299426,23.261061645468192,17
Logi-PINN,3,train,2019,2MCDB,39.47378410358485,28.836289086109794,17
Logi-PINN,3,train,2019,3IJI1,28.569952574564308,23.105043241063886,17
Logi-PINN,3,train,2019,4226,27.641344056442072,20.777676684322028,17
Logi-PINN,3,train,2019,4F-306 108,31.364631410261183,22.012512997407356,17
Logi-PINN,3,train,2019,4N506,30.043042489918115,21.10253982595948,17
Logi-PINN,3,train,2019,6F629,33.59417493816859,23.09666816826286,16
Logi-PINN,3,train,2019,6M502,32.224793820328976,25.235958897211916,17
Logi-PINN,3,train,2019,6M502A,28.500376882454898,24.63415952304993,17
Logi-PINN,3,train,2019,764,17.377355328080668,12.642829001134547,17
Logi-PINN,3,train,2019,78010,22.762477754998407,16.45938568537129,17
Logi-PINN,3,train,2019,78551S,48.38305100943496,33.548976348085255,15
Logi-PINN,3,train,2019,790,24.67094400659691,17.605829341721694,17
Logi-PINN,3,train,2019,793,37.19556984216622,24.626536033240136,17
Logi-PINN,3,train,2019,87916W,23.395642294721355,20.232533247344293,17
Logi-PINN,3,train,2019,911,19.4791402266122,14.833987245380529,17
Logi-PINN,3,train,2019,912,21.325620697949706,14.474664791396435,17
Logi-PINN,3,train,2019,91IFC2,24.736642568181743,18.89168542626973,17
Logi-PINN,3,train,2019,A,40.81524904773914,35.116293383381496,17
Logi-PINN,3,train,2019,A208,23.815068743417843,19.504142699064438,17
Logi-PINN,3,train,2019,A239,22.397656826556176,17.562021202267942,17
Logi-PINN,3,train,2019,A258,23.547546594231864,18.893206835022987,16
Logi-PINN,3,train,2019,A272,29.46503128635258,21.40673523787616,17
Logi-PINN,3,train,2019,A305,25.821294066022844,19.714350397644377,17
Logi-PINN,3,train,2019,A321,28.51998587739573,17.76983901402783,17
Logi-PINN,3,train,2019,A322,27.147217966258967,20.392942206351364,16
Logi-PINN,3,train,2019,A334,19.98303482903081,15.662929742239598,17
Logi-PINN,3,train,2019,A340,22.86425877888037,17.573808691351132,17
Logi-PINN,3,train,2019,A374,31.537583142541834,24.765932698150614,16
Logi-PINN,3,train,2019,A385,31.532729598058886,21.793078936650385,17
Logi-PINN,3,train,2019,A427,23.54878238587835,21.355170794533525,17
Logi-PINN,3,train,2019,A548,17.574733331770567,13.496806568600945,17
Logi-PINN,3,train,2019,A556,19.976771343388368,13.884989636962617,17
Logi-PINN,3,train,2019,A572,20.801170604169016,16.880050420362195,17
Logi-PINN,3,train,2019,A619,21.896698304910814,16.29986121926,17
Logi-PINN,3,train,2019,A627,22.834377545166937,18.734900226583385,17
Logi-PINN,3,train,2019,A632,19.629480268637405,16.48720093987237,17
Logi-PINN,3,train,2019,A634,20.117754632348582,15.146184082697149,17
Logi-PINN,3,train,2019,A635,25.55695662135404,18.59771823165052,17
Logi-PINN,3,train,2019,A641,45.28004664199589,34.973462286290825,17
Logi-PINN,3,train,2019,A648,24.24080216686024,19.119276820440128,17
Logi-PINN,3,train,2019,A649,33.202833130460036,22.575074699008034,16
Logi-PINN,3,train,2019,A659,32.86054458127016,25.127260635146474,17
Logi-PINN,3,train,2019,A663,31.06463507006698,24.060954128940068,16
Logi-PINN,3,train,2019,A672,26.575414019126402,22.259854209275687,17
Logi-PINN,3,train,2019,A674,20.75107895189618,16.19884873354938,17
Logi-PINN,3,train,2019,A679,29.681867140580465,24.24418078150778,17
Logi-PINN,3,train,2019,A680,24.18326071137947,18.347655996128033,16
Logi-PINN,3,train,2019,A682,26.104523617361902,19.148640230974273,17
Logi-PINN,3,train,2019,A71,48.53693134318775,37.83324062273003,16
Logi-PINN,3,train,2019,A73,27.417890033063085,21.31628955672615,16
Logi-PINN,3,train,2019,AQA3,42.81533191987323,29.008491223836387,16
Logi-PINN,3,train,2019,AS6103,24.589913092202412,18.692231451776404,17
Logi-PINN,3,train,2019,AusTRCF 306238,46.40012456578097,39.42965630283132,15
Logi-PINN,3,train,2019,B-18 INBR.FR.SUPERGOLD,22.211443907891372,17.585739535313344,17
Logi-PINN,3,train,2019,B-28,26.15053730836529,19.47026859276471,17
Logi-PINN,3,train,2019,B103,27.793214629335335,22.163768876753267,17
Logi-PINN,3,train,2019,B104,36.70831084040361,30.29027610408494,17
Logi-PINN,3,train,2019,B105,31.401699158864158,24.716835616507502,17
Logi-PINN,3,train,2019,B107,30.724788559450293,25.970553377027606,17
Logi-PINN,3,train,2019,B108,31.347916946407064,25.07982128594296,17
Logi-PINN,3,train,2019,B110,29.291188026214574,21.755225774203268,17
Logi-PINN,3,train,2019,B111,39.11753723193939,25.519863652568887,17
Logi-PINN,3,train,2019,B114,22.00793478508053,16.604343532585634,17
Logi-PINN,3,train,2019,B115,47.57050332247602,37.843736097218404,17
Logi-PINN,3,train,2019,B119,31.70937039556839,23.51960561950007,17
Logi-PINN,3,train,2019,B120,34.80183839563383,29.02502440863264,17
Logi-PINN,3,train,2019,B121,37.671006383680606,26.620652229667236,17
Logi-PINN,3,train,2019,B14,36.128183589062566,29.351086971922996,15
Logi-PINN,3,train,2019,B14A,27.825554366972657,20.4426121565142,17
Logi-PINN,3,train,2019,B164,32.42542325197047,22.848201414569477,17
Logi-PINN,3,train,2019,B2,60.446844809548764,48.552630928336946,17
Logi-PINN,3,train,2019,B37,31.107414798075883,24.00766746262737,17
Logi-PINN,3,train,2019,B46,46.96392647615487,37.78837807987257,16
Logi-PINN,3,train,2019,B57,43.26091900748304,33.311672980279326,17
Logi-PINN,3,train,2019,B65,28.159040151736118,18.522775827274707,17
Logi-PINN,3,train,2019,B66,39.325122455408376,31.16679421394296,17
Logi-PINN,3,train,2019,B68,32.57149181244818,26.192591494494078,17
Logi-PINN,3,train,2019,B70,41.8968217384707,29.581742506360474,17
Logi-PINN,3,train,2019,B75,43.2078584268587,34.35146134928489,16
Logi-PINN,3,train,2019,B76,28.872151361487862,22.406196063520582,17
Logi-PINN,3,train,2019,B77,30.94949749203206,23.927917686880733,17
Logi-PINN,3,train,2019,B79,52.35832863306964,41.41211060540348,17
Logi-PINN,3,train,2019,B84,26.283053205246194,18.52873597885585,17
Logi-PINN,3,train,2019,B85,30.92679246301076,23.247982237615638,17
Logi-PINN,3,train,2019,B87,28.807885681306647,21.469378636895907,17
Logi-PINN,3,train,2019,B88,26.262948682068302,20.494250577107238,17
Logi-PINN,3,train,2019,B91,36.748721904052644,25.546206644796378,17
Logi-PINN,3,train,2019,B97,43.63250466492343,32.56345710384387,17
Logi-PINN,3,train,2019,BEI 10 = NORTH 10,27.30295220594144,21.716222323007635,17
Logi-PINN,3,train,2019,BO9,29.662276170233252,21.028517345941022,17
Logi-PINN,3,train,2019,C103,37.052168770336664,23.57228815423871,17
Logi-PINN,3,train,2019,C123,24.093788527292432,17.179189123077023,17
Logi-PINN,3,train,2019,CA-4,32.78656677095073,25.978699307212015,17
Logi-PINN,3,train,2019,CG102,39.59163850362351,28.271526058225955,17
Logi-PINN,3,train,2019,CH157,26.611054514323875,20.00037810604141,16
Logi-PINN,3,train,2019,CH701-30,19.77574427583026,14.794287526436921,17
Logi-PINN,3,train,2019,CH711-10,37.3168761058306,25.969711310851537,16
Logi-PINN,3,train,2019,CH9,21.355811291127033,16.09269463728476,17
Logi-PINN,3,train,2019,CI 40H,33.581553824645574,25.16849231562144,17
Logi-PINN,3,train,2019,CM105,39.134795923718464,34.416091617221994,17
Logi-PINN,3,train,2019,CO257,26.283184124689384,20.139331135034915,16
Logi-PINN,3,train,2019,CO258,43.89449433202178,28.86607415858652,16
Logi-PINN,3,train,2019,CQ702RC,21.534509382290647,16.099864872697644,17
Logi-PINN,3,train,2019,CR 22 INBRED,39.05721105230898,25.493937309414918,17
Logi-PINN,3,train,2019,CS405,29.97767697773153,20.96926865945083,17
Logi-PINN,3,train,2019,DE2,32.00304277430803,28.67960641965911,17
Logi-PINN,3,train,2019,DE4,18.288801998499594,11.874848741532151,17
Logi-PINN,3,train,2019,DE811,44.15821720011809,30.29833815106264,16
Logi-PINN,3,train,2019,DJ7,28.71366939887419,21.40760897436474,17
Logi-PINN,3,train,2019,DK3IIH6,31.2841510264742,21.096675883134044,17
Logi-PINN,3,train,2019,DK4676A,37.24701104103523,28.5847675846409,17
Logi-PINN,3,train,2019,DK78002A,25.38418147861819,18.141262306329335,17
Logi-PINN,3,train,2019,DK78010,20.458465665334856,16.441822221229337,17
Logi-PINN,3,train,2019,DKFAPW,21.44022825559357,16.183150607692884,17
Logi-PINN,3,train,2019,DKFBHJ,39.17664519515308,27.800017487305684,17
Logi-PINN,3,train,2019,DKMBNA,45.559502676938294,28.799472563422874,17
Logi-PINN,3,train,2019,DKPB80,39.02859736573448,27.35906286235871,17
Logi-PINN,3,train,2019,E8501,28.67469925436162,20.87895393576175,17
Logi-PINN,3,train,2019,EAST 028,33.58216203914974,24.73686974832714,17
Logi-PINN,3,train,2019,Eng-Li Chih,43.97501853678449,32.18886716359306,17
Logi-PINN,3,train,2019,F118,28.485647507571304,22.20684289740475,17
Logi-PINN,3,train,2019,F2834T,27.581223167694873,23.869749911510432,17
Logi-PINN,3,train,2019,FBLA,24.297142683147865,20.26103978666974,17
Logi-PINN,3,train,2019,FR19,145.51504294036656,104.92806525666735,17
Logi-PINN,3,train,2019,G80,24.3470707583135,18.786608599757763,17
Logi-PINN,3,train,2019,H110,36.15893520243456,26.273559211759682,17
Logi-PINN,3,train,2019,H113,36.904379955613614,24.395852358061028,15
Logi-PINN,3,train,2019,H121,41.095993729883695,30.11396033533915,17
Logi-PINN,3,train,2019,H122w,35.66181457510346,27.10687154096711,17
Logi-PINN,3,train,2019,H42,20.231802256903165,15.349201973515246,16
Logi-PINN,3,train,2019,H5,33.06462720964496,22.98546802337813,17
Logi-PINN,3,train,2019,H71,28.927642551156424,22.110591020243458,17
Logi-PINN,3,train,2019,H84,22.652044117898697,18.750865705456242,17
Logi-PINN,3,train,2019,H91,27.177051391615603,21.4664358372069,17
Logi-PINN,3,train,2019,H95,31.405181430274023,21.709359010135206,15
Logi-PINN,3,train,2019,H96,57.661561451631194,44.635851225974,15
Logi-PINN,3,train,2019,H99,14.527625289639186,10.676298269770093,17
Logi-PINN,3,train,2019,HP301,33.874537621880066,28.627232442881997,17
Logi-PINN,3,train,2019,HUANYAO,34.87382546563551,25.74742811978674,17
Logi-PINN,3,train,2019,I29,43.92091380433894,30.928949951377085,16
Logi-PINN,3,train,2019,IA2132,26.80435588830057,18.21383149751407,17
Logi-PINN,3,train,2019,IBB14,30.78915606258784,24.40419568229209,17
Logi-PINN,3,train,2019,IBB15,14.91788366632122,11.242131284672084,17
Logi-PINN,3,train,2019,IBC2,28.49653689750153,22.788615027201594,16
Logi-PINN,3,train,2019,ICI 193,27.284912546994136,21.609131628756682,17
Logi-PINN,3,train,2019,ICI 740,24.59556748015265,19.926426309273385,17
Logi-PINN,3,train,2019,ICI 893,21.990638184389102,16.58354097645124,17
Logi-PINN,3,train,2019,ICI 986,26.956869934759386,21.597279936619383,17
Logi-PINN,3,train,2019,IDS28,42.911462567137974,34.68195205630939,17
Logi-PINN,3,train,2019,IDS69,24.430263229411807,18.67739594066674,16
Logi-PINN,3,train,2019,IDS91,42.22695592988471,33.71474435358667,17
Logi-PINN,3,train,2019,INB 101LFY/LFY (A632 X M16 S5),38.37931699981639,25.151700533859678,17
Logi-PINN,3,train,2019,INBRED 141,41.52837101349251,29.728885506118445,15
Logi-PINN,3,train,2019,INBRED 2-687,26.38211050268542,19.523265243341204,17
Logi-PINN,3,train,2019,INBRED 305,25.00204975219728,19.332949351825512,16
Logi-PINN,3,train,2019,INBRED 309,17.09656018109565,14.283583182635057,17
Logi-PINN,3,train,2019,INBRED 321,44.27153290659956,38.09765207235241,15
Logi-PINN,3,train,2019,Ia 453,16.733634816210753,13.83150293501492,17
Logi-PINN,3,train,2019,J47,41.02763388570303,29.383140995104966,17
Logi-PINN,3,train,2019,K150,35.208080927912484,29.390670192668125,17
Logi-PINN,3,train,2019,K41,22.51724915496757,16.87634676656929,17
Logi-PINN,3,train,2019,K47,59.86398769131083,48.84437143886226,16
Logi-PINN,3,train,2019,K55,38.534008242079565,24.245340077848965,17
Logi-PINN,3,train,2019,KUNG-70,18.999682487487366,15.44214521336094,17
Logi-PINN,3,train,2019,L 127,34.3379482699747,28.94971345956116,17
Logi-PINN,3,train,2019,L 135,27.36273744084153,23.22670726199356,17
Logi-PINN,3,train,2019,L 139,30.06382206433407,21.34269412878595,17
Logi-PINN,3,train,2019,L 155,23.744432082254733,16.16373177111268,17
Logi-PINN,3,train,2019,L 289,43.39991095422118,29.572574885186675,17
Logi-PINN,3,train,2019,LH1,25.49464379785758,17.574581619462226,17
Logi-PINN,3,train,2019,LH119,24.570835441873186,21.89925540815849,16
Logi-PINN,3,train,2019,LH128,26.194674915832536,22.15178561626777,17
Logi-PINN,3,train,2019,LH143 (Maintainer),30.366514885768645,22.64540571902259,17
Logi-PINN,3,train,2019,LH145,35.3135406591739,23.87911244165745,17
Logi-PINN,3,train,2019,LH146Ht,33.293774774935954,26.54256107274564,16
Logi-PINN,3,train,2019,LH149,32.53486674502441,25.99272087092723,17
Logi-PINN,3,train,2019,LH165,28.37532742895836,20.27678927496953,17
Logi-PINN,3,train,2019,LH166,20.167524486036648,15.898141505903439,16
Logi-PINN,3,train,2019,LH172,19.494181881393242,13.737639818724599,16
Logi-PINN,3,train,2019,LH184,33.58230100266473,20.015391043968044,17
Logi-PINN,3,train,2019,LH185,46.11083896664557,35.96243979450279,15
Logi-PINN,3,train,2019,LH190,28.17868954239439,18.645341565725506,17
Logi-PINN,3,train,2019,LH191,32.72868448834946,25.338481801694044,16
Logi-PINN,3,train,2019,LH192,30.092429749580372,24.08224783843838,17
Logi-PINN,3,train,2019,LH194,18.64955306096283,15.20529957180643,17
Logi-PINN,3,train,2019,LH195,19.338385785487286,13.101577454614631,17
Logi-PINN,3,train,2019,LH197,29.327305431380672,21.005729286402,17
Logi-PINN,3,train,2019,LH198,30.56572589526293,20.308850555332544,17
Logi-PINN,3,train,2019,LH199,27.541423846665264,21.461613133763453,17
Logi-PINN,3,train,2019,LH202,31.138457862926952,19.4425436058412,17
Logi-PINN,3,train,2019,LH204,21.95246305991834,18.042536790901288,17
Logi-PINN,3,train,2019,LH205,37.39171931336107,23.89313937159808,17
Logi-PINN,3,train,2019,LH206,22.827834977853435,19.272521808623367,16
Logi-PINN,3,train,2019,LH208,38.67174224376976,29.667329579467278,16
Logi-PINN,3,train,2019,LH209,22.493079379073244,15.564021583496435,17
Logi-PINN,3,train,2019,LH213,55.8506972252435,39.349671950366286,16
Logi-PINN,3,train,2019,LH214,24.166546225502,16.946443852694536,17
Logi-PINN,3,train,2019,LH215,48.711048430601615,39.03720820322603,15
Logi-PINN,3,train,2019,LH222,30.52298436330156,25.9208855110684,17
Logi-PINN,3,train,2019,LH223,33.92656665730387,26.2531099580847,16
Logi-PINN,3,train,2019,LH224,31.741554226440385,25.00286145630819,16
Logi-PINN,3,train,2019,LH295,20.375679956488955,15.341599205959861,17
Logi-PINN,3,train,2019,LH59,27.597389115115927,23.124712565380555,17
Logi-PINN,3,train,2019,LH60,28.478793588558183,23.86305880336701,17
Logi-PINN,3,train,2019,LH61,17.15965612776971,12.910635092215937,16
Logi-PINN,3,train,2019,LH74,20.709693337115365,16.91210595119797,17
Logi-PINN,3,train,2019,LH82,20.73864325191868,17.521151071230506,17
Logi-PINN,3,train,2019,LH93,26.171683245423765,21.88671286241136,17
Logi-PINN,3,train,2019,LIBC 4,26.348881964207628,19.90103543875576,17
Logi-PINN,3,train,2019,LP1 NR HT,31.23306718203041,21.032295743587966,17
Logi-PINN,3,train,2019,LP5,42.345962302304684,34.85190437408406,16
Logi-PINN,3,train,2019,Lp215D,34.88541567705404,23.808110092469292,17
Logi-PINN,3,train,2019,M14,32.20529044401241,25.11522514978861,17
Logi-PINN,3,train,2019,MBPM,22.079958274553746,19.287950892539886,17
Logi-PINN,3,train,2019,MBWZ,35.001452678687976,26.3518827214506,17
Logi-PINN,3,train,2019,MEF156-55-2,28.716545715201296,20.556730959062648,16
Logi-PINN,3,train,2019,ML606,46.38539861650212,36.157988319574045,17
Logi-PINN,3,train,2019,MM501D,52.90453402196657,26.921005615835597,17
Logi-PINN,3,train,2019,MQ305,30.159049443099764,26.61557370819644,16
Logi-PINN,3,train,2019,MS116,43.17574268580493,31.67506261481599,16
Logi-PINN,3,train,2019,MS132,28.49596776148569,19.86198100841866,17
Logi-PINN,3,train,2019,MS153,25.9701067572278,20.197744582912623,17
Logi-PINN,3,train,2019,MS200,29.07280241862044,23.9804347310605,17
Logi-PINN,3,train,2019,MS211,29.360020818419038,21.884568097102363,17
Logi-PINN,3,train,2019,MS221,27.781594344252298,22.509350631427495,17
Logi-PINN,3,train,2019,MS224,55.85265018937511,41.7400762622081,15
Logi-PINN,3,train,2019,MS225,31.31261764264942,22.461869310675176,17
Logi-PINN,3,train,2019,MS226,36.099535960258734,26.48009344156469,17
Logi-PINN,3,train,2019,MS24A,15.669201022303547,11.940573024719967,17
Logi-PINN,3,train,2019,MS67,85.55429089873033,65.28579667919249,16
Logi-PINN,3,train,2019,MS71,24.860577635609957,19.401543152186463,17
Logi-PINN,3,train,2019,MS72,26.49112043376832,20.62502414898566,17
Logi-PINN,3,train,2019,Mo46,25.97049803820549,21.12706620714482,16
Logi-PINN,3,train,2019,Mo47,27.88205078472563,22.090246893080483,17
Logi-PINN,3,train,2019,Mo5,40.97259963903068,26.687479619545705,16
Logi-PINN,3,train,2019,N192,18.29489736897486,15.613455826999063,17
Logi-PINN,3,train,2019,N193,15.330498719570956,13.7225909821873,17
Logi-PINN,3,train,2019,N201,33.242201303145826,25.689533926087307,17
Logi-PINN,3,train,2019,N211,48.15123819316706,28.282457826005896,17
Logi-PINN,3,train,2019,N217,47.93117091118713,36.748490639325865,17
Logi-PINN,3,train,2019,N28Ht,42.033838447655526,33.18491641142804,17
Logi-PINN,3,train,2019,N501,31.59641734995799,24.352142505178247,16
Logi-PINN,3,train,2019,N523,28.084656424057485,20.942066304552846,17
Logi-PINN,3,train,2019,N527,32.69432564327306,23.39248424314582,17
Logi-PINN,3,train,2019,N534,42.11765833011458,32.15299931289967,17
Logi-PINN,3,train,2019,N542,38.12578121824828,30.661808062451154,17
Logi-PINN,3,train,2019,N6,29.43074721031274,23.47617694884373,17
Logi-PINN,3,train,2019,NC262,22.310077862389278,15.81420814056717,16
Logi-PINN,3,train,2019,NC294,21.94314264876092,17.618887859625296,17
Logi-PINN,3,train,2019,NC310,26.83420188294844,21.225103647901197,17
Logi-PINN,3,train,2019,NC326,24.641422990638624,17.164635728092712,17
Logi-PINN,3,train,2019,NC328,30.885836858908732,23.71317226975722,17
Logi-PINN,3,train,2019,NC368,34.65574129220411,23.9350003737633,16
Logi-PINN,3,train,2019,NC412,33.46033894574339,29.505204327089366,15
Logi-PINN,3,train,2019,ND247,15.948172949598687,10.711012611979724,15
Logi-PINN,3,train,2019,ND265,25.977076417986446,19.485119046656088,17
Logi-PINN,3,train,2019,NK740,38.68824072491484,26.253033016234312,17
Logi-PINN,3,train,2019,NK778,34.786435994790544,23.039592767132383,16
Logi-PINN,3,train,2019,NK807,22.954127701514228,19.02470418853283,17
Logi-PINN,3,train,2019,NKS8326,32.388662984783736,25.335230042774416,17
Logi-PINN,3,train,2019,NORTH 7,26.474417344848696,20.993437467954976,17
Logi-PINN,3,train,2019,NQ508,29.44279936720074,24.718707470923817,17
Logi-PINN,3,train,2019,NS501,24.202766486198108,18.44820560896181,17
Logi-PINN,3,train,2019,NS701,38.50420738154696,28.73390591310671,17
Logi-PINN,3,train,2019,NY 166 (Neveh Yaar),25.19290817950614,18.95587046519169,17
Logi-PINN,3,train,2019,NY6371,33.488984079086606,24.74425012896041,17
Logi-PINN,3,train,2019,Ny821,23.550440017085794,18.154738048259187,17
Logi-PINN,3,train,2019,OH33,34.43618841159613,27.100501448094224,17
Logi-PINN,3,train,2019,OQ403,35.90141515288268,23.888741558217188,17
Logi-PINN,3,train,2019,OQ603,29.306520266127194,25.135026521580745,17
Logi-PINN,3,train,2019,OS602,20.544622507433814,15.41149477115557,17
Logi-PINN,3,train,2019,Oh40B,27.98454326323982,22.46605899117022,17
Logi-PINN,3,train,2019,Oh43,21.948560847252732,14.542542176707737,17
Logi-PINN,3,train,2019,Oh7,75.55879719440232,55.97247571602884,15
Logi-PINN,3,train,2019,Os420,31.921651580129513,22.14174253374722,17
Logi-PINN,3,train,2019,Os426,40.539573615941684,26.604805382706292,17
Logi-PINN,3,train,2019,PHB09,22.587796734187545,17.198721225343725,17
Logi-PINN,3,train,2019,PHB47,28.298096404086046,22.491345986895823,17
Logi-PINN,3,train,2019,PHBA6,41.19380086327688,30.4418117937562,17
Logi-PINN,3,train,2019,PHBB3,28.851813270360466,23.60822116624075,17
Logi-PINN,3,train,2019,PHBW8,52.08811684867795,37.02255705282708,15
Logi-PINN,3,train,2019,PHG29,38.25181834624873,29.170452567174685,17
Logi-PINN,3,train,2019,PHG47,36.85954454365049,28.23486573102888,17
Logi-PINN,3,train,2019,PHG50,34.548337274298646,24.626646807464834,17
Logi-PINN,3,train,2019,PHG71,25.43705565419682,22.799798923728904,17
Logi-PINN,3,train,2019,PHG72,15.566973412920953,12.472440036711946,17
Logi-PINN,3,train,2019,PHG80,35.22902615059683,29.63027618224743,17
Logi-PINN,3,train,2019,PHG83,33.414295943594496,22.574162272992446,17
Logi-PINN,3,train,2019,PHG86,42.45566794752696,36.054564044938076,16
Logi-PINN,3,train,2019,PHGW7,25.364877140788405,20.906083080012962,17
Logi-PINN,3,train,2019,PHH93,13.934849637182152,10.646979226421097,17
Logi-PINN,3,train,2019,PHHV4,25.63257774460612,18.789050615624735,17
Logi-PINN,3,train,2019,PHJ70,41.5441848213323,30.07889607690209,17
Logi-PINN,3,train,2019,PHJ89,28.529671302700613,23.26711244792872,17
Logi-PINN,3,train,2019,PHJ90,17.645722219198344,12.846333709214777,16
Logi-PINN,3,train,2019,PHJR5,44.59662953169551,30.341564186818545,17
Logi-PINN,3,train,2019,PHK35,29.29011122475869,20.637968634599133,17
Logi-PINN,3,train,2019,PHK42,23.50710739193547,18.137357994035984,17
Logi-PINN,3,train,2019,PHK56,35.896846498434144,28.817945027820443,17
Logi-PINN,3,train,2019,PHK74,32.15882228547134,26.12008382325074,17
Logi-PINN,3,train,2019,PHKE6,23.620060046593576,15.943670532759988,17
Logi-PINN,3,train,2019,PHM10,33.47839333765189,25.3792769553029,16
Logi-PINN,3,train,2019,PHN11,20.881021735091633,16.585209872556213,17
Logi-PINN,3,train,2019,PHN29,32.31382084237812,24.49936262366442,17
Logi-PINN,3,train,2019,PHN66,23.365307753151033,19.97990839363202,16
Logi-PINN,3,train,2019,PHP02,22.674542615348027,16.7490139034383,17
Logi-PINN,3,train,2019,PHP55,34.48682166641642,26.227830921860853,17
Logi-PINN,3,train,2019,PHP76,25.20070956423976,19.696450586159266,17
Logi-PINN,3,train,2019,PHP85,21.101357753396055,17.19972250551144,17
Logi-PINN,3,train,2019,PHPR5,28.332971555891177,20.119602021624104,16
Logi-PINN,3,train,2019,PHR03,37.505939069273765,22.95899547513698,17
Logi-PINN,3,train,2019,PHR30,28.05755223331247,19.4061092350644,17
Logi-PINN,3,train,2019,PHR31,27.394622604845317,22.360902821182425,17
Logi-PINN,3,train,2019,PHR36,33.96875001047456,24.157486535117624,17
Logi-PINN,3,train,2019,PHR47,39.38249693890025,30.084826522592525,17
Logi-PINN,3,train,2019,PHR58,28.45002531341144,25.072746959831242,16
Logi-PINN,3,train,2019,PHR63,22.952125872550628,18.745559466772452,17
Logi-PINN,3,train,2019,PHT10,28.383059768595526,21.68065843065399,17
Logi-PINN,3,train,2019,PHT47,38.77852798860717,26.27683126770826,17
Logi-PINN,3,train,2019,PHT55,35.01577798703128,26.104220302660824,17
Logi-PINN,3,train,2019,PHTM9,34.17080022906764,27.95181113909883,17
Logi-PINN,3,train,2019,PHV37,22.34687839331127,19.354137533542726,17
Logi-PINN,3,train,2019,PHV57,18.99881942055576,16.197830300625423,17
Logi-PINN,3,train,2019,PHV63,42.767015253701985,34.86013737966059,17
Logi-PINN,3,train,2019,PHVA9,22.051305706949073,16.884247671068096,17
Logi-PINN,3,train,2019,PHW03,30.575155966128207,27.913192906227838,17
Logi-PINN,3,train,2019,PHW17,37.61233483621247,28.998213596539255,17
Logi-PINN,3,train,2019,PHW20,30.264258374267857,19.537601689497905,17
Logi-PINN,3,train,2019,PHW30,47.83077480145685,36.175065271498234,15
Logi-PINN,3,train,2019,PHW52,21.506726962578547,18.434878971438216,17
Logi-PINN,3,train,2019,PHW53,33.173077694141014,19.125741481057823,16
Logi-PINN,3,train,2019,PHW79,62.95205866799006,44.3466335177631,15
Logi-PINN,3,train,2019,PHW80,32.61544814009749,20.443731781117467,17
Logi-PINN,3,train,2019,PHW86,22.183992408331587,17.818954733721718,17
Logi-PINN,3,train,2019,PHZ51,35.618574604006604,23.722367297010827,17
Logi-PINN,3,train,2019,Pa392,44.262970658151296,31.008694863981933,17
Logi-PINN,3,train,2019,Pa405,26.648106819369257,16.258791962929376,17
Logi-PINN,3,train,2019,Pa762,20.663272367171086,16.154437277037932,17
Logi-PINN,3,train,2019,Pa875,36.82454174376266,25.38679237795706,17
Logi-PINN,3,train,2019,Pa880,37.41352305809875,27.69210096929309,17
Logi-PINN,3,train,2019,Pa91,23.96803587433179,20.326919211267406,17
Logi-PINN,3,train,2019,Q381,34.106813028938745,26.687546062519797,17
Logi-PINN,3,train,2019,R168,30.931871373784503,25.75332914706283,17
Logi-PINN,3,train,2019,R181B,30.66203047146292,19.9079362129923,17
Logi-PINN,3,train,2019,R226,35.04787360865452,26.633768051192273,17
Logi-PINN,3,train,2019,R227,27.51282388884197,23.481841383074165,17
Logi-PINN,3,train,2019,R71,33.46245316829734,21.184153598435213,17
Logi-PINN,3,train,2019,R78,35.98259176318626,27.59760411136346,16
Logi-PINN,3,train,2019,S8326,43.37239248298702,36.53965365359184,15
Logi-PINN,3,train,2019,SD101,26.606062100080653,18.915040389193983,17
Logi-PINN,3,train,2019,SD102,22.58038460953367,18.407883407869722,17
Logi-PINN,3,train,2019,SD107,33.48080106660246,23.10174301243186,17
Logi-PINN,3,train,2019,SD40,18.852568596563408,14.998130690020295,17
Logi-PINN,3,train,2019,SD44,25.983085661772186,20.041921854085157,17
Logi-PINN,3,train,2019,SG 30A,33.40083442367722,23.052718518570074,17
Logi-PINN,3,train,2019,Seagull Seventeen,37.984231976645916,27.785949819568962,16
Logi-PINN,3,train,2019,T242,26.539821959309588,22.25960260357559,15
Logi-PINN,3,train,2019,TZU-CHIAO-HSI-WU 105,34.704177054918055,24.608923506465793,17
Logi-PINN,3,train,2019,Tr,27.160179410581907,21.612210308939304,17
Logi-PINN,3,train,2019,Va26,56.46245292418608,44.15234588557489,16
Logi-PINN,3,train,2019,Va35,27.779389751985892,19.11893414861701,17
Logi-PINN,3,train,2019,Va52,30.70617155153778,24.823880446300592,16
Logi-PINN,3,train,2019,Va59,39.993910550090874,30.816584185671218,17
Logi-PINN,3,train,2019,Va99,25.156552727092016,20.328737211778638,17
Logi-PINN,3,train,2019,VaW6,18.584939883496407,15.002087514662383,17
Logi-PINN,3,train,2019,W117Ht,34.76901902479794,23.880145547854035,16
Logi-PINN,3,train,2019,W153R,31.110248948395846,19.43154293955991,17
Logi-PINN,3,train,2019,W22,37.899391042307315,31.511107910385846,17
Logi-PINN,3,train,2019,W23,41.42640437724931,29.059753661282894,17
Logi-PINN,3,train,2019,W24,40.7629647142074,35.820469091004796,16
Logi-PINN,3,train,2019,W32,26.780842905520274,19.072173626928862,17
Logi-PINN,3,train,2019,W37A,32.48752934550175,23.966930107338847,15
Logi-PINN,3,train,2019,W552,36.61190253611601,22.683427150966747,17
Logi-PINN,3,train,2019,W603S,41.16067623541905,26.898847116751913,15
Logi-PINN,3,train,2019,W604S,26.548615686239156,20.57799071640483,17
Logi-PINN,3,train,2019,W605S,29.565754594368393,23.380359065163113,17
Logi-PINN,3,train,2019,W607S,26.614678940262376,19.510459129683145,17
Logi-PINN,3,train,2019,W610S,28.686449743660425,21.426873795484173,16
Logi-PINN,3,train,2019,W612S,33.23716456584964,24.250998954203066,17
Logi-PINN,3,train,2019,W614S,33.37893361506806,26.448292135658086,17
Logi-PINN,3,train,2019,W64A,22.098991074875777,15.176112863409257,17
Logi-PINN,3,train,2019,W701BC,18.731762616588835,14.39160731263237,17
Logi-PINN,3,train,2019,W809G,49.68663619353301,37.60833684506493,17
Logi-PINN,3,train,2019,W810G,26.10454122675114,22.12656244029446,17
Logi-PINN,3,train,2019,W812G,47.9268148224584,28.49761203451571,17
Logi-PINN,3,train,2019,W813G,19.624964992371385,13.53646977804662,17
Logi-PINN,3,train,2019,W814G,46.190996664650555,29.130268546387107,17
Logi-PINN,3,train,2019,W8304,25.871787528862807,19.76354622741772,17
Logi-PINN,3,train,2019,W9,23.636333190456995,18.577077620533206,17
Logi-PINN,3,train,2019,WIL900,37.20337487278227,27.62052548806521,17
Logi-PINN,3,train,2019,WR3,33.37010462677905,22.28226174593731,17
Logi-PINN,3,train,2019,WU-TAN-TZAO,40.87793510306195,29.542125281154483,16
Logi-PINN,3,train,2019,YE 4,40.11851177681896,26.6573639193076,17
Logi-PINN,3,train,2019,YING-55,62.57172599537576,47.935897923789604,17
Logi-PINN,3,train,2019,Yu796 NS,28.410320484850484,20.438206102144274,17
Logi-PINN,3,train,2019,ZS635,21.216813939996534,14.396774412757107,17
Logi-PINN,3,val,2020,1538,30.40374424365525,21.419675507169664,5
Logi-PINN,3,val,2020,2369,143.47558160433155,130.34460760503956,6
Logi-PINN,3,val,2020,29MIBZ2,82.83490034460516,62.807531376015554,7
Logi-PINN,3,val,2020,2FACC,23.917660434855637,22.70321086349666,7
Logi-PINN,3,val,2020,2FADB,58.44770473717546,40.73116159662321,7
Logi-PINN,3,val,2020,2MA22,77.25034830863781,63.151471380566946,7
Logi-PINN,3,val,2020,2MCDB,86.18845264864336,70.09019637093478,6
Logi-PINN,3,val,2020,3IJI1,70.05599394805012,55.82642709953695,7
Logi-PINN,3,val,2020,4226,68.08894759264159,53.64317045794665,7
Logi-PINN,3,val,2020,4F-306 108,41.91352979696188,29.76461528237164,7
Logi-PINN,3,val,2020,4N506,60.70674295347429,42.338893701565716,6
Logi-PINN,3,val,2020,6F629,28.310910229917525,22.408779490378798,7
Logi-PINN,3,val,2020,6M502,67.76880661090452,53.36899820112482,7
Logi-PINN,3,val,2020,6M502A,89.80697269285797,76.23013959751145,7
Logi-PINN,3,val,2020,764,61.18639368945578,46.69263102416441,7
Logi-PINN,3,val,2020,78010,68.33294661903291,53.02073893268601,7
Logi-PINN,3,val,2020,78551S,46.22574106134902,37.72832323608399,7
Logi-PINN,3,val,2020,790,62.951520240704674,47.3013647114718,7
Logi-PINN,3,val,2020,793,24.831207457329324,19.98872106791318,7
Logi-PINN,3,val,2020,87916W,46.163942646808366,36.93119191515326,7
Logi-PINN,3,val,2020,911,37.55285609770027,28.4337309265548,7
Logi-PINN,3,val,2020,912,60.590396225021124,45.23114944268301,7
Logi-PINN,3,val,2020,91IFC2,93.8239811580356,78.57112151386947,6
Logi-PINN,3,val,2020,A,68.82961645146536,48.6496182795462,7
Logi-PINN,3,val,2020,A208,39.56291430769944,26.12936640759051,7
Logi-PINN,3,val,2020,A239,24.44720750142567,19.17632245236665,7
Logi-PINN,3,val,2020,A258,51.113816367452,42.86370831151128,7
Logi-PINN,3,val,2020,A272,44.39846986800224,29.864960439621363,7
Logi-PINN,3,val,2020,A305,55.439004013103435,41.693620189851075,7
Logi-PINN,3,val,2020,A321,72.32491666920238,54.431457527542406,7
Logi-PINN,3,val,2020,A322,38.42843082394974,25.313369491492956,7
Logi-PINN,3,val,2020,A334,23.385928221030646,19.292750816904007,7
Logi-PINN,3,val,2020,A340,85.0055076037336,68.27514976145804,7
Logi-PINN,3,val,2020,A374,48.020077349814585,34.63496743995264,7
Logi-PINN,3,val,2020,A385,71.64370189905986,50.63540543703586,7
Logi-PINN,3,val,2020,A427,18.753675047642183,15.628353427013755,7
Logi-PINN,3,val,2020,A548,26.32538098839586,19.802670172276944,7
Logi-PINN,3,val,2020,A556,48.543997871153934,39.71540493157208,6
Logi-PINN,3,val,2020,A572,31.69697703257995,26.228454417021275,7
Logi-PINN,3,val,2020,A619,28.775500686018358,21.42090705590308,7
Logi-PINN,3,val,2020,A627,100.4684815593092,82.83475067595273,7
Logi-PINN,3,val,2020,A632,72.07551204800025,56.49641195153385,7
Logi-PINN,3,val,2020,A634,47.95031262754249,41.45536391547919,7
Logi-PINN,3,val,2020,A635,30.476236594542968,24.556675882394313,7
Logi-PINN,3,val,2020,A641,24.29744625599927,21.057047239298523,7
Logi-PINN,3,val,2020,A648,55.09318788231705,45.424140483127985,7
Logi-PINN,3,val,2020,A649,66.4500774796971,54.23994681239851,7
Logi-PINN,3,val,2020,A659,45.09452505437646,32.47501341321007,7
Logi-PINN,3,val,2020,A663,49.14551559385408,40.70758995865837,7
Logi-PINN,3,val,2020,A672,68.36958021888132,53.35306672659874,7
Logi-PINN,3,val,2020,A674,29.096328489794168,27.686553195708097,7
Logi-PINN,3,val,2020,A679,75.21579879502322,49.8603735739325,7
Logi-PINN,3,val,2020,A680,79.37104832393096,61.04260025144563,6
Logi-PINN,3,val,2020,A682,56.623641039386364,38.209166684663145,7
Logi-PINN,3,val,2020,A71,45.32847097857213,36.59868166957632,7
Logi-PINN,3,val,2020,A73,23.16591812608212,21.725406782082615,7
Logi-PINN,3,val,2020,AQA3,38.17968627865927,28.692403635239298,7
Logi-PINN,3,val,2020,AS6103,89.69196533291239,75.67754997975544,6
Logi-PINN,3,val,2020,AusTRCF 306238,67.09959291371113,53.38683610936672,7
Logi-PINN,3,val,2020,B-18 INBR.FR.SUPERGOLD,35.9188682271121,32.214119169338645,7
Logi-PINN,3,val,2020,B-28,48.029024451578124,40.10592254983574,7
Logi-PINN,3,val,2020,B103,68.14363088056623,47.8110615875195,7
Logi-PINN,3,val,2020,B104,70.47756110691199,54.66872940071583,7
Logi-PINN,3,val,2020,B105,107.52516065199765,92.75906086379,6
Logi-PINN,3,val,2020,B107,74.57599276803745,51.458660857478684,6
Logi-PINN,3,val,2020,B108,30.567771445692117,25.745814843513074,7
Logi-PINN,3,val,2020,B110,37.363842139363896,31.878480715508765,7
Logi-PINN,3,val,2020,B111,49.62127933644781,36.81142542986155,7
Logi-PINN,3,val,2020,B114,94.07577067166234,75.70870305840828,6
Logi-PINN,3,val,2020,B115,88.36383448596358,64.53736258595333,7
Logi-PINN,3,val,2020,B119,74.31389373882183,52.8893257943496,7
Logi-PINN,3,val,2020,B120,53.05232530932116,39.99659118268579,7
Logi-PINN,3,val,2020,B121,61.3965750814031,51.69484872573897,7
Logi-PINN,3,val,2020,B14,127.8155919142036,112.11439027432823,6
Logi-PINN,3,val,2020,B14A,71.10379929053873,57.42933292355239,6
Logi-PINN,3,val,2020,B164,59.412885360584696,47.119860678865315,7
Logi-PINN,3,val,2020,B2,50.910475849664806,39.237477761846776,7
Logi-PINN,3,val,2020,B37,73.10252424986919,64.03820974052041,7
Logi-PINN,3,val,2020,B46,73.58633875533718,53.13863288365699,6
Logi-PINN,3,val,2020,B57,71.6372624068188,56.870350826272215,7
Logi-PINN,3,val,2020,B65,54.74720866000269,42.14696556618154,7
Logi-PINN,3,val,2020,B66,49.43216236782674,33.36321464454263,7
Logi-PINN,3,val,2020,B68,91.03481397144265,76.15496253028842,7
Logi-PINN,3,val,2020,B70,76.42628955816153,57.015151820907896,7
Logi-PINN,3,val,2020,B75,44.09348388568503,33.921584225521535,7
Logi-PINN,3,val,2020,B76,45.63615433698709,33.63128733743727,7
Logi-PINN,3,val,2020,B77,70.27012205715695,57.857957495696255,7
Logi-PINN,3,val,2020,B79,42.908266062064435,31.990775060450435,6
Logi-PINN,3,val,2020,B84,56.624118043084614,39.92029520270571,7
Logi-PINN,3,val,2020,B85,37.57321561682054,28.576979685730937,7
Logi-PINN,3,val,2020,B87,46.69313049269971,36.66183461360246,7
Logi-PINN,3,val,2020,B88,99.32018931301195,79.32447420958624,7
Logi-PINN,3,val,2020,B91,37.73497075986541,33.539212546568514,7
Logi-PINN,3,val,2020,B97,80.0715887359046,61.081513964385245,7
Logi-PINN,3,val,2020,BEI 10 = NORTH 10,38.73799420554933,23.644806202009768,7
Logi-PINN,3,val,2020,BO9,20.70223881638859,15.22968350845456,5
Logi-PINN,3,val,2020,C103,50.46316706954169,41.70885498138555,6
Logi-PINN,3,val,2020,C123,49.599162981013336,27.82637679723904,7
Logi-PINN,3,val,2020,CA-4,29.600476674205154,26.873616999365236,7
Logi-PINN,3,val,2020,CG102,30.933746309542755,24.237188124350308,7
Logi-PINN,3,val,2020,CH157,34.872028149094085,24.208622337515653,7
Logi-PINN,3,val,2020,CH701-30,23.45322744472755,18.370507456182988,6
Logi-PINN,3,val,2020,CH711-10,40.79870836526841,28.315067063692958,7
Logi-PINN,3,val,2020,CH9,71.14150089472913,58.963817046299724,7
Logi-PINN,3,val,2020,CI 40H,53.0026583068744,44.51978188473269,6
Logi-PINN,3,val,2020,CM105,50.07495931990515,43.84574880886316,7
Logi-PINN,3,val,2020,CO257,73.01309234824542,53.8319795386903,7
Logi-PINN,3,val,2020,CO258,47.77490719975923,38.54228758478969,7
Logi-PINN,3,val,2020,CQ702RC,69.2454185195013,59.97056903907985,7
Logi-PINN,3,val,2020,CR 22 INBRED,58.96855992699851,52.321219345194876,5
Logi-PINN,3,val,2020,CS405,14.95156150712082,14.689117781176494,6
Logi-PINN,3,val,2020,DE2,91.10170610623474,75.02009789702781,6
Logi-PINN,3,val,2020,DE4,58.7672943685242,46.258913630311945,7
Logi-PINN,3,val,2020,DE811,52.17116142974659,40.030206815794564,6
Logi-PINN,3,val,2020,DJ7,70.74382488110025,57.047769710264504,7
Logi-PINN,3,val,2020,DK3IIH6,46.167652580469074,39.1795689068529,7
Logi-PINN,3,val,2020,DK4676A,41.67324060674243,29.07889754269406,6
Logi-PINN,3,val,2020,DK78002A,51.888236820245126,38.02450046683565,7
Logi-PINN,3,val,2020,DK78010,63.11816303581552,47.88932869708612,7
Logi-PINN,3,val,2020,DKFAPW,24.146665049588485,19.940751639677437,7
Logi-PINN,3,val,2020,DKFBHJ,63.5401526512185,43.42786840563924,7
Logi-PINN,3,val,2020,DKMBNA,20.64359042945541,17.10967979195577,5
Logi-PINN,3,val,2020,DKPB80,37.731440867191935,27.70534478624582,7
Logi-PINN,3,val,2020,E8501,36.745923096940906,30.511895719852447,6
Logi-PINN,3,val,2020,EAST 028,24.39892399034727,21.34671345900267,7
Logi-PINN,3,val,2020,Eng-Li Chih,27.303539383457494,24.43374302294031,7
Logi-PINN,3,val,2020,F118,62.201625671592204,50.01572092637256,7
Logi-PINN,3,val,2020,F2834T,83.69160534250788,65.55646125040813,7
Logi-PINN,3,val,2020,FBLA,82.08535180732937,60.937200748688575,7
Logi-PINN,3,val,2020,FR19,26.429059007670368,21.983663389267626,7
Logi-PINN,3,val,2020,G80,41.04810063262871,35.51728367423863,7
Logi-PINN,3,val,2020,H110,68.20073767826615,47.331051272815166,7
Logi-PINN,3,val,2020,H113,27.37163031524574,24.382610944045634,7
Logi-PINN,3,val,2020,H121,52.13264441739573,38.78835530375451,7
Logi-PINN,3,val,2020,H122w,96.79249233765326,76.79729943902672,7
Logi-PINN,3,val,2020,H42,76.51262254001826,67.9619959929064,6
Logi-PINN,3,val,2020,H5,88.5894512751701,71.56281890716195,7
Logi-PINN,3,val,2020,H71,79.64691791116311,65.22025519503616,6
Logi-PINN,3,val,2020,H84,99.20215444479635,81.9929131120357,7
Logi-PINN,3,val,2020,H91,63.036942685402686,50.592486010220206,7
Logi-PINN,3,val,2020,H95,40.33986676129073,30.681640618583856,7
Logi-PINN,3,val,2020,H96,67.90694636247952,53.95825284608826,7
Logi-PINN,3,val,2020,H99,61.78861328397618,49.21793101078659,7
Logi-PINN,3,val,2020,HP301,68.77599430532374,52.65670643861353,7
Logi-PINN,3,val,2020,HUANYAO,88.6725650312476,75.19237594163283,7
Logi-PINN,3,val,2020,I29,28.792329464212525,17.46299380928144,7
Logi-PINN,3,val,2020,IA2132,73.41692076761456,57.631519776107076,6
Logi-PINN,3,val,2020,IBB14,73.39419632491844,46.25543680905774,7
Logi-PINN,3,val,2020,IBB15,98.02770383830843,76.40185453980759,7
Logi-PINN,3,val,2020,IBC2,43.55205827674589,36.025926333400015,7
Logi-PINN,3,val,2020,ICI 193,79.04096328521534,53.581334703231,7
Logi-PINN,3,val,2020,ICI 740,51.91550035754986,45.102541405596256,5
Logi-PINN,3,val,2020,ICI 893,65.12909057594695,47.481439384229326,7
Logi-PINN,3,val,2020,ICI 986,71.44215921141662,49.96863769193442,7
Logi-PINN,3,val,2020,IDS28,33.145967968811775,31.71548435630947,7
Logi-PINN,3,val,2020,IDS69,66.96057607751732,51.99473945292659,7
Logi-PINN,3,val,2020,IDS91,61.269274221898975,40.68585680047318,7
Logi-PINN,3,val,2020,INB 101LFY/LFY (A632 X M16 S5),46.51892847737942,38.61667759649187,7
Logi-PINN,3,val,2020,INBRED 141,75.8163136774122,56.523654963803,7
Logi-PINN,3,val,2020,INBRED 2-687,73.36769090576465,54.73060510551952,6
Logi-PINN,3,val,2020,INBRED 305,67.96697891597267,52.47201881064177,7
Logi-PINN,3,val,2020,INBRED 309,78.56897183420044,64.070351409313,6
Logi-PINN,3,val,2020,INBRED 321,44.74899807720165,40.38660674858094,7
Logi-PINN,3,val,2020,Ia 453,32.0561878969846,28.876539719277172,7
Logi-PINN,3,val,2020,J47,75.176416092374,54.58664151127294,7
Logi-PINN,3,val,2020,K150,46.0975743315897,36.83814575534776,7
Logi-PINN,3,val,2020,K41,71.68888597500703,53.977439593419135,7
Logi-PINN,3,val,2020,K47,33.65740729841077,28.2660457457605,7
Logi-PINN,3,val,2020,K55,39.307308551137055,25.724294855894744,7
Logi-PINN,3,val,2020,KUNG-70,49.26399152708554,33.17264388127595,7
Logi-PINN,3,val,2020,L 127,86.19614170740586,70.67431095224082,7
Logi-PINN,3,val,2020,L 135,46.907298439649175,37.04964586551369,7
Logi-PINN,3,val,2020,L 139,51.84389471638243,40.17657323329747,6
Logi-PINN,3,val,2020,L 155,88.61539570057383,74.18208662066908,7
Logi-PINN,3,val,2020,L 289,31.722541149799422,24.635407499004007,7
Logi-PINN,3,val,2020,LH1,66.95929364508797,50.44693193703175,7
Logi-PINN,3,val,2020,LH119,32.07361562743786,22.555304001628162,7
Logi-PINN,3,val,2020,LH128,81.88949246775552,70.41611950636447,7
Logi-PINN,3,val,2020,LH143 (Maintainer),35.9189852376622,28.16652084526986,6
Logi-PINN,3,val,2020,LH145,25.394437112087644,21.87520518365353,7
Logi-PINN,3,val,2020,LH146Ht,30.46026540163539,24.07272005045146,7
Logi-PINN,3,val,2020,LH149,29.200792924248187,24.824933819580675,6
Logi-PINN,3,val,2020,LH165,84.59911780535415,68.65885817811414,6
Logi-PINN,3,val,2020,LH166,69.2248641603021,57.96176225299716,7
Logi-PINN,3,val,2020,LH172,80.4785688259877,61.82525536707669,7
Logi-PINN,3,val,2020,LH184,83.37263094507588,59.60779927808136,7
Logi-PINN,3,val,2020,LH185,64.42125521078019,50.60030024744064,7
Logi-PINN,3,val,2020,LH190,60.20393356141602,48.9954689067547,7
Logi-PINN,3,val,2020,LH191,59.917299076136885,42.08073095769435,7
Logi-PINN,3,val,2020,LH192,31.84398830436935,24.06663538053766,7
Logi-PINN,3,val,2020,LH194,70.48992544365595,58.04778914354772,7
Logi-PINN,3,val,2020,LH195,47.55292924094389,41.687514109793014,7
Logi-PINN,3,val,2020,LH197,30.075172365401873,25.057433092333675,7
Logi-PINN,3,val,2020,LH198,37.744945048552324,30.57851074626535,7
Logi-PINN,3,val,2020,LH199,46.91202443407778,37.204434227013145,7
Logi-PINN,3,val,2020,LH202,50.6432354144942,43.2486448326602,5
Logi-PINN,3,val,2020,LH204,52.89640313546207,37.900185722200426,7
Logi-PINN,3,val,2020,LH205,84.28952396738039,68.64696670472414,7
Logi-PINN,3,val,2020,LH206,63.5439660695416,44.881453367388545,7
Logi-PINN,3,val,2020,LH208,41.473582000936595,36.74315406504125,7
Logi-PINN,3,val,2020,LH209,30.127181693964882,24.405539812244477,7
Logi-PINN,3,val,2020,LH213,67.6563146684288,55.72680150930986,7
Logi-PINN,3,val,2020,LH214,25.430770714973768,21.888887662155476,7
Logi-PINN,3,val,2020,LH215,106.27635456398507,87.01040927873612,7
Logi-PINN,3,val,2020,LH222,93.12558553020263,79.53776439398825,7
Logi-PINN,3,val,2020,LH223,51.19422808893851,42.229209377327265,7
Logi-PINN,3,val,2020,LH224,90.3886938582933,72.29160276417262,6
Logi-PINN,3,val,2020,LH295,57.0811352590046,44.59438398097992,6
Logi-PINN,3,val,2020,LH59,72.73362400474036,56.34838593755812,7
Logi-PINN,3,val,2020,LH60,87.90912953396573,72.62519026581288,7
Logi-PINN,3,val,2020,LH61,51.77267521429663,34.488057546106425,7
Logi-PINN,3,val,2020,LH74,47.2981598433996,39.94801249621422,7
Logi-PINN,3,val,2020,LH82,61.08334509690755,50.351680066928566,7
Logi-PINN,3,val,2020,LH93,71.96409895468682,51.17415867148475,7
Logi-PINN,3,val,2020,LIBC 4,64.66903821001011,57.09835908854574,6
Logi-PINN,3,val,2020,LP1 NR HT,56.880723720005754,35.92182835021019,7
Logi-PINN,3,val,2020,LP5,20.827503750907688,16.423343733517527,7
Logi-PINN,3,val,2020,Lp215D,91.60475553503511,69.10378704055711,7
Logi-PINN,3,val,2020,M14,34.90758865836405,26.70901348303199,7
Logi-PINN,3,val,2020,MBPM,49.78957971502831,37.810956618767825,7
Logi-PINN,3,val,2020,MBWZ,51.320184139385624,37.69850355949581,7
Logi-PINN,3,val,2020,MEF156-55-2,35.020192332044005,26.519681482786464,7
Logi-PINN,3,val,2020,ML606,75.42936676196183,49.67009324392722,7
Logi-PINN,3,val,2020,MM501D,48.84055010660855,33.5925708150293,7
Logi-PINN,3,val,2020,MQ305,74.35080900323017,60.13633940827579,7
Logi-PINN,3,val,2020,MS116,77.79271217333971,67.96221917038851,6
Logi-PINN,3,val,2020,MS132,54.13820737482374,42.291666957102564,7
Logi-PINN,3,val,2020,MS153,84.01709502267842,65.71313967772328,6
Logi-PINN,3,val,2020,MS200,48.79312528468771,39.53041135574161,7
Logi-PINN,3,val,2020,MS211,48.40179379933513,38.096484164497106,7
Logi-PINN,3,val,2020,MS221,48.27436477378507,40.62087003104658,7
Logi-PINN,3,val,2020,MS224,69.76162452468914,59.41811517405018,7
Logi-PINN,3,val,2020,MS225,35.80451982567016,27.151636100586803,7
Logi-PINN,3,val,2020,MS226,31.362736948471692,22.33276649665341,7
Logi-PINN,3,val,2020,MS24A,36.18866096512306,30.778078889942318,7
Logi-PINN,3,val,2020,MS67,43.83563230039186,30.842044488574864,7
Logi-PINN,3,val,2020,MS71,49.61664868687656,41.63438949116752,7
Logi-PINN,3,val,2020,MS72,45.74133628731115,37.68089771860027,5
Logi-PINN,3,val,2020,Mo46,45.757014652155235,36.1979033172445,7
Logi-PINN,3,val,2020,Mo47,34.104633986213955,31.558206367381814,7
Logi-PINN,3,val,2020,Mo5,86.06530546065217,67.60132551206813,7
Logi-PINN,3,val,2020,N192,30.199706849275643,24.956074676734506,7
Logi-PINN,3,val,2020,N193,15.64548549012609,14.064089655339272,7
Logi-PINN,3,val,2020,N201,78.75993643791011,65.78992196275561,6
Logi-PINN,3,val,2020,N211,55.635118186948574,40.36962012629271,6
Logi-PINN,3,val,2020,N217,102.37660358934727,86.01256623316169,7
Logi-PINN,3,val,2020,N28Ht,69.50152634899644,54.53170261563957,7
Logi-PINN,3,val,2020,N501,111.62843265784944,93.64944554197311,7
Logi-PINN,3,val,2020,N523,48.96256269398946,41.68578640423805,7
Logi-PINN,3,val,2020,N527,27.171857875907325,22.06274036081314,7
Logi-PINN,3,val,2020,N534,78.10713501960718,63.20310333978653,7
Logi-PINN,3,val,2020,N542,45.48581478974164,34.552168361369674,7
Logi-PINN,3,val,2020,N6,78.38410005350602,52.5964666705218,7
Logi-PINN,3,val,2020,NC262,70.9833610625933,54.35375127066806,7
Logi-PINN,3,val,2020,NC294,53.1419338672151,43.13423339680061,7
Logi-PINN,3,val,2020,NC310,47.24316308932148,39.1770941734381,7
Logi-PINN,3,val,2020,NC326,45.67169064798717,37.928276296919876,7
Logi-PINN,3,val,2020,NC328,70.56363304141924,58.46186598809839,6
Logi-PINN,3,val,2020,NC368,73.57587765011436,60.531939763759816,7
Logi-PINN,3,val,2020,NC412,51.2086341464424,39.83689710552112,7
Logi-PINN,3,val,2020,ND247,39.510454251900946,33.706512810203876,7
Logi-PINN,3,val,2020,ND265,23.618391527366082,21.824249040292205,7
Logi-PINN,3,val,2020,NK740,103.77397921993672,81.80966834161252,7
Logi-PINN,3,val,2020,NK778,27.945181529781646,25.21043463766247,7
Logi-PINN,3,val,2020,NK807,43.880415825855955,37.80297373787478,6
Logi-PINN,3,val,2020,NKS8326,75.82427835025511,58.53452356229342,6
Logi-PINN,3,val,2020,NORTH 7,104.02510773779538,93.52005480896734,6
Logi-PINN,3,val,2020,NQ508,72.1491725766239,53.324071806002856,7
Logi-PINN,3,val,2020,NS501,97.47129159207326,81.0670086166446,7
Logi-PINN,3,val,2020,NS701,100.18339883913801,87.65357001259089,7
Logi-PINN,3,val,2020,NY 166 (Neveh Yaar),39.500836627134724,30.888120515356512,7
Logi-PINN,3,val,2020,NY6371,45.933148530559265,33.94235206546292,7
Logi-PINN,3,val,2020,Ny821,23.775322090555537,20.01941530235097,7
Logi-PINN,3,val,2020,OH33,54.53752750621441,47.540318599711135,6
Logi-PINN,3,val,2020,OQ403,58.991363047022496,44.51993889245734,7
Logi-PINN,3,val,2020,OQ603,46.09683714796641,35.95737803301796,7
Logi-PINN,3,val,2020,OS602,83.53712174544705,58.32397441936881,7
Logi-PINN,3,val,2020,Oh40B,57.81849433036566,47.27577586556644,7
Logi-PINN,3,val,2020,Oh43,23.54263162232187,20.084942445201424,7
Logi-PINN,3,val,2020,Oh7,98.15040350345454,73.75202477623165,7
Logi-PINN,3,val,2020,Os420,93.12360824702193,83.31591388038218,5
Logi-PINN,3,val,2020,Os426,60.846451043530266,46.06841500992268,7
Logi-PINN,3,val,2020,PHB09,30.887880476143067,27.003305038599013,5
Logi-PINN,3,val,2020,PHB47,22.03984299851979,17.1443768855837,7
Logi-PINN,3,val,2020,PHBA6,55.39167896895934,41.70187938572197,7
Logi-PINN,3,val,2020,PHBB3,35.8076645468602,31.960558830755353,7
Logi-PINN,3,val,2020,PHBW8,73.75118903090717,55.83820035169557,7
Logi-PINN,3,val,2020,PHG29,30.480325173609728,29.468365164041877,5
Logi-PINN,3,val,2020,PHG47,28.597998654388757,25.80097342584416,7
Logi-PINN,3,val,2020,PHG50,70.13473188247053,54.66719624821097,7
Logi-PINN,3,val,2020,PHG71,51.517603659590485,42.184629733454884,7
Logi-PINN,3,val,2020,PHG72,33.709642293029304,27.70226451809853,7
Logi-PINN,3,val,2020,PHG80,85.61223846861867,71.67727567667485,7
Logi-PINN,3,val,2020,PHG83,18.41776664044024,14.908192505607603,7
Logi-PINN,3,val,2020,PHG86,60.77883625633402,46.74391669757232,7
Logi-PINN,3,val,2020,PHGW7,42.757568832378176,36.59030378703609,7
Logi-PINN,3,val,2020,PHH93,93.02934282332664,69.78969266200797,7
Logi-PINN,3,val,2020,PHHV4,65.62901903074376,57.99306816594797,5
Logi-PINN,3,val,2020,PHJ70,67.20248681677647,46.35903537736059,7
Logi-PINN,3,val,2020,PHJ89,54.17348862535874,41.78339292477295,7
Logi-PINN,3,val,2020,PHJ90,45.34336343004339,36.80697770510852,7
Logi-PINN,3,val,2020,PHJR5,64.10271793709065,55.456430018533766,7
Logi-PINN,3,val,2020,PHK35,82.64950491645433,60.551704274694025,6
Logi-PINN,3,val,2020,PHK42,73.16106229350822,62.43805605091945,7
Logi-PINN,3,val,2020,PHK56,58.09634082715549,45.11236479868122,6
Logi-PINN,3,val,2020,PHK74,60.23790846484351,45.45701157071248,7
Logi-PINN,3,val,2020,PHKE6,37.24951971712344,30.085415575346946,7
Logi-PINN,3,val,2020,PHM10,92.11778013182118,71.18577416519076,7
Logi-PINN,3,val,2020,PHN11,25.84202304243654,23.622251545897722,6
Logi-PINN,3,val,2020,PHN29,46.73111033826182,32.41634077459127,7
Logi-PINN,3,val,2020,PHN66,70.56300368107563,61.13434302993223,6
Logi-PINN,3,val,2020,PHP02,23.30475916756046,19.90325363374114,7
Logi-PINN,3,val,2020,PHP55,35.091757388684755,27.087581603311747,7
Logi-PINN,3,val,2020,PHP76,28.145258582957,22.9477351903224,7
Logi-PINN,3,val,2020,PHP85,51.839524315253755,35.59744883963854,7
Logi-PINN,3,val,2020,PHPR5,52.47379527465011,39.17081681222588,7
Logi-PINN,3,val,2020,PHR03,107.77580012060265,85.07002915859267,6
Logi-PINN,3,val,2020,PHR30,63.794149647489284,49.20563172069204,5
Logi-PINN,3,val,2020,PHR31,81.41728351107943,62.12073118288458,7
Logi-PINN,3,val,2020,PHR36,71.38746842221613,46.04054908657208,6
Logi-PINN,3,val,2020,PHR47,43.13678352190948,28.91569794227019,7
Logi-PINN,3,val,2020,PHR58,74.2975192332449,60.65794023144972,5
Logi-PINN,3,val,2020,PHR63,61.085289628283434,43.96187463875323,7
Logi-PINN,3,val,2020,PHT10,65.671393087762,54.53252457900435,7
Logi-PINN,3,val,2020,PHT47,105.65925350210806,88.38617348588302,7
Logi-PINN,3,val,2020,PHT55,101.43853066049763,73.79796861864432,7
Logi-PINN,3,val,2020,PHTM9,46.18113667072758,36.028691034638285,7
Logi-PINN,3,val,2020,PHV37,63.06285735148974,55.61065845821679,7
Logi-PINN,3,val,2020,PHV57,87.55016608939022,71.13135283652319,7
Logi-PINN,3,val,2020,PHV63,80.6544931450369,66.27570665542781,7
Logi-PINN,3,val,2020,PHVA9,91.40408796244915,70.75326923711702,7
Logi-PINN,3,val,2020,PHW03,65.10162065918786,52.75404719409674,7
Logi-PINN,3,val,2020,PHW17,94.35150047973922,71.35118568175122,7
Logi-PINN,3,val,2020,PHW20,56.65853269630827,39.20226831415773,7
Logi-PINN,3,val,2020,PHW30,98.29721631641623,66.23534527541445,7
Logi-PINN,3,val,2020,PHW52,74.24993333951674,63.00138813098967,7
Logi-PINN,3,val,2020,PHW53,66.1389623429898,59.14812906587094,7
Logi-PINN,3,val,2020,PHW79,61.813668426910255,39.905038845881,7
Logi-PINN,3,val,2020,PHW80,25.013861078869233,22.474638025027513,7
Logi-PINN,3,val,2020,PHW86,62.77506706343039,51.42496827196732,7
Logi-PINN,3,val,2020,PHZ51,35.530871520921984,31.13075469879359,7
Logi-PINN,3,val,2020,Pa392,41.41463443869687,31.133733501474556,7
Logi-PINN,3,val,2020,Pa405,93.87117374355083,75.97081387942671,7
Logi-PINN,3,val,2020,Pa762,47.58781356851769,29.15595141075209,7
Logi-PINN,3,val,2020,Pa875,64.64255044383242,38.75400784709126,7
Logi-PINN,3,val,2020,Pa880,73.26415941236343,56.25581871337116,7
Logi-PINN,3,val,2020,Pa91,77.28778127609684,62.16121264588104,7
Logi-PINN,3,val,2020,Q381,49.77747531993206,38.9235654846333,7
Logi-PINN,3,val,2020,R168,15.611892580434338,14.555048931647836,7
Logi-PINN,3,val,2020,R181B,38.60964945197278,32.411596565883904,7
Logi-PINN,3,val,2020,R226,27.200938727374595,22.5031060698992,7
Logi-PINN,3,val,2020,R227,58.092468914381456,49.478779176304045,7
Logi-PINN,3,val,2020,R71,39.06565559923237,30.026025696895122,7
Logi-PINN,3,val,2020,R78,28.559445235257762,23.86983054178521,7
Logi-PINN,3,val,2020,S8326,24.698168505464494,20.415941569001674,6
Logi-PINN,3,val,2020,SD101,40.24520098446076,34.284769157143685,7
Logi-PINN,3,val,2020,SD102,51.853808918148154,44.27944944695056,7
Logi-PINN,3,val,2020,SD107,81.03046197643674,58.15908745134294,7
Logi-PINN,3,val,2020,SD40,32.411949180600814,22.850539651469887,7
Logi-PINN,3,val,2020,SD44,37.238632926140255,31.642345907171222,7
Logi-PINN,3,val,2020,SG 30A,46.96766317044334,29.21697032192007,7
Logi-PINN,3,val,2020,Seagull Seventeen,94.93468455693103,71.72448434663214,6
Logi-PINN,3,val,2020,T242,42.14829340828198,36.07307984896392,7
Logi-PINN,3,val,2020,TZU-CHIAO-HSI-WU 105,34.86614331820015,24.65494565196365,7
Logi-PINN,3,val,2020,Tr,90.99131109359085,75.13999323105008,7
Logi-PINN,3,val,2020,Va26,44.985242547852046,37.85588673739314,7
Logi-PINN,3,val,2020,Va35,67.90864903678204,48.500378868915895,7
Logi-PINN,3,val,2020,Va52,33.245319049270044,30.29157850889683,7
Logi-PINN,3,val,2020,Va59,68.2281684122835,45.90315476068586,7
Logi-PINN,3,val,2020,Va99,66.25327772957853,52.553132538520394,7
Logi-PINN,3,val,2020,VaW6,46.318108095732676,37.75948570106819,7
Logi-PINN,3,val,2020,W117Ht,27.79476243754734,24.173048917374015,7
Logi-PINN,3,val,2020,W153R,108.72365075844122,88.77721022257226,7
Logi-PINN,3,val,2020,W22,56.443286127740045,41.20146241090134,7
Logi-PINN,3,val,2020,W23,36.983889526921885,32.50144795981407,7
Logi-PINN,3,val,2020,W24,50.85201644020486,38.063438537693024,7
Logi-PINN,3,val,2020,W32,51.608855525144094,37.468890622423885,6
Logi-PINN,3,val,2020,W37A,31.020803988030412,22.63003843739033,7
Logi-PINN,3,val,2020,W552,61.192980157274505,47.02347011489354,7
Logi-PINN,3,val,2020,W603S,65.31254270478571,43.02981519232258,7
Logi-PINN,3,val,2020,W604S,49.76088068114782,31.90044333458796,7
Logi-PINN,3,val,2020,W605S,94.17915550454104,78.95852938625096,6
Logi-PINN,3,val,2020,W607S,60.942441146506084,50.54773461975575,7
Logi-PINN,3,val,2020,W610S,88.37412292834323,74.12035419317142,7
Logi-PINN,3,val,2020,W612S,61.898379792221256,46.90979830643088,7
Logi-PINN,3,val,2020,W614S,47.78672694463136,33.24550911835581,7
Logi-PINN,3,val,2020,W64A,23.749864184867352,22.87830488508403,5
Logi-PINN,3,val,2020,W701BC,46.46000236723307,38.7848952382654,7
Logi-PINN,3,val,2020,W809G,80.20664941606745,59.86458556688056,7
Logi-PINN,3,val,2020,W810G,44.39422151371012,35.78451299362421,7
Logi-PINN,3,val,2020,W812G,64.19470333270817,39.38357694041126,6
Logi-PINN,3,val,2020,W813G,39.59060251309744,33.551902245989446,7
Logi-PINN,3,val,2020,W814G,67.77937846465251,51.06789966003747,7
Logi-PINN,3,val,2020,W8304,51.43780923520115,42.90887215754486,6
Logi-PINN,3,val,2020,W9,27.190121424052624,19.300898307674377,7
Logi-PINN,3,val,2020,WIL900,100.06777381606588,79.57549558432193,7
Logi-PINN,3,val,2020,WR3,44.180517431990246,36.29367601237893,7
Logi-PINN,3,val,2020,WU-TAN-TZAO,51.50744325751009,28.91637934338346,7
Logi-PINN,3,val,2020,YE 4,67.64939540183379,46.78568494126856,6
Logi-PINN,3,val,2020,YING-55,52.514981328829776,48.65707831851036,7
Logi-PINN,3,val,2020,Yu796 NS,76.1987603094783,64.8382682005231,7
Logi-PINN,3,val,2020,ZS635,87.57650614761198,73.51966048047512,6
Logi-PINN,3,test,2021,1538,120.86198723338475,100.94690759957868,10
Logi-PINN,3,test,2021,2369,113.39911520224076,87.55288983312714,10
Logi-PINN,3,test,2021,29MIBZ2,65.78432878794862,56.783007351480464,10
Logi-PINN,3,test,2021,2FACC,95.5668581270803,79.55506379055798,10
Logi-PINN,3,test,2021,2FADB,58.54455458766586,43.09277605011959,10
Logi-PINN,3,test,2021,2MA22,121.74788509268076,89.88485114372273,10
Logi-PINN,3,test,2021,2MCDB,154.48582187114746,126.20193668203936,9
Logi-PINN,3,test,2021,3IJI1,95.89733805075294,70.93137608489724,10
Logi-PINN,3,test,2021,4226,149.10070561968075,120.33095359883728,10
Logi-PINN,3,test,2021,4F-306 108,127.51417404187893,94.16277934991912,9
Logi-PINN,3,test,2021,4N506,98.40649200790597,77.5120091515267,10
Logi-PINN,3,test,2021,6F629,156.29892833646824,135.43653413690973,10
Logi-PINN,3,test,2021,6M502,119.53260766750597,99.28160544741806,10
Logi-PINN,3,test,2021,6M502A,155.9219544160453,129.99042135705386,10
Logi-PINN,3,test,2021,764,112.54167449152204,93.92220705646277,10
Logi-PINN,3,test,2021,78010,135.05020056465526,113.07890687888748,10
Logi-PINN,3,test,2021,78551S,91.03604510258363,66.57135049432442,9
Logi-PINN,3,test,2021,790,101.83831619500815,83.15637553874517,10
Logi-PINN,3,test,2021,793,102.51185793059628,83.6655987851666,10
Logi-PINN,3,test,2021,87916W,135.63586105251548,116.20890952428977,9
Logi-PINN,3,test,2021,911,81.9697438094309,65.57331545560844,10
Logi-PINN,3,test,2021,912,113.31579215288808,90.45779563386927,10
Logi-PINN,3,test,2021,91IFC2,100.73797555221228,84.00571572919594,10
Logi-PINN,3,test,2021,A,136.34988448684865,113.45080853185482,10
Logi-PINN,3,test,2021,A208,117.40794830173071,87.68294040195595,10
Logi-PINN,3,test,2021,A239,110.83173404208412,85.72153548911069,10
Logi-PINN,3,test,2021,A258,152.17450333269213,132.76870309638235,10
Logi-PINN,3,test,2021,A272,121.41136027578098,95.56621612199051,10
Logi-PINN,3,test,2021,A305,99.75869797569635,77.55066349142871,10
Logi-PINN,3,test,2021,A321,154.46827626490065,111.41929656703712,10
Logi-PINN,3,test,2021,A322,55.2053839757614,39.8422116618543,10
Logi-PINN,3,test,2021,A334,100.53346936280269,82.45613908377136,10
Logi-PINN,3,test,2021,A340,86.9196552600375,70.8009319417642,10
Logi-PINN,3,test,2021,A374,75.6901196694897,57.33945918860212,10
Logi-PINN,3,test,2021,A385,57.5646420831094,43.40956166178163,10
Logi-PINN,3,test,2021,A427,49.98642282484139,37.29934795646824,10
Logi-PINN,3,test,2021,A548,63.08984764919021,47.170587687139175,10
Logi-PINN,3,test,2021,A556,95.18089683480412,78.73600015055658,10
Logi-PINN,3,test,2021,A572,79.55522944870715,53.854525211850515,10
Logi-PINN,3,test,2021,A619,76.71232026977015,58.97073866667929,10
Logi-PINN,3,test,2021,A627,186.3082844755867,158.04821100185558,10
Logi-PINN,3,test,2021,A632,158.09898279263112,137.04605922248953,9
Logi-PINN,3,test,2021,A634,98.30586205867796,85.31147113831508,10
Logi-PINN,3,test,2021,A635,108.19701683717096,86.1237107602685,10
Logi-PINN,3,test,2021,A641,67.77983153402425,47.939493084003615,10
Logi-PINN,3,test,2021,A648,183.76956624087043,157.29955220100717,9
Logi-PINN,3,test,2021,A649,80.00652626299541,58.35045920999617,10
Logi-PINN,3,test,2021,A659,124.5616568061864,100.55401520845061,10
Logi-PINN,3,test,2021,A663,109.30608931441995,88.84761180365976,10
Logi-PINN,3,test,2021,A672,101.89873057508126,88.05621272305066,10
Logi-PINN,3,test,2021,A674,67.51496833509208,49.76242044177938,10
Logi-PINN,3,test,2021,A679,152.87674462351333,126.44968193235147,10
Logi-PINN,3,test,2021,A680,110.66329986097452,83.46212934085341,10
Logi-PINN,3,test,2021,A682,86.54480884790328,65.64873445746173,10
Logi-PINN,3,test,2021,A71,92.0647149540541,74.25317448996802,10
Logi-PINN,3,test,2021,A73,120.62605288234157,105.59195070900925,10
Logi-PINN,3,test,2021,AQA3,53.06789406233831,43.11843820249719,10
Logi-PINN,3,test,2021,AS6103,108.45907674785947,88.50920371494968,10
Logi-PINN,3,test,2021,AusTRCF 306238,124.16392458656274,99.41114373975873,9
Logi-PINN,3,test,2021,B-18 INBR.FR.SUPERGOLD,68.08123489285457,52.081498384235985,10
Logi-PINN,3,test,2021,B-28,68.07779213747763,51.8295095036983,10
Logi-PINN,3,test,2021,B103,83.3465672101483,67.58631932812482,10
Logi-PINN,3,test,2021,B104,124.95857276520289,104.85665225707908,10
Logi-PINN,3,test,2021,B105,152.32331905952856,128.25992955107776,10
Logi-PINN,3,test,2021,B107,112.38070120077343,81.49435881976649,10
Logi-PINN,3,test,2021,B108,97.26118518216144,79.43856709973413,10
Logi-PINN,3,test,2021,B110,141.76870034386377,119.70172617315049,9
Logi-PINN,3,test,2021,B111,99.63707967919464,81.04720693273528,10
Logi-PINN,3,test,2021,B114,122.19184431283949,81.48632149815153,10
Logi-PINN,3,test,2021,B115,172.40229232290176,146.2512477859359,9
Logi-PINN,3,test,2021,B119,148.75952621631114,121.6093288776764,10
Logi-PINN,3,test,2021,B120,177.10301464221953,151.91109642768726,10
Logi-PINN,3,test,2021,B121,71.27868395718527,53.798645154201324,10
Logi-PINN,3,test,2021,B14,148.94436277730375,109.90770310003549,10
Logi-PINN,3,test,2021,B14A,144.33237263275527,124.34338665044704,9
Logi-PINN,3,test,2021,B164,98.39515264024841,84.52897928279137,10
Logi-PINN,3,test,2021,B2,144.17198163357463,110.43667210541452,9
Logi-PINN,3,test,2021,B37,156.43526471743604,132.73426338992357,10
Logi-PINN,3,test,2021,B46,128.5562424763235,103.67471147955129,10
Logi-PINN,3,test,2021,B57,152.35937339614532,130.07870254962083,10
Logi-PINN,3,test,2021,B65,132.8094372488584,99.07995889071424,10
Logi-PINN,3,test,2021,B66,112.28328830815366,87.82179361196977,10
Logi-PINN,3,test,2021,B68,167.56396585665232,144.0796682577163,9
Logi-PINN,3,test,2021,B70,113.02067255218294,87.56548225602303,10
Logi-PINN,3,test,2021,B75,80.36663359995694,60.68809123777776,9
Logi-PINN,3,test,2021,B76,81.93336511584512,58.83372789266743,10
Logi-PINN,3,test,2021,B77,148.20410635688393,127.09555430752175,10
Logi-PINN,3,test,2021,B79,138.36835540646203,110.6790116459628,10
Logi-PINN,3,test,2021,B84,150.01922569083277,128.45903970384256,9
Logi-PINN,3,test,2021,B85,120.16893253702855,82.15467876028983,10
Logi-PINN,3,test,2021,B87,79.63475279203996,57.81633668721811,10
Logi-PINN,3,test,2021,B88,108.53862624584211,86.59712591274959,10
Logi-PINN,3,test,2021,B91,98.16586474768687,76.85817406443985,10
Logi-PINN,3,test,2021,B97,156.03508472055262,130.24920102337214,10
Logi-PINN,3,test,2021,BEI 10 = NORTH 10,107.09056690646962,82.4495014270661,10
Logi-PINN,3,test,2021,BO9,55.25729891840541,41.15131342997897,10
Logi-PINN,3,test,2021,C103,137.07202137292603,96.8313167390322,10
Logi-PINN,3,test,2021,C123,76.16333985777112,61.386589949252176,10
Logi-PINN,3,test,2021,CA-4,74.54756353906491,55.1265932018192,10
Logi-PINN,3,test,2021,CG102,98.25179725446829,79.67909084801553,10
Logi-PINN,3,test,2021,CH157,55.836315055556135,38.51957523831072,10
Logi-PINN,3,test,2021,CH701-30,106.58071772559417,81.45258292737378,10
Logi-PINN,3,test,2021,CH711-10,93.14808197288478,66.82127408718458,10
Logi-PINN,3,test,2021,CH9,137.1424791117262,102.06387701367495,10
Logi-PINN,3,test,2021,CI 40H,114.31827134866083,91.24590243935904,10
Logi-PINN,3,test,2021,CM105,78.19888783791656,67.73800996755503,10
Logi-PINN,3,test,2021,CO257,192.06716927109528,174.8609998346972,9
Logi-PINN,3,test,2021,CO258,114.86409216960001,99.87411364306601,10
Logi-PINN,3,test,2021,CQ702RC,156.1714538087836,116.94363093663114,10
Logi-PINN,3,test,2021,CR 22 INBRED,81.96537858376252,66.20257951643099,10
Logi-PINN,3,test,2021,CS405,71.14823355470742,51.62607980778337,10
Logi-PINN,3,test,2021,DE2,82.88714443707698,73.39345508046954,10
Logi-PINN,3,test,2021,DE4,92.20678114033112,67.89475973098854,10
Logi-PINN,3,test,2021,DE811,129.22841175600075,108.15024363486309,10
Logi-PINN,3,test,2021,DJ7,158.52191241354646,137.1487732829144,10
Logi-PINN,3,test,2021,DK3IIH6,118.70102542730771,101.59495505923158,10
Logi-PINN,3,test,2021,DK4676A,86.33589489131407,66.75410776507134,10
Logi-PINN,3,test,2021,DK78002A,126.47151228247752,103.4230526410419,10
Logi-PINN,3,test,2021,DK78010,126.05984376216348,105.40777683141236,10
Logi-PINN,3,test,2021,DKFAPW,48.212848303861385,39.3905291090329,10
Logi-PINN,3,test,2021,DKFBHJ,150.1265047523145,121.11893138493592,10
Logi-PINN,3,test,2021,DKMBNA,65.89765908405509,47.25009132562495,10
Logi-PINN,3,test,2021,DKPB80,82.39324501599673,65.56603596001302,10
Logi-PINN,3,test,2021,E8501,163.7802971787225,139.94169999016037,9
Logi-PINN,3,test,2021,EAST 028,94.05735779415096,75.69380924669319,10
Logi-PINN,3,test,2021,Eng-Li Chih,74.89283621533684,62.479824356674065,10
Logi-PINN,3,test,2021,F118,110.95569017805586,95.58365556883004,10
Logi-PINN,3,test,2021,F2834T,156.4408422412425,134.17641673094676,10
Logi-PINN,3,test,2021,FBLA,148.79229167541956,127.42934995299933,10
Logi-PINN,3,test,2021,FR19,130.90202680883837,106.89306500392009,10
Logi-PINN,3,test,2021,G80,105.93621956895583,86.70160294858057,10
Logi-PINN,3,test,2021,H110,104.25536768350848,80.82622929640192,10
Logi-PINN,3,test,2021,H113,76.27956974592755,59.573979907280886,10
Logi-PINN,3,test,2021,H121,72.74224287670782,56.23637858163723,10
Logi-PINN,3,test,2021,H122w,107.46657443740915,87.92367950836243,10
Logi-PINN,3,test,2021,H42,141.31345983090506,106.59274565495294,10
Logi-PINN,3,test,2021,H5,122.15423236351157,89.39497591887107,10
Logi-PINN,3,test,2021,H71,141.3667451858543,112.49625498278537,10
Logi-PINN,3,test,2021,H84,217.98888369295022,185.372196669341,10
Logi-PINN,3,test,2021,H91,114.92363834829246,88.50439676521084,10
Logi-PINN,3,test,2021,H95,107.51845165665291,75.90460086725896,10
Logi-PINN,3,test,2021,H96,181.92823251382626,155.2966382313281,10
Logi-PINN,3,test,2021,H99,69.75759316210593,52.28401419279716,10
Logi-PINN,3,test,2021,HP301,165.8263081231118,146.59488923274847,10
Logi-PINN,3,test,2021,HUANYAO,136.60427544819402,112.08163911458082,10
Logi-PINN,3,test,2021,I29,61.46763939125614,44.00162415407842,10
Logi-PINN,3,test,2021,IA2132,106.29591852640242,81.78327722036636,10
Logi-PINN,3,test,2021,IBB14,113.96120394528138,75.28406581534267,10
Logi-PINN,3,test,2021,IBB15,133.55962324242128,111.54828696137426,10
Logi-PINN,3,test,2021,IBC2,159.56977278643382,130.07390179020632,10
Logi-PINN,3,test,2021,ICI 193,120.71402615418108,95.19604385015467,10
Logi-PINN,3,test,2021,ICI 740,132.36269928506047,101.11041133265336,10
Logi-PINN,3,test,2021,ICI 893,138.0043158337002,114.34365660228214,10
Logi-PINN,3,test,2021,ICI 986,98.4914580412976,67.00102416353747,10
Logi-PINN,3,test,2021,IDS28,112.2378897207154,89.21496324244433,10
Logi-PINN,3,test,2021,IDS69,127.06364426150093,105.37088119523071,9
Logi-PINN,3,test,2021,IDS91,136.352740659997,112.63555357034379,10
Logi-PINN,3,test,2021,INB 101LFY/LFY (A632 X M16 S5),75.5553973016613,59.68745734886862,10
Logi-PINN,3,test,2021,INBRED 141,169.4528013746298,134.37014293058462,10
Logi-PINN,3,test,2021,INBRED 2-687,148.73982645987635,122.1507906815505,10
Logi-PINN,3,test,2021,INBRED 305,149.14992254847817,116.87586904015689,10
Logi-PINN,3,test,2021,INBRED 309,191.24563486101505,154.8215526686999,10
Logi-PINN,3,test,2021,INBRED 321,140.5029816607878,122.55087072702953,9
Logi-PINN,3,test,2021,Ia 453,98.47458532476043,90.34486294082183,10
Logi-PINN,3,test,2021,J47,175.719619882963,135.90826291472303,10
Logi-PINN,3,test,2021,K150,93.9897300610573,76.19826789822642,10
Logi-PINN,3,test,2021,K41,174.2086025897815,150.50845299454863,10
Logi-PINN,3,test,2021,K47,143.60221330393045,127.63681280811292,10
Logi-PINN,3,test,2021,K55,131.02986433982852,108.81824641948235,10
Logi-PINN,3,test,2021,KUNG-70,84.9375472264408,63.01480489098371,10
Logi-PINN,3,test,2021,L 127,71.39766878432282,51.33457939032839,10
Logi-PINN,3,test,2021,L 135,112.71681427664771,89.44027019612415,10
Logi-PINN,3,test,2021,L 139,84.14241383163814,63.6948488338277,10
Logi-PINN,3,test,2021,L 155,120.84257438278537,100.08556046059023,10
Logi-PINN,3,test,2021,L 289,118.27373898184278,89.78817619718251,10
Logi-PINN,3,test,2021,LH1,77.23896767771873,59.6613713221783,10
Logi-PINN,3,test,2021,LH119,71.97844816215547,53.476280431293006,10
Logi-PINN,3,test,2021,LH128,123.82781686873022,111.52464252891889,10
Logi-PINN,3,test,2021,LH143 (Maintainer),71.3750215191572,44.4385072704801,10
Logi-PINN,3,test,2021,LH145,119.92724927663514,104.2465124973333,9
Logi-PINN,3,test,2021,LH146Ht,58.61669671698441,41.676657584159464,10
Logi-PINN,3,test,2021,LH149,56.124248148132,44.78219147035128,10
Logi-PINN,3,test,2021,LH165,120.67757023735359,107.12887302829475,9
Logi-PINN,3,test,2021,LH166,98.12460237513051,75.90502474157172,10
Logi-PINN,3,test,2021,LH172,164.099551116831,142.21207836157478,10
Logi-PINN,3,test,2021,LH184,89.87750837865742,64.34675156230665,10
Logi-PINN,3,test,2021,LH185,147.1685021541575,104.85768962511273,10
Logi-PINN,3,test,2021,LH190,123.15476428957949,93.2639403487749,10
Logi-PINN,3,test,2021,LH191,117.46924711331506,94.12496037799394,10
Logi-PINN,3,test,2021,LH192,111.10277352300953,77.25921389979449,10
Logi-PINN,3,test,2021,LH194,142.30738250485956,119.56701783777892,9
Logi-PINN,3,test,2021,LH195,121.48280128781697,99.10873216977316,10
Logi-PINN,3,test,2021,LH197,96.41608286193319,82.31382222439645,10
Logi-PINN,3,test,2021,LH198,78.60143872002202,60.429585357558,10
Logi-PINN,3,test,2021,LH199,144.19049530054815,128.52699317456424,9
Logi-PINN,3,test,2021,LH202,72.84019764268557,60.60030440233906,10
Logi-PINN,3,test,2021,LH204,153.54979066161758,128.47383946606882,10
Logi-PINN,3,test,2021,LH205,159.0430226032018,133.5615861171937,9
Logi-PINN,3,test,2021,LH206,82.71948511851569,62.14294039097321,10
Logi-PINN,3,test,2021,LH208,126.88049577581033,106.523147512801,10
Logi-PINN,3,test,2021,LH209,80.10257756074895,57.4340740603695,10
Logi-PINN,3,test,2021,LH213,62.33568779364096,54.037387555207616,10
Logi-PINN,3,test,2021,LH214,82.96252542927976,68.24476588102456,10
Logi-PINN,3,test,2021,LH215,149.99702215293973,125.42323363080686,10
Logi-PINN,3,test,2021,LH222,117.41518612565787,103.29370451112031,10
Logi-PINN,3,test,2021,LH223,74.35606006284259,59.91769082328862,10
Logi-PINN,3,test,2021,LH224,125.20709071590076,98.59289081503907,10
Logi-PINN,3,test,2021,LH295,99.6437335978081,83.25291853363538,10
Logi-PINN,3,test,2021,LH59,119.70368114070043,89.47703811614085,10
Logi-PINN,3,test,2021,LH60,120.54214777389231,92.38896081240455,10
Logi-PINN,3,test,2021,LH61,98.46408785606795,76.62136613978399,10
Logi-PINN,3,test,2021,LH74,142.16907495115214,120.49181178278093,10
Logi-PINN,3,test,2021,LH82,106.0436871214006,87.10635795594769,10
Logi-PINN,3,test,2021,LH93,131.54818216865107,112.2469116513787,10
Logi-PINN,3,test,2021,LIBC 4,112.43228304533062,100.26186448113535,10
Logi-PINN,3,test,2021,LP1 NR HT,160.53540260642058,135.4662770162413,10
Logi-PINN,3,test,2021,LP5,57.87877895672871,41.70669238615376,10
Logi-PINN,3,test,2021,Lp215D,85.74980023092934,68.83985804836688,10
Logi-PINN,3,test,2021,M14,77.74329299268963,60.08753475169458,10
Logi-PINN,3,test,2021,MBPM,133.5326520741672,118.31269283774589,10
Logi-PINN,3,test,2021,MBWZ,153.75822853730324,131.23361438012145,9
Logi-PINN,3,test,2021,MEF156-55-2,91.39173981965347,59.89612894625759,10
Logi-PINN,3,test,2021,ML606,83.23401023802019,62.73767547434413,10
Logi-PINN,3,test,2021,MM501D,74.07602804758555,61.9389493303843,10
Logi-PINN,3,test,2021,MQ305,91.40054111161973,76.08462299207545,10
Logi-PINN,3,test,2021,MS116,102.44661776615035,78.29142702231502,10
Logi-PINN,3,test,2021,MS132,94.52582755085399,73.11918820011877,10
Logi-PINN,3,test,2021,MS153,177.19056655068061,154.15041692836093,10
Logi-PINN,3,test,2021,MS200,103.7426932770896,81.79067205147805,10
Logi-PINN,3,test,2021,MS211,88.46947466863365,59.72339120413464,10
Logi-PINN,3,test,2021,MS221,121.80793528780617,106.36864711774197,10
Logi-PINN,3,test,2021,MS224,105.8647084095877,90.10841079691119,10
Logi-PINN,3,test,2021,MS225,84.81418207664152,63.700448145079676,10
Logi-PINN,3,test,2021,MS226,114.61791165521868,82.78301199181836,10
Logi-PINN,3,test,2021,MS24A,55.67117308081945,39.3702584033327,10
Logi-PINN,3,test,2021,MS67,163.56986489443548,134.60503087728122,10
Logi-PINN,3,test,2021,MS71,123.82497419596508,97.57701298098304,10
Logi-PINN,3,test,2021,MS72,88.85739228343637,61.47858110092691,10
Logi-PINN,3,test,2021,Mo46,172.67001516003643,142.8144516535452,10
Logi-PINN,3,test,2021,Mo47,61.82320938693833,46.73810328487766,10
Logi-PINN,3,test,2021,Mo5,112.72493976034524,93.26758514657402,10
Logi-PINN,3,test,2021,N192,100.24829220619736,85.1633822902203,10
Logi-PINN,3,test,2021,N193,61.53657883272693,46.53728134453475,10
Logi-PINN,3,test,2021,N201,132.05480003369166,110.53680099952098,10
Logi-PINN,3,test,2021,N211,73.67816895266265,62.974962334618546,10
Logi-PINN,3,test,2021,N217,126.99206545920414,104.99084903997705,10
Logi-PINN,3,test,2021,N28Ht,186.430634029364,165.82767987011863,10
Logi-PINN,3,test,2021,N501,143.00325639264787,116.7038777208245,10
Logi-PINN,3,test,2021,N523,101.67552731425214,86.17637706217526,10
Logi-PINN,3,test,2021,N527,114.75551459081412,88.83987650471038,10
Logi-PINN,3,test,2021,N534,144.10366155880683,114.21737007644728,10
Logi-PINN,3,test,2021,N542,148.8218073910996,133.61741936730283,10
Logi-PINN,3,test,2021,N6,171.88597645894936,155.80954358039784,8
Logi-PINN,3,test,2021,NC262,110.4788919215211,82.53355245607794,9
Logi-PINN,3,test,2021,NC294,124.47675472823227,99.3368935145782,10
Logi-PINN,3,test,2021,NC310,82.13558851886994,70.35398694188794,10
Logi-PINN,3,test,2021,NC326,135.1007875259288,110.0627058887842,10
Logi-PINN,3,test,2021,NC328,137.76151206032728,114.81359539894693,10
Logi-PINN,3,test,2021,NC368,160.0430019071632,147.97500911654265,9
Logi-PINN,3,test,2021,NC412,139.76668179371893,106.10426162404087,10
Logi-PINN,3,test,2021,ND247,82.90449893755128,62.788584484358886,9
Logi-PINN,3,test,2021,ND265,65.02572109882169,53.920162849662916,10
Logi-PINN,3,test,2021,NK740,196.1306606909104,162.2718885089255,10
Logi-PINN,3,test,2021,NK778,81.52045009560861,58.81064026359447,10
Logi-PINN,3,test,2021,NK807,114.82478772355749,96.00282523508933,10
Logi-PINN,3,test,2021,NKS8326,144.44590948879105,122.99559629653261,10
Logi-PINN,3,test,2021,NORTH 7,141.34353558917275,117.89917330855931,10
Logi-PINN,3,test,2021,NQ508,154.55076041355989,128.74841064973094,10
Logi-PINN,3,test,2021,NS501,141.9261306242893,121.85544151140036,10
Logi-PINN,3,test,2021,NS701,241.46166037617098,218.78534112008998,10
Logi-PINN,3,test,2021,NY 166 (Neveh Yaar),114.84456916273899,91.21074563269863,10
Logi-PINN,3,test,2021,NY6371,145.8943125637316,116.75268028293506,10
Logi-PINN,3,test,2021,Ny821,73.25805678020217,54.4942773111062,10
Logi-PINN,3,test,2021,OH33,154.39942463628506,120.40501529063147,10
Logi-PINN,3,test,2021,OQ403,123.26255496589567,89.78714208721429,10
Logi-PINN,3,test,2021,OQ603,102.71483169886682,83.03266744589344,10
Logi-PINN,3,test,2021,OS602,105.85492433009502,80.49845129777782,10
Logi-PINN,3,test,2021,Oh40B,149.80494258407361,113.89382788869173,10
Logi-PINN,3,test,2021,Oh43,67.88356941382044,49.99039249298282,10
Logi-PINN,3,test,2021,Oh7,148.2541189161464,117.67330401278586,10
Logi-PINN,3,test,2021,Os420,99.25426305373084,77.93296032796437,10
Logi-PINN,3,test,2021,Os426,117.73538574737238,89.45740859771772,10
Logi-PINN,3,test,2021,PHB09,93.25851911894229,68.41558429680133,10
Logi-PINN,3,test,2021,PHB47,70.54103727934927,51.581212337101945,10
Logi-PINN,3,test,2021,PHBA6,117.21060416804839,96.3440772891153,10
Logi-PINN,3,test,2021,PHBB3,134.03395752336178,115.20550255108829,10
Logi-PINN,3,test,2021,PHBW8,99.02226243900934,79.85572914607403,10
Logi-PINN,3,test,2021,PHG29,125.40553539419327,99.31665441211268,10
Logi-PINN,3,test,2021,PHG47,98.20846652781671,71.73079069428366,9
Logi-PINN,3,test,2021,PHG50,84.32176588977377,66.09892514212167,10
Logi-PINN,3,test,2021,PHG71,101.28071203259476,78.66858686708356,10
Logi-PINN,3,test,2021,PHG72,89.66689250794549,71.38315084097037,10
Logi-PINN,3,test,2021,PHG80,149.99431286539064,133.26705873974774,10
Logi-PINN,3,test,2021,PHG83,66.36692462281522,52.01871057625723,10
Logi-PINN,3,test,2021,PHG86,188.95036096452145,164.58036441685954,9
Logi-PINN,3,test,2021,PHGW7,160.97462738098284,118.85420188356878,10
Logi-PINN,3,test,2021,PHH93,156.6113566246011,133.29997902929185,9
Logi-PINN,3,test,2021,PHHV4,130.46644289403136,105.10410232666304,10
Logi-PINN,3,test,2021,PHJ70,181.17317110524948,147.1740142730201,10
Logi-PINN,3,test,2021,PHJ89,61.68428012013335,47.58834335300084,10
Logi-PINN,3,test,2021,PHJ90,142.54868419298464,122.97220534156786,10
Logi-PINN,3,test,2021,PHJR5,138.92837289146445,103.62274468429287,10
Logi-PINN,3,test,2021,PHK35,160.21864022499298,134.23005654280468,10
Logi-PINN,3,test,2021,PHK42,104.40905456229648,85.6021205490791,10
Logi-PINN,3,test,2021,PHK56,190.21229929276777,170.90860663007842,9
Logi-PINN,3,test,2021,PHK74,104.91070718138319,78.68118906417574,10
Logi-PINN,3,test,2021,PHKE6,132.71192781694523,110.7920531583957,10
Logi-PINN,3,test,2021,PHM10,154.4240906191764,131.35329912417154,10
Logi-PINN,3,test,2021,PHN11,120.22665457646684,98.22986771618132,10
Logi-PINN,3,test,2021,PHN29,123.5070499503107,99.10976327508102,9
Logi-PINN,3,test,2021,PHN66,98.56370023624831,77.1375492655819,10
Logi-PINN,3,test,2021,PHP02,94.24212707674131,74.95802013010892,10
Logi-PINN,3,test,2021,PHP55,65.26397256576303,51.29614268919727,10
Logi-PINN,3,test,2021,PHP76,152.32430403078106,127.2377199926606,10
Logi-PINN,3,test,2021,PHP85,100.69743576220864,83.49357659566422,8
Logi-PINN,3,test,2021,PHPR5,138.3321259115282,99.04170627028003,10
Logi-PINN,3,test,2021,PHR03,160.25152872416828,133.24285750391002,10
Logi-PINN,3,test,2021,PHR30,99.43711820774064,73.87347074770994,10
Logi-PINN,3,test,2021,PHR31,150.9824715856088,120.72603215187046,10
Logi-PINN,3,test,2021,PHR36,134.4645087080464,102.21584524028,10
Logi-PINN,3,test,2021,PHR47,131.52683690713636,101.17307272769335,10
Logi-PINN,3,test,2021,PHR58,95.23596211015591,76.62602843141761,10
Logi-PINN,3,test,2021,PHR63,110.79931139923474,91.94651422347064,10
Logi-PINN,3,test,2021,PHT10,124.36667592893576,100.93131743067852,10
Logi-PINN,3,test,2021,PHT47,115.06640910944134,92.92956802571578,10
Logi-PINN,3,test,2021,PHT55,141.85038570132377,115.43618270627903,10
Logi-PINN,3,test,2021,PHTM9,88.5651880869808,65.27523016210824,10
Logi-PINN,3,test,2021,PHV37,82.44399501191732,66.39852120056284,10
Logi-PINN,3,test,2021,PHV57,134.44264626529383,108.72468488026925,10
Logi-PINN,3,test,2021,PHV63,150.01131068615683,130.9701004551242,10
Logi-PINN,3,test,2021,PHVA9,124.46065271221161,107.49560152496865,10
Logi-PINN,3,test,2021,PHW03,114.9690690697295,89.75130076100653,10
Logi-PINN,3,test,2021,PHW17,120.90123439781178,88.00825823537211,10
Logi-PINN,3,test,2021,PHW20,161.5568796520071,117.02031537109833,10
Logi-PINN,3,test,2021,PHW30,103.56444855821688,79.26184311455476,10
Logi-PINN,3,test,2021,PHW52,129.17214350880892,103.98388331810456,10
Logi-PINN,3,test,2021,PHW53,146.54018595289182,123.60839116240136,10
Logi-PINN,3,test,2021,PHW79,105.74836613867555,84.62965403408538,8
Logi-PINN,3,test,2021,PHW80,81.76986955490817,63.74632105475352,10
Logi-PINN,3,test,2021,PHW86,82.83279110861584,61.889252429312556,10
Logi-PINN,3,test,2021,PHZ51,115.95294161221393,91.93347837786945,10
Logi-PINN,3,test,2021,Pa392,89.88550312270394,69.80443601315845,10
Logi-PINN,3,test,2021,Pa405,118.51446076371951,97.84270789118139,10
Logi-PINN,3,test,2021,Pa762,108.28430057553024,85.16477120351408,10
Logi-PINN,3,test,2021,Pa875,168.50275312869107,145.3634779896965,10
Logi-PINN,3,test,2021,Pa880,108.64221290469376,86.2082578840435,10
Logi-PINN,3,test,2021,Pa91,163.05653347486108,130.72813859676097,10
Logi-PINN,3,test,2021,Q381,111.08978242037368,87.18780926594889,10
Logi-PINN,3,test,2021,R168,100.14326478772544,73.4988991101208,10
Logi-PINN,3,test,2021,R181B,100.33515855557211,70.69372888258602,10
Logi-PINN,3,test,2021,R226,137.6116539086986,116.45007409784098,10
Logi-PINN,3,test,2021,R227,170.788774783114,153.9788142962346,10
Logi-PINN,3,test,2021,R71,101.05354538402813,89.07738980053232,10
Logi-PINN,3,test,2021,R78,137.7026030054519,111.608131758848,10
Logi-PINN,3,test,2021,S8326,114.24342889595079,89.55064302716143,10
Logi-PINN,3,test,2021,SD101,118.76098952326066,100.2032043162528,10
Logi-PINN,3,test,2021,SD102,104.09416229894931,91.06741127948919,10
Logi-PINN,3,test,2021,SD107,141.8740456259116,104.80745872711664,10
Logi-PINN,3,test,2021,SD40,150.21367643467022,116.84102989487607,10
Logi-PINN,3,test,2021,SD44,72.88450833606059,59.60036078889285,10
Logi-PINN,3,test,2021,SG 30A,111.73864391708713,78.93340796413297,10
Logi-PINN,3,test,2021,Seagull Seventeen,192.28384819505092,156.7490267849069,10
Logi-PINN,3,test,2021,T242,77.14923420343578,55.96477419235775,10
Logi-PINN,3,test,2021,TZU-CHIAO-HSI-WU 105,89.24824875723617,66.36050902535753,10
Logi-PINN,3,test,2021,Tr,69.1523994744373,56.69601765605087,10
Logi-PINN,3,test,2021,Va26,138.10463413475406,110.05599753205907,10
Logi-PINN,3,test,2021,Va35,117.77281448667317,91.32941447574618,10
Logi-PINN,3,test,2021,Va52,67.67442480462303,55.0491460542343,10
Logi-PINN,3,test,2021,Va59,138.31152196990942,108.1209181137134,9
Logi-PINN,3,test,2021,Va99,84.06824545889803,61.67718234387114,10
Logi-PINN,3,test,2021,VaW6,136.1044103205587,120.42379854465892,9
Logi-PINN,3,test,2021,W117Ht,109.44841426152897,93.4196106427292,9
Logi-PINN,3,test,2021,W153R,134.53436152745175,102.78010828927562,8
Logi-PINN,3,test,2021,W22,126.77256616790454,102.5651847901286,10
Logi-PINN,3,test,2021,W23,122.5067434178716,98.78898530243968,10
Logi-PINN,3,test,2021,W24,105.75010864012818,90.96996580047423,10
Logi-PINN,3,test,2021,W32,107.94942876732028,87.58746637833408,10
Logi-PINN,3,test,2021,W37A,76.99175714958298,60.88272035594912,10
Logi-PINN,3,test,2021,W552,108.81193611145058,78.36376780394787,10
Logi-PINN,3,test,2021,W603S,108.80906563878895,74.96460793841305,10
Logi-PINN,3,test,2021,W604S,138.61540137399544,109.36719728496065,9
Logi-PINN,3,test,2021,W605S,97.61194270683347,80.06216277831754,10
Logi-PINN,3,test,2021,W607S,158.80131706689357,129.11759670516045,10
Logi-PINN,3,test,2021,W610S,155.33870664297982,119.85406860667081,10
Logi-PINN,3,test,2021,W612S,133.84914537804408,105.7078822702835,9
Logi-PINN,3,test,2021,W614S,117.48476243231305,99.66584553898046,9
Logi-PINN,3,test,2021,W64A,82.45544111030895,59.45467737050674,10
Logi-PINN,3,test,2021,W701BC,97.78966280128734,82.81366028753355,10
Logi-PINN,3,test,2021,W809G,242.60248420784103,211.19718683143182,10
Logi-PINN,3,test,2021,W810G,143.09250305562304,123.62270286642588,10
Logi-PINN,3,test,2021,W812G,103.6503197943162,79.84710211461581,10
Logi-PINN,3,test,2021,W813G,106.1161030074198,88.60811076211756,10
Logi-PINN,3,test,2021,W814G,43.275670040583435,35.0410142909498,9
Logi-PINN,3,test,2021,W8304,157.80895343912874,130.8497530567659,10
Logi-PINN,3,test,2021,W9,73.10037296459593,57.83279936604104,10
Logi-PINN,3,test,2021,WIL900,151.8240136655851,124.62767791031919,10
Logi-PINN,3,test,2021,WR3,113.4661833956137,90.283122275073,10
Logi-PINN,3,test,2021,WU-TAN-TZAO,132.9212716915411,91.91201847828646,10
Logi-PINN,3,test,2021,YE 4,155.28133200201276,117.23731458373229,10
Logi-PINN,3,test,2021,YING-55,139.97273096371643,116.3280742086954,10
Logi-PINN,3,test,2021,Yu796 NS,124.92289738393059,105.35943398233431,10
Logi-PINN,3,test,2021,ZS635,149.9347544488125,125.75325643651384,10
