"Plot"	"Block"	"Entry"	"Genotype"	"Rep"	"X05212020"	"X06032020"	"X06082020"	"X06162020"	"X06232020"	"X07012020"	"X07222020"	"X07292020"
"1"	"YC20:1001"	1	22	"L 135"	"1"	1.84313725490195	3.91764705882353	3.57960784313725	7.53725490196078	7.38980392156862	20.6666666666667	34.7729411764706	42.2631372549019
"2"	"YC20:1002"	1	124	"MEF156-55-2"	"1"	1.5686274509804	2.70588235294118	2.37058823529412	3.8113725490196	2.86274509803921	18.3921568627451	32	37.1007843137255
"3"	"YC20:1003"	1	228	"LH93"	"1"	1.2156862745098	2.50980392156863	2.62745098039216	5.5121568627451	1.64705882352941	18.156862745098	36.1960784313725	43.8905882352941
"4"	"YC20:1004"	1	133	"OQ603"	"1"	1.64705882352942	3.06980392156863	3.25490196078432	8.53843137254902	7.84313725490196	21.4117647058824	35.6980392156863	42.2745098039216
"5"	"YC20:1005"	1	145	"2FACC"	"1"	1.49019607843138	2.47058823529412	2.66666666666667	7.01960784313725	8.30980392156862	21.1090196078431	36.8188235294118	44.3254901960784
"6"	"YC20:1006"	1	121	"LH38"	"1"	1.5686274509804	1.72549019607844	1.80392156862745	1.88156862745098	1.37254901960784	18.078431372549	32.156862745098	36.3137254901961
"7"	"YC20:1007"	1	141	"WR3"	"1"	1.5686274509804	2.31372549019608	1.95686274509804	5.45058823529412	6.54901960784314	20.3529411764706	40.0070588235294	49.0588235294118
"8"	"YC20:1008"	1	71	"ICI581"	"1"	1.1764705882353	2.19607843137255	2.15686274509804	1.92156862745098	1.17490196078431	16.7764705882353	24.4211764705882	29.4117647058823
"9"	"YC20:1009"	1	110	"DKFBHJ"	"1"	1.1764705882353	2.19607843137254	2.19607843137255	6.10627450980392	4.65529411764705	19.7490196078431	37.9772549019608	48.7176470588235
"10"	"YC20:1010"	1	173	"N193"	"1"	1.2156862745098	2.39215686274509	3.13764705882352	7.25490196078432	10.3529411764706	19.8039215686275	36.6788235294118	42.2745098039216
"11"	"YC20:1011"	1	184	"PHN82"	"1"	1.17647058823529	1.96078431372549	1.49019607843137	1.5686274509804	0.941176470588234	14.4329411764706	23.2945098039216	28.1670588235294
"12"	"YC20:1012"	1	24	"NORTH 7"	"1"	1.56862745098039	2.03921568627451	2	2.15686274509804	1.2156862745098	13.7254901960784	27.2772549019608	27.8521568627451
"13"	"YC20:1013"	1	207	"A627"	"1"	1.72549019607843	2.23529411764706	1.84313725490195	2.66666666666666	1.68627450980392	17.0039215686275	30.5305882352941	38.6274509803922
"14"	"YC20:1014"	1	49	"IBB15"	"1"	1.27058823529411	1.80392156862745	1.45098039215686	1.21843137254901	0.805882352941172	16.5372549019608	30.4705882352941	37.2196078431372
"15"	"YC20:1015"	1	183	"PHN66"	"1"	1.29411764705882	2.74509803921569	2.61607843137254	3.50627450980391	6.47058823529412	17.9607843137255	36.7843137254902	45.5572549019608
"16"	"YC20:1016"	1	101	"A672"	"1"	1.33333333333334	2.77294117647059	2.3921568627451	4.93999999999997	7.33333333333334	20.0392156862745	35.6749019607843	42.48
"17"	"YC20:1017"	1	108	"DK4676A"	"1"	1.1764705882353	3.03137254901961	2.92980392156862	5.15372549019607	7.88039215686275	21.2549019607843	32.1847058823529	38.9258823529412
"18"	"YC20:1018"	1	39	"29MIBZ2"	"1"	2.03529411764706	3.2156862745098	2.7843137254902	2.89058823529412	2.86274509803922	18.6788235294118	31.721568627451	39.1490196078431
"19"	"YC20:1019"	1	1	"A322"	"1"	1.33333333333333	3.37254901960785	3.41176470588235	6.32549019607843	4.64627450980393	19.1372549019608	33.4172549019608	43.4513725490196
"20"	"YC20:1020"	1	17	"CA-4"	"1"	1.83176470588234	2.86274509803922	2.86274509803922	3.96078431372549	3.14666666666666	16.3811764705882	28.8121568627451	36.498431372549
"21"	"YC20:1021"	1	159	"DK3IIH6"	"1"	1.25490196078431	2.17960784313725	2.03921568627451	5.00823529411764	7.52549019607843	17.0588235294118	34.2862745098039	44.1686274509804
"22"	"YC20:1022"	1	115	"L 155"	"1"	1.76470588235293	2.15686274509804	2.23529411764706	2.74509803921569	0.941176470588232	16.3529411764706	30.498431372549	37.2941176470588
"23"	"YC20:1023"	1	16	"AQA3"	"1"	1.17647058823529	2.23529411764706	2.10627450980392	4.82352941176471	6.03921568627451	18.9411764705882	30	35.5686274509804
"24"	"YC20:1024"	1	153	"B76"	"1"	1.92156862745098	2.62745098039216	2.82352941176471	2.98039215686275	5.45725490196077	17.8	36.521568627451	45.6243137254902
"25"	"YC20:1025"	1	45	"CH711-10"	"1"	1.1764705882353	2.84705882352941	2.76274509803921	6.47098039215686	8.03921568627451	20.5098039215686	37.2549019607843	46.3137254901961
"26"	"YC20:1026"	1	241	"PHG80"	"1"	1.29411764705883	2.82352941176471	3.65803921568627	8.86274509803921	9.80392156862745	20.498431372549	35.5964705882353	43.9960784313725
"27"	"YC20:1027"	1	130	"N192"	"1"	1.13725490196079	2.03921568627451	2.47058823529412	6.86274509803921	9.91372549019608	18.8235294117647	35.4674509803921	42.6235294117647
"28"	"YC20:1028"	1	219	"DE4"	"1"	1.60784313725491	2.20392156862745	2.27450980392157	3.08392156862744	4.27450980392157	16.9803921568627	33.5572549019608	40.9019607843137
"29"	"YC20:1029"	1	82	"PHH93"	"1"	2.30235294117647	2.18470588235293	2.38078431372549	2.33019607843136	1.45098039215686	16.7411764705882	34.9701960784314	42.7843137254902
"30"	"YC20:1030"	1	162	"Eng-Li Chih"	"1"	1.17647058823529	2.11764705882352	3.01960784313726	5.37254901960784	6.40274509803922	18.4552941176471	35.7533333333333	43.7258823529412
"31"	"YC20:1031"	1	62	"W552"	"1"	1.17647058823529	2.36470588235293	1.52549019607845	1.80392156862745	3.42039215686275	16.9298039215686	32.521568627451	38.7847058823529
"32"	"YC20:1032"	1	238	"Os420"	"1"	1.45098039215686	2.7843137254902	2.61019607843137	4.8235294117647	4.74509803921569	16.2352941176471	34.1925490196078	44.3098039215686
"33"	"YC20:1033"	1	25	"Oh43"	"1"	1.49019607843137	3.64705882352942	3.41176470588235	6.11764705882352	7.38352941176471	18.4941176470588	34.7058823529412	43.2666666666667
"34"	"YC20:1034"	1	14	"A305"	"1"	1.64705882352942	2.16470588235294	2.50980392156863	5.14823529411765	6.90196078431373	19.2827450980392	35.5647058823529	48.8588235294118
"35"	"YC20:1035"	1	109	"DK78002A"	"1"	1.09803921568628	2.19607843137255	2.70588235294117	6.62745098039215	8.71607843137253	19.4901960784314	38	48.0392156862745
"36"	"YC20:1036"	1	189	"SD101"	"1"	1.45098039215687	3.56862745098039	3.92156862745098	7.34862745098038	10.5925490196078	17.1764705882353	32.521568627451	38.7235294117647
"37"	"YC20:1037"	1	208	"A632"	"1"	1.17647058823529	2.66666666666666	2.67764705882353	5.17647058823529	4.86156862745098	17.5176470588235	34.6274509803922	42.0392156862745
"38"	"YC20:1038"	1	167	"LH165"	"1"	1.1764705882353	2.35294117647059	2.22392156862745	2.07843137254902	1.5686274509804	16.5035294117647	28.3141176470588	34.6274509803922
"39"	"YC20:1039"	1	116	"LH145"	"1"	1.45098039215687	2.70588235294118	3.41176470588236	7.25490196078431	5.85490196078432	18.5490196078431	35.3611764705882	43.4235294117647
"40"	"YC20:1040"	1	135	"PHG29"	"1"	1.21568627450981	3.87215686274511	3.33607843137255	8.07176470588234	9.94941176470588	18.0039215686274	34.9019607843137	42.9019607843137
"41"	"YC20:1041"	1	243	"PHK76"	"1"	1.89411764705882	2.82392156862745	2.42941176470588	2.94117647058823	2.15686274509804	8.66666666666667	19.6250980392157	28.5313725490196
"42"	"YC20:1042"	1	118	"LH206"	"1"	1.92156862745098	2.31372549019608	2.43137254901961	5.13725490196078	3.68235294117646	18.6549019607843	31.8635294117647	40
"43"	"YC20:1043"	1	156	"BO9"	"1"	1.13725490196079	2.38078431372548	2.11764705882353	4.9764705882353	8.33372549019607	17.0980392156863	33.2694117647059	41.1549019607843
"44"	"YC20:1044"	1	128	"MS200"	"1"	1.41176470588235	2.53490196078431	2.52156862745098	3.43686274509804	4.03098039215686	16.9254901960784	30.5607843137255	36.7188235294118
"45"	"YC20:1045"	1	160	"DKFAPW"	"1"	1.46274509803921	2.78745098039216	2.54901960784314	5.46705882352941	7.36392156862744	19.5250980392157	35.1764705882353	43.5572549019608
"46"	"YC20:1046"	1	176	"NY 159 (Neveh Yaar)"	"1"	1.33333333333333	1.49803921568628	1.17647058823529	1.29411764705883	1.01960784313725	13.2458823529412	30.1505882352941	38.1870588235294
"47"	"YC20:1047"	1	235	"N6"	"1"	2.50980392156863	2.66666666666667	3.28705882352941	2.70588235294118	1.6078431372549	17.4235294117647	33.0980392156863	41.0588235294118
"48"	"YC20:1048"	1	51	"LH149"	"1"	1.64705882352942	4.08823529411764	4.06313725490195	8.91686274509804	11.0588235294118	21.6078431372549	34.9019607843137	41.1372549019608
"49"	"YC20:1049"	1	94	"ZS635"	"1"	1.48588235294118	3.72549019607843	3.29411764705882	2.92980392156863	2.90196078431372	18.5709803921569	33.2109803921569	47.4650980392157
"50"	"YC20:1050"	1	206	"A401"	"1"	1.96078431372549	2.35294117647059	2.19607843137255	2.11764705882354	2.01647058823528	15.7141176470588	31.3725490196078	37.9607843137255
"51"	"YC20:1051"	1	19	"FC46"	"1"	1.76470588235295	3.20431372549019	2.67450980392157	3.61921568627451	8.70588235294118	18.2745098039216	35.2941176470588	43.62
"52"	"YC20:1052"	1	106	"CH157"	"1"	1.79254901960784	2.94117647058824	2.90627450980392	5.25803921568627	10.4313725490196	19.8823529411765	36.3529411764706	45.3333333333333
"53"	"YC20:1053"	1	87	"PHP55"	"1"	1.30196078431373	3.05882352941176	2.82352941176471	4.10627450980392	6.27450980392157	16.2823529411765	38.7450980392157	48.4705882352941
"54"	"YC20:1054"	1	237	"OH33"	"1"	1.37254901960785	2.38078431372548	2.90196078431373	6.14666666666666	2.5356862745098	20.5450980392157	40.756862745098	53.7254901960784
"55"	"YC20:1055"	1	253	"PH207"	"1"	1.96078431372549	2.31372549019608	2.27450980392157	5.64078431372548	6.23529411764706	21.1372549019608	36.7843137254902	45.6772549019608
"56"	"YC20:1056"	1	148	"A634"	"1"	1.92156862745098	3.57254901960785	4.15686274509804	7.61490196078431	8.86274509803922	19.1764705882353	33.5572549019608	40.2611764705882
"57"	"YC20:1057"	1	112	"G80"	"1"	1.41176470588236	3.6078431372549	2.98039215686275	6.43176470588234	8.51019607843137	18.8627450980392	31.843137254902	38.576862745098
"58"	"YC20:1058"	1	146	"4F-306 108"	"1"	1.52941176470589	2.31372549019607	2.7843137254902	5.64705882352941	4.86274509803922	15.3380392156863	32.9098039215686	39.2509803921569
"59"	"YC20:1059"	1	81	"PHG72"	"1"	1.66352941176471	2.50980392156862	2.82352941176471	8.94627450980392	10.1082352941176	19.1258823529412	31.7254901960784	38.1180392156863
"60"	"YC20:1060"	1	239	"Pa392"	"1"	1.52941176470589	2.74509803921569	3.1764705882353	7.17254901960784	10.1176470588235	19.4117647058824	36.3921568627451	44.5278431372549
"61"	"YC20:1061"	1	13	"91IFC2"	"1"	1.52941176470589	3.01960784313726	2.7843137254902	3.29411764705882	2.87411764705883	15.0980392156863	33.5921568627451	36.4478431372549
"62"	"YC20:1062"	1	165	"LH132"	"1"	1.09803921568628	2.35294117647058	1.85098039215687	4	2.98039215686275	17.1764705882353	30.7450980392157	35.0713725490196
"63"	"YC20:1063"	1	180	"PHBA6"	"1"	1.60784313725491	3.09803921568627	2.58823529411765	6.10901960784313	7.28313725490196	21.1607843137255	42.4588235294118	53.8823529411765
"64"	"YC20:1064"	1	12	"911"	"1"	1.80392156862744	3.17647058823529	2.98039215686275	3.49019607843137	3.58823529411765	16.8352941176471	32.4647058823529	37.6078431372549
"65"	"YC20:1065"	1	256	"B73"	"1"	1.76470588235294	3.61882352941176	3.20431372549019	8.66666666666666	8.35294117647059	21.0980392156863	37.4117647058823	44.3647058823529
"66"	"YC20:1066"	1	34	"PHW86"	"1"	1.05882352941176	2.27450980392157	2.07843137254902	4.98039215686274	3.43137254901962	18.0862745098039	31.7254901960784	38.1533333333333
"67"	"YC20:1067"	1	139	"SD102"	"1"	1.45098039215686	1.96078431372549	2.11764705882353	4.58823529411764	5.84313725490197	16.7019607843137	28.9137254901961	35.3725490196078
"68"	"YC20:1068"	1	190	"SD44"	"1"	1.80392156862744	2.86274509803922	2.90470588235294	4.26313725490195	6.79607843137255	16.6274509803922	35.4803921568627	44.3254901960784
"69"	"YC20:1069"	1	111	"DKMBNA"	"1"	1.88235294117646	2.90196078431373	2.61607843137254	6.27450980392157	9.60392156862745	21.0980392156863	36.0905882352941	42.9529411764706
"70"	"YC20:1070"	1	77	"LP5"	"1"	1.17647058823529	3.30509803921568	3.88235294117647	8.47058823529412	8.05843137254902	19.8823529411765	33.9607843137255	38.8980392156863
"71"	"YC20:1071"	1	75	"LH61"	"1"	1.5686274509804	2.54901960784314	1.76470588235293	2.3921568627451	4.19058823529411	18.8862745098039	33.5686274509804	41.2160784313725
"72"	"YC20:1072"	1	260	"B73"	"1"	1.52941176470589	3.13725490196078	2.86274509803922	8.38352941176471	10.8627450980392	22.1847058823529	38.7176470588235	47.8156862745098
"73"	"YC20:1073"	1	223	"ICI 740"	"1"	1.80392156862746	3.01215686274509	3.01568627450981	5.48666666666666	10.0713725490196	21.3843137254902	38	47.6152941176471
"74"	"YC20:1074"	1	67	"EAST 028"	"1"	0.784313725490193	5.00823529411765	4.92980392156862	10.3862745098039	10.7556862745098	22.2745098039216	34.5882352941176	42.6274509803922
"75"	"YC20:1075"	1	177	"Ny821"	"1"	1.6078431372549	2.23529411764705	2.62745098039216	2.76588235294118	6.48470588235294	17.4509803921569	32.1960784313725	38.678431372549
"76"	"YC20:1076"	1	99	"A427"	"1"	1.56862745098039	2.65529411764706	3.2156862745098	6.47882352941176	8.50980392156862	19.1611764705882	33.6156862745098	41.4509803921569
"77"	"YC20:1077"	1	158	"CI 40H"	"1"	1.92156862745097	3.85098039215686	3.33333333333333	6.01882352941176	8.6556862745098	21.4674509803922	46.6352941176471	48.0670588235294
"78"	"YC20:1078"	1	43	"A556"	"1"	1.6078431372549	2.66666666666667	2.43137254901961	3.60392156862745	5.41176470588236	16.1176470588235	30.7450980392157	37.0474509803922
"79"	"YC20:1079"	1	42	"A548"	"1"	1.99999999999999	2.74117647058824	2.90196078431373	5.56313725490196	9.13725490196079	18.3137254901961	33.0549019607843	40.478431372549
"80"	"YC20:1080"	1	245	"R113"	"1"	1.34509803921569	2.67764705882353	2.58823529411764	3.56862745098039	3.99764705882354	15.6003921568627	32.576862745098	40.7058823529412
"81"	"YC20:1081"	1	149	"A680"	"1"	1.5686274509804	2.62745098039216	2.48235294117646	3.04745098039215	4.07843137254903	18.9019607843137	37.5254901960784	47.0313725490196
"82"	"YC20:1082"	1	213	"AS6103"	"1"	1.1764705882353	2.91843137254901	2.94117647058824	3.41176470588236	4.53764705882353	17.6082352941176	34.2352941176471	42.3019607843137
"83"	"YC20:1083"	1	52	"LH166"	"1"	1.37254901960784	2.27058823529411	2.15686274509804	3.09803921568628	4.03921568627451	19.843137254902	31.843137254902	37.0866666666667
"84"	"YC20:1084"	1	182	"PHJ90"	"1"	1.56862745098039	3.38431372549019	3.61960784313725	7.03058823529412	10.4592156862745	21.48	35.4901960784314	43.4627450980392
"85"	"YC20:1085"	1	79	"N197"	"1"	1.76470588235293	2.50980392156863	1.96078431372549	2.62745098039216	1.05450980392156	18.4705882352941	32.8627450980392	37.5929411764706
"86"	"YC20:1086"	1	204	"A239"	"1"	0.862745098039213	3.09803921568628	3.77568627450981	7.29411764705883	10.3921568627451	20.2235294117647	36.5490196078431	45.9494117647059
"87"	"YC20:1087"	1	80	"OS602"	"1"	1.56862745098039	2.19607843137255	2.47058823529412	1.91764705882353	1.45098039215686	20.4313725490196	34.9411764705882	47.7635294117647
"88"	"YC20:1088"	1	78	"MS225"	"1"	1.64705882352941	1.88235294117648	1.84313725490197	3.82196078431373	8.15686274509804	19.1764705882353	35.3219607843137	43.4980392156863
"89"	"YC20:1089"	1	225	"ICI 986"	"1"	1.64705882352942	2.58823529411765	2.47058823529412	2.74941176470589	3.25490196078431	17.2435294117647	35.2827450980392	46.2470588235294
"90"	"YC20:1090"	1	40	"A334"	"1"	2.05019607843138	2.94117647058824	4.23529411764706	6.59686274509804	9.6078431372549	18.8235294117647	33.6078431372549	41.7141176470588
"91"	"YC20:1091"	1	143	"LH119"	"1"	1.41176470588236	3.25490196078431	4.29647058823529	9.48235294117647	9.18823529411764	20.8235294117647	34.3807843137255	42.8862745098039
"92"	"YC20:1092"	1	125	"ML606"	"1"	1.88235294117648	2.54901960784314	2.06823529411764	2.03921568627451	1.09803921568627	16.6396078431372	33.4509803921569	41.6078431372549
"93"	"YC20:1093"	1	197	"792"	"1"	1.29411764705883	2.35294117647059	2.19607843137255	1.68235294117648	0.980392156862742	18.1294117647059	33.2003921568627	36.6274509803922
"94"	"YC20:1094"	1	255	"PH207"	"1"	1.1764705882353	2.50980392156863	3.04549019607843	8.43843137254902	10.66	21.2117647058824	36.7454901960784	45.3223529411765
"95"	"YC20:1095"	1	168	"LH198"	"1"	0.862745098039224	3.45098039215686	4.96313725490196	10	6.26117647058823	22.6274509803921	39.7254901960784	51.2043137254902
"96"	"YC20:1096"	1	88	"PHP76"	"1"	1.96078431372548	4.78431372549019	5.32196078431372	11.2156862745098	9.37254901960784	21.8666666666667	38.2862745098039	46.7450980392157
"97"	"YC20:1097"	1	252	"PH207"	"1"	1.96078431372549	3.68627450980392	4.35294117647059	9.72549019607843	5.43254901960784	21.6588235294118	37.0866666666667	44.9372549019608
"98"	"YC20:1098"	1	37	"793"	"1"	1.1764705882353	3.18823529411764	4.71764705882352	9.33333333333333	10.6823529411765	22.4552941176471	36.6274509803922	45.2941176470588
"99"	"YC20:1099"	1	21	"IA2132"	"1"	1.29411764705883	2.51019607843136	2.40392156862745	2.53764705882352	5.67725490196078	18.7843137254902	33.2666666666667	37.758431372549
"100"	"YC20:1100"	1	9	"T242"	"1"	1.5686274509804	3.80392156862745	5.16509803921569	9.37254901960784	10.3360784313725	18.2352941176471	30.0392156862745	36.2439215686274
"101"	"YC20:1101"	1	76	"LIBC 4"	"1"	1.01960784313726	2.66666666666666	2.7843137254902	6.24941176470588	6.74235294117647	17.7647058823529	28.4478431372549	37.2509803921569
"102"	"YC20:1102"	1	232	"MS211"	"1"	1.29411764705883	2.41999999999999	2.83999999999999	5.1956862745098	6.76431372549019	16.3976470588235	35.8549019607843	43.6521568627451
"103"	"YC20:1103"	1	33	"PHW20"	"1"	1.84313725490197	2.31372549019607	2.47058823529411	3.29411764705882	5.83019607843137	17.9686274509804	38.28	47.4117647058823
"104"	"YC20:1104"	1	211	"A659"	"1"	1.56862745098039	3.09803921568627	3.76980392156862	6.58823529411764	7.49450980392155	17.0862745098039	38.6274509803922	46.9411764705882
"105"	"YC20:1105"	1	194	"W612S"	"1"	1.45098039215686	1.80392156862744	2.90196078431372	2.50980392156862	4.27450980392157	18.2470588235294	29.5294117647059	36.7450980392157
"106"	"YC20:1106"	1	119	"CR1HT"	"1"	1.72549019607843	2.34156862745098	2.03529411764705	3.14901960784314	3.29411764705882	20.6160784313726	32.6117647058824	40.5882352941176
"107"	"YC20:1107"	1	249	"Va52"	"1"	0.784313725490193	4.47058823529412	4.27450980392157	10.4313725490196	12.561568627451	20.5882352941176	36.1960784313725	44.8690196078431
"108"	"YC20:1108"	1	144	"W614S"	"1"	1.33333333333333	2.31372549019608	2.19607843137254	5.27058823529412	4.62745098039216	21.4117647058824	32.4313725490196	39.3333333333333
"109"	"YC20:1109"	1	35	"W117Ht"	"1"	1.33333333333333	3.23960784313725	3.89333333333333	8.16196078431372	8.90196078431373	20.3529411764706	29.956862745098	34.7803921568627
"110"	"YC20:1110"	1	244	"PHR36"	"1"	1.29411764705882	1.88235294117648	1.95686274509805	2.7843137254902	2.74117647058824	18.1454901960784	37.3219607843137	46.4945098039216
"111"	"YC20:1111"	1	129	"MS224"	"1"	1.09803921568628	2.70588235294118	2.90588235294118	5.32196078431372	8	17.7333333333333	40.5882352941176	52.3647058823529
"112"	"YC20:1112"	1	174	"NC262"	"1"	1.25490196078432	2.35294117647059	1.92156862745098	1.72549019607844	2.8121568627451	14.6274509803922	30.518431372549	42.3647058823529
"113"	"YC20:1113"	1	10	"W701BC"	"1"	1.1764705882353	2.23529411764706	2.27450980392157	3.5686274509804	4.31372549019608	13.7254901960784	28.2745098039216	35.6470588235294
"114"	"YC20:1114"	1	191	"W602S"	"1"	1.84313725490195	3.2156862745098	2.86274509803922	2.23529411764706	1.45098039215687	16.521568627451	32.9803921568627	38.7486274509804
"115"	"YC20:1115"	1	53	"LH172"	"1"	1.45098039215686	3.05882352941176	2.66666666666667	2.23529411764706	1.37254901960785	17.2156862745098	30.761568627451	35.176862745098
"116"	"YC20:1116"	1	3	"A572"	"1"	1.85490196078431	3.72549019607844	3.49019607843137	7.72588235294116	7.1764705882353	22.7294117647059	31.7533333333333	38.4592156862745
"117"	"YC20:1117"	1	74	"LH295"	"1"	1.17647058823529	3.56862745098039	3.22666666666666	7.14705882352941	9.37254901960784	22.3533333333333	33.2941176470588	39.0196078431373
"118"	"YC20:1118"	1	229	"Mo17"	"1"	1.60784313725491	2.11764705882353	2.47058823529411	1.37254901960784	1.46117647058821	20.5098039215686	33.4509803921569	44.0788235294118
"119"	"YC20:1119"	1	23	"LH146Ht"	"1"	0.819607843137249	3.3964705882353	4.05098039215686	8.91686274509803	11.4447058823529	27.2274509803922	37.9772549019608	46.4705882352941
"120"	"YC20:1120"	1	175	"NQ508"	"1"	1.92156862745098	2.98039215686275	2.90196078431372	3.47490196078431	4.70196078431369	20.5039215686274	37.5686274509804	46.5498039215686
"121"	"YC20:1121"	1	6	"ND265"	"1"	1.1764705882353	3.26588235294117	3.58039215686274	6.54509803921569	8.8478431372549	20.8627450980392	35.9607843137255	43.3901960784314
"122"	"YC20:1122"	1	70	"ICI 193"	"1"	1.64705882352942	2.05411764705884	2.15686274509804	3.6078431372549	4.58823529411764	18.5882352941176	39.0474509803922	49.3333333333333
"123"	"YC20:1123"	1	95	"764"	"1"	1.09803921568627	2.30980392156863	2.77294117647059	3.71411764705882	4.65529411764705	17.2941176470588	32.5686274509804	39.7254901960784
"124"	"YC20:1124"	1	205	"A272"	"1"	1.56078431372548	2.90196078431373	2.58823529411765	3.98431372549019	4.66666666666666	20.4313725490196	38.1176470588235	48.7450980392157
"125"	"YC20:1125"	1	192	"W604S"	"1"	1.84313725490195	3.41176470588236	4	4.33019607843137	5.41176470588235	21.2549019607843	34.9019607843137	41.9886274509804
"126"	"YC20:1126"	1	210	"A648"	"1"	1.76470588235293	2.74509803921568	2.86274509803922	5.18745098039216	9.33333333333333	19.0980392156863	37.0588235294118	46.3254901960784
"127"	"YC20:1127"	1	169	"LH209"	"1"	1.52941176470588	3.92156862745098	4.10627450980391	8.43137254901961	10.3921568627451	19.7254901960784	37.0980392156863	45.2941176470588
"128"	"YC20:1128"	1	105	"B87"	"1"	1.41176470588235	3.30509803921568	2.89803921568628	7.45098039215687	9.68941176470588	17.1333333333333	34.8627450980392	42.0003921568627
"129"	"YC20:1129"	1	187	"PHW30"	"1"	1.56862745098039	3.29411764705882	3.09411764705882	2.66666666666667	1.80392156862745	20.2745098039216	36.7411764705882	44.6403921568627
"130"	"YC20:1130"	1	132	"Oh40B"	"1"	1.5686274509804	2.23529411764706	2.94117647058823	5.01960784313725	4.3921568627451	19.2274509803922	37.1333333333333	45.8823529411765
"131"	"YC20:1131"	1	117	"LH184"	"1"	1.25490196078432	2.43137254901961	2.03921568627451	2.58823529411764	1.69803921568628	16.7176470588235	35.9725490196078	42.2352941176471
"132"	"YC20:1132"	1	233	"MS226"	"1"	1.5686274509804	3.6078431372549	3.76470588235294	5.49019607843138	6.7843137254902	18.8039215686274	32.7450980392157	40.2462745098039
"133"	"YC20:1133"	1	18	"CM105"	"1"	1.52941176470589	4.11764705882353	4.88470588235293	10.5882352941177	11.9607843137255	24.9019607843137	30.3529411764706	36.7058823529412
"134"	"YC20:1134"	1	120	"LH223"	"1"	1.45098039215687	4.07882352941176	4.43137254901961	8.80627450980392	10.9803921568627	22.3137254901961	31.8823529411765	37.4352941176471
"135"	"YC20:1135"	1	254	"PH207"	"1"	1.17647058823529	2.7843137254902	3.05882352941176	6.97254901960784	7.97254901960784	19.0980392156863	33.1764705882353	38.0149019607843
"136"	"YC20:1136"	1	59	"NK807"	"1"	1.72549019607843	4.19607843137255	3.87098039215686	4.90980392156862	7.21607843137254	18.821568627451	28.5376470588235	34.1850980392157
"137"	"YC20:1137"	1	27	"PHGW7"	"1"	1.96078431372549	4.70588235294117	4.29333333333333	6.33176470588234	10.5541176470588	22.1960784313725	37.6494117647059	44.7917647058824
"138"	"YC20:1138"	1	64	"790"	"1"	1.96078431372549	2.90196078431373	3.51803921568627	4.44235294117648	4.89058823529412	18.3137254901961	33.7482352941176	39.8435294117647
"139"	"YC20:1139"	1	151	"B-18 INBR.FR.SUPERGOLD"	"1"	1.41176470588235	3.2156862745098	3.29411764705882	6.34274509803921	5.72156862745098	18.8470588235294	37.2941176470588	45.8823529411765
"140"	"YC20:1140"	1	203	"6F629"	"1"	1.01960784313725	4.15686274509804	3.75333333333333	5.42470588235293	9.96078431372549	18.4705882352941	36.6392156862745	46.6278431372549
"141"	"YC20:1141"	1	98	"A374"	"1"	1.1764705882353	3.56862745098039	2.81215686274509	3.87098039215686	5.8713725490196	21.0196078431373	36.5490196078431	47.2827450980392
"142"	"YC20:1142"	1	257	"B73"	"1"	1.1764705882353	3.48627450980393	2.98039215686275	5.92156862745098	10.8498039215686	21.2823529411765	40.078431372549	49.4509803921569
"143"	"YC20:1143"	1	193	"W605S"	"1"	1.12588235294118	2.90235294117647	2.31372549019608	2.58823529411765	3.37254901960784	16.9592156862745	33.3662745098039	44.0901960784314
"144"	"YC20:1144"	1	85	"PHKE6"	"1"	1.42156862745099	3.76470588235294	4.11764705882353	5.25529411764705	6.28627450980391	19.2156862745098	33.4862745098039	40.2705882352941
"145"	"YC20:1145"	1	222	"H42"	"1"	1.5686274509804	3.80392156862745	3.45098039215687	2.78431372549019	5.29411764705883	16.2125490196078	26.7843137254902	29.9011764705882
"146"	"YC20:1146"	1	54	"LH222"	"1"	1.41176470588236	3.13725490196078	2.87372549019608	3.84313725490196	4.13647058823529	15.4396078431372	28.4313725490196	34.5211764705882
"147"	"YC20:1147"	1	221	"DKIB014"	"1"	0.941176470588243	2.3921568627451	2.07843137254902	1.72549019607843	0.823529411764703	13.2196078431373	21.1043137254902	26.5490196078431
"148"	"YC20:1148"	1	29	"PHN11"	"1"	1.32274509803922	3.25490196078431	2.94117647058824	3.72549019607843	8.16862745098038	19.5921568627451	32.5886274509804	40.1494117647059
"149"	"YC20:1149"	1	92	"PHW03"	"1"	1.25490196078432	2.55686274509805	2.62745098039216	3.6078431372549	3.96078431372549	17.7901960784314	32.9533333333333	41.5921568627451
"150"	"YC20:1150"	1	97	"3IJI1"	"1"	1.21176470588236	2.31372549019608	2.19607843137255	2.23529411764706	1.25490196078431	13.0352941176471	28.9294117647059	39.8317647058823
"151"	"YC20:1151"	1	198	"2369"	"1"	1.92156862745098	3.01960784313726	2.94117647058824	2.6	2.86274509803921	12.498431372549	22.9137254901961	33.0733333333333
"152"	"YC20:1152"	1	31	"PHV37"	"1"	2.23529411764706	4.03921568627451	4.35294117647059	4.28549019607843	5.45098039215686	16.4705882352941	30.3858823529412	37.6862745098039
"153"	"YC20:1153"	1	91	"PHV57"	"1"	1.68627450980393	3.99607843137255	3.52941176470588	3.96470588235294	3.6078431372549	15.4509803921569	32.0392156862745	38.2635294117647
"154"	"YC20:1154"	1	220	"DK78010"	"1"	1.64705882352942	3.6078431372549	3.32196078431372	5.33411764705882	6.48156862745098	17.0470588235294	33.4172549019608	41.0549019607843
"155"	"YC20:1155"	1	171	"MS1334"	"1"	1.92156862745098	3.01960784313726	2.50627450980393	3.65803921568628	3.25490196078431	13.2549019607843	24.5333333333333	32.8643137254902
"156"	"YC20:1156"	1	218	"C103"	"1"	1.37254901960784	2.3921568627451	2.73372549019608	2.97647058823529	1.52941176470588	16.3529411764706	27.6470588235294	37.0027450980392
"157"	"YC20:1157"	1	15	"A674"	"1"	1.36117647058824	3.56862745098039	3.64705882352941	7.58980392156863	10.0058823529412	18.1964705882353	29.6862745098039	38.8360784313725
"158"	"YC20:1158"	1	114	"I29"	"1"	1.37254901960784	2.36941176470588	2.16862745098039	4.23529411764706	4.82352941176471	18.1176470588235	32.0392156862745	38.9019607843137
"159"	"YC20:1159"	1	166	"LH143 (Maintainer)"	"1"	1.52941176470588	2.3921568627451	2.61843137254902	4.5521568627451	2.07843137254902	19.3219607843137	34.3254901960784	41.9607843137255
"160"	"YC20:1160"	1	247	"SD107"	"1"	1.72549019607843	2.98039215686275	3.03764705882353	3.04745098039215	2.66666666666666	19.5686274509804	36.3529411764706	43.6078431372549
"161"	"YC20:1161"	1	154	"B91"	"1"	1.80392156862744	3.36117647058823	3.76470588235294	6.01647058823529	8.78431372549019	17.9886274509804	36.4588235294118	43.7921568627451
"162"	"YC20:1162"	1	69	"IBC2"	"1"	0.976470588235298	2.77294117647059	2.82352941176471	5.79254901960784	6.09450980392156	20.3023529411765	36.5098039215686	46.2745098039216
"163"	"YC20:1163"	1	20	"Ia 453"	"1"	1.68627450980392	2.47058823529412	2.90901960784313	7.88235294117647	8.74509803921568	19.5294117647059	31.4164705882352	40.0486274509804
"164"	"YC20:1164"	1	242	"PHG86"	"1"	1.49019607843138	3.05882352941176	2.63529411764705	4.11764705882353	6.65529411764705	19.5529411764706	38.2078431372549	48.1882352941176
"165"	"YC20:1165"	1	258	"B73"	"1"	1.41176470588236	2.38823529411764	2.35294117647058	5.89450980392156	10.9803921568627	21.3725490196078	40.3921568627451	49.7141176470588
"166"	"YC20:1166"	1	251	"PH207"	"1"	0.784313725490193	2.47058823529412	2.40235294117646	3.28823529411763	2.81843137254901	19.3725490196078	35.0196078431373	42.9803921568627
"167"	"YC20:1167"	1	138	"Q381"	"1"	1.60784313725491	2.59882352941176	2.47058823529411	2.74509803921568	5.21607843137254	18.6274509803922	34.9803921568627	42.8549019607843
"168"	"YC20:1168"	1	55	"Lp215D"	"1"	1.1764705882353	2.7843137254902	2.15686274509804	2.66666666666666	2.00000000000001	17.4862745098039	33.5529411764706	39.7141176470588
"169"	"YC20:1169"	1	50	"L 127"	"1"	1.96078431372549	2.32156862745098	2.57686274509804	2.30980392156862	2.6313725490196	16.1176470588235	31.5866666666667	37.1388235294118
"170"	"YC20:1170"	1	246	"R181B"	"1"	1.17647058823529	2.43137254901961	2.94627450980391	6.98039215686275	8.19490196078432	20.9921568627451	40.2635294117647	50.8705882352941
"171"	"YC20:1171"	1	201	"2FADB"	"1"	2.16862745098038	2.94117647058824	2.90196078431373	3.60392156862745	3.16235294117646	20.2980392156863	34.2078431372549	44.9098039215686
"172"	"YC20:1172"	1	104	"B85"	"1"	1.56862745098039	2.86588235294117	2.83450980392157	4.35294117647059	7.60784313725491	21.3333333333333	36.7450980392157	45.2666666666667
"173"	"YC20:1173"	1	250	"Va99"	"1"	1.84313725490195	2.91294117647059	3.12	4.11764705882353	4.70588235294118	17.1764705882353	32.9019607843137	44.1137254901961
"174"	"YC20:1174"	1	142	"CH9"	"1"	1.1764705882353	2.86274509803922	3.01960784313725	3.94549019607842	5.2156862745098	16.6274509803922	32.3137254901961	38.0392156862745
"175"	"YC20:1175"	1	127	"MS153"	"1"	1.92156862745098	3.45098039215686	3.01960784313726	3.93333333333333	2.62745098039216	18.5698039215686	32.8537254901961	40.2352941176471
"176"	"YC20:1176"	1	196	"DJ7"	"1"	1.5686274509804	2.69450980392157	2.89058823529411	4.03921568627451	5.25490196078432	18.9074509803922	35.4788235294118	43.8466666666666
"177"	"YC20:1177"	1	212	"A663"	"1"	1.29411764705883	2.70627450980391	3.17647058823529	6.27450980392157	8.18470588235294	18.3529411764706	38.6901960784314	48.8905882352941
"178"	"YC20:1178"	1	41	"A340"	"1"	1.04078431372549	2.23529411764705	2.12862745098038	2.24705882352941	2.44235294117647	17.6078431372549	33.1490196078431	39.5133333333333
"179"	"YC20:1179"	1	57	"ND247"	"1"	1.56862745098039	2.98039215686274	3.54588235294117	7.45098039215686	9.6078431372549	18.8627450980392	34.3921568627451	41.2941176470588
"180"	"YC20:1180"	1	259	"B73"	"1"	1.56862745098039	4.07843137254902	4.44313725490196	10.3529411764706	11.8109803921569	23.1764705882353	40.8235294117647	49.9607843137255
"181"	"YC20:1181"	1	66	"CR 22 INBRED"	"1"	1.56862745098039	2.31372549019608	2.27450980392157	6.74509803921568	9.6078431372549	17.6470588235294	40.4423529411765	50.443137254902
"182"	"YC20:1182"	1	28	"PHK74"	"1"	1.17647058823529	2.44235294117647	2.74509803921569	4.89803921568627	4.66666666666667	18.2862745098039	35.3458823529412	44.7411764705882
"183"	"YC20:1183"	1	46	"CH753-4"	"1"	1.21176470588235	2.19607843137254	2.31372549019608	5.80392156862745	3.33333333333333	20.1243137254902	28.0392156862745	33.7647058823529
"184"	"YC20:1184"	1	61	"W153R"	"1"	1.40666666666666	1.72549019607844	1.92156862745098	1.92156862745098	0.862745098039213	12.263137254902	22.0341176470588	25.1564705882353
"185"	"YC20:1185"	1	38	"912"	"1"	1.56862745098039	2.35294117647059	2.36235294117647	4.31372549019608	3.78156862745097	15.6078431372549	22.3921568627451	27.4509803921569
"186"	"YC20:1186"	1	113	"H99"	"1"	1.5686274509804	2.70588235294118	2.94039215686275	6.63843137254902	4.4878431372549	16.6156862745098	24.2219607843137	30.1196078431373
"187"	"YC20:1187"	1	202	"2MA22"	"1"	1.1764705882353	2.23529411764706	2.15294117647059	3.79999999999999	2.62745098039215	14.1176470588235	28.7901960784314	34.9854901960784
"188"	"YC20:1188"	1	90	"PHT69"	"1"	1.33333333333334	2.30980392156863	2.62745098039216	4.35294117647058	2.57254901960784	11.1258823529412	15.6588235294118	15.7172549019608
"189"	"YC20:1189"	1	147	"A258"	"1"	1.25490196078432	2.67764705882353	2.6643137254902	6.31372549019607	7.14823529411765	16.658431372549	30.9803921568627	38.1803921568627
"190"	"YC20:1190"	1	100	"A649"	"1"	1.5686274509804	2.31372549019608	2.01450980392157	2.43137254901961	1.39490196078431	17.7027450980392	25.843137254902	29.6470588235294
"191"	"YC20:1191"	1	172	"MS71"	"1"	1.05882352941177	2.39607843137255	2.79607843137255	6.29058823529411	9.64431372549019	18.2745098039216	33.4298039215686	37.4003921568627
"192"	"YC20:1192"	1	103	"A73"	"1"	1.84313725490197	3.80392156862745	5.72156862745098	9.68627450980392	11.4117647058823	19.7490196078431	33.4509803921569	40.1572549019608
"193"	"YC20:1193"	1	44	"A679"	"1"	1.92156862745098	3.68627450980392	3.83176470588235	8.93921568627451	4.62745098039215	21.7254901960784	36.7058823529412	44.9803921568627
"194"	"YC20:1194"	1	150	"A71"	"1"	1.1764705882353	2.23529411764706	3.88235294117647	6.20705882352941	8.65529411764705	17.8039215686275	36.7843137254902	45.5607843137255
"195"	"YC20:1195"	1	36	"W182E"	"1"	1.49019607843138	2.12078431372549	2.11764705882353	3.13686274509803	2.69450980392156	16.8627450980392	33.5180392156863	37.4117647058823
"196"	"YC20:1196"	1	140	"W603S"	"1"	1.33333333333333	2.74117647058824	2.43137254901961	5.26588235294117	1.88235294117647	16.4705882352941	27.9019607843137	32.4501960784314
"197"	"YC20:1197"	1	230	"Mo47"	"1"	1.60784313725491	2.94117647058824	2.92078431372549	8.70588235294117	5.20431372549019	18.4196078431373	33.8317647058823	41.4235294117647
"198"	"YC20:1198"	1	236	"NC310"	"1"	1.5686274509804	1.96078431372549	2.74549019607843	5.84313725490196	7.96078431372549	18.7388235294118	34.156862745098	40.7180392156863
"199"	"YC20:1199"	1	60	"PHG71"	"1"	1.92156862745098	2.3921568627451	4.09490196078431	9.55725490196078	8.15843137254901	21.921568627451	35.0196078431373	41.843137254902
"200"	"YC20:1200"	1	48	"IBB14"	"1"	1.2156862745098	2.3921568627451	1.92156862745098	2.62745098039216	1.49019607843137	20.3192156862745	33.9043137254902	37.6078431372549
"201"	"YC20:1201"	1	4	"A641"	"1"	1.45098039215686	2.23529411764706	2.94745098039216	6.31372549019607	9.44705882352941	18.0745098039216	26.3701960784314	31.3725490196078
"202"	"YC20:1202"	1	170	"LH57"	"1"	1.6078431372549	1.72549019607844	1.4078431372549	2.50980392156862	1.49019607843137	15.3333333333333	25.3803921568627	29.3333333333333
"203"	"YC20:1203"	1	126	"MQ305"	"1"	1.51803921568627	2.27450980392157	1.76470588235295	3.69607843137255	2.1	16.1176470588235	24.8745098039216	32.4313725490196
"204"	"YC20:1204"	1	107	"CR14"	"1"	1.6078431372549	2.27450980392157	1.99098039215687	2.44745098039215	1.68627450980392	17.5411764705882	30.7843137254902	35.3501960784314
"205"	"YC20:1205"	1	89	"PHR30"	"1"	1.52941176470588	2.90196078431373	2.86274509803922	6.16862745098039	5.06980392156863	22.0164705882353	37.0341176470588	48.8627450980392
"206"	"YC20:1206"	1	58	"NK778"	"1"	1.56862745098039	3.1035294117647	3.42392156862745	8.62745098039215	11.1372549019608	19.8823529411765	35.0980392156863	41.5533333333333
"207"	"YC20:1207"	1	123	"LH82"	"1"	1.37254901960784	2.23529411764706	2.27450980392157	3.6078431372549	4.69999999999999	19.4901960784314	32.6666666666667	38.498431372549
"208"	"YC20:1208"	1	248	"SD40"	"1"	1.1764705882353	2.07843137254901	3.12588235294118	7.64705882352941	10.521568627451	22.9921568627451	36.1176470588235	43.4525490196078
"209"	"YC20:1209"	1	215	"B107"	"1"	1.1764705882353	2.11764705882352	1.64705882352941	1.81803921568628	2.23529411764706	16.9035294117647	35.7309803921569	43.0360784313725
"210"	"YC20:1210"	1	26	"PHG47"	"1"	1.80392156862746	3.13725490196079	3.71960784313726	5.92156862745098	5.79254901960784	16.8627450980392	28.7572549019608	33.1372549019608
"211"	"YC20:1211"	1	214	"B-28"	"1"	1.1764705882353	2.7843137254902	3.08235294117647	6.74117647058824	7.36980392156863	18.7450980392157	32.1847058823529	38.5882352941176
"212"	"YC20:1212"	1	30	"PHTM9"	"1"	1.96078431372549	3.42352941176471	3.84313725490197	8.39725490196077	9.6	21.921568627451	33.7254901960784	36.9023529411765
"213"	"YC20:1213"	1	152	"B103"	"1"	1.56862745098039	2.39215686274509	2.63843137254902	2.7321568627451	3.5686274509804	18	33.3843137254902	44.6666666666667
"214"	"YC20:1214"	1	2	"A385"	"1"	1.96078431372548	2.58823529411765	2.83450980392156	2.94117647058824	3.25490196078432	18.156862745098	32.4941176470588	38.1074509803922
"215"	"YC20:1215"	1	56	"MS72"	"1"	1.17647058823529	2.11764705882352	2.11764705882352	4.59333333333333	4.31686274509804	16.9803921568627	30.9019607843137	37.883137254902
"216"	"YC20:1216"	1	131	"NS501"	"1"	2.0392156862745	2.31372549019608	2.47058823529412	2.62745098039216	2.27450980392157	15.4854901960784	28.0243137254902	33.0156862745098
"217"	"YC20:1217"	1	181	"PHHV4"	"1"	1.09803921568627	2.82352941176471	2.54901960784314	5.41176470588236	5.88235294117648	18.201568627451	38.0396078431373	47.4325490196078
"218"	"YC20:1218"	1	224	"ICI 893"	"1"	1.88235294117648	2.23529411764706	2.35294117647059	1.80392156862744	2.70588235294117	15.1764705882353	29.278431372549	38.3494117647059
"219"	"YC20:1219"	1	157	"C123"	"1"	0.784313725490204	2.32470588235294	2.30235294117647	2.54901960784313	3.2435294117647	15.5180392156863	31.7925490196078	39.0866666666667
"220"	"YC20:1220"	1	11	"W9"	"1"	1.29411764705883	2.19607843137255	2.14549019607843	2.18078431372548	5.9607843137255	19.956862745098	32.0078431372549	37.6870588235294
"221"	"YC20:1221"	1	102	"A682"	"1"	1.1764705882353	2.23529411764706	2.27450980392157	3.60745098039215	4.58823529411764	18.4250980392157	32.9803921568627	40.1827450980392
"222"	"YC20:1222"	1	83	"PHJ89"	"1"	1.52941176470589	2.58431372549019	3.13725490196079	5.19647058823529	7.23372549019607	18.5886274509804	35.2549019607843	42.6274509803922
"223"	"YC20:1223"	1	164	"INBRED 2-687"	"1"	0.784313725490193	1.96078431372549	1.41176470588235	2.35607843137255	2.12980392156863	15.2941176470588	35.2156862745098	45.4235294117647
"224"	"YC20:1224"	1	188	"PHW80"	"1"	1.37254901960784	3.64705882352941	3.93176470588236	6.73372549019607	9.6078431372549	18.9298039215686	35.0592156862745	41.6470588235294
"225"	"YC20:1225"	1	7	"OQ403"	"1"	1.6078431372549	3.6078431372549	3.43960784313725	4.71764705882353	5.87098039215686	19.9764705882353	34.7058823529412	42.42
"226"	"YC20:1226"	1	86	"PHP02"	"1"	1.38823529411764	2.87372549019608	2.8235294117647	6.53372549019607	9.04196078431372	19.3450980392157	35.6862745098039	43.9333333333333
"227"	"YC20:1227"	1	195	"W8304"	"1"	1.64313725490195	3.09803921568627	2.90196078431372	4.98039215686274	7.03058823529411	19.321568627451	36.1149019607843	48.156862745098
"228"	"YC20:1228"	1	65	"A208"	"1"	1.52941176470588	3.08666666666666	3.33333333333334	4.28627450980392	4.76705882352941	17.9933333333333	32.9439215686274	39.2
"229"	"YC20:1229"	1	200	"78010"	"1"	1.52941176470588	3.13725490196078	2.56	2.74549019607842	3.6592156862745	17.0862745098039	31.4901960784314	38.3921568627451
"230"	"YC20:1230"	1	84	"PHJR5"	"1"	2.15686274509804	3.17647058823529	2.89058823529411	3.37254901960784	6.94117647058823	19.6313725490196	42.5490196078431	53.8709803921569
"231"	"YC20:1231"	1	134	"PHBW8"	"1"	1.49019607843137	2.23529411764705	2.74509803921569	3.32196078431372	6.30235294117646	20.6125490196078	37.6356862745098	46.9690196078431
"232"	"YC20:1232"	1	32	"PHVA9"	"1"	1.30784313725491	3.41176470588236	2.70588235294117	2.78431372549019	1.96078431372548	17.7619607843137	32.7176470588235	40.1447058823529
"233"	"YC20:1233"	1	179	"PHB47"	"1"	1.6078431372549	4.98039215686275	3.92156862745098	9.63529411764705	12.3372549019608	21.921568627451	39.2941176470588	48.156862745098
"234"	"YC20:1234"	1	63	"W64A"	"1"	1.49019607843138	2.70588235294117	2.58823529411765	6.90196078431372	9.96078431372549	19.6862745098039	31.6470588235294	39.0313725490196
"235"	"YC20:1235"	1	178	"Pa405"	"1"	1.01568627450981	3.05882352941177	2.31372549019607	2.47058823529411	1.64705882352941	16.7952941176471	30.643137254902	34.878431372549
"236"	"YC20:1236"	1	93	"W613S"	"1"	1.76470588235295	3.13725490196079	2.98039215686275	2.66666666666666	1.84313725490195	7.19294117647058	22.4592156862745	20.4823529411765
"237"	"YC20:1237"	1	155	"BEI 10 = NORTH 10"	"1"	1.80392156862745	2.82352941176471	2.94117647058824	2.93411764705882	1.67490196078432	15.6745098039216	31.1019607843137	39.3725490196078
"238"	"YC20:1238"	1	5	"MS116"	"1"	1.01960784313725	3.17647058823529	3.25490196078431	3.01960784313726	4.47058823529412	16.2737254901961	37.2043137254902	46.6552941176471
"239"	"YC20:1239"	1	217	"B115"	"1"	1.68627450980392	2.83529411764706	2.94117647058824	2.8121568627451	2.32745098039215	16.798431372549	35.1372549019608	48.7450980392157
"240"	"YC20:1240"	1	96	"1538"	"1"	2	5.34431372549019	5.30588235294117	7.05882352941177	9.5	21.0588235294118	36.1074509803922	44.1686274509804
"241"	"YC20:1241"	1	122	"LH54"	"1"	1.41176470588235	3.50392156862745	3.25490196078431	2.66666666666667	1.97176470588236	8.67529411764706	19.4117647058824	28.5913725490196
"242"	"YC20:1242"	1	234	"N201"	"1"	1.17647058823529	2.77294117647058	2.7843137254902	3.2156862745098	4.86274509803922	18.498431372549	38.6117647058824	47.1588235294118
"243"	"YC20:1243"	1	72	"L 139"	"1"	1.29411764705882	2.90509803921568	2.46666666666666	2.47058823529412	6.2886274509804	16.4929411764706	34.7109803921569	43.0980392156863
"244"	"YC20:1244"	1	136	"PHG50"	"1"	1.88235294117646	2.90196078431372	2.74509803921568	2.38823529411765	3.55725490196079	16.156862745098	32.0392156862745	39.8156862745098
"245"	"YC20:1245"	1	8	"PHVJ4"	"1"	1.63490196078431	3.2156862745098	3.05882352941176	2.11764705882353	2.45333333333334	12.9411764705882	19.043137254902	18.6278431372549
"246"	"YC20:1246"	1	137	"PHK42"	"1"	0.941176470588232	2.94117647058824	2.58823529411765	2.31372549019608	2.96313725490196	16.1105882352941	29.7701960784314	36.6274509803922
"247"	"YC20:1247"	1	226	"LH127"	"1"	1.52941176470588	2.3921568627451	2.23529411764706	1.94039215686275	1.29411764705883	16.2745098039216	24.3372549019608	33.5709803921568
"248"	"YC20:1248"	1	161	"DKPB80"	"1"	2.07843137254901	4.58823529411764	4.18470588235294	8.94117647058824	11.1592156862745	21.7749019607843	36.7537254901961	46.9019607843137
"249"	"YC20:1249"	1	186	"PHW17"	"1"	1.41176470588235	3.92156862745098	3.41176470588235	3.72549019607843	2.15686274509804	9.83176470588235	20.4039215686274	28.0670588235294
"250"	"YC20:1250"	1	163	"ICI 441"	"1"	1.25490196078431	2.15294117647059	2.35294117647059	2.11372549019607	1.5686274509804	13.9270588235294	28.721568627451	35.9058823529412
"251"	"YC20:1251"	1	240	"PHB09"	"1"	1.84313725490195	3.43960784313725	2.7843137254902	5.87098039215686	9.65607843137254	18.5098039215686	33.3333333333333	40.1960784313725
"252"	"YC20:1252"	1	209	"A635"	"1"	1.56862745098039	2.3921568627451	3.2156862745098	5.92156862745099	8.28431372549019	20.7113725490196	31.6588235294118	37.6647058823529
"253"	"YC20:1253"	1	47	"CS405"	"1"	1.56862745098039	3.36117647058823	3.37254901960784	6.58823529411765	10.7058823529412	21.2435294117647	36.8235294117647	43.6980392156863
"254"	"YC20:1254"	1	216	"B114"	"1"	1.17647058823529	2.3921568627451	2.03921568627451	2.15686274509804	1.29411764705883	18.3921568627451	36.6945098039216	40.5725490196078
"255"	"YC20:1255"	1	231	"MS132"	"1"	1.52941176470588	2.66666666666667	1.95686274509804	3.84313725490196	4.78431372549019	16.8513725490196	35.1929411764706	41.7749019607843
"256"	"YC20:1256"	1	68	"FBLA"	"1"	1.96078431372549	4.66666666666666	4.92980392156862	6.10627450980392	4.09019607843137	19.7490196078431	37.4164705882353	43.921568627451
"257"	"YC20:1257"	1	199	"4226"	"1"	1.5686274509804	3.81490196078431	4.15686274509803	6.65882352941177	7.08666666666667	20.9996078431373	36.0745098039216	42.5376470588235
"258"	"YC20:1258"	1	185	"PHR63"	"1"	1.01960784313726	2.35294117647059	2.32470588235294	3.65803921568628	2.23529411764706	17.9219607843137	34.1960784313726	42.3137254901961
"259"	"YC20:1259"	1	227	"LH74"	"1"	1.81568627450981	3.37254901960784	4.47058823529411	8.3921568627451	8.94117647058824	19.0588235294118	34.1294117647059	41.0588235294118
"260"	"YC20:1260"	1	73	"LH202"	"1"	1.33333333333334	2.39215686274509	2.27450980392156	3.37176470588235	5.00823529411765	18.7898039215686	34.1764705882353	42.996862745098
"261"	"YC20:1261"	2	265	"LH227"	"1"	1.5686274509804	2.23529411764705	2.24627450980391	2.27450980392157	2.03921568627452	16.1960784313726	29.5572549019608	32.2682352941176
"262"	"YC20:1262"	2	272	"PHK35"	"1"	0.862745098039215	2.94117647058823	2.59999999999999	3.88352941176471	4.03921568627452	18.6329411764706	38.2082352941176	46.5780392156863
"263"	"YC20:1263"	2	293	"4N506"	"1"	2	2.50588235294117	2.50980392156862	3.6356862745098	4.64431372549019	19.7647058823529	37.1764705882353	47.3725490196078
"264"	"YC20:1264"	2	433	"N7A"	"1"	1.52941176470588	2.58823529411765	2.08627450980392	1.76470588235295	1.32196078431373	12.8862745098039	26.3360784313725	32.1196078431372
"265"	"YC20:1265"	2	389	"W813G"	"1"	2.38823529411764	3.13725490196079	4.07843137254902	7.29019607843137	8.2078431372549	19.0313725490196	35.1372549019608	42.5482352941176
"266"	"YC20:1266"	2	323	"INB 101LFY/LFY (A632 X M16 S5)"	"1"	1.56862745098039	2.47058823529412	2.86274509803922	5.11450980392156	2.35294117647059	17.2549019607843	35.4117647058823	43.2898039215686
"267"	"YC20:1267"	2	519	"B73"	"1"	1.21176470588235	3.69411764705883	3.7	9.58666666666666	11.2941176470588	22.0352941176471	39.3725490196078	49.7925490196078
"268"	"YC20:1268"	2	320	"HUANYAO"	"1"	1.2156862745098	2.32470588235294	2.32078431372549	3.35215686274509	2.94117647058823	17.1372549019608	26.8352941176471	33.2462745098039
"269"	"YC20:1269"	2	345	"MM501D"	"1"	1.92156862745098	2.70588235294118	2.54901960784314	2.70627450980392	1.80392156862746	5.0156862745098	13.4509803921569	13.6247058823529
"270"	"YC20:1270"	2	445	"PHR58"	"1"	1.1764705882353	2.47058823529412	2.42	2.65803921568627	1.28274509803921	16.1176470588235	29.6078431372549	35.2945098039216
"271"	"YC20:1271"	2	385	"W24"	"1"	1.80392156862746	2.90196078431373	2.70588235294118	2.15686274509804	5.4513725490196	15.8823529411765	36	44.7843137254902
"272"	"YC20:1272"	2	327	"K150"	"1"	1.76470588235295	2.43137254901961	3.09803921568628	4.7843137254902	7.08941176470588	16.2745098039216	37.0474509803922	50.9411764705882
"273"	"YC20:1273"	2	492	"LH65"	"1"	1.88235294117648	2.27450980392157	2.11764705882353	1.8156862745098	1.09803921568627	10.3176470588235	21.6564705882353	28.1901960784314
"274"	"YC20:1274"	2	505	"PHV63"	"1"	0.980392156862747	2.19607843137255	2	3.01960784313725	2.5756862745098	16	30.8352941176471	41.9443137254902
"275"	"YC20:1275"	2	468	"Yu796 NS"	"1"	1.56862745098039	2.19607843137255	2.07843137254902	3.28901960784313	5.41176470588235	15.6823529411765	31.3949019607843	38.2745098039216
"276"	"YC20:1276"	2	458	"W32"	"1"	1.56862745098039	2.89058823529412	2.47098039215686	5.93333333333333	4.8235294117647	16.3921568627451	29.9819607843137	33.7478431372549
"277"	"YC20:1277"	2	512	"PH207"	"1"	1.56862745098039	2.35294117647059	2.82352941176471	5.49019607843137	7.96078431372549	18.3137254901961	34.7062745098039	41.998431372549
"278"	"YC20:1278"	2	406	"B84"	"1"	0.823529411764703	2.31372549019608	2.30980392156863	4.15686274509804	1.69254901960783	19.5019607843137	37.4901960784314	48.2352941176471
"279"	"YC20:1279"	2	449	"R226"	"1"	1.41176470588235	2.31372549019608	3.26196078431373	9.52039215686274	7.15803921568627	21.1521568627451	38.0509803921569	50.0788235294118
"280"	"YC20:1280"	2	343	"MBST"	"1"	1.2156862745098	1.52941176470589	1.17647058823529	1.45098039215686	0.745098039215684	6.68588235294118	16.4980392156863	26.1725490196078
"281"	"YC20:1281"	2	286	"W821G"	"1"	1.17647058823529	2.06705882352941	2.20392156862745	3.72549019607843	2.98039215686275	8.78901960784313	20.0901960784314	19.9345098039216
"282"	"YC20:1282"	2	285	"W811G"	"1"	1.56862745098039	1.5686274509804	1.37254901960784	2.15686274509804	1.29411764705882	9.92156862745098	26.1058823529412	21.2756862745098
"283"	"YC20:1283"	2	463	"W817G"	"1"	1.5686274509804	2.31372549019608	2.27450980392157	2.94117647058823	2.19607843137254	8.4313725490196	26.0392156862745	23.1301960784314
"284"	"YC20:1284"	2	381	"Tr"	"1"	1.17647058823529	2.03921568627451	2.54901960784314	3.30666666666665	2.54901960784313	14.2745098039216	30.078431372549	34.5027450980392
"285"	"YC20:1285"	2	416	"HP301"	"1"	0.81960784313726	2.62745098039216	2.35294117647059	3.85411764705882	1.6078431372549	16.6274509803922	31.6525490196078	43.8274509803922
"286"	"YC20:1286"	2	396	"87916W"	"1"	0.980392156862753	2.43137254901961	2.66666666666667	6.88470588235293	4.8356862745098	20.9411764705882	35.2392156862745	48.5301960784314
"287"	"YC20:1287"	2	267	"ND259"	"1"	1.1764705882353	1.72549019607844	1.92156862745098	6.61607843137254	1.13725490196078	21.8796078431373	33.2941176470588	40.2352941176471
"288"	"YC20:1288"	2	307	"B88"	"1"	2.27450980392157	2.82352941176471	3.01960784313726	3.56862745098039	1.52941176470588	18.7725490196078	31.5254901960784	42.9803921568627
"289"	"YC20:1289"	2	516	"B73"	"1"	1.96078431372549	3.96078431372549	4.5670588235294	9.19490196078432	9.2156862745098	22.9529411764706	39.361568627451	51.1650980392157
"290"	"YC20:1290"	2	338	"LH214"	"1"	1.5686274509804	1.72549019607843	2.47058823529412	4.40980392156862	2.04196078431372	22.7686274509804	36.5007843137255	47.74
"291"	"YC20:1291"	2	432	"N28"	"1"	1.13725490196079	1.45098039215686	1.33333333333333	1.6235294117647	1.09803921568627	14.2039215686274	30.7960784313725	42.02
"292"	"YC20:1292"	2	421	"K41"	"1"	1.2156862745098	2.90196078431373	3.09803921568627	5.37254901960784	3.79725490196078	15.0196078431373	33.643137254902	43.2549019607843
"293"	"YC20:1293"	2	333	"LH190"	"1"	1.5686274509804	2.31372549019608	2.50980392156862	2.81960784313726	2.78431372549019	14.7929411764706	29.6262745098039	42.0670588235294
"294"	"YC20:1294"	2	373	"PHT22"	"1"	1.5686274509804	1.90235294117647	2.31372549019607	3.01960784313726	2.54901960784313	6.09960784313725	21.4494117647059	20.621568627451
"295"	"YC20:1295"	2	394	"6M502"	"1"	1.05882352941176	2.3921568627451	3.08666666666666	5.77254901960784	6.19607843137255	13.1764705882353	29.1843137254902	38.0156862745098
"296"	"YC20:1296"	2	280	"SG 30A"	"1"	1.17647058823529	2.50980392156863	2.83529411764706	4.97647058823529	4.54509803921569	17.2156862745098	34.0392156862745	41.6454901960784
"297"	"YC20:1297"	2	395	"6M502A"	"1"	1.52941176470588	2.05019607843137	2.15686274509803	2.58823529411765	2.47058823529411	16.5376470588235	31.4509803921569	40
"298"	"YC20:1298"	2	269	"Pa875"	"1"	1.56862745098039	1.88235294117647	2.70588235294117	7.22078431372549	4.22078431372548	20.9780392156863	40.6180392156863	51.0588235294118
"299"	"YC20:1299"	2	355	"N534"	"1"	1.17647058823529	2.20705882352941	2.27450980392156	5.24352941176469	2.39215686274509	17.921568627451	37.9466666666667	47.0996078431373
"300"	"YC20:1300"	2	348	"MS67"	"1"	1.49019607843137	2.38078431372548	2.2313725490196	3.42352941176471	4.07843137254902	15.6470588235294	33.6588235294118	41.4862745098039
"301"	"YC20:1301"	2	466	"WXB6"	"1"	1.56862745098039	2.31372549019608	2.39215686274509	2.74509803921569	1.49019607843137	14.3254901960784	26.455294117647	33.8156862745098
"302"	"YC20:1302"	2	424	"LH194"	"1"	1.65882352941176	2.35294117647059	2.58823529411764	2.97843137254902	4.50980392156862	13.8823529411765	27.9454901960784	38.0392156862745
"303"	"YC20:1303"	2	367	"PHK93"	"1"	1.29411764705882	2.58823529411764	2.58823529411764	2.14549019607843	1.17647058823529	7.55725490196078	24.6	28.1686274509804
"304"	"YC20:1304"	2	296	"A797NW"	"1"	1.5686274509804	2.18470588235294	2.27450980392156	3.34509803921568	4.86313725490196	13.8823529411765	28.0392156862745	34.4698039215686
"305"	"YC20:1305"	2	414	"H110"	"1"	1.17647058823529	2.44235294117647	2.39215686274509	2.15294117647058	1.64862745098038	15.9478431372549	33.2921568627451	41.5803921568627
"306"	"YC20:1306"	2	509	"4F-35 BK"	"1"	1.84313725490197	2.79529411764706	2.56	4.19607843137254	4.13607843137254	19.1607843137255	30.82	43.3219607843137
"307"	"YC20:1307"	2	266	"LP1 NR HT"	"1"	1.37254901960785	2.54901960784314	3.75333333333333	6.94117647058823	8.15450980392156	19.8039215686275	38.0670588235294	46.678431372549
"308"	"YC20:1308"	2	262	"LH197"	"1"	1.68627450980393	4.11764705882353	4.22823529411764	9.64313725490195	11.0011764705882	20.4313725490196	38.0654901960784	47.2003921568627
"309"	"YC20:1309"	2	382	"Va26"	"1"	1.41176470588236	2.66666666666667	2.87450980392156	4.50078431372548	6.3921568627451	17.9607843137255	36.1960784313725	46.5050980392157
"310"	"YC20:1310"	2	342	"LH60"	"1"	2.15686274509804	2.26313725490196	1.84313725490197	2.11764705882352	1.09803921568627	14.1254901960784	32.0317647058824	39.4164705882353
"311"	"YC20:1311"	2	263	"LH199"	"1"	1.45098039215687	1.85411764705882	2.6235294117647	4.26313725490195	4.22392156862745	14.8407843137255	27.2156862745098	34.6274509803922
"312"	"YC20:1312"	2	464	"W819G"	"1"	1.96078431372548	2.47058823529412	2.58823529411765	2.60470588235293	1.29411764705882	13.2458823529412	23.4890196078431	34.418431372549
"313"	"YC20:1313"	2	261	"LH185"	"1"	1.17647058823529	1.84313725490197	1.72862745098039	1.92156862745098	1.73999999999999	15.0196078431373	27.4674509803922	33.883137254902
"314"	"YC20:1314"	2	453	"Va102"	"1"	1.37254901960784	1.76470588235295	1.72549019607844	1.29411764705882	0.745098039215684	1.37254901960784	19.0592156862745	24.1796078431372
"315"	"YC20:1315"	2	321	"Hy"	"1"	0.823529411764703	1.65803921568628	1.72549019607844	1.45098039215686	0.72392156862745	14.8627450980392	30.6160784313725	42.0835294117647
"316"	"YC20:1316"	2	437	"NY6371"	"1"	1.01960784313725	1.64705882352942	2.38078431372549	5.17647058823529	8.12549019607843	16.9803921568627	35.4470588235294	46.3333333333333
"317"	"YC20:1317"	2	317	"H71"	"1"	1.2156862745098	1.84313725490197	1.84313725490197	3.17647058823529	4.11764705882353	15.8992156862745	34.078431372549	44.6666666666667
"318"	"YC20:1318"	2	511	"PH207"	"1"	1.72156862745098	2.70588235294118	2.47058823529412	6.22392156862745	7.7756862745098	20.078431372549	33.9176470588235	42.8866666666667
"319"	"YC20:1319"	2	400	"B110"	"1"	1.2156862745098	2.29647058823529	2.70627450980392	6.69372549019608	9.71411764705882	20.6274509803922	40.2745098039216	52.7294117647059
"320"	"YC20:1320"	2	362	"Oh7"	"1"	1.09803921568628	2.10627450980392	1.79254901960784	2.44313725490196	1.68627450980393	14.335294117647	34.698431372549	46.6819607843137
"321"	"YC20:1321"	2	411	"E8501"	"1"	1.88235294117648	4.07843137254902	3.84313725490196	8.07843137254902	7.16627450980392	20.6274509803922	34.8235294117647	45.2082352941176
"322"	"YC20:1322"	2	335	"LH195"	"1"	1.52941176470589	2.66666666666667	2.94117647058824	5.09843137254901	8.58823529411765	16.7654901960784	31.1764705882353	40.7223529411765
"323"	"YC20:1323"	2	397	"A"	"1"	1.47882352941177	2.47058823529412	2.58823529411765	3.52941176470588	3.2278431372549	15.0588235294118	32.5654901960784	45.2274509803922
"324"	"YC20:1324"	2	332	"LH181"	"1"	1.25490196078432	2.31372549019608	2.11764705882352	4.31411764705882	6.756862745098	19.9101960784314	40.1988235294118	48.3925490196078
"325"	"YC20:1325"	2	369	"PHPR5"	"1"	1.1764705882353	1.99607843137255	2.19607843137255	2.92980392156863	4.85137254901961	18.7423529411765	35.3325490196078	43.8937254901961
"326"	"YC20:1326"	2	496	"N209"	"1"	1.64705882352942	2.50980392156863	2.43137254901961	2.23529411764706	1.64705882352942	12.8117647058824	27.2160784313725	34.78
"327"	"YC20:1327"	2	386	"W606S"	"1"	1.29411764705883	2.27450980392157	2.43137254901961	2.05019607843138	1.26588235294118	16.5376470588235	25.4509803921569	32.2039215686275
"328"	"YC20:1328"	2	482	"H113"	"1"	1.49019607843137	4.03921568627451	4.91411764705882	5.76470588235294	9.41725490196078	17.843137254902	31.7254901960784	38.4313725490196
"329"	"YC20:1329"	2	368	"PHN46"	"1"	1.76470588235295	3.27725490196078	3.29411764705882	2.90196078431373	1.68627450980392	5.52941176470588	14.8356862745098	28.2243137254902
"330"	"YC20:1330"	2	268	"NS701"	"1"	1.72549019607844	2.47058823529412	2.54901960784314	2.28549019607843	4.0498039215686	15.3058823529412	31.7925490196078	38.9901960784314
"331"	"YC20:1331"	2	446	"PHR62"	"1"	1.33333333333334	2.11764705882353	2.15686274509804	1.60392156862745	1.13725490196078	9.84313725490196	24.3529411764706	35.2588235294117
"332"	"YC20:1332"	2	410	"DE3"	"1"	1.68627450980393	2.74509803921569	2.66666666666667	2.61019607843137	1.60784313725491	12.1960784313726	26.956862745098	37.9219607843137
"333"	"YC20:1333"	2	372	"PHT10"	"1"	1.05882352941176	2.31372549019608	2.56	2.74509803921568	2.62745098039215	17.2549019607843	35.921568627451	41.6858823529412
"334"	"YC20:1334"	2	448	"PHW65"	"1"	1.37254901960785	1.5686274509804	1.60784313725491	1.38588235294117	0.705882352941174	9.78823529411764	21.5925490196078	27.1282352941176
"335"	"YC20:1335"	2	425	"LH205"	"1"	1.5686274509804	2.58823529411765	2.52156862745098	2.52274509803921	3.1835294117647	18.7972549019608	34.9239215686274	42.6392156862745
"336"	"YC20:1336"	2	270	"PHG83"	"1"	1.64705882352941	4.47058823529412	4.54901960784314	7.17647058823529	10.4819607843137	22	36.7454901960784	44.3921568627451
"337"	"YC20:1337"	2	312	"CQ702RC"	"1"	2.19607843137255	4.23529411764706	3.91764705882353	3.41176470588235	5.45607843137254	19.1764705882353	30.4392156862745	38.0792156862745
"338"	"YC20:1338"	2	314	"H114"	"1"	1.52941176470589	2.3921568627451	2.39215686274509	2.27450980392157	2.11764705882353	14.3529411764706	22.4941176470588	29.5294117647059
"339"	"YC20:1339"	2	494	"Mo5"	"1"	1.32941176470589	3.04745098039216	2.70588235294117	3.44705882352942	3.54117647058823	10.9411764705882	24.7176470588235	33.9333333333333
"340"	"YC20:1340"	2	426	"LH216"	"1"	1.49019607843138	2.23529411764706	2.23529411764706	2.31372549019607	1.56862745098039	5.49019607843137	19.8760784313726	21.0588235294118
"341"	"YC20:1341"	2	459	"W610S"	"1"	1.45098039215687	2.51764705882353	2.3921568627451	2.23529411764705	2.53960784313725	11.4270588235294	21.2627450980392	33.2666666666667
"342"	"YC20:1342"	2	469	"B105"	"1"	1.1764705882353	2.07843137254902	2	2.4592156862745	1.17647058823529	15.4509803921569	28.2874509803922	33.6588235294118
"343"	"YC20:1343"	2	318	"H91"	"1"	1.5686274509804	2.3921568627451	2.58823529411765	4.40392156862744	5.67490196078431	16.5490196078431	34.2043137254902	45.3411764705882
"344"	"YC20:1344"	2	495	"N200"	"1"	1.5686274509804	3.40039215686275	3.2156862745098	2.50980392156862	1.96078431372548	9.17647058823529	22.8235294117647	25.3403921568627
"345"	"YC20:1345"	2	295	"A321"	"1"	1.41176470588236	3.31607843137255	3.09803921568627	2.8235294117647	3.0313725490196	15.1121568627451	28.2035294117647	39.4925490196078
"346"	"YC20:1346"	2	450	"R227"	"1"	1.41176470588236	2.19725490196079	2.31372549019608	3.2435294117647	5.70078431372549	16.4549019607843	33.921568627451	46.156862745098
"347"	"YC20:1347"	2	451	"R229"	"1"	1.5686274509804	2.23529411764706	2.12	2.06980392156863	1.21568627450981	11.4901960784314	26.9372549019607	33.2156862745098
"348"	"YC20:1348"	2	287	"YONG 28"	"1"	1.5686274509804	2.35294117647059	2.3921568627451	1.68627450980392	1.55725490196078	2.58823529411765	1.6078431372549	2.27450980392157
"349"	"YC20:1349"	2	324	"INBRED 309"	"1"	1.33333333333334	2.82352941176471	2.62745098039216	3.28274509803921	2.70588235294118	11.8039215686275	17.178431372549	26.961568627451
"350"	"YC20:1350"	2	309	"CH701-30"	"1"	1.33333333333333	2.66666666666667	2.53764705882353	5.49019607843137	8.07294117647059	17.9882352941176	33.1372549019608	41.4901960784314
"351"	"YC20:1351"	2	502	"PHEG9"	"1"	1.60784313725491	2.50980392156863	2.61019607843137	5.08666666666666	7.47254901960784	18.5098039215686	35.0117647058823	46.3647058823529
"352"	"YC20:1352"	2	344	"MBWZ"	"1"	1.92156862745097	3.37254901960784	3.88235294117647	6.19647058823529	5.08235294117647	20.1211764705882	34.7729411764706	46.6274509803922
"353"	"YC20:1353"	2	429	"MS24A"	"1"	1.05882352941176	2.40313725490196	3.4078431372549	7.52941176470588	9.88235294117647	19.0643137254902	28.1176470588235	34.078431372549
"354"	"YC20:1354"	2	420	"INBRED 305"	"1"	1.29411764705882	2.03921568627451	2.16235294117647	3.68627450980392	2.57098039215686	16.3137254901961	30.1960784313726	39.1290196078431
"355"	"YC20:1355"	2	304	"B37"	"1"	1.25490196078431	2.12784313725491	1.81490196078432	2.40313725490195	4.28627450980392	16.7843137254902	31.5772549019608	35.4145098039216
"356"	"YC20:1356"	2	278	"S8326"	"1"	1.21176470588236	1.76470588235295	1.60784313725491	1.52941176470588	0.941176470588232	14.3819607843137	33.2941176470588	39.8709803921569
"357"	"YC20:1357"	2	329	"L 289"	"1"	1.56862745098039	2.07843137254902	3.79254901960784	7.14901960784313	10.5490196078431	20.078431372549	39.2941176470588	49.2082352941176
"358"	"YC20:1358"	2	339	"LH215"	"1"	0.662745098039221	1.37254901960784	1.6078431372549	1.76823529411764	0.819607843137251	15.6862745098039	34.6666666666667	44.6925490196079
"359"	"YC20:1359"	2	508	"WIL900"	"1"	1.13725490196078	1.41176470588235	1.52941176470589	1.30509803921568	0.862745098039213	17.1372549019608	35.7254901960784	43.963137254902
"360"	"YC20:1360"	2	419	"INBRED 141"	"1"	1.52941176470588	2.31372549019608	2.47058823529412	3.29019607843137	4.19607843137255	18.4705882352941	36.7450980392157	46.3392156862745
"361"	"YC20:1361"	2	407	"B97"	"1"	1.88235294117646	2.62745098039216	2.35294117647059	3.6078431372549	2.01725490196078	18.4039215686274	36	44.7411764705882
"362"	"YC20:1362"	2	341	"LH59"	"1"	1.41176470588236	3.13333333333333	2.82352941176471	3.76470588235295	2.86274509803921	17.6435294117647	29.5019607843137	37.6588235294118
"363"	"YC20:1363"	2	443	"PHP85"	"1"	1.96078431372549	3.42274509803921	3.30509803921568	4.15686274509804	4.50980392156862	18	31.738431372549	40.4039215686275
"364"	"YC20:1364"	2	462	"W815G"	"1"	1.64705882352942	2.35294117647059	2.07843137254902	1.67490196078432	1.11254901960784	2	18.3725490196078	21.3364705882353
"365"	"YC20:1365"	2	300	"B120"	"1"	1.5686274509804	3.05882352941177	4.55686274509803	8.07450980392157	7.12196078431373	20.0392156862745	36.4313725490196	45.4282352941176
"366"	"YC20:1366"	2	388	"W812G"	"1"	1.1764705882353	2.15294117647059	2.18470588235293	2.78431372549019	1.96078431372549	14.4156862745098	29.0352941176471	37.001568627451
"367"	"YC20:1367"	2	330	"LH1"	"1"	1.72549019607844	2.6392156862745	2.32156862745097	2.10078431372548	2	15.8039215686274	29.2941176470588	34.4980392156863
"368"	"YC20:1368"	2	515	"PH207"	"1"	1.2435294117647	3.01960784313726	3.67490196078431	6.90196078431373	9.22823529411764	19.4392156862745	33.0549019607843	41.0588235294118
"369"	"YC20:1369"	2	354	"N527"	"1"	1.76627450980392	3.29019607843137	4.65529411764705	8.48235294117647	9.52941176470588	17.921568627451	34.3764705882353	42.7176470588235
"370"	"YC20:1370"	2	299	"B119"	"1"	1.45098039215686	2.90196078431373	3.10901960784313	4.32549019607843	2.53803921568626	18.5176470588235	35.2156862745098	43.598431372549
"371"	"YC20:1371"	2	444	"PHR03"	"1"	1.92156862745097	2.27450980392157	2.15686274509803	2.57098039215686	1.68627450980392	15.6525490196078	30.5611764705882	45.6258823529411
"372"	"YC20:1372"	2	409	"DE2"	"1"	1.45098039215686	2.07843137254902	2.07843137254902	2	1.52941176470588	12.6666666666667	30.5298039215686	39.0227450980392
"373"	"YC20:1373"	2	501	"Pa91"	"1"	1.56862745098039	1.97372549019607	2.03921568627451	2.03921568627451	5.72549019607843	18.2745098039216	35.2156862745098	48.4329411764706
"374"	"YC20:1374"	2	412	"F2834T"	"1"	0.941176470588232	2.15686274509804	1.81176470588235	2.54901960784314	5.20392156862745	14.3529411764706	29.3419607843137	39.4235294117647
"375"	"YC20:1375"	2	481	"F118"	"1"	1.73725490196078	1.96078431372549	2.23529411764705	4.26980392156862	4.57686274509803	16.5098039215686	33.2156862745098	44.9019607843137
"376"	"YC20:1376"	2	383	"W22"	"1"	1.68627450980392	2.11764705882353	2.23529411764706	3.68627450980392	1.50117647058823	15.2156862745098	29.0619607843137	38.9411764705882
"377"	"YC20:1377"	2	401	"B14"	"1"	1.29411764705882	2.62745098039215	2.39215686274509	3.13725490196079	2.27450980392157	12.1647058823529	30.5882352941176	38.3529411764706
"378"	"YC20:1378"	2	297	"B109"	"1"	1.17647058823529	1.88235294117647	1.64705882352941	1.96078431372548	1.09803921568627	8.5721568627451	27.2549019607843	30.8725490196078
"379"	"YC20:1379"	2	500	"NC412"	"1"	1.5686274509804	2	2.44823529411764	3.89098039215687	4.03960784313724	14.3921568627451	28.7062745098039	36.9921568627451
"380"	"YC20:1380"	2	456	"Va59"	"1"	1.80392156862746	2.4313725490196	2.78431372549019	2.62745098039216	1.57647058823529	16.1960784313725	34.156862745098	41.921568627451
"381"	"YC20:1381"	2	428	"Mo1W"	"1"	1.52941176470588	2.94117647058824	2.19607843137254	1.64705882352941	1.30509803921568	14.6094117647059	30.8290196078431	32.2866666666667
"382"	"YC20:1382"	2	518	"B73"	"1"	0.941176470588232	2.7843137254902	3.41176470588235	9.72549019607843	10.7843137254902	20.2356862745098	39.1149019607843	49.5294117647059
"383"	"YC20:1383"	2	405	"B66"	"1"	1.68627450980393	2	2.35294117647059	5.40039215686274	4.15686274509804	19.6470588235294	39.5588235294118	48.9411764705882
"384"	"YC20:1384"	2	465	"W820G"	"1"	2.35294117647059	2.86274509803922	3.09803921568627	2.58823529411765	1.88235294117646	14.5607843137255	29.3458823529412	31.4901960784314
"385"	"YC20:1385"	2	310	"CO257"	"1"	2.47058823529412	3.29411764705882	3.76470588235294	4.06705882352941	2.15686274509803	16.1176470588235	29.7647058823529	35.5596078431373
"386"	"YC20:1386"	2	506	"PHV78"	"1"	1.80392156862746	1.51176470588235	1.88235294117646	1.95686274509804	1.25490196078431	6.74392156862744	22.7749019607843	37.4392156862745
"387"	"YC20:1387"	2	418	"IDS91"	"1"	1.49019607843138	1.96078431372549	2.15686274509803	3.52941176470588	2.49490196078431	16.0278431372549	34.6945098039216	44.6152941176471
"388"	"YC20:1388"	2	452	"R71"	"1"	1.2156862745098	2.47058823529411	2.81960784313725	6.23529411764706	7.05882352941176	16.6274509803922	33.0980392156863	43.1372549019608
"389"	"YC20:1389"	2	423	"LH192"	"1"	1.29411764705883	2.82392156862744	4.15725490196078	7.06039215686274	6.75294117647058	16.9807843137255	32.6	41.5411764705882
"390"	"YC20:1390"	2	399	"B108"	"1"	1.88235294117648	2.19607843137255	3.5686274509804	6.66392156862745	5.27372549019607	18.3764705882353	35.8039215686275	44.4705882352941
"391"	"YC20:1391"	2	486	"IDS69"	"1"	1.05882352941176	1.85098039215687	1.88235294117646	2.30980392156863	2.19607843137255	14.3764705882353	27.4078431372549	33.6835294117647
"392"	"YC20:1392"	2	402	"B46"	"1"	1.54666666666666	2.3921568627451	2.54901960784314	3.38352941176471	2.93725490196078	9.1121568627451	26.278431372549	36.0117647058824
"393"	"YC20:1393"	2	294	"78551S"	"1"	1.56862745098039	2.23529411764706	2.23529411764706	2.27450980392157	1.56862745098039	12.7678431372549	29.6470588235294	35.3333333333333
"394"	"YC20:1394"	2	514	"PH207"	"1"	1.17647058823529	2.35294117647059	2.32549019607843	3.92156862745098	3.52941176470588	17.9270588235294	33.0772549019608	40.4823529411765
"395"	"YC20:1395"	2	277	"R168"	"1"	1.05882352941176	3.6078431372549	4.48235294117647	9.60784313725491	10.8333333333333	22.0117647058823	36.8627450980392	45.0588235294118
"396"	"YC20:1396"	2	490	"K55"	"1"	1.56862745098039	2.23529411764706	2.52078431372549	4.19098039215687	4.94627450980392	18.2290196078431	32.0117647058823	41.5309803921569
"397"	"YC20:1397"	2	356	"N542"	"1"	1.17254901960784	2.12196078431372	2.30666666666666	5.54745098039216	8.90196078431372	15.9176470588235	32.8078431372549	45.3843137254902
"398"	"YC20:1398"	2	340	"LH224"	"1"	1.37254901960784	2.07843137254902	2.11764705882353	1.92156862745098	1.36862745098038	14.9803921568627	33.2043137254902	43.1372549019608
"399"	"YC20:1399"	2	473	"A619"	"1"	1.17647058823529	2.38823529411765	3.64588235294118	6.23294117647059	8.94117647058823	17.8156862745098	32.0670588235294	37.5019607843137
"400"	"YC20:1400"	2	435	"NC326"	"1"	1.49019607843138	2.89294117647058	3.25490196078432	8.18980392156862	10.078431372549	19.0549019607843	34.1294117647059	46.6666666666667
"401"	"YC20:1401"	2	322	"Il778d"	"1"	1.37254901960784	2.35294117647059	3.21568627450981	6.90862745098039	9.13725490196078	16.9803921568627	32.5882352941176	39.7929411764706
"402"	"YC20:1402"	2	417	"IDS28"	"1"	1.5686274509804	2.66666666666666	2.70588235294118	6.65607843137255	8.72156862745097	17.4901960784314	35.4509803921569	46.6
"403"	"YC20:1403"	2	264	"LH204"	"1"	1.56862745098039	2.77764705882352	2.96901960784314	4.3921568627451	3.84313725490195	17.3843137254902	34.1454901960784	43.9886274509804
"404"	"YC20:1404"	2	302	"B14A"	"1"	1.40117647058824	2.66274509803921	1.99607843137254	3.3964705882353	1.76470588235293	16.7729411764706	32.655294117647	41.683137254902
"405"	"YC20:1405"	2	477	"B68"	"1"	1.1764705882353	2.19607843137255	2.03921568627451	2.03921568627451	1.25490196078431	14.1196078431373	32.3921568627451	44.2352941176471
"406"	"YC20:1406"	2	306	"B75"	"1"	2.03921568627451	3.14901960784313	2.90196078431373	5.45137254901961	4.47098039215685	18.6666666666667	37.238431372549	46.5882352941176
"407"	"YC20:1407"	2	376	"PHW43"	"1"	1.5686274509804	3.30392156862745	4.45921568627451	7.56862745098039	6.54901960784313	18.8588235294118	37.2917647058824	45.2549019607843
"408"	"YC20:1408"	2	271	"PHHH9"	"1"	1.84313725490197	2.66666666666666	2.62745098039215	2.43137254901961	1.25490196078431	11.9964705882353	21.3419607843137	25.175294117647
"409"	"YC20:1409"	2	363	"Pa778"	"1"	1.5686274509804	3.26588235294118	3.85490196078431	7.50117647058824	10.156862745098	22.1764705882353	28.4313725490196	35.5572549019608
"410"	"YC20:1410"	2	366	"PHK56"	"1"	1.29411764705882	2.24627450980392	1.87843137254901	3.61490196078431	3.50117647058823	17.0509803921569	33.5411764705882	41.4509803921569
"411"	"YC20:1411"	2	471	"33-16"	"1"	1.37254901960784	1.52941176470588	1.6078431372549	1.47882352941176	0.980392156862742	12.0117647058823	28.4160784313725	36.6219607843137
"412"	"YC20:1412"	2	291	"ND259"	"1"	1.47882352941176	1.92156862745098	1.70509803921568	5.62549019607842	7.35450980392157	21.7254901960784	31.9725490196078	38.7176470588235
"413"	"YC20:1413"	2	347	"MS221"	"1"	1.36117647058823	3.58039215686275	5.05882352941176	9.60784313725489	10.9411764705882	19.5647058823529	33.0980392156863	40
"414"	"YC20:1414"	2	352	"N501"	"1"	1.68627450980392	1.68627450980392	1.80392156862745	1.52941176470588	1.76470588235294	15.9105882352941	29.1098039215686	37.7564705882353
"415"	"YC20:1415"	2	357	"NC328"	"1"	1.09803921568627	1.6078431372549	1.64705882352941	1.58039215686274	0.980392156862742	8.03921568627451	14.9298039215686	22.8745098039216
"416"	"YC20:1416"	2	489	"K47"	"1"	1.33333333333333	2.86274509803921	3.52941176470588	8.23529411764705	6.98039215686274	19.7811764705882	32.2352941176471	42.6235294117647
"417"	"YC20:1417"	2	288	"ZS365"	"1"	1.72549019607843	2.7843137254902	2.92980392156862	2.50980392156862	1.96078431372549	13.5686274509804	31.9545098039216	38.0874509803921
"418"	"YC20:1418"	2	470	"WIL901"	"1"	1.56862745098039	1.76470588235293	1.88235294117646	2.31372549019607	1.64705882352941	6.75686274509804	24.6113725490196	27.6564705882353
"419"	"YC20:1419"	2	497	"NC250"	"1"	1.24745098039215	2.76156862745098	3.60235294117647	6.86274509803921	7.09803921568628	15.0980392156863	29.4509803921569	38.3266666666667
"420"	"YC20:1420"	2	422	"LH191"	"1"	1.17647058823529	2.11764705882352	2.15686274509804	3.43960784313725	3.21568627450981	15.043137254902	29.9772549019608	36.5466666666667
"421"	"YC20:1421"	2	461	"W809G"	"1"	1.13725490196078	2.15686274509804	2.31372549019607	3.29411764705882	1.9435294117647	17.356862745098	39.0705882352941	50.9682352941176
"422"	"YC20:1422"	2	478	"B77"	"1"	1.64705882352942	2.01254901960784	1.92156862745098	2.66666666666666	6.89490196078431	14.3427450980392	34.1176470588235	46.8121568627451
"423"	"YC20:1423"	2	438	"Os426"	"1"	1.52941176470589	2.66666666666667	2.35294117647059	2.4313725490196	3.96627450980391	14.156862745098	34.1733333333333	44.7176470588235
"424"	"YC20:1424"	2	510	"R177"	"1"	1.5686274509804	2.3921568627451	2.50980392156862	2.38078431372548	1.6078431372549	11.1650980392157	30.3254901960784	38.7360784313725
"425"	"YC20:1425"	2	499	"NC368"	"1"	1.67490196078432	2.82352941176471	2.91294117647059	2.58823529411764	3.88313725490195	15.421568627451	32.2078431372549	43.2435294117647
"426"	"YC20:1426"	2	392	"WU-TAN-TZAO"	"1"	1.60784313725491	2.24705882352941	2.47058823529411	4.07843137254902	2.90196078431372	15.9607843137255	30.3023529411765	36.8235294117647
"427"	"YC20:1427"	2	480	"DE811"	"1"	1.1764705882353	2.7843137254902	2.50980392156863	4.67803921568626	7.26	20.2039215686274	39.9333333333333	53.3686274509804
"428"	"YC20:1428"	2	359	"NKS8326"	"1"	1.60392156862745	3.13725490196078	3.0156862745098	3.09803921568628	2.19607843137254	13.5294117647059	33.8250980392157	48
"429"	"YC20:1429"	2	370	"PHR31"	"1"	2.03921568627451	2.62745098039215	3.36117647058824	3.96509803921569	2.31372549019607	18.6274509803922	36.6666666666667	45.7607843137255
"430"	"YC20:1430"	2	279	"Seagull Seventeen"	"1"	1.01960784313726	2.27450980392157	2.15686274509804	2.38823529411765	1.49019607843137	12.5407843137255	32.6858823529412	43.9494117647059
"431"	"YC20:1431"	2	455	"Va35"	"1"	1.25490196078431	2.30235294117646	2.47058823529412	3.56862745098039	3.05882352941176	13.1372549019608	31.9607843137255	41.8039215686275
"432"	"YC20:1432"	2	467	"YE 4"	"1"	2.35294117647059	4.00196078431372	3.69411764705882	4.03921568627451	2.77294117647059	18.4313725490196	31.4235294117647	37.6360784313726
"433"	"YC20:1433"	2	507	"Va17"	"1"	1.99999999999999	4.03921568627451	3.6078431372549	2.90196078431373	2.16470588235294	12.156862745098	17.0980392156863	17.7098039215686
"434"	"YC20:1434"	2	315	"H121"	"1"	1.56862745098039	2.06705882352941	2.54901960784314	3.72156862745098	3.64705882352941	12.9478431372549	30.3913725490196	37.0133333333333
"435"	"YC20:1435"	2	377	"PHW79"	"1"	0.980392156862742	2.35294117647059	1.68235294117647	1.7764705882353	1.52941176470589	4.11764705882352	11.5572549019608	22.4705882352941
"436"	"YC20:1436"	2	391	"WIL903"	"1"	1.64705882352941	2.11764705882353	2.47058823529412	2.07843137254902	1.52941176470588	6.72549019607842	24.3572549019608	29.3341176470588
"437"	"YC20:1437"	2	283	"W607S"	"1"	1.52941176470589	3.37254901960784	3.20431372549019	4.33019607843137	4.98039215686274	17.0196078431373	34.3105882352941	44.0482352941176
"438"	"YC20:1438"	2	325	"INBRED 321"	"1"	1.1764705882353	2.58823529411764	2.80941176470588	5.05882352941177	3.08235294117646	15.4235294117647	31.1258823529412	40.1372549019608
"439"	"YC20:1439"	2	439	"Pa762"	"1"	1.5686274509804	1.84313725490196	2.09019607843136	2.79607843137255	2.43764705882352	13.2666666666667	26.3949019607843	36.0301960784314
"440"	"YC20:1440"	2	276	"PHW52"	"1"	2.11764705882353	3.25490196078431	4	3.74039215686275	4.50980392156862	16.2078431372549	31.9960784313726	39.7647058823529
"441"	"YC20:1441"	2	479	"B79"	"1"	1.43960784313725	3.49019607843137	3.2156862745098	4.12862745098039	3.83215686274509	15.0196078431373	31.4117647058823	39.2117647058824
"442"	"YC20:1442"	2	460	"W803G"	"1"	0.784313725490193	1.6078431372549	1.52941176470588	1.88235294117646	1.29411764705882	14.3203921568627	31.8823529411765	40.4133333333333
"443"	"YC20:1443"	2	334	"LH193"	"1"	1.17647058823529	2.47176470588235	2.44235294117646	3.74196078431371	8.69058823529412	18.0117647058824	33.9674509803922	44.9023529411765
"444"	"YC20:1444"	2	440	"Pa880"	"1"	1.17647058823529	2.50980392156862	2.22392156862745	2.49686274509804	1.49529411764705	17.6862745098039	36.2890196078431	49.6360784313725
"445"	"YC20:1445"	2	331	"LH128"	"1"	1.13725490196078	2.19607843137255	2.4635294117647	3.64549019607844	6.03921568627451	18.123137254902	28.5490196078431	36.4117647058824
"446"	"YC20:1446"	2	358	"NK740"	"1"	1.64705882352941	2.23529411764706	2.3921568627451	2.38078431372549	1.37254901960784	15.0705882352941	30.0682352941176	39.7419607843137
"447"	"YC20:1447"	2	483	"H122w"	"1"	1.52941176470588	2.11764705882353	2.16392156862745	1.83921568627451	1.13725490196078	11.6078431372549	23.5270588235293	31.2643137254902
"448"	"YC20:1448"	2	442	"PHK29"	"1"	1.6078431372549	2.54901960784314	2.31372549019608	1.87843137254902	1.37254901960784	10.1560784313725	24.04	38.3694117647059
"449"	"YC20:1449"	2	379	"PHZ51"	"1"	1.80392156862744	3.25490196078431	4.62745098039216	8.22392156862745	8.8478431372549	21.2274509803921	37.8823529411765	46.3529411764706
"450"	"YC20:1450"	2	305	"B70"	"1"	1.25490196078431	2.47058823529411	2.70588235294118	4.20823529411764	3.2156862745098	18.5098039215686	35.1372549019608	47.8039215686274
"451"	"YC20:1451"	2	503	"PHG35"	"1"	1.68627450980393	1.80392156862745	1.46274509803921	1.52941176470589	1.09803921568627	9.84823529411764	22.2392156862745	27.7572549019608
"452"	"YC20:1452"	2	476	"B57"	"1"	1.52941176470589	2.20705882352941	2.65529411764706	4.74509803921569	5.30588235294117	13.1764705882353	28.5490196078431	36.0325490196078
"453"	"YC20:1453"	2	487	"INBRED 109"	"1"	1.25490196078432	1.80392156862745	1.46745098039216	1.25490196078432	1.05882352941176	6.01176470588235	23.1537254901961	31.6482352941176
"454"	"YC20:1454"	2	520	"B73"	"1"	1.5686274509804	2.59921568627451	3.6356862745098	8.71764705882353	11.2156862745098	21.7254901960784	38.8235294117647	47.9450980392157
"455"	"YC20:1455"	2	274	"PHN29"	"1"	1.64705882352942	2.47058823529411	2.46666666666666	4.83137254901961	3.25490196078431	19.1929411764706	34.2631372549019	43.8549019607843
"456"	"YC20:1456"	2	430	"N217"	"1"	2.05019607843138	2.89058823529412	2.98039215686275	2.95764705882352	1.63568627450979	14.8980392156863	31.7141176470588	42.4
"457"	"YC20:1457"	2	303	"B164"	"1"	2	2.63529411764706	2.35294117647059	3.30627450980392	3.64313725490195	16.5098039215686	32.7796078431372	44.8090196078431
"458"	"YC20:1458"	2	504	"PHN34"	"1"	1.41176470588235	2.23529411764706	2.35294117647059	2.35294117647059	1.68627450980392	7.8392156862745	23.7254901960784	31.6078431372549
"459"	"YC20:1459"	2	485	"HUOBAI"	"1"	1.60392156862745	2.70588235294118	2.02705882352941	2.91843137254902	2.31372549019607	16.078431372549	33.9333333333333	44.0996078431373
"460"	"YC20:1460"	2	387	"W810G"	"1"	1.37254901960784	2.82352941176471	2.82352941176471	5.30588235294118	5.73960784313725	18.156862745098	33.8196078431372	45.7647058823529
"461"	"YC20:1461"	2	436	"NC342"	"1"	1.49019607843138	2.23529411764706	1.60784313725491	2.03921568627451	1.49019607843137	11.7647058823529	28.581568627451	34.8211764705882
"462"	"YC20:1462"	2	308	"CG102"	"1"	1.56862745098039	2.58823529411765	3.2156862745098	6.6835294117647	5.72549019607843	19.6470588235294	36.6274509803922	46.5450980392157
"463"	"YC20:1463"	2	375	"PHT55"	"1"	1.92156862745097	2.50980392156863	2.27450980392157	2.54509803921569	1.69803921568627	18.3521568627451	37.1227450980392	49.0980392156863
"464"	"YC20:1464"	2	484	"H96"	"1"	1.25490196078431	2.35294117647059	2.98039215686275	4.86274509803922	6.04980392156862	19.0039215686274	32.0901960784314	46.1176470588235
"465"	"YC20:1465"	2	393	"YING-55"	"1"	1.52941176470588	4.62745098039216	8.1764705882353	12.1341176470588	13.7078431372549	23.1372549019608	38.5098039215686	46.7843137254902
"466"	"YC20:1466"	2	374	"PHT47"	"1"	1.80392156862744	3.05882352941176	3.29411764705882	3.29411764705882	2.6627450980392	21.7254901960784	31.9686274509804	41.5411764705882
"467"	"YC20:1467"	2	365	"PHJ70"	"1"	1.6078431372549	2.90196078431373	3.13725490196078	3.87607843137255	3.49019607843137	20.7450980392157	39.0588235294118	49.921568627451
"468"	"YC20:1468"	2	282	"W37A"	"1"	1.49019607843137	2.15686274509804	3.25490196078432	6.38823529411765	6.29607843137253	20.9137254901961	34.6556862745098	43.1372549019608
"469"	"YC20:1469"	2	457	"VaW6"	"1"	1.25490196078431	1.96352941176471	3.55137254901961	5.36509803921568	5.25490196078431	16.8282352941177	26.7843137254902	33.2156862745098
"470"	"YC20:1470"	2	434	"NC294"	"1"	1.17647058823529	2.66666666666667	2.70156862745098	5.83921568627451	4.62745098039215	16.9294117647059	30.3921568627451	39.6607843137255
"471"	"YC20:1471"	2	316	"H5"	"1"	1.17647058823529	1.6078431372549	1.68627450980393	2	1.37254901960784	16.4486274509804	29.1964705882353	36.5556862745098
"472"	"YC20:1472"	2	493	"M14"	"1"	1.80392156862746	2.57686274509804	2.47058823529412	4.90627450980392	5.7364705882353	15.2941176470588	32.6274509803922	38.8078431372549
"473"	"YC20:1473"	2	313	"H105W"	"1"	1.09803921568628	2.62745098039216	1.84313725490197	3.09803921568628	2.47843137254901	15.3058823529412	27.9372549019608	33.0043137254902
"474"	"YC20:1474"	2	298	"B111"	"1"	0.980392156862753	2.69411764705882	4.11372549019608	8.74509803921569	10.1592156862745	19.1372549019608	38.303137254902	55.2552941176471
"475"	"YC20:1475"	2	361	"OC19"	"1"	1.5686274509804	1.28352941176471	2.75607843137255	3.73725490196078	2.95294117647059	15.2396078431373	29.6196078431373	37.7647058823529
"476"	"YC20:1476"	2	292	"2MCDB"	"1"	1.1764705882353	2.16745098039216	2.03921568627451	2.68352941176471	1.56470588235294	14.5490196078431	29.6470588235294	35.1058823529412
"477"	"YC20:1477"	2	398	"AusTRCF 306238"	"1"	1.41176470588236	2.61607843137254	2.50980392156863	5.61960784313726	3.56862745098039	18.7803921568627	39.9921568627451	52.2796078431372
"478"	"YC20:1478"	2	301	"B121"	"1"	1.21568627450981	2.3921568627451	2.63921568627451	6.21490196078432	2.62431372549018	18.9690196078431	38.8627450980392	50.3745098039216
"479"	"YC20:1479"	2	403	"B47"	"1"	1.63490196078432	1.69137254901961	2.54901960784314	2.89607843137255	2.08627450980392	16.1176470588235	34.1505882352941	43.6203921568627
"480"	"YC20:1480"	2	284	"W611S"	"1"	1.96078431372549	3.17254901960784	4.37176470588236	7.76470588235294	4.39372549019607	19.7701960784314	36.3529411764706	43.921568627451
"481"	"YC20:1481"	2	488	"J47"	"1"	2.12941176470588	2.34901960784313	3.0078431372549	3.41176470588236	2.35294117647059	18.3019607843137	35.3725490196078	48.0447058823529
"482"	"YC20:1482"	2	431	"N218"	"1"	1.88235294117648	1.37254901960784	1.64705882352942	1.92156862745098	1.33333333333333	7.09294117647059	23.6823529411765	31.3592156862745
"483"	"YC20:1483"	2	273	"PHM10"	"1"	1.45098039215687	1.69411764705882	2.07843137254902	2.35882352941177	1.96078431372548	14.74	33.6450980392157	44.3490196078431
"484"	"YC20:1484"	2	289	"DK78371A"	"1"	1.45098039215687	2.47058823529412	2.85372549019608	3.16549019607843	2.66666666666667	17.0588235294118	34.8537254901961	39.6658823529412
"485"	"YC20:1485"	2	491	"LH211"	"1"	1.84313725490197	2.62745098039216	2.58823529411765	2.47058823529412	2	2.90196078431373	7.88235294117647	2.94117647058824
"486"	"YC20:1486"	2	371	"PHR55"	"1"	1.72549019607844	2.00784313725491	2.70588235294118	2.86274509803922	2.22392156862745	11.2117647058824	8.43137254901961	16.7450980392157
"487"	"YC20:1487"	2	384	"W23"	"1"	1.1764705882353	1.96078431372549	3.24313725490196	7.19450980392157	7.76470588235294	18.3137254901961	40.3921568627451	49.5964705882353
"488"	"YC20:1488"	2	513	"PH207"	"1"	0.901960784313733	1.91764705882353	2.19607843137255	4.49882352941176	3.73803921568626	16.8235294117647	33.7650980392157	41.1372549019608
"489"	"YC20:1489"	2	360	"NY 166 (Neveh Yaar)"	"1"	1.5686274509804	2.14549019607843	2.66666666666667	4.63098039215687	9.13725490196079	17.2549019607843	33.3725490196078	41.0588235294118
"490"	"YC20:1490"	2	311	"CO258"	"1"	1.5686274509804	2.05019607843138	1.64705882352942	2.35294117647059	1.2156862745098	14.8133333333333	29.3741176470588	36.4313725490196
"491"	"YC20:1491"	2	275	"PHR47"	"1"	1.1764705882353	1.92549019607843	2.6	5.80392156862745	4.66666666666666	18.1450980392157	35.6862745098039	47.0196078431373
"492"	"YC20:1492"	2	319	"H95"	"1"	1.76470588235295	1.76470588235294	2.27333333333333	2.90196078431373	4.23137254901961	15.1764705882353	29.7454901960784	41.3349019607843
"493"	"YC20:1493"	2	380	"R78"	"1"	1.45098039215687	1.93686274509804	2.28313725490196	5.09803921568627	6.23529411764707	16.0392156862745	32.8235294117647	40.7337254901961
"494"	"YC20:1494"	2	498	"NC290A"	"1"	2.07843137254902	2.70588235294118	2.31372549019608	2.11490196078431	1.2156862745098	9.98745098039214	26.1176470588235	35.9843137254902
"495"	"YC20:1495"	2	413	"FR19"	"1"	1.60784313725491	3.17647058823529	3.29411764705882	5.40039215686274	5.21568627450981	16.156862745098	25.4156862745098	35.6356862745098
"496"	"YC20:1496"	2	454	"Va22"	"1"	1.99999999999999	2.15686274509804	2.62745098039216	1.84313725490197	1.49019607843138	7.64980392156858	11.5294117647059	11.1427450980392
"497"	"YC20:1497"	2	472	"4F-234 BX 4"	"1"	1.64705882352941	2.07843137254902	2.07843137254902	2.03921568627451	1.52941176470589	16.9372549019608	32.1447058823529	46.4470588235294
"498"	"YC20:1498"	2	353	"N523"	"1"	1.68627450980392	2.3921568627451	3.05882352941176	6.02941176470587	7.9607843137255	19.9494117647059	38.7058823529412	47.5921568627451
"499"	"YC20:1499"	2	336	"LH208"	"1"	1.49019607843137	2.94117647058824	4.82980392156863	6.90196078431373	7.78980392156863	17.2156862745098	35.6078431372549	44.5803921568627
"500"	"YC20:1500"	2	441	"PHJ33"	"1"	1.84313725490195	2.32156862745098	1.96078431372549	2.31372549019608	1.29411764705882	13.5686274509804	28.3372549019608	33.9960784313725
"501"	"YC20:1501"	2	337	"LH213"	"1"	1.56862745098039	2.3921568627451	2.83999999999999	3.26588235294118	3.72549019607844	20.7921568627451	34.4576470588235	45.5023529411765
"502"	"YC20:1502"	2	415	"H84"	"1"	2.27450980392157	2.58823529411765	2.19607843137255	2	1.29411764705882	18.2745098039216	32.5372549019608	38.923137254902
"503"	"YC20:1503"	2	349	"N211"	"1"	1.17647058823529	2.11764705882353	2.15686274509804	4.37529411764706	3.45098039215687	19.1764705882353	34.756862745098	46.7450980392157
"504"	"YC20:1504"	2	427	"MBPM"	"1"	1.96078431372549	2.38823529411765	3.80392156862745	6.42	8.6392156862745	19.5294117647059	35.3450980392157	48.0278431372549
"505"	"YC20:1505"	2	351	"N28Ht"	"1"	1.5686274509804	2.3921568627451	3.01960784313726	4.06705882352941	3.92156862745097	15.3541176470588	34.1454901960784	45.2941176470588
"506"	"YC20:1506"	2	475	"B2"	"1"	1.37254901960785	2.19215686274509	2.23529411764706	4.30274509803921	6.8235294117647	13.9886274509804	34.0509803921569	45.7254901960784
"507"	"YC20:1507"	2	290	"W814G"	"1"	0.980392156862753	1.96078431372549	1.60784313725491	1.81725490196079	0.862745098039213	12.9803921568627	29.4039215686274	41.2549019607843
"508"	"YC20:1508"	2	328	"KUNG-70"	"1"	1.1764705882353	1.45098039215686	1.72549019607844	3.65764705882353	5.52941176470588	14.8611764705882	29.8541176470588	37.921568627451
"509"	"YC20:1509"	2	346	"Mo46"	"1"	0.901960784313733	2.27450980392157	2.27450980392157	4.7764705882353	6.57607843137254	18.4764705882353	34.9019607843137	48.4701960784314
"510"	"YC20:1510"	2	326	"J8606"	"1"	1.84313725490197	2	1.52941176470589	1.49019607843138	0.980392156862742	14.2937254901961	31.9725490196078	41.4376470588235
"511"	"YC20:1511"	2	474	"B104"	"1"	1.1764705882353	1.68627450980392	1.92156862745098	2.29843137254902	1.43372549019607	14.0392156862745	31.0196078431372	42.9019607843137
"512"	"YC20:1512"	2	281	"TZU-CHIAO-HSI-WU 105"	"1"	1.25490196078432	2.3921568627451	1.92156862745098	5.36627450980393	5.83176470588235	18.8627450980392	32.7058823529412	39.7701960784314
"513"	"YC20:1513"	2	364	"PHBB3"	"1"	1.33333333333334	3.6356862745098	4.47058823529412	8.92235294117647	9.69803921568625	19.9101960784314	35.0717647058824	45.5803921568627
"514"	"YC20:1514"	2	378	"PHWG5"	"1"	1.37254901960784	2.15686274509804	2.03921568627451	1.76470588235295	1.17647058823529	17.4117647058824	28.6611764705882	36.8196078431373
"515"	"YC20:1515"	2	517	"B73"	"1"	1.2156862745098	2.54901960784313	2.86274509803922	4.86274509803922	7.72549019607843	19.8039215686274	36.498431372549	48.5874509803922
"516"	"YC20:1516"	2	408	"B98"	"1"	1.45098039215686	2.15686274509804	1.3686274509804	1.88235294117648	1.05882352941176	7.92156862745098	27.0235294117647	32.7450980392157
"517"	"YC20:1517"	2	404	"B65"	"1"	1.2156862745098	2.12941176470588	2.43137254901961	4.50745098039212	5.56470588235293	18.1827450980392	35.6835294117647	45.6807843137255
"518"	"YC20:1518"	2	447	"PHW53"	"1"	1.45098039215686	2.11764705882353	2.07843137254902	2.07137254901961	3.05882352941176	14.2878431372549	29.5294117647059	36.4313725490196
"519"	"YC20:1519"	2	390	"Wf9"	"1"	1.01960784313725	1.68627450980392	1.60784313725491	1.60784313725491	1.01960784313725	5.64705882352941	25.9137254901961	35.8823529411765
"520"	"YC20:1520"	2	350	"N215"	"1"	1.64705882352941	3.79254901960784	3.25490196078431	3.10980392156863	2	16.078431372549	30.5443137254902	39.1372549019608
"521"	"YC20:2001"	1	230	"Mo47"	"2"	2.0392156862745	4.61686274509804	5.67490196078431	8.74509803921569	11.5686274509804	17.6862745098039	33.721568627451	40.8509803921569
"522"	"YC20:2002"	1	178	"Pa405"	"2"	1.88235294117646	2.50980392156863	2.01098039215687	1.45098039215687	1.93333333333333	17.5686274509804	31.7647058823529	38.4980392156863
"523"	"YC20:2003"	1	251	"PH207"	"2"	1.29411764705882	3.08666666666666	3.56862745098039	4.30745098039216	7.49019607843137	18.9019607843137	33.6862745098039	40.7988235294118
"524"	"YC20:2004"	1	26	"PHG47"	"2"	1.99999999999999	3.97176470588235	4.28627450980392	6.16392156862745	8.35294117647059	16.1921568627451	29.2941176470588	33.9031372549019
"525"	"YC20:2005"	1	101	"A672"	"2"	1.91019607843136	2.66666666666667	2.90196078431373	4.02823529411764	2.50980392156863	16.7137254901961	35.0964705882353	43.8729411764706
"526"	"YC20:2006"	1	107	"CR14"	"2"	1.84313725490195	2.43137254901961	2.07450980392157	2	2.03921568627452	17.7098039215686	30.0509803921569	37.5345098039216
"527"	"YC20:2007"	1	189	"SD101"	"2"	1.45098039215686	3.17647058823529	4.14666666666667	7.41176470588235	9.05529411764705	16.9803921568627	29.4509803921569	35.0494117647059
"528"	"YC20:2008"	1	63	"W64A"	"2"	2.0392156862745	4.53764705882353	4.07843137254902	9.30901960784313	9.20431372549019	19.0549019607843	30.5882352941176	37.3333333333333
"529"	"YC20:2009"	1	234	"N201"	"2"	1.96078431372549	3.99607843137255	4	4.86274509803922	7.14117647058823	19.0196078431373	37.843137254902	47.4329411764706
"530"	"YC20:2010"	1	157	"C123"	"2"	1.09803921568627	2.01098039215686	2.19607843137255	3.52941176470588	1.94039215686275	17.0588235294118	29.9847058823529	36.5560784313725
"531"	"YC20:2011"	1	222	"H42"	"2"	1.2156862745098	2.38078431372548	2.05803921568627	2	2.34901960784314	14.4980392156863	27.3752941176471	33.4607843137255
"532"	"YC20:2012"	1	74	"LH295"	"2"	1.17647058823529	2.42	1.96078431372549	2.24627450980392	1.76470588235295	19.1490196078431	31.8039215686274	38.9298039215686
"533"	"YC20:2013"	1	43	"A556"	"2"	1.84313725490195	3.55725490196078	3.56862745098039	4.86274509803921	5.93803921568627	14.7843137254902	26.9019607843137	31.4396078431373
"534"	"YC20:2014"	1	122	"LH54"	"2"	0.784313725490193	1.76470588235294	1.1764705882353	1.41921568627451	1.09803921568627	6.4835294117647	16.7258823529411	25.921568627451
"535"	"YC20:2015"	1	217	"B115"	"2"	1.64705882352941	2.15686274509804	2.07843137254902	2.27450980392157	1.92980392156863	15.3333333333333	35.4117647058823	45.6156862745098
"536"	"YC20:2016"	1	254	"PH207"	"2"	2	3.82196078431372	3.29019607843137	6.44156862745098	7.49019607843138	19.8941176470588	35.0980392156863	42.5286274509804
"537"	"YC20:2017"	1	30	"PHTM9"	"2"	1.56862745098039	3.60392156862745	3.49019607843137	5.56862745098039	6.29490196078432	19.9290196078431	35.2156862745098	47.0313725490196
"538"	"YC20:2018"	1	211	"A659"	"2"	1.25490196078431	2.4313725490196	2.7843137254902	4.86274509803922	5.31372549019608	18.1176470588235	38	46.2745098039216
"539"	"YC20:2019"	1	29	"PHN11"	"2"	1.25490196078431	2.31372549019608	2.07843137254902	9.42823529411765	10.6356862745098	21.0313725490196	35.2211764705882	42.7337254901961
"540"	"YC20:2020"	1	28	"PHK74"	"2"	1.29019607843138	2.11764705882353	2.87372549019608	7.28392156862745	8.44313725490195	20.3137254901961	36.2835294117647	45.3729411764706
"541"	"YC20:2021"	1	205	"A272"	"2"	1.64705882352942	2.27450980392157	2.43137254901961	6.25764705882353	6.36509803921568	20	36.6117647058824	48.5098039215686
"542"	"YC20:2022"	1	144	"W614S"	"2"	1.17647058823529	1.80392156862745	2.50980392156863	7.1521568627451	7.94470588235293	22.6274509803922	33.6470588235294	41.4235294117647
"543"	"YC20:2023"	1	90	"PHT69"	"2"	1.45098039215687	1.51803921568627	1.96078431372549	2.38078431372549	2.25843137254899	20.2862745098039	30.1176470588235	37.5254901960784
"544"	"YC20:2024"	1	212	"A663"	"2"	1.80392156862746	2.38862745098038	3.84313725490196	7.6313725490196	10.0925490196078	18.9803921568627	40.078431372549	49.6749019607843
"545"	"YC20:2025"	1	12	"911"	"2"	1.60392156862745	2.47058823529412	3.19843137254902	7.68627450980392	9.3956862745098	20.0509803921569	32.0396078431372	37.2764705882353
"546"	"YC20:2026"	1	239	"Pa392"	"2"	1.64705882352942	3.12588235294117	4.79607843137255	9.56901960784313	11.3294117647059	21.3333333333333	38.523137254902	46.6870588235294
"547"	"YC20:2027"	1	149	"A680"	"2"	1.49019607843138	2.54901960784313	2.53764705882353	5.03137254901961	4.22392156862744	21.0745098039216	39.2156862745098	47.0666666666667
"548"	"YC20:2028"	1	216	"B114"	"2"	1.29411764705883	2.43137254901961	2.06705882352941	2.95294117647059	1.37254901960785	17.921568627451	38.6392156862745	48.4588235294118
"549"	"YC20:2029"	1	16	"AQA3"	"2"	1.33333333333333	2.15294117647059	3.13725490196078	6.98039215686275	8.19607843137255	20.436862745098	31.5294117647059	38.3992156862745
"550"	"YC20:2030"	1	162	"Eng-Li Chih"	"2"	1.2156862745098	2.7843137254902	4.38078431372549	9.45803921568627	11.921568627451	21.3725490196078	37.4627450980392	45.1145098039216
"551"	"YC20:2031"	1	201	"2FADB"	"2"	1.5686274509804	2.15686274509804	2.27450980392157	3.04745098039216	5.53450980392157	20.7450980392157	35.3611764705882	45.8509803921569
"552"	"YC20:2032"	1	77	"LP5"	"2"	1.84313725490195	4.82352941176471	6.90196078431372	11.3725490196078	13.4117647058824	23.3725490196079	35.843137254902	43.3843137254902
"553"	"YC20:2033"	1	73	"LH202"	"2"	1.84313725490196	3.29411764705882	3.18431372549019	7.73725490196078	10.443137254902	22.1686274509804	38.0352941176471	46
"554"	"YC20:2034"	1	135	"PHG29"	"2"	1.41176470588235	2.8235294117647	2.81254901960784	7.13725490196079	7.01686274509804	19.243137254902	35.1764705882353	43.0980392156863
"555"	"YC20:2035"	1	3	"A572"	"2"	1.49019607843137	2.62745098039215	3.09803921568627	6.80235294117647	9.26588235294118	21.7647058823529	32.7843137254902	39.5686274509804
"556"	"YC20:2036"	1	114	"I29"	"2"	1.49019607843137	2.4313725490196	3.2156862745098	6.56705882352941	7.85294117647058	19.2666666666667	30.5450980392157	37.2274509803922
"557"	"YC20:2037"	1	75	"LH61"	"2"	1.56862745098039	2.86274509803921	2.3921568627451	5.14	5.26745098039216	19.7254901960784	30.9996078431372	37.5019607843137
"558"	"YC20:2038"	1	180	"PHBA6"	"2"	1.5686274509804	2.35294117647059	2.86274509803922	8.38627450980392	9.14235294117646	23.6039215686274	40.0066666666667	49.5839215686274
"559"	"YC20:2039"	1	84	"PHJR5"	"2"	2.03529411764706	2.3921568627451	2.82352941176471	4.51686274509804	7.25490196078432	22.3803921568627	43.0905882352941	52.5098039215686
"560"	"YC20:2040"	1	246	"R181B"	"2"	1.72549019607844	2.78901960784313	4.01882352941176	7.72549019607843	9.59960784313725	23.3725490196078	43.0196078431373	53.4235294117647
"561"	"YC20:2041"	1	161	"DKPB80"	"2"	2	3.28196078431372	4.78039215686275	10.7337254901961	12.3003921568627	23.4003921568627	41.2666666666667	50.2294117647059
"562"	"YC20:2042"	1	175	"NQ508"	"2"	1.80392156862746	3.09803921568627	3.88235294117647	7.02274509803921	3.76470588235294	20.6392156862745	38.156862745098	47.1098039215686
"563"	"YC20:2043"	1	79	"N197"	"2"	1.96078431372549	2.74509803921568	2.71372549019608	2.82352941176471	1.5686274509804	18.4313725490196	32.5756862745098	39.2156862745098
"564"	"YC20:2044"	1	151	"B-18 INBR.FR.SUPERGOLD"	"2"	1.1764705882353	1.62745098039216	4.89882352941176	8.64039215686274	11.02	19.843137254902	36.9019607843137	44.8235294117647
"565"	"YC20:2045"	1	176	"NY 159 (Neveh Yaar)"	"2"	1.60784313725491	1.45098039215686	1.30156862745098	1.79254901960784	1.25490196078432	13.8643137254902	23.921568627451	27.0960784313725
"566"	"YC20:2046"	1	203	"6F629"	"2"	0.980392156862753	2.11764705882353	3.96117647058823	6.62745098039216	8.66666666666667	19.6470588235294	41.2117647058824	46.1960784313726
"567"	"YC20:2047"	1	111	"DKMBNA"	"2"	1.90117647058824	2.47058823529412	2.30823529411765	5.2156862745098	1.84352941176471	20.3137254901961	34.341568627451	43.8043137254902
"568"	"YC20:2048"	1	220	"DK78010"	"2"	1.76470588235295	3.01960784313725	3.54117647058823	5.87607843137255	4.86274509803922	19.3337254901961	33.9886274509804	42.4666666666667
"569"	"YC20:2049"	1	164	"INBRED 2-687"	"2"	1.5686274509804	2.30980392156863	2.30980392156863	3.61960784313725	3.72549019607844	15.921568627451	33.2443137254902	43.8823529411765
"570"	"YC20:2050"	1	7	"OQ403"	"2"	1.52941176470589	2.62745098039216	3.16509803921568	5.8478431372549	4.44313725490196	19.8039215686275	30.156862745098	37.0082352941176
"571"	"YC20:2051"	1	198	"2369"	"2"	2.07843137254902	2.11764705882353	3.07529411764705	3.29411764705882	2.43882352941177	12.5098039215686	27.7647058823529	36.2474509803922
"572"	"YC20:2052"	1	131	"NS501"	"2"	1.68627450980392	2.3921568627451	2.19607843137255	2.58823529411765	1.88235294117648	16.3411764705882	29.2760784313725	34.96
"573"	"YC20:2053"	1	60	"PHG71"	"2"	1.37254901960784	2.7843137254902	4.09529411764706	8.98039215686274	6.82352941176471	21.6666666666667	34.156862745098	41.3109803921568
"574"	"YC20:2054"	1	185	"PHR63"	"2"	1.37254901960784	2.27450980392157	3.3443137254902	6.62352941176471	6.45960784313725	18.7019607843137	36.7450980392157	44.0894117647059
"575"	"YC20:2055"	1	242	"PHG86"	"2"	1.72549019607843	2.05019607843137	3.25490196078431	7.82705882352941	7.63411764705883	18.6666666666667	39.6705882352941	48.0670588235294
"576"	"YC20:2056"	1	194	"W612S"	"2"	2.15686274509803	3.25490196078431	3.89411764705882	5.96078431372549	1.92156862745098	18.4196078431373	31.6917647058824	35.1882352941176
"577"	"YC20:2057"	1	147	"A258"	"2"	2.47058823529412	2.93725490196078	5.44627450980392	8.11764705882353	9.60549019607842	19.6196078431373	34.6274509803922	41.6470588235294
"578"	"YC20:2058"	1	172	"MS71"	"2"	1.84313725490195	2.26470588235294	3.6078431372549	6.7843137254902	7.02039215686275	18.2078431372549	31.9494117647059	39.843137254902
"579"	"YC20:2059"	1	8	"PHVJ4"	"2"	1.56862745098039	1.93254901960784	1.84313725490196	3.19843137254901	1.21019607843138	18.9686274509804	27.6941176470588	34.5811764705882
"580"	"YC20:2060"	1	25	"Oh43"	"2"	1.56862745098039	3.17647058823529	5.22666666666666	8.32470588235294	9.29019607843137	20.1176470588235	33.3729411764706	39.3333333333333
"581"	"YC20:2061"	1	166	"LH143 (Maintainer)"	"2"	1.72549019607843	2.58823529411765	2.76784313725489	4.89921568627451	1.76470588235294	17.4509803921569	34.1960784313725	42.7450980392157
"582"	"YC20:2062"	1	91	"PHV57"	"2"	2	1.55333333333333	2.73647058823529	4.50980392156862	1.88235294117647	16.4313725490196	33.2549019607843	39.8823529411765
"583"	"YC20:2063"	1	139	"SD102"	"2"	1.49019607843137	2.2078431372549	3.25490196078431	4.98549019607842	2.52078431372549	15.2996078431373	28.3023529411765	34.996862745098
"584"	"YC20:2064"	1	192	"W604S"	"2"	1.56862745098039	2.82352941176471	3.09803921568627	6.07843137254901	1.80392156862745	19.2549019607843	34.0392156862745	39.8039215686274
"585"	"YC20:2065"	1	40	"A334"	"2"	2.11764705882352	3.2156862745098	5.1764705882353	7.68627450980393	9.92156862745098	19.2549019607843	34.5098039215686	41.6713725490196
"586"	"YC20:2066"	1	160	"DKFAPW"	"2"	2.62745098039216	4.47058823529411	6.67450980392156	10.3921568627451	12.6666666666667	21.6862745098039	36.2745098039216	44.0470588235294
"587"	"YC20:2067"	1	42	"A548"	"2"	1.52941176470588	2.18470588235294	3.61882352941176	7.32196078431372	9.37254901960784	18.5882352941177	34.8745098039216	42.7058823529412
"588"	"YC20:2068"	1	83	"PHJ89"	"2"	1.76470588235293	2.3921568627451	3.76470588235293	8.29019607843136	5.65803921568627	19.4	39.0823529411765	47.3725490196078
"589"	"YC20:2069"	1	98	"A374"	"2"	1.49019607843137	2.15686274509804	4.19647058823528	8.66666666666666	8.75607843137255	22.078431372549	36.0862745098039	44.8180392156863
"590"	"YC20:2070"	1	132	"Oh40B"	"2"	2.31372549019608	2.58823529411765	3.72549019607843	6.23568627450979	8.06235294117647	20.7058823529412	38.8235294117647	47.1882352941176
"591"	"YC20:2071"	1	145	"2FACC"	"2"	2	3.90588235294117	4.92980392156862	9.56862745098039	11.3498039215686	22.5376470588235	37.921568627451	45.9886274509804
"592"	"YC20:2072"	1	119	"CR1HT"	"2"	1.52941176470589	2.7843137254902	2.58823529411764	5.45098039215686	6.40392156862745	19.3843137254902	34.2352941176471	41.5180392156863
"593"	"YC20:2073"	1	188	"PHW80"	"2"	1.72549019607844	2.67843137254902	2.86274509803921	5.37254901960784	6.68313725490196	18.1960784313726	33.3843137254902	41.4090196078431
"594"	"YC20:2074"	1	184	"PHN82"	"2"	2.11764705882353	2.54901960784314	2.23529411764705	1.72549019607843	1.5686274509804	15.4905882352941	21.1098039215686	26.6513725490196
"595"	"YC20:2075"	1	182	"PHJ90"	"2"	1.80392156862746	2.54509803921569	2.54901960784313	3.53647058823529	3.13254901960784	19.8196078431373	34.498431372549	42.443137254902
"596"	"YC20:2076"	1	120	"LH223"	"2"	2.3921568627451	3.53725490196079	4.28549019607843	8.41999999999999	7.01960784313726	21.0039215686275	31.3176470588235	36.0392156862745
"597"	"YC20:2077"	1	244	"PHR36"	"2"	2.03921568627451	3.6078431372549	3.65882352941177	4.02509803921568	2.01137254901961	19.7647058823529	35.0717647058823	43.2941176470588
"598"	"YC20:2078"	1	76	"LIBC 4"	"2"	2.07843137254902	3.2156862745098	3.32196078431372	5.49019607843137	5.84313725490196	17.6862745098039	32.2631372549019	38.7960784313725
"599"	"YC20:2079"	1	34	"PHW86"	"2"	1.55725490196079	2.70588235294118	3.46666666666666	7.78941176470588	9.07176470588235	19.4709803921569	32.9858823529412	40.5098039215686
"600"	"YC20:2080"	1	92	"PHW03"	"2"	2.2313725490196	3.13725490196078	4.31372549019608	8.22392156862744	9.97254901960784	22.2470588235294	37.3333333333333	44.9803921568627
"601"	"YC20:2081"	1	37	"793"	"2"	1.33333333333333	3.49019607843137	5.01686274509803	9.56862745098039	11.6282352941176	22.1960784313725	36.0509803921569	43.643137254902
"602"	"YC20:2082"	1	71	"ICI581"	"2"	1.14980392156862	2.3921568627451	2.27450980392157	2.47058823529411	1.29411764705883	18.4196078431373	31.9662745098039	40.8082352941176
"603"	"YC20:2083"	1	223	"ICI 740"	"2"	1.45098039215686	2.48156862745098	2.27450980392157	3.65411764705882	4.74509803921569	19.4470588235294	37.8823529411765	46.8898039215686
"604"	"YC20:2084"	1	190	"SD44"	"2"	1.76470588235293	2.8749019607843	4.19215686274509	7.83176470588235	9.75333333333333	18.4305882352941	36.3160784313725	43.1372549019608
"605"	"YC20:2085"	1	108	"DK4676A"	"2"	1.72549019607843	2.69450980392156	2.31372549019608	4.92078431372548	5.68039215686274	20.6274509803922	31.9101960784314	42.0427450980392
"606"	"YC20:2086"	1	148	"A634"	"2"	1.9843137254902	2.7843137254902	2.58823529411765	7.12156862745098	7.54117647058824	18.6901960784314	32.3529411764706	38.6552941176471
"607"	"YC20:2087"	1	213	"AS6103"	"2"	1.33333333333333	2.47058823529412	2.47058823529412	4.47058823529412	2.8121568627451	17.9607843137255	34.7843137254902	42.4039215686274
"608"	"YC20:2088"	1	125	"ML606"	"2"	1.60784313725491	1.72549019607843	1.95294117647059	3.08627450980392	2.20274509803922	15.0980392156863	32.5098039215686	39.8039215686275
"609"	"YC20:2089"	1	229	"Mo17"	"2"	1.1764705882353	2.19607843137255	2.03529411764707	1.8835294117647	1.25490196078432	13.3031372549019	29.2039215686274	40.776862745098
"610"	"YC20:2090"	1	146	"4F-306 108"	"2"	1.72549019607844	2.66666666666667	2.90196078431373	4.62745098039216	4.7843137254902	17.843137254902	31.9643137254902	39.3482352941177
"611"	"YC20:2091"	1	249	"Va52"	"2"	1.84313725490197	3.46745098039215	4.69490196078432	9.45098039215686	11.721568627451	18.1058823529412	35.1764705882353	43.8156862745098
"612"	"YC20:2092"	1	89	"PHR30"	"2"	1.76470588235295	2.94117647058824	2.54901960784314	5.08666666666666	7.15372549019607	20.9686274509804	38.756862745098	52.9298039215686
"613"	"YC20:2093"	1	102	"A682"	"2"	1.41176470588236	2.07843137254902	2.44235294117647	5.41176470588235	4.58823529411765	16.9019607843137	34.9803921568627	41.2274509803921
"614"	"YC20:2094"	1	47	"CS405"	"2"	1.49019607843138	2.23529411764706	2.09490196078431	6.36392156862745	8.55999999999999	20.1960784313725	36.5490196078431	42.5882352941176
"615"	"YC20:2095"	1	27	"PHGW7"	"2"	1.37254901960785	2.15686274509804	2.43137254901961	4.84235294117647	8.29843137254901	21.1372549019608	38.078431372549	44.9803921568627
"616"	"YC20:2096"	1	152	"B103"	"2"	1.56862745098039	3.56862745098039	3.68627450980392	4.35294117647059	5.41176470588236	17.7372549019608	36.0392156862745	44.8235294117647
"617"	"YC20:2097"	1	72	"L 139"	"2"	2.54901960784314	4.03686274509803	4	6.35333333333333	8.52156862745098	17.4392156862745	35.7254901960784	44.4788235294118
"618"	"YC20:2098"	1	39	"29MIBZ2"	"2"	1.64705882352942	2.03921568627451	1.80392156862746	2.35294117647059	3.25490196078432	17.1098039215686	33.3686274509804	41.6980392156863
"619"	"YC20:2099"	1	103	"A73"	"2"	1.25490196078431	2.15686274509804	2.50588235294118	6.88078431372549	8.0278431372549	18.3807843137255	32.1686274509804	38.2239215686274
"620"	"YC20:2100"	1	181	"PHHV4"	"2"	1.6078431372549	2.98039215686275	2.9207843137255	4.62745098039216	8.02156862745097	17.4901960784314	32.9164705882353	38.3419607843137
"621"	"YC20:2101"	1	121	"LH38"	"2"	1.17647058823529	2.11764705882353	1.80392156862746	1.92156862745098	2.03921568627451	8.10980392156862	21.4643137254902	30.2611764705882
"622"	"YC20:2102"	1	142	"CH9"	"2"	1.1513725490196	3.25490196078431	2.83450980392157	2.8513725490196	3.99529411764706	16.5490196078431	34.6235294117647	42.1352941176471
"623"	"YC20:2103"	1	118	"LH206"	"2"	1.96078431372549	3.17647058823529	3.7607843137255	5.56862745098039	5.93372549019608	18.7521568627451	32.9188235294118	38.4705882352941
"624"	"YC20:2104"	1	236	"NC310"	"2"	1.5686274509804	3.61882352941176	3.33333333333333	4.90196078431373	7.92156862745098	19.1058823529412	35.8121568627451	43.5070588235294
"625"	"YC20:2105"	1	153	"B76"	"2"	1.84313725490197	4.19607843137255	3.76470588235295	6.03921568627451	9.80392156862745	19.7333333333333	35.5294117647059	42.7450980392157
"626"	"YC20:2106"	1	235	"N6"	"2"	1.96078431372549	2.35882352941177	2.98980392156863	3.23960784313725	2.34901960784315	17.921568627451	34.4313725490196	43.2941176470588
"627"	"YC20:2107"	1	259	"B73"	"2"	1.13725490196079	3.1721568627451	2.70588235294118	6.11607843137254	8.79607843137255	20.8905882352941	38.6666666666667	49.9333333333333
"628"	"YC20:2108"	1	82	"PHH93"	"2"	1.52941176470589	2.31372549019608	2.27450980392157	3.05882352941176	2.54901960784314	16.7686274509804	34.0670588235294	42.4062745098039
"629"	"YC20:2109"	1	96	"1538"	"2"	1.52941176470589	3.41176470588235	3.13725490196078	6.38117647058823	7.66745098039216	18.818431372549	35.3494117647059	43.9890196078431
"630"	"YC20:2110"	1	193	"W605S"	"2"	1.13725490196079	2.3921568627451	2.11764705882353	5.41176470588235	3.80039215686274	18.3427450980392	37.1764705882353	47.3219607843137
"631"	"YC20:2111"	1	241	"PHG80"	"2"	2.07843137254902	2.91294117647059	2.39254901960784	4.31372549019608	4.71686274509804	18.4423529411765	33.5180392156863	41.7329411764706
"632"	"YC20:2112"	1	51	"LH149"	"2"	2	3.45098039215686	3.46196078431372	7.5756862745098	8.31372549019608	21.2941176470588	35.2011764705882	44.2392156862745
"633"	"YC20:2113"	1	156	"BO9"	"2"	2	4.25921568627451	3.43725490196078	6.13098039215686	8.82352941176471	19.5294117647059	34.3137254901961	42.1835294117647
"634"	"YC20:2114"	1	183	"PHN66"	"2"	1.09803921568628	2.77882352941176	2.62745098039216	5.3756862745098	5.25490196078432	16.6666666666667	34.5490196078431	44.0117647058824
"635"	"YC20:2115"	1	243	"PHK76"	"2"	1.1764705882353	1.88235294117647	1.49019607843138	2.31372549019608	1.76470588235295	12.0172549019608	26.42	33.7886274509804
"636"	"YC20:2116"	1	214	"B-28"	"2"	1.5686274509804	2.50980392156863	2.86274509803922	4.07843137254902	4.66666666666667	15.098431372549	32.5058823529412	41.116862745098
"637"	"YC20:2117"	1	33	"PHW20"	"2"	1.68627450980393	3.17647058823529	2.35294117647059	3.68627450980392	4.9921568627451	14.7058823529412	35.3129411764706	44.156862745098
"638"	"YC20:2118"	1	2	"A385"	"2"	1.16509803921569	2.12862745098039	2.15686274509804	3.05882352941177	1.72549019607844	16.5882352941176	31.921568627451	37.8125490196078
"639"	"YC20:2119"	1	81	"PHG72"	"2"	1.60784313725491	2.96901960784313	2.28549019607843	6.35294117647059	7.14745098039216	18.3921568627451	32.8509803921569	40.0745098039216
"640"	"YC20:2120"	1	224	"ICI 893"	"2"	1.58039215686274	1.92156862745098	2.11764705882353	3.96078431372549	4	16.9411764705882	32.1062745098039	40.7764705882353
"641"	"YC20:2121"	1	195	"W8304"	"2"	1.45098039215686	2.11764705882353	2.18470588235294	5.59647058823529	8.63921568627451	20.7058823529412	35.8317647058823	46.1576470588235
"642"	"YC20:2122"	1	106	"CH157"	"2"	1.17647058823529	2.43137254901961	3.46196078431373	8	10.5862745098039	20.7960784313726	37.8549019607843	45.3450980392157
"643"	"YC20:2123"	1	257	"B73"	"2"	1.17647058823529	2.70588235294117	2.66666666666667	7.42862745098038	9.09803921568628	22.1450980392157	39.48	49.4117647058824
"644"	"YC20:2124"	1	32	"PHVA9"	"2"	1.17647058823529	2.4592156862745	2.58823529411765	2.58823529411764	1.80823529411762	19.3725490196078	35.8321568627451	43.3960784313725
"645"	"YC20:2125"	1	154	"B91"	"2"	1.6078431372549	2.7843137254902	3.14823529411765	7.2435294117647	7.71803921568628	19.0196078431373	37.4117647058824	48.863137254902
"646"	"YC20:2126"	1	100	"A649"	"2"	1.25490196078431	2.07843137254902	2.31372549019608	5.91333333333333	6.72862745098039	23.6862745098039	34.3764705882353	46.6160784313725
"647"	"YC20:2127"	1	159	"DK3IIH6"	"2"	1.64705882352941	2.79607843137255	2.94117647058824	5.6078431372549	7.29411764705883	18.0392156862745	34.6160784313725	44.2749019607843
"648"	"YC20:2128"	1	85	"PHKE6"	"2"	1.80392156862746	2.90196078431373	3.45098039215686	7.40235294117646	9.23490196078432	20.1098039215686	34.343137254902	40.7058823529412
"649"	"YC20:2129"	1	207	"A627"	"2"	1.85098039215687	2.62745098039216	2.86274509803921	4.89098039215685	3.88078431372549	18.3647058823529	27.4003921568627	38.756862745098
"650"	"YC20:2130"	1	128	"MS200"	"2"	1.17647058823529	2.50980392156863	2.99921568627451	5.5686274509804	8.02274509803921	19.6862745098039	30.1596078431373	37.6470588235294
"651"	"YC20:2131"	1	62	"W552"	"2"	2.54901960784314	3.05882352941176	2.70235294117646	5.88235294117647	5.5843137254902	19.0980392156863	29.1764705882353	37.4117647058824
"652"	"YC20:2132"	1	123	"LH82"	"2"	1.97254901960784	2.66666666666666	3.57372549019607	5.83176470588235	6.98039215686274	19.2823529411765	29.6078431372549	36.5333333333333
"653"	"YC20:2133"	1	112	"G80"	"2"	2.35294117647059	3.09803921568627	3.56862745098039	5.81372549019608	8.27058823529411	18	27.6980392156863	38.0176470588235
"654"	"YC20:2134"	1	53	"LH172"	"2"	1.76470588235293	2.31372549019608	2.47058823529412	2.75254901960784	2.3478431372549	17.843137254902	27.3792156862745	34.4858823529412
"655"	"YC20:2135"	1	138	"Q381"	"2"	2.0392156862745	2.70588235294118	2.91294117647059	6.11764705882353	8.47058823529411	19.6470588235294	33.96	40.7058823529412
"656"	"YC20:2136"	1	56	"MS72"	"2"	1.68627450980392	3.05882352941176	2.93019607843138	7.7921568627451	10.1960784313725	19.6823529411765	33.7647058823529	40.5098039215686
"657"	"YC20:2137"	1	86	"PHP02"	"2"	1.80392156862744	2.50588235294118	2.85882352941177	6.98039215686275	7.2156862745098	19.8823529411765	35.2156862745098	43.7376470588235
"658"	"YC20:2138"	1	168	"LH198"	"2"	2.19607843137255	4.65529411764705	7.01960784313726	10.3921568627451	10.8513725490196	21.6078431372549	36.9411764705882	46.3372549019608
"659"	"YC20:2139"	1	258	"B73"	"2"	2.62745098039216	3.13725490196079	3.92156862745098	7.00823529411764	8.47058823529411	21.2470588235294	41.4862745098039	51.7647058823529
"660"	"YC20:2140"	1	65	"A208"	"2"	1.80392156862746	2.6	3.90627450980392	7.4549019607843	7.09882352941176	19.9607843137255	35.8039215686274	42.5741176470588
"661"	"YC20:2141"	1	218	"C103"	"2"	1.60784313725491	1.67490196078431	1.87843137254902	2.67843137254902	1.2156862745098	17.6352941176471	28.9019607843137	37.7105882352941
"662"	"YC20:2142"	1	200	"78010"	"2"	1.60784313725491	2.31372549019608	3.99607843137255	6.67176470588235	5.09803921568627	17.6470588235294	33.2933333333333	40.8513725490196
"663"	"YC20:2143"	1	80	"OS602"	"2"	1.76470588235295	3.00313725490196	3.92156862745098	3.60823529411764	2.62745098039215	18.1686274509804	33.9980392156863	48.1647058823529
"664"	"YC20:2144"	1	134	"PHBW8"	"2"	1.49019607843138	2	3.05490196078431	4.43137254901961	3.37254901960784	21.2941176470588	33.863137254902	46.0247058823529
"665"	"YC20:2145"	1	52	"LH166"	"2"	1.49019607843138	2.48235294117647	2.62509803921569	4.09176470588236	6.0278431372549	18.1960784313726	29.1490196078431	36.8913725490196
"666"	"YC20:2146"	1	113	"H99"	"2"	1.45098039215687	2.3921568627451	2.74509803921569	5.13725490196079	3.88235294117647	15.8823529411765	29.2670588235294	34.498431372549
"667"	"YC20:2147"	1	169	"LH209"	"2"	1.5686274509804	2.7843137254902	3.89333333333334	8.66705882352941	8.27450980392157	19.1764705882353	35.6078431372549	43.0627450980392
"668"	"YC20:2148"	1	36	"W182E"	"2"	1.33333333333334	2.33019607843137	2.50980392156863	3.44705882352941	2.0192156862745	16.6666666666667	28.3137254901961	35.3152941176471
"669"	"YC20:2149"	1	54	"LH222"	"2"	1.92156862745098	3.59647058823529	4.02392156862744	7.13725490196078	7.75333333333333	19.0980392156863	31.0941176470588	37.6866666666667
"670"	"YC20:2150"	1	22	"L 135"	"2"	1.41176470588236	2.43137254901961	3.3121568627451	9.07725490196078	7.56862745098039	19.6078431372549	34.3529411764706	41.4470588235294
"671"	"YC20:2151"	1	155	"BEI 10 = NORTH 10"	"2"	2.15686274509804	2.38627450980392	3.50117647058823	6.76470588235293	9.37254901960784	17.7647058823529	30.9803921568627	38.9980392156863
"672"	"YC20:2152"	1	197	"792"	"2"	2.27450980392157	3.05882352941176	2.98039215686274	2.91372549019608	2.0392156862745	20.2290196078431	31.843137254902	32.6392156862745
"673"	"YC20:2153"	1	248	"SD40"	"2"	2.66666666666666	4.4278431372549	5.1764705882353	8.27450980392157	5.92156862745098	21.9098039215686	38.9411764705882	47.5309803921569
"674"	"YC20:2154"	1	199	"4226"	"2"	2.19607843137254	2.58823529411765	3.21568627450981	5.07058823529412	4.36549019607843	20	38.9298039215686	46.9803921568627
"675"	"YC20:2155"	1	20	"Ia 453"	"2"	2.39215686274509	2.82352941176471	3.49019607843138	7.53137254901961	8.27490196078431	18.078431372549	29.2549019607843	33.843137254902
"676"	"YC20:2156"	1	196	"DJ7"	"2"	1.92156862745098	2.94117647058823	3.1764705882353	5.19294117647059	5.09803921568627	19.0588235294118	36.5729411764706	48.0901960784314
"677"	"YC20:2157"	1	78	"MS225"	"2"	1.49019607843137	2.86274509803922	3.05882352941176	8.03921568627451	7.96078431372549	18.5882352941176	38.1458823529412	45.7764705882353
"678"	"YC20:2158"	1	136	"PHG50"	"2"	2.35294117647058	2.70980392156863	4.23529411764706	4.70588235294118	2.4313725490196	17.518431372549	33.5796078431372	40.3137254901961
"679"	"YC20:2159"	1	115	"L 155"	"2"	2.19607843137255	3.1764705882353	3.83921568627451	5.41176470588235	4.1678431372549	15.2392156862745	29.5298039215686	35.4007843137255
"680"	"YC20:2160"	1	110	"DKFBHJ"	"2"	2.98039215686275	3.83176470588235	4.23137254901961	6.31372549019608	6.05215686274509	18.1176470588235	35.7372549019608	46.8980392156863
"681"	"YC20:2161"	1	49	"IBB15"	"2"	1.96078431372549	2.61607843137255	2.54901960784314	2.82352941176471	2.47058823529412	16.2352941176471	35.5686274509804	40.7019607843137
"682"	"YC20:2162"	1	252	"PH207"	"2"	2.05098039215686	2.98039215686275	2.74509803921569	6.83725490196078	6.74509803921568	18.0392156862745	34.0670588235294	41.6356862745098
"683"	"YC20:2163"	1	165	"LH132"	"2"	1.17647058823529	2.7843137254902	3.13725490196078	6.06313725490195	6.62745098039216	16.3921568627451	33.476862745098	40.5098039215686
"684"	"YC20:2164"	1	141	"WR3"	"2"	2	1.89764705882353	2.07843137254902	5.52941176470588	8.39215686274511	17.7647058823529	37.3333333333333	44.3643137254902
"685"	"YC20:2165"	1	48	"IBB14"	"2"	1.88235294117647	2.15686274509804	2.66274509803921	5.26666666666666	3.21568627450981	20.0901960784314	36.3760784313725	43.2549019607843
"686"	"YC20:2166"	1	38	"912"	"2"	2.47058823529412	2.58823529411764	2.62745098039215	3.88235294117647	3.45098039215687	18.5098039215686	32.6	36.5172549019608
"687"	"YC20:2167"	1	150	"A71"	"2"	2.15686274509804	2.70588235294118	4.58823529411764	7.6078431372549	8.28156862745098	17.278431372549	38.0513725490196	47.5411764705882
"688"	"YC20:2168"	1	23	"LH146Ht"	"2"	1.80392156862746	4.23529411764706	5.83921568627451	11.7764705882353	14.8627450980392	28.1341176470588	39.5803921568627	49.4901960784314
"689"	"YC20:2169"	1	227	"LH74"	"2"	1.89411764705883	2.87450980392157	4.51450980392156	7.52980392156863	8.06117647058823	20.0274509803922	34.6274509803922	42.3117647058823
"690"	"YC20:2170"	1	247	"SD107"	"2"	2.38078431372549	2.36078431372548	2.90196078431373	5.56862745098039	3.16509803921569	19.5686274509804	33.6078431372549	41.2435294117647
"691"	"YC20:2171"	1	68	"FBLA"	"2"	1.52549019607843	2.74509803921569	2.86274509803922	4.56705882352941	3.04745098039216	18.8235294117647	34.1803921568627	41.2941176470588
"692"	"YC20:2172"	1	94	"ZS635"	"2"	2.11764705882353	3.6078431372549	3.65882352941176	5.2156862745098	6.2078431372549	18.7843137254902	31.2941176470588	42.3921568627451
"693"	"YC20:2173"	1	250	"Va99"	"2"	1.7764705882353	2.93725490196079	3.87098039215686	7.17686274509803	7.01960784313726	18.9807843137255	34.5882352941176	44.5490196078431
"694"	"YC20:2174"	1	59	"NK807"	"2"	2.31372549019607	3.88235294117647	3.88313725490196	7.19294117647059	10.756862745098	19.921568627451	32.4705882352941	39.6498039215686
"695"	"YC20:2175"	1	19	"FC46"	"2"	1.64705882352941	2.70588235294117	3.58745098039215	7.24823529411764	10.9372549019608	20.6666666666667	33.0274509803922	40.7450980392157
"696"	"YC20:2176"	1	69	"IBC2"	"2"	2.47058823529412	4.39215686274509	4.82392156862745	9.16509803921569	11.8823529411765	22.1062745098039	34.9023529411765	44.7450980392157
"697"	"YC20:2177"	1	88	"PHP76"	"2"	2.15686274509804	4.30235294117647	5.55725490196078	8.82352941176471	11.0588235294118	20.156862745098	33.8823529411765	41.2992156862745
"698"	"YC20:2178"	1	233	"MS226"	"2"	2.23137254901961	2.23529411764706	2.43137254901961	3.58509803921568	5.04745098039215	16.6274509803922	32.341568627451	40.0282352941176
"699"	"YC20:2179"	1	41	"A340"	"2"	1.9686274509804	2.52078431372549	2.70588235294117	4.43843137254902	5.30117647058823	18.1960784313725	34	44.9850980392157
"700"	"YC20:2180"	1	87	"PHP55"	"2"	1.80392156862746	2.58823529411765	3.37254901960784	6.19647058823529	10.5490196078431	19.3058823529412	38.4239215686274	46.8627450980392
"701"	"YC20:2181"	1	116	"LH145"	"2"	1.87843137254902	3.88235294117647	4.83450980392157	8.92980392156862	11.4117647058824	21.8709803921569	35.3450980392157	44.498431372549
"702"	"YC20:2182"	1	35	"W117Ht"	"2"	2.03921568627451	1.84313725490196	2.51450980392157	3.88235294117647	7.25490196078431	20.521568627451	30.2745098039216	37.2039215686275
"703"	"YC20:2183"	1	256	"B73"	"2"	1.46274509803921	3.29411764705882	3.12588235294117	10.341568627451	11.7254901960784	22.521568627451	41.1098039215686	50.5960784313725
"704"	"YC20:2184"	1	219	"DE4"	"2"	1.64705882352941	2.27450980392157	2.58823529411765	5.37254901960784	6	20.5372549019608	32.156862745098	43.0313725490196
"705"	"YC20:2185"	1	206	"A401"	"2"	1.6078431372549	1.85098039215686	2.35294117647059	3.01960784313725	2.15686274509804	13.3219607843137	27.3725490196078	35.1764705882353
"706"	"YC20:2186"	1	255	"PH207"	"2"	1.88235294117646	2.07450980392157	2.11333333333334	3.75098039215686	7.37254901960785	20.3137254901961	34.6274509803922	41.5572549019608
"707"	"YC20:2187"	1	55	"Lp215D"	"2"	1.4235294117647	1.92156862745098	1.87333333333334	2	1.52941176470589	17.1372549019608	33.0196078431373	42.6552941176471
"708"	"YC20:2188"	1	66	"CR 22 INBRED"	"2"	1.68627450980392	3.17647058823529	2.70588235294118	5.2156862745098	7.96078431372549	17.0980392156863	36.1062745098039	47.3341176470588
"709"	"YC20:2189"	1	253	"PH207"	"2"	1.56862745098039	2.75607843137255	2.35294117647059	5.00156862745097	5.55725490196078	19.6196078431373	34.7450980392157	42.8627450980392
"710"	"YC20:2190"	1	127	"MS153"	"2"	1.5686274509804	2.3921568627451	2.27450980392157	4.27450980392157	3.83647058823529	19.4423529411765	34.8352941176471	43.4509803921569
"711"	"YC20:2191"	1	226	"LH127"	"2"	1.41176470588236	2.04705882352941	1.96078431372549	2.03921568627451	1.21568627450981	15.8803921568627	24.1176470588235	37.3333333333333
"712"	"YC20:2192"	1	109	"DK78002A"	"2"	1.5686274509804	3.52941176470588	3.49019607843137	3.6078431372549	5.11882352941177	19.0435294117647	34.5619607843137	46.8196078431373
"713"	"YC20:2193"	1	167	"LH165"	"2"	1.76470588235295	3.01960784313726	2.98039215686275	2.35294117647059	1.84313725490197	17.4117647058824	29.0572549019608	37.0196078431373
"714"	"YC20:2194"	1	143	"LH119"	"2"	1.13725490196078	3.38431372549019	3.11450980392156	4.96901960784313	7.91019607843137	20.2470588235294	34.3137254901961	41.7647058823529
"715"	"YC20:2195"	1	215	"B107"	"2"	0.713725490196079	2.11764705882353	1.52941176470589	1.99607843137255	1.6913725490196	18.4086274509804	32.4713725490196	43.0196078431373
"716"	"YC20:2196"	1	260	"B73"	"2"	1.13725490196079	3.26588235294118	2.80392156862745	6.47882352941176	10.156862745098	20.8905882352941	38.5490196078431	47.8952941176471
"717"	"YC20:2197"	1	191	"W602S"	"2"	1.29411764705883	2.47058823529412	1.99333333333333	2.62745098039215	2.50980392156863	16.0156862745098	32.1176470588235	40.5086274509804
"718"	"YC20:2198"	1	133	"OQ603"	"2"	1.68627450980392	2.8235294117647	2.54901960784313	5.09803921568628	9.01960784313725	19.6078431372549	36.0901960784314	44.3023529411765
"719"	"YC20:2199"	1	173	"N193"	"2"	2.43137254901961	3.05294117647058	3.80392156862745	6.98823529411764	9.92156862745098	19.6078431372549	32.1529411764706	40.7960784313725
"720"	"YC20:2200"	1	209	"A635"	"2"	2.47058823529412	4	4.38078431372548	7.41176470588236	10.1960784313725	21.2901960784314	30.7062745098039	37.5686274509804
"721"	"YC20:2201"	1	245	"R113"	"2"	2.50980392156862	3.41176470588235	3.5686274509804	4.82352941176471	9.33843137254901	18.4313725490196	31.4396078431373	39.3611764705882
"722"	"YC20:2202"	1	202	"2MA22"	"2"	1.96078431372548	2.3921568627451	2.94117647058823	3.80392156862745	4.00784313725489	17.6196078431373	29.6823529411765	36.2564705882353
"723"	"YC20:2203"	1	204	"A239"	"2"	2.15686274509803	3.29411764705882	3.68627450980392	7.3364705882353	10.7803921568627	20.3019607843137	35.5690196078431	44.4
"724"	"YC20:2204"	1	174	"NC262"	"2"	1.99999999999999	2.05607843137255	1.72549019607844	2.15686274509803	2.52156862745098	16.3137254901961	30.1960784313725	42.1921568627451
"725"	"YC20:2205"	1	158	"CI 40H"	"2"	2.14549019607843	3.25490196078431	3.32431372549019	3.80392156862745	5.84313725490196	17.2156862745098	35.8313725490196	44.8745098039216
"726"	"YC20:2206"	1	105	"B87"	"2"	1.68627450980392	2.28039215686274	2.3921568627451	3.6078431372549	5.05882352941177	17.9882352941176	33.9647058823529	41.843137254902
"727"	"YC20:2207"	1	187	"PHW30"	"2"	1.76470588235293	1.80392156862745	1.88235294117647	1.45098039215686	1.2156862745098	17.3780392156863	35.103137254902	42.84
"728"	"YC20:2208"	1	177	"Ny821"	"2"	2.11372549019608	3.78862745098039	3.79254901960784	5.69803921568627	9.91019607843137	17.3611764705882	33.1764705882353	39.623137254902
"729"	"YC20:2209"	1	238	"Os420"	"2"	2.11372549019608	3.6078431372549	3.6078431372549	6.47058823529412	7.57960784313725	18.5098039215686	37.2941176470588	47.0980392156863
"730"	"YC20:2210"	1	97	"3IJI1"	"2"	1.96078431372548	2.37490196078431	2.18470588235294	2.98039215686274	5.4235294117647	17.5294117647059	34.6627450980392	42.5521568627451
"731"	"YC20:2211"	1	10	"W701BC"	"2"	1.99999999999999	2.27450980392157	2.27450980392157	5.6078431372549	8.54901960784314	16.4980392156863	26.5882352941176	30.6945098039216
"732"	"YC20:2212"	1	24	"NORTH 7"	"2"	1.69803921568628	2.47058823529412	2.43137254901961	3.01960784313725	2.8235294117647	13.7647058823529	28.6666666666667	34.9698039215686
"733"	"YC20:2213"	1	240	"PHB09"	"2"	2.23529411764706	3.73725490196078	3.17647058823529	6.35294117647059	9.12666666666667	18.4313725490196	32.1960784313725	39.1501960784314
"734"	"YC20:2214"	1	124	"MEF156-55-2"	"2"	2	2.74509803921569	3.21176470588236	5.46196078431373	6.07843137254902	17.9607843137255	28.7843137254902	34.42
"735"	"YC20:2215"	1	170	"LH57"	"2"	1.88235294117648	2.43137254901961	2.16470588235294	3.12588235294118	4.11764705882352	16.2705882352941	26.9803921568627	32.521568627451
"736"	"YC20:2216"	1	45	"CH711-10"	"2"	1.80392156862746	2.07450980392156	2.4313725490196	3.07529411764706	4.19215686274509	17.5294117647059	33.3298039215686	40.9411764705882
"737"	"YC20:2217"	1	61	"W153R"	"2"	2.03921568627451	2.11764705882353	1.99999999999999	2.82352941176471	1.72549019607843	13.5686274509804	23.8486274509804	30.0392156862745
"738"	"YC20:2218"	1	50	"L 127"	"2"	1.33333333333333	2.11764705882353	2.4313725490196	3.05882352941177	3.25490196078431	16.9803921568627	29.2549019607843	36.2239215686274
"739"	"YC20:2219"	1	117	"LH184"	"2"	1.65882352941176	1.72549019607843	2.07843137254901	2.36470588235294	2.48156862745097	17.0980392156863	34.9803921568627	42.1294117647059
"740"	"YC20:2220"	1	231	"MS132"	"2"	1.96078431372548	3.05882352941176	2.86274509803922	3.75333333333333	6.7592156862745	16.7176470588235	34.6666666666667	43.4145098039216
"741"	"YC20:2221"	1	95	"764"	"2"	2.03921568627451	2.59647058823529	3.41176470588235	5.12	4.43411764705883	17.4078431372549	31.5294117647059	39.2533333333333
"742"	"YC20:2222"	1	5	"MS116"	"2"	1.76470588235293	2.54901960784314	2.54901960784314	3.78666666666666	4.58823529411765	14.1019607843137	23.9803921568627	28.5611764705882
"743"	"YC20:2223"	1	14	"A305"	"2"	1.84313725490195	2.32470588235294	2.38823529411765	4.09019607843137	5.05882352941177	19.6862745098039	34.8627450980392	44.5490196078431
"744"	"YC20:2224"	1	126	"MQ305"	"2"	2.31372549019608	3.4235294117647	4.30274509803921	6.74509803921569	9.64313725490196	19.5019607843137	28.6396078431372	36.0360784313726
"745"	"YC20:2225"	1	17	"CA-4"	"2"	2.35294117647059	3.41176470588235	3.93333333333333	7.05490196078431	9.80392156862745	17.3843137254902	28.6905882352941	34.9411764705882
"746"	"YC20:2226"	1	99	"A427"	"2"	2.15686274509804	2.86274509803921	4.35294117647059	8.97647058823529	10.42	19.3725490196078	33.0980392156863	38.3529411764706
"747"	"YC20:2227"	1	1	"A322"	"2"	2.27450980392157	3.56862745098039	5.22745098039215	8.27058823529411	9.02470588235293	21.0196078431373	33.0313725490196	40.2745098039216
"748"	"YC20:2228"	1	13	"91IFC2"	"2"	2.35294117647058	3.52941176470588	3.37254901960784	3.70078431372549	2.98039215686275	17.0588235294118	30.4705882352941	39.8298039215686
"749"	"YC20:2229"	1	93	"W613S"	"2"	2.58823529411765	3.68627450980392	3.56862745098039	3.72549019607843	2.65529411764706	11.8941176470588	20.5098039215686	26.5294117647059
"750"	"YC20:2230"	1	46	"CH753-4"	"2"	1.92156862745097	3.05882352941176	3.46274509803922	6.69450980392157	3.89333333333333	17.8039215686275	26.8235294117647	32.4592156862745
"751"	"YC20:2231"	1	163	"ICI 441"	"2"	1.76470588235293	2.19607843137255	2.28627450980391	3.33333333333333	2.71686274509804	15.5686274509804	29.4705882352941	33.4780392156863
"752"	"YC20:2232"	1	31	"PHV37"	"2"	1.96078431372548	3.21176470588235	3.33764705882352	6.86274509803921	8.07843137254902	17.6862745098039	30.9023529411765	35.4674509803922
"753"	"YC20:2233"	1	104	"B85"	"2"	1.99999999999999	2.3921568627451	3.46509803921568	6.44235294117646	6.01019607843136	20.403137254902	33.4117647058824	43.2549019607843
"754"	"YC20:2234"	1	140	"W603S"	"2"	2.47058823529412	2.63921568627451	3.24352941176471	4.32549019607842	2.48235294117647	18.2078431372549	28.6274509803922	33.5686274509804
"755"	"YC20:2235"	1	210	"A648"	"2"	2.3921568627451	2.82352941176471	3.45098039215686	3.80392156862746	3.30509803921569	18.156862745098	34.4666666666667	42.4705882352941
"756"	"YC20:2236"	1	179	"PHB47"	"2"	2.11764705882353	3.83215686274509	6.02784313725491	9.68627450980393	11.4396078431373	21.4901960784314	35.8690196078431	46.1803921568627
"757"	"YC20:2237"	1	4	"A641"	"2"	2.07843137254902	2.27725490196078	3.09882352941177	6.73372549019607	8.82352941176471	16.8313725490196	27.4117647058824	34.876862745098
"758"	"YC20:2238"	1	186	"PHW17"	"2"	1.60784313725491	2.16470588235294	2.63921568627451	3.2156862745098	1.92156862745098	18.7450980392157	30.961568627451	42.3745098039216
"759"	"YC20:2239"	1	137	"PHK42"	"2"	2.23529411764706	2.38823529411764	2.81960784313725	5.9435294117647	7.84313725490196	18	31.7537254901961	37.9854901960784
"760"	"YC20:2240"	1	228	"LH93"	"2"	2.03921568627451	2.54901960784314	2.98039215686275	4.15686274509804	2.3921568627451	16.3137254901961	32.5490196078431	42.4603921568627
"761"	"YC20:2241"	1	18	"CM105"	"2"	2.12549019607843	3.45098039215686	3.76078431372548	7.61882352941177	6.87372549019608	22.3764705882353	29.3333333333333	35.3964705882353
"762"	"YC20:2242"	1	64	"790"	"2"	2.27450980392157	2.75607843137255	2.58823529411764	3.54117647058823	2.45921568627451	16.1960784313726	28.443137254902	32.756862745098
"763"	"YC20:2243"	1	11	"W9"	"2"	2.27450980392157	2.54901960784314	4.23529411764706	6.8235294117647	7.7443137254902	20.3529411764706	35.921568627451	42.7729411764706
"764"	"YC20:2244"	1	58	"NK778"	"2"	2.11764705882353	2.86274509803921	3.68627450980392	6.83450980392157	4.67843137254902	18.7843137254902	34.4313725490196	41.598431372549
"765"	"YC20:2245"	1	70	"ICI 193"	"2"	1.88235294117648	2.62745098039216	3.20431372549019	4.50980392156862	3.47882352941176	18.2705882352941	37.9294117647059	47.1650980392157
"766"	"YC20:2246"	1	208	"A632"	"2"	1.88235294117648	3.17254901960784	4.56	7.15529411764705	6.13960784313725	18.8235294117647	36.6666666666667	43.6078431372549
"767"	"YC20:2247"	1	44	"A679"	"2"	2.54901960784314	2.43137254901961	2.99137254901961	6.15686274509804	4.07843137254902	19.8549019607843	37.0980392156863	47.4509803921569
"768"	"YC20:2248"	1	6	"ND265"	"2"	2.54901960784314	3.52941176470588	5.38431372549019	8.99215686274509	9.96078431372549	20.5607843137255	37.9333333333333	46.9674509803922
"769"	"YC20:2249"	1	57	"ND247"	"2"	2.71764705882353	4.86274509803922	6.86980392156863	10.2352941176471	8.94117647058823	19.1764705882353	33.9607843137255	40.441568627451
"770"	"YC20:2250"	1	67	"EAST 028"	"2"	1.96078431372548	4.49294117647058	6.4313725490196	10.2745098039216	10.0392156862745	20.263137254902	33.0980392156863	40.9298039215686
"771"	"YC20:2251"	1	225	"ICI 986"	"2"	1.68627450980392	1.96078431372549	2.1313725490196	3.6643137254902	1.45098039215686	17.4054901960784	33.4627450980392	42.4705882352941
"772"	"YC20:2252"	1	21	"IA2132"	"2"	1.76470588235293	2.43137254901961	2.45921568627451	2.73372549019608	1.92156862745098	15.736862745098	30.9411764705882	37.0588235294118
"773"	"YC20:2253"	1	237	"OH33"	"2"	1.56862745098039	2.56	3.15137254901961	4.50980392156863	2.0392156862745	20.078431372549	39.5356862745098	52.6552941176471
"774"	"YC20:2254"	1	130	"N192"	"2"	2.02784313725489	2.54509803921569	4.62745098039216	9.49019607843137	11.4619607843137	19.5529411764706	34.1898039215686	40.8627450980392
"775"	"YC20:2255"	1	221	"DKIB014"	"2"	2	2.19607843137255	2.15686274509804	2.19607843137255	1.52941176470588	14.2705882352941	27.1882352941176	34.8705882352941
"776"	"YC20:2256"	1	9	"T242"	"2"	2.11764705882353	3.89333333333334	4.31372549019608	7.37294117647058	9.55294117647058	16.0392156862745	30	34.8235294117647
"777"	"YC20:2257"	1	232	"MS211"	"2"	2.0392156862745	2.85882352941176	3.22666666666667	4.15686274509804	5.09843137254901	14.4250980392157	32.2235294117647	42.2243137254902
"778"	"YC20:2258"	1	129	"MS224"	"2"	2.47058823529412	3.09803921568627	3.30509803921569	5.67490196078431	6.23215686274509	18.2352941176471	37.8827450980392	49.8823529411765
"779"	"YC20:2259"	1	15	"A674"	"2"	1.96078431372549	3.45098039215686	5.18823529411765	9.09411764705882	9.2156862745098	17.5019607843137	30.4941176470588	37.016862745098
"780"	"YC20:2260"	1	171	"MS1334"	"2"	2.07843137254902	2.20392156862745	2.27450980392157	2.3921568627451	1.83176470588234	14.6039215686274	15.6196078431373	16.3529411764706
"781"	"YC20:2261"	2	407	"B97"	"2"	2.32549019607843	2.07843137254902	2.35294117647059	2.56	2.35333333333332	15.8905882352941	33.0196078431373	45.4658823529412
"782"	"YC20:2262"	2	316	"H5"	"2"	2.54901960784314	2.57686274509804	2.75607843137255	3.58039215686274	3.26666666666666	17.3729411764706	33.9607843137255	42.6274509803922
"783"	"YC20:2263"	2	348	"MS67"	"2"	1.87098039215686	2.27450980392157	2.82352941176471	3.71019607843137	6.11764705882352	16.8745098039216	35.1764705882353	43.2549019607843
"784"	"YC20:2264"	2	400	"B110"	"2"	1.96078431372549	3.03058823529412	3.6078431372549	8.06431372549019	9.09803921568627	20.9686274509804	41.7254901960784	54.1176470588235
"785"	"YC20:2265"	2	459	"W610S"	"2"	2.43137254901961	3.56862745098039	3.7756862745098	4.29098039215686	4.50980392156862	18.5372549019608	37.2156862745098	47.2325490196078
"786"	"YC20:2266"	2	514	"PH207"	"2"	2	3.78862745098039	3.69803921568627	9.56862745098039	9.16509803921568	20.2745098039216	34.8235294117647	42.8388235294118
"787"	"YC20:2267"	2	485	"HUOBAI"	"2"	1.96078431372549	3.37254901960784	3.56901960784313	5.00823529411764	3.41176470588235	19.5803921568627	35.6470588235294	47.2549019607843
"788"	"YC20:2268"	2	349	"N211"	"2"	2.43137254901961	3.96078431372549	3.99686274509804	6.89333333333333	7.96078431372549	22.1960784313725	34.7223529411765	47.62
"789"	"YC20:2269"	2	513	"PH207"	"2"	2.50980392156863	3.65882352941176	3.6078431372549	9.02666666666666	8.4313725490196	21.1494117647059	34.6666666666667	42.4823529411765
"790"	"YC20:2270"	2	474	"B104"	"2"	2.19607843137254	3.02745098039216	3.22745098039215	4.60470588235294	4.43647058823528	16.7427450980392	32.0278431372549	40.4564705882353
"791"	"YC20:2271"	2	492	"LH65"	"2"	2.11764705882353	2.62745098039216	2.79529411764706	3.43960784313725	2.33764705882353	17.8039215686274	25.3725490196078	32.7960784313725
"792"	"YC20:2272"	2	353	"N523"	"2"	2.15686274509803	3.05490196078431	3.85058823529411	8.03921568627451	11.0145098039216	21.556862745098	39.0196078431373	48.8694117647059
"793"	"YC20:2273"	2	322	"Il778d"	"2"	2.11764705882352	2.86274509803921	3.09803921568627	5.42196078431372	8.7843137254902	17.6980392156863	32.42	39.0705882352941
"794"	"YC20:2274"	2	326	"J8606"	"2"	1.68627450980392	2.11764705882353	1.92156862745098	2.26666666666666	1.49019607843137	16.9074509803922	31.3725490196078	41.3725490196078
"795"	"YC20:2275"	2	354	"N527"	"2"	1.84313725490196	2.80823529411765	3.76627450980392	8.22392156862745	10.4705882352941	17.6078431372549	33.921568627451	42.5490196078431
"796"	"YC20:2276"	2	423	"LH192"	"2"	1.80392156862746	2.82352941176471	3.13254901960784	6.98078431372548	9.49019607843137	17.8541176470588	31.9164705882353	40.9690196078431
"797"	"YC20:2277"	2	504	"PHN34"	"2"	1.5686274509804	2.50980392156863	2.15686274509804	2.11764705882352	1.84313725490197	6.28627450980392	17.018431372549	22.156862745098
"798"	"YC20:2278"	2	390	"Wf9"	"2"	1.52941176470589	1.76470588235294	1.48627450980392	2.66666666666667	2.07843137254902	10.6549019607843	23.2156862745098	35.4192156862745
"799"	"YC20:2279"	2	420	"INBRED 305"	"2"	1.52941176470589	2	2.15686274509804	3.80392156862745	3.68627450980392	13.5572549019608	28.0901960784314	36.4403921568627
"800"	"YC20:2280"	2	416	"HP301"	"2"	1.80392156862744	2.24705882352941	2.70588235294118	4.62745098039215	5.73725490196079	14.8627450980392	29.8823529411765	43.2603921568627
"801"	"YC20:2281"	2	454	"Va22"	"2"	2.0392156862745	1.76470588235294	1.92156862745098	1.56862745098039	1.37254901960785	2.41960784313725	3.25490196078431	17.4047058823529
"802"	"YC20:2282"	2	318	"H91"	"2"	2.07843137254901	2.23529411764706	2.27450980392157	3.88235294117647	4.19607843137255	17.8262745098039	34.9807843137255	42.5376470588235
"803"	"YC20:2283"	2	389	"W813G"	"2"	2.07843137254901	2.89058823529412	2.97647058823529	5.13725490196079	6.7921568627451	17.3611764705882	34.9019607843137	43.6470588235294
"804"	"YC20:2284"	2	466	"WXB6"	"2"	2	3.13725490196078	3.25490196078431	3.45098039215686	2.50980392156863	9.36078431372549	27.9317647058823	35.0980392156863
"805"	"YC20:2285"	2	435	"NC326"	"2"	2.35294117647058	3.01960784313725	3.13725490196078	3.68627450980392	5.2556862745098	16.0494117647059	32.0129411764706	45.1650980392157
"806"	"YC20:2286"	2	489	"K47"	"2"	2	2.54901960784313	2.54901960784313	5.68627450980393	6.83058823529412	20.4588235294118	35.4117647058824	46.0278431372549
"807"	"YC20:2287"	2	519	"B73"	"2"	2.50980392156863	3.09803921568627	3.01960784313725	4.50980392156863	9.32901960784313	19.5686274509804	38.0392156862745	49.4235294117647
"808"	"YC20:2288"	2	463	"W817G"	"2"	2.23529411764706	3.05882352941177	3.09803921568628	2.70588235294118	1.76470588235295	16.3192156862745	25.7219607843137	32.156862745098
"809"	"YC20:2289"	2	303	"B164"	"2"	2.11764705882353	3.80392156862745	3.33333333333334	5.06980392156863	7.01960784313726	18.6666666666667	36.9490196078431	46.0992156862745
"810"	"YC20:2290"	2	507	"Va17"	"2"	2.03921568627451	1.80392156862745	1.72549019607844	1.76470588235294	1.64705882352942	10.3858823529412	22.8737254901961	32.7074509803922
"811"	"YC20:2291"	2	363	"Pa778"	"2"	2.07843137254902	2.6	2.73372549019607	4.31372549019608	4.6278431372549	16.1843137254902	28.1309803921569	35.3725490196078
"812"	"YC20:2292"	2	374	"PHT47"	"2"	2.54901960784314	3.25490196078432	3.1764705882353	2.89058823529412	2.78745098039215	18.6666666666667	27.3333333333333	34.456862745098
"813"	"YC20:2293"	2	347	"MS221"	"2"	2.54901960784314	2.98039215686275	3.72549019607843	6.43137254901961	9.88235294117647	17.7882352941176	33.6470588235294	40.576862745098
"814"	"YC20:2294"	2	331	"LH128"	"2"	2.90196078431373	4.11764705882353	3.95686274509803	3.79254901960784	4.96470588235294	17.3333333333333	31.9333333333333	40.2980392156863
"815"	"YC20:2295"	2	437	"NY6371"	"2"	2.62745098039216	3.32980392156862	3.68627450980392	3.92156862745098	5.32196078431373	14.7450980392157	33.5294117647059	44.078431372549
"816"	"YC20:2296"	2	312	"CQ702RC"	"2"	2.86274509803922	3.76470588235294	3.45098039215686	3.05882352941176	4.94117647058824	19.2666666666667	33.5803921568627	42.4039215686274
"817"	"YC20:2297"	2	510	"R177"	"2"	3.09803921568627	3.8	4.11764705882353	5.98862745098039	6.33568627450981	18.6666666666667	31.9494117647059	39.6235294117647
"818"	"YC20:2298"	2	413	"FR19"	"2"	2.73372549019608	3.29019607843137	3.60784313725491	5.36117647058824	9.19843137254901	19.1372549019608	36.3882352941176	44.1913725490196
"819"	"YC20:2299"	2	517	"B73"	"2"	2.74509803921569	3.88235294117647	3.92156862745099	7.76549019607843	9.55725490196078	21.1650980392157	39.5019607843137	50.4592156862745
"820"	"YC20:2300"	2	441	"PHJ33"	"2"	1.46980392156862	1.84313725490196	1.84313725490197	3.16509803921569	2.66666666666667	16.7725490196078	23.2941176470588	31.2321568627451
"821"	"YC20:2301"	2	300	"B120"	"2"	1.37254901960784	3.37254901960784	3.33999999999999	4.20392156862744	6.03921568627451	18.4592156862745	38.078431372549	49.5298039215686
"822"	"YC20:2302"	2	515	"PH207"	"2"	2.0278431372549	2.65529411764705	2.67843137254902	2.91372549019607	5.29411764705883	20.0392156862745	34.6274509803922	43.1258823529412
"823"	"YC20:2303"	2	458	"W32"	"2"	1.77568627450981	2.15725490196078	2.11764705882353	4	5.87098039215686	18.9803921568627	33.921568627451	39.72
"824"	"YC20:2304"	2	518	"B73"	"2"	2.19607843137255	3.57960784313725	3.3443137254902	7.1592156862745	10.8254901960784	22.2745098039216	40.5882352941176	50.298431372549
"825"	"YC20:2305"	2	380	"R78"	"2"	2.19607843137255	3.13725490196078	3.23215686274509	5.45803921568627	9.58745098039215	18.078431372549	37.3058823529412	45.4117647058823
"826"	"YC20:2306"	2	406	"B84"	"2"	2.03921568627451	2.50980392156863	2.58823529411765	3.01960784313726	3.92156862745098	18.7176470588235	36.8121568627451	48.1960784313726
"827"	"YC20:2307"	2	456	"Va59"	"2"	1.68235294117648	1.80392156862745	1.52549019607843	1.96078431372549	1.72549019607844	17.4509803921569	34.3529411764706	43.9725490196078
"828"	"YC20:2308"	2	482	"H113"	"2"	1.96078431372549	2.58431372549019	2.89058823529412	4.56	4.67176470588235	15.0588235294118	31.6862745098039	40.4317647058824
"829"	"YC20:2309"	2	263	"LH199"	"2"	1.94941176470588	3.61882352941177	4.07843137254902	6.31372549019607	7.40039215686274	16.6329411764706	30.2352941176471	37.4282352941176
"830"	"YC20:2310"	2	438	"Os426"	"2"	1.71411764705883	2.11764705882353	2.82352941176471	4.50980392156862	5.52941176470588	17.1372549019608	35.9611764705882	45.0705882352941
"831"	"YC20:2311"	2	269	"Pa875"	"2"	2.15686274509804	2.35294117647059	2.56	3.6078431372549	4.16862745098039	19.6352941176471	37.5686274509804	48.2352941176471
"832"	"YC20:2312"	2	266	"LP1 NR HT"	"2"	2.03921568627451	1.98235294117647	3.01960784313725	4.54901960784314	3.36862745098039	16.756862745098	37.0196078431373	45.8709803921569
"833"	"YC20:2313"	2	324	"INBRED 309"	"2"	1.80392156862745	2.43137254901961	2.43137254901961	3.69803921568627	3.56862745098039	15.6666666666667	24.6	35.2537254901961
"834"	"YC20:2314"	2	506	"PHV78"	"2"	2.23529411764705	2.70588235294118	2.70627450980391	3.01960784313726	2.74509803921568	13.6749019607843	22.6839215686274	38.2188235294118
"835"	"YC20:2315"	2	370	"PHR31"	"2"	2.54901960784313	2.85137254901961	3.49019607843137	4.86274509803922	5.07529411764705	19.2941176470588	36.0392156862745	45.0156862745098
"836"	"YC20:2316"	2	500	"NC412"	"2"	2.45921568627451	2.7843137254902	3.33333333333334	5.92156862745098	6.91372549019607	16.9294117647059	31.4788235294118	38.3023529411765
"837"	"YC20:2317"	2	432	"N28"	"2"	2.54901960784314	2.90196078431373	2.3921568627451	2.65764705882353	2.07843137254901	8.54901960784314	23.2325490196078	33.5647058823529
"838"	"YC20:2318"	2	337	"LH213"	"2"	2.50980392156863	2.82352941176471	3.25490196078431	5.73058823529411	7.05882352941177	22.1960784313725	36.3137254901961	48.3921568627451
"839"	"YC20:2319"	2	333	"LH190"	"2"	2.15686274509804	3.04745098039215	3.33333333333333	3.80392156862745	8.94117647058824	20.2470588235294	35.7372549019608	47.3729411764706
"840"	"YC20:2320"	2	446	"PHR62"	"2"	2.62745098039216	2.82352941176471	3.05882352941176	2.1921568627451	1.68627450980393	7.40784313725489	22.9960784313725	25.6847058823529
"841"	"YC20:2321"	2	311	"CO258"	"2"	2.44313725490196	3.01960784313726	3.68627450980392	5.3835294117647	3.96078431372549	16.7803921568627	28.2345098039216	35.3643137254902
"842"	"YC20:2322"	2	394	"6M502"	"2"	2.38078431372548	3.43960784313725	4.00392156862746	7.55725490196078	6.70627450980392	17.3882352941176	31.6862745098039	41.1356862745098
"843"	"YC20:2323"	2	464	"W819G"	"2"	1.84313725490196	2.90196078431373	2.74509803921569	2.31372549019607	2.01176470588236	16.4313725490196	24.256862745098	33.5462745098039
"844"	"YC20:2324"	2	272	"PHK35"	"2"	2.23529411764705	3.37254901960785	3.43960784313725	2.58431372549019	2.19607843137255	17.956862745098	35.8941176470588	46.9921568627451
"845"	"YC20:2325"	2	440	"Pa880"	"2"	2.4313725490196	3.68627450980392	3.98862745098039	6.34901960784314	8.10627450980392	20.2745098039216	36.7337254901961	51.6862745098039
"846"	"YC20:2326"	2	491	"LH211"	"2"	2	2.74509803921568	2.74509803921569	2.6392156862745	2	11.4117647058824	22.3529411764706	29.5329411764706
"847"	"YC20:2327"	2	284	"W611S"	"2"	2.19607843137255	3.28274509803921	3.01960784313726	4.0392156862745	4.90470588235294	15.4901960784314	31.6470588235294	38.0674509803922
"848"	"YC20:2328"	2	325	"INBRED 321"	"2"	2.43137254901961	2.4313725490196	3.6356862745098	6.19607843137254	8.25725490196078	18.1960784313726	32.3137254901961	43.4509803921569
"849"	"YC20:2329"	2	277	"R168"	"2"	1.84313725490197	2.55647058823529	2.89058823529411	4.4313725490196	8.50588235294118	21.5019607843137	35.315294117647	43.6862745098039
"850"	"YC20:2330"	2	392	"WU-TAN-TZAO"	"2"	1.52941176470589	1.97921568627451	2.58823529411765	3.25490196078431	1.49019607843138	16.4039215686275	28.6552941176471	34.5490196078431
"851"	"YC20:2331"	2	301	"B121"	"2"	2.43137254901961	2.11764705882353	1.99803921568627	3.6827450980392	6.74549019607843	18.0164705882353	35.3725490196078	47.558431372549
"852"	"YC20:2332"	2	494	"Mo5"	"2"	2.47058823529412	2.11764705882353	2.27450980392157	2.94901960784313	3.72588235294117	10.4313725490196	24.9803921568627	36.1454901960784
"853"	"YC20:2333"	2	286	"W821G"	"2"	2.11764705882353	2.11372549019608	1.88235294117647	2.02784313725489	1.37254901960785	2.85098039215686	3.18156862745097	5.94941176470588
"854"	"YC20:2334"	2	330	"LH1"	"2"	2.07843137254902	2.66666666666666	2.66666666666667	2.74117647058824	2.14549019607843	12.7454901960784	24.7725490196078	28.7741176470588
"855"	"YC20:2335"	2	415	"H84"	"2"	2.43137254901961	3.76470588235294	2.94117647058824	3.47882352941176	1.99607843137255	16.9411764705882	28.7411764705882	39.0588235294118
"856"	"YC20:2336"	2	340	"LH224"	"2"	2.35294117647059	2.62745098039216	2.56078431372549	2.47058823529411	1.92156862745098	12.5764705882353	30.443137254902	38.8513725490196
"857"	"YC20:2337"	2	421	"K41"	"2"	2.58823529411765	3.45098039215686	3.72549019607843	5.65411764705882	4.61960784313725	15.8823529411765	35.0196078431373	44.3490196078431
"858"	"YC20:2338"	2	496	"N209"	"2"	2.19607843137255	1.96078431372549	2.23529411764706	2.32470588235294	1.81490196078432	14.9686274509804	29.6317647058823	35.8705882352941
"859"	"YC20:2339"	2	262	"LH197"	"2"	2.27450980392157	3.37254901960784	4.8235294117647	8.83529411764706	8.18392156862745	19.0980392156863	38.2078431372549	50.0627450980392
"860"	"YC20:2340"	2	328	"KUNG-70"	"2"	1.94941176470588	2.54901960784313	3.17647058823529	5.09803921568627	2.82352941176471	16.3686274509804	30.078431372549	36.7690196078431
"861"	"YC20:2341"	2	361	"OC19"	"2"	1.92156862745098	2.22392156862745	2.92980392156862	3.2156862745098	2.61176470588235	14.3137254901961	25.3062745098039	32.9411764705882
"862"	"YC20:2342"	2	388	"W812G"	"2"	1.60784313725491	1.25490196078431	1.37254901960785	1.5686274509804	1.29411764705883	8.4313725490196	23.8588235294118	30.1647058823529
"863"	"YC20:2343"	2	495	"N200"	"2"	2.12941176470588	1.92156862745098	1.96078431372549	1.68627450980393	1.33333333333334	16	34.941568627451	42.6043137254902
"864"	"YC20:2344"	2	329	"L 289"	"2"	2.58431372549019	3.09803921568627	3.75333333333333	7.36117647058823	9.36470588235294	19.6470588235294	40.078431372549	50.1137254901961
"865"	"YC20:2345"	2	472	"4F-234 BX 4"	"2"	2.66666666666667	2.47058823529411	2.70588235294118	3.19294117647058	1.61568627450981	18.0937254901961	33.5686274509804	49.1619607843137
"866"	"YC20:2346"	2	386	"W606S"	"2"	2	1.68627450980392	1.84313725490196	2.19607843137254	1.28274509803921	14.3921568627451	27.9129411764706	35.5545098039216
"867"	"YC20:2347"	2	305	"B70"	"2"	2.11764705882353	2.87450980392157	3.86666666666666	6.67843137254901	5.49019607843137	18.5607843137255	36.1960784313726	48.3325490196078
"868"	"YC20:2348"	2	408	"B98"	"2"	2.47058823529412	2.62745098039216	2.90196078431373	2.07843137254902	1.6078431372549	11.4396078431373	24.3803921568628	18.1854901960784
"869"	"YC20:2349"	2	282	"W37A"	"2"	2.08627450980392	2.73372549019607	3.83176470588235	6.28627450980392	2.74549019607843	18.9803921568627	32.8235294117647	41.8039215686275
"870"	"YC20:2350"	2	273	"PHM10"	"2"	2.70588235294118	2.3921568627451	2.42745098039216	2.38078431372549	1.83176470588235	15.9764705882353	31.4901960784314	38.5219607843137
"871"	"YC20:2351"	2	425	"LH205"	"2"	2.11764705882353	1.68627450980392	1.88235294117647	2.98039215686275	1.45098039215686	15.5686274509804	31.5654901960784	37.2470588235294
"872"	"YC20:2352"	2	395	"6M502A"	"2"	2.74509803921569	3.56862745098039	3.49019607843137	5.54039215686274	6.35999999999999	17.1372549019608	30.5098039215686	43.7392156862745
"873"	"YC20:2353"	2	339	"LH215"	"2"	2.50980392156863	2.86274509803922	3.25490196078431	2.7843137254902	1.88235294117646	12.6274509803922	28.7062745098039	38.5898039215686
"874"	"YC20:2354"	2	317	"H71"	"2"	2.35294117647058	3.17254901960784	3.25490196078431	4.62745098039216	4.48156862745097	15.6470588235294	32.5376470588235	42.1019607843137
"875"	"YC20:2355"	2	404	"B65"	"2"	1.76470588235295	2.04588235294118	2.32156862745098	6.10627450980392	4.83568627450979	17.4117647058824	33.4901960784314	45.6403921568627
"876"	"YC20:2356"	2	280	"SG 30A"	"2"	2.35294117647059	2.43137254901961	2.66666666666667	3.65529411764706	1.68627450980392	15.1490196078431	32.5619607843137	40.2462745098039
"877"	"YC20:2357"	2	498	"NC290A"	"2"	2.15686274509804	2	2.15686274509804	1.88235294117647	1.56862745098039	11.9607843137255	25.1764705882353	31.9909803921569
"878"	"YC20:2358"	2	452	"R71"	"2"	2.43137254901961	2.31372549019608	2.74509803921569	6.90196078431372	8.8235294117647	16.9411764705882	32.078431372549	42.1960784313726
"879"	"YC20:2359"	2	351	"N28Ht"	"2"	1.80392156862744	1.76470588235294	2.32470588235294	3.70078431372549	5.41176470588235	14.9921568627451	31.7098039215686	43.1764705882353
"880"	"YC20:2360"	2	424	"LH194"	"2"	2.35294117647058	2.54901960784313	3.25490196078431	3.79254901960784	6.0392156862745	15.4509803921569	28.2862745098039	37.8039215686274
"881"	"YC20:2361"	2	382	"Va26"	"2"	2.54901960784313	3.41176470588236	3.65882352941176	6.30235294117647	8.70588235294117	18.2352941176471	35.7419607843137	45.1647058823529
"882"	"YC20:2362"	2	434	"NC294"	"2"	2.70588235294117	3.51803921568627	3.05882352941176	5.37294117647058	6.12470588235293	18.3803921568627	30.7113725490196	42.5960784313725
"883"	"YC20:2363"	2	314	"H114"	"2"	2.58823529411764	3.72549019607843	3.6078431372549	4.01176470588235	6.15686274509804	18.6	28.1062745098039	34.6439215686274
"884"	"YC20:2364"	2	302	"B14A"	"2"	2.66666666666666	3.96078431372549	3.7764705882353	4.03921568627451	4.45921568627451	17.0196078431373	34.7843137254902	43.6352941176471
"885"	"YC20:2365"	2	279	"Seagull Seventeen"	"2"	2.98078431372548	4.3921568627451	4.11764705882353	3.72549019607843	2.70588235294118	16.6666666666667	29.7372549019608	41.396862745098
"886"	"YC20:2366"	2	447	"PHW53"	"2"	2.58823529411765	4	4.36392156862745	4.58823529411765	7.8713725490196	17.1490196078431	30.7439215686274	37.5294117647059
"887"	"YC20:2367"	2	445	"PHR58"	"2"	2.70588235294118	3.2156862745098	3.43960784313725	3.68627450980392	2.47058823529411	14.078431372549	28.7725490196078	34.5019607843137
"888"	"YC20:2368"	2	430	"N217"	"2"	2.70588235294118	3.6078431372549	3.64313725490196	4.8235294117647	5.49019607843137	15.921568627451	31.6474509803921	40.5760784313726
"889"	"YC20:2369"	2	503	"PHG35"	"2"	2.74509803921569	3.30196078431372	3.84313725490196	2.94117647058824	2.27450980392156	8.98039215686275	26.7450980392157	29.6941176470588
"890"	"YC20:2370"	2	294	"78551S"	"2"	2.7843137254902	3.6078431372549	3.49019607843137	3.65803921568628	3.68627450980392	14.5490196078431	29.3843137254902	39.4901960784314
"891"	"YC20:2371"	2	342	"LH60"	"2"	2.74509803921569	2.90196078431373	2.78431372549019	3.09803921568628	3.25098039215686	15.2941176470588	34.5098039215686	47.6396078431373
"892"	"YC20:2372"	2	336	"LH208"	"2"	2.86274509803922	3.9678431372549	4.15686274509804	4.96901960784314	7.68117647058824	16.3137254901961	29.2549019607843	41.6549019607843
"893"	"YC20:2373"	2	341	"LH59"	"2"	2.66666666666667	3.54117647058823	3.41176470588235	3.82588235294118	3.05882352941177	18.1333333333333	31.0270588235294	38.521568627451
"894"	"YC20:2374"	2	362	"Oh7"	"2"	2.47058823529412	2.3921568627451	2.62745098039216	2.50980392156862	2.07843137254902	15.1058823529412	36.4313725490196	51.7372549019608
"895"	"YC20:2375"	2	444	"PHR03"	"2"	2.31372549019608	3.23215686274509	3.33333333333333	3.17647058823529	2.27450980392157	15.8317647058824	35.0274509803922	47.9607843137255
"896"	"YC20:2376"	2	419	"INBRED 141"	"2"	3.01960784313726	2.90196078431372	3.37254901960784	4.19215686274509	4.39254901960784	19.2823529411765	35.1258823529412	52.5490196078431
"897"	"YC20:2377"	2	490	"K55"	"2"	2.58823529411765	2.8235294117647	3.09803921568627	2.90196078431373	2.31372549019608	12.4313725490196	25.0992156862745	34.8513725490196
"898"	"YC20:2378"	2	334	"LH193"	"2"	3.09803921568627	2.98039215686275	3.01960784313726	4.19607843137255	5.88235294117647	18.4196078431372	33.7882352941176	43.3333333333333
"899"	"YC20:2379"	2	475	"B2"	"2"	2.70588235294118	3.80392156862745	3.41176470588235	5.13725490196079	8.43137254901961	16.4039215686274	36	48.8588235294118
"900"	"YC20:2380"	2	479	"B79"	"2"	2.58823529411765	3.79254901960784	3.72549019607843	4.98039215686274	6.61607843137255	17.6078431372549	36.6	46.0117647058823
"901"	"YC20:2381"	2	281	"TZU-CHIAO-HSI-WU 105"	"2"	2.86274509803922	3.69333333333333	3.76470588235294	5.76470588235294	8.14549019607843	19.5686274509804	35.6470588235294	43.4980392156863
"902"	"YC20:2382"	2	375	"PHT55"	"2"	2.54901960784314	2.62745098039215	2.70588235294118	2.23529411764706	2.4435294117647	17.8823529411765	34.2705882352941	46.4313725490196
"903"	"YC20:2383"	2	275	"PHR47"	"2"	2.83529411764706	3.54117647058823	3.45098039215687	3.52941176470588	6.5992156862745	18.3662745098039	37.3690196078431	45.6156862745098
"904"	"YC20:2384"	2	352	"N501"	"2"	2.59999999999999	2.70588235294118	2.74509803921568	2.19607843137255	1.68627450980393	13.9607843137255	28.7843137254902	37.8772549019608
"905"	"YC20:2385"	2	483	"H122w"	"2"	3.01960784313726	3.25490196078432	3.29411764705883	2.87372549019608	2.58823529411765	10.5490196078431	27.9498039215686	37.0639215686274
"906"	"YC20:2386"	2	358	"NK740"	"2"	2.31372549019607	3.13725490196078	3.2156862745098	2.7843137254902	2.23529411764706	17.601568627451	31.3058823529412	40.2078431372549
"907"	"YC20:2387"	2	396	"87916W"	"2"	3.05882352941177	3.88235294117647	4.15686274509804	5.98862745098038	9.40039215686275	19.321568627451	37.8823529411765	52.918431372549
"908"	"YC20:2388"	2	512	"PH207"	"2"	2.74509803921568	3.54039215686275	3.51803921568627	3.25098039215686	7.58431372549019	21.2274509803922	36.078431372549	44.7592156862745
"909"	"YC20:2389"	2	393	"YING-55"	"2"	2.19607843137254	5.2156862745098	6.2356862745098	11.5294117647059	13.6862745098039	23.3725490196078	61.2039215686275	49.255294117647
"910"	"YC20:2390"	2	439	"Pa762"	"2"	3.33333333333334	4.11764705882353	4.11764705882353	4.47058823529412	4.27450980392157	17.9035294117647	34.1019607843137	41.6078431372549
"911"	"YC20:2391"	2	468	"Yu796 NS"	"2"	3.13725490196078	3.68627450980392	3.41725490196078	3.01960784313725	4.35294117647059	16.3137254901961	30.4705882352941	38.5098039215686
"912"	"YC20:2392"	2	497	"NC250"	"2"	2.90196078431373	4.19607843137255	4.77294117647059	5.66901960784314	8.35294117647059	18.436862745098	30.2470588235294	39.2941176470588
"913"	"YC20:2393"	2	478	"B77"	"2"	3.1843137254902	3.6078431372549	4	3.37254901960785	4.57686274509804	16.1176470588235	29.878431372549	41.2549019607843
"914"	"YC20:2394"	2	320	"HUANYAO"	"2"	3.09803921568627	3.56862745098039	4.08549019607843	3.83176470588235	3.72588235294117	11.8823529411765	29.2435294117647	36.9294117647059
"915"	"YC20:2395"	2	285	"W811G"	"2"	3.49019607843137	3.96078431372549	4.27450980392156	3.74745098039215	3.56862745098039	10.6666666666667	17.2549019607843	17.5858823529412
"916"	"YC20:2396"	2	487	"INBRED 109"	"2"	2.90196078431373	2.62745098039216	2.94117647058824	2.43137254901961	2.27450980392157	2.90196078431372	8.27843137254895	10.1278431372549
"917"	"YC20:2397"	2	462	"W815G"	"2"	2.79607843137255	3.13725490196078	3.01960784313726	2.43137254901961	2.11764705882353	2.94117647058823	5.68627450980392	2.31372549019608
"918"	"YC20:2398"	2	265	"LH227"	"2"	2.74509803921569	3.21568627450981	3.17647058823529	2.74509803921569	2.23529411764706	13.6470588235294	31.2549019607843	39.9356862745098
"919"	"YC20:2399"	2	355	"N534"	"2"	2.35294117647059	2.92980392156863	3.01960784313725	3.13725490196079	4.15686274509804	16.0509803921569	33.9607843137255	45.4333333333333
"920"	"YC20:2400"	2	344	"MBWZ"	"2"	3.41176470588236	3.76470588235294	4.05019607843137	4.12470588235294	6.89058823529412	17.3333333333333	35.3725490196078	48.6572549019608
"921"	"YC20:2401"	2	283	"W607S"	"2"	2.94117647058824	3.17647058823529	3.09803921568628	3.52941176470588	5.99607843137254	17.3533333333333	35.6078431372549	45.8901960784314
"922"	"YC20:2402"	2	448	"PHW65"	"2"	3.33333333333333	3.25490196078431	3.56862745098039	2.74509803921569	1.99999999999999	10.8235294117647	28.4592156862745	35.4129411764706
"923"	"YC20:2403"	2	402	"B46"	"2"	2.27450980392156	3.37254901960784	3.29411764705882	2.98039215686275	2.35294117647058	13.2160784313725	32.1686274509804	43.7254901960784
"924"	"YC20:2404"	2	327	"K150"	"2"	2.98039215686275	3.96078431372549	3.92941176470588	6.15686274509804	8.60588235294115	18.1294117647059	38.358431372549	50.6509803921569
"925"	"YC20:2405"	2	297	"B109"	"2"	2.66666666666667	3.49019607843137	3.33333333333333	2.74509803921569	2.15686274509804	15.836862745098	27.5803921568627	35.4862745098039
"926"	"YC20:2406"	2	461	"W809G"	"2"	3.13725490196078	3.15607843137255	3.45098039215686	4.69450980392157	7.30627450980391	17.9607843137255	39.4901960784314	55.5686274509804
"927"	"YC20:2407"	2	455	"Va35"	"2"	2.94117647058824	3.56862745098039	3.6356862745098	4.11764705882353	5.42274509803922	16.3921568627451	33.843137254902	42.3450980392157
"928"	"YC20:2408"	2	360	"NY 166 (Neveh Yaar)"	"2"	2.38078431372549	2.62745098039216	2.50588235294117	2.84549019607843	4.90196078431373	15.6470588235294	31.0635294117647	39.1070588235294
"929"	"YC20:2409"	2	379	"PHZ51"	"2"	2.35294117647059	3.33333333333333	3.55725490196078	6.19607843137255	9.11450980392157	21.0823529411765	34.0901960784314	46.8905882352941
"930"	"YC20:2410"	2	450	"R227"	"2"	2.4313725490196	3.09803921568627	2.97647058823529	4.98039215686274	7.94509803921569	19.3725490196078	36.4592156862745	47.2156862745098
"931"	"YC20:2411"	2	264	"LH204"	"2"	2.78431372549019	3.12588235294117	3.29411764705882	3.13725490196078	5.95882352941172	19.0196078431373	34.6564705882353	43.7725490196078
"932"	"YC20:2412"	2	451	"R229"	"2"	2.50980392156863	3.2156862745098	3.29411764705882	2.4313725490196	2.35294117647059	3.33333333333333	22.8627450980392	24.0392156862745
"933"	"YC20:2413"	2	267	"ND259"	"2"	2.62745098039216	3.29411764705882	3.17647058823529	2.82352941176471	4.57686274509804	20.4282352941176	29.843137254902	36.9345098039216
"934"	"YC20:2414"	2	290	"W814G"	"2"	2.65529411764706	2.62745098039216	2.43137254901961	2.54901960784313	2.23529411764706	13.5686274509804	25.7647058823529	30.6670588235294
"935"	"YC20:2415"	2	359	"NKS8326"	"2"	2.11764705882352	3.01960784313726	3.09803921568628	3.39450980392156	4.2078431372549	16.3137254901961	34.5607843137255	46.9764705882353
"936"	"YC20:2416"	2	469	"B105"	"2"	2.66666666666667	3.05882352941176	3.37254901960784	2.73372549019608	3.49019607843138	15.6196078431372	30.8901960784314	37.7439215686274
"937"	"YC20:2417"	2	367	"PHK93"	"2"	2.27058823529412	3.2078431372549	3.29411764705882	3.01960784313726	2.62745098039216	12.0278431372549	26.156862745098	39.3219607843137
"938"	"YC20:2418"	2	376	"PHW43"	"2"	2.74509803921569	3.13725490196079	3.44705882352941	4.74117647058824	6.85098039215686	16.9803921568628	34.3741176470588	42.8709803921569
"939"	"YC20:2419"	2	292	"2MCDB"	"2"	2.86274509803922	2.94117647058824	3.01960784313725	3.05882352941176	2.23137254901961	17.0196078431373	28.078431372549	34.1835294117647
"940"	"YC20:2420"	2	398	"AusTRCF 306238"	"2"	2.98039215686274	4.35294117647059	4.74509803921568	4.03921568627451	3.01960784313725	18.3647058823529	37.7545098039216	51.1882352941176
"941"	"YC20:2421"	2	414	"H110"	"2"	2.43137254901961	3.6078431372549	4.07843137254902	4	3.33333333333333	18.5725490196079	36.3098039215686	48.9035294117647
"942"	"YC20:2422"	2	465	"W820G"	"2"	2.27450980392156	2.50980392156863	2.54901960784314	2.27450980392157	1.68627450980392	3.09803921568628	20.5098039215686	16.1803921568627
"943"	"YC20:2423"	2	508	"WIL900"	"2"	2.11764705882353	2.74509803921569	2.19607843137255	2.39254901960784	1.72549019607843	14.6023529411765	33.8705882352941	42.321568627451
"944"	"YC20:2424"	2	427	"MBPM"	"2"	2.35294117647059	2.47058823529411	2.81215686274509	4.66039215686274	5.37254901960785	16.6274509803922	32.8752941176471	44.3098039215686
"945"	"YC20:2425"	2	457	"VaW6"	"2"	2.78431372549019	2.74509803921569	3.80431372549019	6.1686274509804	6.83529411764706	14.7176470588235	26.5882352941176	28.2745098039216
"946"	"YC20:2426"	2	377	"PHW79"	"2"	1.84313725490196	1.76078431372549	2.19607843137255	2.08941176470589	1.49019607843137	16.8419607843137	31.556862745098	41.7976470588235
"947"	"YC20:2427"	2	520	"B73"	"2"	2.78431372549019	2.44313725490196	2.74509803921569	6.51686274509803	9.38901960784314	20.1960784313725	37.5458823529412	47.1847058823529
"948"	"YC20:2428"	2	481	"F118"	"2"	2.86274509803921	2.94117647058823	3.12588235294117	5.23372549019608	7.37254901960784	18.2352941176471	33.0980392156863	45.4192156862745
"949"	"YC20:2429"	2	369	"PHPR5"	"2"	2.39215686274509	3.68627450980392	3.05882352941177	6.11764705882354	3.25490196078432	19.5294117647059	37.2043137254902	46.0509803921569
"950"	"YC20:2430"	2	366	"PHK56"	"2"	1.6078431372549	2.79529411764706	2.11764705882353	4.35294117647058	3.83176470588235	18.0078431372549	35.2549019607843	42.4313725490196
"951"	"YC20:2431"	2	289	"DK78371A"	"2"	2.3921568627451	3.09803921568628	3.32196078431372	5.6078431372549	6.81960784313726	18.1843137254902	36.9921568627451	44.4039215686275
"952"	"YC20:2432"	2	391	"WIL903"	"2"	2.48235294117646	2.94117647058824	3.13725490196079	2.78431372549019	2.03921568627451	11.1258823529412	30.2592156862745	34.6933333333333
"953"	"YC20:2433"	2	346	"Mo46"	"2"	2.54901960784313	3.30588235294118	3.37254901960784	4.8235294117647	4.87372549019608	17.1058823529412	35.9607843137255	50.1454901960784
"954"	"YC20:2434"	2	371	"PHR55"	"2"	2.19215686274509	2.03921568627451	2.19607843137255	2.15686274509803	1.49019607843138	7.08627450980392	21.3023529411765	35.636862745098
"955"	"YC20:2435"	2	368	"PHN46"	"2"	2.44313725490196	1.96078431372549	2.19607843137255	2.11764705882353	1.80392156862746	10.4137254901961	20.9192156862745	21.7227450980392
"956"	"YC20:2436"	2	310	"CO257"	"2"	1.93333333333333	2.04705882352941	2.23529411764706	2.82352941176471	1.88235294117648	12.6274509803922	25.0588235294118	31.2345098039216
"957"	"YC20:2437"	2	486	"IDS69"	"2"	1.84313725490196	2.43137254901961	2.11764705882353	2.15686274509804	1.95058823529411	12.8235294117647	26.0698039215686	32.3529411764706
"958"	"YC20:2438"	2	470	"WIL901"	"2"	2.15686274509804	2.31372549019608	2.31372549019608	2.36392156862745	1.52941176470588	15.6470588235294	32.9647058823529	42.2356862745098
"959"	"YC20:2439"	2	511	"PH207"	"2"	2.47058823529411	2.90196078431372	2.49843137254902	6.38274509803922	5.73647058823529	18.7450980392157	35.6862745098039	42.821568627451
"960"	"YC20:2440"	2	278	"S8326"	"2"	2.66666666666666	2.85882352941176	3.01960784313725	3.37254901960784	1.72549019607843	18.5882352941177	34.6274509803922	45.8435294117647
"961"	"YC20:2441"	2	378	"PHWG5"	"2"	2.50980392156863	2.35294117647059	2.50980392156863	1.88235294117647	1.88235294117648	16.7725490196078	28.7988235294118	23.3305882352941
"962"	"YC20:2442"	2	442	"PHK29"	"2"	1.64705882352942	1.41176470588235	1.13725490196078	1.17647058823529	0.941176470588236	3.91764705882352	8.01803921568628	10.5490196078431
"963"	"YC20:2443"	2	295	"A321"	"2"	1.76470588235295	1.84313725490196	1.82235294117647	3.13725490196078	1.1764705882353	18.2290196078431	31.2549019607843	40.6921568627451
"964"	"YC20:2444"	2	387	"W810G"	"2"	1.72549019607844	2.3921568627451	2.62745098039216	4.94156862745097	7.95450980392157	19.3333333333333	35.8549019607843	45.5019607843137
"965"	"YC20:2445"	2	365	"PHJ70"	"2"	1.92156862745098	1.80392156862745	1.96078431372549	1.89411764705882	2.27450980392157	21.3843137254902	41.7925490196078	51.2156862745098
"966"	"YC20:2446"	2	293	"4N506"	"2"	2.66666666666667	2.7843137254902	2.51294117647059	5.67999999999998	6.77294117647059	20.443137254902	39.7647058823529	52.3254901960784
"967"	"YC20:2447"	2	473	"A619"	"2"	1.89411764705883	1.7235294117647	2.60470588235294	5.5686274509804	8.7843137254902	18.2078431372549	35.4270588235294	41.3890196078431
"968"	"YC20:2448"	2	299	"B119"	"2"	1.96078431372549	2.70588235294118	2.35294117647059	5.89411764705882	3.19294117647058	20.0670588235294	37.4901960784314	46.9411764705882
"969"	"YC20:2449"	2	418	"IDS91"	"2"	2.19607843137255	2.11764705882353	2.35294117647059	3.07058823529412	2.4313725490196	16.1176470588235	33.4	43.4980392156863
"970"	"YC20:2450"	2	433	"N7A"	"2"	2.15686274509804	1.96078431372549	2.15686274509804	2.07843137254902	1.76470588235293	9.22745098039216	29.5964705882353	39.8592156862745
"971"	"YC20:2451"	2	357	"NC328"	"2"	1.60784313725491	2	1.88235294117647	2.93019607843136	3.85960784313724	16.5490196078431	33.8117647058823	43.3129411764706
"972"	"YC20:2452"	2	499	"NC368"	"2"	2	2.54901960784314	2.50980392156863	2.70588235294118	3.70980392156862	17.7647058823529	32.156862745098	43.8156862745098
"973"	"YC20:2453"	2	372	"PHT10"	"2"	2.07843137254902	2.47058823529412	2.90196078431373	4.51686274509804	7.51803921568627	19.2392156862745	36.481568627451	45.8149019607843
"974"	"YC20:2454"	2	476	"B57"	"2"	2.23529411764706	2.27450980392157	2.30235294117647	2.27450980392157	1.84313725490195	14.0627450980392	26.678431372549	29.2435294117647
"975"	"YC20:2455"	2	471	"33-16"	"2"	2.11764705882353	2.3921568627451	1.96078431372549	2	1.68627450980392	13.5117647058823	25.0082352941176	34.0298039215686
"976"	"YC20:2456"	2	291	"ND259"	"2"	2.15686274509804	2.03921568627451	1.92156862745098	5.92156862745098	9.35019607843136	21.5850980392157	32.3137254901961	39.1258823529412
"977"	"YC20:2457"	2	477	"B68"	"2"	1.80392156862746	1.88235294117647	2.15294117647059	2.86274509803922	3.80392156862744	17.478431372549	33.7529411764706	44.5607843137255
"978"	"YC20:2458"	2	467	"YE 4"	"2"	1.92156862745098	3.01960784313726	2.78431372549019	4.47058823529412	2.35294117647059	17.6196078431373	34	43.9411764705882
"979"	"YC20:2459"	2	429	"MS24A"	"2"	2.03921568627451	2.9921568627451	3.96117647058823	8.78431372549019	10.6274509803922	19.6862745098039	28.443137254902	33.8392156862745
"980"	"YC20:2460"	2	428	"Mo1W"	"2"	2.47058823529412	3.20039215686274	3.25490196078431	2.78039215686274	2.11764705882353	7.88235294117647	15.7137254901961	15.458431372549
"981"	"YC20:2461"	2	431	"N218"	"2"	2.58823529411765	3.44705882352941	3.80392156862745	2.89058823529412	2.3921568627451	9.46117647058822	26.9023529411765	40.0901960784314
"982"	"YC20:2462"	2	501	"Pa91"	"2"	2.07843137254902	2.43137254901961	2.62745098039216	2.50980392156862	4.7843137254902	20.8905882352941	38.2745098039216	51.2827450980392
"983"	"YC20:2463"	2	308	"CG102"	"2"	2.31372549019608	2.66666666666667	2.94117647058824	7.13647058823529	10.2356862745098	20.8627450980392	40.9764705882353	50.7450980392157
"984"	"YC20:2464"	2	480	"DE811"	"2"	2.27450980392157	3.71411764705882	3.76470588235294	5.87843137254901	6.56705882352941	22.7176470588235	42.8470588235294	55.8156862745098
"985"	"YC20:2465"	2	411	"E8501"	"2"	2.3921568627451	3.61960784313726	3.73490196078431	5.84235294117647	6.70588235294118	19.6862745098039	38.2352941176471	46.4666666666667
"986"	"YC20:2466"	2	296	"A797NW"	"2"	2.19607843137254	3.17647058823529	2.94117647058823	2.58823529411765	3.93254901960784	20.8901960784314	34.1764705882353	46.9301960784314
"987"	"YC20:2467"	2	298	"B111"	"2"	2.82352941176471	3.2156862745098	2.98039215686274	9.50117647058823	12.1176470588235	22.8745098039216	42.8125490196078	57.7372549019608
"988"	"YC20:2468"	2	270	"PHG83"	"2"	2.50588235294118	3.17647058823529	3.09803921568628	8.19607843137254	12.8235294117647	23.4901960784314	39.5294117647059	49.6588235294118
"989"	"YC20:2469"	2	304	"B37"	"2"	2.27450980392156	3.16078431372549	2.79529411764706	6.35686274509804	6.73372549019607	20.4588235294118	38.178431372549	46.8627450980392
"990"	"YC20:2470"	2	345	"MM501D"	"2"	2.54901960784313	2.27450980392157	2.48235294117647	3.05882352941177	3.68627450980391	15.7647058823529	25.6078431372549	35.4450980392157
"991"	"YC20:2471"	2	288	"ZS365"	"2"	2.35294117647058	2.47058823529412	2.23529411764706	2.54901960784314	2.11764705882353	12.678431372549	22.8792156862745	29.6078431372549
"992"	"YC20:2472"	2	412	"F2834T"	"2"	2.86274509803921	2.94117647058824	3.45098039215686	3.09803921568627	2.31372549019608	17.8525490196078	27.6474509803921	36.8745098039216
"993"	"YC20:2473"	2	399	"B108"	"2"	2.23529411764706	2.62745098039215	3.29411764705882	8.15686274509804	9.6	21.2156862745098	35.6470588235294	44.3529411764706
"994"	"YC20:2474"	2	409	"DE2"	"2"	2.54509803921569	3.01960784313725	2.74509803921568	2.74509803921569	2.0392156862745	12.9803921568627	27.0474509803922	34.3050980392157
"995"	"YC20:2475"	2	493	"M14"	"2"	2.7843137254902	3.13725490196078	3.16509803921568	4	5.40156862745097	16.7337254901961	31.7254901960784	38.1686274509804
"996"	"YC20:2476"	2	309	"CH701-30"	"2"	2.77294117647059	3.95686274509804	4.11764705882353	9.01999999999999	11.2827450980392	20.8235294117647	36.0509803921569	44.2745098039216
"997"	"YC20:2477"	2	315	"H121"	"2"	3.64705882352941	4.07843137254902	4.52078431372549	4.32196078431372	7.17254901960784	17.3725490196078	33.7098039215686	41.2941176470588
"998"	"YC20:2478"	2	460	"W803G"	"2"	2.86274509803922	3.57960784313725	3.4078431372549	3.05882352941176	4.05019607843137	15.1372549019608	33.2827450980392	42.2470588235294
"999"	"YC20:2479"	2	405	"B66"	"2"	3.41176470588235	3.69411764705882	4.11764705882353	4.32588235294117	7.00470588235293	17.5294117647059	36.5505882352941	46.5149019607843
"1000"	"YC20:2480"	2	287	"YONG 28"	"2"	2.74509803921569	3.1764705882353	3.29411764705883	2.47058823529412	1.92156862745098	7.37254901960785	15.2423529411765	13.3725490196078
"1001"	"YC20:2481"	2	381	"Tr"	"2"	3.17647058823529	3.33333333333333	3.72549019607843	3.68627450980392	3.92156862745098	16.3952941176471	31.0588235294118	41.5964705882353
"1002"	"YC20:2482"	2	306	"B75"	"2"	2.74509803921569	2.67764705882353	2.8235294117647	3.22078431372548	4.47058823529411	18.3137254901961	36.0301960784314	46.8745098039216
"1003"	"YC20:2483"	2	373	"PHT22"	"2"	2.53764705882353	2.54901960784314	2.62745098039216	2.10627450980392	1.84313725490195	5.92549019607843	23.1898039215686	31.6592156862745
"1004"	"YC20:2484"	2	335	"LH195"	"2"	2.7843137254902	3.35529411764706	3.5686274509804	3.05882352941176	7.79607843137255	15.5572549019608	24.0078431372549	35.4901960784314
"1005"	"YC20:2485"	2	384	"W23"	"2"	2.66666666666667	3.37254901960784	3.41176470588236	5.51803921568627	8.65529411764706	20.0392156862745	39.0364705882353	49.5964705882353
"1006"	"YC20:2486"	2	410	"DE3"	"2"	3.49019607843137	3.76078431372549	3.92156862745098	3.13725490196078	2.66666666666667	14.1882352941176	28.4039215686274	34.2847058823529
"1007"	"YC20:2487"	2	453	"Va102"	"2"	3.05882352941176	2.69450980392157	2.50980392156863	2.47098039215686	2.03921568627451	4.67215686274509	7.94509803921568	4.44313725490196
"1008"	"YC20:2488"	2	268	"NS701"	"2"	3.49019607843137	3.72549019607843	3.64705882352941	4.06705882352941	5.08666666666666	18.4588235294118	33.1490196078431	42.2733333333333
"1009"	"YC20:2489"	2	332	"LH181"	"2"	3.37254901960784	3.37254901960785	3.33333333333333	4.31372549019608	6.57686274509804	19.7254901960784	37.9607843137255	47.6749019607843
"1010"	"YC20:2490"	2	505	"PHV63"	"2"	2.94117647058824	2.66666666666666	3.49019607843137	3.36117647058823	4.90196078431372	17.2827450980392	33.6133333333333	43.6470588235294
"1011"	"YC20:2491"	2	426	"LH216"	"2"	4.03921568627451	3.92156862745098	4.19607843137255	3.33333333333334	2.11764705882352	11.2827450980392	29.0196078431373	38.8745098039216
"1012"	"YC20:2492"	2	356	"N542"	"2"	2.70588235294118	3.01960784313726	3.09803921568628	2.62745098039216	3.60784313725489	14.2352941176471	30.6274509803922	44.7176470588235
"1013"	"YC20:2493"	2	383	"W22"	"2"	2.86274509803922	3.01568627450981	3.37254901960784	3.72549019607843	9.31058823529411	15.8823529411765	30.0117647058823	39.7764705882353
"1014"	"YC20:2494"	2	509	"4F-35 BK"	"2"	2.50980392156863	2.27450980392157	2.7843137254902	3.33333333333334	3.88235294117647	15.9490196078431	28.3921568627451	38.5843137254902
"1015"	"YC20:2495"	2	321	"Hy"	"2"	2.78039215686274	2.03921568627451	2.30980392156863	2.03921568627451	1.92156862745098	12.078431372549	27.2435294117647	37.9611764705882
"1016"	"YC20:2496"	2	307	"B88"	"2"	3.29411764705882	3.14509803921568	3.37254901960784	3.52941176470588	2.74509803921568	13.1764705882353	27.9607843137255	40.8003921568627
"1017"	"YC20:2497"	2	343	"MBST"	"2"	2.7843137254902	2.86274509803922	2.82352941176471	2.98039215686275	2.07843137254902	13.843137254902	29.3058823529412	38.5098039215686
"1018"	"YC20:2498"	2	364	"PHBB3"	"2"	3.49019607843137	4.10627450980392	4.54901960784314	6.49843137254902	9.72549019607843	19.1882352941176	32.7803921568627	42.1133333333333
"1019"	"YC20:2499"	2	350	"N215"	"2"	2.54901960784314	2.90980392156863	3.01960784313725	2.74509803921569	3.42274509803921	17.5803921568627	32.0901960784314	43.1490196078431
"1020"	"YC20:2500"	2	274	"PHN29"	"2"	3.56862745098039	3.77254901960784	3.92156862745098	3.85098039215686	7.13725490196078	19.5686274509804	35.843137254902	46.4313725490196
"1021"	"YC20:2501"	2	403	"B47"	"2"	3.01960784313726	4.31372549019608	4.19607843137255	4.47058823529411	6.49843137254902	18.5098039215686	34.0556862745098	43.7254901960784
"1022"	"YC20:2502"	2	422	"LH191"	"2"	2.98039215686274	3.46274509803921	3.37254901960784	3.13333333333333	2.07843137254902	15.8435294117647	28.3921568627451	37.7101960784314
"1023"	"YC20:2503"	2	323	"INB 101LFY/LFY (A632 X M16 S5)"	"2"	2.7843137254902	3.88235294117647	4.54901960784314	6.7843137254902	7.49019607843137	17.0196078431373	34.0470588235294	45.776862745098
"1024"	"YC20:2504"	2	436	"NC342"	"2"	2.66666666666666	2.98039215686274	2.8235294117647	2.89058823529412	3.33333333333333	11.843137254902	28.7098039215686	34.7917647058824
"1025"	"YC20:2505"	2	516	"B73"	"2"	2.70588235294117	3.10901960784313	3.29411764705883	7.77725490196077	11.2376470588235	21.4431372549019	37.5019607843137	49.3333333333333
"1026"	"YC20:2506"	2	397	"A"	"2"	2.58823529411764	2.58823529411764	2.67764705882353	4.00705882352941	2.58823529411764	16.0509803921569	34.0117647058823	47.2760784313725
"1027"	"YC20:2507"	2	401	"B14"	"2"	3.41176470588236	2.66666666666667	2.98039215686274	2.70588235294118	2.15686274509804	14.5427450980392	32.5372549019608	43.7686274509804
"1028"	"YC20:2508"	2	261	"LH185"	"2"	2.54901960784314	2.74509803921569	3.13725490196078	3.59647058823529	3.49019607843137	17.0980392156863	31.1411764705882	39.4509803921569
"1029"	"YC20:2509"	2	488	"J47"	"2"	2.86274509803922	2.58823529411765	3.13725490196079	3.2156862745098	2.90196078431372	18.0901960784314	36.1960784313726	52.521568627451
"1030"	"YC20:2510"	2	449	"R226"	"2"	2.27450980392157	2.96901960784313	3.11647058823529	8.01176470588235	11.1764705882353	21.6592156862745	37.9819607843137	50
"1031"	"YC20:2511"	2	502	"PHEG9"	"2"	2.50980392156863	3.13725490196078	3.01882352941176	5.4792156862745	8.41411764705882	20.1176470588235	36.5882352941177	46.341568627451
"1032"	"YC20:2512"	2	338	"LH214"	"2"	2.15686274509804	3.29411764705883	3.69725490196078	6.39254901960784	8.27960784313724	23.8039215686275	37.601568627451	47.9945098039216
"1033"	"YC20:2513"	2	417	"IDS28"	"2"	2.7843137254902	3.41176470588236	3.35725490196079	6.58823529411765	7.84313725490196	18.6666666666667	39.3725490196078	47.4235294117647
"1034"	"YC20:2514"	2	276	"PHW52"	"2"	2.31372549019608	2.50980392156862	2.98039215686275	3.96078431372549	6.15686274509803	17.4509803921569	29.6078431372549	39.8066666666667
"1035"	"YC20:2515"	2	385	"W24"	"2"	2.34901960784315	2.56078431372549	2.7843137254902	3.50117647058823	4.41999999999999	15.7141176470588	34.0392156862745	43.8117647058824
"1036"	"YC20:2516"	2	271	"PHHH9"	"2"	2.66666666666667	3.1764705882353	3.29411764705882	2.94117647058824	2.11764705882352	14.8447058823529	32.0392156862745	40.1960784313725
"1037"	"YC20:2517"	2	313	"H105W"	"2"	2.62745098039216	3.52941176470589	3.13333333333334	5.29411764705882	2.27450980392156	17.3843137254902	30.4941176470588	37.4976470588235
"1038"	"YC20:2518"	2	484	"H96"	"2"	1.80392156862746	1.96078431372549	1.80392156862745	3.41176470588236	4.58823529411764	15.0474509803922	31.6980392156863	42.7058823529412
"1039"	"YC20:2519"	2	319	"H95"	"2"	2.19607843137255	2.3921568627451	2.44	6.56235294117648	8.07843137254902	17.2549019607843	33.4627450980392	44.6549019607843
"1040"	"YC20:2520"	2	443	"PHP85"	"2"	2.11764705882353	2.08941176470588	2.36470588235294	4.6	4.38823529411765	19.0082352941176	32.7450980392157	41.098431372549
