"Plot"	"Block"	"Entry"	"Genotype"	"Rep"	"X05132021"	"X06012021"	"X06072021"	"X06152021"	"X06232021"	"X06282021"	"X07082021"	"X07132021"	"X07162021"	"X07232021"	"X08062021"
"1"	"YC21:1001"	1	225	"ICI 986"	"1"	1.38745098039215	1.05882352941176	1.96078431372549	2.47058823529412	5.01960784313725	5.92156862745098	24.5874509803922	30.3921568627451	29.8698039215686	33.9333333333333	30.2803921568627
"2"	"YC21:1002"	1	110	"DKFBHJ"	"1"	1.49019607843137	1.09803921568627	1.89215686274509	4.03921568627452	5.76470588235294	6	23.2047058823529	28.9803921568627	29.3113725490196	32.9694117647059	27.843137254902
"3"	"YC21:1003"	1	134	"PHBW8"	"1"	1.41176470588235	0.862745098039213	1.88235294117646	1.96078431372549	2.31372549019607	6.03921568627451	23.8235294117647	31.7254901960784	30.9474509803922	31.0588235294118	26.4313725490196
"4"	"YC21:1004"	1	252	"PH207"	"1"	1.64705882352941	1.01960784313725	1.84313725490195	4.1713725490196	7.52941176470588	5.72549019607843	21.8823529411765	30.4439215686275	29.2941176470588	30.9411764705882	26.9019607843137
"5"	"YC21:1005"	1	245	"R113"	"1"	1.92156862745098	1.17647058823529	1.88235294117646	1.6078431372549	0.862745098039213	1.84313725490196	14.2921568627451	18.2411764705882	21.0705882352941	25.4388235294118	21.4509803921569
"6"	"YC21:1006"	1	11	"W9"	"1"	1.64705882352941	1.01960784313725	2.62745098039216	6.78431372549019	10.8235294117647	6.94117647058823	27.4509803921569	33.1372549019608	33.5686274509804	34.7450980392157	29.4682352941176
"7"	"YC21:1007"	1	16	"AQA3"	"1"	1.45098039215686	1.37254901960784	2.15686274509803	6.86274509803921	11.283137254902	7.21607843137255	24.6274509803922	28.2635294117647	26.9803921568627	28.6078431372549	23.5125490196078
"8"	"YC21:1008"	1	219	"DE4"	"1"	1.72549019607843	1.45098039215686	2.3635294117647	5.46235294117646	8.3921568627451	6.23529411764706	24.9803921568627	30.156862745098	30.3529411764706	31.843137254902	30.0392156862745
"9"	"YC21:1009"	1	62	"W552"	"1"	1.21568627450981	1.5686274509804	2.50980392156863	2.11333333333334	1.65843137254902	4.36862745098038	23.6250980392157	28.8372549019608	30.4372549019608	33.5098039215686	28.2019607843137
"10"	"YC21:1010"	1	168	"LH198"	"1"	1.37254901960785	1.37254901960784	2.43137254901961	9.21568627450981	11.6470588235294	7.13725490196078	26.3137254901961	31.7537254901961	33.1372549019608	38.5882352941177	32.2745098039216
"11"	"YC21:1011"	1	227	"LH74"	"1"	1.5686274509804	1.13725490196078	1.76470588235293	2.47058823529411	6.23529411764706	6.50196078431373	22.8235294117647	28.1627450980392	28.0392156862745	31.7960784313725	26.0058823529412
"12"	"YC21:1012"	1	98	"A374"	"1"	1.45098039215686	1.29411764705882	2.15686274509804	7.45098039215687	9.45098039215686	6.83882352941176	25.518431372549	29.9105882352941	31.8490196078431	33.9274509803922	28.3333333333333
"13"	"YC21:1013"	1	40	"A334"	"1"	1.17647058823529	1.01960784313725	1.91058823529412	5.72549019607844	8.86431372549019	6.23529411764706	23.6360784313726	30.2352941176471	31.1372549019608	32.7058823529412	26.5549019607843
"14"	"YC21:1014"	1	111	"DKMBNA"	"1"	1.37254901960784	1.09803921568627	2	7.60078431372548	9.37254901960784	6.66666666666667	24.8517647058824	29.2156862745098	31.0588235294118	33.7145098039216	27.6921568627451
"15"	"YC21:1015"	1	163	"ICI 441"	"1"	1.84313725490197	1.09803921568627	1.68627450980393	3.05098039215687	6.19607843137254	5.61294117647059	22.3850980392157	26.7435294117647	26.7450980392157	31.221568627451	26.3588235294118
"16"	"YC21:1016"	1	45	"CH711-10"	"1"	1.49019607843138	1.09803921568627	1.84313725490197	2.32000000000001	4.94117647058823	5.37254901960784	22.4423529411765	27.1764705882353	28.8627450980392	31.2411764705882	27.8882352941176
"17"	"YC21:1017"	1	241	"PHG80"	"1"	0.941176470588243	1.41176470588235	2.43137254901961	5.91058823529412	8.27686274509803	6.28039215686274	22.4203921568627	26.9474509803922	28.6333333333333	32.0980392156863	28.1627450980392
"18"	"YC21:1018"	1	150	"A71"	"1"	1.84313725490197	1.17647058823529	2.07843137254902	5.1764705882353	8.60745098039215	5.72549019607843	21.6078431372549	26.8164705882353	28.6619607843137	34.5894117647059	28.6274509803922
"19"	"YC21:1019"	1	198	"2369"	"1"	1.88235294117648	1.05882352941176	1.91372549019608	3.5686274509804	6.94117647058823	4.98039215686274	21.6564705882353	25.301568627451	27.5898039215686	32.7243137254902	27.1549019607843
"20"	"YC21:1020"	1	256	"B73"	"1"	2.35294117647059	1.45098039215687	2.70588235294118	1.72549019607844	1.51843137254903	4.4313725490196	19.0647058823529	22.3329411764706	25.0047058823529	28.9019607843137	26.6274509803922
"21"	"YC21:1021"	1	123	"LH82"	"1"	1.49019607843138	1.2156862745098	2.31372549019608	7.60784313725491	9.47176470588236	5.88235294117647	22.078431372549	25.921568627451	27.0647058823529	30.6870588235294	25.3725490196078
"22"	"YC21:1022"	1	231	"MS132"	"1"	2.62745098039216	1.45098039215687	2.43137254901961	6.81176470588234	8.50980392156863	5.56862745098039	23.1521568627451	27.8039215686275	28.2745098039216	32.803137254902	26.8039215686274
"23"	"YC21:1023"	1	218	"C103"	"1"	1.88235294117648	1.17647058823529	2.23529411764706	1.60784313725491	1.21568627450981	3.25490196078431	21.1764705882353	24.0803921568627	24.7450980392157	28	23.9921568627451
"24"	"YC21:1024"	1	115	"L 155"	"1"	1.67843137254902	1.49019607843138	2.59960784313726	2.94117647058824	5.08705882352942	5.05882352941176	21.2666666666667	26.5156862745098	26.7117647058824	31.7313725490196	24.4372549019608
"25"	"YC21:1025"	1	183	"PHN66"	"1"	1.5686274509804	1.41176470588236	3.05882352941176	6.18509803921569	9.29411764705882	6.3921568627451	24.0282352941176	28.7341176470588	29.7145098039216	34.8549019607843	28.8235294117647
"26"	"YC21:1026"	1	139	"SD102"	"1"	1.92156862745098	1.25490196078432	2.45411764705882	4.90196078431373	6.82352941176471	4.8235294117647	20.1627450980392	22.7450980392157	23.3505882352941	26.3588235294118	21.221568627451
"27"	"YC21:1027"	1	27	"PHGW7"	"1"	1.64705882352942	1.1764705882353	1.96078431372549	1.21568627450981	1.29411764705883	5.49882352941176	22.7098039215686	28.0282352941176	29.8156862745098	32.1627450980392	25.5686274509804
"28"	"YC21:1028"	1	156	"BO9"	"1"	1.64705882352942	1.29411764705883	1.72549019607843	4.98039215686274	8.90196078431373	5.96078431372548	23.8235294117647	28.2078431372549	29.6619607843137	32.3137254901961	27.5294117647059
"29"	"YC21:1029"	1	213	"AS6103"	"1"	2.12313725490196	1.13725490196079	1.91176470588235	3.64705882352941	7.8364705882353	6.54901960784314	26.2745098039216	29.678431372549	30.3529411764706	32.6666666666667	26.9019607843137
"30"	"YC21:1030"	1	161	"DKPB80"	"1"	1.84313725490196	1.72549019607844	3.1764705882353	9.31764705882353	11.4509803921569	6.94117647058823	26.7843137254902	30.2745098039216	32.2823529411765	35.6078431372549	33.9862745098039
"31"	"YC21:1031"	1	95	"764"	"1"	1.56862745098039	1.60784313725491	2.66666666666667	4.4313725490196	6.06745098039216	5.80392156862744	21.7145098039216	25.0901960784314	27.1294117647059	27.678431372549	23.5294117647059
"32"	"YC21:1032"	1	20	"Ia 453"	"1"	1.41176470588235	1.88235294117648	3.05411764705882	7.94980392156862	9.88235294117647	6.43137254901961	20.958431372549	24.6164705882353	23.5294117647059	26.7450980392157	22.1627450980392
"33"	"YC21:1033"	1	19	"FC46"	"1"	1.09803921568627	1.1764705882353	2.19607843137255	5.02901960784312	10	6.81254901960785	22.8125490196078	29.1372549019608	28.5490196078431	30.7647058823529	25.9607843137255
"34"	"YC21:1034"	1	255	"PH207"	"1"	1.68627450980392	1.05411764705883	1.80392156862746	3.52941176470588	9.13725490196078	6.35294117647059	24.0901960784314	29.8039215686275	30.1960784313726	33.1235294117647	27.0980392156863
"35"	"YC21:1035"	1	151	"B-18 INBR.FR.SUPERGOLD"	"1"	1.49019607843137	1.01960784313726	2.44470588235294	5.45176470588235	10.1960784313725	6.6407843137255	24.221568627451	30.0392156862745	31.4901960784314	34.1960784313726	28.6666666666667
"36"	"YC21:1036"	1	71	"ICI581"	"1"	1.2156862745098	1.64705882352942	4.44274509803922	8.35058823529412	10.8627450980392	6.3921568627451	25.5294117647059	31.3725490196078	31.9274509803922	35.4117647058824	29.6078431372549
"37"	"YC21:1037"	1	234	"N201"	"1"	2.04313725490197	1.15490196078431	2.19137254901961	7.04000000000001	9.64705882352941	6.3921568627451	25.3392156862745	29.7764705882353	31.0588235294118	35.1152941176471	30.0047058823529
"38"	"YC21:1038"	1	140	"W603S"	"1"	1.87450980392157	1.6078431372549	2.31372549019608	1.76470588235295	1.25490196078431	4.27450980392157	22.4988235294118	26.3529411764706	26.3686274509804	30.3137254901961	24.8039215686274
"39"	"YC21:1039"	1	70	"ICI 193"	"1"	1.92156862745098	1.28941176470588	2.62745098039216	3.37254901960785	6.69490196078431	5.88235294117647	24.8243137254902	28.8627450980392	31.2607843137255	32.4486274509804	28.6164705882353
"40"	"YC21:1040"	1	84	"PHJR5"	"1"	1.68627450980393	1.2156862745098	2.31372549019608	2.3921568627451	5.41176470588235	5.88235294117647	24.2745098039216	27.6372549019608	30.6725490196078	33.1235294117647	27.4729411764706
"41"	"YC21:1041"	1	63	"W64A"	"1"	1.33333333333334	1.17647058823529	2.03921568627451	2.64470588235295	7.76705882352941	5.55764705882353	22.1960784313726	26.6274509803922	27.0254901960784	29.456862745098	24.6666666666667
"42"	"YC21:1042"	1	22	"L 135"	"1"	2.2	1.29411764705882	2	2.16823529411765	3.00862745098039	5.37254901960785	21.361568627451	25.7647058823529	27.9803921568627	28.0313725490196	24.078431372549
"43"	"YC21:1043"	1	17	"CA-4"	"1"	2.15686274509804	0.901960784313722	1.92156862745098	2.99176470588235	4.68941176470588	4.65019607843138	18.5098039215686	22.7509803921569	25.5352941176471	27.7647058823529	23.3392156862745
"44"	"YC21:1044"	1	114	"I29"	"1"	1.84313725490197	1.96078431372548	3.25019607843137	5.6078431372549	6.65568627450981	5.84313725490196	21.6862745098039	25.7372549019608	26.0392156862745	29.5529411764706	23.1823529411765
"45"	"YC21:1045"	1	165	"LH132"	"1"	1.60784313725491	1.60313725490196	2.61098039215686	5.22705882352942	8.58823529411765	5.80392156862745	22.2862745098039	26.4705882352941	28.1627450980392	33.0196078431373	28.1235294117647
"46"	"YC21:1046"	1	75	"LH61"	"1"	1.60784313725491	0.941176470588232	1.88235294117646	3.88235294117647	6.47058823529412	5.64705882352941	22.3921568627451	25.9450980392157	26.5286274509804	29	24.6274509803922
"47"	"YC21:1047"	1	230	"Mo47"	"1"	1.49019607843138	1.17647058823529	2.35960784313725	6.01137254901961	9.16039215686274	5.25490196078432	20.3137254901961	24.9803921568627	26.4764705882353	28.5882352941176	24.6666666666667
"48"	"YC21:1048"	1	93	"W613S"	"1"	2.50980392156863	0.823529411764703	1.92549019607843	1.41568627450981	1.05882352941176	3.52941176470589	18.1960784313726	20.7419607843137	22.6196078431373	25.1372549019608	20.3313725490196
"49"	"YC21:1049"	1	73	"LH202"	"1"	1.52941176470588	1.09803921568627	3.02627450980392	7.80392156862745	10.2858823529412	6.94117647058823	25.4901960784314	27.5576470588235	30.7058823529412	31.6078431372549	26.9470588235294
"50"	"YC21:1050"	1	153	"B76"	"1"	1.67843137254901	1.37254901960784	2.59960784313726	4.65019607843136	10.6274509803922	6.50980392156863	25.6470588235294	30.0392156862745	30.8627450980392	33.036862745098	27.8039215686274
"51"	"YC21:1051"	1	209	"A635"	"1"	2.0392156862745	1.1764705882353	2.50509803921569	4.23529411764706	7.52941176470589	6.16235294117647	23.2156862745098	28.1458823529412	28.1176470588235	31.4176470588235	25.6862745098039
"52"	"YC21:1052"	1	87	"PHP55"	"1"	1.37254901960784	1.17647058823529	2.47058823529412	6.9756862745098	9.05882352941177	5.84313725490196	23.596862745098	27.8039215686274	29.7819607843137	34.2352941176471	28.8823529411765
"53"	"YC21:1053"	1	43	"A556"	"1"	1.68627450980392	1.56862745098039	2.90196078431373	3.07411764705881	3.13725490196079	4.7843137254902	20.1627450980392	25.0196078431373	25.9607843137255	32.9725490196078	22.9192156862745
"54"	"YC21:1054"	1	118	"LH206"	"1"	1.52941176470588	1.56862745098039	2.11764705882353	5.05882352941176	5.80392156862745	5.84313725490196	21.4509803921569	23.9850980392157	26.0913725490196	29.1823529411765	23.5686274509804
"55"	"YC21:1055"	1	53	"LH172"	"1"	2.07843137254902	1.76470588235295	2.7843137254902	2.39215686274509	1.45098039215687	3.76470588235294	19.596862745098	20.5352941176471	22.9694117647059	26.9121568627451	21.7313725490196
"56"	"YC21:1056"	1	76	"LIBC 4"	"1"	1.72549019607843	1.05882352941176	2.31372549019608	4.86274509803921	5.4007843137255	5.25490196078432	19.2713725490196	19.0980392156863	22.1176470588235	23.5560784313725	20.8098039215686
"57"	"YC21:1057"	1	55	"Lp215D"	"1"	2.42666666666667	1.13725490196078	2.43137254901961	4.97882352941176	8.88078431372549	6.27450980392157	23.6529411764706	27.4901960784314	29.843137254902	30.6666666666667	26.9019607843137
"58"	"YC21:1058"	1	8	"PHVJ4"	"1"	2	1.33333333333333	2.3070588235294	4.91372549019608	9.25490196078431	6.35294117647059	24.6274509803922	28.9862745098039	31.2490196078431	31.3117647058823	26.5666666666667
"59"	"YC21:1059"	1	148	"A634"	"1"	2.26666666666667	1.45098039215686	3.0478431372549	6	9.13725490196078	5.80392156862745	22.7450980392157	27.2549019607843	27.236862745098	31.0980392156863	24.4313725490196
"60"	"YC21:1060"	1	145	"2FACC"	"1"	1.21568627450981	1.13725490196078	2.27450980392156	6.11764705882353	7.41176470588235	5.84313725490196	22.2745098039216	25.6137254901961	26.4705882352941	30.3529411764706	26.9019607843137
"61"	"YC21:1061"	1	10	"W701BC"	"1"	1.87764705882353	1.41176470588235	2.98039215686274	5.25490196078432	6.4313725490196	4.94117647058824	18.5941176470588	22.156862745098	23.6674509803922	23.9274509803922	20.7117647058824
"62"	"YC21:1062"	1	190	"SD44"	"1"	1.84313725490197	1.07058823529411	2.6556862745098	6.00000000000001	8.35294117647058	5.41176470588236	21.843137254902	25.1654901960784	28.2352941176471	32.4705882352941	27.0254901960784
"63"	"YC21:1063"	1	182	"PHJ90"	"1"	1.92156862745098	1.01960784313725	1.92156862745098	3.65137254901961	3.92156862745098	4.43137254901961	21.0196078431373	25.4509803921569	28.5098039215686	31.4509803921569	25.378431372549
"64"	"YC21:1064"	1	48	"IBB14"	"1"	1.1764705882353	1.01960784313725	1.96078431372549	2.03921568627452	2.90313725490195	4.35294117647059	22.2352941176471	26.6807843137255	28.5098039215686	31.843137254902	26.921568627451
"65"	"YC21:1065"	1	12	"911"	"1"	1.64705882352942	1.33333333333333	2.59960784313726	7.40039215686275	9.17647058823529	5.84313725490196	20.2352941176471	24.1176470588235	26.8294117647059	29.1764705882353	24.5098039215686
"66"	"YC21:1066"	1	131	"NS501"	"1"	1.29411764705883	1.33333333333333	1.84313725490197	2.3921568627451	2	3.58313725490197	17.7254901960784	21.4960784313726	23.1882352941176	25.3333333333333	21.3725490196078
"67"	"YC21:1067"	1	122	"LH54"	"1"	1.76470588235293	1.2156862745098	1.92156862745098	1.37254901960785	1.25490196078431	0.392156862745108	7.92431372549012	6.32549019607843	16.3588235294118	21.7313725490196	17.1764705882353
"68"	"YC21:1068"	1	57	"ND247"	"1"	1.72549019607844	1.05882352941176	2.15686274509804	2.32509803921568	1.6078431372549	4.62745098039216	17.7203921568627	19.4117647058824	20.9803921568627	23.8745098039216	21.1098039215686
"69"	"YC21:1069"	1	195	"W8304"	"1"	1.88235294117646	1.25490196078431	1.88235294117648	1.56862745098039	1.17647058823529	4.66666666666667	18.3529411764706	20.0674509803922	23.8039215686275	33.1764705882353	24.8294117647059
"70"	"YC21:1070"	1	121	"LH38"	"1"	1.49019607843137	1.09803921568628	2.11764705882353	1.49019607843137	1.48078431372549	3.31764705882352	16.8909803921569	23.1027450980392	21.6862745098039	27.4960784313726	21.8627450980392
"71"	"YC21:1071"	1	206	"A401"	"1"	2.07843137254901	1.21568627450981	2.23529411764706	3.32235294117647	4.50980392156863	4.31372549019607	19.8823529411765	23.1262745098039	25.2549019607843	29.5686274509804	26.2352941176471
"72"	"YC21:1072"	1	39	"29MIBZ2"	"1"	1.64705882352941	1.22705882352942	2.35294117647059	8.03921568627451	8.84509803921569	6.35294117647059	22.0843137254902	26.1176470588235	27.5882352941176	28.2803921568627	24.1176470588235
"73"	"YC21:1073"	1	170	"LH57"	"1"	1.45098039215686	1.52941176470589	2.70588235294118	1.80392156862744	1.52941176470589	1.64705882352942	16.9113725490196	21.6078431372549	21.1690196078431	26.0843137254902	21.9607843137255
"74"	"YC21:1074"	1	132	"Oh40B"	"1"	1.45098039215686	1.21568627450981	1.80392156862744	2.15686274509804	2.19607843137255	3.52941176470588	19.3670588235294	23.518431372549	24.6470588235294	29.3058823529412	27.0450980392157
"75"	"YC21:1075"	1	192	"W604S"	"1"	2.35294117647059	1.05882352941177	1.91058823529411	1.6078431372549	1.08705882352942	1.25058823529411	17.1411764705882	20.4074509803921	23.8356862745098	28.4364705882353	24.3219607843137
"76"	"YC21:1076"	1	35	"W117Ht"	"1"	1.64705882352941	1.1764705882353	2.39215686274509	1.97803921568627	1.33333333333334	3.8235294117647	18.9411764705882	21.2549019607843	22.4352941176471	23.3137254901961	20.3960784313725
"77"	"YC21:1077"	1	232	"MS211"	"1"	1.52941176470589	1.45098039215687	2.94117647058824	4.77333333333334	6.10666666666667	4.54901960784313	21.2576470588235	26.9019607843137	27.0478431372549	29.1121568627451	24.6666666666667
"78"	"YC21:1078"	1	220	"DK78010"	"1"	1.72549019607843	0.941176470588243	1.29411764705882	3.77803921568627	4.37725490196078	5.49019607843137	22.4176470588235	26.3027450980392	26.1733333333333	28.883137254902	24.8627450980392
"79"	"YC21:1079"	1	15	"A674"	"1"	1.41176470588236	1.26745098039216	2.15686274509804	6.90196078431373	9.66627450980393	5.88235294117647	22.2352941176471	27.3937254901961	29.2607843137255	31.0196078431373	26.4705882352941
"80"	"YC21:1080"	1	238	"Os420"	"1"	1.1764705882353	1.45098039215687	3.44	7.72549019607843	10.2745098039216	6.43137254901961	24.1960784313726	29.835294117647	32.0282352941176	37.5294117647059	32.8235294117647
"81"	"YC21:1081"	1	4	"A641"	"1"	1.01960784313726	1.5686274509804	2.47058823529412	3.04784313725491	6.01137254901961	5.60784313725489	21.0196078431373	27.1694117647059	26.4764705882353	34.1745098039216	25.4901960784314
"82"	"YC21:1082"	1	177	"Ny821"	"1"	1.84313725490197	0.901960784313722	2	5.02588235294118	8.50980392156863	5.29411764705882	21.2156862745098	26	27.7254901960784	30.5490196078431	25.8964705882353
"83"	"YC21:1083"	1	199	"4226"	"1"	1.33333333333334	1.45098039215687	2.58823529411765	4.23529411764706	7.44	6.43254901960784	26.1176470588235	31.6078431372549	32.8294117647059	41.2156862745098	34.9992156862745
"84"	"YC21:1084"	1	54	"LH222"	"1"	1.45098039215687	1.21960784313725	2.91333333333333	6.32509803921569	10.0392156862745	6.03921568627451	23.9607843137255	29.0392156862745	28.3450980392157	33.6137254901961	23.8039215686275
"85"	"YC21:1085"	1	9	"T242"	"1"	1.5686274509804	1.45098039215687	3.14862745098039	4.27450980392157	8.38117647058824	5.56862745098039	23.2607843137255	28.6725490196078	29.8235294117647	28.7745098039216	24.0674509803922
"86"	"YC21:1086"	1	221	"DKIB014"	"1"	1.5686274509804	1.01960784313725	1.5686274509804	0.941176470588243	4.31686274509803	5.45098039215686	21.5858823529412	24.5882352941176	26.7058823529412	32	26.6666666666667
"87"	"YC21:1087"	1	172	"MS71"	"1"	1.5686274509804	1.18039215686274	1.76470588235295	1.60784313725491	1.92156862745098	5.25490196078431	20.3811764705882	25.56	25.4235294117647	31.5019607843137	26.8294117647059
"88"	"YC21:1088"	1	64	"790"	"1"	1.1764705882353	1.5686274509804	2.59960784313726	2.7843137254902	5.64705882352942	5.06901960784313	21.221568627451	23.921568627451	26.9694117647059	26.8133333333333	23.8603921568627
"89"	"YC21:1089"	1	217	"B115"	"1"	1.60784313725491	1.5686274509804	3.05882352941176	2.23529411764706	3.41176470588236	3.84313725490196	19.5988235294118	24.1458823529412	26.1960784313726	33.5294117647059	29.4901960784314
"90"	"YC21:1090"	1	197	"792"	"1"	1.76470588235295	0.819607843137251	1.49019607843137	2.94117647058824	3.45098039215686	2.52723311546841	18.5137254901961	22.5607843137255	25.2450980392157	31.8823529411765	26.7882352941176
"91"	"YC21:1091"	1	205	"A272"	"1"	1.71764705882353	1.17647058823529	2.03921568627451	3.41411764705883	4.4313725490196	4.50980392156862	19.823137254902	26.7925490196078	25.483137254902	31.8039215686275	27.6137254901961
"92"	"YC21:1092"	1	191	"W602S"	"1"	1.52941176470589	0.784313725490193	1.52941176470588	1.01960784313725	0.745098039215684	3.92745098039215	19.2156862745098	25.0980392156863	26.078431372549	28.7058823529412	25.1372549019608
"93"	"YC21:1093"	1	127	"MS153"	"1"	1.2156862745098	0.784313725490193	1.72549019607844	1.68627450980393	3.05882352941176	3.67529411764706	19.7647058823529	26.2352941176471	27.0125490196078	27.6921568627451	24.156862745098
"94"	"YC21:1094"	1	212	"A663"	"1"	1.17647058823529	1.1764705882353	2	4.21490196078432	7.33333333333333	5.26627450980391	20.6164705882353	28.9666666666667	27.678431372549	34.8235294117647	29.7313725490196
"95"	"YC21:1095"	1	138	"Q381"	"1"	1.76470588235295	0.849019607843144	1.33333333333334	4.58823529411765	6.70588235294117	5.56862745098039	23.0588235294118	27.6078431372549	28.7058823529412	30.2243137254902	26.1066666666667
"96"	"YC21:1096"	1	18	"CM105"	"1"	1.21960784313726	1.21568627450981	3.64705882352941	5.43960784313725	10.1823529411765	6.58823529411765	23.3564705882353	26.4894117647059	26.1960784313725	26.9694117647059	22.9803921568627
"97"	"YC21:1097"	1	169	"LH209"	"1"	1.05882352941177	1.68627450980393	2.36666666666667	4.10117647058823	8.70588235294118	5.92156862745098	24.4705882352941	30.5490196078431	31.8039215686275	33.4156862745098	28.9803921568627
"98"	"YC21:1098"	1	7	"OQ403"	"1"	1.5686274509804	0.862745098039224	1.45098039215687	1.9807843137255	6.82980392156862	6.27450980392157	23.4901960784314	28.6164705882353	28.4117647058824	29.4007843137255	24.3811764705882
"99"	"YC21:1099"	1	21	"IA2132"	"1"	1.5686274509804	1.1764705882353	1.64705882352942	3.94509803921569	7.49686274509803	5.52941176470588	21.8039215686275	27.6862745098039	28.3921568627451	29.8882352941176	25.078431372549
"100"	"YC21:1100"	1	112	"G80"	"1"	1.41176470588236	0.705882352941174	1.45098039215687	1.80039215686275	6.19607843137254	5.59490196078431	21.4509803921569	27.1372549019608	26.9470588235294	28.9411764705882	24.9862745098039
"101"	"YC21:1101"	1	46	"CH753-4"	"1"	1.5686274509804	1.05882352941176	2.3921568627451	3.13294117647059	4.19607843137255	6	23.4509803921569	27.361568627451	26.2803921568627	26.8627450980392	23.7254901960784
"102"	"YC21:1102"	1	108	"DK4676A"	"1"	1.49019607843138	0.980392156862742	1.76470588235295	3.29411764705883	8.62039215686274	6.86274509803921	24.1176470588235	27.0196078431373	26.9862745098039	28.3764705882353	24.1372549019608
"103"	"YC21:1103"	1	137	"PHK42"	"1"	1.5686274509804	0.986274509803917	1.39254901960785	4.11764705882354	9.13725490196078	5.88235294117647	22.6666666666667	27.7145098039216	28.1960784313725	29.6862745098039	24.9666666666667
"104"	"YC21:1104"	1	97	"3IJI1"	"1"	1.60784313725491	1.41176470588236	2.79764705882353	5.59686274509804	8.54901960784314	5.72549019607843	23.2549019607843	29.2941176470588	30.7117647058824	31.8039215686274	28.8686274509804
"105"	"YC21:1105"	1	222	"H42"	"1"	1.1764705882353	1.09803921568628	1.52941176470589	1.49019607843138	0.901960784313733	3.77882352941176	20.0058823529412	23.6466666666667	25.0117647058824	29.7705882352941	24.4705882352941
"106"	"YC21:1106"	1	243	"PHK76"	"1"	1.49019607843138	1.41176470588236	2.11294117647059	1.68627450980393	4.93019607843138	6.0392156862745	22.9019607843137	28.7450980392157	29.5870588235294	35.7764705882353	31.0313725490196
"107"	"YC21:1107"	1	58	"NK778"	"1"	1.53333333333333	1.25490196078432	2.12901960784314	4.44274509803922	9.41176470588235	6.19607843137255	22.078431372549	26.7341176470588	28.5156862745098	34.5380392156863	29.1372549019608
"108"	"YC21:1108"	1	33	"PHW20"	"1"	1.48235294117647	1.05882352941177	1.76470588235295	1.25490196078432	1.1686274509804	2.18509803921568	20.8082352941176	24.1176470588235	27.5294117647059	35.8078431372549	29.0588235294118
"109"	"YC21:1109"	1	187	"PHW30"	"1"	1.80392156862746	0.862745098039224	1.49019607843137	2.93019607843138	9.72549019607844	6.46274509803921	25.8882352941176	28.3282352941176	33.6470588235294	34.4960784313725	25.4509803921569
"110"	"YC21:1110"	1	251	"PH207"	"1"	1.36941176470588	1.41176470588236	1.96078431372549	4.42666666666667	8.38117647058824	5.90392156862744	23.6117647058824	28.5533333333333	29.2898039215686	29.858431372549	26.3921568627451
"111"	"YC21:1111"	1	124	"MEF156-55-2"	"1"	2.19607843137254	1.13725490196079	2	1.85450980392157	1.4007843137255	4.47058823529411	20.0674509803922	24.6556862745098	24.3196078431373	24.3058823529412	22.0901960784314
"112"	"YC21:1112"	1	77	"LP5"	"1"	1.37254901960784	1.5364705882353	4.56235294117646	9.17647058823529	9.96078431372549	6.23254901960784	24	29.7254901960784	30.9019607843137	34.156862745098	27.7647058823529
"113"	"YC21:1113"	1	72	"L 139"	"1"	1.29411764705882	1.57529411764706	2.74509803921568	7.47921568627451	9.34666666666667	6.54901960784314	25.2549019607843	29.4117647058824	32.9803921568627	34.1176470588235	28.2078431372549
"114"	"YC21:1114"	1	244	"PHR36"	"1"	1.45098039215686	0.965882352941184	1.72549019607843	3.33372549019608	4.40941176470589	5.99999999999999	24.3529411764706	29.4117647058824	31.0180392156863	36	29.1823529411765
"115"	"YC21:1115"	1	42	"A548"	"1"	1.56862745098039	0.784313725490204	1.52941176470588	8.23764705882353	10.1176470588235	6.27450980392156	23.6137254901961	30.3921568627451	31.5686274509804	33.6674509803922	28.5882352941176
"116"	"YC21:1116"	1	26	"PHG47"	"1"	1.64705882352941	1.21568627450981	2.91529411764706	5.43647058823529	3.49019607843137	4.07843137254902	21.1250980392157	24.6290196078432	27.2549019607843	38.4494117647059	29.9607843137255
"117"	"YC21:1117"	1	129	"MS224"	"1"	1.37254901960784	0.980392156862747	2.15686274509804	5.33333333333333	7.52941176470588	5.52156862745098	23.1764705882353	28.9803921568627	30.1992156862745	39.3333333333333	33.2549019607843
"118"	"YC21:1118"	1	28	"PHK74"	"1"	2.19607843137254	1.17647058823529	1.84313725490197	5.71764705882352	6.79254901960784	5.76470588235294	24.1176470588235	30	31.0980392156863	33.521568627451	28.2745098039216
"119"	"YC21:1119"	1	160	"DKFAPW"	"1"	1.2156862745098	1.09803921568628	2.50980392156863	7.49058823529412	11.2941176470588	6.86274509803921	24.8235294117647	31.5466666666667	32.2352941176471	32.7670588235294	27.9607843137255
"120"	"YC21:1120"	1	116	"LH145"	"1"	2.14901960784314	1.33333333333333	2.38745098039216	2.10666666666666	1.64705882352941	4.7964705882353	20.078431372549	24.2803921568627	26.1176470588235	28.9411764705882	24.4705882352941
"121"	"YC21:1121"	1	158	"CI 40H"	"1"	1.92156862745098	0.980392156862742	2.15686274509804	4.33098039215686	5.65098039215685	4.70588235294118	21.2713725490196	23.8133333333333	26.0254901960784	29.5352941176471	28.4176470588235
"122"	"YC21:1122"	1	174	"NC262"	"1"	1.88235294117648	1.33333333333333	2.35294117647059	2.19607843137255	1.56862745098039	3.01960784313726	17.678431372549	21.2156862745098	21.4509803921569	27.7647058823529	26.4313725490196
"123"	"YC21:1123"	1	13	"91IFC2"	"1"	1.68627450980393	1.17647058823529	2.03372549019608	7.64705882352942	9.33333333333333	5.96078431372549	24.0282352941176	24.7843137254902	26.9635294117647	28.9137254901961	24.3921568627451
"124"	"YC21:1124"	1	29	"PHN11"	"1"	1.49019607843138	1.2156862745098	2.11764705882353	3.60784313725491	4.86274509803921	5.18666666666667	20.6	23.123137254902	26.3725490196078	27.5686274509804	23.0870588235294
"125"	"YC21:1125"	1	135	"PHG29"	"1"	1.76470588235295	1.05882352941176	1.92156862745098	1.52941176470589	1.33764705882353	2.42039215686275	14.8294117647059	18.156862745098	20.7901960784314	27.4901960784314	23.6470588235294
"126"	"YC21:1126"	1	176	"NY 159 (Neveh Yaar)"	"1"	1.96078431372549	1.6078431372549	2.38117647058823	1.92156862745098	1.5686274509804	0.776470588235293	12.1176470588235	11.4509803921569	17.8321568627451	20.7843137254902	24.0843137254902
"127"	"YC21:1127"	1	203	"6F629"	"1"	1.72549019607843	1.76470588235293	1.84313725490195	1.72549019607843	1.37254901960785	0.972549019607842	15.2549019607843	16.1776470588235	20.8235294117647	26.078431372549	24.4313725490196
"128"	"YC21:1128"	1	69	"IBC2"	"1"	1.84313725490197	1.76470588235293	3.2156862745098	4.35294117647059	5.25490196078432	5.08705882352942	20.9019607843137	23.0509803921569	27.5576470588235	34.0596078431373	26.7341176470588
"129"	"YC21:1129"	1	100	"A649"	"1"	1.17647058823529	1.45098039215686	2.3921568627451	2.18509803921569	2.43137254901961	4.11764705882353	19.6376470588235	22.9301960784314	26.8627450980392	31.2941176470588	25.921568627451
"130"	"YC21:1130"	1	211	"A659"	"1"	2	1.45098039215686	2.35529411764706	3.44	4.9043137254902	4.90196078431373	19.4007843137255	23.9333333333333	25.8823529411765	32.6666666666667	27.1372549019608
"131"	"YC21:1131"	1	96	"1538"	"1"	1.76470588235293	1.46235294117646	2.59960784313726	4	5.15450980392158	5.07607843137255	19.843137254902	23.2156862745098	25.2549019607843	29.0196078431373	24.0392156862745
"132"	"YC21:1132"	1	226	"LH127"	"1"	1.52941176470588	1.84313725490197	2.7843137254902	3.8321568627451	4.57176470588235	3.49019607843137	20.6666666666667	23.5294117647059	25.7823529411765	28	25.1823529411765
"133"	"YC21:1133"	1	85	"PHKE6"	"1"	1.76470588235293	1.25490196078432	2.6164705882353	3.30078431372549	3.75058823529413	4.27450980392157	18.9019607843137	22.8627450980392	24.2352941176471	28.378431372549	23.3725490196078
"134"	"YC21:1134"	1	184	"PHN82"	"1"	1.76470588235293	1.3764705882353	1.95607843137255	2.15686274509803	1.25490196078432	3.1764705882353	19.8823529411765	24.6666666666667	24.456862745098	29.7929411764706	24.9470588235294
"135"	"YC21:1135"	1	90	"PHT69"	"1"	1.80392156862744	1.60784313725491	2.35294117647059	3.89372549019607	4.32627450980393	6.7843137254902	24.8125490196078	27.4901960784314	29.4509803921569	30.6556862745098	26.4596078431372
"136"	"YC21:1136"	1	254	"PH207"	"1"	1.93294117647059	1.45098039215687	2.19607843137255	6.98039215686274	8.10666666666667	6.11764705882353	22.4705882352941	28.3529411764706	30.0392156862745	30.7058823529412	26.2411764705882
"137"	"YC21:1137"	1	24	"NORTH 7"	"1"	1.84313725490197	1.21568627450981	1.92156862745098	2.32509803921568	1.92156862745098	2.90196078431372	18.5941176470588	20.3027450980392	24.0843137254902	27.8666666666667	22.4372549019608
"138"	"YC21:1138"	1	88	"PHP76"	"1"	1.92156862745097	1.36156862745099	1.8956862745098	3.41411764705883	4.15686274509804	4.62745098039216	20.0843137254902	24.3450980392157	27.3333333333333	29.3725490196078	25.2588235294118
"139"	"YC21:1139"	1	126	"MQ305"	"1"	1.72549019607844	1.6392156862745	2.26980392156863	4.11764705882353	3.80392156862745	5.05882352941177	20.0588235294118	21.3956862745098	24.6529411764706	24.6	21.0980392156863
"140"	"YC21:1140"	1	171	"MS1334"	"1"	1.84313725490197	2.03921568627451	3.13725490196078	2.62745098039216	1.72549019607843	0.705882352941174	11.0745098039216	14.2803921568627	19.843137254902	22.7843137254902	20.2470588235294
"141"	"YC21:1141"	1	130	"N192"	"1"	1.60784313725491	1.52941176470589	3.37254901960784	4.62745098039216	7.29843137254902	5.52941176470588	20.2243137254902	24.1176470588235	25.5576470588235	27.4509803921569	23.7254901960784
"142"	"YC21:1142"	1	147	"A258"	"1"	1.76470588235295	1.01960784313726	2.11764705882352	2.86274509803922	3.80392156862745	4.70588235294118	19.8882352941177	23.5576470588235	23.7705882352941	28.1960784313725	24.6274509803922
"143"	"YC21:1143"	1	3	"A572"	"1"	1.96078431372549	1.33333333333334	2.4313725490196	4.30901960784314	2.15686274509804	5.33333333333333	22.5098039215686	28.3921568627451	28.3196078431373	31.921568627451	25.2862745098039
"144"	"YC21:1144"	1	78	"MS225"	"1"	1.84313725490197	1.33333333333334	3.01960784313725	5.55764705882353	9.52941176470588	6.11764705882353	24.5803921568628	29.4823529411765	30.3313725490196	32.6725490196078	28.1235294117647
"145"	"YC21:1145"	1	200	"78010"	"1"	2.11764705882353	1.17647058823529	1.96078431372549	3.29411764705882	3.80392156862745	5.05882352941177	20.8235294117647	25.9470588235294	26.0450980392157	27.843137254902	23.2549019607843
"146"	"YC21:1146"	1	128	"MS200"	"1"	1.6078431372549	0.980392156862742	1.65921568627451	2.58823529411764	5.39215686274509	5.52941176470588	21.0313725490196	24.5098039215686	24.7450980392157	25.6674509803922	22.3980392156863
"147"	"YC21:1147"	1	142	"CH9"	"1"	1.92156862745098	0.901960784313722	1.76470588235294	3.49019607843137	2.47058823529411	5.17647058823529	20.8156862745098	27.1372549019608	27.2156862745098	31.4627450980392	29.0980392156863
"148"	"YC21:1148"	1	242	"PHG86"	"1"	1.29411764705882	1.21960784313724	1.88235294117647	1.29411764705882	0.941176470588232	0.627450980392155	17.4509803921569	19.5745098039216	22.5772549019608	29.118431372549	24.9862745098039
"149"	"YC21:1149"	1	102	"A682"	"1"	1.68627450980392	2.07843137254901	3.33333333333333	7.40392156862745	8.86274509803921	5.76470588235294	23.5686274509804	29.3725490196078	28.3588235294118	29.4792156862745	24.7843137254902
"150"	"YC21:1150"	1	99	"A427"	"1"	1.99999999999999	1.25490196078431	2.11764705882353	5.63529411764705	8.66666666666666	5.92156862745098	22.4705882352941	27.1372549019608	28.0282352941176	31.0478431372549	25.5745098039216
"151"	"YC21:1151"	1	202	"2MA22"	"1"	1.92156862745098	1.56862745098039	1.96078431372549	2.11764705882353	3.08156862745097	4.82352941176471	21.8039215686275	24.9545098039216	25.1235294117647	28.9529411764706	25.5074509803922
"152"	"YC21:1152"	1	51	"LH149"	"1"	1.92156862745098	1.52941176470588	3.25490196078432	8.81254901960785	11.3333333333333	7.18235294117647	23.0980392156863	26.8803921568627	26.3980392156863	28.3921568627451	24.0058823529412
"153"	"YC21:1153"	1	214	"B-28"	"1"	2.23529411764706	1.49019607843137	2.86274509803922	6.58823529411765	9.33333333333333	6.07843137254902	22.4988235294118	27.44	28.9803921568627	32.9301960784314	27.4960784313725
"154"	"YC21:1154"	1	239	"Pa392"	"1"	1.80392156862746	1.33333333333333	2.70588235294118	4.77333333333333	6.05058823529412	5.09803921568628	21.4901960784314	25.8039215686275	27.7254901960784	34.221568627451	29.2807843137255
"155"	"YC21:1155"	1	38	"912"	"1"	1.88235294117648	1.33333333333333	2.19607843137254	2.47058823529412	2.45960784313725	4.24078431372549	17.361568627451	21.5858823529412	21.3372549019608	28.9803921568627	20.5549019607843
"156"	"YC21:1156"	1	144	"W614S"	"1"	1.68627450980393	1.01960784313726	1.76470588235293	1.73019607843138	0.980392156862743	2.90196078431373	18.7254901960784	22.6	24.5490196078431	26.5270588235294	22.0058823529412
"157"	"YC21:1157"	1	167	"LH165"	"1"	1.84313725490197	1.45098039215687	2.27450980392157	1.8678431372549	1.33333333333333	5.6078431372549	18.6666666666667	21.6325490196078	23.4580392156863	26.5078431372549	22.1803921568627
"158"	"YC21:1158"	1	32	"PHVA9"	"1"	1.5686274509804	1.01960784313726	1.41176470588235	4.91921568627451	6.3921568627451	6.15686274509804	22.5380392156863	26.1482352941176	29.2607843137255	32.1745098039216	26.7509803921569
"159"	"YC21:1159"	1	91	"PHV57"	"1"	1.80392156862744	1.21568627450981	1.74156862745098	3.12862745098039	5.01960784313726	5.33333333333334	21.8882352941176	25.3003921568627	27.9607843137255	30.6274509803922	24.7843137254902
"160"	"YC21:1160"	1	173	"N193"	"1"	1.49019607843137	0.941176470588243	2.03921568627451	6	6.58823529411765	5.68627450980392	21.921568627451	25.8823529411765	28.116862745098	30.8517647058824	24.941568627451
"161"	"YC21:1161"	1	61	"W153R"	"1"	1.64705882352941	1.26627450980393	2.47058823529412	2	1.29411764705883	1.37254901960784	17.9545098039216	20.9411764705882	24.0007843137255	28.8294117647059	22.5780392156863
"162"	"YC21:1162"	1	259	"B73"	"1"	1.05882352941176	1.52941176470589	2.11764705882353	3.6078431372549	3.33568627450981	4.19098039215686	21.3223529411765	21.7572549019608	25.7886274509804	28.2411764705882	24.6666666666667
"163"	"YC21:1163"	1	175	"NQ508"	"1"	2.07843137254902	1.41176470588236	2.43137254901961	2.63882352941176	1.68627450980393	5.41176470588236	22.6164705882353	27.3450980392157	28.5156862745098	31.4117647058824	26.2352941176471
"164"	"YC21:1164"	1	44	"A679"	"1"	1.68627450980392	1.17647058823529	1.45098039215686	1.17647058823529	0.784313725490193	2.31372549019608	19.0196078431373	23.518431372549	24.5490196078431	29.3023529411765	24.5490196078431
"165"	"YC21:1165"	1	133	"OQ603"	"1"	1.2156862745098	0.784313725490193	1.29411764705882	5.45098039215686	6.74509803921568	5.84313725490196	22.4827450980392	25.7145098039216	28.8627450980392	30.7254901960784	26.0588235294118
"166"	"YC21:1166"	1	104	"B85"	"1"	1.1764705882353	1.09803921568627	2.11764705882352	1.33333333333334	1.13725490196078	3.42078431372549	20.4313725490196	21.7458823529412	23.2941176470588	29.42	26.7450980392157
"167"	"YC21:1167"	1	103	"A73"	"1"	1.52941176470589	0.823529411764703	2.03647058823529	4.19607843137255	4.11764705882352	4.27450980392157	17.3505882352941	20.4419607843137	22.1780392156863	26.0823529411765	21.8239215686275
"168"	"YC21:1168"	1	235	"N6"	"1"	1.68274509803922	1.04549019607843	1.6078431372549	1.41176470588236	0.666666666666664	2.90196078431373	14.4705882352941	17.9607843137255	20.2352941176471	25.7960784313725	23.1176470588235
"169"	"YC21:1169"	1	65	"A208"	"1"	1.64705882352942	1.17647058823529	2.3921568627451	3.6078431372549	4.66039215686274	4.30588235294118	18.1862745098039	21.843137254902	24.5882352941176	28.5490196078431	25.0980392156863
"170"	"YC21:1170"	1	208	"A632"	"1"	1.5686274509804	0.980392156862742	2.03921568627451	2.02823529411764	1.76470588235294	4.11764705882353	18.4313725490196	23.1372549019608	26.978431372549	29.9780392156863	24.6666666666667
"171"	"YC21:1171"	1	79	"N197"	"1"	2.19607843137255	1.17647058823529	1.84901960784314	2.19607843137254	1.37254901960784	3.52941176470589	17.9498039215686	23.0588235294118	23.7254901960784	29.3247058823529	24.9803921568628
"172"	"YC21:1172"	1	157	"C123"	"1"	1.17647058823529	0.784313725490193	1.60784313725491	1.09803921568627	0.901960784313722	1.52941176470589	15.3788235294118	19.6078431372549	20.6164705882353	24.7450980392157	21.4117647058824
"173"	"YC21:1173"	1	141	"WR3"	"1"	1.64705882352941	1.45098039215686	2.50509803921569	6.94117647058823	4.60156862745098	3.33333333333334	13.0588235294118	15.9388235294118	24.5564705882353	23.8549019607843	23.378431372549
"174"	"YC21:1174"	1	66	"CR 22 INBRED"	"1"	1.25490196078431	1.05882352941176	1.45098039215687	5.64705882352941	8.76117647058823	5.79411764705883	21.7929411764706	27.8447058823529	30.2921568627451	36.1352941176471	28.2933333333333
"175"	"YC21:1175"	1	159	"DK3IIH6"	"1"	1.52941176470588	0.980392156862743	1.60784313725491	7.39450980392156	9.2156862745098	5.68627450980392	19.6470588235294	25.3505882352941	25.9466666666667	34.9411764705882	29.7372549019608
"176"	"YC21:1176"	1	154	"B91"	"1"	1.2156862745098	0.87254901960784	1.96078431372549	4.30588235294116	5.93176470588235	5.33333333333334	21.7254901960784	26.2745098039216	28.8294117647059	34.7058823529412	30.4705882352941
"177"	"YC21:1177"	1	56	"MS72"	"1"	1.25490196078431	1.25490196078431	2.07843137254902	4.78431372549019	9.01960784313725	6.54784313725491	25.2352941176471	28.8235294117647	30.6470588235294	32.4372549019608	26.5098039215686
"178"	"YC21:1178"	1	164	"INBRED 2-687"	"1"	1.25490196078431	1.13725490196079	1.72549019607843	2.66666666666667	3.41176470588236	4.84549019607843	22.0647058823529	26.2478431372549	26.7254901960784	33.4960784313725	28.3980392156863
"179"	"YC21:1179"	1	74	"LH295"	"1"	1.02588235294117	1.40705882352942	1.68627450980392	4.15686274509804	8.63686274509804	6.15686274509803	23.5686274509804	27.223137254902	27.4901960784314	32.5882352941176	26.5549019607843
"180"	"YC21:1180"	1	109	"DK78002A"	"1"	1.52941176470588	0.784313725490204	1.56862745098039	1.9235294117647	7.41176470588236	6.11764705882352	23.4039215686274	28.3027450980392	29.2941176470588	33.0478431372549	28.921568627451
"181"	"YC21:1181"	1	94	"ZS635"	"1"	1.56862745098039	0.941176470588243	2.50980392156862	3.17647058823529	6.19607843137255	5.80392156862744	23.5294117647059	28.4901960784314	30.6333333333333	33.6921568627451	60.2823529411765
"182"	"YC21:1182"	1	229	"Mo17"	"1"	1.17647058823529	0.784313725490204	1.5686274509804	2	2.31372549019609	5.56549019607843	22.9019607843137	34.4862745098039	30.3196078431373	36.4705882352941	29.5352941176471
"183"	"YC21:1183"	1	240	"PHB09"	"1"	1.64705882352941	1.1764705882353	1.96078431372549	3.91058823529412	9.21568627450981	6.19098039215686	23.6752941176471	28.3701960784314	29.843137254902	31.7647058823529	27.7823529411765
"184"	"YC21:1184"	1	1	"A322"	"1"	1.17647058823529	1.14117647058825	2.58823529411765	7.80392156862745	10.3529411764706	6.8235294117647	25.2019607843137	28.8627450980392	28.4913725490196	30.3529411764706	26.1176470588235
"185"	"YC21:1185"	1	246	"R181B"	"1"	1.5686274509804	1.25490196078432	2.66666666666667	4.5364705882353	7.45098039215687	6.54901960784314	25.8823529411765	31.9607843137255	34.3313725490196	33.5686274509804	29.378431372549
"186"	"YC21:1186"	1	249	"Va52"	"1"	1.52941176470589	0.915294117647052	1.76470588235295	4.18509803921569	9.71450980392157	6	22.9019607843137	29.1823529411765	29.3333333333333	33.6078431372549	28.7058823529412
"187"	"YC21:1187"	1	186	"PHW17"	"1"	1.1764705882353	0.915294117647052	2.07843137254902	3.01960784313726	4.92470588235293	6.35294117647059	23.843137254902	28.5098039215686	29.0478431372549	31.9862745098039	28.9137254901961
"188"	"YC21:1188"	1	179	"PHB47"	"1"	1.21568627450981	1.09803921568627	1.60784313725491	7.49019607843138	11.8823529411765	6.98039215686274	26.4705882352941	31.5686274509804	32.9078431372549	34.5098039215686	30.3137254901961
"189"	"YC21:1189"	1	23	"LH146Ht"	"1"	1.68627450980393	1.05882352941176	2.21882352941177	5.26039215686275	11.4509803921569	7.72549019607843	28.078431372549	33.4901960784314	33.1823529411765	33.8294117647059	29.6470588235294
"190"	"YC21:1190"	1	216	"B114"	"1"	1.21568627450981	1.05882352941176	1.68627450980393	1.21568627450981	1.2156862745098	3.99999999999999	21.2439215686275	31.756862745098	28.5098039215686	31.9666666666667	27.2941176470588
"191"	"YC21:1191"	1	224	"ICI 893"	"1"	1.53843137254903	0.784313725490193	1.37254901960785	2.88549019607843	4.77098039215686	4.83686274509803	18.7733333333333	23.2941176470588	24.1803921568627	28.9862745098039	24.8235294117647
"192"	"YC21:1192"	1	223	"ICI 740"	"1"	0.941176470588243	0.941176470588243	2	2.81568627450981	6.37843137254902	5.72549019607843	23.2156862745098	27.523137254902	28.2019607843137	31.9666666666667	27.8039215686275
"193"	"YC21:1193"	1	14	"A305"	"1"	1.41176470588236	1.05882352941177	1.88235294117648	2.86274509803922	5.59647058823529	5.56862745098039	23.6078431372549	28.5882352941176	29.6137254901961	29.9607843137255	26.5274509803922
"194"	"YC21:1194"	1	52	"LH166"	"1"	1.88235294117648	0.823529411764703	1.52941176470589	3.16	6.04078431372548	6.06745098039216	22.2745098039216	27.4007843137255	26.4705882352941	28.4313725490196	24.2411764705882
"195"	"YC21:1195"	1	106	"CH157"	"1"	1.1764705882353	1.1764705882353	2.58823529411765	7.39450980392157	10.2745098039216	6.90196078431372	25.3333333333333	29.2549019607843	29.8823529411765	30.6725490196078	26.5490196078431
"196"	"YC21:1196"	1	36	"W182E"	"1"	1.52941176470589	1.09803921568628	1.76470588235295	1.5686274509804	4.58823529411764	4.11764705882353	21.6862745098039	26.7580392156863	27.6862745098039	28.7647058823529	25.4901960784314
"197"	"YC21:1197"	1	80	"OS602"	"1"	1.1764705882353	0.980392156862753	1.5243137254902	3.80392156862745	8.27450980392156	6.21490196078431	24.5882352941176	28.8235294117647	30	33.8996078431373	27.4960784313725
"198"	"YC21:1198"	1	237	"OH33"	"1"	1.5686274509804	1.01960784313726	1.88235294117648	1.68627450980393	5.24745098039216	6.66666666666667	25.8823529411765	31.0627450980392	32.7843137254902	35.5803921568627	31.1039215686274
"199"	"YC21:1199"	1	30	"PHTM9"	"1"	1.33333333333333	1.28117647058824	1.68627450980393	3.45098039215687	9.79450980392157	6.94117647058823	25.4901960784314	30.8235294117647	31.9607843137255	31.843137254902	27.3392156862745
"200"	"YC21:1200"	1	49	"IBB15"	"1"	1.5686274509804	1.60784313725491	2.50980392156863	3.80392156862745	6.66666666666667	6.11764705882353	24.6949019607843	29.2156862745098	29.7647058823529	30.9411764705882	27.0980392156863
"201"	"YC21:1201"	1	146	"4F-306 108"	"1"	1.13725490196078	1.1764705882353	2.00392156862745	1.56862745098039	1.65843137254903	3.5035294117647	18.9803921568627	23.8905882352941	23.283137254902	27.221568627451	21.8823529411765
"202"	"YC21:1202"	1	178	"Pa405"	"1"	1.56862745098039	0.784313725490204	1.64705882352941	1.57411764705882	7.37254901960785	5.56862745098038	21.4117647058824	25.3509803921569	25.3003921568627	28.0392156862745	24.8411764705882
"203"	"YC21:1203"	1	25	"Oh43"	"1"	1.17647058823529	1.09803921568628	1.96078431372549	5.59725490196078	8.12705882352941	6.23529411764705	23.921568627451	28.7058823529412	31.1372549019608	32.2745098039216	27.4117647058823
"204"	"YC21:1204"	1	86	"PHP02"	"1"	1.17647058823529	1.45098039215687	2.31764705882352	7.37254901960785	10.1176470588235	6.42039215686274	24.8235294117647	28.7058823529412	31.1490196078431	33.7254901960784	28.3529411764706
"205"	"YC21:1205"	1	105	"B87"	"1"	1.56862745098039	0.784313725490193	1.21098039215686	3.72549019607843	9.24705882352941	6.7843137254902	26.5490196078431	32.1882352941177	33.9607843137255	35.156862745098	30.9019607843137
"206"	"YC21:1206"	1	136	"PHG50"	"1"	1.41176470588235	1.2156862745098	1.76470588235293	4.01294117647058	8.66666666666667	5.99999999999999	23.9607843137255	32.7733333333333	31.2549019607843	38.7843137254902	29.2941176470588
"207"	"YC21:1207"	1	180	"PHBA6"	"1"	1.84313725490195	1.2156862745098	2.11764705882352	6.04	10.641568627451	7.49019607843138	28.5490196078431	33.8501960784314	35.921568627451	39.456862745098	34.9078431372549
"208"	"YC21:1208"	1	117	"LH184"	"1"	1.2156862745098	1.29411764705882	2.19607843137255	5.29333333333333	7.13058823529412	5.96078431372549	26.9666666666667	31.6470588235294	33.0588235294118	35.4901960784314	30.5882352941176
"209"	"YC21:1209"	1	68	"FBLA"	"1"	1.33333333333334	1.01960784313725	1.52470588235295	3.56470588235293	6.93019607843137	6.23529411764706	25.0588235294118	30.3450980392157	30.3529411764706	33.1039215686274	27.6862745098039
"210"	"YC21:1210"	1	228	"LH93"	"1"	1.45098039215686	0.901960784313722	1.60784313725491	3.25490196078431	4.95490196078431	6.07843137254903	23.5686274509804	28.078431372549	29.843137254902	35.0980392156863	29.6921568627451
"211"	"YC21:1211"	1	201	"2FADB"	"1"	1.29411764705883	1.17647058823529	2.01137254901961	7.92156862745097	11.2156862745098	6.82352941176472	25.2196078431373	29.456862745098	31.3333333333333	33.5686274509804	29.0980392156863
"212"	"YC21:1212"	1	67	"EAST 028"	"1"	1.76470588235295	1.76470588235294	3.22705882352941	7.01960784313726	9.2156862745098	6.82352941176472	24.6556862745098	29.2078431372549	29.1760784313725	29.7647058823529	25.8882352941176
"213"	"YC21:1213"	1	247	"SD107"	"1"	1.53333333333334	0.901960784313722	1.70156862745097	1.49019607843138	2.22039215686274	6.27450980392157	23.9498039215686	29.4117647058823	30.3529411764706	31.7647058823529	25.9733333333333
"214"	"YC21:1214"	1	185	"PHR63"	"1"	2	1.13725490196078	2.70588235294117	7.42313725490196	9.25490196078431	6.23529411764706	23.7647058823529	29.1262745098039	29.9666666666667	35.6862745098039	29.2941176470588
"215"	"YC21:1215"	1	92	"PHW03"	"1"	1.33333333333333	1.17647058823529	2.15686274509803	3.50745098039216	5.25490196078431	5.96078431372549	23.2156862745098	28.1176470588235	30	33.3588235294118	29.7764705882353
"216"	"YC21:1216"	1	152	"B103"	"1"	1.68627450980392	1.45098039215686	2.98039215686274	7.37254901960785	10.7450980392157	6.27450980392157	22.9890196078431	29.8380392156863	32.2023529411765	34.4243137254902	30.9411764705882
"217"	"YC21:1217"	1	257	"B73"	"1"	1.92156862745098	1.17647058823529	2.07843137254902	1.80392156862745	2.13019607843137	3.88235294117648	20.1039215686274	23.1764705882353	25.4509803921569	27.5686274509804	27.6137254901961
"218"	"YC21:1218"	1	210	"A648"	"1"	1.6078431372549	1.25490196078432	1.80392156862746	1.96078431372549	1.01960784313726	2.82352941176471	17.341568627451	22.3407843137255	23.8882352941176	31.221568627451	26.8823529411765
"219"	"YC21:1219"	1	5	"MS116"	"1"	1.76470588235293	1.41176470588236	2.19607843137255	3.05882352941176	3.76470588235295	4.19607843137255	20.0392156862745	24.9019607843137	28.8294117647059	32.2254901960784	28.8517647058824
"220"	"YC21:1220"	1	194	"W612S"	"1"	1.52941176470588	1.33333333333334	2.27450980392157	2.07843137254901	0.980392156862753	3.04039215686275	19.4176470588235	26.4705882352941	25.8882352941176	30.9694117647059	24.6921568627451
"221"	"YC21:1221"	1	60	"PHG71"	"1"	1.96078431372549	1.21568627450981	2.70588235294118	7.06274509803921	8.27450980392157	5.9835294117647	23.5294117647059	27.7145098039216	29.921568627451	33.6752941176471	27.843137254902
"222"	"YC21:1222"	1	233	"MS226"	"1"	2.6035294117647	1.45098039215686	2.35294117647058	2.03921568627451	2.45411764705882	4.54901960784314	22.6725490196078	28.3529411764706	26.6725490196078	32.4988235294118	26.7058823529412
"223"	"YC21:1223"	1	6	"ND265"	"1"	2.11764705882353	1.80392156862746	3.51294117647058	7.77607843137255	10.8235294117647	6.54901960784314	24.9411764705882	31.2549019607843	33.1960784313725	34.8627450980392	31.5490196078431
"224"	"YC21:1224"	1	207	"A627"	"1"	2.15686274509804	1.80392156862746	3.2156862745098	2.35294117647059	1.80392156862745	5.43529411764705	22.2352941176471	28	26.6921568627451	31.8686274509804	25.6274509803922
"225"	"YC21:1225"	1	89	"PHR30"	"1"	1.68627450980393	1.64705882352941	3.28941176470588	7.72549019607843	9.13725490196078	6.66666666666667	25.1654901960784	29.4117647058824	31.6137254901961	35.3843137254902	31.1764705882353
"226"	"YC21:1226"	1	34	"PHW86"	"1"	1.60784313725491	1.6078431372549	2.47058823529412	7.72549019607844	10.0705882352941	6.62745098039216	24.1066666666667	28.0392156862745	28.9470588235294	31.1960784313725	25.9666666666667
"227"	"YC21:1227"	1	215	"B107"	"1"	1.64705882352942	1.33333333333333	1.5686274509804	2.27450980392157	4.19607843137254	5.49019607843138	22.2745098039216	27.9607843137255	28.9341176470588	34.5156862745098	28.6666666666667
"228"	"YC21:1228"	1	193	"W605S"	"1"	1.76470588235294	1.38392156862744	3.13725490196079	7.92039215686275	8.95450980392156	6.23529411764706	24.2352941176471	30.0843137254902	30.7117647058823	36.2745098039216	30.2411764705882
"229"	"YC21:1229"	1	119	"CR1HT"	"1"	1.45098039215686	1.17647058823529	1.92156862745098	5.41176470588236	6.70470588235296	6.35294117647059	22.2352941176471	24.3811764705882	28.8549019607843	29.6470588235294	24.9192156862745
"230"	"YC21:1230"	1	189	"SD101"	"1"	1.49019607843137	1.13725490196078	1.88235294117648	2.35294117647059	4.23529411764705	4.74509803921568	18.3027450980392	23.8882352941176	24.2352941176471	29.5686274509804	23.8490196078431
"231"	"YC21:1231"	1	253	"PH207"	"1"	1.29411764705882	1.6078431372549	2.58823529411765	8.82352941176471	10.9694117647059	6.90196078431372	25.1764705882353	30.3137254901961	31.4509803921569	32.9803921568627	28.1850980392157
"232"	"YC21:1232"	1	101	"A672"	"1"	1.92156862745097	1.25490196078431	2.66156862745098	7.18980392156862	10.6250980392157	6.7843137254902	25.1823529411765	29.4007843137255	29.8882352941176	32.143137254902	26.3254901960784
"233"	"YC21:1233"	1	204	"A239"	"1"	1.84705882352941	1.33333333333333	1.85647058823529	4.03921568627451	6.31372549019607	5.93607843137255	23.3	27.6039215686274	28.2745098039216	33.7647058823529	29.0254901960784
"234"	"YC21:1234"	1	248	"SD40"	"1"	2.31372549019608	1.17647058823529	2.15686274509804	2.4313725490196	3.57490196078432	5.54666666666666	23.1372549019608	29.8823529411765	30.4643137254902	34.2917647058824	28.2803921568627
"235"	"YC21:1235"	1	149	"A680"	"1"	1.72549019607844	1.33333333333333	2.58823529411764	4.94117647058823	7.88235294117648	6.30470588235294	25.7254901960784	31.6533333333333	33.1098039215686	38.2803921568627	34.0058823529412
"236"	"YC21:1236"	1	120	"LH223"	"1"	1.80392156862746	1.69960784313726	3.68627450980392	6.85490196078432	6.94117647058824	6.58823529411764	23.8823529411765	30.156862745098	28.1176470588235	30.4313725490196	25.5803921568627
"237"	"YC21:1237"	1	162	"Eng-Li Chih"	"1"	1.25490196078432	1.69019607843138	3.38392156862744	6.58823529411764	9.37254901960784	6.50980392156863	25.8823529411765	31.7764705882353	33.4117647058824	36.156862745098	30.3529411764706
"238"	"YC21:1238"	1	41	"A340"	"1"	1.79607843137255	1.45098039215687	2.78431372549019	7.72549019607844	10.4313725490196	6.74509803921569	26.2156862745098	31.5686274509804	33.7647058823529	41.0588235294118	34.7450980392157
"239"	"YC21:1239"	1	250	"Va99"	"1"	1.76470588235295	1.4643137254902	2.54117647058823	7.92156862745099	8.7843137254902	6.66666666666667	25.443137254902	38.9850980392157	32.078431372549	37.2941176470588	32.3137254901961
"240"	"YC21:1240"	1	47	"CS405"	"1"	2.94117647058824	1.37176470588234	3.01607843137254	9.60784313725491	11.2941176470588	7.2156862745098	25.8039215686275	31.8537254901961	34.8352941176471	35.0027450980392	29.9
"241"	"YC21:1241"	1	188	"PHW80"	"1"	2.7843137254902	1.25019607843138	2.03921568627451	5.10941176470588	8.82352941176471	5.72549019607843	20.8627450980392	25.5352941176471	29.0196078431373	33.3223529411765	27.5686274509804
"242"	"YC21:1242"	1	196	"DJ7"	"1"	1.76470588235295	1.1764705882353	1.84313725490197	2.69490196078432	4.77882352941177	4.98039215686274	22.9192156862745	26.3807843137255	27.2219607843137	29.4372549019608	27.0196078431373
"243"	"YC21:1243"	1	107	"CR14"	"1"	1.64705882352942	1.29411764705883	2.12901960784314	4.70588235294118	6.51254901960784	5.92156862745098	23.8823529411765	27.036862745098	29.9862745098039	29.3517647058824	25.5941176470588
"244"	"YC21:1244"	1	113	"H99"	"1"	1.80392156862746	1.33333333333334	3.29333333333334	6.62156862745099	9.93490196078431	6.37372549019607	22.5549019607843	26.078431372549	27.0254901960784	29.2439215686274	23.9078431372549
"245"	"YC21:1245"	1	143	"LH119"	"1"	1.4321568627451	1.5686274509804	3.09803921568628	10.1960784313726	10.1176470588235	6.43137254901961	22.8125490196078	29.456862745098	30.9862745098039	32.3890196078431	27.7450980392157
"246"	"YC21:1246"	1	125	"ML606"	"1"	1.84313725490197	1.09803921568628	2.25254901960785	5.41176470588236	7.63607843137255	6.15686274509804	24.1349019607843	29.6470588235294	31.7254901960784	32.9019607843137	28.0843137254902
"247"	"YC21:1247"	1	2	"A385"	"1"	1.96078431372549	1.53333333333333	4.11764705882354	8.58823529411765	10.6274509803922	7.25490196078431	27.2862745098039	32.8549019607843	33.7929411764706	33.921568627451	27.4176470588235
"248"	"YC21:1248"	1	260	"B73"	"1"	1.68627450980393	0.862745098039213	1.37254901960784	2.21450980392157	5.64705882352942	6	23.1764705882353	27.7533333333333	28.156862745098	30.443137254902	26.5882352941176
"249"	"YC21:1249"	1	166	"LH143 (Maintainer)"	"1"	1.5686274509804	1.17647058823529	3.65843137254901	7.28627450980391	9.35686274509805	6.86274509803921	26.1380392156863	30.4988235294118	30.1960784313725	30.9803921568627	26.056862745098
"250"	"YC21:1250"	1	83	"PHJ89"	"1"	1.60784313725491	1.51725490196078	2.96941176470588	9.01176470588235	11.2156862745098	6.62745098039216	24.2745098039216	29.4117647058824	30.4596078431373	33.2607843137255	29.2156862745098
"251"	"YC21:1251"	1	50	"L 127"	"1"	1.52941176470588	1.56862745098039	2.3921568627451	6.35294117647058	8.35294117647059	6.47058823529412	24.3450980392157	28.7341176470588	28.6666666666667	31.0450980392157	25.1627450980392
"252"	"YC21:1252"	1	37	"793"	"1"	1.49019607843137	0.784313725490193	1.49019607843138	4.99176470588235	6.36235294117647	5.60980392156863	22.2352941176471	26.8407843137255	27.2549019607843	28.678431372549	24.9019607843137
"253"	"YC21:1253"	1	181	"PHHV4"	"1"	1.92156862745097	1.49019607843137	2.11764705882353	3.32	6.98039215686274	5.47294117647059	22.156862745098	25.4960784313725	27.2082352941176	29.8882352941176	28.1352941176471
"254"	"YC21:1254"	1	236	"NC310"	"1"	1.37254901960784	0.941176470588232	1.80392156862745	8.19607843137255	9.84313725490196	5.92156862745098	22.3921568627451	27.3721568627451	27.8882352941176	32.5882352941177	38.2745098039216
"255"	"YC21:1255"	1	81	"PHG72"	"1"	1.94039215686274	1.56862745098039	2.19607843137255	3.53490196078431	4.92274509803921	5.45098039215687	20.6274509803922	24.7843137254902	25.6921568627451	28.9019607843137	23.8882352941176
"256"	"YC21:1256"	1	155	"BEI 10 = NORTH 10"	"1"	1.33333333333333	1.17647058823529	1.76470588235295	2.28588235294118	7.09803921568627	5.13725490196079	17.8823529411765	22.803137254902	23.5686274509804	29.6078431372549	25.1039215686275
"257"	"YC21:1257"	1	59	"NK807"	"1"	2.23921568627451	1.45098039215686	2.23529411764706	5.26745098039216	6.68666666666667	5.56862745098039	21.8823529411765	26.8274509803922	24.9274509803922	28.2745098039216	22.9411764705882
"258"	"YC21:1258"	1	258	"B73"	"1"	1.33333333333333	1.37254901960784	1.52941176470589	2.98039215686275	5.72549019607843	5.01254901960784	20.3639215686275	27.1960784313725	26.0450980392157	26.6176470588235	23.1764705882353
"259"	"YC21:1259"	1	31	"PHV37"	"1"	1.80392156862746	1.45098039215686	2.98352941176471	6.62745098039216	9.05882352941176	5.49019607843137	19.4117647058824	24.6164705882353	26.843137254902	31.9145098039216	28.9137254901961
"260"	"YC21:1260"	1	82	"PHH93"	"1"	1.48156862745097	1.10196078431372	1.49019607843137	1.21568627450981	0.901960784313722	2.50980392156863	17.8823529411765	23.921568627451	23.9372549019608	29.6862745098039	24.2803921568628
"261"	"YC21:1261"	2	299	"B119"	"1"	2.03137254901961	0.722745098039211	1.45098039215686	2.03921568627452	2.34980392156862	4.86274509803922	22.3529411764706	26.0674509803922	27.1262745098039	30.8823529411765	27.9019607843137
"262"	"YC21:1262"	2	296	"A797NW"	"1"	1.52941176470589	1.29411764705882	1.88235294117647	4.31372549019609	6.82352941176471	5.92156862745098	23.1372549019608	28.2411764705882	28.7843137254902	35.3333333333333	30.1960784313725
"263"	"YC21:1263"	2	317	"H71"	"1"	1.72549019607844	1.21568627450981	2.07843137254902	2.94117647058823	4.54274509803922	5.11882352941176	21.1764705882353	27.7929411764706	27.843137254902	35.2941176470588	30.1627450980392
"264"	"YC21:1264"	2	474	"B104"	"1"	1.49019607843138	1.61921568627451	2.11764705882353	2.68705882352941	4.67803921568628	5.25490196078432	21.0196078431373	26.3921568627451	26.9921568627451	33.0196078431373	28.2803921568627
"265"	"YC21:1265"	2	430	"N217"	"1"	2.15686274509804	1.2078431372549	2.19607843137255	1.84313725490196	8.54901960784314	5.84313725490196	24.5772549019608	29.8321568627451	31.2549019607843	35.2721568627451	29.3333333333333
"266"	"YC21:1266"	2	295	"A321"	"1"	1.52941176470588	1.33333333333334	2.11764705882353	1.76470588235294	2.80470588235294	3.16862745098039	20.4705882352941	27.376862745098	25.8666666666667	31.6137254901961	26.6666666666667
"267"	"YC21:1267"	2	402	"B46"	"1"	2.19607843137254	1.29411764705883	1.64705882352941	1.56862745098039	2.25607843137254	4.23529411764706	21.4901960784314	22.3529411764706	24.9803921568627	29.1176470588235	27.5294117647059
"268"	"YC21:1268"	2	308	"CG102"	"1"	1.41176470588235	0.980392156862742	2.70588235294117	5.64705882352941	8.83686274509803	6.3921568627451	24.5098039215686	30.5098039215686	30.4313725490196	36.156862745098	31.1039215686274
"269"	"YC21:1269"	2	362	"Oh7"	"1"	1.56862745098039	1.68627450980392	2.7843137254902	1.84313725490197	3.44	5.13725490196079	23.5294117647059	30.1066666666667	30.1458823529412	38.1372549019608	33.8882352941176
"270"	"YC21:1270"	2	261	"LH185"	"1"	1.65098039215686	1.13725490196078	1.63607843137256	1.13725490196079	1.66705882352941	3.01960784313726	21.1823529411765	27.0588235294118	27.843137254902	33.6062745098039	28.0180392156863
"271"	"YC21:1271"	2	500	"NC412"	"1"	1.96078431372549	0.784313725490193	1.56862745098039	1.1764705882353	3.47921568627451	5.68627450980392	20.2023529411765	23.1764705882353	23.3333333333333	26.1176470588235	22.8235294117647
"272"	"YC21:1272"	2	270	"PHG83"	"1"	1.13725490196079	1.33333333333333	2.07843137254902	8.36549019607843	11.5686274509804	6.98039215686275	24.8745098039216	37.5576470588235	31.1372549019608	32.9803921568627	27.4352941176471
"273"	"YC21:1273"	2	516	"B73"	"1"	1.64705882352942	1.70901960784313	2.86274509803922	5.13725490196079	7.6078431372549	5.80392156862745	23.8125490196079	26.5192156862745	28.9803921568627	31.4572549019608	26.5941176470588
"274"	"YC21:1274"	2	287	"YONG 28"	"1"	1.76470588235295	1.29411764705882	1.68627450980393	1.29411764705882	0.901960784313722	0.549019607843146	14.9019607843137	9.21098039215687	18.7450980392157	22.4882352941177	19.1039215686275
"275"	"YC21:1275"	2	282	"W37A"	"1"	2.15686274509804	0.784313725490193	1.58	1.16901960784313	5.05882352941177	5.90274509803922	22.8627450980392	28.5882352941176	29.3647058823529	29.9498039215686	26.156862745098
"276"	"YC21:1276"	2	421	"K41"	"1"	1.72549019607843	1.14117647058823	1.79921568627451	1.25490196078431	1.5513725490196	3.80392156862745	19.9498039215686	23.518431372549	24.8305882352941	28.5882352941177	24.1960784313726
"277"	"YC21:1277"	2	489	"K47"	"1"	1.52470588235294	1.5686274509804	2.62745098039215	2.23529411764705	4.94117647058824	5.05882352941176	21.4901960784314	25.5686274509804	25.3333333333333	27.6078431372549	22.9411764705882
"278"	"YC21:1278"	2	303	"B164"	"1"	1.41176470588235	1.05882352941177	2.19607843137255	7.07647058823529	9.79490196078432	6.30588235294117	21.6078431372549	25.0901960784314	25.843137254902	26.2745098039216	23.1764705882353
"279"	"YC21:1279"	2	503	"PHG35"	"1"	1.88235294117646	1.17647058823529	1.64705882352941	1.2156862745098	0.823529411764704	1.2156862745098	15.2588235294118	16.9411764705882	19.2607843137255	22.3133333333333	18.996862745098
"280"	"YC21:1280"	2	416	"HP301"	"1"	1.17647058823529	1.17647058823529	1.96078431372548	1.6078431372549	2.03921568627451	4.47058823529411	17.2941176470588	20.2745098039216	21.1764705882353	22.9803921568627	23.1235294117647
"281"	"YC21:1281"	2	284	"W611S"	"1"	1.56862745098039	1.80392156862746	3.13725490196078	2.44705882352941	5.27843137254899	6.30980392156862	22.0317647058824	25.2156862745098	25.6529411764706	26.4705882352941	22.6666666666667
"282"	"YC21:1282"	2	495	"N200"	"1"	1.56862745098039	1.36784313725491	1.96078431372549	1.89372549019608	3.05882352941176	4.4313725490196	22.5882352941176	26.7450980392157	28.1294117647059	28.2156862745098	26.9411764705882
"283"	"YC21:1283"	2	330	"LH1"	"1"	1.49019607843138	0.825882352941182	2.26352941176471	2.94117647058824	6.3921568627451	4.74509803921568	21.0980392156863	37.978431372549	25.8470588235294	29.3921568627451	25.3
"284"	"YC21:1284"	2	511	"PH207"	"1"	1.1764705882353	1.09803921568628	1.43725490196079	2.7078431372549	7.25490196078432	5.52941176470588	20.5882352941177	25.7549019607843	27.1372549019608	28.0980392156863	25.0196078431373
"285"	"YC21:1285"	2	311	"CO258"	"1"	1.45098039215687	0.784313725490204	1.33333333333334	1.96941176470589	5.50980392156862	4.8235294117647	18.4705882352941	21.6862745098039	23.5294117647059	25.5576470588235	21.0647058823529
"286"	"YC21:1286"	2	428	"Mo1W"	"1"	1.1764705882353	0.784313725490204	1.88235294117648	4.74509803921569	8.19607843137254	5.88235294117647	21.6470588235294	25.5294117647059	27.5745098039216	29.7254901960784	24.7450980392157
"287"	"YC21:1287"	2	508	"WIL900"	"1"	1.14117647058825	0.784313725490204	1.45098039215687	1.76470588235295	3.29411764705882	5.83607843137255	23.8823529411765	28.078431372549	28.7647058823529	29.9105882352941	25.8039215686274
"288"	"YC21:1288"	2	378	"PHWG5"	"1"	1.5686274509804	1.1764705882353	2.36352941176471	3.68627450980392	6.08980392156863	5.4313725490196	21.3333333333333	26.4203921568627	26.1964705882353	29.4117647058823	24.9843137254902
"289"	"YC21:1289"	2	420	"INBRED 305"	"1"	1.6078431372549	1.1764705882353	1.96078431372549	1.87137254901961	1.21568627450981	0.93333333333333	15.6823529411765	21.9541176470588	22.0254901960784	28.5882352941176	23.5266666666667
"290"	"YC21:1290"	2	419	"INBRED 141"	"1"	1.76	1.13725490196079	1.64705882352942	1.6078431372549	1.1764705882353	2.86274509803921	20.078431372549	25.2156862745098	26.3529411764706	32.0878431372549	27.3333333333333
"291"	"YC21:1291"	2	305	"B70"	"1"	1.41176470588235	1.1764705882353	1.96078431372549	1.5686274509804	2.43137254901961	4.35294117647058	20.0392156862745	24.3156862745098	26.4176470588235	33.0086274509804	26.9019607843137
"292"	"YC21:1292"	2	358	"NK740"	"1"	1.69764705882353	0.784313725490204	1.52941176470589	1.22705882352941	1.04117647058824	2.09607843137255	18.2219607843137	18.7372549019608	22.3094117647059	24.9301960784314	25.9607843137255
"293"	"YC21:1293"	2	480	"DE811"	"1"	1.36156862745098	0.941176470588243	1.84313725490197	3.72274509803922	5.84313725490197	5.49019607843137	22.5882352941176	22.0556862745098	28.843137254902	28	27.843137254902
"294"	"YC21:1294"	2	310	"CO257"	"1"	1.80392156862745	0.901960784313733	1.72549019607844	1.29411764705882	1.1764705882353	0.823529411764704	9.02549019607843	10.9019607843137	14.2545098039216	17.1372549019608	18.4764705882353
"295"	"YC21:1295"	2	368	"PHN46"	"1"	1.83843137254901	1.01960784313726	1.64705882352942	1.33333333333333	1.29411764705883	1.48274509803921	18.0058823529412	21.6862745098039	22.48	24.7556862745098	23.0588235294118
"296"	"YC21:1296"	2	380	"R78"	"1"	1.6078431372549	1.84313725490197	2.98039215686275	2.19607843137255	4.3921568627451	4.74509803921568	19.6470588235294	22.2745098039216	24.1235294117647	26.8235294117647	22.3921568627451
"297"	"YC21:1297"	2	452	"R71"	"1"	1.84313725490197	1.41176470588235	2.23529411764706	6.65568627450981	8.47058823529412	5.33333333333334	19.8823529411765	24.221568627451	25.3725490196078	28.6	24.5549019607843
"298"	"YC21:1298"	2	453	"Va102"	"1"	2.07843137254902	1.33333333333333	2.07843137254902	1.64705882352942	2.1035294117647	1.9607843137255	19.921568627451	24.2392156862745	24.1176470588235	29.7313725490196	24.2549019607843
"299"	"YC21:1299"	2	519	"B73"	"1"	1.88235294117648	1.13725490196078	1.41176470588235	1.80588235294117	5.13725490196079	4.50980392156862	19.5294117647059	21.2941176470588	22.8933333333333	24.5721568627451	21.3611764705882
"300"	"YC21:1300"	2	272	"PHK35"	"1"	1.13725490196079	1.56862745098039	2.82352941176471	4.57725490196078	5.37254901960784	5.49019607843138	20.6666666666667	24.5011764705882	25.6078431372549	27.6862745098039	25.0133333333333
"301"	"YC21:1301"	2	493	"M14"	"1"	1.5686274509804	1.10196078431372	1.62352941176471	1.8243137254902	6.14313725490196	4.7843137254902	19.2156862745098	22.078431372549	22.5882352941176	25.921568627451	21.7705882352941
"302"	"YC21:1302"	2	385	"W24"	"1"	1.52941176470589	1.05882352941176	1.92156862745098	2.06745098039216	8.07843137254902	4.90196078431373	18.9411764705882	22.6839215686275	24.0611764705882	26.0674509803922	22.8517647058824
"303"	"YC21:1303"	2	410	"DE3"	"1"	1.84313725490197	1.01960784313725	1.64705882352942	1.49019607843138	1.37254901960784	1.05882352941177	13.9498039215686	16.04	16.4509803921569	19.7180392156863	17.4901960784314
"304"	"YC21:1304"	2	457	"VaW6"	"1"	1.17647058823529	1.53333333333332	2.50980392156863	1.92156862745098	1.88235294117647	3.14666666666667	17.3164705882353	20.9537254901961	20.7647058823529	21.5686274509804	17.518431372549
"305"	"YC21:1305"	2	334	"LH193"	"1"	1.17647058823529	1.17647058823529	1.92156862745098	4.44470588235294	6.98039215686274	5.49019607843138	21.2019607843137	24.8156862745098	25.1764705882353	27.1654901960784	23.221568627451
"306"	"YC21:1306"	2	271	"PHHH9"	"1"	1.56862745098039	1.09803921568627	1.72549019607843	4.69490196078432	4.81490196078431	6	23.6862745098039	27.1372549019608	27.4901960784314	28.7733333333333	25.6725490196078
"307"	"YC21:1307"	2	427	"MBPM"	"1"	1.72549019607843	0.784313725490193	1.6078431372549	3.41098039215687	5.33333333333333	5.80392156862745	21.4117647058824	25.4019607843137	26.5882352941176	29.5466666666667	24.4517647058824
"308"	"YC21:1308"	2	337	"LH213"	"1"	1.88627450980392	1.96078431372549	2.7843137254902	8.93019607843137	11.4117647058824	6.58823529411765	24.0392156862745	30.8125490196079	30.4313725490196	32.8352941176471	28.5156862745098
"309"	"YC21:1309"	2	425	"LH205"	"1"	1.56862745098039	1.1764705882353	1.5686274509804	1.25490196078431	0.784313725490204	1.64705882352941	19.3113725490196	20.7486274509804	25.2450980392157	28.3921568627451	25.2266666666667
"310"	"YC21:1310"	2	517	"B73"	"1"	1.72549019607843	1.09803921568628	2.03921568627451	1.97215686274509	3.64705882352942	3.5686274509804	20.3921568627451	24.4156862745098	24.7843137254902	30.876862745098	25.6137254901961
"311"	"YC21:1311"	2	404	"B65"	"1"	1.68627450980393	1.1764705882353	2.03921568627451	2.42039215686274	2.70588235294118	5.25490196078432	20.3419607843137	26.8407843137255	26.4313725490196	32.3592156862745	27.0980392156863
"312"	"YC21:1312"	2	301	"B121"	"1"	1.5686274509804	1.09803921568628	2.58823529411765	6.15568627450981	10.1960784313725	6.43137254901961	23.9137254901961	28.3811764705882	28.6274509803922	32.2352941176471	27.6333333333333
"313"	"YC21:1313"	2	277	"R168"	"1"	1.25490196078432	1.25490196078431	2.23529411764706	4.37019607843138	8.34666666666666	6.07843137254902	23.3333333333333	28.5490196078431	28.5156862745098	31.8039215686274	27.4901960784314
"314"	"YC21:1314"	2	496	"N209"	"1"	1.72549019607844	0.784313725490193	1.84313725490195	1.29411764705883	2.58823529411764	3.84313725490196	19.2941176470588	21.76	22.9411764705882	27.3654901960784	22.8235294117647
"315"	"YC21:1315"	2	465	"W820G"	"1"	1.68627450980393	1.17647058823529	1.6392156862745	1.09803921568628	0.941176470588232	2.47058823529412	18.0392156862745	22.8294117647059	23.6862745098039	27.4007843137255	24.3137254901961
"316"	"YC21:1316"	2	396	"87916W"	"1"	1.56862745098039	1.05882352941176	1.68627450980392	1.67529411764707	1.25254901960784	4.27450980392157	19.1803921568627	23.8635294117647	24.9803921568627	30.1960784313725	27.0745098039216
"317"	"YC21:1317"	2	443	"PHP85"	"1"	2.07843137254901	1.05882352941176	2.19607843137255	1.37254901960785	1.25490196078431	0.610021786492374	15.7254901960784	19.5294117647059	20.4705882352941	25.6011764705882	22.378431372549
"318"	"YC21:1318"	2	348	"MS67"	"1"	1.64705882352941	1.25490196078431	2.43137254901961	2.58823529411764	2.8235294117647	3.64705882352941	16.7058823529412	20.8235294117647	22.3137254901961	29.7254901960784	26.5270588235294
"319"	"YC21:1319"	2	397	"A"	"1"	1.41176470588235	1.2156862745098	2.11764705882353	2.52941176470588	1.2156862745098	3.45098039215686	16.1960784313725	19.6196078431373	21.3254901960784	29.2666666666667	27.3725490196078
"320"	"YC21:1320"	2	484	"H96"	"1"	1.72549019607843	1.2156862745098	2.35294117647059	2.05254901960783	2.03921568627451	3.17647058823529	14.156862745098	17.6403921568627	20.0392156862745	28	28.6666666666667
"321"	"YC21:1321"	2	467	"YE 4"	"1"	1.84313725490197	1.09019607843137	1.37254901960785	1.45098039215686	1.09803921568627	1.41176470588235	16.6274509803922	20.0007843137255	23.3333333333333	28.9411764705882	26.921568627451
"322"	"YC21:1322"	2	297	"B109"	"1"	2	1.45098039215687	2.27450980392156	1.6078431372549	1.52941176470589	2.14941176470588	17.596862745098	21.4901960784314	23.2843137254902	29.5686274509804	27.143137254902
"323"	"YC21:1323"	2	448	"PHW65"	"1"	1.25490196078432	1.49019607843138	1.99999999999999	2.7956862745098	3.15058823529412	3.41176470588235	17.1372549019608	21.2941176470588	22.7843137254902	28.7058823529412	27.0909803921569
"324"	"YC21:1324"	2	506	"PHV78"	"1"	1.33333333333334	1.09803921568627	2.31372549019607	1.33333333333333	1.09803921568628	1.68627450980392	17.2686274509804	23.4901960784314	24.5392156862745	32.5098039215686	28.7058823529412
"325"	"YC21:1325"	2	399	"B108"	"1"	1.29411764705883	1.09803921568628	1.68627450980392	4.59960784313725	6.11764705882353	5.17647058823529	20.2243137254902	24.7058823529412	26.6541176470588	33.5686274509804	28.5490196078431
"326"	"YC21:1326"	2	502	"PHEG9"	"1"	1.84313725490197	1.29411764705883	2.15686274509804	1.80392156862746	1.75372549019608	1.72549019607843	17.8098039215686	20.4764705882353	21.9607843137255	30.5490196078431	27.143137254902
"327"	"YC21:1327"	2	475	"B2"	"1"	1.60784313725491	1.41176470588236	1.96078431372549	2.70588235294118	2.58823529411765	3.64705882352941	18.5941176470588	26.8423529411765	26.2447058823529	35.0705882352941	28.9862745098039
"328"	"YC21:1328"	2	293	"4N506"	"1"	2.15686274509804	1.33333333333334	3.54274509803922	7.88235294117648	10.0176470588235	6.39215686274509	25.5941176470588	31.0980392156863	31.6529411764706	37.5745098039216	32.9470588235294
"329"	"YC21:1329"	2	313	"H105W"	"1"	1.09803921568627	1.49019607843138	2.27450980392157	5.89294117647059	8.74509803921568	6.15686274509804	23.6274509803922	28.5490196078431	29.3509803921569	33.0450980392157	27.4313725490196
"330"	"YC21:1330"	2	440	"Pa880"	"1"	1.80392156862745	1.29411764705883	2.50980392156863	7.5686274509804	9.56862745098039	6.69803921568627	24.2745098039216	29.6752941176471	32.2019607843137	37.9666666666667	33.2156862745098
"331"	"YC21:1331"	2	328	"KUNG-70"	"1"	1.84313725490195	0.823529411764704	1.36705882352942	3.83843137254902	8.47058823529412	6.03921568627451	22.7843137254902	25.0588235294118	25.7647058823529	28.2635294117647	24.3588235294118
"332"	"YC21:1332"	2	413	"FR19"	"1"	1.84313725490195	1.6078431372549	2.54901960784314	3.47921568627451	2.50980392156862	4.29058823529411	19.9607843137255	24.943137254902	26.1098039215686	31.5686274509804	26.9470588235294
"333"	"YC21:1333"	2	262	"LH197"	"1"	1.64705882352941	1.80392156862745	3.17176470588235	6.91058823529411	9.49647058823529	6.0392156862745	24.4372549019608	30.078431372549	33.143137254902	43.3898039215686	33.518431372549
"334"	"YC21:1334"	2	315	"H121"	"1"	1.80392156862744	1.22705882352941	3.05882352941176	5.96078431372549	7.98901960784314	5.52941176470587	22.6862745098039	25.8819607843137	26.8839215686274	30.8627450980392	26.4705882352941
"335"	"YC21:1335"	2	363	"Pa778"	"1"	1.68627450980392	1.33333333333333	2.43137254901961	6.01137254901961	5.80392156862745	5.17647058823529	19.921568627451	23.3392156862745	24.0843137254902	28.5552941176471	24.3333333333333
"336"	"YC21:1336"	2	499	"NC368"	"1"	3.05882352941176	1.33333333333333	2.19607843137255	2.23529411764706	4.91294117647057	4.43372549019607	19.1764705882353	22.6666666666667	23.6992156862745	27.9666666666667	25.9666666666667
"337"	"YC21:1337"	2	347	"MS221"	"1"	3.05882352941176	1.41176470588235	3.45098039215686	7.05882352941177	10	6	22.1458823529412	27.8823529411765	28.5098039215686	30.3529411764706	26
"338"	"YC21:1338"	2	343	"MBST"	"1"	2	1.25490196078431	1.75372549019607	3.01098039215686	2.93019607843137	4.62745098039215	19.7254901960784	24.921568627451	26.4988235294118	32.1588235294118	26.801568627451
"339"	"YC21:1339"	2	278	"S8326"	"1"	1.68627450980393	1.09803921568627	1.45098039215686	1.16549019607843	0.980392156862742	2.86274509803921	18.5882352941176	22.9019607843137	24.7349019607843	32.0235294117647	26.2745098039216
"340"	"YC21:1340"	2	450	"R227"	"1"	1.5686274509804	1.17647058823529	2.58823529411765	3.97098039215686	6.10666666666666	4.94117647058824	18.9274509803922	24.3921568627451	25.8098039215686	30.7764705882353	26.6725490196078
"341"	"YC21:1341"	2	476	"B57"	"1"	1.64705882352942	1.68627450980392	2.74509803921569	3.11647058823529	5.0478431372549	4.03921568627452	17.4509803921569	22.3137254901961	23.8039215686274	28.8686274509804	24.6666666666667
"342"	"YC21:1342"	2	505	"PHV63"	"1"	1.68627450980393	0.862745098039213	1.33333333333333	1.80392156862745	4.21058823529412	4.79647058823529	20.4705882352941	24.0411764705882	26.0392156862745	31.1039215686275	26.2078431372549
"343"	"YC21:1343"	2	369	"PHPR5"	"1"	1.96078431372549	1.09803921568627	2.0113725490196	3.78509803921568	2.4313725490196	4.86274509803921	22.5098039215686	27.8941176470588	28.5333333333333	33.4901960784314	28.9470588235294
"344"	"YC21:1344"	2	354	"N527"	"1"	1.56862745098039	1.17647058823529	2.23529411764706	3.18039215686274	5.50901960784314	5.37254901960784	20.4764705882353	24.1960784313725	24.8235294117647	30.8556862745098	25.7313725490196
"345"	"YC21:1345"	2	381	"Tr"	"1"	1.52941176470588	1.49019607843137	2.8235294117647	7.50745098039215	9.80392156862745	6.0070588235294	23.0086274509804	27.4117647058824	27.8490196078431	32.5921568627451	28.6666666666667
"346"	"YC21:1346"	2	458	"W32"	"1"	1.84313725490195	1.2156862745098	2.15686274509804	5.25490196078431	5.56862745098039	4.50980392156862	19.4188235294118	25.8549019607843	25.3721568627451	31.156862745098	25.843137254902
"347"	"YC21:1347"	2	408	"B98"	"1"	2.0392156862745	1.37254901960784	2.27450980392157	1.84313725490196	1.83529411764705	3.09803921568627	15.7647058823529	20.3027450980392	22.4372549019608	30.156862745098	25.6776470588235
"348"	"YC21:1348"	2	391	"WIL903"	"1"	1.13725490196078	0.980392156862747	1.60784313725491	1.49019607843137	0.980392156862742	1.09803921568627	16.8235294117647	18.3733333333333	22.0592156862745	27.8882352941176	24.5098039215686
"349"	"YC21:1349"	2	490	"K55"	"1"	1.62156862745098	1.29411764705883	2.54901960784314	2.10666666666667	2.29176470588236	2.67960784313725	14.7901960784314	14.7058823529412	17.6470588235294	23.2352941176471	21.5721568627451
"350"	"YC21:1350"	2	388	"W812G"	"1"	1.72941176470588	1.29411764705883	2.03921568627451	1.5686274509804	2	3.68627450980392	16.4117647058824	19.2941176470588	20.2352941176471	24.1627450980392	21.0196078431373
"351"	"YC21:1351"	2	497	"NC250"	"1"	2.15686274509804	1.68627450980393	2.35294117647059	2.91529411764706	4.07843137254902	4.23529411764706	16.5490196078431	20.1176470588235	20.7529411764706	23.8882352941176	21.9607843137255
"352"	"YC21:1352"	2	447	"PHW53"	"1"	1.72549019607843	0.862745098039224	1.64705882352941	1.65843137254902	1.21568627450981	3.09803921568627	17.2941176470588	19.921568627451	20.8627450980392	25.5827450980392	21.8823529411765
"353"	"YC21:1353"	2	298	"B111"	"1"	1.37254901960785	1.88627450980392	2.78431372549019	3.13725490196079	8.66666666666667	5.62431372549019	22.9803921568627	28.4298039215686	29.1764705882353	33.0588235294118	28.7058823529412
"354"	"YC21:1354"	2	267	"ND259"	"1"	1.72549019607844	1.52941176470589	1.96078431372548	1.72549019607843	3.65450980392156	4.50980392156862	20.9411764705882	26.3313725490196	26.4176470588235	28.1176470588235	24.5294117647059
"355"	"YC21:1355"	2	478	"B77"	"1"	2.31372549019608	2.19607843137255	3.09803921568627	3.09333333333334	3.97803921568628	3.41176470588235	24.5686274509804	23.3113725490196	23.6921568627451	28.2243137254902	25.4705882352941
"356"	"YC21:1356"	2	418	"IDS91"	"1"	1.84313725490197	1.17647058823529	2.10666666666667	1.76470588235293	1.33333333333333	1.72549019607843	17.1545098039216	22.0121568627451	23.0196078431372	28.4094117647059	27.1372549019608
"357"	"YC21:1357"	2	442	"PHK29"	"1"	1.6078431372549	1.17647058823529	1.80392156862746	1.52941176470588	1.17647058823529	0.431372549019606	9.34117647058824	16.3137254901961	19.8290196078431	26.7627450980392	22.9803921568627
"358"	"YC21:1358"	2	331	"LH128"	"1"	1.88235294117646	1.05882352941176	2.6164705882353	5.23294117647059	7.8278431372549	5.64705882352941	21.921568627451	25.4901960784314	26.7345098039216	30.156862745098	25.5686274509804
"359"	"YC21:1359"	2	454	"Va22"	"1"	1.56862745098039	1.29411764705882	2.19607843137255	1.60784313725491	1.17647058823529	2.07843137254902	16.1176470588235	22	22.0588235294118	26.1960784313726	24.8627450980392
"360"	"YC21:1360"	2	433	"N7A"	"1"	1.68627450980392	1.13725490196078	1.64705882352941	1.13725490196079	1.68627450980392	4.30588235294117	18.6666666666667	23.1545098039216	24.1627450980392	27.4901960784314	23.6862745098039
"361"	"YC21:1361"	2	515	"PH207"	"1"	1.92156862745098	1.49019607843137	2.15686274509803	5.29411764705883	8.03921568627451	5.72549019607843	21.143137254902	26.5156862745098	27.5686274509804	28.156862745098	24.3137254901961
"362"	"YC21:1362"	2	481	"F118"	"1"	1.5686274509804	1.25490196078431	2.17019607843137	2.91921568627451	8.11764705882353	5.52941176470588	19.9607843137255	24.8909803921569	25.5686274509804	28.5380392156863	25.2047058823529
"363"	"YC21:1363"	2	325	"INBRED 321"	"1"	2.35294117647059	1.37254901960784	2.62745098039216	2.11764705882353	1.45098039215687	4.27450980392157	18.3529411764706	23.4901960784314	24.156862745098	27.8917647058824	24.2411764705882
"364"	"YC21:1364"	2	285	"W811G"	"1"	1.83843137254902	1.20470588235295	2.10980392156863	2.53803921568628	2.61176470588236	4.27450980392157	17.378431372549	22.8627450980392	22.5309803921569	24.7843137254902	24.078431372549
"365"	"YC21:1365"	2	456	"Va59"	"1"	2	1.5686274509804	2.43137254901961	1.92156862745097	1.51372549019608	1.09803921568627	17.6470588235294	22.0160784313725	20.9058823529412	23.7254901960784	22.6725490196078
"366"	"YC21:1366"	2	322	"Il778d"	"1"	2.03921568627451	1.13725490196079	1.68627450980393	4.35294117647059	7.1764705882353	4.3921568627451	19.0196078431373	20.7450980392157	22.2411764705882	23.2439215686274	19.0870588235294
"367"	"YC21:1367"	2	374	"PHT47"	"1"	2.14588235294118	1.13725490196079	1.60784313725491	3.64705882352941	5.75764705882354	5.56862745098039	27.6666666666667	23.8321568627451	24.9192156862745	26.3850980392157	23.6980392156863
"368"	"YC21:1368"	2	446	"PHR62"	"1"	1.48549019607843	1.21568627450981	1.80392156862746	1.45098039215686	0.941176470588243	0.705882352941174	4.35294117647059	9.16549019607843	11.9427450980392	19.0823529411765	19.4733333333333
"369"	"YC21:1369"	2	472	"4F-234 BX 4"	"1"	1.80392156862744	1.5686274509804	2.78431372549019	2.11764705882353	1.81960784313723	1.59843137254902	20.0392156862745	22.1509803921569	25.843137254902	30.4549019607843	29.1160784313725
"370"	"YC21:1370"	2	372	"PHT10"	"1"	1.80392156862744	1.37254901960784	2.62274509803921	5.01490196078431	8.84078431372549	6.07843137254902	21.8078431372549	28.4372549019608	28.7450980392157	34.0313725490196	29.0313725490196
"371"	"YC21:1371"	2	412	"F2834T"	"1"	1.72549019607843	1.33333333333333	2.27450980392157	1.96078431372549	4.0392156862745	3.92745098039216	18.8517647058824	23.0917647058823	22.5882352941177	26.921568627451	22.7843137254902
"372"	"YC21:1372"	2	292	"2MCDB"	"1"	2.19607843137255	1.01960784313725	1.93294117647059	1.45098039215687	1.8164705882353	4.00000000000001	18.1066666666667	20.4203921568627	25.7533333333333	26.756862745098	23.8882352941177
"373"	"YC21:1373"	2	371	"PHR55"	"1"	1.52941176470588	1.68627450980392	2.70588235294118	1.88235294117648	3.61725490196077	3.84313725490197	21.2549019607843	24.8627450980392	28.5294117647059	31.921568627451	27.1823529411765
"374"	"YC21:1374"	2	514	"PH207"	"1"	1.68627450980393	1.36156862745098	2.07843137254902	5.35294117647059	8.14588235294118	5.6078431372549	21.2439215686274	27.9141176470588	28.5549019607843	30.8039215686274	25.4901960784314
"375"	"YC21:1375"	2	355	"N534"	"1"	1.96078431372548	1.60784313725491	2.74509803921569	2.11764705882353	3.40078431372549	4.94117647058824	20.5882352941177	25.6470588235294	26.5549019607843	33.8882352941176	28.9411764705882
"376"	"YC21:1376"	2	300	"B120"	"1"	1.99999999999999	1.2156862745098	1.72549019607844	2.98039215686275	5.37254901960784	5.1764705882353	21.8823529411765	26.7152941176471	26.9411764705882	34.7886274509804	31.0980392156863
"377"	"YC21:1377"	2	437	"NY6371"	"1"	1.88235294117648	1.72549019607843	2.57725490196079	2.70588235294118	3.18980392156863	4.43137254901961	19.4117647058823	23.3333333333333	25.4509803921569	29.8039215686275	25.843137254902
"378"	"YC21:1378"	2	470	"WIL901"	"1"	1.68627450980393	1.41176470588235	2.39215686274509	2.75647058823529	3.56862745098039	4.94117647058823	19.9607843137255	24.1458823529412	25.1372549019608	31.3	26.4901960784314
"379"	"YC21:1379"	2	268	"NS701"	"1"	1.77607843137254	1.41176470588235	2.39215686274509	1.7992156862745	2.2243137254902	2.86274509803921	19.4662745098039	24	25.5803921568627	29.921568627451	25.1960784313725
"380"	"YC21:1380"	2	275	"PHR47"	"1"	1.92156862745098	1.09803921568627	1.84313725490196	1.79294117647059	2.69568627450981	3.13725490196078	19.6	25.2372549019608	26.1960784313726	32.7901960784314	27.1054901960784
"381"	"YC21:1381"	2	451	"R229"	"1"	1.76470588235293	1.25490196078431	1.84313725490195	2.43999999999999	6.31372549019608	5.32392156862744	22.8290196078431	26.9019607843137	28.4705882352941	31.7647058823529	28.9411764705882
"382"	"YC21:1382"	2	510	"R177"	"1"	1.25490196078431	1.41176470588235	2.35294117647058	3.37254901960784	4.03921568627451	4.61411764705882	20.4964705882353	25.7254901960784	27.9666666666667	32.156862745098	26.0392156862745
"383"	"YC21:1383"	2	309	"CH701-30"	"1"	1.72549019607843	1.29411764705882	2.23529411764705	2.35294117647058	4.42980392156863	4.90196078431372	20.3419607843137	24.7098039215686	26.3529411764706	30.3137254901961	25.5156862745098
"384"	"YC21:1384"	2	520	"B73"	"1"	1.46235294117646	1.33333333333333	2.07843137254901	1.84313725490195	1.53176470588235	3.56705882352941	19.6078431372549	24.7058823529412	25.0647058823529	27.9807843137255	25.9607843137255
"385"	"YC21:1385"	2	486	"IDS69"	"1"	2.07843137254902	1.33333333333333	1.92156862745098	1.68627450980393	1.17647058823529	1.45098039215687	14.8156862745098	18.2929411764706	18.6819607843137	21.843137254902	20.2352941176471
"386"	"YC21:1386"	2	441	"PHJ33"	"1"	2.35294117647059	1.41176470588235	2	1.64705882352942	1.09803921568627	1.08705882352942	17.0870588235294	19.4678431372549	20.2352941176471	22.6635294117647	21.3843137254902
"387"	"YC21:1387"	2	434	"NC294"	"1"	1.52941176470589	1.64705882352941	2.43137254901961	3.6643137254902	4	5.1764705882353	20.156862745098	25.2941176470588	25.7647058823529	30.2019607843137	27.6588235294118
"388"	"YC21:1388"	2	265	"LH227"	"1"	2.07843137254902	1.33333333333333	2.90196078431373	2.62745098039216	5.38431372549019	5.88235294117647	31.6862745098039	27.2611764705882	28.6862745098039	31.3725490196078	26.6725490196078
"389"	"YC21:1389"	2	356	"N542"	"1"	1.92156862745098	1.41176470588235	2.52705882352942	2.11764705882353	5.56862745098039	4.62117647058824	17.9607843137255	21.6470588235294	23.1764705882353	26.5882352941176	22.921568627451
"390"	"YC21:1390"	2	302	"B14A"	"1"	2.07843137254902	1.68627450980392	2.90196078431373	2.50980392156863	2.08235294117646	4.24509803921569	18.6164705882353	23.378431372549	25.0588235294118	29.6309803921569	25.3980392156863
"391"	"YC21:1391"	2	406	"B84"	"1"	1.76470588235294	1.76470588235293	2.19607843137255	1.81529411764706	0.980392156862742	1.09803921568628	15.2549019607843	18.156862745098	23.1976470588235	25.0705882352941	25.0196078431373
"392"	"YC21:1392"	2	462	"W815G"	"1"	1.68627450980392	1.80392156862744	2.66666666666667	2.35294117647059	1.72549019607843	0.549019607843146	2.00392156862741	8.64862745098039	11.9274509803922	22.2803921568627	18.9725490196078
"393"	"YC21:1393"	2	409	"DE2"	"1"	1.72549019607844	1.37254901960785	1.92156862745097	2.52509803921568	6.50980392156863	4.81882352941177	20.1960784313725	25.0588235294118	26.4372549019608	35.0627450980392	30.6666666666667
"394"	"YC21:1394"	2	341	"LH59"	"1"	2.15686274509804	1.29411764705883	2.07843137254902	3.13725490196078	2.83607843137254	5.77803921568627	22.7058823529412	29.4313725490196	26.8235294117647	33.0254901960784	27.283137254902
"395"	"YC21:1395"	2	395	"6M502A"	"1"	1.84313725490195	1.33333333333334	1.87764705882352	3.18313725490196	5.69764705882352	4.54901960784314	17.4509803921569	23.0478431372549	24.0282352941176	29.6078431372549	27.5686274509804
"396"	"YC21:1396"	2	498	"NC290A"	"1"	1.64705882352941	1.72549019607844	2.62745098039215	2.0392156862745	1.60784313725491	0.509803921568629	6.93019607843138	16.3309803921569	21.1372549019608	26.5098039215686	22.0843137254902
"397"	"YC21:1397"	2	512	"PH207"	"1"	1.56862745098039	1.1764705882353	1.72549019607843	1.96078431372549	5.72549019607844	5.01960784313726	20.3921568627451	26.1458823529412	27.3333333333333	29.0266666666667	24.6274509803922
"398"	"YC21:1398"	2	460	"W803G"	"1"	1.52941176470588	1.21568627450981	2.10666666666667	1.76470588235293	1.09803921568628	1.76470588235294	17.8101960784314	22.4705882352941	23.2549019607843	28.7647058823529	25.4647058823529
"399"	"YC21:1399"	2	407	"B97"	"1"	1.80392156862746	1.18784313725491	2.03921568627451	1.80392156862744	3.33333333333334	4.35294117647059	18.9976470588235	23.2156862745098	24.8294117647059	31.5294117647059	27.9019607843137
"400"	"YC21:1400"	2	394	"6M502"	"1"	1.52941176470589	1.5686274509804	2.7843137254902	4.41490196078431	6.8329411764706	4.90196078431373	17.5062745098039	22.2470588235294	23.6949019607843	28.3298039215686	25.4901960784314
"401"	"YC21:1401"	2	423	"LH192"	"1"	1.72549019607844	0.941176470588236	1.92156862745098	1.76470588235294	2.32	3.45098039215686	20.4819607843137	24.6666666666667	25.6470588235294	30.1752941176471	25.6137254901961
"402"	"YC21:1402"	2	464	"W819G"	"1"	1.72549019607844	1.13725490196078	2.37019607843138	1.84313725490197	2.93019607843138	5.29411764705883	23.7450980392157	27.4509803921569	29.2156862745098	33.6470588235294	28.9694117647059
"403"	"YC21:1403"	2	352	"N501"	"1"	1.79294117647059	1.17647058823529	1.84313725490196	1.68627450980393	4.66666666666667	5.1764705882353	22.8235294117647	28.2745098039216	29.2156862745098	32.4705882352941	27.1262745098039
"404"	"YC21:1404"	2	376	"PHW43"	"1"	2.15686274509804	1.56862745098039	2.63882352941177	5.01960784313726	6.43137254901961	4.81254901960785	20.7619607843137	25.8113725490196	26.3529411764706	31.2019607843137	26.0592156862745
"405"	"YC21:1405"	2	435	"NC326"	"1"	1.72549019607843	1.05882352941176	1.60941176470588	2.15686274509804	4.15686274509804	4.03921568627451	18.5098039215686	21.8847058823529	22.303137254902	25.5686274509804	25.0196078431373
"406"	"YC21:1406"	2	426	"LH216"	"1"	2.31372549019607	1.37254901960784	2.15686274509803	2.07843137254902	1.45098039215686	0.784313725490194	14.4313725490196	13.298431372549	17.6078431372549	22.6835294117647	24.0450980392157
"407"	"YC21:1407"	2	471	"33-16"	"1"	1.72549019607843	1.25490196078431	2.27450980392157	1.84313725490196	1.33333333333333	0.549019607843135	13.3301960784314	18.3611764705882	21.8823529411765	26.2364705882353	26.7058823529412
"408"	"YC21:1408"	2	291	"ND259"	"1"	2.0392156862745	1.41176470588235	2.15686274509804	3.25490196078431	2.55529411764706	4.85176470588235	22.3921568627451	27.6752941176471	26.6274509803922	32.4596078431373	26.3196078431373
"409"	"YC21:1409"	2	438	"Os426"	"1"	1.49019607843138	1.13725490196078	2.3921568627451	4.30509803921568	7.33333333333333	5.37254901960784	22.7058823529412	28.9862745098039	29.843137254902	35.4901960784314	30.6666666666667
"410"	"YC21:1410"	2	405	"B66"	"1"	2	1.41176470588235	2.70588235294118	3.52941176470588	7.05882352941176	5.45098039215686	22.7843137254902	29.2219607843137	30.156862745098	34.401568627451	29.6862745098039
"411"	"YC21:1411"	2	445	"PHR58"	"1"	1.92549019607844	1.29411764705883	2.58823529411765	5.40078431372549	6.30274509803922	5.56862745098039	22.3741176470588	27.7450980392157	28.5156862745098	33.3694117647059	30.7843137254902
"412"	"YC21:1412"	2	436	"NC342"	"1"	1.64705882352942	1.25490196078432	2.19607843137255	3.56352941176471	6.4486274509804	5.29411764705882	21.3333333333333	27.7450980392157	27.9274509803922	32.4988235294118	27.2941176470588
"413"	"YC21:1413"	2	513	"PH207"	"1"	1.64705882352941	1.33333333333334	1.84313725490196	2.72313725490196	4.53333333333334	5.05882352941176	21.1823529411765	25.5686274509804	27.2156862745098	28.7745098039216	24.9862745098039
"414"	"YC21:1414"	2	290	"W814G"	"1"	2.19607843137255	1.37254901960785	2.50980392156863	2.11764705882353	1.64705882352942	2.19607843137255	11.5349019607843	13.8039215686275	15.6470588235294	17.3137254901961	17.8823529411765
"415"	"YC21:1415"	2	286	"W821G"	"1"	1.33333333333333	1.1764705882353	1.76470588235295	1.92156862745098	1.49019607843137	0.588235294117645	1.89529411764706	2.52156862745098	6.03921568627451	12.8164705882353	14.54
"416"	"YC21:1416"	2	439	"Pa762"	"1"	1.72549019607843	1.25490196078432	2.03921568627451	1.78745098039216	1.60745098039216	2.70588235294117	15.3725490196078	18.718431372549	20.7058823529412	26.3239215686274	21.7254901960784
"417"	"YC21:1417"	2	504	"PHN34"	"1"	1.80392156862744	0.823529411764704	1.49019607843138	1.25490196078432	2.20313725490197	3.56862745098039	18.5098039215686	22.7901960784314	23.6137254901961	29.843137254902	25.221568627451
"418"	"YC21:1418"	2	273	"PHM10"	"1"	2.26666666666667	1.52941176470588	2.11764705882353	3.13725490196078	4.10666666666667	4.62745098039215	21.036862745098	25.6980392156863	27.3392156862745	32.0737254901961	26.5882352941176
"419"	"YC21:1419"	2	335	"LH195"	"1"	1.13725490196078	1.41176470588235	1.93294117647058	3.6078431372549	6.58823529411764	4.54901960784313	17.921568627451	21.2607843137255	22.5490196078431	28.8435294117647	24.156862745098
"420"	"YC21:1420"	2	377	"PHW79"	"1"	1.80392156862746	1.37254901960784	2.11764705882353	1.72549019607843	1.09803921568627	1.94980392156863	20.4764705882353	23.44	26.0603921568627	31.843137254902	27.4176470588235
"421"	"YC21:1421"	2	340	"LH224"	"1"	1.37254901960785	0.784313725490193	2.03921568627451	2.16078431372549	3.96078431372549	5.33333333333333	22.3058823529412	26.3921568627451	28.1960784313725	31.7313725490196	27.0792156862745
"422"	"YC21:1422"	2	482	"H113"	"1"	1.68627450980393	1.17647058823529	2.24862745098038	2.86274509803921	7.84666666666666	5.09843137254901	19.7494117647059	24.1176470588235	25.1654901960784	28.943137254902	24.7450980392157
"423"	"YC21:1423"	2	359	"NKS8326"	"1"	1.5686274509804	1.56862745098039	1.96078431372549	1.60784313725491	1.33333333333333	3.98901960784314	20.3419607843137	22.8235294117647	24.3529411764706	29.8250980392157	26.3196078431372
"424"	"YC21:1424"	2	518	"B73"	"1"	1.72549019607844	1.29411764705882	2.03137254901961	1.81490196078432	3.41176470588235	3.8321568627451	19.6278431372549	24.5882352941176	25.861568627451	27.4992156862745	25.1372549019608
"425"	"YC21:1425"	2	364	"PHBB3"	"1"	1.96078431372549	1.14901960784313	2.11764705882353	2.48196078431373	3.8713725490196	5.12627450980393	20.4705882352941	24.88	25.5780392156863	30.7278431372549	26.0254901960784
"426"	"YC21:1426"	2	306	"B75"	"1"	2.23529411764706	1.49019607843137	2.03921568627451	1.98901960784314	1.41176470588235	4.31058823529412	20.8403921568627	25.3725490196078	27.4682352941177	29.8823529411765	25.6529411764706
"427"	"YC21:1427"	2	319	"H95"	"1"	2.19607843137255	1.25490196078431	2.11294117647059	1.52941176470589	2	3.18980392156863	17.2227450980392	20.4486274509804	22.3137254901961	27.5686274509804	22.7509803921569
"428"	"YC21:1428"	2	344	"MBWZ"	"1"	1.68627450980393	1.60784313725491	2.62745098039216	3.09803921568628	1.67529411764707	3.64705882352942	16.1960784313725	19.9105882352941	22.0392156862745	25.3588235294118	24.7117647058823
"429"	"YC21:1429"	2	507	"Va17"	"1"	1.80392156862745	1.52941176470589	2.19607843137255	1.52941176470589	1.41176470588236	0.392156862745108	3.01960784313725	1.7843137254902	2.61372549019605	5.30823529411765	13.6137254901961
"430"	"YC21:1430"	2	432	"N28"	"1"	2.11764705882353	1.09803921568627	1.64705882352942	1.21568627450981	1.1764705882353	0.549019607843146	7.33333333333333	8.70588235294117	11.4686274509804	17.2109803921569	21.2078431372549
"431"	"YC21:1431"	2	386	"W606S"	"1"	1.76470588235293	1.49019607843138	1.96078431372549	2	1.58	3.37254901960785	20.8627450980392	23.8894117647059	26.3137254901961	28.0996078431372	23.0647058823529
"432"	"YC21:1432"	2	288	"ZS365"	"1"	3.29411764705882	1.72549019607844	3.02392156862745	5.40549019607843	8.2243137254902	6.18823529411765	21.9192156862745	25.8098039215686	26.6392156862745	27.3505882352941	24.4705882352941
"433"	"YC21:1433"	2	494	"Mo5"	"1"	3.94196078431373	1.60784313725491	2.49333333333332	3.64705882352941	6.19607843137255	3.84313725490197	15.0980392156863	19.978431372549	21.2941176470588	25.0760784313726	22.3392156862745
"434"	"YC21:1434"	2	382	"Va26"	"1"	2.23529411764706	1.37254901960785	3.6078431372549	5.20470588235294	7.80392156862745	5.09803921568628	20.6666666666667	24.0196078431373	26.9694117647059	34.2745098039216	28.9301960784314
"435"	"YC21:1435"	2	389	"W813G"	"1"	2.3921568627451	1.37254901960785	2.57725490196078	3.54666666666667	7.09803921568628	5.41176470588236	21.4117647058824	25.8039215686274	27.0196078431372	30.2549019607843	25.4901960784314
"436"	"YC21:1436"	2	459	"W610S"	"1"	1.92156862745098	1.33333333333334	2.35294117647058	3.10196078431372	3.1878431372549	4.11764705882353	20.9803921568627	26.4764705882353	27.5745098039216	32.2482352941176	27.9843137254902
"437"	"YC21:1437"	2	483	"H122w"	"1"	1.68627450980392	1.5686274509804	1.96078431372548	3.51843137254902	4.17411764705883	4.23529411764706	19.2607843137255	23.2156862745098	25.1654901960784	31.6643137254902	27.5294117647059
"438"	"YC21:1438"	2	332	"LH181"	"1"	1.84313725490197	0.941176470588243	2.19607843137255	2.87411764705882	4.31372549019608	5.05882352941177	21.4650980392157	27.4717647058824	29.0196078431373	35.2360784313725	30.5490196078431
"439"	"YC21:1439"	2	346	"Mo46"	"1"	1.72549019607843	1.45098039215687	2.58823529411765	2.86274509803922	2.86274509803922	3.1764705882353	19.5686274509804	25.2792156862745	25.2776470588235	34.2803921568627	28.1176470588235
"440"	"YC21:1440"	2	289	"DK78371A"	"1"	1.99999999999999	1.45098039215687	2.43137254901961	4.93529411764705	7.76470588235294	5.80980392156863	22.9450980392157	27.5294117647059	29.6137254901961	36.7960784313725	30.8627450980392
"441"	"YC21:1441"	2	353	"N523"	"1"	2.07843137254901	1.13725490196079	2.3921568627451	6.54901960784314	9.79294117647059	6.66666666666667	24.5380392156863	29.3725490196078	31.2941176470588	38.9078431372549	31.283137254902
"442"	"YC21:1442"	2	307	"B88"	"1"	1.72549019607843	1.68627450980393	2.27450980392157	2.08980392156863	3.98901960784314	5.49019607843138	22.2352941176471	28.1098039215686	27.4901960784314	35.9666666666667	29.4509803921569
"443"	"YC21:1443"	2	392	"WU-TAN-TZAO"	"1"	2.0392156862745	1.41176470588236	2.35294117647059	2.07843137254902	1.32235294117648	0.784313725490204	18.9803921568627	23.8894117647059	24.1176470588235	29.0196078431372	26.9921568627451
"444"	"YC21:1444"	2	336	"LH208"	"1"	1.6078431372549	1.13725490196078	2.35294117647059	2.27450980392157	1.82117647058823	3.37254901960785	18.196862745098	22.8078431372549	22.6725490196078	28.9019607843137	24.8235294117647
"445"	"YC21:1445"	2	366	"PHK56"	"1"	2.07843137254902	1.33333333333333	2.11764705882353	1.80392156862746	1.52941176470588	2.3921568627451	16.9803921568627	21.4792156862745	23.378431372549	28.0392156862745	25.0980392156863
"446"	"YC21:1446"	2	501	"Pa91"	"1"	1.64705882352942	1.33333333333333	2.43137254901961	1.72549019607844	0.980392156862742	2.56941176470589	18.156862745098	24.3811764705882	25.5745098039216	31.4960784313725	30.0254901960784
"447"	"YC21:1447"	2	479	"B79"	"1"	2.43137254901961	1.96078431372548	2.8235294117647	2.31372549019608	3.01960784313725	3.24627450980392	18.6705882352941	22.3137254901961	23.6078431372549	29.1764705882353	27.8039215686274
"448"	"YC21:1448"	2	375	"PHT55"	"1"	2.5921568627451	1.25490196078431	1.88235294117647	2.98039215686274	5.72078431372548	5.07607843137255	24.118431372549	29.4117647058824	29.7372549019608	34.156862745098	30.9411764705882
"449"	"YC21:1449"	2	393	"YING-55"	"1"	1.68627450980393	1.25490196078431	1.92156862745098	1.64705882352941	2.19607843137255	4.14588235294117	18.1960784313725	23.6274509803922	23.921568627451	30.5945098039216	25.5294117647059
"450"	"YC21:1450"	2	384	"W23"	"1"	1.64705882352942	1.41176470588235	2.23529411764706	2.0392156862745	3.2156862745098	5.13725490196078	20.1235294117647	24.6274509803922	26.5772549019608	35.6862745098039	30.4313725490196
"451"	"YC21:1451"	2	367	"PHK93"	"1"	2.03921568627451	1.96078431372549	3.05882352941176	2.54901960784313	1.92156862745098	2.70588235294117	16.8909803921569	22.156862745098	23.6529411764706	28.8294117647059	27.4509803921569
"452"	"YC21:1452"	2	339	"LH215"	"1"	2.07843137254902	1.37254901960784	2.10666666666667	2.07843137254902	2.69490196078432	4	18.2156862745098	23.5843137254902	24.4313725490196	30.9301960784314	29.2274509803922
"453"	"YC21:1453"	2	390	"Wf9"	"1"	1.6078431372549	0.980392156862747	1.92156862745098	1.68627450980393	2.62745098039216	4.61647058823529	19.5623529411765	24.3027450980392	25.9607843137255	30.5101960784314	26.7058823529412
"454"	"YC21:1454"	2	387	"W810G"	"1"	2	1.25490196078431	1.64705882352942	2.90196078431373	1.25490196078432	3.96078431372549	19.44	22.7843137254902	23.843137254902	30.4313725490196	28.6333333333333
"455"	"YC21:1455"	2	316	"H5"	"1"	1.96078431372548	1.45098039215687	2.39215686274509	2	2.89098039215687	4.4313725490196	21.378431372549	25.0196078431373	27.2019607843137	30.921568627451	27.6862745098039
"456"	"YC21:1456"	2	357	"NC328"	"1"	1.52941176470588	1.20784313725491	2.18509803921568	2.62745098039216	5.29411764705883	5.04156862745097	21.7254901960784	26.2635294117647	25.8823529411765	32.0282352941176	26.078431372549
"457"	"YC21:1457"	2	461	"W809G"	"1"	1.76470588235295	1.33333333333334	2.31372549019608	1.96078431372549	1.45098039215687	2.07843137254902	18.4705882352941	23.8039215686275	23.6117647058824	29.7576470588235	27.1823529411765
"458"	"YC21:1458"	2	422	"LH191"	"1"	1.5686274509804	1.13725490196078	2.11764705882353	1.80392156862744	1.2156862745098	1.41176470588235	14.6749019607843	17.9890196078431	19.378431372549	27.9862745098039	25.5352941176471
"459"	"YC21:1459"	2	323	"INB 101LFY/LFY (A632 X M16 S5)"	"1"	2.11764705882353	1.50156862745098	2.59960784313726	2.77333333333333	6.15686274509804	4.86274509803921	20.078431372549	24.7058823529412	25.4960784313726	30.7450980392157	27.4117647058824
"460"	"YC21:1460"	2	279	"Seagull Seventeen"	"1"	1.45098039215687	0.862745098039213	1.84705882352942	1.56862745098039	1.2156862745098	0.666666666666665	14.6588235294118	20.0847058823529	17.9607843137255	28.3588235294118	25.3537254901961
"461"	"YC21:1461"	2	398	"AusTRCF 306238"	"1"	2.35294117647059	1.88627450980392	2.50980392156863	2.07843137254902	1.64705882352941	1.68627450980392	15.3058823529412	21.7145098039216	22.3921568627451	27.2721568627451	28.843137254902
"462"	"YC21:1462"	2	415	"H84"	"1"	1.6078431372549	1.56862745098039	1.87764705882352	1.68627450980392	1.13725490196078	0.784313725490194	17.4070588235294	21.0588235294118	22.0352941176471	25.9607843137255	24.456862745098
"463"	"YC21:1463"	2	280	"SG 30A"	"1"	2.35686274509803	0.823529411764703	2.03450980392156	2.32509803921568	4.45960784313725	3.80392156862745	19.0588235294118	23.8145098039216	26.2411764705882	29.9725490196078	26.078431372549
"464"	"YC21:1464"	2	304	"B37"	"1"	1.45098039215686	1.06235294117646	1.88235294117646	2.09529411764706	4.14274509803921	4	19.9666666666667	25.2862745098039	26.4878431372549	31.7254901960784	28.6137254901961
"465"	"YC21:1465"	2	370	"PHR31"	"1"	1.80392156862744	1.77607843137254	2.70588235294118	2.74509803921569	3.84313725490196	5.72549019607843	21.8278431372549	25.6137254901961	27.843137254902	33.5466666666667	29.563137254902
"466"	"YC21:1466"	2	345	"MM501D"	"1"	1.92156862745097	1.45098039215686	2.35294117647059	4.50980392156863	6.50980392156863	4.50980392156863	19.6529411764706	23.3392156862745	25.376862745098	32.1235294117647	25.5870588235294
"467"	"YC21:1467"	2	379	"PHZ51"	"1"	2.19607843137255	1.37254901960784	2.7843137254902	3.78196078431373	7.05411764705882	5.64705882352941	22.5490196078431	28.3843137254902	29.4901960784314	36.156862745098	30.7117647058824
"468"	"YC21:1468"	2	327	"K150"	"1"	1.96078431372549	1.41176470588235	2.7843137254902	6.58823529411765	8.77333333333334	5.34235294117647	22.1176470588235	28.6458823529412	29.6862745098039	36.9411764705882	31.1372549019608
"469"	"YC21:1469"	2	321	"Hy"	"1"	1.80392156862745	2.03921568627451	3.01960784313726	2.47058823529412	2	3.96078431372549	23.6862745098039	24.9803921568627	25.9666666666667	32.8627450980392	27.7705882352941
"470"	"YC21:1470"	2	349	"N211"	"1"	2.19607843137255	1.64705882352941	1.96078431372549	6.7843137254902	9.88235294117647	6.58823529411765	25.6470588235294	31.0478431372549	32.3482352941177	37.5294117647059	30.6725490196078
"471"	"YC21:1471"	2	361	"OC19"	"1"	2.23529411764706	1.76470588235293	2.54901960784314	2.31372549019608	2.07843137254901	3.49019607843137	19.361568627451	22.6137254901961	24.8125490196078	27.921568627451	24.5282352941176
"472"	"YC21:1472"	2	485	"HUOBAI"	"1"	1.45098039215686	1.80392156862744	3.05882352941176	2.70588235294118	8.58823529411764	5.84313725490196	23.2164705882353	28.2156862745098	28.6725490196078	33.2945098039216	29.5686274509804
"473"	"YC21:1473"	2	320	"HUANYAO"	"1"	2	1.84313725490197	3.09803921568628	2.50980392156862	3.52941176470589	3.05882352941177	19.6862745098039	22.5654901960784	26.0686274509804	35.2156862745098	27.5686274509804
"474"	"YC21:1474"	2	487	"INBRED 109"	"1"	1.92156862745098	1.41176470588236	1.99999999999999	1.96078431372548	1.21568627450981	0.392156862745097	5.47921568627451	8.45490196078431	10.1960784313726	12.4988235294118	11.4117647058824
"475"	"YC21:1475"	2	466	"WXB6"	"1"	2.43137254901961	1.29411764705883	2.07843137254901	1.88235294117646	1.29411764705883	0.509803921568629	1.37254901960785	1.84313725490196	2.86274509803922	2.66666666666667	17.8490196078431
"476"	"YC21:1476"	2	477	"B68"	"1"	1.96078431372549	1.68627450980393	2.58823529411764	1.96078431372548	1.41176470588236	1.29411764705883	18.4313725490196	22.7733333333333	23.7254901960784	28.7733333333333	24.6666666666667
"477"	"YC21:1477"	2	417	"IDS28"	"1"	2.16823529411765	1.45098039215687	1.92156862745097	1.96078431372548	4.94117647058824	4.94117647058824	20.1066666666667	25.4901960784314	26.2745098039216	31.6470588235294	28.2941176470588
"478"	"YC21:1478"	2	365	"PHJ70"	"1"	2	1.05882352941177	2.15686274509803	1.68627450980392	1.37254901960785	3.28588235294118	20.5772549019608	27.1039215686274	27.9141176470588	32.1537254901961	29.0196078431372
"479"	"YC21:1479"	2	326	"J8606"	"1"	1.92156862745098	0.941176470588243	1.88235294117646	1.56862745098039	1.25490196078432	0.470588235294118	1.29411764705883	1.28313725490196	2.8686274509804	15.803137254902	10.9078431372549
"480"	"YC21:1480"	2	491	"LH211"	"1"	1.76470588235295	1.45098039215687	2.31372549019607	2.11764705882352	1.5686274509804	0.509803921568629	1.25490196078432	1.90784313725489	1.52941176470589	1.41176470588235	1.17647058823529
"481"	"YC21:1481"	2	429	"MS24A"	"1"	1.56862745098039	1.6078431372549	2.9756862745098	3.08705882352942	4.35999999999999	4.73411764705883	20.4372549019608	25.3333333333333	24.3196078431373	25.8039215686275	21.6862745098039
"482"	"YC21:1482"	2	411	"E8501"	"1"	1.92156862745098	1.2156862745098	2.15686274509804	1.84	1.87137254901961	4.3921568627451	18.7733333333333	23.1043137254902	25.2941176470588	28.3980392156863	26.0890196078431
"483"	"YC21:1483"	2	263	"LH199"	"1"	1.96078431372549	1.33333333333333	2.45960784313726	2.11764705882353	2.82274509803921	3.56862745098039	16.6333333333333	20.2352941176471	20.8039215686275	23.4290196078431	20.9976470588235
"484"	"YC21:1484"	2	463	"W817G"	"1"	1.84313725490196	1.13725490196078	2.03921568627451	1.64705882352941	1.49019607843137	0.784313725490193	9.43098039215688	19.6	12.2556862745098	26.2921568627451	23.6078431372549
"485"	"YC21:1485"	2	342	"LH60"	"1"	2.23529411764705	1.52941176470588	2.31372549019608	2.24862745098039	3.94980392156863	4.74509803921569	21.9137254901961	29.0980392156863	28.9019607843137	33.0647058823529	29.678431372549
"486"	"YC21:1486"	2	318	"H91"	"1"	2.50980392156862	1.68627450980392	3.2156862745098	2.83686274509804	6.70588235294118	5.52941176470588	22.9411764705882	29.1764705882353	29.2047058823529	32.7450980392157	27.0313725490196
"487"	"YC21:1487"	2	473	"A619"	"1"	2.27450980392156	1.52941176470588	2.98039215686275	6.27450980392157	8.83686274509804	5.45098039215687	22.5098039215686	30.3980392156863	31.596862745098	33.8713725490196	28.3137254901961
"488"	"YC21:1488"	2	488	"J47"	"1"	1.88235294117647	1.92156862745097	3.13725490196078	3.89490196078432	2	1.29411764705882	20.7058823529412	26.3764705882353	25.5686274509804	32.5490196078431	28.4705882352941
"489"	"YC21:1489"	2	492	"LH65"	"1"	2.11764705882353	1.92156862745098	2.74509803921569	2.65568627450981	1.64705882352942	0.998039215686244	21.0705882352941	28.7117647058823	25.0588235294118	34.6274509803922	26.9019607843137
"490"	"YC21:1490"	2	329	"L 289"	"1"	2.66666666666666	1.92156862745098	3.45098039215686	7.68627450980392	7.80392156862746	6.15254901960784	25.2156862745098	31.2549019607843	32.1960784313726	35.4117647058824	31.3333333333333
"491"	"YC21:1491"	2	294	"78551S"	"1"	2.07843137254902	1.2156862745098	1.84313725490195	1.96078431372549	1.33333333333333	2.70588235294117	18.9607843137255	24.4486274509804	25.1372549019608	29.6360784313725	25.1176470588235
"492"	"YC21:1492"	2	455	"Va35"	"1"	2.19607843137255	1.96078431372549	3.25490196078432	2.50980392156862	3.66901960784313	4.15686274509804	18.3137254901961	22.9058823529412	24.2019607843137	28.3725490196078	24.2352941176471
"493"	"YC21:1493"	2	424	"LH194"	"1"	2.11764705882353	1.68627450980393	2.27450980392157	2.62745098039215	2.19843137254901	3.63607843137255	16.7843137254902	20.6949019607843	20.7705882352941	24.6666666666667	23.2549019607843
"494"	"YC21:1494"	2	276	"PHW52"	"1"	2.27450980392157	1.76470588235295	3.10941176470588	3.67686274509804	6.11764705882352	4.96941176470588	19.8713725490196	24.7121568627451	23.5921568627451	27.3725490196078	24.0392156862745
"495"	"YC21:1495"	2	509	"4F-35 BK"	"1"	2.27450980392157	1.49019607843138	2.54901960784314	1.99999999999999	1.49019607843137	0.627450980392155	12.4988235294118	16.8823529411765	17.3392156862745	20.6666666666667	18.3921568627451
"496"	"YC21:1496"	2	351	"N28Ht"	"1"	1.80392156862746	1.80392156862746	2.90196078431373	2.31372549019608	3.52941176470589	3.68627450980392	16.2352941176471	21.2941176470588	24.156862745098	28.0980392156863	26.3529411764706
"497"	"YC21:1497"	2	360	"NY 166 (Neveh Yaar)"	"1"	1.92156862745098	1.49019607843138	2.35294117647059	1.92156862745098	1.5686274509804	2.19607843137255	17.5294117647059	38.2635294117647	23.8156862745098	31.5043137254902	27.456862745098
"498"	"YC21:1498"	2	338	"LH214"	"1"	2	1.49019607843138	2.15686274509804	7.49019607843138	8.66196078431373	5.80392156862745	23.5294117647059	30.921568627451	29.6862745098039	34.9517647058824	30.1176470588235
"499"	"YC21:1499"	2	401	"B14"	"1"	1.88235294117647	1.33333333333334	1.68627450980392	1.60784313725491	1.92156862745099	4.15686274509804	21.8823529411765	30.118431372549	29.5352941176471	34.3341176470588	28.7623529411765
"500"	"YC21:1500"	2	281	"TZU-CHIAO-HSI-WU 105"	"1"	2.30588235294119	1.76470588235295	2.66666666666667	4.86941176470589	9.52941176470588	6.23529411764706	23.0196078431373	28.8235294117647	30.4313725490196	34.043137254902	28.9078431372549
"501"	"YC21:1501"	2	373	"PHT22"	"1"	1.88235294117647	1.41176470588236	2.07843137254902	1.64705882352942	1.37254901960785	1.13725490196078	19.376862745098	25.3505882352941	24.6274509803922	31.1764705882354	25.5294117647059
"502"	"YC21:1502"	2	414	"H110"	"1"	1.92156862745098	1.25490196078432	1.84313725490195	2.3921568627451	3.7929411764706	5.3956862745098	22.6666666666667	28.7313725490196	29.9607843137255	42.6949019607843	29.0196078431372
"503"	"YC21:1503"	2	333	"LH190"	"1"	1.72549019607843	1.5686274509804	2.47058823529411	2.35294117647059	4.7843137254902	4.3921568627451	19.4509803921569	24.0564705882353	24.5882352941176	28.8125490196078	26.9411764705882
"504"	"YC21:1504"	2	431	"N218"	"1"	2.31372549019607	1.25490196078431	1.96078431372548	1.84313725490196	1.49019607843138	1.64705882352941	16.6980392156863	19.9172549019608	20.7121568627451	25.9513725490196	21.7537254901961
"505"	"YC21:1505"	2	444	"PHR03"	"1"	1.92156862745098	1.64705882352941	2.2243137254902	4.24862745098039	5.04784313725491	3.92156862745098	20.078431372549	24.6666666666667	26.4705882352941	33.9498039215686	29.921568627451
"506"	"YC21:1506"	2	283	"W607S"	"1"	2.11764705882353	1.37254901960784	2.47058823529412	2.35294117647059	2.3921568627451	4.07843137254902	20.1960784313725	24.2745098039216	26.3196078431372	30.4705882352941	28.0956862745098
"507"	"YC21:1507"	2	468	"Yu796 NS"	"1"	1.88235294117648	1.37254901960784	2.11764705882353	3.3356862745098	3.63607843137255	4	17.921568627451	22.6729411764706	23.7647058823529	28.9411764705882	24.2745098039216
"508"	"YC21:1508"	2	266	"LP1 NR HT"	"1"	2.62745098039216	1.25490196078431	1.84313725490197	1.68627450980392	1.33333333333333	3.72549019607843	17.1654901960784	22.1176470588235	23.7647058823529	28.8980392156863	24.8803921568627
"509"	"YC21:1509"	2	324	"INBRED 309"	"1"	1.76470588235294	1.13725490196078	2.19607843137255	1.84313725490195	1.29411764705882	0.776470588235292	11.6274509803922	12.6666666666667	16.5745098039216	24.3137254901961	24.5450980392157
"510"	"YC21:1510"	2	400	"B110"	"1"	2.07843137254902	1.88235294117648	3.26627450980392	2.35294117647059	1.80392156862744	1.29411764705883	12.1960784313726	17.6862745098039	20.7843137254902	25.5686274509804	25.3725490196078
"511"	"YC21:1511"	2	314	"H114"	"1"	1.6078431372549	1.64705882352942	2.01137254901961	2.03921568627451	1.09803921568627	3.76470588235295	16.156862745098	21.4901960784314	21.9607843137255	26.7058823529412	21.9607843137255
"512"	"YC21:1512"	2	350	"N215"	"1"	2.19607843137255	1.5686274509804	2.35294117647059	1.96078431372549	1.64705882352942	2.03921568627452	17.7066666666667	22.8235294117647	23.8098039215686	29.1086274509804	24.9803921568627
"513"	"YC21:1513"	2	269	"Pa875"	"1"	2.07843137254901	1.41176470588236	2.23529411764706	3.19411764705882	4.63882352941176	4.84392156862746	19.8713725490196	25.6862745098039	27.5294117647059	33.5874509803922	28.1235294117647
"514"	"YC21:1514"	2	469	"B105"	"1"	2.0392156862745	1.52941176470589	2.54901960784314	1.96078431372549	3.49019607843138	3.9607843137255	18.2635294117647	22.4372549019608	24.9803921568627	31.4235294117647	27.0450980392157
"515"	"YC21:1515"	2	274	"PHN29"	"1"	1.42509803921568	1.49019607843138	1.80392156862746	1.64705882352941	1.36156862745099	4.31372549019608	17.8035294117647	22.8627450980392	25.1039215686275	30.8627450980392	26.5882352941176
"516"	"YC21:1516"	2	449	"R226"	"1"	2.34509803921569	1.49019607843138	1.96078431372549	2.54901960784314	2.50509803921569	3.33333333333334	18.4596078431373	22.7450980392157	24.7235294117647	30.6274509803922	25.9607843137255
"517"	"YC21:1517"	2	312	"CQ702RC"	"1"	1.68627450980393	1.1764705882353	1.37254901960784	1.68627450980392	1.92156862745099	2.98039215686275	20.2803921568627	23.9137254901961	26.8294117647059	30.9078431372549	25.3725490196078
"518"	"YC21:1518"	2	383	"W22"	"1"	1.60784313725491	1.5686274509804	2.19254901960784	3.16549019607843	5.58196078431372	4.20156862745098	17.6662745098039	21.6862745098039	23.2941176470588	29.3223529411765	25.3113725490196
"519"	"YC21:1519"	2	403	"B47"	"1"	1.72549019607844	1.09803921568627	2.15686274509803	1.6078431372549	1.37647058823529	0.392156862745097	8.0819607843137	8.32078431372549	16.4941176470588	20.6	20.7058823529412
"520"	"YC21:1520"	2	264	"LH204"	"1"	2.20941176470588	1.13725490196078	1.96078431372549	2.03921568627451	3.33333333333333	4.18509803921569	19.1901960784314	23.6392156862745	25.8823529411765	31.0372549019608	25.2549019607843
"521"	"YC21:2001"	1	109	"DK78002A"	"2"	2.27450980392157	1.4549019607843	2.90117647058824	2.97254901960785	7.33333333333333	5.42039215686275	22	27.3333333333333	27.7705882352941	32.8039215686274	27.456862745098
"522"	"YC21:2002"	1	125	"ML606"	"2"	2.03921568627451	1.92156862745097	2.94117647058824	3.72549019607843	4.56039215686274	4.98039215686275	21.263137254902	25.5686274509804	27.6078431372549	32.9019607843137	27.2156862745098
"523"	"YC21:2003"	1	208	"A632"	"2"	2.03921568627451	1.37254901960784	1.92156862745098	1.68627450980393	1.33333333333333	4.58823529411768	18.9411764705882	25.9137254901961	25.6921568627451	31.6529411764706	24.3529411764706
"524"	"YC21:2004"	1	98	"A374"	"2"	1.84313725490196	1.69960784313725	2.27450980392157	7.67529411764706	11.0156862745098	6.58823529411765	24.1176470588235	29.0254901960784	31.3058823529412	34.8627450980392	30.3137254901961
"525"	"YC21:2005"	1	71	"ICI581"	"2"	1.88235294117647	1.33333333333333	2.3643137254902	5.03294117647059	5.83215686274509	5.09803921568628	22.0843137254902	26.4313725490196	28.6333333333333	33.5686274509804	27.6137254901961
"526"	"YC21:2006"	1	202	"2MA22"	"2"	2.07843137254902	1.33333333333333	1.76470588235295	2.10666666666667	3.78196078431372	4.54274509803922	20.2352941176471	23.3725490196078	25.5686274509804	30.3803921568627	27.1372549019608
"527"	"YC21:2007"	1	2	"A385"	"2"	1.88235294117646	1.44	2.2878431372549	4.31372549019608	6.74509803921568	5.45098039215687	21.4501960784314	25.6360784313725	27.4007843137255	29.4117647058823	23.6470588235294
"528"	"YC21:2008"	1	25	"Oh43"	"2"	3.83529411764706	1.84313725490195	3.64705882352941	7.29411764705882	8.06745098039215	5.52941176470588	21.1764705882353	24.8235294117647	27.3141176470588	29.118431372549	24.3921568627451
"529"	"YC21:2009"	1	200	"78010"	"2"	3.09803921568627	1.72549019607844	2.4313725490196	4.90196078431372	4.23529411764706	4.62745098039216	20.9411764705882	24.4764705882353	25.0196078431373	26.7450980392157	22.8235294117647
"530"	"YC21:2010"	1	186	"PHW17"	"2"	2	0.980392156862742	1.68627450980392	2.80156862745098	5.50823529411764	5.25490196078431	22.5250980392157	26.7341176470588	29.6470588235294	31.7705882352941	27.596862745098
"531"	"YC21:2011"	1	195	"W8304"	"2"	2.07843137254902	1.13725490196078	1.84313725490196	2.74509803921568	5.98901960784313	5.04784313725491	20.256862745098	25.1764705882353	33.7301960784314	33.1627450980392	28.2019607843137
"532"	"YC21:2012"	1	227	"LH74"	"2"	1.72549019607844	1.41176470588236	2.31372549019607	2.35294117647058	1.61921568627451	3.80392156862745	18.4313725490196	24.0325490196078	25.4117647058824	30.1352941176471	24.7901960784314
"533"	"YC21:2013"	1	86	"PHP02"	"2"	2.23529411764706	1.41176470588236	2.4313725490196	2.78431372549019	4.14588235294118	4.07254901960784	18.2745098039216	22.1458823529412	23.1827450980392	29.5294117647059	24.3137254901961
"534"	"YC21:2014"	1	197	"792"	"2"	2.27450980392157	1.49019607843138	2.11764705882353	2.52117647058823	1.72549019607843	3.97333333333334	18.2043137254902	21.7372549019608	25.9254901960784	31.741568627451	27.0313725490196
"535"	"YC21:2015"	1	54	"LH222"	"2"	1.92156862745098	1.17647058823529	2.77333333333334	3.74274509803922	5.89803921568627	5.37254901960785	21.1372549019608	25.1372549019608	26.9470588235294	42.1062745098039	23.1152941176471
"536"	"YC21:2016"	1	181	"PHHV4"	"2"	2.23529411764706	1.30549019607843	2.70588235294118	4.03921568627451	5.00862745098039	5.33333333333334	20.9019607843137	23.6160784313726	27.4901960784314	36.9274509803922	27.0647058823529
"537"	"YC21:2017"	1	21	"IA2132"	"2"	2.18509803921569	1.60784313725491	2	1.68627450980392	1.29411764705882	2.23529411764706	17.1050980392157	21.2047058823529	36.8470588235294	27.2549019607843	23.1039215686274
"538"	"YC21:2018"	1	103	"A73"	"2"	2.15686274509804	1.37254901960784	3.05882352941177	6.11764705882353	7.84313725490195	4.7843137254902	18.1960784313725	22.3419607843137	24.2019607843137	27.5686274509804	23.2549019607843
"539"	"YC21:2019"	1	127	"MS153"	"2"	1.96078431372548	1.2156862745098	2.15686274509804	1.87764705882353	1.25490196078431	2.66666666666667	19.8321568627451	20.7733333333333	22.756862745098	24.521568627451	19.9333333333333
"540"	"YC21:2020"	1	151	"B-18 INBR.FR.SUPERGOLD"	"2"	1.65372549019607	1.26627450980392	3.41176470588236	6.37019607843138	9.37254901960784	6.02823529411765	22.078431372549	28.1176470588235	30.0392156862745	33.0588235294118	26.9803921568627
"541"	"YC21:2021"	1	11	"W9"	"2"	2.07843137254902	1.45098039215686	2.82352941176471	3.01960784313726	5.84313725490196	6.03921568627451	23.4509803921569	28.2019607843137	31.7427450980392	34.1176470588235	28.5549019607843
"542"	"YC21:2022"	1	161	"DKPB80"	"2"	1.97215686274509	1.52941176470588	2.3921568627451	3.09803921568628	6.6556862745098	4.98039215686275	20.4705882352941	24.8756862745098	27.8713725490196	31.7705882352941	27.1666666666667
"543"	"YC21:2023"	1	77	"LP5"	"2"	2.19607843137255	1.37254901960784	3.17647058823529	7.67529411764707	8.65568627450981	5.59411764705882	22.5490196078431	27.0980392156863	28.3921568627451	31.6925490196078	27.3392156862745
"544"	"YC21:2024"	1	69	"IBC2"	"2"	2.43137254901961	1.45098039215686	2.15686274509803	2.31372549019608	1.72549019607843	3.97803921568628	20.3529411764706	24.9411764705882	26.0392156862745	31.8823529411765	28.1066666666667
"545"	"YC21:2025"	1	7	"OQ403"	"2"	1.84313725490197	1.80392156862745	2.70588235294118	2.50980392156863	2.66666666666667	3.6486274509804	21.5294117647059	27.4509803921569	28.0278431372549	31.3450980392157	25.6470588235294
"546"	"YC21:2026"	1	110	"DKFBHJ"	"2"	2.19607843137255	1.45098039215687	2	1.71450980392156	1.80392156862746	3.62509803921569	20.4878431372549	26.078431372549	26.5882352941176	31.1372549019608	26.5098039215686
"547"	"YC21:2027"	1	102	"A682"	"2"	2.3921568627451	2.02823529411765	3.13725490196078	2.66666666666667	1.80392156862746	2.52313725490196	19.843137254902	25.0980392156863	25.1039215686274	32.078431372549	24.7901960784314
"548"	"YC21:2028"	1	123	"LH82"	"2"	2.50980392156863	1.37254901960785	1.84313725490197	2.02823529411765	3.4007843137255	4.90196078431373	18.7117647058824	24.4705882352941	24.8235294117647	28.9803921568627	24.5098039215686
"549"	"YC21:2029"	1	198	"2369"	"2"	2.07843137254901	1.45098039215687	2	2.74509803921569	5.73882352941177	5.37254901960785	20.3588235294118	28.3137254901961	26.2803921568627	29.1372549019608	24.8164705882353
"550"	"YC21:2030"	1	89	"PHR30"	"2"	1.92156862745097	1.68627450980393	2.41176470588236	2.11764705882353	4.52941176470589	5.37254901960785	21.0254901960784	26.6470588235294	27.816862745098	32.88	28.1686274509804
"551"	"YC21:2031"	1	243	"PHK76"	"2"	2.50980392156862	1.76470588235295	2.98039215686274	3.17019607843137	5.93294117647058	5.38549019607842	22.88	28.0450980392157	30.323137254902	35.2941176470588	30.6274509803922
"552"	"YC21:2032"	1	229	"Mo17"	"2"	1.92156862745098	1.37254901960784	1.96078431372549	2.11764705882353	4.7792156862745	5.70235294117646	22.6666666666667	27.5294117647059	28.3137254901961	35.7509803921569	29.5549019607843
"553"	"YC21:2033"	1	9	"T242"	"2"	2.3921568627451	1.49019607843137	2.74509803921568	3.09803921568628	7.73176470588235	5.40078431372548	22.7450980392157	30.0392156862745	29.6862745098039	33.1592156862745	27.2980392156863
"554"	"YC21:2034"	1	196	"DJ7"	"2"	1.96078431372549	1.6078431372549	2.86274509803922	2.66666666666667	3.49019607843137	5.00196078431371	22.9607843137255	26.4905882352941	27.3866666666667	32.0392156862745	25.6470588235294
"555"	"YC21:2035"	1	118	"LH206"	"2"	2.35294117647059	1.68627450980392	3.37254901960784	5.9227450980392	8.54901960784313	6.27450980392157	23.6666666666667	29.758431372549	28.8235294117647	32.5098039215686	27.221568627451
"556"	"YC21:2036"	1	247	"SD107"	"2"	2.50980392156863	1.84313725490195	2.74509803921569	2.24862745098038	3.49019607843137	5.49921568627451	24.4705882352941	28.9647058823529	28.8686274509804	30.9411764705882	27.0392156862745
"557"	"YC21:2037"	1	250	"Va99"	"2"	2.85490196078431	1.88235294117646	2.90196078431373	7.15058823529411	8.33647058823529	5.56862745098038	23.3392156862745	28.7058823529412	29.0254901960784	32.7450980392157	27.8823529411765
"558"	"YC21:2038"	1	188	"PHW80"	"2"	2.03921568627451	1.49019607843137	2.19607843137255	2.24666666666666	6.35294117647059	5.37254901960784	21.8039215686274	25.9607843137255	27.0588235294118	31.7976470588235	26.6949019607843
"559"	"YC21:2039"	1	106	"CH157"	"2"	2.58823529411765	1.76470588235293	2.86274509803922	4.8235294117647	8.07058823529412	6.31372549019608	24.3137254901961	28.5098039215686	29.1039215686275	30.8627450980392	26.9019607843137
"560"	"YC21:2040"	1	27	"PHGW7"	"2"	2.14588235294118	1.41176470588235	2.50980392156863	3.45098039215686	1.60784313725491	6.27450980392157	23.1039215686274	30.9333333333333	30.6972549019608	32.1490196078431	28.5447058823529
"561"	"YC21:2041"	1	173	"N193"	"2"	2.03921568627451	1.84313725490196	3.0086274509804	7.64705882352941	10.1176470588235	6.54901960784314	24.0392156862745	29.0588235294118	29.7705882352941	31.7647058823529	26.2745098039216
"562"	"YC21:2042"	1	44	"A679"	"2"	2.47058823529412	1.45098039215686	2.82352941176471	3.55764705882353	5.45098039215687	5.72039215686275	23.6078431372549	28.6164705882353	28.9019607843137	31.3450980392157	26.2745098039216
"563"	"YC21:2043"	1	85	"PHKE6"	"2"	2.15686274509804	1.76470588235294	2.90196078431372	2.3921568627451	5.88235294117647	4.94117647058823	20.9517647058824	25.2105882352941	26.6164705882353	28.9411764705882	23.6470588235294
"564"	"YC21:2044"	1	114	"I29"	"2"	2.15686274509803	1.49019607843137	2.70588235294117	4.14039215686274	8.38117647058824	6.03921568627451	21.8039215686275	26.7647058823529	26.1627450980392	27.0254901960784	23.1823529411765
"565"	"YC21:2045"	1	99	"A427"	"2"	2.0392156862745	1.96078431372549	3.1878431372549	8.8235294117647	10.7450980392157	6.50980392156863	24.4705882352941	28.4705882352941	28.0392156862745	29.843137254902	25.3725490196078
"566"	"YC21:2046"	1	105	"B87"	"2"	2.11764705882352	1.76470588235294	2.70588235294118	5.40705882352941	7.64705882352941	6.86274509803921	24.801568627451	29.7929411764706	30.7058823529412	32.078431372549	27.8039215686274
"567"	"YC21:2047"	1	83	"PHJ89"	"2"	2.43137254901961	1.88235294117646	3.61921568627451	6.49333333333333	10.2074509803922	6.11764705882353	21.5294117647059	26.2411764705882	26.9019607843137	28.9862745098039	25.038431372549
"568"	"YC21:2048"	1	90	"PHT69"	"2"	2.47058823529412	1.89372549019607	3.21568627450981	3.29411764705883	7.62039215686275	6.43137254901961	25.1764705882353	29.7345098039216	29.7705882352941	29.8490196078431	26.1823529411765
"569"	"YC21:2049"	1	70	"ICI 193"	"2"	2.43137254901961	1.68627450980393	2.66666666666667	3.1764705882353	7.21568627450981	6.19607843137255	24.156862745098	28.8517647058824	29.1262745098039	32.6980392156863	27.6360784313725
"570"	"YC21:2050"	1	39	"29MIBZ2"	"2"	2.27843137254902	1.76470588235295	2.82352941176471	8.95647058823529	10.7956862745098	6.74509803921569	23.7450980392157	29.0980392156863	27.5686274509804	28.835294117647	24.156862745098
"571"	"YC21:2051"	1	101	"A672"	"2"	2.27450980392157	1.49019607843138	2.47058823529412	1.96078431372549	4.50980392156862	5.90549019607843	23.2549019607843	27.2941176470588	26.6054901960784	27.1764705882353	22.8235294117647
"572"	"YC21:2052"	1	149	"A680"	"2"	2.12901960784314	1.49019607843138	2.43137254901961	2.98039215686275	7.52941176470587	5.76470588235294	23.6862745098039	27.8752941176471	47.8490196078431	32.3070588235294	27.3333333333333
"573"	"YC21:2053"	1	223	"ICI 740"	"2"	2.11764705882353	1.84313725490197	2.7843137254902	2.35294117647059	2.35490196078432	5.27333333333334	22.6666666666667	27.7427450980392	27.8039215686274	30.4596078431373	25.5686274509804
"574"	"YC21:2054"	1	13	"91IFC2"	"2"	2.50980392156863	1.92156862745098	2.62274509803922	3.52941176470588	4.14588235294118	4.8235294117647	20.5882352941176	26.9137254901961	27.843137254902	28.156862745098	25.0843137254902
"575"	"YC21:2055"	1	222	"H42"	"2"	2.66666666666667	1.72549019607843	2.31372549019608	2.11764705882353	1.37254901960785	0.862745098039214	13.7372549019608	20.7450980392157	20.9803921568627	25.843137254902	22.078431372549
"576"	"YC21:2056"	1	182	"PHJ90"	"2"	2.63137254901961	1.68627450980392	2.86274509803922	3.24392156862745	6	5.29411764705882	19.8039215686275	25.3725490196078	25.2941176470588	26.6478431372549	22.4705882352941
"577"	"YC21:2057"	1	235	"N6"	"2"	2.31372549019608	1.84313725490197	3.17647058823529	2.65882352941177	1.88235294117646	3.2156862745098	17.1262745098039	22.1176470588235	23.378431372549	25.6529411764706	21.8039215686274
"578"	"YC21:2058"	1	245	"R113"	"2"	2.62745098039216	1.8078431372549	2.99176470588235	2.50980392156863	1.84313725490196	3.20470588235294	17.6078431372549	21.5196078431373	22.6666666666667	25.6470588235294	22.156862745098
"579"	"YC21:2059"	1	20	"Ia 453"	"2"	2.03921568627451	1.96078431372549	3.01960784313726	2.98039215686275	5.29411764705882	4.47058823529411	16.7121568627451	21.1098039215686	20.3529411764706	22.3588235294118	19.1823529411765
"580"	"YC21:2060"	1	68	"FBLA"	"2"	2.27450980392157	1.45098039215686	2.7843137254902	2.77333333333333	3.38392156862745	3.45098039215686	19.9670588235294	22.8686274509804	24.0674509803922	23.3435294117647	21.6196078431373
"581"	"YC21:2061"	1	207	"A627"	"2"	2.50980392156863	1.29411764705882	2.0113725490196	1.88235294117646	1.25490196078431	0.745098039215685	16.8627450980392	17.3333333333333	19.2333333333333	24.1454901960784	22.4039215686274
"582"	"YC21:2062"	1	219	"DE4"	"2"	2.70588235294118	2.0392156862745	3.37254901960784	4.66666666666667	5.93411764705881	5.28313725490196	21.6862745098039	28.7901960784314	26.443137254902	34.078431372549	28.098431372549
"583"	"YC21:2063"	1	180	"PHBA6"	"2"	2.3921568627451	1.96078431372548	2.98039215686275	4.56627450980393	6.85803921568627	5.92156862745098	23.6862745098039	29.5607843137255	30.1235294117647	32.1235294117647	27.8823529411765
"584"	"YC21:2064"	1	178	"Pa405"	"2"	2.50980392156863	1.96078431372548	3.13725490196078	2.98039215686275	4.74509803921568	5.41176470588235	22.0454901960784	26.9019607843137	26.4094117647059	49.7650980392157	26.9803921568627
"585"	"YC21:2065"	1	116	"LH145"	"2"	2.31372549019608	1.76470588235294	3.14862745098039	2.54901960784313	7.40705882352941	5.96078431372549	22.2745098039216	25.2941176470588	26.7843137254902	27.8823529411765	23.7705882352941
"586"	"YC21:2066"	1	242	"PHG86"	"2"	2.43137254901961	1.76470588235294	2.47058823529412	2.27450980392156	1.41176470588236	2.95450980392157	19.1803921568627	25.0980392156863	24.1176470588235	29.6007843137255	25.5745098039216
"587"	"YC21:2067"	1	260	"B73"	"2"	2.54901960784313	1.41176470588235	2.15686274509804	3.37254901960785	4.51607843137255	4.48509803921568	22.0392156862745	26.078431372549	24.7592156862745	28.801568627451	24.4705882352941
"588"	"YC21:2068"	1	156	"BO9"	"2"	2.23529411764706	1.72549019607844	3.35058823529412	7.59843137254902	10.2466666666667	6.07843137254901	23.1627450980392	28.3529411764706	29.2666666666667	31.0980392156863	27.0647058823529
"589"	"YC21:2069"	1	215	"B107"	"2"	2.66666666666666	1.68627450980393	2.70588235294118	2.27450980392157	3.25490196078431	5.49019607843136	20.8235294117647	27.0478431372549	29.0196078431372	30.0196078431373	25.5686274509804
"590"	"YC21:2070"	1	253	"PH207"	"2"	2.47058823529411	2.19607843137255	3.17647058823529	4.89098039215686	7.79294117647058	6.15686274509803	23.3333333333333	29.4509803921569	29.5745098039216	30.7117647058823	26.1372549019608
"591"	"YC21:2071"	1	225	"ICI 986"	"2"	2.23529411764705	1.80392156862746	3.48549019607843	3.56862745098039	8.39215686274509	5.76470588235293	24.4313725490196	28.8235294117647	30.2941176470588	32.078431372549	27.596862745098
"592"	"YC21:2072"	1	218	"C103"	"2"	2.07843137254901	1.52941176470589	2.53803921568627	2.3921568627451	2.89098039215687	1.13725490196078	22.3137254901961	23.8603921568627	25.6392156862745	28.9019607843137	25.6529411764706
"593"	"YC21:2073"	1	210	"A648"	"2"	2.23921568627452	1.37254901960785	2.35294117647058	1.88235294117647	1.64705882352942	1.80392156862745	16.3811764705882	21.3333333333333	22.4039215686274	27.9666666666667	22.7843137254902
"594"	"YC21:2074"	1	142	"CH9"	"2"	2.11764705882353	1.37254901960785	2.31372549019607	2.49882352941177	3.4964705882353	4.07843137254901	20.4596078431373	25.9274509803921	26.3980392156863	31.7705882352941	27.3725490196078
"595"	"YC21:2075"	1	41	"A340"	"2"	1.88235294117648	1.80392156862746	2.58823529411765	5.8321568627451	8.03921568627451	6.07647058823529	23.2078431372549	28.1960784313725	28.5882352941176	33.163137254902	30.4313725490196
"596"	"YC21:2076"	1	251	"PH207"	"2"	2.54901960784314	1.33333333333334	1.81764705882353	3.33333333333333	8.34823529411765	6.10666666666667	22.4372549019608	29.921568627451	29.1372549019608	30.5772549019608	26.7254901960784
"597"	"YC21:2077"	1	226	"LH127"	"2"	2.11764705882353	1.52941176470589	2.50980392156863	2.90196078431372	5.98901960784314	6.50980392156863	24.2352941176471	30.5941176470588	30.0450980392157	31.2156862745098	26.7254901960784
"598"	"YC21:2078"	1	48	"IBB14"	"2"	2.58823529411765	1.76470588235294	2.50980392156863	4.15686274509804	6.27450980392157	6.7450980392157	26.2745098039216	31.2156862745098	31.5294117647059	33.1372549019608	27.7145098039216
"599"	"YC21:2079"	1	203	"6F629"	"2"	2.11764705882353	1.72549019607844	2.67803921568627	2.78431372549019	5.46235294117647	5.93803921568627	24.0956862745098	27.4117647058824	28.1176470588235	31.6862745098039	26.7843137254902
"600"	"YC21:2080"	1	52	"LH166"	"2"	2.50980392156863	1.45098039215687	2.74509803921569	4.24666666666666	7.21568627450981	5.94274509803922	22.9694117647059	27.8823529411765	27.6078431372549	29.9254901960784	24.7058823529412
"601"	"YC21:2081"	1	169	"LH209"	"2"	1.96078431372549	1.72549019607844	2.87411764705882	7.6078431372549	9.1764705882353	6.19607843137255	24.3921568627451	29.5686274509804	30.5098039215686	32.7843137254902	28
"602"	"YC21:2082"	1	22	"L 135"	"2"	2.15686274509804	1.64705882352941	2.82352941176471	5.25490196078432	9.45098039215686	6.58823529411765	25.1372549019608	29.4509803921569	29.283137254902	30.3529411764706	25.3796078431373
"603"	"YC21:2083"	1	193	"W605S"	"2"	2	1.76470588235293	2.99176470588235	6.03921568627452	5.52941176470589	5.92156862745098	22.7058823529412	27.596862745098	28.2411764705882	32.3	27.1823529411765
"604"	"YC21:2084"	1	32	"PHVA9"	"2"	2.47058823529412	1.25490196078431	2.39215686274509	3.21568627450981	5.17647058823529	6.23529411764706	22.5098039215686	26.958431372549	27.2047058823529	28.4705882352941	24.7647058823529
"605"	"YC21:2085"	1	49	"IBB15"	"2"	2.35294117647058	1.6078431372549	2	2.53803921568628	3.64705882352941	4.98039215686275	21.0588235294118	25.6137254901961	27.0125490196078	29.4509803921569	25.2549019607843
"606"	"YC21:2086"	1	231	"MS132"	"2"	2.4313725490196	1.88235294117646	3.41176470588235	2.66666666666667	4	4.62745098039216	19.2156862745098	24.4509803921569	25.4235294117647	30.3137254901961	24.8686274509804
"607"	"YC21:2087"	1	164	"INBRED 2-687"	"2"	1.96078431372549	1.41176470588235	2.23921568627452	2.34196078431373	1.52941176470588	2.26352941176471	15.7145098039216	19.7819607843137	20.9862745098039	27.6278431372549	26.3529411764706
"608"	"YC21:2088"	1	10	"W701BC"	"2"	1.84313725490195	1.80392156862744	3.10196078431373	2.70588235294118	3.68627450980392	3.80392156862745	16.3023529411765	20.9694117647059	21.3333333333333	26.2078431372549	21.843137254902
"609"	"YC21:2089"	1	240	"PHB09"	"2"	2.11764705882353	1.29411764705882	2.09098039215686	3.17176470588235	5.33843137254901	4.86274509803922	19.7647058823529	25.0372549019608	25.5686274509804	30.0392156862745	25.2549019607843
"610"	"YC21:2090"	1	88	"PHP76"	"2"	2.23529411764706	1.64705882352942	2.15686274509804	2.62745098039215	3.45098039215686	4.36705882352942	19.2094117647059	23.2941176470588	25.5909803921569	29.6921568627451	24.7843137254902
"611"	"YC21:2091"	1	74	"LH295"	"2"	1.80392156862746	1.37254901960785	2	2.66666666666666	1.17647058823529	4.42352941176471	18.078431372549	21.1549019607843	23.2439215686275	26.835294117647	22.5380392156863
"612"	"YC21:2092"	1	37	"793"	"2"	2.27450980392157	1.37254901960785	2.54901960784314	5.29411764705882	6.54901960784314	5.44	20.3529411764706	24.0450980392157	25.5576470588235	31.6274509803921	24.9921568627451
"613"	"YC21:2093"	1	129	"MS224"	"2"	2.02823529411765	1.18941176470589	2.15686274509804	5.05882352941176	7.29568627450981	4.93019607843138	20.2243137254902	24.6274509803922	26.5686274509804	33.2156862745098	28.2019607843137
"614"	"YC21:2094"	1	221	"DKIB014"	"2"	1.96078431372549	1.5686274509804	2.35294117647059	2.0392156862745	1.56745098039216	4.03921568627451	17.7647058823529	22.1176470588235	23.0980392156863	28.6862745098039	23.9607843137255
"615"	"YC21:2095"	1	53	"LH172"	"2"	2.11764705882353	1.29411764705883	1.80392156862744	1.68627450980393	1.09803921568628	0.392156862745097	10.7733333333333	9.68627450980392	17.3058823529412	21.3509803921569	17.8317647058823
"616"	"YC21:2096"	1	191	"W602S"	"2"	2.11764705882353	1.5686274509804	2.32705882352941	1.92156862745098	1.37254901960785	0.705882352941174	10.3925490196078	13.1372549019608	19.2760784313726	23.1941176470588	21.9666666666667
"617"	"YC21:2097"	1	171	"MS1334"	"2"	1.80392156862745	1.09803921568628	1.60784313725491	1.64705882352942	1.05882352941177	0.588235294117645	2.85176470588235	1.47058823529412	6.20196078431372	12.6058823529412	10.8411764705882
"618"	"YC21:2098"	1	194	"W612S"	"2"	2	1.22901960784314	2.03921568627451	2.03921568627451	1.37254901960785	1.42509803921568	15.5745098039216	19.4901960784314	20.4039215686274	25.3	20.8235294117647
"619"	"YC21:2099"	1	206	"A401"	"2"	2.15686274509803	1.37254901960784	2	1.76470588235295	2.73411764705883	3.29411764705882	16.4705882352941	22.5270588235294	23.8713725490196	27.9078431372549	24.6274509803922
"620"	"YC21:2100"	1	63	"W64A"	"2"	2.11764705882353	1.17647058823529	1.5686274509804	4.2243137254902	7.00705882352941	5.56862745098039	21.4117647058824	26.5882352941177	27.5780392156863	28.6666666666667	23.8882352941177
"621"	"YC21:2101"	1	145	"2FACC"	"2"	2.07843137254902	1.68627450980393	2.20941176470588	4.74509803921569	9.44627450980392	6.03921568627451	21.7929411764706	26.1960784313725	27.6470588235294	30.9862745098039	26.1235294117647
"622"	"YC21:2102"	1	58	"NK778"	"2"	2.19607843137255	1.37254901960785	2.03921568627451	2.19607843137255	5.37254901960785	5.88235294117647	21.0196078431373	27.7411764705882	25.9607843137255	28.6666666666667	23.9333333333333
"623"	"YC21:2103"	1	120	"LH223"	"2"	2.39215686274509	1.37254901960785	4.62745098039216	8.43137254901961	11.4321568627451	7.09803921568627	23.0588235294118	27.6921568627451	27.5352941176471	27.3505882352941	23.2549019607843
"624"	"YC21:2104"	1	172	"MS71"	"2"	3.72078431372549	2.11764705882353	3.25490196078431	5.0886274509804	7.88235294117647	5.60392156862745	21.5294117647059	25.4509803921569	26.1176470588235	30.3529411764706	25.143137254902
"625"	"YC21:2105"	1	157	"C123"	"2"	3.2156862745098	1.56862745098039	3.49686274509804	5.66039215686274	8.62745098039215	6	21.8823529411765	24.0392156862745	27.3392156862745	28.5	24.4117647058824
"626"	"YC21:2106"	1	252	"PH207"	"2"	1.76470588235295	1.52941176470588	2.78431372549019	8.48196078431372	10.476862745098	6.50980392156863	23.3980392156863	30.9411764705882	30.5941176470588	30.8686274509804	26.2352941176471
"627"	"YC21:2107"	1	126	"MQ305"	"2"	2.07843137254902	1.4713725490196	3.37254901960784	6.62745098039215	9.05882352941176	5.84313725490196	23.6117647058823	28.1176470588235	28.2745098039216	29.921568627451	24.8235294117647
"628"	"YC21:2108"	1	154	"B91"	"2"	1.87764705882353	1.45098039215686	2.15686274509803	4.77843137254902	7.58	5.6078431372549	22.9803921568627	29.4509803921569	30.8235294117647	35.1882352941176	29.921568627451
"629"	"YC21:2109"	1	66	"CR 22 INBRED"	"2"	1.96078431372549	1.13725490196078	1.6078431372549	6.83686274509803	9.18941176470588	14.0862745098039	25.9274509803922	32.0392156862745	33.518431372549	36.6666666666667	29.6078431372549
"630"	"YC21:2110"	1	6	"ND265"	"2"	2	1.33333333333333	3.54274509803921	6.8235294117647	10.3921568627451	6.47058823529412	24.9411764705882	31.4117647058823	33.6137254901961	35.1764705882353	30.1176470588235
"631"	"YC21:2111"	1	8	"PHVJ4"	"2"	2.19607843137255	1.33333333333333	2.58039215686275	7.76470588235294	10.6219607843137	6.7843137254902	27.361568627451	33.0588235294118	33.8137254901961	34.078431372549	28.7509803921569
"632"	"YC21:2112"	1	84	"PHJR5"	"2"	1.76470588235295	1.17647058823529	2	2.45960784313725	3.20470588235294	5.68627450980392	24.0039215686274	30.9509803921569	30.7960784313725	35.8882352941176	28.4509803921569
"633"	"YC21:2113"	1	65	"A208"	"2"	2.1607843137255	1.25490196078431	2.03921568627451	2.35294117647059	2.94117647058823	3.25490196078431	19.8356862745098	25.3725490196078	26.7082352941176	30.843137254902	24.4203921568627
"634"	"YC21:2114"	1	108	"DK4676A"	"2"	1.68627450980393	1.33333333333333	2.31372549019608	3.45098039215686	7.30549019607843	6.54901960784314	22.9078431372549	26.3137254901961	27.1262745098039	29.0196078431373	24.6725490196078
"635"	"YC21:2115"	1	16	"AQA3"	"2"	2.03921568627451	1.41176470588235	1.98627450980392	5.37254901960785	9.16039215686275	6.62745098039216	22.5882352941176	25.5352941176471	25.1823529411765	25.7647058823529	22.2243137254902
"636"	"YC21:2116"	1	82	"PHH93"	"2"	1.52941176470588	1.37254901960784	1.76470588235295	2.15686274509804	1.45098039215686	3.92156862745098	20.6164705882353	23.4117647058824	27.1372549019608	29.4509803921569	24.9470588235294
"637"	"YC21:2117"	1	248	"SD40"	"2"	1.96078431372548	1.52941176470588	2.62745098039216	2.54901960784314	3.03098039215686	4	20.7843137254902	23.6862745098039	27.3725490196078	30.5882352941176	26.4901960784314
"638"	"YC21:2118"	1	59	"NK807"	"2"	1.88235294117646	1.57999999999999	2.62745098039216	2.07843137254902	1.33333333333333	3.01960784313725	18.4117647058824	23.6666666666667	24.9301960784314	29.6078431372549	24.3921568627451
"639"	"YC21:2119"	1	61	"W153R"	"2"	2.27450980392156	1.52941176470589	2.43137254901961	2.19607843137255	1.37254901960785	0.784313725490193	14.9588235294118	12.4705882352941	18.2352941176471	20.8627450980392	18.0058823529412
"640"	"YC21:2120"	1	47	"CS405"	"2"	2.50980392156862	1.60784313725491	2.61960784313726	2.45960784313726	5.78196078431373	5.6078431372549	21.7254901960784	27.6647058823529	29.5294117647059	29.283137254902	25.7647058823529
"641"	"YC21:2121"	1	234	"N201"	"2"	2.39215686274509	1.56862745098039	2.70588235294118	2.7843137254902	4.50980392156863	4.86274509803922	21.6752941176471	26.4823529411765	27.6470588235294	31.4901960784314	30.4372549019608
"642"	"YC21:2122"	1	97	"3IJI1"	"2"	2.19607843137254	1.56862745098039	2.0392156862745	2.70588235294118	4.87411764705883	4.11764705882353	18.9411764705882	24.9411764705882	26.4313725490196	32	26.8627450980392
"643"	"YC21:2123"	1	46	"CH753-4"	"2"	2.31372549019608	2.07843137254902	3.64235294117647	2.90196078431373	3.5686274509804	4.97607843137255	19.1572549019608	24.7450980392157	24.2196078431372	28.1066666666667	23.0196078431373
"644"	"YC21:2124"	1	233	"MS226"	"2"	2.70588235294117	1.41568627450981	1.81529411764706	1.80392156862745	1.09803921568627	2.47058823529412	17.0349019607843	22.3027450980392	22.3921568627451	27.7145098039216	25.2941176470588
"645"	"YC21:2125"	1	155	"BEI 10 = NORTH 10"	"2"	2.1607843137255	1.49019607843138	1.92156862745098	1.92156862745097	2.54901960784313	3.95058823529412	17.7254901960784	20.7058823529412	21.378431372549	27.1411764705882	24.9607843137255
"646"	"YC21:2126"	1	31	"PHV37"	"2"	1.92156862745098	1.81529411764706	4.11294117647059	6.35921568627451	9.79294117647058	5.6078431372549	20.7509803921569	26	27.1764705882353	32.0392156862745	28.1176470588235
"647"	"YC21:2127"	1	146	"4F-306 108"	"2"	2.35294117647059	1.68627450980393	2.86274509803922	2.50901960784313	1.88235294117646	2.66666666666667	19.2941176470588	24.3811764705882	24.5098039215686	31.0980392156863	26.4596078431373
"648"	"YC21:2128"	1	246	"R181B"	"2"	2.3921568627451	1.37254901960784	2.38745098039216	2.82352941176471	8.85176470588235	6.14588235294118	24.7058823529412	30.5921568627451	31.4509803921569	36.6494117647059	30.6470588235294
"649"	"YC21:2129"	1	258	"B73"	"2"	2.31372549019608	1.76470588235295	2.43137254901961	2.11764705882353	2.07843137254901	4.31372549019608	21.8627450980392	29.6862745098039	27.3372549019608	33.1917647058823	26.1627450980392
"650"	"YC21:2130"	1	205	"A272"	"2"	2.47058823529412	1.72549019607843	2.54901960784314	3.8321568627451	5.59686274509804	5.09803921568628	22.2745098039216	27.8745098039216	28.4372549019608	34.8039215686274	28.8803921568627
"651"	"YC21:2131"	1	241	"PHG80"	"2"	2.86274509803922	1.68627450980392	2.79764705882353	3.02039215686274	7.56862745098039	5.33333333333334	21.2156862745098	28.2949019607843	26.0713725490196	33.5490196078431	27.8713725490196
"652"	"YC21:2132"	1	176	"NY 159 (Neveh Yaar)"	"2"	2.35294117647059	1.37254901960784	1.99999999999999	1.80392156862746	1.17647058823529	0.627450980392156	17.5686274509804	21.5576470588235	21.7819607843137	27.6196078431373	35.6862745098039
"653"	"YC21:2133"	1	15	"A674"	"2"	2.23529411764705	1.6078431372549	2.24666666666666	3.33333333333334	8.47058823529411	5.45098039215687	21.4176470588235	26.9803921568628	27.4960784313726	28.9301960784314	25.0588235294118
"654"	"YC21:2134"	1	232	"MS211"	"2"	1.96078431372548	1.37254901960784	2.86274509803921	3.68627450980392	5.49254901960784	4.74509803921569	21.3333333333333	26.0058823529412	28.156862745098	30.9803921568627	26.443137254902
"655"	"YC21:2135"	1	256	"B73"	"2"	2.31372549019607	1.49019607843137	2.73411764705882	2.58823529411765	2.08980392156862	3.49019607843138	20.7450980392157	25.4960784313725	25.2549019607843	29.2941176470588	24.9470588235294
"656"	"YC21:2136"	1	45	"CH711-10"	"2"	2.74901960784313	1.64705882352941	2.99764705882353	4.3921568627451	8.85176470588235	6.15686274509804	24	28.2352941176471	28.5098039215686	33.1764705882353	26.3137254901961
"657"	"YC21:2137"	1	76	"LIBC 4"	"2"	2.66666666666666	1.76470588235293	2.68	5.5686274509804	8.43137254901961	5.6078431372549	21.2156862745098	26.4486274509804	27.9505882352941	28.8827450980392	23.8039215686275
"658"	"YC21:2138"	1	3	"A572"	"2"	2.23529411764705	1.45098039215686	2.75647058823529	3.85450980392157	4.82352941176471	5.41176470588236	38.8235294117647	26.9411764705882	27.6529411764706	27.6862745098039	24.7843137254902
"659"	"YC21:2139"	1	29	"PHN11"	"2"	2.58823529411764	1.76470588235294	2.74509803921569	2.89098039215687	5.55764705882353	5.49019607843138	21.4627450980392	28.1066666666667	28.8125490196078	28.1960784313725	24.9411764705882
"660"	"YC21:2140"	1	42	"A548"	"2"	2.66666666666666	1.72549019607843	2.58823529411765	5.37254901960785	9.44	5.6078431372549	22.9803921568627	29.0588235294118	28.4549019607843	30.5301960784314	26.9301960784314
"661"	"YC21:2141"	1	175	"NQ508"	"2"	2.27450980392157	1.88235294117647	3.05882352941176	2.47058823529412	3.92156862745098	5.76588235294118	23.0980392156863	28.7058823529412	29.481568627451	31.9411764705882	27.1960784313725
"662"	"YC21:2142"	1	211	"A659"	"2"	2.27450980392157	1.52941176470588	2.43137254901961	3.64705882352941	5.83215686274511	4.90196078431373	21.9333333333333	27.378431372549	28.6450980392157	32.3309803921569	27.5686274509804
"663"	"YC21:2143"	1	17	"CA-4"	"2"	2.47058823529412	1.88235294117648	3.26823529411764	4.49882352941176	6.50980392156862	4.98039215686275	20.5772549019608	25.1372549019608	27.0647058823529	28.4705882352941	24.6666666666667
"664"	"YC21:2144"	1	111	"DKMBNA"	"2"	2.35294117647059	2	3.01960784313726	5.88235294117647	8.3450980392157	6.07843137254902	22.6392156862745	29.2411764705882	29.6588235294118	28.7509803921569	26.2450980392157
"665"	"YC21:2145"	1	213	"AS6103"	"2"	2.19607843137255	1.84313725490196	3.09803921568628	3.25490196078431	7.41176470588236	6.43137254901961	24	28.5941176470588	28.6333333333333	31.0980392156863	25.1764705882353
"666"	"YC21:2146"	1	19	"FC46"	"2"	2.50980392156863	1.76470588235294	2.58823529411765	2.42039215686274	6.58823529411765	6.11764705882353	21.0980392156863	27	26.4705882352941	27.9549019607843	23.456862745098
"667"	"YC21:2147"	1	144	"W614S"	"2"	3.09803921568627	2.11764705882353	3.29411764705883	2.8235294117647	2.19607843137255	5.84313725490196	22.3027450980392	26.9529411764706	26.9019607843137	28.2988235294118	23.0980392156863
"668"	"YC21:2148"	1	165	"LH132"	"2"	2.35294117647059	1.72549019607843	2.61098039215685	2.80156862745098	6.6164705882353	5.84313725490195	22.1235294117647	27.6141176470588	28.1176470588235	31.1490196078431	26.1764705882353
"669"	"YC21:2149"	1	143	"LH119"	"2"	2.98039215686275	1.72549019607843	3.17647058823529	5.74274509803921	7.73686274509804	5.96078431372549	22.121568627451	27.2274509803922	27.5505882352941	29.0196078431373	25.221568627451
"670"	"YC21:2150"	1	38	"912"	"2"	2.35294117647059	1.76470588235294	3.2156862745098	3.49019607843137	2.43137254901961	3.94980392156863	18.4313725490196	22.5490196078431	22.2745098039216	25.9803921568627	20.6274509803922
"671"	"YC21:2151"	1	40	"A334"	"2"	2.58823529411765	2.03921568627451	3.2156862745098	4.27450980392156	5.75686274509804	3.9607843137255	18.9078431372549	23.4901960784314	24.6274509803922	25.7929411764706	21.143137254902
"672"	"YC21:2152"	1	228	"LH93"	"2"	2.50980392156863	2.00392156862745	3.13725490196078	2.98039215686275	1.96078431372549	2.31372549019608	17.1262745098039	22.4878431372549	23.1372549019608	26.4156862745098	22.9223529411765
"673"	"YC21:2153"	1	91	"PHV57"	"2"	2.35294117647059	1.68627450980393	3.3878431372549	3.05098039215687	4.00000000000001	4.3921568627451	22.003137254902	25.9780392156863	27.9470588235294	28.6333333333333	25.1262745098039
"674"	"YC21:2154"	1	104	"B85"	"2"	2.82352941176471	1.71450980392157	2.54901960784314	2.07843137254901	3.49019607843137	5.00862745098039	24.3019607843137	27.6470588235294	28.443137254902	29.6666666666667	25.6470588235294
"675"	"YC21:2155"	1	201	"2FADB"	"2"	2.19607843137255	1.96078431372549	2.74509803921569	3.58196078431372	9.87137254901961	6.31372549019608	23.3392156862745	27.6282352941177	27.7058823529412	30.1850980392157	25.8952941176471
"676"	"YC21:2156"	1	100	"A649"	"2"	2.50980392156863	2.00392156862746	2.90196078431373	3.92156862745098	8.69490196078431	5.35058823529412	23.8941176470588	27.0870588235294	28.5549019607843	27.6470588235294	24.1388235294118
"677"	"YC21:2157"	1	57	"ND247"	"2"	2.74509803921569	1.45098039215687	2.23529411764705	2.42039215686275	1.88235294117647	3.78039215686275	20.1372549019608	25.6470588235294	25.6643137254902	29.7705882352941	24.7176470588235
"678"	"YC21:2158"	1	94	"ZS635"	"2"	2.67058823529412	1.84313725490197	2.95254901960785	2.53803921568628	6.88	5.31725490196079	22.2745098039216	27.3725490196078	28.4823529411765	31.44	26.6725490196078
"679"	"YC21:2159"	1	184	"PHN82"	"2"	2.31372549019608	1.96078431372549	2.86274509803922	3.12627450980392	4.0113725490196	4.80549019607843	21.4117647058823	25.8713725490196	25.5745098039216	30.3352941176471	25.5294117647059
"680"	"YC21:2160"	1	28	"PHK74"	"2"	2.43137254901961	1.92156862745098	3.13725490196078	4.23529411764706	9.08705882352941	5.96078431372549	24.5882352941176	29.8321568627451	30.7843137254902	31.0588235294118	26.9411764705882
"681"	"YC21:2161"	1	147	"A258"	"2"	2.34823529411765	2.23529411764705	3.29411764705883	3.17647058823529	3.64705882352941	5.20470588235294	19.4176470588235	24.2352941176471	24.578431372549	26.9019607843137	24.156862745098
"682"	"YC21:2162"	1	64	"790"	"2"	2.7843137254902	1.84313725490195	2.98039215686275	3.36156862745098	2.63372549019608	4.62745098039216	19.6137254901961	35.0164705882353	24.221568627451	24.9803921568627	22.0392156862745
"683"	"YC21:2163"	1	96	"1538"	"2"	2.47058823529412	1.52941176470589	2.54901960784314	3.47921568627451	5.92156862745098	6	22.9019607843137	27.6137254901961	28.4764705882353	29.8823529411765	25.7717647058824
"684"	"YC21:2164"	1	168	"LH198"	"2"	2.43137254901961	1.68627450980393	2.7843137254902	3.17647058823529	8.35294117647059	6.43137254901961	23.7313725490196	29.1341176470588	30.9862745098039	31.8603921568627	30.4372549019608
"685"	"YC21:2165"	1	113	"H99"	"2"	2.62745098039216	1.68627450980393	2.7843137254902	2.0392156862745	3.42509803921569	4.58823529411765	18.3137254901961	22.3137254901961	22.8294117647059	25.6643137254902	21.2156862745098
"686"	"YC21:2166"	1	119	"CR1HT"	"2"	2.03921568627451	1.69764705882353	2.70588235294118	2.90196078431373	3.13725490196079	4.15686274509804	20.1176470588235	22.7521568627451	24.9274509803922	28.078431372549	22.2352941176471
"687"	"YC21:2167"	1	124	"MEF156-55-2"	"2"	2.19607843137255	1.5686274509804	2.45960784313726	2.53803921568627	2.63882352941177	4.23529411764706	19.7427450980392	26.0392156862745	24.5098039215686	30.1105882352941	23.8156862745098
"688"	"YC21:2168"	1	153	"B76"	"2"	2.54901960784313	1.37254901960785	2.98039215686275	4.81882352941177	9.5686274509804	5.61137254901961	23.6862745098039	29.9105882352941	30.7450980392157	35.2745098039216	28.7450980392157
"689"	"YC21:2169"	1	135	"PHG29"	"2"	2.74509803921568	1.68627450980392	2.71725490196078	3.73176470588236	5.05882352941177	4.98039215686275	21.2941176470588	26.6274509803922	27.3725490196078	30.8627450980392	25.6078431372549
"690"	"YC21:2170"	1	239	"Pa392"	"2"	2.42039215686274	1.64235294117647	2.74509803921568	3.86039215686275	6.90196078431373	5.45098039215687	21.8882352941176	27.518431372549	28.3309803921569	34.8235294117647	27.9
"691"	"YC21:2171"	1	51	"LH149"	"2"	2.07843137254902	1.8321568627451	3.30745098039215	8.53647058823529	10.4705882352941	6.74509803921569	24.7843137254902	31.4509803921569	30.756862745098	34.0843137254902	28.9803921568627
"692"	"YC21:2172"	1	162	"Eng-Li Chih"	"2"	2.38117647058823	1.58	2.54431372549019	5.52941176470589	8.23529411764706	5.96078431372549	23.4901960784314	30.6666666666667	31.5745098039216	34.356862745098	28.7058823529412
"693"	"YC21:2173"	1	158	"CI 40H"	"2"	2.4313725490196	1.88235294117647	2.99176470588235	4.77333333333334	9.24392156862746	5.79294117647059	21.7254901960784	28.9803921568627	30.8156862745098	35.3333333333333	28.4901960784314
"694"	"YC21:2174"	1	56	"MS72"	"2"	2.94117647058824	1.56862745098039	2.03921568627451	2.11764705882353	5.09803921568628	5.13725490196079	22	28	28.8627450980392	30.5941176470588	26.4313725490196
"695"	"YC21:2175"	1	137	"PHK42"	"2"	2.35294117647059	1.80392156862745	2.74509803921568	2.79764705882353	6.03921568627451	5.33333333333334	21.4509803921569	26.8235294117647	26.9470588235294	30.0901960784314	25.2156862745098
"696"	"YC21:2176"	1	214	"B-28"	"2"	2.54901960784314	1.64705882352941	2.86274509803922	5.13725490196078	9.17647058823529	5.80392156862745	21.4039215686274	29.3333333333333	29.1372549019608	33.443137254902	28.8517647058824
"697"	"YC21:2177"	1	73	"LH202"	"2"	2.50980392156863	1.68627450980392	3.57999999999999	8.81254901960784	10.8235294117647	6.8235294117647	24.5545098039216	30.0674509803922	31.8392156862745	31.7294117647059	26.7509803921569
"698"	"YC21:2178"	1	148	"A634"	"2"	2.23529411764706	1.92156862745098	3.68627450980392	4.94117647058824	8.43137254901961	6.19607843137255	21.7254901960784	26.4705882352941	26.1176470588235	27.921568627451	23.6921568627451
"699"	"YC21:2179"	1	244	"PHR36"	"2"	2.23529411764706	1.56862745098039	2.31372549019608	2.11764705882353	1.51843137254902	1.41176470588235	16.0960784313725	21.5352941176471	23.2607843137255	27.7882352941176	26.7450980392157
"700"	"YC21:2180"	1	122	"LH54"	"2"	2	1.49019607843137	2.03921568627451	1.88235294117647	1.25490196078431	0.627450980392155	1.25490196078431	1.67529411764706	11.143137254902	12.6164705882353	14.9019607843137
"701"	"YC21:2181"	1	159	"DK3IIH6"	"2"	1.76470588235295	1.25490196078431	1.80392156862746	2.07843137254902	2.27450980392157	3.25490196078431	15.3333333333333	18.4960784313725	20.2917647058824	27.5745098039216	26.3647058823529
"702"	"YC21:2182"	1	112	"G80"	"2"	2.23529411764706	1.49019607843137	2.66666666666667	3.38509803921569	7.13725490196079	5.09803921568628	19.921568627451	23.4901960784314	24.5549019607843	26.7623529411765	24.1960784313725
"703"	"YC21:2183"	1	26	"PHG47"	"2"	1.84313725490196	1.33333333333333	2.25058823529412	2.96941176470588	4.93019607843137	4.19607843137255	16	26.4070588235294	19.6529411764706	27.4682352941176	19.0980392156863
"704"	"YC21:2184"	1	199	"4226"	"2"	2.31372549019608	1.72549019607843	2.58823529411765	2.23529411764705	1.76470588235293	2.19607843137255	17.7254901960784	21.6078431372549	23.4117647058824	34.4627450980392	30.8156862745098
"705"	"YC21:2185"	1	174	"NC262"	"2"	1.96078431372549	1.52470588235294	2.07843137254902	2.11764705882352	1.72549019607843	3.12156862745098	16.4764705882353	25.6643137254902	24.156862745098	30.7117647058823	26.2019607843137
"706"	"YC21:2186"	1	141	"WR3"	"2"	2.11764705882353	1.52470588235294	2.43137254901961	5.64705882352941	8.19607843137255	5.79294117647059	22.2745098039216	28.5772549019608	29.6078431372549	33.7858823529412	28.9862745098039
"707"	"YC21:2187"	1	107	"CR14"	"2"	2.31764705882353	1.49019607843137	1.99999999999999	1.84313725490195	1.96078431372549	2.54901960784313	19.3058823529412	25.843137254902	26.156862745098	31.8823529411765	26.2635294117647
"708"	"YC21:2188"	1	204	"A239"	"2"	2.62745098039215	1.92156862745098	3.14862745098039	6.32000000000001	7.24392156862745	5.52941176470588	21.1823529411765	27.1764705882353	26.7733333333333	32.7901960784314	28.5352941176471
"709"	"YC21:2189"	1	62	"W552"	"2"	2.0392156862745	1.72549019607844	2.39215686274509	2.3921568627451	4.19725490196078	5.80392156862745	22.1176470588235	26.078431372549	29.5019607843137	31.0870588235294	26.443137254902
"710"	"YC21:2190"	1	12	"911"	"2"	1.50156862745097	1.64705882352942	2.38117647058823	4.06745098039216	4.65019607843137	4.8235294117647	20.1176470588235	24.9803921568627	26.156862745098	27.921568627451	23.6470588235294
"711"	"YC21:2191"	1	230	"Mo47"	"2"	2.07843137254901	1.42313725490197	2.74039215686274	7.13725490196079	9.55764705882352	5.29411764705882	20.6960784313725	26.3333333333333	29.0254901960784	30.9078431372549	25.843137254902
"712"	"YC21:2192"	1	259	"B73"	"2"	1.68627450980392	1.49019607843138	2.45960784313726	2.95254901960784	3.76470588235295	4.75843137254901	20.7941176470588	24.3694117647059	25.44	28.9411764705882	25.4176470588235
"713"	"YC21:2193"	1	254	"PH207"	"2"	1.88235294117646	1.5686274509804	2.24862745098039	4.62745098039216	8.06745098039216	5.98901960784314	21.921568627451	27.8823529411765	30.2352941176471	46.9725490196078	27.1039215686274
"714"	"YC21:2194"	1	72	"L 139"	"2"	1.96078431372548	1.45098039215687	2.08980392156863	2.48196078431373	6.32705882352941	5.76470588235294	22.4313725490196	26.2101960784314	29.221568627451	31.6078431372549	26.3529411764706
"715"	"YC21:2195"	1	67	"EAST 028"	"2"	2.31372549019608	1.60784313725491	2.31372549019608	2.70588235294118	5.58588235294118	5.45098039215686	20.2352941176471	24.8235294117647	25.9607843137255	27.521568627451	24.6164705882353
"716"	"YC21:2196"	1	95	"764"	"2"	2.31372549019608	1.41176470588236	1.96078431372549	3.25490196078432	3.92156862745099	5.26862745098039	21.1262745098039	22.156862745098	26.5294117647059	25.6078431372549	22.1960784313725
"717"	"YC21:2197"	1	224	"ICI 893"	"2"	1.92156862745098	1.37254901960785	2.26666666666667	1.73058823529412	2.35294117647059	2.90196078431372	16.6917647058823	21.3462745098039	21.4960784313725	26.3137254901961	23.3725490196078
"718"	"YC21:2198"	1	1	"A322"	"2"	2.0392156862745	1.37254901960785	3.50745098039216	7.49019607843137	8.82352941176471	5.92156862745098	23.2156862745098	28.6839215686275	28.7254901960784	29.2156862745098	25.1372549019608
"719"	"YC21:2199"	1	163	"ICI 441"	"2"	2.3921568627451	1.41176470588236	1.73882352941177	3.96078431372549	5.32235294117648	4.70470588235294	21.283137254902	23.3686274509804	26.0356862745098	28.2019607843137	25.7254901960784
"720"	"YC21:2200"	1	216	"B114"	"2"	3.7207843137255	1.5686274509804	2.27450980392157	2.70588235294118	5.20470588235295	4.59176470588234	20.4313725490196	23.6529411764706	26.156862745098	27.4094117647059	24.7647058823529
"721"	"YC21:2201"	1	160	"DKFAPW"	"2"	3.64705882352941	2.03921568627451	3.03098039215686	8.66666666666667	13.2156862745098	7.25490196078431	25.083137254902	30.7509803921569	32.8627450980392	33.3725490196078	28.5549019607843
"722"	"YC21:2202"	1	249	"Va52"	"2"	2.0392156862745	1.68627450980392	2.54901960784313	7.50156862745098	9.72549019607843	5.91058823529411	21.2956862745098	28	29.1764705882353	33.5352941176471	28.7117647058823
"723"	"YC21:2203"	1	177	"Ny821"	"2"	2.47058823529411	1.06078431372548	2.60156862745097	3.95450980392157	5.80392156862745	5.05882352941176	19.1764705882353	24.6556862745098	26.6274509803922	29.3725490196078	24.521568627451
"724"	"YC21:2204"	1	130	"N192"	"2"	1.76470588235294	1.6078431372549	3.05882352941176	7.10431372549021	9.92156862745098	6.0392156862745	20.5882352941176	25.3725490196078	28.3529411764706	31.5686274509804	26.7843137254902
"725"	"YC21:2205"	1	81	"PHG72"	"2"	2.12156862745097	1.49019607843137	2.70588235294118	7.1678431372549	8.77333333333334	5.84313725490195	20.7058823529412	25.7145098039216	27.7647058823529	31.2745098039216	24.4705882352941
"726"	"YC21:2206"	1	136	"PHG50"	"2"	2.15686274509804	1.56862745098039	2.11764705882353	5.92156862745098	7.83450980392157	5.40392156862743	21.2941176470588	25.9890196078431	27.7647058823529	30.3529411764706	26
"727"	"YC21:2207"	1	14	"A305"	"2"	2.05058823529412	1.25490196078431	1.92156862745098	7.69764705882352	9.59686274509804	6.18823529411763	23.4901960784314	30.7450980392157	33.378431372549	33.0313725490196	29.5352941176471
"728"	"YC21:2208"	1	187	"PHW30"	"2"	1.76470588235294	1.41176470588235	1.64705882352941	2.78431372549019	5.96078431372549	6.8513725490196	25.5639215686274	29.1490196078431	33.0313725490196	32.9392156862745	27.4733333333333
"729"	"YC21:2209"	1	5	"MS116"	"2"	1.80392156862745	1.33333333333333	2.27450980392157	4.52117647058823	7.52941176470588	5.57098039215686	24	27.7145098039216	30.0756862745098	34.4439215686275	27.1764705882353
"730"	"YC21:2210"	1	36	"W182E"	"2"	1.45098039215686	1.33333333333333	1.88235294117647	2.45960784313725	2.07843137254902	4.19607843137254	18.7450980392157	23.4509803921569	26.1686274509804	29.0239215686275	25.043137254902
"731"	"YC21:2211"	1	93	"W613S"	"2"	2.31764705882354	1.41176470588236	1.96078431372549	1.84313725490196	1.09803921568628	0.816862745098035	15.6470588235294	15.6078431372549	21.6529411764706	26.0172549019608	21.4901960784314
"732"	"YC21:2212"	1	132	"Oh40B"	"2"	2.03921568627451	1.37254901960784	2.58823529411765	2.73725490196078	2.90196078431373	4.81254901960784	20.8235294117647	25.361568627451	26.7058823529412	32.0509803921569	28.0058823529412
"733"	"YC21:2213"	1	117	"LH184"	"2"	2.43137254901961	1.84313725490197	2.94117647058824	5.45098039215686	7.45098039215686	5.08705882352941	21.7647058823529	27.656862745098	28.5098039215686	32.9803921568627	27.7254901960784
"734"	"YC21:2214"	1	75	"LH61"	"2"	2.23529411764706	1.45098039215687	2.03921568627451	2.31372549019608	1.29411764705883	3.63607843137254	18.6666666666667	22.3588235294118	24.0392156862745	30.7901960784314	25.2239215686274
"735"	"YC21:2215"	1	212	"A663"	"2"	2.54901960784314	1.25490196078432	2.60627450980392	3.17647058823529	2.90196078431373	4.78431372549019	18.8909803921569	23.2843137254902	24.7705882352941	33.5294117647059	27.3725490196078
"736"	"YC21:2216"	1	4	"A641"	"2"	2.19607843137255	1.49019607843137	2.3921568627451	2.23529411764706	1.84313725490197	3.45098039215686	17.5686274509804	21.2843137254902	21.9137254901961	24.2137254901961	19.5686274509804
"737"	"YC21:2217"	1	43	"A556"	"2"	1.80392156862746	1.96078431372549	3.64705882352941	3.88235294117647	6.07843137254902	4.70588235294117	18.2525490196078	20.6819607843137	23.7254901960784	24.1960784313726	19.8549019607843
"738"	"YC21:2218"	1	209	"A635"	"2"	2.7843137254902	1.5686274509804	2.62745098039216	2.3921568627451	2.47294117647056	4.23529411764706	19.5945098039216	23.1372549019608	23.3	25.8101960784314	21.3333333333333
"739"	"YC21:2219"	1	185	"PHR63"	"2"	2.46274509803922	1.80392156862746	2.98039215686275	3.40705882352941	3.67529411764707	4.35294117647058	19.6470588235294	24.5098039215686	24.3647058823529	29.2156862745098	25.921568627451
"740"	"YC21:2220"	1	220	"DK78010"	"2"	2.15686274509804	1.41176470588236	2.19607843137254	2.86274509803922	7.01960784313725	5.38078431372548	21.4509803921569	26.2745098039216	26.6274509803922	29.221568627451	25.2941176470588
"741"	"YC21:2221"	1	80	"OS602"	"2"	2.35294117647059	1.41176470588236	2.27450980392156	2.31372549019608	5.36156862745098	5.63764705882353	21.3223529411765	25.4156862745098	25.8098039215686	28.5098039215686	24.1960784313725
"742"	"YC21:2222"	1	138	"Q381"	"2"	2.31372549019608	1.54078431372549	2.50980392156862	3.33333333333334	5.75372549019608	4.77333333333333	21.921568627451	27.8039215686274	28.1235294117647	29.1764705882353	24.5607843137255
"743"	"YC21:2223"	1	60	"PHG71"	"2"	2.27450980392157	1.76470588235295	2.75647058823529	4.50980392156863	7.46235294117646	6.58078431372549	23.6901960784314	29.1176470588235	29.7427450980392	31.7254901960784	26.5098039215686
"744"	"YC21:2224"	1	87	"PHP55"	"2"	2.11764705882352	1.45098039215687	2.74509803921568	8.11764705882353	10.8627450980392	6.8235294117647	25.6078431372549	31.0588235294118	32.7658823529412	35.8321568627451	30.6333333333333
"745"	"YC21:2225"	1	236	"NC310"	"2"	2.15686274509803	1.41176470588236	3.1878431372549	6.03921568627451	9.59686274509803	6.11764705882353	23.921568627451	29.361568627451	28.8019607843137	33.7929411764706	27.8098039215686
"746"	"YC21:2226"	1	121	"LH38"	"2"	2.27450980392156	1.76470588235295	2.86274509803922	2.52313725490196	2.53803921568627	5.45098039215686	21.1490196078431	26.4133333333333	26.3529411764706	27.0588235294118	23.6470588235294
"747"	"YC21:2227"	1	190	"SD44"	"2"	2.8235294117647	1.80392156862746	3.11372549019607	7.13725490196079	9.64705882352941	5.88235294117647	25.4705882352941	32.3137254901961	34.7525490196078	37.2274509803921	32.078431372549
"748"	"YC21:2228"	1	238	"Os420"	"2"	2.62745098039215	1.5686274509804	3.37254901960784	4.31372549019608	9.96078431372549	5.96078431372549	23.9498039215686	31.6196078431372	31.7705882352941	38.9733333333333	32.3764705882353
"749"	"YC21:2229"	1	237	"OH33"	"2"	2.35294117647058	1.49019607843138	2.50980392156863	2.73411764705883	4.66666666666666	5.88235294117647	24.6274509803922	31.3333333333333	31.6470588235294	39.8039215686274	32.5098039215686
"750"	"YC21:2230"	1	170	"LH57"	"2"	2.27450980392156	1.45098039215686	2.31372549019608	2.15686274509803	1.29411764705882	2.89098039215686	18.7450980392157	27.0109803921569	26	38.0980392156863	25.5686274509804
"751"	"YC21:2231"	1	257	"B73"	"2"	2.54901960784313	1.54078431372548	2.58823529411765	2.27450980392156	2	2.11764705882353	19.3333333333333	21.6501960784314	23.0086274509804	25.7705882352941	24.0901960784314
"752"	"YC21:2232"	1	192	"W604S"	"2"	2.47058823529412	1.64705882352942	2.35294117647059	2.23529411764705	2.05254901960784	3.58588235294118	20.3921568627451	24.961568627451	25.9274509803922	28	23.6470588235294
"753"	"YC21:2233"	1	18	"CM105"	"2"	2.50980392156863	1.92156862745098	3.2156862745098	6.18509803921568	10	6.11764705882353	24.3588235294118	26.5549019607843	26.1960784313725	26.9921568627451	22.078431372549
"754"	"YC21:2234"	1	24	"NORTH 7"	"2"	2.35294117647059	1.29411764705882	2.15686274509804	2.50980392156862	3.37254901960784	4.22549019607843	19.6862745098039	23.456862745098	24.6274509803922	26.2647058823529	22.5882352941176
"755"	"YC21:2235"	1	167	"LH165"	"2"	2.27450980392157	1.84313725490195	2.94117647058824	2.54901960784313	5.67529411764706	4.77333333333334	18.0843137254902	21.9105882352941	22.2352941176471	25.8039215686275	20.3141176470588
"756"	"YC21:2236"	1	139	"SD102"	"2"	2.54901960784314	1.96078431372548	3.05882352941176	2.94117647058823	4.54901960784314	4.47058823529411	17.7705882352941	22.4988235294118	21.5803921568627	21.8039215686275	20.1176470588235
"757"	"YC21:2237"	1	55	"Lp215D"	"2"	2.43137254901961	1.88235294117646	3.38392156862745	6.10666666666666	8.54901960784314	5.6078431372549	23.3333333333333	27.5243137254902	28.156862745098	29.1490196078431	25.1960784313725
"758"	"YC21:2238"	1	115	"L 155"	"2"	2.58823529411765	1.52941176470588	2.82352941176471	3.25490196078431	7.32235294117647	5.29137254901961	21.456862745098	25.1764705882353	25.221568627451	27.0901960784314	22.9803921568627
"759"	"YC21:2239"	1	166	"LH143 (Maintainer)"	"2"	2.35294117647059	1.6078431372549	3.2156862745098	2.7529411764706	6.05647058823529	7.09960784313725	25.3725490196078	30.0172549019608	28.6333333333333	30.6392156862745	26.5941176470588
"760"	"YC21:2240"	1	133	"OQ603"	"2"	2.15686274509804	2	2.82352941176471	3.84941176470588	10.6274509803922	6.70588235294118	25.518431372549	30.078431372549	30.7450980392157	32.156862745098	27.9607843137255
"761"	"YC21:2241"	1	50	"L 127"	"2"	2.58823529411765	1.99999999999999	3.21568627450981	4.74509803921568	7.64705882352941	6.35294117647059	22.9945098039216	26.5941176470588	27.7647058823529	28.0392156862745	24.5882352941176
"762"	"YC21:2242"	1	189	"SD101"	"2"	2.74509803921569	1.72549019607843	3.01960784313726	3.98901960784314	5.91058823529412	5.33333333333333	20.4596078431373	23.843137254902	23.8039215686275	25.2047058823529	21.4176470588235
"763"	"YC21:2243"	1	92	"PHW03"	"2"	2.82352941176471	1.96078431372548	3.09803921568628	4.19607843137255	10.2352941176471	6.58823529411765	24.3529411764706	28.5882352941177	29.078431372549	29.7843137254902	26.5882352941176
"764"	"YC21:2244"	1	33	"PHW20"	"2"	2.77960784313726	1.88235294117646	2.66666666666666	2.15686274509804	1.41176470588236	3.23058823529411	23.3725490196078	28.3980392156863	27.2607843137255	29.7035294117647	27.5686274509804
"765"	"YC21:2245"	1	131	"NS501"	"2"	2.54901960784314	1.64705882352941	2.70588235294118	3.33333333333333	4.7843137254902	3.20470588235294	18.8627450980392	24.8298039215686	25.6078431372549	27.9890196078431	21.9709803921569
"766"	"YC21:2246"	1	140	"W603S"	"2"	2.14588235294118	1.88235294117646	3.09803921568628	2.64078431372549	2.58823529411765	4.19607843137255	18.2352941176471	22.7705882352941	25.143137254902	25.2941176470588	21.4176470588235
"767"	"YC21:2247"	1	255	"PH207"	"2"	2.94117647058824	1.72941176470588	2.54901960784314	3.49019607843137	5.25490196078432	4.47058823529412	20.9019607843137	27.1764705882353	27.8882352941176	28.4313725490196	24.9470588235294
"768"	"YC21:2248"	1	78	"MS225"	"2"	2.31372549019608	1.96078431372549	3.64705882352941	4.9756862745098	6.50980392156863	6.11764705882353	22.7843137254902	27.4117647058824	28	28.6274509803922	24.5882352941176
"769"	"YC21:2249"	1	183	"PHN66"	"2"	2.07843137254902	2.07843137254902	3.54078431372549	4.54901960784313	6.74235294117647	5.68627450980392	23.7647058823529	29.1823529411765	30.2352941176471	33.8823529411765	29.4039215686274
"770"	"YC21:2250"	1	128	"MS200"	"2"	2.58823529411765	1.52941176470588	2.50980392156862	3.49960784313726	4.98039215686275	4.90196078431372	21.5745098039216	26.3137254901961	26.0062745098039	27.6643137254902	22.8525490196078
"771"	"YC21:2251"	1	152	"B103"	"2"	2.32705882352941	1.64705882352941	2.49882352941176	2.58823529411765	10.1960784313726	5.84313725490196	22.2745098039216	27.8627450980392	30.3921568627451	34.5882352941177	30.5882352941176
"772"	"YC21:2252"	1	217	"B115"	"2"	2.58823529411765	1.68627450980392	2.39215686274509	2.15686274509804	1.64705882352942	2.98039215686274	20.0282352941176	25.843137254902	26.0392156862745	32.5490196078431	28.3137254901961
"773"	"YC21:2253"	1	79	"N197"	"2"	2.74509803921569	1.72549019607844	2.62745098039215	3.11529411764706	2.27450980392156	4.48235294117646	21.3929411764706	28.3180392156863	27.0764705882353	32.3921568627451	27.6078431372549
"774"	"YC21:2254"	1	134	"PHBW8"	"2"	2.19607843137255	1.76470588235294	3.25490196078431	4.31372549019608	5.6078431372549	6.86274509803921	25.9137254901961	32.6725490196078	31.521568627451	31.561568627451	28.3196078431373
"775"	"YC21:2255"	1	34	"PHW86"	"2"	2.47058823529412	1.56862745098039	2.66666666666666	4.77333333333334	5.91176470588236	6.16078431372549	23.3333333333333	29.0478431372549	29.0647058823529	31.143137254902	26.5882352941176
"776"	"YC21:2256"	1	179	"PHB47"	"2"	2.54901960784314	1.76470588235294	2.74509803921569	5.50156862745098	8.35294117647059	6.94117647058823	24.3137254901961	30.1388235294118	31.0196078431373	32.3811764705882	27.8490196078431
"777"	"YC21:2257"	1	35	"W117Ht"	"2"	2.27450980392157	1.64705882352942	2.31372549019608	2.27450980392157	1.88235294117647	3.41176470588235	19.8039215686275	23.6360784313725	22.1176470588235	25.0023529411765	20.7733333333333
"778"	"YC21:2258"	1	150	"A71"	"2"	2.31372549019608	1.56862745098039	3.13725490196078	4.3643137254902	8.3921568627451	5.2156862745098	19.6862745098039	25.3333333333333	28.0058823529412	34.2352941176471	28.5490196078431
"779"	"YC21:2259"	1	23	"LH146Ht"	"2"	2.23529411764706	2.11764705882353	3.49019607843137	9.20470588235294	13.4007843137255	8.09215686274509	28.0050980392157	33.6862745098039	34.4313725490196	34.5294117647059	30.5882352941176
"780"	"YC21:2260"	1	30	"PHTM9"	"2"	2.90196078431373	1.72549019607843	2.62745098039216	5.87137254901961	8.82352941176471	6.40941176470588	25.9607843137255	29.1152941176471	30.1176470588235	29.921568627451	25.8549019607843
"781"	"YC21:2261"	2	315	"H121"	"2"	2.82352941176471	2.19607843137255	3.13725490196079	5.46431372549019	7.37921568627451	5.2156862745098	21.6078431372549	26.1960784313725	26.9470588235294	31.1294117647059	25.378431372549
"782"	"YC21:2262"	2	399	"B108"	"2"	2.62745098039216	1.84313725490197	2.86274509803921	6.33098039215686	9.9607843137255	6.07843137254902	22.2803921568627	26.8125490196078	28.2745098039216	32.6556862745098	28.4313725490196
"783"	"YC21:2263"	2	396	"87916W"	"2"	2.3921568627451	1.76470588235294	2.47058823529411	2.65568627450981	2.35294117647059	5.6078431372549	22.0843137254902	26.3921568627451	27.5074509803922	32.1176470588235	27.1823529411765
"784"	"YC21:2264"	2	319	"H95"	"2"	2.27450980392157	1.68627450980392	2.58823529411765	7.2156862745098	6.07843137254902	5.41176470588235	20	25.143137254902	26.3588235294118	31.6862745098039	26.1627450980392
"785"	"YC21:2265"	2	358	"NK740"	"2"	1.92156862745098	1.56862745098039	2.15686274509804	1.96078431372549	1.33333333333334	1.01960784313725	17.5352941176471	20.9411764705882	22.6274509803922	25.8298039215686	25.2941176470588
"786"	"YC21:2266"	2	432	"N28"	"2"	2.15686274509804	1.29411764705882	2.05058823529412	1.56862745098039	1.21568627450981	1.89333333333333	12.8686274509804	15.8101960784314	17.4007843137255	18.4941176470588	22.5941176470588
"787"	"YC21:2267"	2	373	"PHT22"	"2"	1.88235294117647	1.52941176470588	1.72549019607844	1.84313725490196	0.941176470588243	0.392156862745097	5.10196078431372	18.7058823529412	18.3725490196078	24.2411764705882	21.3529411764706
"788"	"YC21:2268"	2	369	"PHPR5"	"2"	2	1.41176470588235	1.92156862745098	1.96078431372549	1.83215686274511	3.44	22.1960784313725	29.4501960784314	29.5196078431372	36.1176470588235	29.1764705882353
"789"	"YC21:2269"	2	419	"INBRED 141"	"2"	2.19607843137255	1.33333333333333	2.20000000000001	1.83529411764705	2.26352941176471	4.99607843137254	24.0392156862745	30.3921568627451	32.4705882352941	36.5882352941176	32.5607843137255
"790"	"YC21:2270"	2	465	"W820G"	"2"	2.78431372549019	1.41176470588235	2.3921568627451	2.0392156862745	2.93019607843138	3.64705882352941	21.9498039215686	26.9164705882353	28.8627450980392	35.1074509803922	30
"791"	"YC21:2271"	2	275	"PHR47"	"2"	2.4313725490196	1.64705882352941	2.89098039215686	3.96078431372549	4.48784313725491	5.28313725490196	22.9803921568627	29.2549019607843	30.2635294117647	36.3921568627451	30.1960784313726
"792"	"YC21:2272"	2	270	"PHG83"	"2"	2.28588235294118	1.68627450980392	2.58823529411765	5.21411764705882	9.96078431372549	6.39215686274509	25.3137254901961	30.7960784313725	30.6274509803922	34.2745098039216	28.9078431372549
"793"	"YC21:2273"	2	447	"PHW53"	"2"	2.50980392156862	1.45098039215686	2.11764705882353	2.31372549019607	3.94980392156863	4.19607843137254	19.4372549019608	19.9129411764706	25.9607843137255	29.4235294117647	25.4117647058824
"794"	"YC21:2274"	2	480	"DE811"	"2"	2.31372549019607	1.96078431372549	3.1878431372549	3.49019607843136	6.91333333333334	6.45764705882353	25.0478431372549	28.9470588235294	30.7552941176471	37.0870588235294	32.9078431372549
"795"	"YC21:2275"	2	324	"INBRED 309"	"2"	1.96078431372548	1.49019607843137	1.92156862745098	1.99999999999999	1.13725490196079	0.431372549019606	19.283137254902	13.9533333333333	22.2745098039216	24.483137254902	23.8098039215686
"796"	"YC21:2276"	2	363	"Pa778"	"2"	2.07843137254901	1.33333333333333	1.92156862745098	1.85450980392156	3.6564705882353	4.35729847494553	18.6725490196078	22.9301960784314	22.6580392156863	24.9588235294118	22.1019607843137
"797"	"YC21:2277"	2	453	"Va102"	"2"	2.31372549019608	1.33333333333333	1.86352941176471	1.56862745098039	1.25490196078431	1.51686274509803	16.7843137254902	22.5098039215686	22.2803921568627	30.278431372549	24.0603921568627
"798"	"YC21:2278"	2	385	"W24"	"2"	2.44274509803921	1.52941176470588	2.70588235294117	3.63607843137255	8.82352941176471	5.52941176470587	21.2156862745098	26.9411764705882	28.7450980392157	36.2352941176471	30.1960784313725
"799"	"YC21:2279"	2	418	"IDS91"	"2"	2.66666666666667	1.76470588235293	2.61960784313725	2.43137254901961	4	4.7513725490196	20.5607843137255	25.7929411764706	26.9470588235294	30.7058823529412	29.0647058823529
"800"	"YC21:2280"	2	427	"MBPM"	"2"	2.07843137254901	1.72549019607843	3.01490196078431	4.15686274509804	6.62745098039215	4.98039215686274	21.0980392156863	25.0980392156863	26.1176470588235	30.156862745098	26.3588235294118
"801"	"YC21:2281"	2	454	"Va22"	"2"	2.62745098039216	1.45098039215686	2.47058823529411	2.23529411764706	1.76470588235294	1.88313725490196	12.8627450980392	16.1490196078431	21.4176470588235	24.2745098039216	24.9666666666667
"802"	"YC21:2282"	2	326	"J8606"	"2"	2.70588235294118	1.84313725490195	2.4313725490196	2.31372549019608	1.68627450980392	0.470588235294116	2.98039215686275	1.88235294117647	8.47647058823529	6.66274509803921	14.0705882352941
"803"	"YC21:2283"	2	462	"W815G"	"2"	2.23529411764706	1.64705882352941	2.90196078431373	2.3921568627451	1.52941176470588	0.552156862745093	10.9803921568627	21.7427450980392	21.3333333333333	30.6666666666667	26.078431372549
"804"	"YC21:2284"	2	430	"N217"	"2"	2.58823529411765	2.0392156862745	2.74509803921568	2.43137254901961	1.98901960784314	4.03921568627451	19.1639215686275	23.9607843137255	26.3058823529412	34.2549019607843	28.88
"805"	"YC21:2285"	2	428	"Mo1W"	"2"	2.23529411764706	1.72549019607843	2.56039215686275	3.6078431372549	3.61921568627451	3.68627450980392	17.9607843137255	22.9976470588235	24.3725490196078	31.8882352941176	28.443137254902
"806"	"YC21:2286"	2	366	"PHK56"	"2"	1.88235294117648	1.33333333333333	2.15686274509803	1.92156862745098	1.84313725490196	1.52941176470588	15.6529411764706	18.7058823529412	21.3	26.0392156862745	24.3027450980392
"807"	"YC21:2287"	2	486	"IDS69"	"2"	2.27450980392157	1.17647058823529	1.87764705882352	1.88235294117648	1.6078431372549	2.25960784313725	15.5325490196078	18.8517647058824	19.6333333333333	24.6588235294118	21.921568627451
"808"	"YC21:2288"	2	294	"78551S"	"2"	2.43137254901961	1.56862745098039	2.66666666666667	2.07843137254902	1.72549019607843	2.07843137254903	17.6752941176471	20.5380392156863	24.4305882352941	30.5941176470588	24.9411764705882
"809"	"YC21:2289"	2	405	"B66"	"2"	2.03921568627451	1.33333333333333	2.20745098039216	4.24862745098039	6.11764705882353	5.25490196078432	20.9019607843137	25.6945098039216	29.0145098039216	35.1960784313725	30.3529411764706
"810"	"YC21:2290"	2	431	"N218"	"2"	2.3921568627451	1.37254901960784	2.19607843137255	2.11764705882353	1.49019607843137	1.25490196078432	9.52941176470588	12.2803921568627	15.9078431372549	18.9803921568627	17.4117647058824
"811"	"YC21:2291"	2	492	"LH65"	"2"	2.43137254901961	1.45098039215686	2.03921568627451	2.15686274509804	1.29411764705882	0.745098039215695	2.07843137254902	2.90196078431372	12.3850980392157	15.8058823529412	16.9921568627451
"812"	"YC21:2292"	2	424	"LH194"	"2"	2.03921568627451	2.19607843137255	3.05882352941176	2.47058823529412	1.88235294117646	2.00745098039216	14.8627450980392	19.2941176470588	21.921568627451	28.4313725490196	24.0058823529412
"813"	"YC21:2293"	2	283	"W607S"	"2"	1.84313725490196	1.33333333333334	2.15686274509804	2.03921568627451	1.56862745098039	4.00000000000001	19.4007843137255	26.3921568627451	26.9019607843137	32.3419607843137	29.5294117647059
"814"	"YC21:2294"	2	266	"LP1 NR HT"	"2"	2.47058823529412	0.980392156862742	1.9607843137255	3.21568627450981	3.72549019607843	5.1764705882353	21.5745098039216	27.8635294117647	29.378431372549	32.5098039215686	27.7254901960784
"815"	"YC21:2295"	2	406	"B84"	"2"	1.96078431372549	1.17647058823529	1.5686274509804	1.80392156862745	1.32235294117647	5.29411764705883	21.596862745098	26.8407843137255	27.6078431372549	33.5098039215686	28.7058823529412
"816"	"YC21:2296"	2	390	"Wf9"	"2"	3.29411764705882	1.25490196078431	2.35294117647059	6.34823529411765	9.09803921568627	5.92156862745098	22.7843137254902	27.4901960784314	28.7843137254902	32.1176470588235	28.6705882352941
"817"	"YC21:2297"	2	291	"ND259"	"2"	3.64705882352942	1.10784313725491	1.88235294117647	1.89372549019608	2.87411764705883	3.64705882352942	21.2156862745098	22.7341176470588	30.0627450980392	27.0980392156863	23.0478431372549
"818"	"YC21:2298"	2	308	"CG102"	"2"	1.88235294117648	1.11137254901961	2.42039215686275	5.09803921568628	7.19960784313726	5.49607843137255	21.4607843137255	25.8996078431373	27.8823529411765	36.078431372549	29.1372549019608
"819"	"YC21:2299"	2	441	"PHJ33"	"2"	2.11764705882353	1.13098039215687	1.75372549019607	1.88235294117648	1.21568627450981	1.09803921568628	18.4203921568627	19.7647058823529	23.9666666666667	34.9811764705882	25.6807843137255
"820"	"YC21:2300"	2	495	"N200"	"2"	1.80392156862746	1.1764705882353	2.4313725490196	1.58	1.5686274509804	4.23529411764706	21.4117647058823	26.0392156862745	28.2352941176471	34.156862745098	31.0705882352941
"821"	"YC21:2301"	2	344	"MBWZ"	"2"	2.19607843137255	1.68627450980393	2.54901960784313	2.23529411764706	1.41176470588236	3.05882352941177	20.7066666666667	24.8686274509804	27.3854901960784	34.2917647058824	29.9298039215686
"822"	"YC21:2302"	2	517	"B73"	"2"	1.68627450980393	1.33333333333334	1.6078431372549	1.99999999999999	1.76470588235295	4.23529411764706	20.7313725490196	23.7537254901961	27.1764705882353	30.8909803921569	28.4227450980392
"823"	"YC21:2303"	2	507	"Va17"	"2"	1.99999999999999	0.941176470588236	1.29411764705882	1.45098039215687	0.745098039215695	4.60522875816993	21.2549019607843	12.9286274509804	22.1686274509804	24.42	22.8235294117647
"824"	"YC21:2304"	2	349	"N211"	"2"	1.68627450980392	1.37254901960785	2.3921568627451	7.44509803921568	10.3419607843137	6.46039215686275	26.078431372549	30.6666666666667	31.7560784313725	36.4619607843137	31.5156862745098
"825"	"YC21:2305"	2	298	"B111"	"2"	1.99999999999999	1.5686274509804	2.31372549019608	6.72313725490196	10.5098039215686	6.22	23.921568627451	30.8125490196078	31.3725490196078	39.2666666666667	34.7843137254902
"826"	"YC21:2306"	2	303	"B164"	"2"	2.23529411764705	1.5686274509804	2.82352941176471	3.16549019607843	7.55764705882354	5.76470588235294	22.7450980392157	28.8125490196078	30.2803921568627	38.0901960784314	32.0509803921569
"827"	"YC21:2307"	2	481	"F118"	"2"	2.35294117647058	1.60784313725491	2.47058823529412	6.60156862745098	9.60784313725491	5.76470588235294	20.8627450980392	26.9470588235294	28.9803921568627	36.958431372549	30.9450980392157
"828"	"YC21:2308"	2	410	"DE3"	"2"	1.92156862745097	1.60784313725491	1.60784313725491	2.38117647058823	1.5686274509804	3.2043137254902	19.3764705882353	24.8517647058824	25.4007843137255	32.7843137254902	27.4901960784314
"829"	"YC21:2309"	2	391	"WIL903"	"2"	2.31372549019607	1.29411764705883	2.27450980392157	1.84313725490195	1.16549019607843	1.1764705882353	8.2392156862745	6.70588235294118	8.07843137254902	13.916862745098	19.0196078431372
"830"	"YC21:2310"	2	463	"W817G"	"2"	1.99999999999999	1.68627450980393	2.43137254901961	2.11764705882352	1.37254901960785	0.784313725490204	1.29411764705882	1.92156862745098	3.80392156862745	1.92745098039216	6.0843137254902
"831"	"YC21:2311"	2	281	"TZU-CHIAO-HSI-WU 105"	"2"	2.47058823529411	1.64705882352942	2.7843137254902	2.39215686274509	4.03921568627452	4.62745098039216	19.8039215686275	24.6666666666667	25.4960784313725	29.0980392156863	26.0450980392157
"832"	"YC21:2312"	2	352	"N501"	"2"	2.69803921568627	1.29411764705883	1.88235294117648	1.76470588235293	1.33333333333333	3.13176470588236	18.8192156862745	24.156862745098	25.9666666666667	31.1823529411765	26.3588235294118
"833"	"YC21:2313"	2	301	"B121"	"2"	2.07843137254902	1.84705882352942	2.70588235294118	3.05882352941176	7.29411764705882	5.29411764705883	22.2372549019608	27.4509803921569	28.5035294117647	33.6752941176471	28.6498039215686
"834"	"YC21:2314"	2	277	"R168"	"2"	2.31372549019607	1.84705882352942	2.50980392156863	3.55764705882353	3.37254901960784	4.96039215686275	22.2164705882353	27.6141176470588	27.3333333333333	33.6470588235294	29.3450980392157
"835"	"YC21:2315"	2	377	"PHW79"	"2"	2.43137254901961	1.80392156862746	2.86274509803922	2.50980392156862	2.19607843137254	3.49450980392158	20.3196078431373	25.8321568627451	26.0313725490196	34.3937254901961	31.1764705882353
"836"	"YC21:2316"	2	479	"B79"	"2"	2.31372549019607	1.52941176470589	2.11764705882353	1.96078431372549	1.37254901960784	3.01960784313726	14.8517647058824	22.2745098039216	22.9411764705882	32.4705882352941	28.3529411764706
"837"	"YC21:2317"	2	461	"W809G"	"2"	2.11764705882353	1.60784313725491	2.23529411764706	1.96078431372549	1.29411764705882	0.705882352941175	14.5949019607843	18.7450980392157	19.756862745098	27.7537254901961	26.4627450980392
"838"	"YC21:2318"	2	506	"PHV78"	"2"	2.23529411764706	1.52941176470589	2.23529411764706	2.03921568627451	1.29411764705882	0.737254901960793	4.58823529411765	7.67529411764706	13.7313725490196	18.9803921568627	23.7647058823529
"839"	"YC21:2319"	2	411	"E8501"	"2"	2.62745098039216	1.80392156862746	2.86274509803922	2.57725490196078	2.04549019607843	3.79333333333333	16.5772549019608	21.2101960784314	22.9980392156863	24.6	26.3058823529412
"840"	"YC21:2320"	2	261	"LH185"	"2"	2.78823529411764	1.41176470588236	2.19607843137255	1.92156862745098	1.01960784313725	0.392156862745097	5.29019607843137	5.17647058823529	14.2078431372549	9.88823529411765	18.7698039215686
"841"	"YC21:2321"	2	282	"W37A"	"2"	2.23529411764706	1.76470588235295	2.15686274509804	2.3921568627451	9.29411764705882	6.64901960784313	24.3137254901961	30.5882352941176	31.8098039215686	32.5098039215686	28.3196078431373
"842"	"YC21:2322"	2	513	"PH207"	"2"	2.05058823529412	1.33333333333333	2.66666666666666	3.33333333333333	8.30274509803922	5.84313725490195	21.9607843137255	29.6137254901961	29.5356862745098	31.4176470588235	26.7117647058823
"843"	"YC21:2323"	2	487	"INBRED 109"	"2"	2.62745098039216	1.49019607843138	1.68627450980392	1.68627450980392	1.25490196078431	0.420392156862745	12.9411764705882	19.121568627451	21.4901960784314	27.7647058823529	23.5686274509804
"844"	"YC21:2324"	2	290	"W814G"	"2"	2.31372549019608	1.41176470588236	2.07843137254901	1.72549019607844	1.17647058823529	1.52745098039215	14.0392156862745	17.1764705882353	19.1764705882353	21.8823529411765	20.7843137254902
"845"	"YC21:2325"	2	367	"PHK93"	"2"	2.23921568627452	1.41176470588236	2.23529411764705	1.76470588235295	4.52117647058823	4.47058823529411	19.6388235294118	23.9666666666667	24.9862745098039	29.38	27.7254901960784
"846"	"YC21:2326"	2	485	"HUOBAI"	"2"	2.07843137254902	1.25490196078431	1.76470588235294	2.06196078431373	7.87137254901961	5.72549019607842	22.921568627451	28	28.9411764705882	32.9019607843137	29.456862745098
"847"	"YC21:2327"	2	322	"Il778d"	"2"	2.11764705882353	1.52941176470588	2.70588235294118	6.15686274509804	8.15686274509804	5.25490196078431	20.6274509803922	25.5745098039216	26.0058823529412	30.3588235294118	24.6666666666667
"848"	"YC21:2328"	2	449	"R226"	"2"	2.31372549019608	1.5686274509804	2.66666666666666	6.15686274509804	7.86039215686275	5.45098039215685	21.7145098039216	26.5411764705882	28.1960784313725	33.221568627451	29.143137254902
"849"	"YC21:2329"	2	397	"A"	"2"	2.35294117647059	1.76470588235295	3.13725490196078	3.97921568627451	4.78431372549019	4.6113725490196	21.1258823529412	26.5098039215686	27.0266666666667	32.4372549019608	28.4313725490196
"850"	"YC21:2330"	2	386	"W606S"	"2"	2.3921568627451	1.45098039215686	2.23529411764706	3.07921568627451	4.9321568627451	5.60784313725489	23.0870588235294	27.0686274509804	29.0117647058824	35.7019607843137	27.6980392156863
"851"	"YC21:2331"	2	296	"A797NW"	"2"	2.03921568627451	2	3.10470588235294	3.39529411764706	8.47058823529412	6.74509803921569	24.8909803921569	30.0450980392157	30.2470588235294	33.821568627451	28.203137254902
"852"	"YC21:2332"	2	423	"LH192"	"2"	2.90196078431373	1.88235294117648	2.82352941176471	3.71450980392157	6.75843137254902	5.28313725490196	22.536862745098	28.4313725490196	27.8490196078431	31.3003921568627	26.9803921568627
"853"	"YC21:2333"	2	455	"Va35"	"2"	2.66666666666667	1.92156862745098	3.13725490196078	3.79294117647059	6.74274509803922	5.20470588235294	21.6674509803922	26.721568627451	26.558431372549	32.156862745098	27.9274509803922
"854"	"YC21:2334"	2	429	"MS24A"	"2"	2.62745098039216	1.17647058823529	2.81098039215686	5.49019607843138	8.54901960784314	5.72549019607843	22.4203921568627	26.2745098039216	25.8235294117647	28.7117647058824	23.5686274509804
"855"	"YC21:2335"	2	374	"PHT47"	"2"	1.76470588235293	1.09803921568628	1.37254901960784	1.37254901960784	8.35294117647058	6.07843137254901	22.6274509803922	28.3623529411765	28.5352941176471	34.8447058823529	29.6588235294118
"856"	"YC21:2336"	2	394	"6M502"	"2"	1.6078431372549	0.952549019607843	1.84313725490197	3.2156862745098	5.76470588235294	4.18313725490196	21.3333333333333	26.8909803921569	25.843137254902	29.4549019607843	26.2556862745098
"857"	"YC21:2337"	2	368	"PHN46"	"2"	2.50980392156863	1.84313725490197	2.66666666666667	2.54901960784314	2.07843137254902	1.13725490196078	17.5494117647059	20.6337254901961	20.5772549019608	24.2635294117647	23.0647058823529
"858"	"YC21:2338"	2	336	"LH208"	"2"	2.50196078431373	1.56862745098039	3.71686274509804	5.05882352941177	5.88235294117647	4.70588235294117	20.2745098039216	24.3027450980392	25.2941176470588	31.378431372549	27.9666666666667
"859"	"YC21:2339"	2	407	"B97"	"2"	2.62745098039216	1.6078431372549	2.24862745098039	2.07843137254902	3.13176470588235	4.15686274509803	20.2019607843137	23.843137254902	25.1764705882353	32.9019607843137	28.5098039215686
"860"	"YC21:2340"	2	333	"LH190"	"2"	2.31372549019608	1.56862745098039	2.62745098039216	4.10666666666667	5.52941176470589	5.29411764705882	21.9862745098039	26.0282352941176	26.4705882352941	32.9019607843137	28.6470588235294
"861"	"YC21:2341"	2	435	"NC326"	"2"	2.15686274509804	1.49019607843138	2.11764705882353	2.27843137254901	6.46588235294118	5.32235294117646	20.7482352941176	26.1850980392157	27.5882352941177	33.1498039215686	29.2156862745098
"862"	"YC21:2342"	2	262	"LH197"	"2"	2.20941176470588	1.52941176470589	2.3921568627451	4.60156862745098	8.82352941176471	5.80392156862744	22.2352941176471	28.7450980392157	31.2941176470588	40.0058823529412	33.6
"863"	"YC21:2343"	2	339	"LH215"	"2"	2.27450980392157	1.45098039215687	2.58823529411765	3.79921568627451	6.03921568627451	4.15686274509804	20.7341176470588	27.6921568627451	27.1764705882353	33.4050980392157	28.9301960784314
"864"	"YC21:2344"	2	482	"H113"	"2"	2.43137254901961	1.80392156862746	2.77960784313725	3.05882352941176	7.63607843137254	4.52313725490195	18.2352941176471	23.6470588235294	24.2525490196078	30.1678431372549	26.2019607843137
"865"	"YC21:2345"	2	404	"B65"	"2"	1.80392156862744	0.980392156862742	1.80392156862746	1.72549019607843	2.78431372549019	2.20980392156862	16.4941176470588	21.2156862745098	22.3529411764706	28.5098039215686	25.8596078431372
"866"	"YC21:2346"	2	489	"K47"	"2"	2.27450980392156	1.25490196078431	1.76470588235295	1.99999999999999	2.54901960784313	3.33333333333333	16.7058823529412	20	21.8882352941176	27.4509803921569	26.6949019607843
"867"	"YC21:2347"	2	498	"NC290A"	"2"	1.68627450980392	1.09803921568628	1.96078431372549	1.56862745098039	1.13725490196078	0.392156862745097	4.49803921568629	5.6078431372549	11.7254901960784	16.3050980392157	16.0176470588235
"868"	"YC21:2348"	2	268	"NS701"	"2"	2.35294117647058	1.01960784313726	1.45098039215686	1.75372549019607	1.37254901960784	1.29411764705882	12.2227450980392	14.6274509803922	15.9745098039216	18.5098039215686	18.8541176470588
"869"	"YC21:2349"	2	459	"W610S"	"2"	2	0.980392156862753	1.76470588235293	1.64705882352941	1.84313725490196	2.03921568627451	17.4686274509804	22.3560784313725	24.9470588235294	31.1333333333333	29.3333333333333
"870"	"YC21:2350"	2	279	"Seagull Seventeen"	"2"	1.80392156862745	1.13725490196079	1.96078431372548	1.84313725490196	1.13725490196078	0.941176470588233	18.9019607843137	24.0843137254902	22.9411764705882	28.8839215686274	28.6666666666667
"871"	"YC21:2351"	2	372	"PHT10"	"2"	2.23529411764705	1.1764705882353	1.88235294117646	2.94117647058823	3.2156862745098	5.09803921568627	20.0282352941176	26.9301960784314	26.1627450980392	34.9411764705882	30.7058823529412
"872"	"YC21:2352"	2	361	"OC19"	"2"	2.23529411764705	1.1764705882353	2	2.07843137254901	1.40039215686274	2.79999999999999	18.2243137254902	23.1654901960784	24.4596078431373	29.9498039215686	25.5745098039216
"873"	"YC21:2353"	2	476	"B57"	"2"	1.64705882352941	1.17647058823529	1.64705882352942	1.72549019607844	1.49019607843138	1.52941176470589	13.6470588235294	16.9105882352941	17.9105882352941	23.9890196078431	22.6666666666667
"874"	"YC21:2354"	2	445	"PHR58"	"2"	1.88235294117648	1.09803921568627	1.76470588235295	2.03921568627451	6.00000000000001	4.98588235294118	19.5050980392157	25.2549019607843	26.238431372549	30.743137254902	31.3392156862745
"875"	"YC21:2355"	2	370	"PHR31"	"2"	2.03921568627451	0.941176470588243	1.56862745098039	1.80392156862744	4.08078431372548	5.29411764705882	23.3725490196078	28.0756862745098	28.7058823529412	35.4509803921569	30.3137254901961
"876"	"YC21:2356"	2	276	"PHW52"	"2"	2.54901960784314	1.6078431372549	2.7843137254902	2.35294117647059	3.44	5.49019607843138	22.0392156862745	28.3921568627451	28.5945098039216	33.843137254902	28.4705882352941
"877"	"YC21:2357"	2	381	"Tr"	"2"	2.3921568627451	1.49019607843137	2.75843137254902	6.90196078431373	10.2352941176471	6.31372549019608	22.8125490196079	28.6274509803922	30.5882352941176	36.5294117647059	31.4509803921569
"878"	"YC21:2358"	2	327	"K150"	"2"	1.92156862745097	1.45098039215686	2.59960784313726	6.19607843137255	9.2156862745098	5.6078431372549	22.2352941176471	28.6313725490196	29.2156862745098	36.0282352941177	31.6921568627451
"879"	"YC21:2359"	2	516	"B73"	"2"	2.07843137254902	1.13725490196079	2.03921568627451	2.75647058823529	4.05647058823529	4.28627450980392	19.843137254902	23.8823529411765	27.0313725490196	27.9737254901961	28.1627450980392
"880"	"YC21:2360"	2	403	"B47"	"2"	2.15686274509804	1.49019607843137	2.31372549019608	1.72549019607843	1.17647058823529	0.705882352941185	15.7537254901961	20.3137254901961	20.8156862745098	21.6752941176471	22.8294117647059
"881"	"YC21:2361"	2	422	"LH191"	"2"	2	1.17647058823529	1.88	2.09568627450981	4.47058823529412	4.54901960784314	18.681568627451	25.4713725490196	25.4901960784314	31.8427450980392	26
"882"	"YC21:2362"	2	464	"W819G"	"2"	1.72549019607843	1.25490196078431	1.96078431372549	2	7.68627450980392	5.64705882352941	22.1607843137255	27.6439215686274	28.5882352941176	33.2156862745098	30.0941176470588
"883"	"YC21:2363"	2	297	"B109"	"2"	1.68627450980393	1.41176470588235	1.92549019607843	1.92156862745098	1.01960784313725	0.588235294117656	17.6301960784314	21.3329411764706	22.0235294117647	26.0392156862745	23.8549019607843
"884"	"YC21:2364"	2	388	"W812G"	"2"	2.50980392156863	1.13725490196078	1.52941176470589	1.9607843137255	4.98666666666668	4.3921568627451	17.9890196078431	23.2549019607843	23.6470588235294	28.3137254901961	23.2156862745098
"885"	"YC21:2365"	2	510	"R177"	"2"	2.7843137254902	1.41176470588235	2.47058823529412	2.31372549019608	3.20470588235295	3.60784313725491	17.6862745098039	23.7058823529412	24.5490196078431	30.2411764705882	25.8607843137255
"886"	"YC21:2366"	2	417	"IDS28"	"2"	2.58823529411765	1.76470588235294	2.15686274509804	2.62745098039216	7.60784313725491	4.82352941176471	19.7901960784314	25.0870588235294	25.6470588235294	32.6666666666667	29.2156862745098
"887"	"YC21:2367"	2	371	"PHR55"	"2"	2	1.49019607843137	1.96078431372549	1.88235294117648	1.05882352941176	2.8862745098039	16.7843137254902	21.5356862745098	24.3921568627451	28.9137254901961	24.0843137254902
"888"	"YC21:2368"	2	484	"H96"	"2"	2.23529411764706	1.64705882352941	2.42039215686275	4.07843137254902	6.35294117647059	4.67607843137256	15.4117647058824	20.6274509803922	22.6274509803922	30.7254901960784	27.8560784313725
"889"	"YC21:2369"	2	474	"B104"	"2"	2.43137254901961	1.52941176470588	2	2.27450980392157	3.60784313725491	4.35294117647059	17.0988235294118	23.8039215686275	23.603137254902	28.3529411764706	24.6588235294118
"890"	"YC21:2370"	2	331	"LH128"	"2"	1.92156862745098	1.52941176470588	2.50980392156863	5.10941176470588	7.92156862745098	5.33333333333334	20.3529411764706	24.5419607843137	26.3529411764706	29.4431372549019	24.2411764705882
"891"	"YC21:2371"	2	502	"PHEG9"	"2"	2.23529411764706	1.01960784313725	1.84313725490196	1.64705882352942	1.37254901960785	1.25490196078432	18	23.2329411764706	23.2941176470588	28.9333333333333	25.0086274509804
"892"	"YC21:2372"	2	505	"PHV63"	"2"	2.58823529411765	1.45098039215686	1.76470588235294	2.07843137254902	4.11764705882353	4.62745098039216	19.7239215686274	24.0745098039216	26.2745098039216	30.3588235294118	27.0196078431373
"893"	"YC21:2373"	2	412	"F2834T"	"2"	2.15686274509804	1.33333333333333	1.88235294117647	2.23529411764706	1.64705882352942	2.43137254901961	14.0392156862745	19.8039215686274	19.8941176470588	27.1764705882353	25.921568627451
"894"	"YC21:2374"	2	472	"4F-234 BX 4"	"2"	2.15686274509804	1.6078431372549	2.58823529411764	2	1.41176470588236	0.705882352941183	14.3027450980392	18.2803921568627	20.8909803921569	26.2549019607843	26.4764705882353
"895"	"YC21:2375"	2	335	"LH195"	"2"	1.92156862745098	1.76470588235293	2.54901960784313	2.27450980392157	4.19607843137255	3.68627450980392	15.7254901960784	20.7843137254902	22.1235294117647	27.1960784313726	25.6705882352941
"896"	"YC21:2376"	2	317	"H71"	"2"	1.72549019607843	1.72549019607843	2.27450980392156	2.47058823529412	4.23529411764706	4.07843137254902	18.078431372549	23.1039215686274	24.1176470588235	30	27.6470588235294
"897"	"YC21:2377"	2	346	"Mo46"	"2"	1.88235294117647	1.2156862745098	1.69019607843137	1.5686274509804	1.49019607843137	1.52941176470588	14.3921568627451	18.8596078431373	20.2803921568627	26.0392156862745	24.5549019607843
"898"	"YC21:2378"	2	475	"B2"	"2"	2.49882352941177	1.09803921568627	1.64705882352941	1.80392156862745	1.45098039215686	0.878039215686278	14.2156862745098	18.6666666666667	19.9529411764706	25.6470588235294	25.3137254901961
"899"	"YC21:2379"	2	500	"NC412"	"2"	1.92156862745098	1.2156862745098	1.6078431372549	1.76470588235294	1.73686274509804	3.52941176470589	16.3529411764706	23.6862745098039	24.6725490196078	27.3333333333333	26.843137254902
"900"	"YC21:2380"	2	293	"4N506"	"2"	2.66666666666667	1.56862745098039	2.86274509803921	5.76470588235294	8.50980392156863	5.22196078431373	21.6470588235294	26.9411764705882	29.3725490196078	33.9274509803922	29.158431372549
"901"	"YC21:2381"	2	295	"A321"	"2"	2.50980392156862	1.41176470588235	2.0113725490196	1.87450980392157	1.36470588235294	0.784313725490197	18.9411764705882	21.5466666666667	22.5490196078431	28.5490196078431	26.1443137254902
"902"	"YC21:2382"	2	398	"AusTRCF 306238"	"2"	2.31372549019608	1.73686274509803	2.66666666666667	2.35294117647059	1.96078431372549	4.7843137254902	22.6572549019608	28.3137254901961	30.2352941176471	34.438431372549	32.6274509803922
"903"	"YC21:2383"	2	520	"B73"	"2"	2.23529411764706	1.41176470588235	2.15686274509804	2.07843137254902	1.67529411764706	2.11764705882353	20.5811764705882	24.7058823529412	25.2607843137255	30.5156862745098	27.3843137254902
"904"	"YC21:2384"	2	478	"B77"	"2"	2.70588235294117	1.25490196078431	2.03921568627451	3.03294117647058	3.81921568627451	4.03921568627451	19.4901960784314	24.7403921568627	24.7843137254902	31.0588235294118	28.9078431372549
"905"	"YC21:2385"	2	284	"W611S"	"2"	2.8235294117647	1.71764705882352	2.23529411764706	2.31372549019608	1.52941176470588	4.35294117647059	22.8235294117647	29.6752941176471	30.6447058823529	36.7490196078431	30.7843137254902
"906"	"YC21:2386"	2	353	"N523"	"2"	2.50980392156863	1.49019607843137	3.05882352941177	8	10.3137254901961	6.74509803921569	25.0870588235294	30.5882352941176	31.6862745098039	37.9647058823529	32.0843137254902
"907"	"YC21:2387"	2	338	"LH214"	"2"	2.15686274509803	1.84313725490195	2.7843137254902	7.48862745098039	8.66823529411764	5.80392156862745	23.0588235294118	28.4352941176471	28.9803921568627	39.0392156862745	30.4372549019608
"908"	"YC21:2388"	2	379	"PHZ51"	"2"	2.11764705882353	1.84313725490195	3.26823529411764	5.56862745098039	6.54901960784314	6	22.0823529411765	27.8023529411765	30.0392156862745	36.9301960784314	30.6666666666667
"909"	"YC21:2389"	2	395	"6M502A"	"2"	2.34823529411764	1.58392156862745	2.54901960784314	2.66666666666666	3.55764705882353	4.52941176470589	20.3529411764706	26	27.8713725490196	33.221568627451	30.3
"910"	"YC21:2390"	2	350	"N215"	"2"	2.62745098039215	1.45098039215686	2.70588235294118	2.47058823529411	2.70588235294117	5.01960784313726	21.3588235294118	27.0196078431373	27.7450980392157	33.2274509803921	29.3647058823529
"911"	"YC21:2391"	2	323	"INB 101LFY/LFY (A632 X M16 S5)"	"2"	2.74509803921568	1.6192156862745	3.03098039215686	4.90196078431372	8.56627450980392	5.80392156862745	21.921568627451	27.456862745098	28.6274509803922	34.2470588235294	29.5686274509804
"912"	"YC21:2392"	2	409	"DE2"	"2"	3.17647058823529	1.76470588235293	3.17647058823529	6.1192156862745	9.55372549019608	6.03921568627451	21.7509803921569	26.4203921568627	27.7427450980392	34.1458823529412	29.3333333333333
"913"	"YC21:2393"	2	306	"B75"	"2"	3.0478431372549	1.68627450980393	2.35294117647058	3.01960784313726	1.88235294117648	5.26	22.3921568627451	27.4901960784314	28.7058823529412	31.4509803921569	26.9019607843137
"914"	"YC21:2394"	2	468	"Yu796 NS"	"2"	2.62745098039216	1.52941176470589	2.71725490196078	5.84549019607843	7.35294117647058	5.5156862745098	20.3137254901961	26.0062745098039	26.7705882352941	28.3137254901961	24.5882352941176
"915"	"YC21:2395"	2	292	"2MCDB"	"2"	2.43137254901961	1.30549019607844	2.27843137254902	1.96078431372549	1.61176470588236	1.92156862745098	15.2470588235294	21.1882352941176	23.9137254901961	28.156862745098	22.3027450980392
"916"	"YC21:2396"	2	402	"B46"	"2"	2.15686274509804	1.68627450980393	2.38745098039215	3.32235294117647	3.89960784313726	2.47058823529412	13.2	15.6137254901961	18.5882352941176	24.2635294117647	21.5745098039216
"917"	"YC21:2397"	2	286	"W821G"	"2"	2.58823529411765	1.80392156862746	2.58823529411765	2.50980392156863	1.76470588235295	1.09803921568627	6.47058823529412	11.0647058823529	13.9411764705882	14.3137254901961	12.5490196078431
"918"	"YC21:2398"	2	439	"Pa762"	"2"	2.43137254901961	1.41176470588236	2.86274509803922	4.66666666666667	4.35294117647058	4.27450980392157	17.6172549019608	21.1356862745098	22.9411764705882	29.5294117647059	26
"919"	"YC21:2399"	2	337	"LH213"	"2"	2.74509803921569	1.41176470588236	2.0392156862745	2.50980392156863	5.44	4.56313725490196	20.7843137254902	23.3372549019608	27.2549019607843	30.5564705882353	29.5890196078431
"920"	"YC21:2400"	2	509	"4F-35 BK"	"2"	2.10980392156863	1.13725490196079	1.52941176470588	1.64705882352942	0.823529411764703	0.392156862745097	1.76470588235294	4.31372549019608	16.7450980392156	18.8164705882353	21.8470588235294
"921"	"YC21:2401"	2	444	"PHR03"	"2"	2.11764705882353	1.33333333333334	1.76470588235294	2.64549019607843	2.34196078431372	3.90901960784314	20.3196078431373	23.8945098039216	27.596862745098	32.9019607843137	31.6725490196078
"922"	"YC21:2402"	2	305	"B70"	"2"	2.03921568627451	1.37254901960785	1.87764705882353	2.35294117647059	1.84313725490196	3.6078431372549	18.1498039215686	24.2917647058824	27.2274509803922	35.3992156862745	29.2607843137255
"923"	"YC21:2403"	2	421	"K41"	"2"	2.27450980392157	1.33333333333334	2.27450980392157	1.84313725490197	1.41176470588235	0.470588235294117	14.4262745098039	18.0125490196078	23.6921568627451	31.4745098039216	27.0313725490196
"924"	"YC21:2404"	2	341	"LH59"	"2"	2.19607843137255	1.17176470588236	1.80392156862745	2.31372549019608	3.29411764705882	5.21568627450981	18.078431372549	20.5882352941176	21.9607843137255	28.2352941176471	23.7705882352941
"925"	"YC21:2405"	2	364	"PHBB3"	"2"	1.96078431372549	1.52941176470589	2.50509803921569	3.88235294117648	6.99647058823529	5.68627450980392	20.8235294117647	24.6666666666667	26.4737254901961	31.0309803921569	25.9274509803922
"926"	"YC21:2406"	2	328	"KUNG-70"	"2"	1.80392156862746	1.60784313725491	2.3921568627451	1.84313725490197	2.85764705882352	3.84313725490196	18.078431372549	22.0674509803922	22.7843137254902	26.3039215686274	22.156862745098
"927"	"YC21:2407"	2	442	"PHK29"	"2"	2.43137254901961	1.29411764705883	2.11764705882353	2	1.52941176470588	0.509803921568626	11.596862745098	4.47058823529412	14.8635294117647	18.9411764705882	18.1066666666667
"928"	"YC21:2408"	2	511	"PH207"	"2"	2	1.49019607843138	2.43137254901961	4.00627450980393	8.47058823529411	5.64705882352941	21.6078431372549	26.078431372549	29.4117647058824	30.9301960784314	27.4509803921569
"929"	"YC21:2409"	2	501	"Pa91"	"2"	1.84313725490197	1.80392156862746	3.01960784313726	3.84313725490196	5.16078431372548	5.88235294117647	23.8490196078431	29.4901960784314	31.2941176470588	37.456862745098	33.4117647058823
"930"	"YC21:2410"	2	272	"PHK35"	"2"	2.6164705882353	1.41176470588235	2.47058823529412	1.92156862745097	1.45098039215686	1.29411764705882	17.1713725490196	25.8164705882353	27.9266666666667	35.3725490196078	29.9470588235294
"931"	"YC21:2411"	2	469	"B105"	"2"	2.35294117647059	1.5686274509804	2.35294117647059	2.15686274509804	7.01960784313725	5.1764705882353	19.0588235294118	25.5294117647059	27.1411764705882	31.5294117647059	28.5098039215686
"932"	"YC21:2412"	2	382	"Va26"	"2"	2.03921568627451	1.17647058823529	1.64705882352942	2.12901960784313	4.09176470588235	4.00000000000001	18.1898039215686	24.7117647058824	26.5882352941176	35.8098039215686	32.0450980392157
"933"	"YC21:2413"	2	321	"Hy"	"2"	2.15686274509804	1.56862745098039	2.23529411764706	1.80392156862744	1.46431372549019	0.431372549019607	10.4705882352941	17.036862745098	20.9803921568627	28.2745098039216	27.0980392156863
"934"	"YC21:2414"	2	499	"NC368"	"2"	2.23529411764705	1.05882352941176	1.68627450980392	1.37254901960784	1.05882352941176	0.828627450980393	8.19607843137255	9.92156862745098	15.8705882352941	19.4509803921569	22.2760784313726
"935"	"YC21:2415"	2	415	"H84"	"2"	1.84313725490195	1.01960784313725	1.68627450980392	1.45098039215686	0.980392156862742	0.392156862745097	16.5921568627451	15.9607843137255	22.0843137254902	21.2549019607843	23.0196078431373
"936"	"YC21:2416"	2	347	"MS221"	"2"	1.88235294117646	0.901960784313722	1.72549019607843	2.27450980392156	5.24392156862745	4.62745098039216	19.0196078431373	25.2047058823529	25.3725490196078	29.0478431372549	25.0588235294118
"937"	"YC21:2417"	2	420	"INBRED 305"	"2"	2.22745098039215	0.980392156862742	1.88235294117646	2.39215686274509	2.38117647058823	4.15686274509804	19.1329411764706	23.7647058823529	24.1960784313725	28.4490196078431	24.4705882352941
"938"	"YC21:2418"	2	425	"LH205"	"2"	1.96078431372548	1.37254901960784	2.10980392156862	2.03921568627451	1.01960784313726	2.7843137254902	20.2352941176471	25.921568627451	26.9333333333333	30.3658823529412	27.6470588235294
"939"	"YC21:2419"	2	378	"PHWG5"	"2"	2.07843137254901	1.37254901960784	1.54588235294117	2.50980392156863	5.94196078431373	5.44	20.2745098039216	26.7917647058824	27.456862745098	32.5380392156863	29.2643137254902
"940"	"YC21:2420"	2	334	"LH193"	"2"	1.92156862745098	1.25490196078431	1.76470588235293	2.9956862745098	6	4.70588235294118	19.2941176470588	25.44	26	31.0254901960784	27.5411764705882
"941"	"YC21:2421"	2	490	"K55"	"2"	2.19607843137254	1.17647058823529	1.88235294117646	1.92156862745098	1.84313725490196	1.52941176470589	13.843137254902	18.1066666666667	18.5941176470588	23.8156862745098	19.4960784313726
"942"	"YC21:2422"	2	263	"LH199"	"2"	1.64705882352941	0.941176470588232	1.57254901960784	1.49019607843137	1.09803921568628	2.3529411764706	14.5882352941176	16.4827450980392	21.9890196078431	20.1839215686274	20.2352941176471
"943"	"YC21:2423"	2	362	"Oh7"	"2"	1.8078431372549	0.901960784313722	1.80392156862744	2.03921568627451	4.98039215686275	4.19607843137255	20.1176470588235	26.0423529411765	28.3980392156863	35.7549019607843	34.5490196078431
"944"	"YC21:2424"	2	383	"W22"	"2"	1.80392156862745	1.01960784313725	1.68627450980392	3.02588235294118	4.82352941176471	4.19607843137255	18.5098039215686	25.4509803921569	26.8745098039216	34.1176470588235	29.0588235294118
"945"	"YC21:2425"	2	503	"PHG35"	"2"	2.0392156862745	1.68627450980392	2.8235294117647	2.58823529411765	1.45098039215687	0.784313725490204	17.0086274509804	22.5380392156863	23.2156862745098	27.8392156862745	26.3196078431372
"946"	"YC21:2426"	2	271	"PHHH9"	"2"	2.07843137254901	1.37254901960784	2.3643137254902	2.94117647058824	6.47058823529412	5.29411764705883	20.661568627451	26.5250980392157	27.5686274509804	29.9803921568627	27.3725490196078
"947"	"YC21:2427"	2	437	"NY6371"	"2"	2	1.09803921568627	1.68627450980392	1.84313725490197	3.37254901960785	3.45098039215687	17.9607843137255	23.9607843137255	25.2941176470588	32.5882352941176	30.4705882352941
"948"	"YC21:2428"	2	467	"YE 4"	"2"	2.19607843137255	1.01960784313725	2.0392156862745	2.19607843137255	2.49882352941177	2.28196078431373	19.843137254902	25.3254901960784	25.2941176470588	33.2156862745098	29.0792156862745
"949"	"YC21:2429"	2	342	"LH60"	"2"	1.76470588235294	1.80392156862744	3.13725490196078	4.11764705882353	6.3921568627451	5.05882352941177	22.5098039215686	29.0196078431372	30.0117647058824	33.8882352941176	30.5490196078431
"950"	"YC21:2430"	2	433	"N7A"	"2"	2.35294117647058	0.941176470588232	1.21568627450981	1.49019607843138	1.52941176470589	3.75182072829131	19.0196078431373	24.8627450980392	23.6823529411765	26.7058823529412	24.0392156862745
"951"	"YC21:2431"	2	448	"PHW65"	"2"	1.96078431372549	1.49019607843137	1.92156862745098	1.80392156862744	3.1764705882353	2.86274509803922	18.6666666666667	24.3137254901961	24.6662745098039	30.6164705882353	27.2607843137255
"952"	"YC21:2432"	2	434	"NC294"	"2"	1.92156862745098	1.13725490196078	2.03921568627451	2.07843137254901	1.72549019607844	4.31725490196079	19.8823529411765	23.5352941176471	24.5941176470588	26.8235294117647	24.7372549019608
"953"	"YC21:2433"	2	310	"CO257"	"2"	2.03921568627451	1.6078431372549	2.54901960784314	2.24666666666667	1.52941176470589	1.01764705882353	15.1262745098039	18.9741176470588	18.7341176470588	22.7058823529412	19.4509803921569
"954"	"YC21:2434"	2	392	"WU-TAN-TZAO"	"2"	1.81960784313725	1.25490196078431	1.80392156862746	1.64705882352942	1.01960784313725	1.85019607843137	17.9811764705882	20.738431372549	22.2803921568627	23.4901960784314	19.6576470588235
"955"	"YC21:2435"	2	393	"YING-55"	"2"	2.03921568627451	1.41176470588235	1.92156862745098	3.70352941176471	5.79294117647058	5.13725490196078	20.7058823529412	26.0392156862745	27.3	30.3529411764706	26.3333333333333
"956"	"YC21:2436"	2	491	"LH211"	"2"	1.92156862745098	0.901960784313722	1.33333333333334	1.60784313725491	0.901960784313722	1.72549019607843	15.778431372549	21.3035294117647	25.0196078431373	26.5098039215686	23.3682352941176
"957"	"YC21:2437"	2	440	"Pa880"	"2"	2	1.17647058823529	1.72549019607844	4.58823529411765	6.19607843137255	5.49019607843137	21.9274509803922	28.1176470588235	30.4823529411765	35.9274509803922	33.2941176470588
"958"	"YC21:2438"	2	318	"H91"	"2"	1.64705882352942	1.45098039215686	2.26078431372549	3.45098039215686	4.71215686274511	4.90196078431372	22.1235294117647	28.5882352941176	30.1960784313725	35.1937254901961	29.8490196078431
"959"	"YC21:2439"	2	267	"ND259"	"2"	2.03921568627451	0.784313725490193	1.25490196078432	1.76470588235295	2.23529411764707	4.06745098039215	21.0588235294118	27.8039215686274	27.7313725490196	32.9078431372549	26.2917647058824
"960"	"YC21:2440"	2	312	"CQ702RC"	"2"	1.60784313725491	1.17647058823529	2.11764705882353	2.07843137254902	2.70588235294118	4.50980392156863	23.2941176470588	28.3529411764706	29.921568627451	33.7145098039216	27.7372549019608
"961"	"YC21:2441"	2	265	"LH227"	"2"	1.68627450980392	1.76470588235295	3.03098039215686	2.2635294117647	2.38117647058824	5.52941176470588	22.9411764705882	28.078431372549	29.8823529411765	32.8133333333333	28.1639215686275
"962"	"YC21:2442"	2	400	"B110"	"2"	2.11764705882352	1.41176470588235	1.88235294117648	2.0392156862745	1.29411764705883	3.77529411764706	18.9019607843137	25.843137254902	25.2439215686275	31.2329411764706	28.1627450980392
"963"	"YC21:2443"	2	512	"PH207"	"2"	1.72549019607843	1.49019607843137	1.84313725490197	2.90196078431372	4.98039215686275	5.45098039215687	22.3419607843137	28.3921568627451	28.3137254901961	30.4705882352941	26.4313725490196
"964"	"YC21:2444"	2	316	"H5"	"2"	2.00392156862744	1.17647058823529	1.96078431372549	2.74313725490195	6.15686274509804	6.11764705882353	24.3027450980392	28.3137254901961	30.7843137254902	33.2086274509804	30.356862745098
"965"	"YC21:2445"	2	299	"B119"	"2"	2.0392156862745	1.2156862745098	1.65803921568628	1.76470588235293	1.92156862745099	4.70588235294118	21.2549019607843	26.1960784313726	28.078431372549	29.9674509803922	26.7509803921569
"966"	"YC21:2446"	2	401	"B14"	"2"	1.88235294117646	1.2156862745098	1.5686274509804	1.76470588235293	0.941176470588243	0.588235294117656	19.4156862745098	22.5239215686274	23.0654901960784	27.1545098039216	22.4039215686274
"967"	"YC21:2447"	2	416	"HP301"	"2"	1.88235294117646	1.17647058823529	1.5686274509804	1.76470588235293	3.60274509803922	4.42039215686275	17.4678431372549	21.8039215686275	22.5941176470588	28.2803921568627	28.7450980392157
"968"	"YC21:2448"	2	493	"M14"	"2"	2.43137254901961	1.2156862745098	1.92156862745098	4.15686274509803	6.66666666666667	4.76588235294118	19.2941176470588	23.8725490196078	24.0674509803922	27.4509803921569	24.0392156862745
"969"	"YC21:2449"	2	278	"S8326"	"2"	1.92156862745097	1.41176470588236	1.88235294117646	2.3921568627451	5.77803921568627	6.02823529411765	24.8627450980392	25.6078431372549	26.7733333333333	30.1890196078431	27.4682352941176
"970"	"YC21:2450"	2	443	"PHP85"	"2"	2.23529411764705	1.72549019607844	2.50980392156863	2.19607843137255	1.52941176470588	6.07843137254902	26.8098039215686	32.9192156862745	31.921568627451	38.3811764705882	30.6333333333333
"971"	"YC21:2451"	2	460	"W803G"	"2"	2.11764705882353	1.33333333333333	1.37254901960784	1.6078431372549	0.941176470588236	3.5086274509804	19.3333333333333	26.1176470588235	26.4313725490196	31.4509803921569	27.4117647058824
"972"	"YC21:2452"	2	389	"W813G"	"2"	2.35294117647059	1.72549019607844	2.96941176470588	3.91058823529412	8.03921568627451	5.80392156862745	22.1850980392157	26.9803921568627	27.9780392156863	32.7843137254902	27.756862745098
"973"	"YC21:2453"	2	470	"WIL901"	"2"	2.15686274509804	1.60784313725491	1.88392156862744	2.31372549019608	1.41176470588235	4.21411764705883	20.7058823529412	26.0992156862745	26.7509803921569	32.5772549019608	29.1941176470588
"974"	"YC21:2454"	2	483	"H122w"	"2"	1.92156862745098	1.64705882352942	2.34823529411764	3.81529411764706	6.19607843137255	4.94117647058824	20.9843137254902	26.4960784313725	27.5882352941176	37.221568627451	28.6
"975"	"YC21:2455"	2	288	"ZS365"	"2"	1.84313725490197	1.17647058823529	1.82823529411764	3.85647058823529	9.92156862745098	5.56862745098039	21.1764705882353	25.921568627451	26.6274509803922	29.7929411764706	25.3
"976"	"YC21:2456"	2	307	"B88"	"2"	1.84313725490197	1.52941176470589	2.07843137254901	3.72549019607844	7.88235294117647	5.56862745098039	21.3333333333333	26.3921568627451	27.3392156862745	33.0980392156863	29.2078431372549
"977"	"YC21:2457"	2	355	"N534"	"2"	1.92156862745098	1.13725490196079	1.84313725490195	2.43137254901961	4.21411764705882	5.13725490196079	20.7058823529412	26.6274509803922	28.3921568627451	36.6666666666667	31.3725490196078
"978"	"YC21:2458"	2	285	"W811G"	"2"	1.92156862745098	1.1764705882353	1.64705882352941	1.60784313725491	1.17647058823529	4.53333333333334	19.5686274509804	25.2941176470588	31.7705882352941	30.156862745098	27.8898039215686
"979"	"YC21:2459"	2	384	"W23"	"2"	1.33333333333334	1.1764705882353	1.80392156862744	2.90196078431373	8.70588235294118	5.84313725490196	22.9019607843137	26.5490196078431	28.1262745098039	33.6450980392157	30.9078431372549
"980"	"YC21:2460"	2	320	"HUANYAO"	"2"	1.37254901960785	1.1764705882353	1.84313725490197	2.74509803921569	2.74274509803921	4.31372549019608	19.7203921568627	22.1882352941176	23.596862745098	26.4313725490196	22.2745098039216
"981"	"YC21:2461"	2	360	"NY 166 (Neveh Yaar)"	"2"	2.03921568627451	1.21568627450981	1.68627450980393	2.3643137254902	6	4.28148148148149	18.7764705882353	22.7760784313726	25.1764705882353	30.8933333333333	25.7313725490196
"982"	"YC21:2462"	2	504	"PHN34"	"2"	2.47058823529412	1.01960784313726	1.52941176470589	1.64705882352942	1.68627450980392	2.66666666666667	14.3529411764706	18.8411764705882	20.7117647058824	25.221568627451	23.1509803921569
"983"	"YC21:2463"	2	365	"PHJ70"	"2"	2	1.62313725490197	1.96078431372549	1.92156862745098	1.37254901960784	0.898823529411763	15.6078431372549	22.5070588235294	23.5686274509804	29.8294117647059	27.456862745098
"984"	"YC21:2464"	2	280	"SG 30A"	"2"	2.07843137254902	1.13725490196079	2.12901960784314	2.20941176470588	3.80392156862745	4.86274509803922	20.5490196078431	26.7058823529412	28.3137254901961	30.8235294117647	27.2156862745098
"985"	"YC21:2465"	2	457	"VaW6"	"2"	2.15686274509804	1.05882352941177	1.64705882352942	1.52941176470589	0.784313725490193	0.784313725490194	19.8298039215686	21.2047058823529	23.4627450980392	25.6717647058823	22.6556862745098
"986"	"YC21:2466"	2	274	"PHN29"	"2"	2.07843137254902	1.80392156862746	2.58823529411765	2.7843137254902	2.54901960784313	4.43137254901961	19.6078431372549	26.5023529411765	26.2745098039216	34.4705882352941	28.7058823529412
"987"	"YC21:2467"	2	375	"PHT55"	"2"	1.5686274509804	1.21568627450981	1.84313725490197	2.34823529411765	1.83215686274509	4.06745098039216	22.5098039215686	28.1372549019608	26.4705882352941	48.5019607843137	29
"988"	"YC21:2468"	2	357	"NC328"	"2"	1.96078431372549	1.09803921568628	1.64705882352942	1.58196078431373	1.92156862745098	4.58823529411765	20.7682352941176	25.2078431372549	23.7325490196078	39.4117647058823	24.2243137254902
"989"	"YC21:2469"	2	497	"NC250"	"2"	1.96078431372548	1.05882352941177	1.5686274509804	1.52941176470589	1.01960784313725	2.65568627450981	16.503137254902	20.7058823529412	21.2549019607843	24.5772549019608	22.9666666666667
"990"	"YC21:2470"	2	273	"PHM10"	"2"	1.76470588235294	1.72549019607844	2.54901960784314	2.54901960784314	1.77803921568628	2.31372549019608	17.8490196078431	22.3054901960784	25.4509803921569	30.3137254901961	27.5356862745098
"991"	"YC21:2471"	2	351	"N28Ht"	"2"	2.08980392156862	1.5686274509804	1.99999999999999	1.68627450980392	1.49019607843138	0.470588235294117	13.8039215686275	19.4007843137255	21.0960784313725	25.4117647058823	23.3333333333333
"992"	"YC21:2472"	2	354	"N527"	"2"	1.80392156862745	1.33333333333334	2.91843137254902	2.70588235294118	4.23529411764705	4.97098039215687	19.3333333333333	24.8235294117647	26.1960784313725	28.3980392156863	24.3137254901961
"993"	"YC21:2473"	2	496	"N209"	"2"	2.15686274509803	1.13725490196079	1.96078431372548	1.76470588235294	1.37254901960784	2.86274509803922	17.2156862745098	20.4705882352941	21.3333333333333	24.3419607843137	20.0509803921569
"994"	"YC21:2474"	2	314	"H114"	"2"	2.31372549019607	1.41176470588235	2.19607843137254	1.92156862745097	4.30901960784314	4.74509803921569	17.4960784313726	23.0478431372549	24.0392156862745	28.7254901960784	23.2607843137255
"995"	"YC21:2475"	2	387	"W810G"	"2"	1.41176470588235	1.68627450980393	2.39215686274509	5.85647058823529	6.23529411764706	4.50980392156863	18.3529411764706	23.2941176470588	24.8745098039216	32.4203921568627	27.6470588235294
"996"	"YC21:2476"	2	345	"MM501D"	"2"	2.23529411764705	1.64705882352942	2.15686274509804	6.19607843137255	6.07843137254903	4.11764705882353	15.921568627451	18.2745098039216	22.3682352941176	28.4352941176471	23.5686274509804
"997"	"YC21:2477"	2	458	"W32"	"2"	1.88235294117648	0.941176470588236	1.54078431372548	3.13725490196078	5.55764705882354	4.15686274509804	16.9019607843137	20.3921568627451	21.3450980392157	26.2274509803922	23.0980392156863
"998"	"YC21:2478"	2	488	"J47"	"2"	2.17725490196079	1.72549019607843	2.66666666666667	2.3921568627451	2.31372549019608	4.07843137254902	21.1764705882353	26.2745098039216	27.6078431372549	32.9980392156863	28.4705882352941
"999"	"YC21:2479"	2	330	"LH1"	"2"	2.47058823529412	1.64705882352941	2.66666666666667	3.68627450980392	5.33333333333334	4.94117647058824	20.9301960784314	26.883137254902	26.4764705882353	34.8352941176471	26.8686274509804
"1000"	"YC21:2480"	2	414	"H110"	"2"	2.3921568627451	1.6078431372549	2.23529411764706	6.11764705882353	8.43137254901961	6.31372549019608	25.418431372549	50.156862745098	33.7647058823529	37.4960784313725	30.9411764705882
"1001"	"YC21:2481"	2	408	"B98"	"2"	2.03921568627451	1.25490196078431	2.20745098039216	2.14901960784314	1.59686274509805	1.96078431372549	21.2690196078431	22.9803921568627	23.1043137254902	31.7176470588235	28.2411764705882
"1002"	"YC21:2482"	2	477	"B68"	"2"	2.15686274509804	1.64705882352941	2.27450980392157	2.27450980392157	1.49019607843138	4.45568627450981	21.1764705882353	27.8882352941176	28.5490196078431	33.3137254901961	26.7450980392157
"1003"	"YC21:2483"	2	309	"CH701-30"	"2"	2.03921568627451	1.84313725490195	2.01137254901961	4.90196078431372	8.62745098039216	5.84313725490196	22.5490196078431	28.0564705882353	30.1235294117647	34.0058823529412	28.7450980392157
"1004"	"YC21:2484"	2	376	"PHW43"	"2"	2.15686274509804	1.76470588235293	2.98039215686275	7.01960784313725	9.61019607843137	5.96078431372549	22.5490196078431	28.7882352941176	29.9105882352941	31.843137254902	26.7450980392157
"1005"	"YC21:2485"	2	413	"FR19"	"2"	2.07372549019608	1.6078431372549	2.35294117647059	2.54901960784313	2.62745098039216	1.56862745098039	9.10392156862745	6.14980392156863	11.2329411764706	15.4725490196078	15.921568627451
"1006"	"YC21:2486"	2	471	"33-16"	"2"	2.54901960784314	1.52941176470588	2.3921568627451	2.35294117647059	1.60784313725491	0.784313725490193	16.4988235294118	14.6392156862745	25.5576470588235	27.7254901960784	26.5882352941176
"1007"	"YC21:2487"	2	359	"NKS8326"	"2"	2.70588235294118	1.64705882352941	2.23529411764706	3.08705882352941	4.29176470588236	5.25490196078432	21.7705882352941	26.6949019607843	29.0980392156863	33.44	27.7521568627451
"1008"	"YC21:2488"	2	289	"DK78371A"	"2"	3.29411764705882	1.96078431372548	3.29803921568628	6.42039215686275	7.24392156862745	5.37254901960784	22.0392156862745	27.6862745098039	28.9803921568627	35.4117647058824	29.6862745098039
"1009"	"YC21:2489"	2	473	"A619"	"2"	3.05882352941176	1.80392156862746	2.94117647058823	5.96078431372549	7.49019607843137	5.25490196078431	20.3219607843137	25.0196078431373	28.2352941176471	30.8549019607843	24.6450980392157
"1010"	"YC21:2490"	2	348	"MS67"	"2"	2.58823529411765	1.80392156862746	2.54901960784313	2.78431372549019	1.79294117647058	1.33333333333333	14.0125490196078	12.3529411764706	20.3196078431373	25.8549019607843	21.2156862745098
"1011"	"YC21:2491"	2	311	"CO258"	"2"	2.70588235294118	1.95294117647059	2.94117647058823	2.99176470588235	3.03098039215686	3.22901960784313	14.1098039215686	17.4176470588235	18.5882352941176	22.078431372549	19.283137254902
"1012"	"YC21:2492"	2	519	"B73"	"2"	2.86666666666667	1.5686274509804	2.86274509803921	2.3921568627451	1.92156862745097	1.76470588235294	18.9333333333333	17.7427450980392	22.3137254901961	22.1235294117647	20.5490196078431
"1013"	"YC21:2493"	2	436	"NC342"	"2"	2.66666666666667	2.07843137254902	3.09803921568627	5.81529411764706	8.02823529411764	5.68627450980392	23.0509803921569	26.7450980392157	28.6333333333333	32.6274509803922	33.436862745098
"1014"	"YC21:2494"	2	302	"B14A"	"2"	2.43137254901961	1.64235294117648	2.24666666666666	1.96078431372549	1.5035294117647	2.98666666666667	19.843137254902	24.2745098039216	25.6470588235294	31.5349019607843	26.8627450980392
"1015"	"YC21:2495"	2	456	"Va59"	"2"	3.05882352941176	1.76470588235295	2.47058823529412	2.23529411764706	1.68627450980392	2.07843137254902	19.5466666666667	22.843137254902	25.2549019607843	30.3392156862745	25.378431372549
"1016"	"YC21:2496"	2	340	"LH224"	"2"	2.27450980392157	1.37254901960785	2	1.92156862745098	2.4313725490196	5.05882352941177	21.8823529411765	23.5858823529412	26.9411764705882	32.1850980392157	27.4901960784314
"1017"	"YC21:2497"	2	518	"B73"	"2"	2.19607843137254	1.29411764705883	2.3921568627451	1.92156862745098	1.64705882352941	2.91019607843137	20.5411764705882	22.3921568627451	24.0392156862745	30.8156862745098	24.8823529411765
"1018"	"YC21:2498"	2	508	"WIL900"	"2"	2.07843137254902	1.80392156862746	2.54901960784314	2.50980392156863	1.80392156862744	2.51921568627451	19.3137254901961	23.9607843137255	26.4705882352941	32.1458823529412	28
"1019"	"YC21:2499"	2	304	"B37"	"2"	2.58823529411765	1.84313725490197	2.58823529411765	2.50980392156862	4.58823529411764	4.8235294117647	18.8835294117647	25.0980392156863	26.7141176470588	32.7917647058824	27.9392156862745
"1020"	"YC21:2500"	2	446	"PHR62"	"2"	2.23529411764705	1.41176470588235	1.52941176470589	1.76470588235294	1.2156862745098	0.509803921568626	12.5490196078431	18.7901960784314	21.378431372549	24.4705882352941	22.7843137254902
"1021"	"YC21:2501"	2	515	"PH207"	"2"	2.4313725490196	1.49019607843137	2.35294117647059	3.84313725490196	4.66666666666667	4.54901960784314	18.9411764705882	24.1960784313725	26.781568627451	29.1654901960784	25.5686274509804
"1022"	"YC21:2502"	2	438	"Os426"	"2"	2.17411764705882	1.41176470588235	2.03921568627451	2.03921568627451	3.00862745098039	3.84313725490196	19.2549019607843	33.9411764705882	26.8627450980392	32.8039215686274	27.6470588235294
"1023"	"YC21:2503"	2	426	"LH216"	"2"	2.70588235294117	1.64705882352941	2.50980392156863	2.32509803921569	1.72549019607844	0.509803921568626	17.5294117647059	21.6007843137255	24.1176470588235	29.7647058823529	25.843137254902
"1024"	"YC21:2504"	2	329	"L 289"	"2"	2.3921568627451	1.29411764705882	2.20941176470588	3.70470588235294	4.82352941176471	4.81019607843137	22.1176470588235	24.1066666666667	28	33.8823529411765	30.0392156862745
"1025"	"YC21:2505"	2	514	"PH207"	"2"	2.15686274509804	1.84313725490195	2.43137254901961	4.05215686274509	5.40392156862745	4.86274509803922	19.9666666666667	24.7450980392157	26.756862745098	29.9137254901961	24.8235294117647
"1026"	"YC21:2506"	2	313	"H105W"	"2"	2.43137254901961	1.73882352941176	2.35294117647059	2.45960784313726	1.64705882352941	0.974901960784313	16.7058823529412	20.6666666666667	21.921568627451	26.1960784313726	22.1960784313725
"1027"	"YC21:2507"	2	451	"R229"	"2"	2.54901960784314	1.84313725490195	2.98039215686275	2.66666666666667	2.58823529411765	4.2156862745098	19.0588235294118	22.4705882352941	24.6274509803922	29.4176470588235	27.3450980392157
"1028"	"YC21:2508"	2	264	"LH204"	"2"	2.70588235294118	1.17647058823529	1.72549019607843	1.72549019607843	1.52941176470589	3.61411764705883	17.7705882352941	21.8713725490196	22.258431372549	27.5294117647059	24.156862745098
"1029"	"YC21:2509"	2	300	"B120"	"2"	2.11764705882353	1.13725490196078	1.92549019607843	1.88235294117647	0.980392156862753	2.23176470588235	15.2156862745098	18.5772549019608	22.078431372549	30.5823529411764	25.7254901960784
"1030"	"YC21:2510"	2	356	"N542"	"2"	1.96078431372549	1.09803921568627	1.76470588235293	2.16823529411765	2.98039215686275	3.33333333333334	16.5388235294118	20.3529411764706	20.8980392156863	24.9870588235294	22.7843137254902
"1031"	"YC21:2511"	2	452	"R71"	"2"	1.84313725490197	1.76470588235293	2.61647058823529	5.08705882352941	7.51843137254903	4.31372549019608	18.156862745098	21.8039215686274	22.9803921568627	27.0313725490196	22.5941176470588
"1032"	"YC21:2512"	2	450	"R227"	"2"	1.68627450980393	1.37254901960784	1.37254901960784	1.81529411764706	1.19372549019609	3.83098039215686	16.9313725490196	21.7145098039216	22.2352941176471	26.5490196078431	22.9019607843137
"1033"	"YC21:2513"	2	343	"MBST"	"2"	2.19607843137255	1.33333333333333	1.84313725490196	3.21568627450981	2.62745098039216	3.29411764705882	17.2156862745098	21.2439215686274	21.9607843137255	27.5686274509804	23.921568627451
"1034"	"YC21:2514"	2	466	"WXB6"	"2"	1.96078431372549	1.29411764705882	2.27450980392157	2	1.13725490196078	0.470588235294116	3.73137254901961	8.08431372549019	11.44	21.1756862745098	17.8823529411765
"1035"	"YC21:2515"	2	332	"LH181"	"2"	2.50980392156863	1.17647058823529	1.72549019607843	4.23529411764706	8.62745098039215	5.09333333333334	22.4462745098039	27.0694117647059	28.9078431372549	35.456862745098	30.9803921568627
"1036"	"YC21:2516"	2	380	"R78"	"2"	2.42039215686275	1.17647058823529	1.88274509803922	1.80392156862744	2.78431372549019	2.74509803921569	16.9803921568627	19.3247058823529	22.5490196078431	30.5803921568627	26.0258823529412
"1037"	"YC21:2517"	2	325	"INBRED 321"	"2"	2.14901960784314	1.25490196078431	1.60784313725491	2.07843137254902	1.36156862745098	1.84313725490196	15.3921568627451	20.1458823529412	20.4705882352941	27.2478431372549	22.9607843137255
"1038"	"YC21:2518"	2	287	"YONG 28"	"2"	1.80392156862744	1.29411764705882	2	1.76470588235294	1.29411764705882	0.640784313725485	5.94980392156863	15.543137254902	18.1745098039216	21.8352941176471	19.7647058823529
"1039"	"YC21:2519"	2	269	"Pa875"	"2"	1.92156862745097	1.49019607843138	2.38745098039216	3.50156862745098	2.94117647058823	3.21568627450981	18.156862745098	21.5749019607843	26.4764705882353	28.221568627451	28.0588235294118
"1040"	"YC21:2520"	2	494	"Mo5"	"2"	2.27450980392157	1.45098039215687	2.19607843137255	3.17647058823529	5.41176470588235	3.68627450980392	23.6513725490196	20.5882352941176	26.6274509803922	26.078431372549	23.7254901960784
