"Plot"	"Block"	"Entry"	"Genotype"	"Rep"	"X06022019"	"X06062019"	"X06082019"	"X06102019"	"X06132019"	"X06172019"	"X06252019"	"X06282019"	"X07022019"	"X07082019"	"X07102019"	"X07122019"	"X07152019"	"X07172019"	"X07182019"	"X07192019"	"X07222019"	"X07252019"	"X07312019"	"X08082019"	"X08212019"
"1"	"YC19:1001"	1	84	"PHJR5"	"1"	5.05882352941176	0.509803921568626	1.01960784313725	0.392156862745097	1.17647058823529	2.94117647058823	2.04313725490197	5.25490196078431	8.03921568627451	12.5882352941176	13.3333333333333	8.27058823529412	10.5098039215686	18.9803921568627	14	1.17647058823529	22.2003921568627	34.7843137254902	31.4407843137255	33.0196078431373	15.843137254902
"2"	"YC19:1002"	1	196	"DJ7"	"1"	2.27450980392157	0.784313725490193	2.27450980392156	0.784313725490193	1.33333333333333	2.58823529411765	2.43137254901961	4.27450980392157	6.55294117647059	10.5498039215686	13.4533333333333	7.57333333333333	9.52941176470588	16.296862745098	13.6760784313726	11.4901960784314	21.6592156862745	32.4105882352941	28.7203921568627	29.843137254902	15.921568627451
"3"	"YC19:1003"	1	247	"SD107"	"1"	2.23529411764706	1.17647058823529	1.21568627450981	0.431372549019606	0.784313725490204	1.86274509803921	1.56862745098039	3.89254901960784	7.14117647058823	8.52627450980392	12.7556862745098	8	9.33333333333333	16.4745098039216	13.0486274509804	13.8039215686275	20.2003921568627	31.2156862745098	28.156862745098	28.8235294117647	14.358431372549
"4"	"YC19:1004"	1	131	"NS501"	"1"	2.58823529411765	0.784313725490193	1.21568627450981	0.588235294117645	1.17647058823529	1.92156862745098	1.2156862745098	2.11764705882353	3.64705882352941	3.55254901960785	11.4509803921569	2.19607843137255	8.53450980392157	15.5294117647059	14.5137254901961	13.1372549019608	18.403137254902	28.9411764705882	24.3529411764706	23.4901960784314	13.3164705882353
"5"	"YC19:1005"	1	96	"1538"	"1"	2.4192156862745	1.05882352941177	1.56862745098039	0.784313725490193	0.823529411764703	2.19607843137255	1.89411764705881	4.51764705882353	6.54901960784314	9.80392156862745	12.5098039215686	7.09803921568628	8.94117647058824	15.0980392156863	12.4705882352941	13.5909803921569	18.5098039215686	29.2129411764706	25.6196078431373	25.4898039215686	12.5098039215686
"6"	"YC19:1006"	1	66	"CR 22 INBRED"	"1"	2.50980392156863	0.862745098039224	1.2156862745098	0.784313725490193	1.17647058823529	2.8235294117647	1.96078431372548	4.27450980392157	4.88235294117647	10.9207843137255	12.1960784313726	6.94117647058823	8.3921568627451	12.2352941176471	11.5294117647059	12.3137254901961	15.2635294117647	25.1372549019608	23.5411764705882	28.9019607843137	12.6274509803922
"7"	"YC19:1007"	1	163	"ICI 441"	"1"	1.96078431372549	1.09803921568627	1.17647058823529	0.745098039215684	0.784313725490193	2.07843137254902	1.68627450980393	3.83137254901961	6.16078431372549	10.8627450980392	12	7.76470588235294	8.66666666666666	14.3105882352941	12.5490196078431	12.2352941176471	17.2941176470588	26.9803921568627	24.2250980392157	25.8039215686274	13.6078431372549
"8"	"YC19:1008"	1	200	"78010"	"1"	1.80392156862745	1.17647058823529	1.33333333333333	0.392156862745097	1.1764705882353	2.05098039215686	1.80392156862746	3.9164705882353	6.50980392156862	7.17254901960784	11.9607843137255	5.92156862745098	8.74	14.4313725490196	11.0588235294118	11.4509803921569	19.6121568627451	28.2074509803921	24.4650980392157	22.843137254902	12.5545098039216
"9"	"YC19:1009"	1	190	"SD44"	"1"	1.41176470588235	0.745098039215684	0.784313725490193	0.666666666666664	1.17647058823529	2.03921568627451	2.31372549019608	4.43137254901961	6.70588235294117	10.5098039215686	11.3211764705882	6.85882352941177	8.43137254901961	12.1176470588235	11.7254901960784	11.1019607843137	16.3921568627451	25.6980392156863	23.7254901960784	23.4337254901961	11.6078431372549
"10"	"YC19:1010"	1	157	"C123"	"1"	2.1078431372549	0.784313725490193	1.52156862745098	0.627450980392155	0.901960784313722	2.11764705882353	1.88235294117647	3.18823529411765	3.25490196078431	4.62745098039216	10.2745098039216	5.26117647058824	7.92156862745099	12.9411764705882	12.3819607843137	10	14.9411764705882	24.156862745098	21.3588235294118	21.4117647058824	10.7843137254902
"11"	"YC19:1011"	1	233	"MS226"	"1"	1.6078431372549	1.1764705882353	0.823529411764703	1.01960784313725	0.901960784313722	2.27450980392157	1.92156862745098	3.45098039215686	4.51137254901961	5.72549019607843	9.5686274509804	4.35294117647059	7.5721568627451	12.6666666666667	13.0486274509804	11.3372549019608	15.1286274509804	24.4705882352941	21.4509803921569	23.921568627451	11.3333333333333
"12"	"YC19:1012"	1	146	"4F-306 108"	"1"	2.23529411764706	0.784313725490193	1.17647058823529	0.823529411764703	0.980392156862747	1.94117647058823	1.64705882352941	2.86274509803922	4.19607843137255	3.85647058823529	9.65176470588235	1.88235294117647	6.90196078431373	11.4901960784314	16	10.8627450980392	13.756862745098	22.8682352941176	18.7058823529412	22.3529411764706	12.5541176470588
"13"	"YC19:1013"	1	156	"BO9"	"1"	1.80392156862745	0.784313725490193	1.1764705882353	0.392156862745097	0.784313725490204	1.96078431372549	1.92156862745098	3.49019607843137	5.6078431372549	8.13803921568627	10.6666666666667	3.64705882352941	7.13725490196078	12.7058823529412	17.0196078431373	9.88235294117647	15.6078431372549	24.1909803921569	22.8392156862745	24.6627450980392	12.6666666666667
"14"	"YC19:1014"	1	103	"A73"	"1"	1.88235294117647	0.784313725490193	1.37254901960785	0.784313725490193	1.17647058823529	1.96078431372549	1.92156862745098	3.6078431372549	6.2	10.3921568627451	11.7086274509804	7.25490196078431	8.15686274509804	13.6694117647059	15.6588235294118	9.52941176470588	15.3333333333333	25.0196078431373	22.6666666666667	23.4901960784314	12.0392156862745
"15"	"YC19:1015"	1	64	"790"	"1"	1.71647058823529	0.705882352941174	1.12941176470588	0.705882352941174	0.980392156862742	2.15686274509804	1.92156862745098	3.65254901960784	6	10.2403921568627	12.5890196078431	6.57137254901961	8.90196078431373	15.4564705882353	14.5098039215686	8.90196078431373	17.7254901960784	29.321568627451	23.6078431372549	23.8007843137255	10.4980392156863
"16"	"YC19:1016"	1	220	"DK78010"	"1"	2.52549019607843	1.01960784313725	1.49019607843137	0.705882352941174	1.01960784313725	2	1.56862745098039	4.54901960784314	7.25490196078431	12.2172549019608	13.7254901960784	7.79254901960784	9.84313725490196	16.5098039215686	15.6470588235294	8.65098039215686	19.3725490196078	31.2156862745098	26.8917647058824	26.6470588235294	12.8235294117647
"17"	"YC19:1017"	1	259	"B73"	"1"	1.56862745098039	0.405882352941187	1.44313725490196	0.431372549019606	1.1764705882353	2.21568627450981	2.15686274509804	4.76470588235294	8.03921568627451	13.541568627451	13.9490196078431	9.52941176470588	10.7529411764706	17.2156862745098	12.7309803921569	9.60784313725491	21.4117647058824	34.3070588235294	29.0603921568627	29.721568627451	13.7294117647059
"18"	"YC19:1018"	1	76	"LIBC 4"	"1"	1.96078431372549	1.1764705882353	1.92156862745098	0.627450980392155	0.784313725490204	2.19607843137255	2.23529411764706	4.39490196078431	7.43647058823529	12.8396078431372	14.2352941176471	8.6364705882353	9.56862745098039	16.4705882352941	15.0486274509804	9.64196078431372	19.8039215686274	30.6274509803922	26.7054901960784	24.3529411764706	13.6694117647059
"19"	"YC19:1019"	1	179	"PHB47"	"1"	1.88235294117647	0.784313725490193	0.792941176470597	0.823529411764703	1.17647058823529	2.33843137254902	2.04549019607843	5.05882352941177	7.96078431372549	12.3137254901961	14.3137254901961	8.23529411764705	9.60784313725491	15.6078431372549	15.3333333333333	12.3529411764706	19.1411764705882	30.8235294117647	26.1074509803922	27.3647058823529	12.5098039215686
"20"	"YC19:1020"	1	187	"PHW30"	"1"	2.19607843137255	1.72549019607843	1.64705882352942	0.823529411764703	0.666666666666664	3.01960784313726	2.07843137254902	3.64901960784314	4.90588235294118	4.70588235294118	14.1960784313726	3.05529411764706	9.01960784313725	16.2290196078431	14.9803921568627	13.1262745098039	19.2941176470588	31.8313725490196	26.3019607843137	27.7207843137255	13.5294117647059
"21"	"YC19:1021"	1	209	"A635"	"1"	2.35294117647059	0.784313725490193	1.2156862745098	0.705882352941174	1.13725490196078	1.77647058823529	1.37254901960784	2.15686274509804	2.74666666666667	1.68627450980392	12.923137254902	0.470588235294127	5.68627450980392	14.6929411764706	15.0588235294118	13.6470588235294	15.0670588235294	25.321568627451	21.8039215686275	23.2858823529412	11.1035294117647
"22"	"YC19:1022"	1	110	"DKFBHJ"	"1"	2.31372549019608	0.796078431372549	1.45098039215686	0.666666666666664	0.968627450980392	3.92156862745098	3.29411764705883	5.1764705882353	7.53294117647059	12.1454901960784	13.8274509803922	5.68235294117647	9.17647058823529	16.9803921568627	14.4501960784314	11.8666666666667	19.0588235294118	31.0980392156863	27.921568627451	30.156862745098	12.5882352941176
"23"	"YC19:1023"	1	254	"PH207"	"1"	2.7843137254902	1.1764705882353	1.37254901960784	0.901960784313722	1.21568627450981	2.47058823529412	1.64705882352941	3.96078431372549	5.6078431372549	9.70392156862745	13.1372549019608	6.45843137254902	9.1764705882353	16.3411764705882	13.8039215686274	12.1862745098039	20.078431372549	30.3529411764706	26.2352941176471	26.3058823529412	13.0470588235294
"24"	"YC19:1024"	1	59	"NK807"	"1"	1.72549019607843	0.823529411764704	2.07843137254902	0.823529411764703	0.772549019607849	2.40392156862746	2.11764705882353	4.7843137254902	7.56862745098039	11.4901960784314	11.7254901960784	7.47254901960784	8.98039215686275	15.5294117647059	13.8039215686274	12.078431372549	18.4313725490196	27.3725490196078	26.6137254901961	24.7721568627451	12.156862745098
"25"	"YC19:1025"	1	186	"PHW17"	"1"	2.74509803921569	0.784313725490193	1.24941176470588	0.745098039215684	0.862745098039213	2.03921568627451	1.72549019607843	3.17647058823529	4.38509803921569	8.53764705882353	13.5294117647059	4.82039215686271	9.72549019607843	15.6078431372549	14.2352941176471	12.14	18.5490196078431	29.921568627451	25.7647058823529	28.1356862745098	11.0980392156863
"26"	"YC19:1026"	1	105	"B87"	"1"	1.84313725490196	1.25490196078431	1.41176470588235	0.627450980392155	0.784313725490193	2.68627450980392	2.23529411764706	3.6078431372549	5.25490196078431	10.6670588235294	13.0196078431373	6.70196078431372	8.74509803921569	14.156862745098	13.843137254902	11.6862745098039	16.4705882352941	26.8627450980392	24.6666666666667	26.8627450980392	13.0286274509804
"27"	"YC19:1027"	1	158	"CI 40H"	"1"	1.6078431372549	0.684705882352936	0.901960784313722	0.705882352941185	1.17647058823529	3.05882352941176	2.62745098039216	4.03372549019608	6.16941176470588	11.6356862745098	13.2549019607843	7.09803921568628	9.2156862745098	14.278431372549	11.4509803921569	11.5686274509804	17.5827450980392	28.5490196078431	26.5450980392157	28.9411764705882	12.8627450980392
"28"	"YC19:1028"	1	6	"ND265"	"1"	1.96078431372549	0.901960784313733	1.79607843137254	0.745098039215695	0.890196078431378	2.11764705882353	2.54901960784313	4.27450980392157	6.43137254901961	11.7647058823529	13.2039215686275	7.97333333333333	9.52941176470588	13.0078431372549	14.5533333333333	11.3725490196078	17.1764705882353	28.3247058823529	26.8627450980392	24.9019607843137	13.6443137254902
"29"	"YC19:1029"	1	94	"ZS635"	"1"	1.6078431372549	0.823529411764704	1.12941176470589	0.705882352941185	0.666666666666664	2.27450980392157	1.88235294117647	3.45098039215686	5.78862745098039	9.76470588235294	11.5686274509804	6.27450980392157	8.8235294117647	15.2392156862745	13.8823529411765	11.6078431372549	18.8647058823529	30.6941176470588	25.6223529411765	28.0392156862745	13.4117647058824
"30"	"YC19:1030"	1	228	"LH93"	"1"	1.97647058823529	0.509803921568626	1.29411764705883	0.509803921568637	1.05882352941176	2.7843137254902	1.6078431372549	2.74509803921569	3.68549019607843	3.16509803921569	10.3074509803922	3.3192156862745	6.86274509803921	13.4509803921569	13.5686274509804	10.7058823529412	16	26.2745098039216	22.5490196078431	24.6274509803922	13.7647058823529
"31"	"YC19:1031"	1	211	"A659"	"1"	2.03921568627451	0.705882352941174	1.5686274509804	0.784313725490204	1.17647058823529	2.43137254901961	2.35294117647059	4.0243137254902	5.66862745098039	11.2156862745098	12.2039215686274	7.01960784313725	8.43137254901961	12.156862745098	16.8627450980392	11.1647058823529	16	26.6666666666667	24.8458823529412	26.9686274509804	12.7058823529412
"32"	"YC19:1032"	1	29	"PHN11"	"1"	1.68627450980392	1.1764705882353	1.80392156862744	0.588235294117651	0.666666666666664	2.58823529411765	1.64235294117647	3.53725490196078	5.49019607843137	9.75333333333333	13.7647058823529	7.45098039215687	9.25490196078431	15.3388235294118	13.2737254901961	11.4509803921569	19.0588235294118	27.9964705882353	25.3725490196078	23.6078431372549	12
"33"	"YC19:1033"	1	173	"N193"	"1"	2.4078431372549	0.705882352941174	1.24941176470587	0.745098039215684	1.29411764705883	2.19607843137255	2.74509803921568	5.06666666666666	6.94117647058824	11.4164705882353	11.8890196078431	7.9607843137255	9.80392156862745	14.201568627451	12.3921568627451	11.2156862745098	17.3333333333333	27.4447058823529	23.3333333333333	22.8235294117647	11.3725490196078
"34"	"YC19:1034"	1	150	"A71"	"1"	2.70588235294117	1.13372549019608	2.15686274509804	0.705882352941174	0.772549019607849	2.72549019607843	2.74509803921569	4.74509803921569	6.70588235294118	10.3137254901961	14.0792156862745	7.06470588235293	8.27450980392157	16.156862745098	14.078431372549	8.58823529411765	15.4682352941176	25.6470588235294	23.3466666666667	25.9960784313725	10.7058823529412
"35"	"YC19:1035"	1	51	"LH149"	"1"	2.27450980392157	0.901960784313724	1.45098039215687	0.901960784313722	0.941176470588232	2.66666666666667	2.10078431372549	4.27450980392157	7.03529411764706	12.9345098039216	14.5082352941176	9.29411764705882	10.3921568627451	18.4929411764706	13.8039215686274	10.2023529411765	21.6980392156863	34.0501960784314	27.9333333333333	24.5458823529412	11.8235294117647
"36"	"YC19:1036"	1	176	"NY 159 (Neveh Yaar)"	"1"	1.43490196078431	1.33333333333333	1.45098039215687	0.627450980392155	0.823529411764703	3.50980392156863	2.28666666666667	2.96274509803921	4.71764705882353	3.92156862745098	9.49647058823529	3.59843137254902	5.80392156862746	12.156862745098	15.3725490196078	10.9411764705882	13.7647058823529	25.1878431372549	21.1921568627451	23.8705882352941	12.1019607843137
"37"	"YC19:1037"	1	65	"A208"	"1"	1.80392156862745	1.21568627450981	1.52941176470589	0.901960784313722	1.25490196078431	2.86274509803922	1.7764705882353	2.71372549019608	3.71058823529412	2.15686274509804	11.1427450980392	0.980392156862744	6.28980392156862	13.5686274509804	13.8941176470588	10.9321568627451	15.5239215686274	24.5882352941176	20.6027450980392	21.2156862745098	12.4298039215686
"38"	"YC19:1038"	1	178	"Pa405"	"1"	2.19607843137255	1.64705882352941	2.19607843137255	1.2156862745098	0.784313725490193	1.90196078431372	1.64509803921568	3.76470588235294	5.88705882352941	9.52941176470588	13.5517647058823	4.90196078431373	8.62745098039215	15.2549019607843	13.8823529411765	11.4509803921569	16.9803921568627	27.7294117647059	24.6392156862745	27.7254901960784	10.2196078431373
"39"	"YC19:1039"	1	205	"A272"	"1"	3.01960784313725	1.13725490196079	1.52941176470589	0.745098039215684	1.05882352941177	2.3921568627451	1.6078431372549	3.05882352941176	4.15921568627451	4.50980392156863	11.5686274509804	2.45921568627451	8.13254901960784	13.0980392156863	16.078431372549	13.2549019607843	17.843137254902	27.9270588235294	24.8235294117647	28.5490196078431	12.403137254902
"40"	"YC19:1040"	1	207	"A627"	"1"	3.09803921568627	1.33333333333333	1.72549019607843	0.784313725490193	0.666666666666675	3.6078431372549	2.98039215686274	4.27450980392157	7.45098039215686	12.3509803921569	13.6509803921569	7.80392156862745	9.54235294117647	15.6470588235294	14.6564705882353	9.01960784313726	18.6274509803922	29.8039215686274	25.5843137254902	27.9607843137255	14.3921568627451
"41"	"YC19:1041"	1	142	"CH9"	"1"	2.19607843137255	1.1764705882353	1.29411764705882	1.01960784313725	0.862745098039213	2	1.84313725490196	4.22274509803921	6	9.12588235294117	13.1372549019608	5.7756862745098	8.71372549019608	14.5098039215686	16.2352941176471	11.2549019607843	17.6160784313726	28.0392156862745	25.2470588235294	24.7058823529412	12.5490196078431
"42"	"YC19:1042"	1	221	"DKIB014"	"1"	2.35294117647059	0.980392156862747	1.37254901960784	0.705882352941174	1.33333333333333	2.7843137254902	1.58039215686275	2.86274509803922	4.17647058823529	3.56862745098039	12.9243137254902	3.05450980392157	8.80549019607843	15.6235294117647	15.9607843137255	10.7450980392157	16.9843137254902	27.48	24.8627450980392	24.3529411764706	14.1960784313726
"43"	"YC19:1043"	1	234	"N201"	"1"	2.27450980392157	0.784313725490193	1.87686274509804	1.01960784313725	1.88235294117646	3.09803921568627	2.81686274509804	5.33333333333333	8.29725490196078	12.9803921568627	20.9556862745098	8.27843137254902	10.3921568627451	18.0392156862745	16.0392156862745	11.5411764705882	20.4705882352941	32.9019607843137	29.5803921568627	29.5098039215686	12.7505882352941
"44"	"YC19:1044"	1	126	"MQ305"	"1"	1.68627450980392	1.10980392156862	2.19607843137255	1.05882352941176	0.705882352941174	4.11764705882353	2.9635294117647	4.02901960784314	5.15176470588235	6.58823529411765	12.3921568627451	6.07843137254902	8.35294117647059	16.0666666666667	15.3333333333333	11.3725490196078	19.7364705882353	30	26.1176470588235	23.7254901960784	15.0196078431373
"45"	"YC19:1045"	1	165	"LH132 - FILL B73"	"1"	2.94117647058823	1.25490196078431	2.15686274509803	1.09803921568628	1.76470588235295	2.82352941176471	3.25490196078431	5.41176470588235	8.35294117647059	13.5011764705882	15.843137254902	9.49019607843137	10.9686274509804	17.6917647058824	15.3725490196078	10.5529411764706	22.3247058823529	34.3137254901961	29.8890196078431	29.0980392156863	11.8078431372549
"46"	"YC19:1046"	1	24	"NORTH 7"	"1"	2.07843137254902	0.901960784313724	2.11764705882352	1.05882352941177	0.784313725490193	3.5686274509804	2.78431372549019	4.51764705882353	7.09803921568627	12.078431372549	14.9858823529412	8.54901960784314	10.078431372549	16.2627450980392	13.6760784313726	12.8666666666667	20.7843137254902	31.7254901960784	24.8235294117647	22.5435294117647	15.1372549019608
"47"	"YC19:1047"	1	248	"SD40"	"1"	2.50980392156863	1.1764705882353	1.80392156862745	1.05882352941177	1.45098039215686	2.62745098039216	2.27450980392157	5.64705882352941	8.66666666666667	13.0196078431373	15.1662745098039	8.82352941176471	9.97372549019607	17.5294117647059	1.68627450980392	12.6666666666667	20.4517647058824	31.5294117647059	27.636862745098	28.1176470588235	11.0862745098039
"48"	"YC19:1048"	1	63	"W64A"	"1"	3.61176470588235	1.1764705882353	2.31372549019608	0.980392156862753	0.588235294117645	2.98039215686275	2.55294117647059	4.3921568627451	6.77137254901961	11.843137254902	14.2745098039216	8.19607843137255	9.17647058823529	16.2352941176471	2.3921568627451	12.278431372549	19.1372549019608	30.3360784313725	25.643137254902	23.0196078431373	13.8039215686275
"49"	"YC19:1049"	1	218	"C103"	"1"	3.66274509803922	1.68627450980392	1.92156862745097	0.901960784313722	0.901960784313722	3.29411764705882	2.29686274509804	3.45098039215686	4.1878431372549	5.17647058823529	12.9509803921569	4.82352941176471	8.07843137254902	13.8823529411765	2.35294117647059	12.4313725490196	19.0980392156863	28.0164705882353	22.1176470588235	25.1070588235294	15.2156862745098
"50"	"YC19:1050"	1	238	"Os420"	"1"	3.2156862745098	1.17647058823529	1.84313725490197	1.13725490196078	1.45098039215687	3.68627450980392	3.03921568627451	4.94117647058824	8.12823529411764	13.8823529411765	15.7647058823529	8.86274509803921	10.3921568627451	17.8039215686275	1.84313725490196	12.156862745098	22.3137254901961	34.5721568627451	29.9898039215686	31.0980392156863	15.4509803921569
"51"	"YC19:1051"	1	237	"OH33"	"1"	2.50980392156862	0.901960784313728	2.23529411764706	1.09803921568627	0.705882352941183	3.45098039215686	2.58823529411765	4.66666666666667	7.2156862745098	10.5882352941176	16.316862745098	8.98039215686275	10.7843137254902	18.9411764705882	13.3129411764706	10.1960784313725	22.6666666666667	36.0223529411765	31.2941176470588	33.0352941176471	14.6274509803922
"52"	"YC19:1052"	1	260	"B73"	"1"	2.3921568627451	0.952941176470588	2.31372549019608	1.25490196078431	1.72549019607843	2.37254901960784	3.01960784313726	5.45098039215686	8.90196078431372	13.6862745098039	16.6392156862745	9.45098039215687	11.1050980392157	18.8627450980392	15.4956862745098	12.6666666666667	21.2635294117647	36.1960784313726	29.6196078431373	30.3529411764706	11.7647058823529
"53"	"YC19:1053"	1	112	"G80"	"1"	2.19607843137255	1.52941176470588	2	1.01960784313726	1.01960784313725	4.58823529411765	3.01960784313726	5.69411764705882	7.17137254901961	10.5917647058823	15.6078431372549	5.49019607843137	9.4	16.4772549019608	15.921568627451	11.0588235294118	19.2980392156863	30.0223529411765	26.5882352941176	25.721568627451	10.8627450980392
"54"	"YC19:1054"	1	75	"LH61"	"1"	2.15686274509804	0.980392156862747	2.0392156862745	1.01960784313726	1.76470588235293	2.86274509803921	1.64705882352941	3.33333333333333	4.11764705882353	7.83647058823529	11.2549019607843	4.62745098039216	8.27450980392157	16.5152941176471	17.2549019607843	11.4866666666667	18.1219607843137	29.921568627451	23.5686274509804	22.1176470588235	12.2745098039216
"55"	"YC19:1055"	1	240	"PHB09"	"1"	2.07843137254902	0.980392156862742	1.09803921568627	0.705882352941182	1.1764705882353	2.86274509803922	1.84313725490196	3.96862745098039	6.31372549019608	8.10627450980392	11.1764705882353	6.91960784313725	8.45215686274509	14.8352941176471	17.5333333333333	11.0980392156863	18.4109803921569	26.7898039215686	24.7596078431372	24.7203921568627	11.1647058823529
"56"	"YC19:1056"	1	50	"L 127"	"1"	2.23529411764706	1.23803921568627	1.52156862745098	1.05882352941177	0.823529411764714	1.88235294117647	2.11764705882353	4.35294117647059	9.41176470588235	13.4117647058824	15.3164705882353	9.13411764705881	10.5098039215686	17.403137254902	16.1607843137255	11.2549019607843	19.9796078431373	31.2094117647059	25.4509803921569	22.2745098039216	11.0196078431373
"57"	"YC19:1057"	1	160	"DKFAPW"	"1"	3.09803921568627	0.901960784313722	1.72549019607844	0.823529411764714	0.745098039215684	3.01960784313726	2.90196078431373	4.43137254901961	5.67529411764706	9.83294117647059	15.3333333333333	6.89803921568627	9.96078431372549	15.6917647058823	14.9062745098039	10.156862745098	18.0564705882353	28.9803921568627	25.1192156862745	23.6443137254902	14.5882352941176
"58"	"YC19:1058"	1	149	"A680"	"1"	2.70588235294118	0.784313725490193	1.52941176470589	0.862745098039224	1.29411764705882	1.92156862745098	2.3921568627451	4.11764705882353	6.90196078431373	11.7101960784314	14.5035294117647	8.27450980392157	10.078431372549	15.4941176470588	13.2549019607843	11.5294117647059	19.843137254902	30.958431372549	28.6274509803922	29.9607843137255	13.0588235294118
"59"	"YC19:1059"	1	78	"MS225"	"1"	2.19607843137255	1.49019607843137	1.80392156862746	1.37254901960785	0.784313725490193	1.80392156862745	1.84313725490196	4.23529411764706	6.74509803921569	11.7066666666667	14.2745098039216	8.43137254901961	9.88235294117647	15.8862745098039	16.0392156862745	11.5294117647059	18.1960784313725	31.0525490196078	26.9949019607843	27.2156862745098	13.2941176470588
"60"	"YC19:1060"	1	153	"B76"	"1"	1.96078431372549	1.09803921568627	1.6078431372549	0.980392156862742	0.901960784313722	2.56549019607843	2.74509803921569	4.50196078431372	7.25490196078431	12.3921568627451	14.078431372549	8.3921568627451	9.88235294117648	14.4705882352941	14.7180392156863	10.7058823529412	18.3921568627451	30.3976470588235	27.8721568627451	28.5686274509804	11.1372549019608
"61"	"YC19:1061"	1	222	"H42"	"1"	1.96078431372549	1.1764705882353	1.88235294117646	1.13725490196078	0.862745098039224	3.2156862745098	2.27450980392157	4.08627450980392	5.01960784313726	9.98666666666666	11.9607843137255	4.93725490196078	7.80392156862746	13.8262745098039	13.8329411764706	11.0588235294118	17.4901960784314	26.0447058823529	23.0196078431373	22.7411764705882	13.6862745098039
"62"	"YC19:1062"	1	193	"W605S"	"1"	2.47058823529411	0.588235294117645	1.25490196078431	0.862745098039213	1.05882352941177	2.3921568627451	2.21843137254902	3.9235294117647	7.05882352941176	11.2549019607843	13.4549019607843	5.73647058823529	9.89019607843137	15.0588235294118	15.4509803921569	11.843137254902	19.1023529411765	30.2352941176471	27.2447058823529	29.3725490196078	11.7647058823529
"63"	"YC19:1063"	1	122	"LH54"	"1"	2.58823529411765	1.25490196078431	1.80392156862746	0.901960784313722	0.705882352941174	3.05882352941176	1.92156862745098	3.54509803921568	5.64705882352941	10.1286274509804	13.8823529411765	5.3835294117647	8.82666666666666	12.7674509803922	14.3921568627451	10.3529411764706	16.9062745098039	30.3639215686275	23.636862745098	23.3870588235294	10.5882352941176
"64"	"YC19:1064"	1	62	"W552"	"1"	2.58823529411765	0.784313725490199	1.37254901960785	0.901960784313722	1.37254901960784	1.90901960784313	1.25490196078431	3.52941176470588	6.50980392156863	9.84313725490196	14.6666666666667	6.15686274509804	9.2156862745098	12.9411764705882	14.0509803921569	9.76862745098039	15.5294117647059	27.6243137254902	23.9607843137255	22.7019607843137	11.7333333333333
"65"	"YC19:1065"	1	85	"PHKE6"	"1"	1.56862745098039	1.45098039215686	2.19607843137255	1.11372549019607	0.745098039215684	3.01960784313726	2.12313725490196	4.07843137254902	5.55607843137255	11.4901960784314	14.2333333333333	7.56862745098039	9.45098039215686	15.0980392156863	14.1333333333333	10.7058823529412	18.7450980392157	28.5490196078431	25.6470588235294	26.6360784313725	12.9019607843137
"66"	"YC19:1066"	1	161	"DKPB80"	"1"	2.15686274509804	1.13725490196079	1.45098039215686	0.941176470588232	1.33333333333333	2.50980392156863	2.5321568627451	4.70588235294118	8.28235294117647	12.6666666666667	14.9019607843137	8.80078431372549	10.078431372549	15.1764705882353	14.6666666666667	10.0392156862745	19.1372549019608	29.6470588235294	26.9019607843137	28.4066666666667	11.2549019607843
"67"	"YC19:1067"	1	114	"I29"	"1"	2.23529411764706	0.823529411764703	1.80392156862744	0.588235294117645	1.05882352941177	3.05882352941176	2.15686274509804	3.13725490196078	4	2.70588235294117	14.0078431372549	1.92627450980392	7.84313725490196	13.1764705882353	14.2643137254902	10.7450980392157	13.5337254901961	26.1176470588235	22.4313725490196	23.2901960784314	10.6274509803922
"68"	"YC19:1068"	1	177	"Ny821"	"1"	1.17647058823529	1.17647058823529	1.54823529411764	0.862745098039213	0.901960784313733	2.07843137254902	2.06156862745098	3.64705882352941	5.64705882352941	9.49019607843138	10.4705882352941	6.66666666666666	7.69411764705882	10.9803921568628	14.4862745098039	11.0588235294118	13.4901960784314	23.1764705882353	20.8772549019608	21.956862745098	12.9019607843137
"69"	"YC19:1069"	1	183	"PHN66"	"1"	2.07843137254902	0.784313725490204	2	0.980392156862742	0.666666666666664	2.96078431372549	2.7843137254902	4.74509803921569	6.8235294117647	10.0392156862745	13.2380392156863	6.48235294117647	8.23529411764705	14.5882352941176	14.643137254902	10.6666666666667	17.7094117647059	28.2250980392157	25.2549019607843	26.8627450980392	12.7058823529412
"70"	"YC19:1070"	1	151	"B-18 INBR.FR.SUPERGOLD"	"1"	2.17254901960785	0.784313725490204	1.01960784313725	1.05882352941176	1.29411764705882	1.92156862745098	2	3.39372549019608	5.02352941176471	5.93725490196078	11.6470588235294	4.19607843137256	8.23529411764706	13.0733333333333	15.5411764705882	10.6274509803922	16.1756862745098	25.9478431372549	22.5098039215686	24.9803921568627	10.8682352941176
"71"	"YC19:1071"	1	77	"LP5"	"1"	2.03921568627451	0.784313725490193	1.88235294117648	0.901960784313726	0.705882352941174	2.90196078431373	3.09803921568627	5.25490196078431	8.1435294117647	12.6666666666667	14.5882352941176	7.72549019607844	9.09803921568627	14.9019607843137	12.6666666666667	12.2745098039216	17.5482352941176	28.201568627451	23.7545098039216	24.3921568627451	9.88235294117647
"72"	"YC19:1072"	1	53	"LH172"	"1"	2.90705882352941	1.13725490196078	1.25490196078432	0.980392156862747	0.980392156862742	1.51411764705882	1.21568627450981	3.59764705882353	6.84431372549019	9.83176470588235	14.0392156862745	6.92352941176468	9.6078431372549	15.5725490196078	12.7843137254902	11.843137254902	17.3603921568627	27.7647058823529	22.9019607843137	20.8478431372549	12.1058823529412
"73"	"YC19:1073"	1	116	"LH145"	"1"	2.07843137254902	1.01960784313725	1.88235294117646	0.69568627450981	0.784313725490204	2.19607843137255	1.84313725490196	3.45098039215686	4.2156862745098	4.53098039215685	13.321568627451	1.41176470588235	8.70588235294117	13.6470588235294	13.7152941176471	10.0392156862745	17.5294117647059	28.3137254901961	25.2549019607843	26.0588235294118	12.7843137254902
"74"	"YC19:1074"	1	235	"N6"	"1"	2.31372549019608	0.862745098039215	1.33333333333333	1.19215686274511	1.37254901960784	2.58823529411764	2.11764705882353	3.96078431372549	6.43137254901961	9.05686274509804	12.5490196078431	6.47058823529411	9.29411764705882	12.3137254901961	12.7450980392157	9.80392156862745	16.7149019607843	27.356862745098	25.1764705882353	26.6156862745098	14.2172549019608
"75"	"YC19:1075"	1	256	"B73"	"1"	2	0.784313725490193	2.15686274509804	0.705882352941185	0.901960784313722	3.25490196078431	2.56078431372549	4.15960784313725	6.90196078431372	12.2192156862745	14.156862745098	7.96078431372549	9.52941176470588	16	14.2745098039216	11.4509803921569	19.7066666666667	31.1913725490196	28.5243137254902	28.921568627451	12.5882352941176
"76"	"YC19:1076"	1	16	"AQA3"	"1"	2.19607843137255	0.827450980392155	1.33333333333334	1.09803921568628	1.49019607843137	2.07843137254902	1.80392156862745	3.65921568627451	5.21450980392156	7.24549019607843	13.6470588235294	3.13725490196079	9.67960784313725	14.7058823529412	13.843137254902	13.3725490196079	17.5294117647059	30.8235294117647	31.8941176470588	21.6470588235294	11.5125490196078
"77"	"YC19:1077"	1	141	"WR3"	"1"	2	1.56862745098039	1.49019607843138	0.745098039215695	0.392156862745097	2.70588235294118	2.2	3.58313725490196	4.51372549019608	6.76705882352941	11.9607843137255	4.53215686274511	7.45098039215686	12.9858823529412	13.0196078431373	13.6196078431373	16.4313725490196	27.243137254902	24.3529411764706	27.5098039215686	11.4564705882353
"78"	"YC19:1078"	1	202	"2MA22"	"1"	1.84313725490196	0.784313725490193	1.25490196078432	0.901960784313733	1.13725490196079	2.19607843137255	1.49019607843137	4.0964705882353	5.1764705882353	6.43137254901961	11.1203921568627	6.43137254901961	8.47058823529412	12.4313725490196	13.0980392156863	12.078431372549	17.1023529411765	27.3501960784314	25.1282352941176	24.8627450980392	13.1372549019608
"79"	"YC19:1079"	1	88	"PHP76"	"1"	1.93725490196078	1.1764705882353	2	1.05882352941177	0.784313725490204	2.58823529411765	2.31372549019608	4.74509803921569	7.72549019607843	11.6082352941176	13.6862745098039	8.35294117647058	9.25490196078431	15.921568627451	14.7450980392157	9.23490196078432	19.4509803921569	30.3192156862745	27.0549019607843	26.9411764705882	14.1007843137255
"80"	"YC19:1080"	1	69	"IBC2"	"1"	1.80392156862745	0.734117647058831	1.49019607843137	0.941176470588243	1.17647058823529	2.31372549019608	1.9478431372549	5.41176470588235	8.76196078431373	14.4964705882353	16.3137254901961	9.96078431372549	11.3725490196078	17.6470588235294	13.0588235294118	10.4705882352941	21.7647058823529	33.0458823529412	28.4313725490196	28.156862745098	14.123137254902
"81"	"YC19:1081"	1	246	"R181B"	"1"	2.07843137254902	0.843137254901958	1.37254901960784	1.09803921568628	1.05882352941176	1.56862745098039	1.39529411764705	3.88235294117647	5.76470588235294	10.5098039215686	15.8039215686275	7.53411764705883	10.3921568627451	15.9047058823529	12.6274509803922	12	19.7164705882353	32.1607843137255	28.5239215686275	30.8549019607843	12.8235294117647
"82"	"YC19:1082"	1	99	"A427"	"1"	1.88235294117647	1.17647058823529	1.5686274509804	0.980392156862742	0.862745098039213	2.98039215686275	2.27450980392157	4.90196078431373	7.58039215686274	12.5929411764706	14.6666666666667	8.47058823529412	9.88235294117648	14.3764705882353	13.7647058823529	11.2156862745098	18.6666666666667	29.6854901960784	24.6627450980392	23.4509803921569	11.7309803921569
"83"	"YC19:1083"	1	239	"Pa392"	"1"	1.78039215686274	0.823529411764703	1.13725490196079	0.431372549019606	1.1764705882353	2.47058823529411	1.80392156862745	3.49019607843137	4.92156862745098	5.89882352941176	10.3529411764706	5.62	7.44000000000001	11.9439215686275	16	10.8627450980392	13.9360784313725	21.48	20.2352941176471	22.2156862745098	11.3725490196078
"84"	"YC19:1084"	1	137	"PHK42"	"1"	1.72549019607843	0.784313725490193	1.45098039215687	0.588235294117645	0.784313725490204	2.15686274509804	1.66274509803921	3.33019607843137	5.37647058823529	10.6925490196078	10.9019607843137	7.2156862745098	8.58823529411765	13.921568627451	16.8392156862745	10.0894117647059	18.1960784313725	27.921568627451	24.8235294117647	23.8392156862745	11.843137254902
"85"	"YC19:1085"	1	80	"OS602"	"1"	2.07843137254902	0.79607843137256	1.17647058823529	0.784313725490193	1.17647058823529	1.64705882352941	1.68627450980392	3.37254901960784	6.50980392156862	10.8313725490196	12.3921568627451	8.11764705882353	9.33333333333334	16.0392156862745	15.8823529411765	10.2352941176471	19.8745098039216	29.8039215686275	25.7647058823529	26.8509803921569	12.3921568627451
"86"	"YC19:1086"	1	136	"PHG50"	"1"	1.64705882352941	1.1764705882353	0.941176470588232	0.666666666666664	0.784313725490193	1.52862745098039	1.37254901960784	2.74509803921569	4.31372549019608	5.64705882352941	11.3117647058824	4.79607843137255	8.11764705882353	14.1176470588235	12.5317647058824	11.8823529411765	16.2745098039216	26.3372549019608	23.1490196078431	25.6078431372549	12.9803921568627
"87"	"YC19:1087"	1	81	"PHG72"	"1"	2.47058823529411	0.796078431372549	1.29058823529411	0.705882352941174	0.941176470588232	2.66666666666667	1.92156862745097	4.90196078431373	7.57254901960784	12.2239215686274	13.1764705882353	7.92156862745099	9.36274509803922	15.1372549019608	12.4705882352941	10.7686274509804	17.4117647058824	27.68	24.0117647058824	23.0196078431373	11.8823529411765
"88"	"YC19:1088"	1	216	"B114"	"1"	2.03921568627451	0.784313725490193	1.1764705882353	0.941176470588232	1.1764705882353	2.03921568627451	1.33333333333333	2.29607843137255	3.05882352941176	1.68627450980392	11.3333333333333	1.68627450980393	7.4313725490196	13.2549019607843	14.3921568627451	10.078431372549	15.9607843137255	24.7058823529412	21.9490196078431	22.1764705882353	11.0980392156863
"89"	"YC19:1089"	1	19	"FC46"	"1"	1.88235294117647	0.784313725490193	1.2156862745098	0.549019607843135	0.980392156862753	2.35294117647059	2.11764705882353	4.70588235294118	5.88235294117647	10.6713725490196	12.5098039215686	6.26392156862745	8.94117647058824	12.5882352941176	15.3439215686275	11.2156862745098	17.1298039215686	27.2603921568627	24.2078431372549	23.3294117647059	12.4705882352941
"90"	"YC19:1090"	1	82	"PHH93"	"1"	1.56862745098039	1.01960784313725	1.25725490196078	0.784313725490193	0.901960784313722	2.03921568627451	1.45098039215687	3.56862745098039	6.8235294117647	12.263137254902	13.6862745098039	7.84313725490196	9.45098039215686	16.0392156862745	13.6807843137255	12	20.156862745098	30.5490196078431	27.1764705882353	25.5686274509804	12.9294117647059
"91"	"YC19:1091"	1	134	"PHBW8"	"1"	1.88235294117647	0.784313725490204	1.09803921568627	0.862745098039213	1.17647058823529	2.07843137254902	1.72549019607844	2.58823529411765	3.80392156862745	2.31372549019608	12.1176470588235	2.70588235294117	7.6078431372549	13.5803921568627	13.921568627451	7.37803921568627	17.5039215686274	29.3909803921569	24.2164705882353	24.8901960784314	11.9764705882353
"92"	"YC19:1092"	1	14	"A305"	"1"	2.62745098039216	0.666666666666664	1.64705882352942	0.941176470588232	0.941176470588232	2.47058823529412	2.09686274509803	3.58235294117647	5.33333333333333	6.94117647058824	11.6470588235294	5.29411764705882	8.3921568627451	13.5211764705882	12.4313725490196	9.72941176470588	17.6121568627451	28.9725490196078	26.1960784313725	26.7450980392157	13.2980392156863
"93"	"YC19:1093"	1	32	"PHVA9"	"1"	2.47058823529411	0.403921568627452	1.37254901960785	0.705882352941174	1.1764705882353	1.50392156862745	1.37254901960784	3.6078431372549	6.43137254901961	9.56078431372549	11.3725490196078	6.86274509803922	9.14509803921569	16.156862745098	14	10.6274509803922	19.5294117647059	30.5937254901961	27.3333333333333	28.1960784313725	14.6329411764706
"94"	"YC19:1094"	1	2	"A385"	"1"	2.27843137254901	1.17647058823529	1.05882352941177	1.05882352941176	1.05882352941177	2.35294117647059	1.72549019607843	2.54901960784314	4.55294117647059	7.32274509803921	11.0690196078431	4.64784313725491	7.56862745098039	13.9607843137255	14.6666666666667	13.7294117647059	24.6666666666667	27.6470588235294	24	24.1372549019608	10.9803921568627
"95"	"YC19:1095"	1	197	"792"	"1"	2.22509803921568	0.862745098039215	1.99999999999999	0.862745098039213	1.56862745098039	2.31372549019608	2.11764705882353	2.33019607843137	3.41960784313726	2.62745098039215	5.64705882352941	2.07843137254902	5.25686274509804	10.7058823529412	12.9803921568627	13.0588235294118	13.1090196078431	19.4172549019608	19.5176470588235	21.4850980392157	12.9803921568627
"96"	"YC19:1096"	1	125	"ML606"	"1"	5.09803921568627	0.470588235294116	0.784313725490193	0.588235294117645	1.17647058823529	2.94117647058824	1.60784313725491	2.96862745098039	4.27450980392157	6.17333333333333	7.76470588235294	4.04392156862745	7.80392156862745	11.44	13.0980392156863	1.1764705882353	15.6470588235294	26.4980392156863	23.7254901960784	26.0392156862745	13.1764705882353
"97"	"YC19:1097"	1	73	"LH202"	"1"	4.74509803921568	0.509803921568626	1.09803921568628	0.549019607843146	1.55686274509803	2.70588235294118	1.80392156862746	3.72549019607843	6.08235294117647	10.6956862745098	12.8235294117647	7.96078431372548	9.37254901960784	16.8627450980392	11.4407843137255	1.25490196078431	21.3333333333333	32.5490196078431	29.8039215686274	29.9607843137255	13.9607843137255
"98"	"YC19:1098"	1	181	"PHHV4"	"1"	1.76470588235294	0.952941176470592	1.96078431372548	0.901960784313733	1.17647058823529	2.50980392156863	2.11764705882353	3.72549019607843	5.06156862745098	4.28705882352941	10.156862745098	4.03921568627451	7.92156862745098	13.3333333333333	15.3725490196078	13.0627450980392	16.8627450980392	27.6301960784314	24.6560784313725	26.7058823529412	12.5882352941176
"99"	"YC19:1099"	1	243	"PHK76"	"1"	1.99450980392156	0.862745098039213	1.09803921568628	0.980392156862753	1.17647058823529	1.96078431372549	1.33333333333333	1.27215686274509	1.33333333333333	1.1764705882353	8.15686274509804	1.49019607843138	2.23529411764706	5.09803921568628	15.8862745098039	14.201568627451	7.20470588235294	8.98039215686275	4.31372549019608	13.8576470588235	6.92431372549019
"100"	"YC19:1100"	1	42	"A548"	"1"	3.13725490196078	0.784313725490193	1.1764705882353	0.627450980392166	1.1764705882353	1.6	1.33333333333333	2.98039215686274	5	7.09803921568628	9.49019607843138	6.35294117647059	8.31372549019608	13.4509803921569	15.1764705882353	11.8470588235294	16.6870588235294	25.9121568627451	23.1466666666667	22.8980392156863	12.123137254902
"101"	"YC19:1101"	1	155	"BEI 10 = NORTH 10"	"1"	2.54901960784314	0.941176470588232	1.52156862745099	0.901960784313733	1.17647058823529	2.74509803921569	2.27450980392156	3.09803921568628	5.17647058823529	9.47411764705883	12.3647058823529	6.55450980392158	7.9607843137255	10.9411764705882	14.4301960784314	11.921568627451	14.8235294117647	27.8862745098039	21.1764705882353	23.1764705882353	11.7647058823529
"102"	"YC19:1102"	1	199	"4226"	"1"	2.66666666666667	0.784313725490204	1.09803921568627	0.549019607843135	0.812941176470586	2.43137254901961	2.78431372549019	4.21725490196078	7.17647058823529	12.2054901960784	13.0196078431373	8.17450980392156	9.88235294117647	14.3360784313725	14.5882352941176	10.0823529411765	19.5686274509804	27.5360784313726	27.7458823529412	30.7423529411765	14.6274509803922
"103"	"YC19:1103"	1	100	"A649"	"1"	1.76470588235294	0.784313725490193	1.25490196078431	0.980392156862753	0.823529411764703	2.62745098039215	1.41176470588236	2.07843137254902	3.29411764705883	1.68627450980392	11.1980392156862	2.50980392156862	7.45882352941176	16	14.5490196078431	10.156862745098	16.7843137254902	29.1266666666667	20.2380392156863	21.0901960784314	11.4352941176471
"104"	"YC19:1104"	1	148	"A634"	"1"	2.50980392156863	1.18823529411763	1.09803921568627	0.588235294117656	1.01960784313726	2.86274509803921	2.94117647058824	4.7843137254902	7.1764705882353	10.4149019607843	13.2156862745098	6.11450980392155	9.1764705882353	15.5294117647059	14.6564705882353	10.2352941176471	19.3725490196078	30.3137254901961	27.2458823529412	26.5882352941176	13.0588235294118
"105"	"YC19:1105"	1	251	"PH207"	"1"	1.52941176470588	0.784313725490193	0.823529411764714	0.901960784313733	0.784313725490204	1.41176470588235	1.64705882352942	3.76117647058823	6.43921568627451	10.5882352941177	12.0392156862745	7.33333333333334	9.11843137254902	15.4509803921569	17.9270588235294	11.4901960784314	18.2745098039216	28.9254901960784	25.8145098039216	24.5098039215686	12.3529411764706
"106"	"YC19:1106"	1	223	"ICI 740"	"1"	2.47058823529412	1.17647058823529	1.43058823529412	0.705882352941185	0.745098039215684	2.54901960784314	2.43137254901961	4.23529411764706	6.47058823529412	10.7952941176471	12.7843137254902	6.52784313725491	8.98039215686274	14.7819607843137	16.1960784313726	12.078431372549	19.2549019607843	30.5490196078431	26.6666666666667	27.0701960784314	14.0666666666667
"107"	"YC19:1107"	1	117	"LH184"	"1"	2.06823529411765	1.1764705882353	0.980392156862742	1.01960784313726	0.705882352941174	2.23529411764706	1.72549019607843	2.62745098039216	4.29411764705882	7.5686274509804	12.3921568627451	3.72549019607843	9.01960784313725	15.3725490196078	15.6078431372549	12.3921568627451	18.7058823529412	29.6525490196078	26.6274509803922	27.2549019607843	13.2941176470588
"108"	"YC19:1108"	1	12	"911"	"1"	1.92156862745098	0.745098039215693	1.17647058823529	0.705882352941183	1.09803921568627	1.96078431372549	1.82352941176471	3.41333333333333	4.97529411764706	10.8235294117647	13.7086274509804	7.45098039215686	9.64705882352942	16.4039215686275	16.9803921568627	11.5686274509804	18.2745098039216	30.2352941176471	26.7882352941176	23.5490196078431	12.4313725490196
"109"	"YC19:1109"	1	241	"PHG80"	"1"	1.68627450980392	0.784313725490193	1.62666666666666	0.784313725490203	1.33333333333333	1.80392156862745	1.85647058823529	3.8043137254902	5.64705882352941	11.7647058823529	15.2941176470588	8.03921568627451	10.6666666666667	19.4341176470588	14.6274509803922	11.6862745098039	23.2592156862745	36.0537254901961	32.1176470588235	32.6941176470588	14.1843137254902
"110"	"YC19:1110"	1	98	"A374"	"1"	2	0.784313725490193	1.67843137254902	0.745098039215691	1.05882352941177	2.70588235294118	2	3.84313725490196	7.18039215686274	12.5819607843137	13.7254901960784	8.67764705882352	10.2352941176471	16.7058823529412	13.2447058823529	11.5294117647059	20.1772549019608	31.758431372549	28.74	27.5047058823529	13.5349019607843
"111"	"YC19:1111"	1	68	"FBLA"	"1"	1.68627450980392	0.784313725490193	1.1764705882353	1.05882352941177	1.1764705882353	2.54901960784314	2.03921568627451	3.84078431372549	5.72549019607843	9.10941176470588	14.5882352941177	3.36117647058824	9.64705882352942	18.0392156862745	13.0588235294118	11.1372549019608	20.6274509803922	32.8235294117647	27.7647058823529	26.9411764705882	12.3921568627451
"112"	"YC19:1112"	1	28	"PHK74"	"1"	2.03921568627451	1.11764705882354	1.45098039215687	0.823529411764705	0.823529411764703	2.23529411764706	1.76470588235294	4.65725490196079	8.27450980392157	12.7450980392157	14.8627450980392	8.55372549019608	10.156862745098	18.5882352941176	12.8627450980392	12.3921568627451	22.3219607843137	35.0039215686274	29.6862745098039	26.1960784313725	12.9803921568627
"113"	"YC19:1113"	1	20	"Ia 453"	"1"	2.3921568627451	0.745098039215693	1.5686274509804	0.705882352941174	1.37254901960784	1.96078431372549	1.25490196078431	4.19607843137255	6.94117647058824	12.0392156862745	13.3725490196078	7.72549019607843	9.41176470588235	13.0588235294118	14.5098039215686	13.7647058823529	18.2	27.0627450980392	22.9803921568627	21.3333333333333	12.2745098039216
"114"	"YC19:1114"	1	56	"MS72"	"1"	1.92156862745098	1.17647058823529	1.76470588235293	0.745098039215685	0.980392156862742	2.3921568627451	2.03921568627451	4.71372549019608	6.23529411764706	11.341568627451	12.8627450980392	7.37254901960784	9.13725490196078	13.4117647058824	14.3529411764706	12.1176470588235	17.921568627451	28.8235294117647	25.8941176470588	24.6274509803922	11.5176470588235
"115"	"YC19:1115"	1	3	"A572"	"1"	2.23529411764706	0.784313725490193	1.17647058823529	0.980392156862742	1.21568627450981	1.89411764705882	1.64705882352941	3.84313725490196	6.23529411764706	10.0439215686275	11.4117647058824	7.09803921568627	8.43137254901961	10.8823529411765	14.5937254901961	13.6509803921569	16.6705882352941	26.6274509803922	23.3333333333333	20.4313725490196	11.7254901960784
"116"	"YC19:1116"	1	212	"A663"	"1"	2.03921568627451	1.49019607843137	1.71764705882353	0.941176470588232	0.588235294117656	2.66666666666666	2.27450980392157	3.92156862745098	6.47058823529412	11.2729411764706	12.9019607843137	7.76470588235295	8.54901960784313	14.156862745098	14.0909803921569	12.9650980392157	16.3760784313725	26.6721568627451	23.8156862745098	26.7058823529412	12
"117"	"YC19:1117"	1	203	"6F629"	"1"	2.27450980392157	1.01960784313726	1.1764705882353	1.09803921568627	1.17647058823529	1.6078431372549	2	4.23254901960785	6.08745098039216	10.9411764705882	14.3960784313725	6.11450980392158	9.52941176470588	16.5490196078431	14.1176470588235	10.4549019607843	19.1133333333333	30.3411764705882	26.5243137254902	28.9019607843137	12.5411764705882
"118"	"YC19:1118"	1	118	"LH206"	"1"	2.15686274509804	1.13725490196079	2.10980392156863	0.666666666666664	0.784313725490193	2.50980392156863	2.27450980392157	4.87764705882353	7.86274509803922	12.5490196078431	14.0054901960784	7.37254901960784	9.29411764705882	16.0392156862745	13.6078431372549	10.0392156862745	18.078431372549	29.4509803921569	25.6062745098039	25.2352941176471	12.5278431372549
"119"	"YC19:1119"	1	195	"W8304"	"1"	2.3921568627451	0.862745098039213	1.33333333333333	0.941176470588232	0.941176470588232	1.49019607843137	1.84313725490196	3.00509803921569	5.86392156862745	8.62745098039216	12.5490196078431	3.6078431372549	8.94117647058824	14.7952941176471	14.6666666666667	10.0901960784314	17.2588235294118	27.5294117647059	26.0274509803922	28.1180392156863	11.9141176470588
"120"	"YC19:1120"	1	192	"W604S"	"1"	1.57294117647058	1.25490196078431	1.56862745098039	1.01960784313725	1.00784313725491	2.67686274509804	2.66666666666667	3.92156862745098	5.35450980392157	7.63176470588231	12.5490196078431	4.11764705882353	9.13725490196079	14.8901960784314	15.5686274509804	10.9411764705882	17.6862745098039	27.3725490196078	24.5505882352941	24	14.2352941176471
"121"	"YC19:1121"	1	31	"PHV37"	"1"	2.19607843137255	0.87333333333333	1.13725490196078	0.980392156862742	0.980392156862753	1.92156862745098	2.45372549019608	4.23529411764706	6.7843137254902	8.86274509803922	11.6490196078431	6.47058823529412	8.39215686274509	14.3137254901961	16.3529411764706	11.358431372549	17.0196078431373	27.1862745098039	24.156862745098	23.6862745098039	11.7478431372549
"122"	"YC19:1122"	1	1	"A322"	"1"	2.03921568627451	1.25490196078432	1.83529411764705	0.901960784313722	0.745098039215684	2.82352941176471	2.62745098039216	4.07843137254902	6.20313725490196	11.1650980392157	12.3921568627451	7.64705882352942	9.52941176470588	15.4901960784314	15.8039215686275	11.1764705882353	18.5882352941176	29.6345098039216	25.401568627451	23.3333333333333	11.6470588235294
"123"	"YC19:1123"	1	40	"A334"	"1"	2.57803921568627	1.21568627450981	1.60784313725491	1.09803921568627	1.37254901960784	2.70588235294118	2.35294117647059	3.87686274509804	5.49019607843137	10.0996078431373	12.7058823529412	7.25490196078431	8.77960784313725	15.8078431372549	14.0137254901961	11.1596078431372	17.843137254902	29.3835294117647	26.6027450980392	25.6078431372549	11.4956862745098
"124"	"YC19:1124"	1	227	"LH74"	"1"	2.11764705882353	1.01960784313726	1.37254901960785	1.09803921568627	1.09803921568627	3.72549019607843	3.29411764705883	5.49803921568627	8.16823529411764	13.2549019607843	14.2709803921569	8.74509803921569	9.76470588235295	17.4901960784314	13.1764705882353	10.8627450980392	19.8082352941176	31.0196078431373	26.9949019607843	27.0980392156863	12.7450980392157
"125"	"YC19:1125"	1	39	"29MIBZ2"	"1"	2.3921568627451	1.13725490196078	1.84313725490197	1.37254901960784	1.17647058823529	1.98039215686274	1.49019607843137	3.92156862745098	7.92156862745098	13.5294117647059	14.8290196078431	9.42274509803921	10.5490196078431	17.6862745098039	14.156862745098	10.3992156862745	20.4313725490196	31.2949019607843	26.8	24.1176470588235	12.9803921568628
"126"	"YC19:1126"	1	253	"PH207"	"1"	2.27450980392157	0.823529411764709	1.72549019607844	0.980392156862742	0.941176470588236	2.6078431372549	2.15686274509804	4.83137254901961	7.61372549019608	12.42	14	7.81333333333333	9.29411764705882	17.0980392156863	12.3137254901961	11.5058823529412	20.2745098039216	30.4313725490196	27.6094117647059	26.843137254902	11.7647058823529
"127"	"YC19:1127"	1	57	"ND247"	"1"	2.31372549019608	0.627450980392155	1.41176470588235	1.13725490196079	1.45098039215687	2.35294117647059	2	2.98039215686275	3.66901960784313	1.72549019607843	11.0588235294118	0.725098039215693	5.25490196078431	13.7254901960784	14.5505882352941	12.3529411764706	14.3933333333333	22.3254901960784	18.6650980392157	18.0447058823529	11.2549019607843
"128"	"YC19:1128"	1	147	"A258"	"1"	1.77647058823529	1.18823529411765	1.92156862745097	1.01960784313726	0.705882352941174	3.2156862745098	3.24470588235294	4.44627450980392	6.54901960784314	11.3611764705882	12.7450980392157	7.91019607843137	8.27450980392157	15.0588235294118	14.6274509803922	12.5882352941176	17.8737254901961	28.358431372549	25.5474509803921	26.4705882352941	9.72549019607843
"129"	"YC19:1129"	1	232	"MS211"	"1"	2.90196078431373	1.01960784313725	1.37254901960784	0.980392156862753	1.25490196078431	2.98039215686275	2.07843137254902	3.80392156862745	5.27450980392157	9.22666666666667	10.7843137254902	6.27450980392157	7.84313725490197	12.6666666666667	12.4313725490196	13.0980392156863	16.9019607843137	27.1764705882353	24.6274509803922	24.4705882352941	11.6917647058824
"130"	"YC19:1130"	1	123	"LH82"	"1"	2.18588235294117	1.56862745098039	1.80392156862746	0.784313725490204	0.588235294117645	2.82352941176471	2.15686274509804	4.02745098039215	6.34980392156862	12.3921568627451	14.5098039215686	7.75333333333333	8.94117647058824	14.5490196078431	12.9803921568627	11.6470588235294	17.2941176470588	27.3164705882353	23.1270588235294	21.843137254902	11.4509803921569
"131"	"YC19:1131"	1	52	"LH166"	"1"	2.54901960784314	0.784313725490199	1.1764705882353	0.901960784313733	1.33333333333333	2.05882352941177	2.15686274509804	3.76470588235294	5.80392156862745	11.1650980392157	14.0772549019608	7.37254901960784	9.6078431372549	16.4313725490196	13.8721568627451	9.2478431372549	18.803137254902	29.7756862745098	24.4313725490196	22.3450980392157	10.8682352941176
"132"	"YC19:1132"	1	162	"Eng-Li Chih"	"1"	1.88235294117647	1.2156862745098	1.64705882352942	0.980392156862747	0.823529411764704	3.27450980392157	2.94509803921569	3.65725490196078	5.18862745098039	10.1176470588235	11.2549019607843	7.17647058823529	8.19607843137255	12.3921568627451	15.7937254901961	10.6054901960784	15.6537254901961	25.8878431372549	25.9290196078431	27.4901960784314	10.9074509803922
"133"	"YC19:1133"	1	214	"B-28"	"1"	1.76470588235294	0.784313725490199	1.31294117647058	0.901960784313727	1.09803921568628	2.83529411764706	2.32549019607843	3.37254901960784	5.60784313725491	8.23529411764706	12	5.45098039215686	8.97411764705882	13.5349019607843	15.4627450980392	9.60784313725489	16.4501960784314	26.1623529411765	23.3490196078431	24	12.5098039215686
"134"	"YC19:1134"	1	225	"ICI 986"	"1"	2.50980392156863	1.56862745098039	1.6078431372549	1.13725490196078	1.13725490196079	2	1.92156862745098	4.43137254901961	7.41176470588235	11.5011764705882	13.2549019607843	8.13411764705881	9.13725490196078	13.9439215686274	15.1372549019608	11.2588235294118	18.121568627451	29.6078431372549	27.1517647058823	26.7058823529412	11.8878431372549
"135"	"YC19:1135"	1	25	"Oh43"	"1"	2.47058823529411	0.470588235294116	1.45098039215686	0.745098039215684	1.05882352941176	1.72549019607843	1.23137254901961	2.47058823529412	3.33333333333333	4.73372549019608	13.3894117647059	7.17647058823529	8.82	13.6078431372549	15.5988235294118	11.3725490196078	17.9490196078431	28.9411764705882	24.9411764705882	24.2560784313725	12.8290196078431
"136"	"YC19:1136"	1	22	"L 135"	"1"	2.62745098039216	1.1764705882353	1.72549019607843	0.823529411764703	0.745098039215684	2.92156862745098	2.50980392156862	5.34588235294117	7.96078431372549	13.3894117647059	14.9298039215686	9.01960784313726	10.0274509803922	17.6862745098039	16.4313725490196	9.29411764705882	19.4509803921569	31.5505882352941	27.5176470588235	25.5686274509804	12.1176470588235
"137"	"YC19:1137"	1	164	"INBRED 2-687"	"1"	2.03921568627451	1.29411764705882	1.64705882352942	1.13725490196078	0.784313725490193	1.72549019607843	1.64705882352941	2.66666666666667	4.23529411764706	8.31372549019608	11.983137254902	4.92980392156862	8.90196078431373	14.4313725490196	17.8039215686275	9.85490196078431	16.9019607843137	28.8682352941176	24.3427450980392	27.356862745098	11.8823529411765
"138"	"YC19:1138"	1	236	"NC310"	"1"	2.4313725490196	0.784313725490199	1.13725490196079	0.627450980392155	1.09803921568628	2.47058823529412	2.98039215686275	4.53882352941176	7.52941176470588	12.6274509803922	14.4039215686275	8.16784313725491	10.2745098039216	16.9019607843137	16.5490196078431	11.4901960784314	19.6078431372549	31.1411764705882	26.8439215686275	26.9686274509804	12.5490196078431
"139"	"YC19:1139"	1	70	"ICI 193"	"1"	2.6564705882353	1.1764705882353	1.60784313725491	0.980392156862742	1.64705882352942	2.47058823529412	2.12941176470588	4.54901960784314	7.2156862745098	10.7450980392157	15.1764705882353	9.6078431372549	11.2941176470588	16.2745098039216	16.3035294117647	12.5490196078431	21.1317647058824	33.9270588235294	30.0619607843137	28.8901960784314	12.3529411764706
"140"	"YC19:1140"	1	201	"2FADB"	"1"	1.80392156862745	1.10980392156863	1.84313725490195	1.29411764705882	1.21568627450981	4.43137254901961	3.17647058823529	4.85098039215686	8.0035294117647	14	15.8823529411765	9.72549019607844	10.8235294117647	18.5152941176471	17.0196078431373	12.7058823529412	22.1176470588235	34.5152941176471	29.636862745098	27.6823529411765	13.6917647058824
"141"	"YC19:1141"	1	198	"2369"	"1"	2.31372549019608	1.1764705882353	2.27450980392156	1.37254901960784	1.56862745098039	2.47058823529412	2.67058823529412	5.65490196078431	7.53137254901961	13.4901960784314	15.6352941176471	9.1764705882353	10.5882352941176	19.6470588235294	16.3529411764706	11.5921568627451	21.9921568627451	34.3529411764706	28.078431372549	26.7647058823529	12.4760784313725
"142"	"YC19:1142"	1	67	"EAST 028"	"1"	2.4313725490196	0.901960784313724	2.58823529411764	0.980392156862742	0.980392156862742	4.07843137254902	3.49411764705883	5.33333333333333	8.10431372549019	12.0772549019608	16.5333333333333	7.94627450980392	10.9490196078431	18.3529411764706	13.0094117647059	12.1960784313726	20.7058823529412	30.8235294117647	26.6380392156863	24.7843137254902	11.7647058823529
"143"	"YC19:1143"	1	34	"PHW86"	"1"	3.36235294117647	1.33333333333333	1.68627450980392	1.37254901960785	1.13725490196078	2.8235294117647	2.27843137254902	5.37254901960784	7.25254901960784	13.9654901960784	15.843137254902	10.22	10.9019607843137	17.1764705882353	1.29411764705882	13.1764705882353	20.4705882352941	32.1176470588235	26.2352941176471	23.5294117647059	12.0392156862745
"144"	"YC19:1144"	1	8	"PHVJ4"	"1"	3.17647058823529	1.6078431372549	2.03921568627451	1.13725490196079	0.980392156862747	3.29411764705882	2.48666666666667	4.70588235294118	7.14509803921569	13.6243137254902	13.843137254902	9.2156862745098	10.6666666666667	17.6862745098039	1.96078431372549	14.0392156862745	22.1905882352941	33.9505882352941	32.6980392156863	28.7450980392157	11.8039215686275
"145"	"YC19:1145"	1	115	"L 155"	"1"	3.05882352941176	1.56862745098039	2.11764705882352	1.09803921568627	0.784313725490193	2.98039215686274	2.33411764705882	5.16627450980392	7.18196078431373	12.4313725490196	13.8823529411765	8.67137254901961	9.33333333333333	16.078431372549	2.32941176470589	13.3333333333333	19.7647058823529	31.9725490196078	27.478431372549	25.843137254902	15.0588235294118
"146"	"YC19:1146"	1	250	"Va99"	"1"	2.8235294117647	1.25490196078431	1.96078431372548	1.37254901960784	1.01960784313725	2.19607843137255	2.3921568627451	4.70588235294118	7.80078431372549	13.4117647058824	13.7262745098039	8.23529411764706	9.60784313725491	17.4733333333333	1.72549019607843	11.9607843137255	19.4901960784314	30.4313725490196	26	27.8039215686274	14.3921568627451
"147"	"YC19:1147"	1	217	"B115"	"1"	1.88235294117647	1.09803921568628	2.43137254901961	1.05882352941177	0.686666666666664	3.64705882352941	2.54901960784313	3.45098039215686	4.3921568627451	4.10509803921568	9.0470588235294	3.25098039215687	6.98039215686275	16.9803921568627	13.1270588235294	13.0588235294118	20.7450980392157	30.56	25.8313725490196	26.1960784313725	15.5294117647059
"148"	"YC19:1148"	1	258	"B73"	"1"	2	1.33333333333333	2.31372549019608	1.45098039215686	1.76078431372549	2.23529411764706	3.01960784313725	5.76470588235294	8.95843137254902	14.078431372549	15.6494117647059	10.538431372549	11.0196078431373	18.7176470588235	15.0588235294118	12.3137254901961	22.5882352941176	35.2549019607843	31.1098039215686	31.0901960784314	14.156862745098
"149"	"YC19:1149"	1	175	"NQ508"	"1"	1.92156862745098	1.1764705882353	2.11764705882353	1.25490196078432	1.01960784313726	4.07843137254902	2.74509803921569	5.41176470588235	7.29411764705882	10.2745098039216	13.7529411764706	8.20705882352941	9.76470588235294	17.2211764705882	15.2447058823529	12.5176470588235	20.3529411764706	32.0662745098039	28.8627450980392	29.4901960784314	12.8235294117647
"150"	"YC19:1150"	1	191	"W602S"	"1"	2.47058823529411	1.25490196078431	1.92156862745098	1.49019607843138	1.49019607843138	2.43137254901961	1.52941176470588	2.50980392156863	3.01960784313726	1.80392156862745	12.7450980392157	0.784313725490193	9.33333333333334	16.1960784313726	15.5294117647059	11.2549019607843	18.1741176470588	28.4196078431373	23.6078431372549	24.6274509803922	9.45098039215687
"151"	"YC19:1151"	1	18	"CM105"	"1"	1.88235294117647	0.823529411764704	1.45098039215686	1.13725490196079	0.941176470588232	2.90196078431373	3.52941176470588	5.49803921568627	8.3921568627451	14.3176470588235	15.9607843137255	9.52941176470588	11.0980392156863	16.6666666666667	14.9803921568627	10.8627450980392	20.078431372549	30.8627450980392	25.4901960784314	20	13.2549019607843
"152"	"YC19:1152"	1	213	"AS6103"	"1"	2	1.37254901960784	1.6078431372549	1.21568627450981	0.980392156862742	2.54901960784314	2.3921568627451	4.7921568627451	7.94117647058823	11.4788235294118	13.7086274509804	8.20549019607843	10.8235294117647	16.4313725490196	17.636862745098	11.6078431372549	19.6078431372549	32.2352941176471	27.6588235294118	27.0980392156863	12.9019607843137
"153"	"YC19:1153"	1	132	"Oh40B"	"1"	2.31372549019608	0.862745098039214	1.76470588235293	1.25490196078432	0.588235294117645	3.29411764705883	3.41176470588235	5.47058823529412	8.15686274509804	13.8756862745098	15.4509803921569	8.87058823529412	10.9803921568627	15.6694117647059	15.4509803921569	12.2745098039216	19.1372549019608	31.8149019607843	27.9505882352941	26.9411764705882	11.4117647058824
"154"	"YC19:1154"	1	74	"LH295"	"1"	2.47058823529412	0.784313725490199	1.45098039215687	0.89176470588235	1.09803921568628	2.00392156862745	1.57254901960784	4.75294117647059	6.6078431372549	10.2678431372549	15.0078431372549	5.41176470588235	10.0392156862745	13.7596078431373	16.6462745098039	12.078431372549	18.156862745098	28.1423529411765	25.52	23.4117647058824	13.5294117647059
"155"	"YC19:1155"	1	37	"793"	"1"	2.54901960784314	1.49450980392157	1.68627450980393	1.37254901960784	1.01960784313726	1.64705882352941	1.78705882352941	3.26509803921569	5.68627450980392	9.33333333333334	12.5098039215686	7.15607843137255	8.98039215686275	14.6666666666667	15.8721568627451	10.156862745098	18.5882352941176	29.0250980392157	26.7529411764706	27.2745098039216	13.1764705882353
"156"	"YC19:1156"	1	49	"IBB15"	"1"	1.6078431372549	1.1764705882353	1.49019607843138	1.01960784313725	1.09803921568627	3.13725490196078	2.24705882352942	4.24313725490196	7.09803921568627	12.2070588235294	14.3921568627451	8.19607843137255	9.80392156862745	16.3921568627451	16.2352941176471	12.0392156862745	20.2274509803922	31.5741176470588	27.4509803921569	27.8823529411765	13.6078431372549
"157"	"YC19:1157"	1	168	"LH198"	"1"	1.96078431372549	1.45098039215686	1.76470588235294	1.13725490196078	0.705882352941174	2.7843137254902	2.65333333333333	4.62745098039216	7.45098039215686	12.038431372549	14.6274509803922	8.31372549019608	10	16.218431372549	14.7843137254902	10.9752941176471	19.3145098039216	31.2549019607843	27.9113725490196	28.0392156862745	11.4117647058824
"158"	"YC19:1158"	1	128	"MS200"	"1"	3.01960784313726	0.588235294117645	1.25490196078431	1.29411764705882	1.45098039215686	1.52941176470588	2	4.18039215686274	6.66901960784314	11.8823529411765	13.8823529411765	8.31372549019608	9.92156862745098	15.6862745098039	13.843137254902	8.62745098039216	18.9207843137255	30.3192156862745	25.2549019607843	23.1960784313725	10.2745098039216
"159"	"YC19:1159"	1	171	"MS1334"	"1"	2.07843137254902	1.49019607843137	1.80392156862744	0.862745098039213	0.509803921568626	3.09803921568627	2.19607843137255	3.06666666666666	3.92156862745098	1.96862745098039	11.0588235294118	1.6078431372549	7.33333333333333	13.3301960784314	14.1176470588235	10.8235294117647	17.5294117647059	25.516862745098	22.4827450980392	23.9098039215686	13.8039215686274
"160"	"YC19:1160"	1	129	"MS224"	"1"	2.66666666666666	0.941176470588232	1.37254901960784	1.01960784313725	1.29411764705883	1.83411764705882	2.23529411764706	4.54901960784314	7.29411764705882	12.2854901960784	13.6078431372549	7.77254901960784	9.96078431372549	13.8823529411765	15.1764705882353	12.1960784313725	19.4901960784314	30.3921568627451	27.5129411764706	30.0392156862745	11.1372549019608
"161"	"YC19:1161"	1	93	"W613S"	"1"	2.4078431372549	1.50196078431373	1.96078431372549	1.17647058823529	0.509803921568629	2.58823529411765	2.55294117647059	4.0521568627451	5.54274509803922	6.70588235294118	14.5882352941177	2.11764705882352	8.74274509803921	12.6329411764706	14.9411764705882	13.6917647058824	16.8156862745098	27.5686274509804	20.8654901960784	22.5490196078431	8.70588235294118
"162"	"YC19:1162"	1	170	"LH57"	"1"	2.27882352941176	1.09803921568628	1.63372549019608	1.2156862745098	1.45098039215686	1.96078431372549	0.992156862745103	1.91137254901961	1.68627450980392	1.84313725490196	5.33333333333334	0.627450980392155	5.57647058823529	12.5882352941176	14.7058823529412	11.2941176470588	13.3725490196078	22.6505882352941	18	17.6741176470588	10.5882352941176
"163"	"YC19:1163"	1	36	"W182E"	"1"	2.03921568627451	1.37254901960784	1.49019607843138	1.17647058823529	1.17647058823529	2.90196078431373	2.67058823529412	4.23529411764706	5.80392156862745	12.3529411764706	13.8705882352941	8.27450980392157	9.80392156862745	13.6862745098039	14.4862745098039	10.0392156862745	17.6470588235294	27.5686274509804	24.5882352941176	23.4117647058824	12.6666666666667
"164"	"YC19:1164"	1	133	"OQ603"	"1"	1.59921568627451	1.05882352941177	1.52941176470588	1.13725490196079	1.17647058823529	2.3921568627451	2.3921568627451	5.23137254901961	9.20039215686274	13.921568627451	16.5882352941177	9.6078431372549	10.8627450980392	18.8235294117647	14	9.67450980392156	21.5878431372549	33.6862745098039	28.7803921568627	26.0392156862745	13.5349019607843
"165"	"YC19:1165"	1	210	"A648"	"1"	1.84313725490196	1.09803921568627	1.72549019607843	1.05882352941177	0.941176470588232	3.05882352941176	2.09019607843138	3.92156862745098	6.82352941176471	12	15.2156862745098	8.23529411764705	10.1647058823529	16.1607843137255	11.7937254901961	11.3725490196078	18.8627450980392	30.078431372549	26.7054901960784	28.5490196078431	13.0654901960784
"166"	"YC19:1166"	1	140	"W603S"	"1"	1.84313725490196	0.784313725490193	1.13725490196078	1.09803921568628	1.33333333333334	2	2.49686274509804	4.03921568627451	5.80392156862745	5.14235294117647	12.6901960784314	3.14901960784313	8.66666666666667	14.3529411764706	13.4117647058824	12.1960784313725	16.601568627451	26.156862745098	22.1466666666667	23.0196078431373	10.1960784313726
"167"	"YC19:1167"	1	38	"912"	"1"	1.56862745098039	1.13725490196079	1.05882352941176	1.09803921568628	0.705882352941183	2.98039215686275	1.96470588235294	3.38039215686274	4.39960784313725	6.3921568627451	11.6470588235294	4.15686274509804	8.03921568627451	14.4313725490196	15.8039215686274	10.5321568627451	16.0043137254902	26.2498039215686	21.7882352941176	21.0470588235294	10.4196078431373
"168"	"YC19:1168"	1	188	"PHW80"	"1"	1.88235294117647	0.862745098039213	1.09803921568627	0.862745098039224	0.862745098039213	2.15686274509804	1.64705882352941	3.88235294117647	4.40470588235294	6.12862745098039	13.0196078431373	3.50117647058824	7.73647058823529	14.678431372549	17.0980392156863	11.843137254902	16.5411764705882	26.3137254901961	23.1529411764706	25.2549019607843	13.1372549019608
"169"	"YC19:1169"	1	109	"DK78002A"	"1"	1.96078431372549	1.33333333333333	1.68627450980393	0.901960784313733	1.09803921568627	2.07843137254902	1.68627450980392	4.03921568627451	6.75294117647059	9.8878431372549	13.2156862745098	7.84313725490197	9.09882352941176	16.6274509803922	13.9607843137255	11.4341176470588	19.2078431372549	30.8235294117647	26.9803921568627	28.7058823529412	13.0196078431373
"170"	"YC19:1170"	1	144	"W614S"	"1"	2.35294117647059	0.784313725490193	1.21568627450981	1.1764705882353	1.13725490196078	1.92156862745098	1.56862745098039	2.54901960784314	3.56862745098039	2.30980392156863	12.1450980392157	1.80392156862745	8.43137254901961	15.921568627451	13.1474509803922	9.6078431372549	17.6349019607843	29.7125490196078	34.4078431372549	24.3529411764706	12.9019607843137
"171"	"YC19:1171"	1	35	"W117Ht"	"1"	2.07843137254902	1.1764705882353	1.49019607843138	0.980392156862742	0.941176470588232	2.74509803921569	2.15686274509804	2.74509803921569	3.96078431372549	3.87294117647059	10.2352941176471	3.09803921568627	7.29411764705882	15.0980392156863	13.1372549019608	9.19019607843137	17.7647058823529	29.7647058823529	41.1439215686274	28.1513725490196	14.6164705882353
"172"	"YC19:1172"	1	229	"Mo17"	"1"	2.27450980392157	0.627450980392166	0.980392156862742	1.09803921568627	1.1764705882353	1.88235294117647	2.27450980392157	4.38941176470588	6.74509803921569	10.9098039215686	13.0670588235294	7.33333333333334	9.68627450980392	16.4705882352941	13.8039215686274	9.88235294117647	19.3376470588235	31.278431372549	27.3807843137255	29.5686274509804	15.0196078431373
"173"	"YC19:1173"	1	33	"PHW20"	"1"	1.4356862745098	1.17647058823529	1.49019607843137	0.784313725490193	0.745098039215684	2.86274509803922	1.56862745098039	2.90196078431372	3.64705882352941	8.16156862745098	12.356862745098	5.1764705882353	8.39215686274509	15.2156862745098	15.0980392156863	11.2666666666667	17.2156862745098	29.0101960784314	25.0196078431373	31.0980392156863	12.7450980392157
"174"	"YC19:1174"	1	61	"W153R"	"1"	1.6078431372549	1.01960784313725	1.01960784313725	1.30980392156862	1.25490196078431	1.76470588235294	1.13725490196079	2.19607843137255	2.63137254901961	2.12745098039214	8.00862745098039	2.62745098039215	5.68627450980392	12	13.3333333333333	11.1764705882353	13.0588235294118	23.8486274509804	19.02	19.4901960784314	10.3137254901961
"175"	"YC19:1175"	1	226	"LH127"	"1"	2.31372549019608	1.17607843137255	1.56862745098039	0.784313725490193	0.784313725490193	2.3921568627451	1.80392156862745	2.50980392156863	3.25490196078432	2.47058823529412	8.47058823529412	2.78431372549019	6.31372549019608	13.4509803921569	14.5490196078431	10	15.5454901960784	25.6745098039216	22.6462745098039	23.9607843137255	12.4313725490196
"176"	"YC19:1176"	1	206	"A401"	"1"	2.11764705882353	0.543921568627453	1.52941176470589	0.862745098039213	1.17647058823529	1.64705882352941	1.76470588235294	3.48509803921569	4.52980392156862	7.60392156862745	10.5105882352941	3.8756862745098	7.25490196078431	13.4901960784314	15.2447058823529	9.67058823529412	15.9607843137255	26.076862745098	23.4117647058823	24.078431372549	13.1701960784314
"177"	"YC19:1177"	1	145	"2FACC"	"1"	1.84313725490196	0.784313725490204	1.45098039215687	0.901960784313722	1.1764705882353	2.15686274509804	1.92156862745098	3.31921568627451	5.37254901960784	9.63019607843136	13.2254901960784	6.54039215686275	9.29411764705882	14.3521568627451	14.0235294117647	9.35450980392157	18.1960784313726	29.7309803921569	25.2549019607843	27.5294117647059	12.7843137254902
"178"	"YC19:1178"	1	130	"N192"	"1"	2.35294117647059	1.13725490196078	1.09803921568628	1.09803921568627	0.941176470588243	2.19607843137255	2.07843137254902	3.96862745098039	6.25490196078431	10.9803921568627	12.678431372549	7.52941176470589	9.45098039215686	14.9411764705882	10.4313725490196	11.0588235294118	17.0588235294118	28.4313725490196	25.6290196078431	25.8039215686274	12.5098039215686
"179"	"YC19:1179"	1	244	"PHR36"	"1"	2.78431372549019	1.09803921568627	1.76470588235293	0.784313725490193	0.784313725490193	2.55176470588235	1.76470588235294	2.90196078431372	3.7078431372549	3.98862745098039	11.0980392156863	0.901960784313722	7.1764705882353	13.0588235294118	12.4917647058823	10.078431372549	15.2549019607843	26	23.7760784313725	25.2117647058824	11.6470588235294
"180"	"YC19:1180"	1	11	"W9"	"1"	2.23529411764706	0.784313725490193	1.17647058823529	1.33333333333333	1.17647058823529	1.92156862745098	1.64705882352941	3.08039215686274	4.70588235294118	7.92156862745098	8.98039215686275	5.56862745098039	7.52941176470588	13.4901960784314	13.7254901960784	11.1592156862745	16.4858823529412	27.4117647058824	24.3137254901961	22.3137254901961	10.8627450980392
"181"	"YC19:1181"	1	43	"A556"	"1"	1.84313725490196	0.784313725490204	1.17647058823529	0.666666666666664	0.784313725490193	2.80352941176471	2.50980392156862	3.4121568627451	5.05882352941177	8.75607843137255	9.2156862745098	6.23529411764706	7.1764705882353	13.0874509803922	14.5882352941176	10.9411764705882	16.156862745098	25.3160784313725	21.321568627451	18.4313725490196	11.843137254902
"182"	"YC19:1182"	1	13	"91IFC2"	"1"	1.76470588235294	1.1764705882353	1.13725490196078	1.13725490196078	0.901960784313722	1.76862745098039	1.20588235294118	3.5878431372549	6.35294117647059	11.0980392156863	12.7843137254902	7.15843137254902	8.86274509803921	14.7843137254902	13.0196078431373	10.6498039215686	18.0043137254902	28.8235294117647	26.3580392156863	23.921568627451	11.8039215686274
"183"	"YC19:1183"	1	224	"ICI 893"	"1"	2.92509803921568	1.09803921568627	1.5686274509804	0.823529411764703	0.980392156862753	2.74509803921569	1.96078431372548	3.68627450980392	5.61882352941176	10.2701960784314	11.5752941176471	6.62745098039216	8.19607843137255	13.843137254902	12.3137254901961	9.71019607843137	17.3725490196078	26.9254901960784	23.9564705882353	25.1372549019608	13.2941176470588
"184"	"YC19:1184"	1	152	"B103"	"1"	2.03921568627451	0.403921568627452	1.01960784313726	1.01960784313725	0.823529411764714	1.76470588235294	1.75098039215687	5.09803921568628	7.92156862745098	12.1580392156863	12.8403921568627	7.38784313725491	9.41176470588235	14.5490196078431	12.156862745098	9.84313725490196	18.078431372549	28.3529411764706	25.843137254902	27.6274509803922	13.4901960784314
"185"	"YC19:1185"	1	102	"A682"	"1"	2	1.17647058823529	0.901960784313722	0.901960784313722	0.811764705882347	2.43137254901961	2.15686274509804	4.47058823529412	6.58823529411764	10.141568627451	11.821568627451	7.92156862745099	9.41176470588236	13.2941176470588	13.4117647058824	9.86549019607843	17.6556862745098	29.3678431372549	26.4811764705882	24.9019607843137	11.8823529411765
"186"	"YC19:1186"	1	95	"764"	"1"	2.03921568627451	1.17647058823529	0.901960784313722	0.941176470588232	1.09803921568627	2.90196078431372	1.64705882352942	3.25490196078432	5.19607843137255	6.52627450980391	11.4117647058824	4.86274509803921	8.27450980392157	13.843137254902	13.9113725490196	9.25490196078432	16.5098039215686	27.2941176470588	23.2549019607843	24.8627450980392	12.1960784313725
"187"	"YC19:1187"	1	166	"LH143 (Maintainer)"	"1"	2.64313725490196	1.13725490196079	1.17647058823529	0.705882352941174	0.941176470588232	2.54901960784314	1.56862745098039	2.62745098039216	4.35294117647059	1.65490196078432	10.1313725490196	0.784313725490193	7.72549019607843	12.7058823529412	13.921568627451	8.98039215686275	16.6666666666667	26.9125490196078	25.5686274509804	28.7843137254902	13.4509803921569
"188"	"YC19:1188"	1	87	"PHP55"	"1"	2.86274509803921	0.784313725490193	1.52941176470589	0.666666666666664	1.05882352941177	2.03921568627451	1.38666666666666	2.50980392156863	3.92156862745098	7.13725490196079	10.156862745098	5.05882352941177	7.76470588235294	13.3349019607843	13.9650980392157	10.1176470588235	16.2745098039216	27.0470588235294	25.3333333333333	29.3607843137255	13.921568627451
"189"	"YC19:1189"	1	4	"A641"	"1"	2.11764705882353	0.784313725490193	1.49019607843138	0.705882352941174	1.1764705882353	1.96078431372549	1.5078431372549	3.56862745098039	5.45098039215686	4.33960784313725	10.3192156862745	4.19607843137255	7.41176470588236	12.3858823529412	13.2298039215686	11.0588235294118	15.9607843137255	24.4705882352941	21.3803921568627	20.4705882352941	11.0980392156863
"190"	"YC19:1190"	1	231	"MS132"	"1"	1.68627450980392	1.17647058823529	1.56862745098039	1.05882352941176	1.13725490196078	2.03921568627451	1.41176470588235	3.56862745098039	6.15686274509804	10.078431372549	11.2941176470588	6.27450980392157	7.49019607843137	12.3360784313725	12.9019607843137	13.921568627451	15.6862745098039	25.5686274509804	23.3333333333333	25.4509803921569	12.8235294117647
"191"	"YC19:1191"	1	97	"3IJI1"	"1"	2.03921568627451	0.862745098039215	1.49019607843137	0.941176470588232	1.17647058823529	2.3921568627451	1.96156862745098	3.01960784313725	3.94117647058824	3.6635294117647	9.52941176470588	2.50588235294117	6.56666666666666	12.9411764705882	12.5152941176471	13.7647058823529	15.9643137254902	25.8823529411765	23.9607843137255	25.5686274509804	12.3921568627451
"192"	"YC19:1192"	1	90	"PHT69"	"1"	5.13725490196079	0.784313725490193	0.862745098039224	0.666666666666664	1.17647058823529	2.3921568627451	1.07607843137255	3.47294117647059	4.33333333333334	4.35294117647059	10.8627450980392	2	7.02039215686275	15.1764705882353	11.8039215686274	1.1764705882353	18.0392156862745	28.8627450980392	24.6054901960784	26.8772549019608	13.2941176470588
"193"	"YC19:1193"	1	230	"Mo47"	"1"	4.31372549019608	0.54901960784314	0.784313725490204	0.862745098039213	1.09803921568628	2.31372549019608	1.60784313725491	3.45098039215686	5.27450980392157	7.56862745098039	12.2352941176471	5.39607843137255	8.27450980392157	14.0486274509804	14.2352941176471	0.901960784313722	15.4756862745098	25.8498039215686	21.4858823529412	23.9176470588235	12.6329411764706
"194"	"YC19:1194"	1	108	"DK4676A"	"1"	1.64705882352941	1.1764705882353	1.76470588235293	1.01960784313725	0.784313725490193	3.05882352941176	2.43137254901961	4.03921568627451	6.19607843137255	6.15764705882353	13.8658823529412	4.14666666666666	9.45098039215686	16.5937254901961	13.2156862745098	11.9254901960784	19.3333333333333	29.6627450980392	25.2458823529412	23.156862745098	11.4901960784314
"195"	"YC19:1195"	1	101	"A672"	"1"	1.92156862745098	1.13725490196078	1.17647058823529	1.13725490196078	1.17647058823529	2.52941176470588	1.92156862745098	3.81176470588235	6.50980392156863	8.30274509803922	12.9058823529412	5.33333333333334	8.98039215686275	13.983137254902	11.8090196078431	12.2745098039216	18.078431372549	28.7894117647059	26.1960784313725	28.2313725490196	13.7647058823529
"196"	"YC19:1196"	1	15	"A674"	"1"	2.66666666666666	0.509803921568626	1.55882352941177	0.901960784313722	0.862745098039215	2.07843137254902	1.68627450980393	3.52941176470588	5.80392156862745	9.76470588235294	12.8682352941176	8.00000000000001	9.41960784313726	12.5490196078431	14.9803921568627	10.1960784313726	16.9843137254902	26.5137254901961	24.0392156862745	23.9882352941176	12.3411764705882
"197"	"YC19:1197"	1	257	"B73"	"1"	2.19607843137255	0.862745098039213	1.01960784313725	1.17647058823529	1.1764705882353	2.03921568627451	1.84313725490196	4.36078431372549	5.80392156862745	10.4392156862745	12.8078431372549	7.88235294117647	8.88	14.3611764705882	14.3254901960784	9.73725490196078	19.0588235294118	29.843137254902	26.8133333333333	29.0980392156863	14.1176470588235
"198"	"YC19:1198"	1	113	"H99"	"1"	2.58823529411765	1.01960784313726	1.53372549019607	1.09803921568627	1.01960784313725	2.33176470588235	1.84313725490195	3.37254901960784	4.41176470588235	6.06705882352941	11.1827450980392	3.4643137254902	7.68627450980392	14.1607843137255	18.1176470588235	12.0039215686275	15.4509803921569	24.7450980392157	21.0486274509804	20.7843137254902	10.8956862745098
"199"	"YC19:1199"	1	215	"B107"	"1"	1.84313725490196	1.1764705882353	1.49019607843137	0.941176470588232	0.980392156862742	2.19607843137255	0.992156862745097	2.43137254901961	3.13725490196078	2.11764705882353	11.8039215686275	1.49019607843137	6.83137254901961	13.1862745098039	16.6274509803921	10.7058823529412	16.5258823529412	27.5360784313725	23.0878431372549	25.0027450980392	13.4172549019608
"200"	"YC19:1200"	1	89	"PHR30"	"1"	2.07843137254902	1.17647058823529	1.18509803921568	0.717647058823525	0.784313725490193	2.50980392156863	2.15686274509804	4.20509803921569	6.7843137254902	9.71607843137255	14.1176470588235	6.45568627450981	9.13725490196078	16.4313725490196	14.3427450980392	10.6117647058824	20.46	31.3725490196078	28.2454901960784	30.9294117647059	13.8039215686275
"201"	"YC19:1201"	1	55	"Lp215D"	"1"	2.66666666666667	0.627450980392155	0.980392156862747	1.29411764705882	1.17647058823529	2.43137254901961	1.93725490196079	4.83803921568627	7.01960784313726	11.0486274509804	14.0392156862745	7.5372549019608	9.94	19.1803921568627	12.9992156862745	11.2156862745098	17.2941176470588	36.1960784313726	27.4145098039216	27.0196078431373	13.3333333333333
"202"	"YC19:1202"	1	180	"PHBA6"	"1"	2.39882352941177	1.17647058823529	1.68627450980393	1.07450980392156	0.784313725490204	2.52666666666667	2.11764705882352	4.23529411764706	6.94745098039216	13.3576470588235	14.156862745098	9.05490196078432	10.8627450980392	19.1372549019608	13.0588235294118	9.2156862745098	22.3572549019608	36.3137254901961	32.8376470588235	34.8901960784314	15.4509803921569
"203"	"YC19:1203"	1	111	"DKMBNA"	"1"	2.07843137254902	1.1764705882353	1.1764705882353	0.980392156862742	0.901960784313733	1.88235294117647	1.37254901960784	4.0078431372549	6.43921568627451	9.2156862745098	12.3529411764706	5.59450980392157	9.68627450980392	14.7843137254902	14.1466666666667	11.6470588235294	19.9258823529412	30.9019607843137	27.2819607843137	32.076862745098	15.0196078431373
"204"	"YC19:1204"	1	174	"NC262"	"1"	2.29215686274509	1.1764705882353	1.5686274509804	1.05882352941177	0.549019607843135	2.54901960784313	1.72549019607843	4.31372549019608	5.56862745098039	9.72549019607844	11.2156862745098	6.70941176470588	8.2443137254902	12.9035294117647	14.7058823529412	11.8705882352941	16.1537254901961	25.7647058823529	22.0580392156863	23.3725490196078	12.4705882352941
"205"	"YC19:1205"	1	184	"PHN82"	"1"	2.11764705882353	0.784313725490193	1.17647058823529	1.25490196078432	1.01960784313725	1.88235294117647	1.25490196078431	3.01960784313726	4.64705882352941	9.10274509803922	11.9439215686275	5.79960784313725	8.27450980392157	13.9254901960784	16.1176470588235	14.6274509803922	16.9803921568627	26.8235294117647	23.8823529411765	25.4117647058824	13.4117647058824
"206"	"YC19:1206"	1	219	"DE4"	"1"	2.3921568627451	0.784313725490193	1.41176470588235	1.01960784313726	0.666666666666664	2.06627450980392	1.68627450980392	3.56862745098039	5.76470588235294	7.8043137254902	12.1176470588235	3.79058823529412	8.74509803921569	13.4662745098039	15.0980392156863	13.8823529411765	18.0392156862745	28.5098039215686	25.2156862745098	25.956862745098	13.2941176470588
"207"	"YC19:1207"	1	185	"PHR63"	"1"	2.27450980392157	1.17647058823529	0.980392156862742	1.29411764705883	1.13725490196078	2.49019607843137	1.84313725490196	3.84313725490196	5.52235294117647	10.3529411764706	13.4117647058824	8.22392156862745	9.96078431372549	15.0023529411765	12.7450980392157	11.2156862745098	18.3709803921569	30.3192156862745	25.6078431372549	28.156862745098	13.8486274509804
"208"	"YC19:1208"	1	208	"A632"	"1"	2.21176470588235	0.784313725490204	1.41176470588235	1.09803921568628	0.901960784313733	1.84313725490196	1.72941176470588	4.19607843137255	6.50980392156863	10.7450980392157	14.0392156862745	7.92156862745098	9.72549019607843	16.078431372549	11.098431372549	10.1176470588235	20.4	31.836862745098	28.5490196078431	27.9607843137255	14.1176470588235
"209"	"YC19:1209"	1	255	"PH207"	"1"	2.23529411764706	0.784313725490204	1.45098039215687	0.980392156862753	1.37254901960785	1.96078431372549	1.45803921568627	5.18431372549019	6.82745098039216	12.3921568627451	13.7647058823529	8.47058823529412	9.88235294117647	16.5098039215686	18.5882352941176	10.356862745098	20.7125490196078	31.6874509803921	27.4901960784314	27.6470588235294	13.3725490196078
"210"	"YC19:1210"	1	252	"PH207"	"1"	1.59254901960784	1.17647058823529	1.37254901960785	0.97019607843138	0.980392156862742	2.82352941176471	1.72549019607843	3.90196078431372	5.92549019607843	11.8039215686274	13.2156862745098	7.96078431372548	9.2156862745098	16.156862745098	16.4356862745098	11.1803921568627	19.5337254901961	30.0054901960784	26.6564705882353	27.1372549019608	12.7505882352941
"211"	"YC19:1211"	1	124	"MEF156-55-2"	"1"	1.88235294117647	0.789019607843135	1.17647058823529	1.01960784313726	1.05882352941176	1.68627450980392	1.41176470588235	2.58823529411765	3.63529411764706	4.2329411764706	8.85843137254902	3.37725490196079	8.11764705882353	11.4117647058824	14.7537254901961	11.6078431372549	13.3247058823529	21.7929411764706	17.6317647058823	18.5882352941176	11.2156862745098
"212"	"YC19:1212"	1	121	"LH38"	"1"	1.92156862745098	1.17647058823529	1.64705882352941	0.901960784313727	0.890196078431378	2.74509803921569	1.84313725490196	1.97686274509804	1.76470588235294	1.80392156862745	6.25764705882352	1.1764705882353	3.41176470588235	13.5764705882353	13.4160784313725	12.123137254902	9.37882352941177	19.3725490196078	14.4588235294118	15.9576470588235	8.45372549019607
"213"	"YC19:1213"	1	60	"PHG71"	"1"	2.07843137254902	0.392156862745108	1.2156862745098	1.29411764705882	1.37254901960784	2.15686274509804	1.6078431372549	5.52549019607843	8.90862745098039	14.3247058823529	16.4301960784314	9.09803921568628	11.3333333333333	19.6862745098039	8.98039215686275	12.5803921568627	22.4313725490196	34.9254901960784	27.2690196078431	26.0980392156863	12.8235294117647
"214"	"YC19:1214"	1	79	"N197"	"1"	1.68627450980392	1.09803921568628	2.19607843137254	1.2156862745098	1.04705882352942	2.74509803921569	1.96078431372549	2.37450980392157	2.8235294117647	3.2156862745098	11.3333333333333	2.37725490196078	7.85098039215686	14.7058823529412	14.6564705882353	11.6470588235294	17.9039215686274	27.3725490196078	24.1345098039216	23.5196078431372	12.7058823529412
"215"	"YC19:1215"	1	72	"L 139"	"1"	2	0.705882352941174	1.45098039215686	1.37254901960784	1.1764705882353	2	1.62901960784314	3.64705882352941	6.23529411764706	11.3219607843137	12.4721568627451	7.62117647058823	9.01960784313725	15.7427450980392	14.4313725490196	9.17647058823529	18.6745098039216	30.9803921568627	25.9607843137255	26.2745098039216	13.0250980392157
"216"	"YC19:1216"	1	10	"W701BC"	"1"	1.96078431372549	1.17647058823529	1.49019607843138	1.12705882352941	0.784313725490193	2.70588235294118	2.18705882352941	3.86156862745098	5.84313725490196	8.67686274509804	12.0054901960784	6.38078431372549	7.52941176470589	12.6274509803922	15.1764705882353	11.4537254901961	14.8486274509804	22.9466666666667	19.6470588235294	18.1960784313725	11.2196078431373
"217"	"YC19:1217"	1	104	"B85"	"1"	1.51529411764706	1.1764705882353	1.1764705882353	1.05882352941176	1.17647058823529	2.50980392156862	2.07843137254902	4.32	5.86274509803922	6.90117647058823	13.2941176470588	8.23529411764706	10.3921568627451	13.4509803921569	15.4117647058824	13.0811764705882	19.9607843137255	29.921568627451	25.3396078431372	25.921568627451	9.72549019607843
"218"	"YC19:1218"	1	21	"IA2132"	"1"	1.96078431372549	1.05882352941177	1.37254901960785	1.29411764705882	0.745098039215684	2.47058823529412	2.16078431372549	4.22509803921569	6.88235294117647	11.6078431372549	13.9098039215686	7.83921568627451	9.29411764705882	15.4901960784314	14.6666666666667	11.843137254902	18.2352941176471	30.2745098039216	25.6078431372549	23.0854901960784	11.7254901960784
"219"	"YC19:1219"	1	204	"A239"	"1"	1.76862745098039	0.784313725490193	1.37254901960784	1.33333333333333	1.45098039215687	2.41176470588236	2.27450980392157	4.23725490196078	6.25764705882353	12.3639215686274	13.843137254902	7.88117647058824	9.85098039215686	15.8823529411765	14.3035294117647	10.7058823529412	19.1372549019608	30.6274509803922	26.9921568627451	27.643137254902	12.4705882352941
"220"	"YC19:1220"	1	5	"MS116"	"1"	1.74823529411765	1.17647058823529	2.07843137254901	1.29411764705882	0.431372549019617	2.98039215686274	2.31372549019608	4.63529411764706	6.62745098039216	12.7317647058824	14.4313725490196	8.27450980392156	8.94117647058824	15.1596078431372	16.9803921568627	9.39686274509804	20.5964705882353	32.123137254902	28.4211764705882	27.0196078431373	13.4509803921569
"221"	"YC19:1221"	1	172	"MS71"	"1"	2.29529411764706	0.784313725490199	1.33333333333333	1.29411764705882	1.1764705882353	2.56862745098039	3.15960784313725	4.56862745098039	7.64705882352941	11.0866666666667	13.7529411764706	7.21568627450981	9.01960784313725	16.078431372549	17.7337254901961	11.9294117647059	19.6470588235294	30.6105882352941	25.6627450980392	26.4901960784314	12.6549019607843
"222"	"YC19:1222"	1	159	"DK3IIH6"	"1"	2.07843137254902	1.17647058823529	1.41176470588235	1.33333333333333	1.01960784313725	2.66666666666666	2.25098039215686	5.05882352941177	7.56980392156863	12.8627450980392	14.3137254901961	8.34901960784314	9.06666666666666	16.156862745098	16.078431372549	11.2156862745098	18.1176470588235	28.3137254901961	23.3333333333333	27.2117647058824	12.6105882352941
"223"	"YC19:1223"	1	9	"T242"	"1"	1.84313725490196	0.823529411764709	1.37254901960784	1.13725490196079	1.35294117647058	2.2078431372549	2.31372549019608	4.82352941176471	6.94313725490196	10.498431372549	13.1254901960784	7.55529411764705	8.84313725490195	14.5152941176471	14.6564705882353	11.4172549019608	16.2745098039216	28.8078431372549	25.1372549019608	22.3137254901961	12.2745098039216
"224"	"YC19:1224"	1	44	"A679"	"1"	1.88235294117647	1.33333333333333	1.66588235294118	1.16627450980393	0.823529411764703	2.86274509803922	2.3921568627451	4.78039215686274	7.6078431372549	13.1447058823529	15.2941176470588	8.05019607843137	10.3137254901961	17.8823529411765	15.0196078431373	12	21.6078431372549	34.4423529411765	29.0980392156863	26.6862745098039	10.9019607843137
"225"	"YC19:1225"	1	120	"LH223"	"1"	2.31372549019608	0.784313725490199	1.71764705882353	0.941176470588243	1.41176470588235	2.15686274509804	2.76470588235294	5.64705882352941	8.35686274509804	14.078431372549	16.5780392156863	9.47490196078431	10.9019607843137	19.0588235294118	13.2941176470588	11.3972549019608	21.843137254902	34.5152941176471	27.6078431372549	23.5098039215686	12.5490196078431
"226"	"YC19:1226"	1	41	"A340"	"1"	2	1.1764705882353	1.92156862745098	1.29411764705883	0.784313725490203	2.70588235294118	2.43137254901961	3.82745098039215	6.27450980392157	10.7580392156863	14.078431372549	7.90235294117647	9.01960784313725	17.1372549019608	16.3529411764706	11.0313725490196	19.3486274509804	30.656862745098	26.521568627451	26.2352941176471	11.2549019607843
"227"	"YC19:1227"	1	106	"CH157"	"1"	2.3921568627451	0.862745098039218	1.33333333333333	1.21568627450981	1.1764705882353	1.80392156862745	2.16078431372549	4.66666666666667	6.3921568627451	12.3207843137255	13.8760784313725	8.7843137254902	10.3529411764706	15.3674509803922	17.0980392156863	12.2745098039216	18.9223529411765	30.0776470588235	26.4705882352941	25.6470588235294	12.156862745098
"228"	"YC19:1228"	1	86	"PHP02"	"1"	1.6078431372549	1.41176470588235	1.80392156862744	1.50588235294118	0.941176470588232	2.94117647058824	2.35294117647059	3.53725490196078	5.04117647058823	8.66666666666667	12.1960784313725	7.21725490196078	8.47058823529412	15.2549019607843	16.4313725490196	13.1427450980392	17.843137254902	28.7450980392157	25.6078431372549	26.3725490196078	12.5360784313725
"229"	"YC19:1229"	1	26	"PHG47"	"1"	1.97647058823529	0.862745098039213	1.49019607843137	1.37254901960784	1.37254901960784	2.70588235294118	2.58823529411765	4.45098039215686	6.10274509803922	10.6945098039216	15.8078431372549	6.4313725490196	9.68627450980392	15.3043137254902	16.3545098039216	13.5294117647059	16.0043137254902	25.2941176470588	22.0929411764706	20.281568627451	11.5294117647059
"230"	"YC19:1230"	1	27	"PHGW7"	"1"	2.78431372549019	1.21568627450981	2.07843137254902	1.29411764705882	0.823529411764703	1.92156862745098	2.27450980392157	5.49019607843137	8.35294117647059	14.4313725490196	16.5490196078431	10.4533333333333	11.4509803921569	17.8941176470588	14.8235294117647	11.375294117647	21.843137254902	33.8243137254902	29.9607843137255	28.2352941176471	9.29411764705882
"231"	"YC19:1231"	1	245	"R113"	"1"	2.47058823529412	0.980392156862742	0.980392156862742	1.09803921568627	1.01960784313726	2.15686274509804	1.78705882352941	2.90196078431373	4.24196078431372	7.68627450980392	15.3270588235294	4.35294117647059	7.4	18	15.843137254902	11.4901960784314	20.3137254901961	28.7725490196078	25.4439215686275	25.4117647058824	13.5011764705882
"232"	"YC19:1232"	1	92	"PHW03"	"1"	2.15686274509804	1.1764705882353	1.92156862745098	1.17647058823529	0.666666666666672	3.17647058823529	2.86274509803921	6.70588235294118	9.80392156862745	15.1372549019608	17.5294117647059	9.45098039215686	10.5882352941176	18.9803921568627	15.0588235294118	10.5098039215686	22.3921568627451	33.0486274509804	27.6078431372549	25.2972549019608	11.9607843137255
"233"	"YC19:1233"	1	83	"PHJ89"	"1"	2.23529411764706	1.6078431372549	1.45098039215687	1.42745098039216	0.745098039215695	2.64705882352941	3.68627450980392	6.50980392156863	8.18431372549019	13.3211764705882	15.843137254902	8.50980392156863	9.84313725490196	17.8039215686275	16.5141176470588	10.5098039215686	19.4643137254902	30.3192156862745	26.156862745098	26.9396078431373	11.4901960784314
"234"	"YC19:1234"	1	58	"NK778"	"1"	2.03921568627451	1.13725490196079	1.29411764705883	1.09803921568627	1.01960784313725	2.35294117647059	1.76470588235294	2.82352941176471	3.61921568627451	3.84313725490196	13.1372549019608	3.6078431372549	8.35294117647059	16.2352941176471	15.7937254901961	14.1176470588235	17.0588235294118	28.0054901960784	23.5690196078431	23.2941176470588	12.0392156862745
"235"	"YC19:1235"	1	138	"Q381"	"1"	2.48235294117647	0.862745098039218	1.92156862745098	1.17647058823529	1.6078431372549	2.05882352941177	2.11764705882353	4.96588235294118	7.68627450980392	12.8345098039216	13.843137254902	8.21294117647059	9.48862745098039	17.5686274509804	15.5686274509804	13.3333333333333	20.2352941176471	32.1623529411765	28.3976470588235	26.078431372549	11.6862745098039
"236"	"YC19:1236"	1	46	"CH753-4"	"1"	1.6078431372549	1.37254901960784	2.0392156862745	1.17647058823529	0.823529411764703	3.45098039215686	2.78431372549019	3.07450980392156	3.92156862745098	3.49019607843137	9.31803921568628	2.35294117647059	7.9035294117647	15.2996078431373	13.6078431372549	13.1372549019608	16.7450980392157	26.5098039215686	21.9439215686274	20.1960784313725	12.358431372549
"237"	"YC19:1237"	1	7	"OQ403"	"1"	1.80392156862745	0.941176470588238	2.10980392156863	1.33333333333333	1.49019607843137	2.70588235294118	1.6078431372549	4.27450980392157	7.62392156862745	13.0243137254902	15.3764705882353	8.85843137254902	10.2745098039216	18.2352941176471	14.2352941176471	11.6470588235294	20.9929411764706	32.483137254902	26.8745098039216	23.3725490196078	9.33333333333334
"238"	"YC19:1238"	1	47	"CS405"	"1"	1.96078431372549	1.29411764705882	1.56862745098039	1.2156862745098	0.784313725490202	3.41176470588235	2.27450980392157	4.43137254901961	5.72549019607843	5.96078431372549	13.1274509803922	5.59647058823529	8.47058823529412	16.5098039215686	13.3333333333333	11.6078431372549	19.2392156862745	31.2705882352941	26.121568627451	24.8117647058823	11.2156862745098
"239"	"YC19:1239"	1	127	"MS153"	"1"	2.58823529411765	1.05882352941177	1.52941176470589	1.1764705882353	1.13725490196079	2.07843137254902	2.27450980392157	4.14666666666667	7.49019607843137	9.58745098039215	14.443137254902	6.03921568627451	8.82352941176471	17.3780392156863	2	12.1960784313726	19.1764705882353	30.8290196078431	27.2156862745098	26.0666666666667	10.9411764705882
"240"	"YC19:1240"	1	17	"CA-4"	"1"	3.25490196078432	1.09803921568628	2.11764705882353	1.01960784313726	1.09803921568627	2.52941176470588	1.80392156862745	2.23529411764706	3.52941176470588	4.70588235294118	9.99843137254902	3.06352941176471	7.13725490196078	12.4313725490196	2.07843137254902	10.5321568627451	17.6392156862745	23.5039215686274	19.1921568627451	20.7450980392157	12.1635294117647
"241"	"YC19:1241"	1	182	"PHJ90"	"1"	2.66666666666667	1.17647058823529	1.88235294117647	1.17647058823529	0.862745098039222	2.43921568627451	1.72549019607843	3.92156862745098	5.47764705882353	10.8674509803922	13.4901960784314	7.25490196078431	9.25490196078431	16.8235294117647	1.88235294117647	10.6274509803922	19.3376470588235	31.556862745098	26.5882352941176	26.7843137254902	13.9058823529412
"242"	"YC19:1242"	1	71	"ICI581"	"1"	2.47058823529411	1.1764705882353	1.52941176470588	1.2156862745098	1.29411764705882	1.92156862745098	2.31372549019608	3.62	5.01960784313725	8.78156862745098	12.1960784313726	6.31372549019608	9.25490196078431	15.0862745098039	1.56862745098039	12.7058823529412	17.741568627451	28.9803921568627	25.843137254902	28.078431372549	11.6470588235294
"243"	"YC19:1243"	1	45	"CH711-10"	"1"	2.27450980392157	1.05882352941176	1.88235294117648	1.37254901960784	0.901960784313722	3.29411764705882	2.3921568627451	4.32156862745098	4.8235294117647	6.03921568627451	13.2549019607843	5.43960784313725	8.47058823529412	15.1764705882353	14.1176470588235	7.5513725490196	17.9419607843137	29.2737254901961	25.5333333333333	25.5254901960784	10.1686274509804
"244"	"YC19:1244"	1	139	"SD102"	"1"	1.80392156862745	0.980392156862742	1.96078431372549	1.45098039215686	1.68627450980392	3.37254901960784	2.84588235294117	4.94901960784314	7.17647058823529	11.2941176470588	12.9741176470588	7.2156862745098	7.81607843137254	14.5921568627451	15.1807843137255	13.0588235294118	15.9886274509804	27.4117647058824	22.1176470588235	21.6274509803922	11.0980392156863
"245"	"YC19:1245"	1	189	"SD101"	"1"	2.03921568627451	1.56862745098039	1.84313725490197	1.2156862745098	0.862745098039213	3.68627450980392	3.25490196078431	5.37254901960784	6.94901960784314	12.2745098039216	13.3333333333333	8.43137254901961	8.19607843137254	16.1176470588235	15.4956862745098	12.8066666666667	18.156862745098	29.7803921568627	25.9607843137255	23.1960784313726	13.2549019607843
"246"	"YC19:1246"	1	48	"IBB14"	"1"	2	0.980392156862742	1.41176470588236	1.33333333333333	1.29411764705883	2	1.46666666666667	5.01960784313726	9.3121568627451	13.1811764705882	16.4941176470588	4	10.7058823529412	18.2466666666667	14.2352941176471	12.8627450980392	20.8235294117647	32.4705882352941	27.6760784313725	25.3137254901961	10.7105882352941
"247"	"YC19:1247"	1	119	"CR1HT"	"1"	2.34627450980392	0.862745098039218	1.05882352941176	1.1764705882353	1.25490196078432	1.80392156862745	1.29411764705882	1.92156862745098	1.49450980392157	2.32470588235294	6.23529411764706	1.10274509803922	3.84313725490196	15.7701960784314	13.8039215686274	12.9803921568627	17.6470588235294	28.9858823529412	17.0039215686274	18.9607843137255	16.078431372549
"248"	"YC19:1248"	1	242	"PHG86"	"1"	1.45098039215686	1.29411764705882	1.17647058823529	1.13725490196079	1.01960784313725	1.92156862745098	3.17647058823529	6.15686274509804	9.01333333333333	13.7466666666667	15.5686274509804	9.47882352941177	10.3137254901961	19.1427450980392	13.6513725490196	12.3921568627451	21.8039215686274	35.6694117647059	31.0486274509804	31.9960784313726	13.2941176470588
"249"	"YC19:1249"	1	143	"LH119"	"1"	2.31372549019608	0.913725490196078	1.68627450980392	1.1764705882353	0.705882352941174	2.54901960784314	3.09803921568628	6.23529411764706	9.41176470588235	15.4117647058824	16.4705882352941	10.2745098039216	10.3921568627451	17.5294117647059	15.8823529411765	11.1019607843137	19.9607843137255	32.2745098039216	27.843137254902	26.9411764705882	12.5882352941176
"250"	"YC19:1250"	1	30	"PHTM9"	"1"	2.3921568627451	0.823529411764709	1.33333333333333	1.1764705882353	1.41176470588235	2.31372549019608	2.43137254901961	5.01960784313725	8.39921568627451	13.9262745098039	16.5098039215686	9.56862745098039	11.2549019607843	17.1372549019608	16.4501960784314	13.8588235294117	20.8627450980392	33.1764705882353	28.656862745098	25.8235294117647	12.5882352941176
"251"	"YC19:1251"	1	54	"LH222"	"1"	2.15686274509804	1.56862745098039	2	1.49019607843138	1.05882352941176	2	3.29411764705882	5.45098039215686	7.96078431372549	14.0439215686275	16.078431372549	9.56862745098039	10.6274509803922	18.7058823529412	15.3156862745098	11.8901960784314	21.6078431372549	33.6078431372549	28.6666666666667	24.9411764705882	11.2941176470588
"252"	"YC19:1252"	1	194	"W612S"	"1"	2.02901960784314	0.784313725490199	1.37254901960785	1.17647058823529	1.05882352941177	3.13725490196078	2.58823529411765	4.94117647058824	7.92156862745098	12.9850980392157	14.218431372549	8.74509803921569	10.3529411764706	18.5098039215686	17.2941176470588	10.5882352941176	19.116862745098	33.2039215686274	25.8039215686274	22.5686274509804	12.0054901960784
"253"	"YC19:1253"	1	91	"PHV57"	"1"	1.84313725490196	1.17647058823529	1.68627450980393	1.17647058823529	1.01960784313726	2.94117647058824	2.4313725490196	4.27450980392157	5.72549019607843	10.3137254901961	13.7254901960784	7.33333333333334	8.94117647058824	17.4901960784314	17.2549019607843	12.0392156862745	19.4901960784314	30	26.3035294117647	25.5686274509804	13.3164705882353
"254"	"YC19:1254"	1	23	"LH146Ht"	"1"	2.23529411764706	0.784313725490199	1.2807843137255	1.37254901960784	1.2156862745098	1.96078431372549	2.50980392156862	4.66666666666667	7.19333333333333	12.078431372549	15.2941176470588	3.45098039215686	11.5686274509804	18.5333333333333	16.6274509803922	11.6470588235294	23.3145098039216	36.2352941176471	30.7607843137255	27.1764705882353	11.6470588235294
"255"	"YC19:1255"	1	167	"LH165"	"1"	2.51843137254902	1.56862745098039	1.88235294117647	1.41176470588235	0.901960784313722	2.74509803921569	2	3.41686274509804	5.51372549019608	5.5686274509804	14.1070588235294	3.13725490196078	8.62745098039216	14.2352941176471	16.8627450980392	5.17647058823529	15.641568627451	29.8823529411765	21.5686274509804	22.9803921568627	13.6862745098039
"256"	"YC19:1256"	1	154	"B91"	"1"	1.96078431372549	0.784313725490199	1.37254901960784	1.13725490196078	1.17647058823529	2.13725490196078	2.43137254901961	4.56313725490196	6.58823529411765	11.5294117647059	13.4019607843137	7.96078431372549	9.77254901960784	14.5882352941176	14	8.12156862745098	17.3725490196078	28.6556862745098	27.0223529411765	28.6666666666667	12.4313725490196
"257"	"YC19:1257"	1	169	"LH209"	"1"	1.56862745098039	1.29411764705882	1.56862745098039	1.25490196078431	0.980392156862742	2.70588235294118	2.8235294117647	4.80392156862745	8.21843137254902	12.996862745098	14.7450980392157	9.09803921568627	9.37254901960784	16.5490196078431	15.6949019607843	9.00274509803921	20.5098039215686	31.9607843137255	27.4509803921569	26.0352941176471	13.1254901960784
"258"	"YC19:1258"	1	249	"Va52"	"1"	2.15686274509804	0.823529411764704	1.13725490196078	1.41176470588235	1.55686274509804	1.96078431372549	1.84313725490196	4.70588235294118	7.23529411764706	10.56	13.7254901960784	5.68627450980392	8.9878431372549	15.3725490196078	17.7254901960784	9.72549019607843	15.2156862745098	30.0839215686274	22.8525490196078	24.5686274509804	12.6666666666667
"259"	"YC19:1259"	1	107	"CR14"	"1"	2.66666666666667	1.1764705882353	1.84313725490197	1.09803921568627	0.901960784313733	2.40392156862746	2	1.81921568627451	2.43137254901961	1.92156862745098	7.37254901960784	1.05882352941176	2.91607843137254	9.92705882352941	13.8039215686274	9.56862745098039	7.88235294117647	18.9803921568627	15.9635294117647	17.3070588235294	10.9411764705882
"260"	"YC19:1260"	1	135	"PHG29"	"1"	2.27450980392157	0.823529411764704	1.37254901960785	1.17647058823529	1.3607843137255	2.43137254901961	1.52941176470588	2.05882352941176	2.30862745098039	2.3921568627451	6.64980392156862	2.82823529411765	5.68627450980393	12.7490196078431	14.6956862745098	10.5882352941176	13.3521568627451	22.156862745098	20.3137254901961	26.3921568627451	13.0196078431373
"261"	"YC19:1261"	2	325	"INBRED 321"	"1"	1.80862745098039	1.1764705882353	1.76470588235295	0.901960784313727	0.588235294117645	2.47058823529412	2.15686274509804	2.35294117647059	3.88235294117647	4	9.98313725490196	2.30235294117647	6.82352941176471	12.1623529411765	15.0878431372549	10.0039215686274	15.3180392156863	23.8039215686274	22.7203921568627	24.2313725490196	13.843137254902
"262"	"YC19:1262"	2	359	"NKS8326"	"1"	2.11764705882353	0.862745098039213	1.48470588235294	1.49019607843137	1.52941176470588	1.85490196078432	1.96078431372549	3.22	4.31372549019608	5.05882352941177	9.72941176470588	3.64705882352941	7.88235294117647	13.1372549019608	12.078431372549	8.70588235294117	16.2352941176471	26.1176470588235	24.0145098039216	27.6666666666667	13.1372549019608
"263"	"YC19:1263"	2	383	"W22"	"1"	2	0.823529411764704	1.33333333333333	0.980392156862751	1.01960784313725	2.27450980392157	1.76470588235294	3.01960784313725	4	8.07647058823529	11.2549019607843	5.10392156862745	7.72549019607843	13.2156862745098	9.96509803921568	7.92156862745099	16.4560784313725	26.3529411764706	24.6172549019608	25.9607843137255	17.3725490196078
"264"	"YC19:1264"	2	362	"Oh7"	"1"	1.6078431372549	1.25490196078432	1.41176470588235	1.36235294117648	1.1764705882353	1.76470588235294	1.49019607843137	3.02039215686274	4.98039215686275	7.42549019607843	11.2811764705882	5.08470588235294	8.47058823529412	13.8039215686274	12.0870588235294	11.8823529411765	17.5294117647059	27.5294117647059	25.843137254902	30.6274509803922	16.078431372549
"265"	"YC19:1265"	2	470	"WIL901"	"1"	2.31372549019608	1.03137254901961	1.6392156862745	1.01960784313726	0.666666666666675	2.90196078431372	2.11764705882353	2.74509803921569	2.90666666666667	3.09803921568628	9.57254901960784	3.13058823529412	5.72549019607844	14.4705882352941	12.3309803921569	11.4509803921569	16.0466666666667	26.1858823529412	25.0196078431373	28.9556862745098	14.6666666666667
"266"	"YC19:1266"	2	429	"MS24A"	"1"	2.59686274509804	0.901960784313722	1.72549019607843	1.1764705882353	1.25490196078432	1.56862745098039	1.37254901960784	2.51607843137255	3.68627450980392	5.80392156862745	9.56862745098039	3.45098039215686	5.72549019607843	11.2156862745098	12.4705882352941	10.7058823529412	12.7886274509804	22.3254901960784	19.5235294117647	18.7058823529412	11.6862745098039
"267"	"YC19:1267"	2	402	"B46"	"1"	2.43137254901961	1.17647058823529	1.88235294117648	1.05882352941176	0.980392156862742	2.50980392156862	1.96078431372549	2.54901960784314	4.66666666666667	4.49450980392157	9.80941176470588	5.09803921568627	7.25490196078431	14.1176470588235	12.9019607843137	10.5066666666667	15.0007843137255	23.6760784313725	20.9105882352941	23.7917647058824	13.1035294117647
"268"	"YC19:1268"	2	396	"87916W"	"1"	2.35294117647059	0.78392156862746	1.60784313725491	1.52941176470589	1.25490196078431	2.13921568627451	2.51372549019608	5.95137254901961	8.50980392156862	13.2941176470588	15.0654901960784	8.80313725490196	10.0392156862745	16.7450980392157	13.4921568627451	10.2298039215686	19.6905882352941	31.556862745098	26.7741176470588	27.3725490196078	13.8039215686275
"269"	"YC19:1269"	2	436	"NC342"	"1"	2.03921568627451	1.49019607843138	1.72549019607844	1.2156862745098	0.862745098039213	3.13725490196078	2.35294117647059	3.55843137254902	3.80392156862745	6.50980392156863	12.7882352941177	4.82352941176471	8.43137254901961	15.8823529411765	12.9772549019608	11.5741176470588	18.156862745098	30.5152941176471	26.0549019607843	28.4705882352941	14.1960784313726
"270"	"YC19:1270"	2	369	"PHPR5"	"1"	1.88235294117647	0.784313725490193	1.41176470588236	1.49019607843137	1.37254901960785	1.68627450980392	1.64705882352941	3.2156862745098	4.51372549019608	4.86274509803921	10.2352941176471	4.14039215686275	8.74509803921569	15.4901960784314	10.3921568627451	10.9560784313725	17.8094117647059	28.5239215686275	25.5294117647059	27.6105882352941	14.358431372549
"271"	"YC19:1271"	2	382	"Va26"	"1"	1.64705882352941	0.901960784313722	1.96078431372549	0.901960784313722	1.01960784313726	2.70588235294118	1.92549019607843	2.52941176470588	3.96470588235294	1.88235294117647	8.43686274509803	3.13725490196078	6.35294117647059	13.2392156862745	14.4211764705882	11.921568627451	16.2352941176471	27.6290196078431	24.3137254901961	29.5647058823529	16
"272"	"YC19:1272"	2	495	"N200"	"1"	2.11764705882353	1.09803921568628	1.33333333333333	0.980392156862742	1.41176470588236	1.56862745098039	0.901960784313728	3.18509803921569	3.80392156862745	5.7082352941176	9.29411764705882	3.86117647058822	7.68627450980392	13.8823529411765	15.4274509803922	11.2941176470588	17.9607843137255	28.4705882352941	26.9129411764706	30.0423529411765	16.0050980392157
"273"	"YC19:1273"	2	444	"PHR03"	"1"	1.96078431372549	1.13725490196079	1.64705882352941	1.13725490196078	0.980392156862742	2	1.68627450980392	3.96078431372549	5.68627450980392	9.41960784313725	13.3372549019608	4.9764705882353	9.33333333333333	16.2196078431373	13.5686274509804	9.60784313725491	19.4709803921569	30.3529411764706	27.2447058823529	32	15.7478431372549
"274"	"YC19:1274"	2	412	"F2834T"	"1"	1.84313725490196	0.784313725490193	1.17647058823529	1.29411764705882	1.33333333333333	2.50980392156863	1.88235294117647	3.41176470588235	4.7843137254902	8.62745098039216	11.4627450980392	5.37882352941176	8.3921568627451	13.0745098039216	14.5388235294118	10.0054901960784	16.6274509803922	27.0588235294118	23.878431372549	24.843137254902	14.7450980392157
"275"	"YC19:1275"	2	270	"PHG83"	"1"	2.4313725490196	1.17647058823529	1.41176470588235	1.13725490196078	0.666666666666664	2.15686274509804	2.35294117647059	4.19607843137255	6.19607843137255	12.156862745098	14.7333333333333	7.50549019607844	9.13725490196078	14.5490196078431	13.0980392156863	10.6274509803922	18.5098039215686	32.9858823529412	27.103137254902	28.7843137254902	14.1176470588235
"276"	"YC19:1276"	2	400	"B110"	"1"	1.92156862745098	0.784313725490193	1.25490196078431	1.33333333333333	1.17647058823529	1.75607843137255	1.41176470588235	2.50980392156863	4.7843137254902	7.33019607843136	12.8235294117647	4.26313725490195	8.3921568627451	13.1764705882353	14.8235294117647	10.9360784313726	17.0588235294118	28.0392156862745	25.5176470588235	29.2352941176471	14.3529411764706
"277"	"YC19:1277"	2	489	"K47"	"1"	2.68235294117647	1.1764705882353	1.64705882352942	1.17647058823529	0.784313725490204	2.7843137254902	1.96078431372549	2.98039215686275	4.70980392156863	2.19607843137255	8.80901960784314	3.34509803921568	6.74509803921569	13.0196078431373	14.5882352941176	11.0588235294118	15.7254901960784	25.6917647058824	23.3450980392157	24.5058823529412	13.8823529411765
"278"	"YC19:1278"	2	354	"N527"	"1"	2.94117647058823	0.784313725490193	1.1764705882353	1.52941176470588	1.21568627450981	1.84313725490196	2.32549019607843	4.03921568627451	6.3921568627451	10.6254901960784	11.3603921568627	6.94117647058823	8.07843137254902	13.8705882352941	13.4901960784314	11.4733333333333	16.3921568627451	26.4705882352941	24.6172549019608	26.6274509803922	13.843137254902
"279"	"YC19:1279"	2	273	"PHM10"	"1"	2.47058823529412	1.05882352941176	1.88235294117648	1.25490196078431	0.862745098039213	2.50980392156862	1.72549019607843	3.1278431372549	4.62745098039216	7.92627450980392	11.8823529411765	5.57960784313726	8.3921568627451	15.0588235294118	15.4117647058824	10.078431372549	18.3341176470588	28.7113725490196	27.1337254901961	29.3086274509804	15.2156862745098
"280"	"YC19:1280"	2	279	"Seagull Seventeen"	"1"	2.58823529411765	0.823529411764703	1.41176470588235	1.13725490196079	1.09803921568627	1.84313725490196	1.68627450980393	3.34117647058823	3.21568627450981	2.43137254901961	10.4929411764706	2.47058823529412	8.54901960784314	14.6666666666667	12.8886274509804	10.6274509803922	17.4117647058824	28.7113725490196	24.4901960784314	25.5905882352941	13.9874509803922
"281"	"YC19:1281"	2	435	"NC326"	"1"	2.07843137254902	1.13725490196079	1.29411764705882	1.2156862745098	0.784313725490193	2.90196078431373	2.47058823529412	4.66666666666667	5.78705882352941	8.44196078431372	12.3529411764706	5.25490196078431	8.54901960784314	15.7254901960784	12.9109803921569	10.2352941176471	18.6086274509804	28.5882352941177	24.3254901960784	26.4705882352941	14.3137254901961
"282"	"YC19:1282"	2	377	"PHW79"	"1"	2.07843137254902	1.1764705882353	1.6078431372549	1.13725490196079	1.21568627450981	2.27450980392157	0.703921568627448	1.33333333333333	1.45098039215686	0.784313725490199	8.26470588235295	1.52941176470588	0.906274509803924	6.23607843137255	13.6078431372549	10.7058823529412	10.261568627451	12.3866666666667	16.3117647058823	21.276862745098	12.1450980392157
"283"	"YC19:1283"	2	316	"H5"	"1"	2.94117647058824	0.588235294117645	1.01960784313725	1.1764705882353	1.33333333333334	2.90196078431372	2.11764705882352	3.68627450980392	4.39215686274509	1.81098039215686	11.5411764705882	1.56862745098039	7.64705882352941	15.5349019607843	13.6760784313725	9.16470588235294	17.2650980392157	28.3137254901961	24.8678431372549	28.1843137254902	14.436862745098
"284"	"YC19:1284"	2	472	"4F-234 BX 4"	"1"	3.03058823529412	0.784313725490193	1.1764705882353	0.901960784313732	0.941176470588236	2	1.56862745098039	1.85098039215686	2.19607843137255	1.21176470588235	4.74509803921568	0.784313725490193	3.28470588235295	13.5349019607843	14.9647058823529	9.55294117647059	9.2156862745098	26.2223529411765	20.9090196078431	26.0980392156863	10.3921568627451
"285"	"YC19:1285"	2	449	"R226"	"1"	2.94117647058824	0.784313725490193	1.17647058823529	0.980392156862747	1.17647058823529	2.27450980392157	1.96078431372549	4.33058823529412	6.7843137254902	9.02509803921566	12.078431372549	6.11764705882353	8.58823529411764	14.3247058823529	14.3137254901961	10.9803921568628	17.1372549019608	28.358431372549	26.1960784313726	28.5490196078431	16.28
"286"	"YC19:1286"	2	385	"W24"	"1"	2.27450980392157	1.17647058823529	1.09803921568627	1.25490196078432	1.13725490196078	2.23529411764706	1.21568627450981	2.90196078431373	4.86274509803921	7.53411764705883	11.6403921568627	5.84313725490196	7.01960784313726	11.4901960784314	9.51137254901961	11.843137254902	15.8082352941176	24.9349019607843	23.5294117647059	26.9411764705882	14.8627450980392
"287"	"YC19:1287"	2	505	"PHV63"	"1"	2	1.1764705882353	1.56862745098039	1.13725490196079	1.47843137254902	2.76470588235294	2.11764705882353	3.85882352941176	4.84313725490196	2.98039215686275	9.98588235294118	1.49019607843137	6.47058823529411	12.9498039215686	13.4509803921569	6.62745098039216	15.843137254902	26.6117647058823	24.2745098039216	26.6666666666667	14.278431372549
"288"	"YC19:1288"	2	392	"WU-TAN-TZAO"	"1"	5.96078431372549	0.392156862745108	1.1764705882353	0.980392156862747	1.37254901960785	2.84313725490196	1.45098039215686	3.42980392156863	4.74509803921569	2.55764705882353	9.97254901960785	0.588235294117645	6.27450980392157	13.0588235294118	12.7058823529412	1.17647058823529	15.6133333333333	25.0305882352941	22.801568627451	24.7725490196078	12.3137254901961
"289"	"YC19:1289"	2	393	"YING-55"	"1"	5.52941176470588	0.392156862745097	1.21568627450981	0.901960784313722	1.56862745098039	2.70588235294118	1.92156862745097	3.92156862745098	5.33333333333333	1.88235294117648	9.52941176470588	3.2156862745098	7.13725490196079	12.078431372549	13.2941176470588	0.784313725490199	11.3333333333333	21.3388235294118	19.843137254902	23.2941176470588	11.6862745098039
"290"	"YC19:1290"	2	493	"M14"	"1"	1.81098039215686	1.1764705882353	1.68627450980393	1.05882352941176	1.1764705882353	3.09803921568627	2.11764705882352	3.92156862745098	5.49019607843137	5.74941176470587	9.55607843137254	4.60274509803921	6.8235294117647	12.4823529411765	12.6274509803922	10.1960784313726	14.4313725490196	23.4172549019608	21.0901960784314	23.6	11.6078431372549
"291"	"YC19:1291"	2	452	"R71"	"1"	2.11764705882353	1.13725490196078	1.17647058823529	1.2156862745098	1.21568627450981	2.62745098039216	1.68627450980393	3.6078431372549	4.94117647058823	8.78901960784314	11.7466666666667	6.23529411764707	7.88235294117647	15.2156862745098	7.12705882352941	11.4392156862745	16.7843137254902	27.9596078431373	22.5882352941176	25.3725490196078	13.5686274509804
"292"	"YC19:1292"	2	514	"PH207"	"1"	2.58823529411765	0.784313725490193	1.52941176470588	0.941176470588232	1.25490196078431	2.54901960784313	1.5686274509804	3.13725490196078	4.43529411764706	8.86274509803922	12.3921568627451	6.26901960784314	8.87058823529412	15.4117647058824	12.436862745098	9.80392156862745	18.8321568627451	28.7898039215686	25.0054901960784	26.7450980392157	13.0196078431373
"293"	"YC19:1293"	2	419	"INBRED 141"	"1"	2.3921568627451	0.784313725490193	1.1764705882353	1.13725490196078	0.980392156862742	1.68627450980392	1.09803921568628	2.74901960784314	4.27450980392157	3.68627450980392	10.8235294117647	2.98039215686274	7.60784313725491	14.156862745098	14.5372549019608	8.80666666666666	18.1490196078431	27.0039215686274	24.7450980392157	28.1529411764706	15.4117647058824
"294"	"YC19:1294"	2	288	"ZS365"	"1"	2.19607843137255	0.784313725490193	0.980392156862753	1.01960784313725	1.33333333333333	2.86274509803922	2.31372549019607	3.35960784313725	3.92156862745098	2.15686274509804	9.5686274509804	2.32470588235294	6.04941176470588	13.0666666666667	14.6666666666667	8.7843137254902	15.1458823529412	25.6258823529412	22.8627450980392	23.9607843137255	13.5294117647059
"295"	"YC19:1295"	2	506	"PHV78"	"1"	2.11764705882353	0.901960784313733	1.41176470588235	1.62352941176471	1.37254901960785	2.74509803921568	1.63019607843136	2.94117647058824	4.08235294117647	5.18705882352941	10.5921568627451	3.37254901960784	7.74078431372549	12.6274509803922	14.1074509803922	11.3333333333333	15.5337254901961	24.7529411764706	22.5780392156863	26.1921568627451	16.1960784313725
"296"	"YC19:1296"	2	263	"LH199"	"1"	2.47058823529412	1.1764705882353	1.49019607843137	1.41176470588236	1.25490196078432	2.74509803921568	2.57529411764706	4.03921568627451	5.58823529411765	6.3356862745098	10.6666666666667	4.28392156862745	7.24470588235294	12.7450980392157	12.721568627451	11.0862745098039	15.921568627451	24.7843137254902	22.0392156862745	24.1176470588235	13.1019607843137
"297"	"YC19:1297"	2	349	"N211"	"1"	3.09803921568627	0.784313725490193	1.80392156862744	1.41176470588235	1.45098039215686	2.27450980392157	1.80392156862746	3.17647058823529	5.26549019607843	7.72549019607843	12.2352941176471	7.25490196078432	8.90196078431373	14.5247058823529	12.078431372549	10.078431372549	18.4607843137255	28.1623529411765	25.0313725490196	28.5098039215686	13.8823529411765
"298"	"YC19:1298"	2	274	"PHN29"	"1"	2.90588235294118	1.17647058823529	1.52941176470588	1.13725490196078	1.01960784313725	2.41490196078431	1.92156862745098	3.33333333333333	5.1764705882353	7.37764705882353	11.0588235294118	6.63411764705882	8.94117647058823	14.3921568627451	11.7254901960784	8.82352941176471	18.078431372549	28.5725490196078	26	29.7254901960784	14.436862745098
"299"	"YC19:1299"	2	295	"A321"	"1"	2.7843137254902	0.784313725490193	1.29411764705882	1.21568627450981	1.13725490196078	2.07843137254902	2.03921568627451	3.45098039215686	4.33333333333334	4.49450980392156	9.95960784313725	4.03058823529411	7.96078431372549	14.0392156862745	13.0980392156863	9.73725490196079	17.3333333333333	27.0980392156863	23.9313725490196	25.3333333333333	13.0027450980392
"300"	"YC19:1300"	2	442	"PHK29"	"1"	1.96509803921568	1.1764705882353	1.25490196078432	1.09803921568628	1.17647058823529	2	1.76470588235294	1.96078431372549	2.19607843137255	1.33333333333333	8.54901960784314	1.05882352941176	5.84313725490196	12.8627450980392	12.6274509803922	10.0043137254902	15.8039215686274	24.4705882352941	22.3137254901961	24.156862745098	13.843137254902
"301"	"YC19:1301"	2	474	"B104"	"1"	2.2	1.17647058823529	1.67843137254902	1.09803921568628	1.21568627450981	1.56862745098039	1.72549019607843	3.45098039215686	5.50980392156863	8	10.7450980392157	5.71999999999999	7.2156862745098	13.4509803921569	13.5686274509804	11.2549019607843	15.3811764705882	24.4196078431372	21.5294117647059	25.2203921568627	13.4117647058824
"302"	"YC19:1302"	2	466	"WXB6"	"1"	2.62745098039216	1.25490196078431	1.5686274509804	1.37254901960785	0.968627450980408	1.86274509803921	1.72549019607843	2.2835294117647	2.82352941176471	2.19607843137255	10.9529411764706	1.95686274509804	6.95764705882353	12.7058823529412	13.843137254902	10.8627450980392	15.3725490196078	25.2941176470588	21.921568627451	25.0588235294118	13.4901960784314
"303"	"YC19:1303"	2	477	"B68"	"1"	2.19607843137255	0.636862745098035	1.05882352941176	1.37254901960785	1.09803921568627	2.3921568627451	2	3.49019607843137	5.56862745098039	5.28666666666666	11.223137254902	4.45921568627451	8.19607843137255	14.1176470588235	13.1490196078431	10.2125490196078	17.598431372549	28.4705882352941	25.2325490196078	28	15.2603921568627
"304"	"YC19:1304"	2	361	"OC19"	"1"	2.23529411764706	1.1764705882353	1.6078431372549	1.25490196078432	0.862745098039213	1.96078431372549	1.56862745098039	1.49019607843137	1.90196078431373	1.41176470588235	3.72549019607843	1.15607843137254	3.02980392156862	13.2847058823529	15.6078431372549	9.41176470588236	10.7843137254902	26.1411764705882	21.7823529411765	24.2745098039216	13.3780392156863
"305"	"YC19:1305"	2	465	"W820G"	"1"	1.92156862745098	0.862745098039215	1.09803921568627	1.56862745098039	1.75294117647058	1.6078431372549	1.33333333333333	3.70509803921568	5.7678431372549	8.4635294117647	12	4.78431372549019	8.51764705882352	15.6745098039216	14.8929411764706	9.25490196078431	17.2549019607843	29.1819607843137	24.4705882352941	27.643137254902	14.8235294117647
"306"	"YC19:1306"	2	264	"LH204"	"1"	2.32941176470588	1.17647058823529	1.96078431372549	1.50588235294118	1.17647058823529	2.65098039215686	2.15686274509804	3.99529411764706	4.31372549019608	8.97803921568627	13.5294117647059	5.95764705882354	8.00000000000001	15.5294117647059	11.6035294117647	10.4537254901961	17.9607843137255	28.4588235294118	24.6274509803922	25.9282352941176	13.3333333333333
"307"	"YC19:1307"	2	453	"Va102"	"1"	1.92156862745098	1.13725490196078	1.40392156862745	1.41176470588235	1.1764705882353	1.56862745098039	1.05882352941176	1.33333333333333	1.45098039215686	1.16509803921568	9.5513725490196	0.588235294117651	1.68627450980392	14.0274509803921	13.7254901960784	10.5490196078431	4.35294117647059	22.8290196078431	18.443137254902	19.4839215686275	10.1792156862745
"308"	"YC19:1308"	2	272	"PHK35"	"1"	2	1.52941176470589	1.72549019607843	1.17647058823529	0.627450980392166	2.58823529411765	2.47058823529411	5.66078431372549	8.70588235294118	13.2882352941176	14.9411764705882	8.58823529411765	9.01960784313725	17.4956862745098	13.9607843137255	9.88235294117647	20.0043137254902	31.5298039215686	28.1725490196078	30.5701960784314	14.1388235294118
"309"	"YC19:1309"	2	422	"LH191"	"1"	2.7843137254902	0.784313725490193	1.64705882352942	1.55843137254901	1.45098039215687	1.96078431372549	1.25490196078431	2.86274509803922	4.47019607843137	5.49019607843137	10.8682352941176	2.86274509803921	7.80392156862746	15.0705882352941	15.0980392156863	10.5333333333333	16.078431372549	26.3921568627451	22.2352941176471	23.3760784313725	12.4760784313725
"310"	"YC19:1310"	2	315	"H121"	"1"	2.62745098039216	1.17647058823529	2.23529411764706	1.05882352941176	0.705882352941174	2.72823529411765	1.96078431372549	3.41176470588235	4.98039215686274	9.72549019607843	11.2156862745098	6.4313725490196	7.76470588235294	13.1035294117647	9.49019607843138	10.5333333333333	15.2227450980392	25.8039215686275	23.6470588235294	26.156862745098	13.6862745098039
"311"	"YC19:1311"	2	262	"LH197"	"1"	2.66666666666667	1.01960784313725	1.52941176470589	1.2156862745098	1.33333333333333	1.64705882352941	1.8356862745098	3.6078431372549	6.13725490196078	11.2203921568627	13.1764705882353	6.59607843137255	9.37254901960784	14.9411764705882	14.0392156862745	12.2745098039216	17.5145098039216	28.3529411764706	27.043137254902	29.6274509803922	14.2745098039216
"312"	"YC19:1312"	2	303	"B164"	"1"	2.35686274509804	0.823529411764703	1.41176470588235	1.33333333333333	0.89803921568627	3.37254901960784	2.7843137254902	4.70588235294118	7.06	12.1109803921569	13.243137254902	8.19607843137255	9.45098039215686	15.0643137254902	15.4509803921569	12	19.4509803921569	30.7113725490196	27.5686274509804	30.6862745098039	14.2352941176471
"313"	"YC19:1313"	2	322	"Il778d"	"1"	1.68627450980392	1.1764705882353	1.24705882352941	1.68627450980392	1.45098039215687	1.76470588235294	1.33333333333333	2.47058823529412	2.31058823529412	3.88588235294117	6.58823529411765	4.42941176470588	6.66666666666667	14.3529411764706	15.7254901960784	8.98039215686275	16.8690196078431	27.4172549019608	25.0486274509804	21.921568627451	13.4117647058824
"314"	"YC19:1314"	2	386	"W606S"	"1"	2.07843137254902	0.934901960784312	1.84313725490195	1.36235294117647	0.823529411764714	2.47058823529412	1.80392156862745	3.64705882352941	4.83921568627451	4.82352941176471	12.9207843137255	3.52431372549017	8.62745098039215	14.7450980392157	12.9803921568627	10.7529411764706	16.5435294117647	27.9270588235294	23.6760784313725	25.078431372549	9.65098039215686
"315"	"YC19:1315"	2	321	"Hy"	"1"	2.11764705882353	0.956862745098037	1.56862745098039	1.49019607843138	1.21568627450981	1.76470588235294	1.56862745098039	2.8356862745098	5.33333333333333	1.72549019607843	11.7372549019608	0.862745098039213	7.45098039215686	14.6274509803922	16.4313725490196	11.4341176470588	16.1364705882353	25.8105882352941	23.3333333333333	26.4705882352941	13.338431372549
"316"	"YC19:1316"	2	469	"B105"	"1"	1.64705882352941	1.13725490196079	1.45098039215686	1.37254901960785	1.12549019607844	2.58823529411764	2.47843137254902	5.06666666666666	7.88235294117647	12.6509803921569	15.1764705882353	7.90823529411765	9.80392156862745	17.6917647058824	13.1588235294118	11.4509803921569	18.9019607843137	30.6694117647059	27.7254901960784	28.8235294117647	14.5098039215686
"317"	"YC19:1317"	2	395	"6M502A"	"1"	2	0.901960784313722	1.41176470588235	1.52941176470589	0.980392156862742	2.66666666666666	2.50980392156863	4.39960784313725	4.94117647058824	9.18745098039216	15.2156862745098	7.46196078431373	9.37254901960784	17.9870588235294	12.7843137254902	8.39215686274509	18.9411764705882	29.8878431372549	26.6337254901961	28.6192156862745	13.8823529411765
"318"	"YC19:1318"	2	509	"4F-35 BK"	"1"	1.96078431372549	1.21568627450981	1.52941176470589	1.49019607843138	1.05882352941176	2.31372549019608	1.64705882352941	1.62745098039216	1.96078431372549	1.84313725490196	4.47058823529411	1.29411764705882	3.68627450980393	13.7647058823529	12.3819607843137	10.8235294117647	13.7541176470588	24.6172549019608	19.5321568627451	19.2156862745098	14.5321568627451
"319"	"YC19:1319"	2	265	"LH227"	"1"	1.96078431372549	0.784313725490193	1.1764705882353	1.37254901960785	1.33333333333333	1.72549019607843	1.96078431372549	3.23960784313726	5.86274509803922	7.55725490196078	12.4352941176471	4.83333333333333	8.39215686274509	17.2403921568627	12.6274509803922	10.7882352941176	20.3921568627451	31.6917647058823	27.7792156862745	28.7058823529412	13.2117647058823
"320"	"YC19:1320"	2	311	"CO258"	"1"	1.29411764705882	1.18039215686275	1.80392156862746	1.56862745098039	1.13333333333334	2.31372549019608	2.07843137254902	2.47058823529412	3.3921568627451	3.92156862745098	9.45098039215687	4.07843137254902	6.15686274509804	13.7254901960784	13.3725490196078	12.156862745098	14.8356862745098	24.1960784313725	19.6078431372549	21.3725490196078	13.4117647058824
"321"	"YC19:1321"	2	420	"INBRED 305"	"1"	1.88235294117647	0.784313725490193	1.41176470588235	1.45098039215686	1.1764705882353	1.96078431372549	1.38431372549019	2.47058823529412	4.50549019607843	4.86274509803921	10.2576470588235	3.17647058823529	8.11764705882353	14.4929411764706	13.8039215686275	11.6470588235294	15.921568627451	25.9607843137255	22.2745098039216	22.1176470588235	11.2549019607843
"322"	"YC19:1322"	2	310	"CO257"	"1"	2.35294117647059	1.56862745098039	1.96078431372548	1.33333333333333	0.901960784313722	2.43137254901961	2.23529411764706	3.92156862745098	6.07843137254902	7.21333333333333	10.1239215686275	5.92156862745098	7.60784313725491	12.5098039215686	12.7843137254902	8.64941176470582	14.6666666666667	24.2352941176471	21.2156862745098	21.7254901960784	11.3725490196078
"323"	"YC19:1323"	2	373	"PHT22"	"1"	1.76470588235294	0.784313725490193	1.41176470588235	1.52941176470588	1.25490196078431	1.56862745098039	0.984313725490199	2.10509803921568	3.56862745098039	3.4556862745098	11.0196078431373	2.8235294117647	8.11764705882353	14.14	13.5678431372549	12.4313725490196	16.6329411764706	27.2941176470588	24.1176470588235	26.4588235294118	11.2980392156863
"324"	"YC19:1324"	2	438	"Os426"	"1"	1.83294117647059	1.1764705882353	2.0392156862745	1.45098039215686	0.627450980392155	3.14117647058824	2.86274509803922	4.12549019607843	5.01960784313726	9.15372549019607	11.8078431372549	7.41176470588235	8.66666666666666	12.5882352941176	13.0588235294118	9.41176470588235	17.9796078431373	28.8235294117647	27.5803921568627	31.636862745098	13.2603921568627
"325"	"YC19:1325"	2	365	"PHJ70"	"1"	1.37254901960784	0.784313725490199	1.68627450980392	1.45098039215686	1.05882352941176	2.90196078431372	2.16078431372549	3.33333333333333	3.40117647058824	4.38078431372549	11.5294117647059	4.5705882352941	7.33333333333333	14.5098039215686	10.4705882352941	9.59764705882353	16.8776470588235	29.2156862745098	26.2207843137255	29.1290196078431	13.5623529411765
"326"	"YC19:1326"	2	291	"ND259"	"1"	2.12549019607843	1.52941176470588	2.23529411764706	1.33333333333333	0.980392156862747	1.80392156862745	1.6078431372549	2.45882352941176	4.59490196078431	2	10.1176470588235	1.49019607843137	6.94117647058824	13.8039215686275	14.7450980392157	9.13725490196079	15.94	26.2407843137255	21.6235294117647	20.078431372549	14.5882352941176
"327"	"YC19:1327"	2	384	"W23"	"1"	2.43137254901961	1.08117647058823	1.5686274509804	1.13725490196078	1.41176470588236	1.80392156862745	2.10078431372549	3.56862745098039	5.33725490196079	11.5964705882353	12.6105882352941	7.8478431372549	9.29411764705882	12.1960784313726	14.3137254901961	9.96078431372549	16.8980392156863	27.278431372549	25.5843137254902	30.1921568627451	10.4537254901961
"328"	"YC19:1328"	2	490	"K55"	"1"	2.51529411764706	1.17647058823529	1.60784313725491	1.52941176470588	0.901960784313722	2.54901960784314	1.52941176470588	2	2.37372549019608	3.2156862745098	8.72823529411765	2.82352941176471	5.73882352941176	11.4117647058823	15.8956862745098	10.7058823529412	14.7082352941176	23.7647058823529	19.2054901960784	17.861568627451	14.3137254901961
"329"	"YC19:1329"	2	404	"B65"	"1"	1.29411764705882	1.09803921568628	1.56862745098039	1.52941176470588	1.05882352941176	2.11764705882353	2.50980392156863	4.47058823529412	6.82745098039216	12.6486274509804	15.6470588235294	6.31372549019608	10.1176470588235	16.2537254901961	15.8823529411765	9.96078431372549	18.2745098039216	29.423137254902	26.7960784313725	27.8039215686275	8.66666666666667
"330"	"YC19:1330"	2	343	"MBST"	"1"	2.36862745098039	0.784313725490193	1.01960784313725	1.37254901960785	1.25490196078431	1.84313725490196	1.29411764705882	1.83294117647059	3.41176470588235	2.30039215686275	7.73098039215686	1.88235294117647	5.4478431372549	14.0392156862745	15.7937254901961	10.1901960784314	17.3333333333333	26.5176470588235	22.2745098039216	25.1333333333333	13.6862745098039
"331"	"YC19:1331"	2	324	"INBRED 309"	"1"	1.80392156862745	0.980392156862747	1.76901960784313	1.21568627450981	1.37254901960784	2	2.07843137254902	4.07843137254902	6.11058823529411	10.0086274509804	13.8721568627451	3.52941176470588	9.72549019607843	14.5164705882353	14.4313725490196	10.418431372549	17.8039215686275	29.7647058823529	24.3058823529412	23.2941176470588	12.358431372549
"332"	"YC19:1332"	2	423	"LH192"	"1"	1.73098039215686	1.1764705882353	1.49019607843137	1.52941176470589	0.941176470588236	3.84313725490196	3.88235294117647	6.07843137254902	8.56980392156863	13.5686274509804	15.6623529411765	9.37254901960784	9.81686274509804	18.1960784313726	15.323137254902	8.03921568627451	19.6862745098039	31.6313725490196	27.5294117647059	26.5764705882353	12.4705882352941
"333"	"YC19:1333"	2	347	"MS221"	"1"	1.72549019607843	0.823529411764709	1.80392156862746	1.75450980392157	1.64705882352942	2.96078431372549	3.13725490196078	6.14666666666666	9.33333333333333	14	15.4901960784314	9.25490196078432	10.5176470588235	17.6078431372549	14.8525490196078	11.921568627451	20.1176470588235	32.4760784313725	28.2352941176471	27.843137254902	12.8627450980392
"334"	"YC19:1334"	2	364	"PHBB3"	"1"	1.88235294117647	1.1764705882353	1.76470588235295	1.5450980392157	1.01960784313725	2.94117647058823	2.90196078431373	4.58823529411765	7.17647058823529	8.11764705882353	14.2666666666667	7.96078431372549	9.15686274509804	17.1764705882353	12.5533333333333	9.22745098039216	19.4552941176471	31.1035294117647	27.8721568627451	29.2745098039216	13.7254901960784
"335"	"YC19:1335"	2	458	"W32"	"1"	2.35294117647059	0.784313725490193	1.41176470588236	1.56862745098039	1.41176470588235	2.61058823529412	2.27450980392157	4.11764705882353	6.80392156862745	10.4313725490196	12.1176470588235	7.25490196078431	8.50980392156863	15.7309803921569	1.56862745098039	12.5098039215686	17.9607843137255	29.3333333333333	24.9592156862745	26.0509803921569	13.2156862745098
"336"	"YC19:1336"	2	271	"PHHH9"	"1"	2.98039215686275	1.37254901960784	1.84313725490197	1.37254901960784	1.25490196078431	2.11764705882353	1.92549019607843	4.11764705882353	5.7878431372549	8.95764705882352	13.3725490196078	5.84392156862745	9.05882352941176	16.9019607843137	2.19607843137255	12.5098039215686	19.2156862745098	31.4509803921569	26.6274509803922	26.1176470588235	11.4117647058824
"337"	"YC19:1337"	2	425	"LH205"	"1"	2.98039215686275	1.1764705882353	1.92156862745098	1.52941176470589	1.01960784313725	2.86274509803921	1.92156862745098	2.7843137254902	3.92549019607843	4.3235294117647	11.4623529411765	4.35294117647059	8.62745098039216	16.8235294117647	1.80392156862745	6.70588235294118	19.4305882352941	30.3529411764706	27.2941176470588	39.5490196078431	13.9478431372549
"338"	"YC19:1338"	2	512	"PH207"	"1"	2.31372549019608	0.62745098039216	1.72549019607843	1.64705882352942	1.5686274509804	2.47058823529412	2.58823529411765	5.07450980392156	8	12.9207843137255	14.8737254901961	9.16509803921568	10	17.4901960784314	1.8078431372549	10.1960784313725	20.3921568627451	32.7521568627451	28.6721568627451	27.8274509803922	12.1286274509804
"339"	"YC19:1339"	2	323	"INB 101LFY/LFY (A632 X M16 S5)"	"1"	2.2435294117647	1.13725490196079	2.23529411764705	1.33333333333333	0.980392156862747	3.05882352941177	2.43137254901961	3.84313725490196	5.6078431372549	6.94117647058824	12.7450980392157	4.23137254901961	7.2156862745098	13.9109803921569	13.0980392156863	8.50980392156862	15.3333333333333	26.8576470588235	22.521568627451	23.5294117647059	14.3921568627451
"340"	"YC19:1340"	2	427	"MBPM"	"1"	1.45725490196078	0.784313725490199	1.99999999999999	1.84313725490197	1.64705882352941	2.70588235294118	2.21333333333333	4.54313725490196	7	10.7058823529412	12.436862745098	7.29882352941176	9.41960784313726	16.0223529411765	15.5294117647059	12.6274509803922	18.1607843137255	29.4509803921569	26.1176470588235	26.5882352941177	13.4509803921569
"341"	"YC19:1341"	2	350	"N215"	"1"	1.51294117647059	1.17647058823529	1.72549019607843	1.64705882352941	0.941176470588232	3.49019607843137	2.7843137254902	2.72156862745098	2.3921568627451	2.70588235294117	5.33333333333334	1.88235294117647	1.88235294117648	11.7701960784314	15.4509803921569	11.2890196078431	11.4525490196078	19.0011764705882	14.2643137254902	22.0537254901961	12.8235294117647
"342"	"YC19:1342"	2	337	"LH213"	"1"	2.15686274509804	0.941176470588238	1.84313725490197	1.45098039215686	1.29411764705882	1.76470588235294	1.29411764705882	2.08627450980392	3.45490196078431	2.10627450980392	6.98588235294117	2.24745098039215	4.70588235294117	12.3066666666667	17.0749019607843	13.2156862745098	16.7450980392157	25.921568627451	22.9396078431373	24.3105882352941	14.4643137254902
"343"	"YC19:1343"	2	446	"PHR62"	"1"	2.15686274509804	0.582352941176467	1.37254901960785	1.45098039215686	1.37254901960785	2	1.17647058823529	1.89019607843137	2.54901960784314	1.41176470588235	7.46862745098038	2.00941176470589	5.09450980392157	15.7529411764706	13.6760784313725	13.1925490196078	18.8627450980392	29.4403921568627	24.5007843137255	26.4545098039216	14.5882352941176
"344"	"YC19:1344"	2	293	"4N506"	"1"	1.64705882352941	1.52941176470588	1.52941176470589	1.68627450980392	1.01960784313726	2.07843137254902	2.35686274509804	4.31372549019608	6.90588235294118	11.843137254902	14.1462745098039	8.54901960784314	9.52941176470588	17.5294117647059	14.1960784313725	13.3764705882353	21.0588235294118	31.9607843137255	32.956862745098	31.6352941176471	15.0980392156863
"345"	"YC19:1345"	2	371	"PHR55"	"1"	2.31372549019608	1.05882352941177	1.64705882352941	1.64705882352941	0.980392156862747	2.37529411764706	1.96078431372549	2.70588235294118	4.58823529411765	6.88627450980392	10.8145098039216	4.03686274509804	8	17.0196078431373	12.078431372549	12.8627450980392	19.6023529411765	30.358431372549	27.0980392156863	28.2635294117647	15.5556862745098
"346"	"YC19:1346"	2	518	"B73"	"1"	2.66666666666667	1.09803921568627	1.33333333333333	1.33333333333333	1.05882352941176	2	2.62745098039216	4.58823529411765	7.50980392156863	11.0792156862745	15.0164705882353	8.47058823529412	10.4705882352941	16.7058823529412	12.5490196078431	11.3333333333333	20.9062745098039	32.9019607843137	30.2078431372549	30.9372549019608	16.078431372549
"347"	"YC19:1347"	2	375	"PHT55"	"1"	1.96470588235294	1.29411764705882	2.22745098039215	1.52941176470588	1.01960784313725	1.80392156862745	1.76470588235294	3.98862745098039	6.53215686274509	10.3509803921569	15.3619607843137	4	10.0392156862745	18.2745098039216	15.6078431372549	10.7843137254902	21.6470588235294	34.1176470588235	29.5686274509804	31.1960784313726	16.156862745098
"348"	"YC19:1348"	2	406	"B84"	"1"	1.56862745098039	1.01960784313725	1.56862745098039	1.64705882352941	1.09803921568627	2.50980392156863	2.15686274509804	5.03607843137255	8.17647058823529	13.2227450980392	15.1764705882353	7.96549019607843	10.6274509803922	17.4901960784314	15.8039215686274	8.88196078431372	20.5286274509804	33.1874509803922	28.7450980392157	30.2352941176471	14.9803921568627
"349"	"YC19:1349"	2	346	"Mo46"	"1"	2.11764705882353	1.1764705882353	1.92156862745098	1.25490196078432	0.745098039215684	2.86274509803922	2.68980392156863	4.11764705882353	7.17764705882353	12.5670588235294	11.0980392156863	8.66666666666666	9.96078431372549	17.1803921568627	15.4117647058824	9.96078431372549	19.7647058823529	31.7701960784314	28.6274509803922	29.7254901960784	13.5517647058823
"350"	"YC19:1350"	2	447	"PHW53"	"1"	1.96078431372549	0.784313725490199	1.41176470588236	1.29411764705883	1.41176470588236	2.08235294117647	1.68627450980392	3.01960784313726	4.90823529411765	8.7843137254902	11.0980392156863	6.24627450980392	8.54901960784314	14.0666666666667	16.4792156862745	10.5027450980392	17.0588235294118	27.9490196078431	23.7647058823529	25.1764705882353	14.2745098039216
"351"	"YC19:1351"	2	381	"Tr"	"1"	2.07843137254902	1.86549019607843	1.84313725490197	1.49019607843138	0.980392156862747	2.35294117647059	2.39607843137255	4.15686274509804	6.65254901960784	11.921568627451	11.9501960784314	7.38980392156861	8.98039215686275	13.5870588235294	16.9803921568627	11.5301960784314	16.7450980392157	27.5403921568627	25.1517647058823	26.9019607843137	13.4552941176471
"352"	"YC19:1352"	2	261	"LH185"	"1"	1.72549019607843	1.04196078431372	1.37254901960785	1.72549019607844	1.29411764705882	1.88235294117647	1.25490196078431	2.03921568627451	3.2356862745098	2.19254901960784	9.1764705882353	0.752941176470589	5.92156862745098	14.3858823529412	16.6356862745098	11.3333333333333	13.1611764705882	26.2352941176471	22.6274509803922	23.3294117647059	11.2823529411765
"353"	"YC19:1353"	2	434	"NC294"	"1"	1.49019607843137	1.1764705882353	1.80392156862745	1.33333333333334	0.823529411764703	2.63137254901961	2.01568627450981	3.72549019607843	5.16980392156863	7.9043137254902	11.4901960784314	6.0278431372549	7.99999999999999	14.1450980392157	15.3333333333333	11.7647058823529	16.7450980392157	26.7058823529412	23.5113725490196	23.896862745098	11.8705882352941
"354"	"YC19:1354"	2	284	"W611S"	"1"	1.92156862745098	0.784313725490199	1.13725490196078	1.49019607843138	1.45098039215686	1.88235294117647	1.72549019607843	3.25490196078431	5.11764705882353	3.36509803921568	11.8917647058823	1.12588235294117	8.3921568627451	12.4705882352941	13.2156862745098	11.7254901960784	17.1372549019608	26.5882352941176	23.9317647058824	24.4705882352941	14.4145098039216
"355"	"YC19:1355"	2	299	"B119"	"1"	1.68627450980392	1.01960784313725	1.45098039215686	1.57294117647058	0.627450980392155	2.63137254901961	2.3921568627451	5.45764705882353	8.27450980392157	12.7450980392157	15.0980392156863	7.50117647058824	9.49019607843137	16.4313725490196	12.8235294117647	11.4117647058824	19.1070588235294	30.9803921568627	28.5098039215686	30.3137254901961	15.0196078431373
"356"	"YC19:1356"	2	387	"W810G"	"1"	2.03921568627451	0.784313725490199	1.37254901960784	1.2156862745098	1.09803921568628	2.76470588235294	2.15686274509804	4.09882352941176	6.7843137254902	10.3854901960784	14.2298039215686	6.03921568627451	9.76470588235294	15.2325490196078	12.4313725490196	11.6862745098039	18.0392156862745	28.5098039215686	24.9803921568627	27.5686274509804	15.0250980392157
"357"	"YC19:1357"	2	481	"F118"	"1"	1.92156862745098	1.37254901960784	1.64705882352941	1.45098039215686	0.823529411764713	2.54901960784314	2.62745098039215	4.97176470588235	7.11843137254902	13.0474509803922	14.6258823529412	9.2435294117647	9.6078431372549	16.6274509803922	12.7450980392157	11.8823529411765	19.0980392156863	29.556862745098	26.6666666666667	28.5372549019608	15.4117647058824
"358"	"YC19:1358"	2	488	"J47"	"1"	2.19607843137255	0.784313725490199	1.41176470588235	1.33333333333333	0.980392156862747	2	1.25490196078431	2.92627450980392	4.11764705882353	5.49019607843137	12.9019607843137	3.72549019607844	8.86274509803921	15.7309803921569	14.4705882352941	11.7478431372549	17.4509803921569	29.2211764705882	26.0392156862745	28.7019607843137	15.4956862745098
"359"	"YC19:1359"	2	341	"LH59"	"1"	1.6078431372549	0.980392156862742	2.17568627450981	1.56862745098039	0.901960784313722	2.82941176470588	2.31372549019608	5.11764705882353	6.82352941176471	11.9149019607843	13.5749019607843	7.0192156862745	9.09803921568627	15.6862745098039	15.4901960784314	9.88235294117647	18.1756862745098	28.7113725490196	23.6878431372549	25.2549019607843	13.4956862745098
"360"	"YC19:1360"	2	297	"B109"	"1"	1.56862745098039	1.17647058823529	1.33333333333334	1.76470588235294	1.74509803921568	1.96078431372549	1.37254901960784	2.71843137254902	4.01960784313726	5.59647058823529	12.2745098039216	4.4592156862745	8.7843137254902	17.0470588235294	14.8666666666667	9.6721568627451	18.078431372549	29.4764705882353	26.4313725490196	27.5121568627451	14.0392156862745
"361"	"YC19:1361"	2	415	"H84"	"1"	2.23529411764706	1.01960784313726	1.72549019607844	1.41176470588235	0.980392156862742	3.13725490196079	2.07843137254902	5.49294117647058	6.94117647058823	12.22	15.6470588235294	8.11764705882353	9.6078431372549	17.3556862745098	15.0980392156863	10.7450980392157	19.4117647058824	30.2352941176471	25.6521568627451	25.7058823529412	12.8458823529412
"362"	"YC19:1362"	2	487	"INBRED 109"	"1"	2.23529411764706	0.941176470588232	1.37254901960785	1.64705882352941	1.52941176470589	2.03921568627451	1.49019607843137	2.16941176470588	3.62745098039216	2.81019607843137	10.4274509803922	2.61411764705882	7.45882352941176	12.2352941176471	14.2643137254902	10.7058823529412	11.5313725490196	24.0274509803922	21.5607843137255	22.921568627451	12.8458823529412
"363"	"YC19:1363"	2	391	"WIL903"	"1"	2.31372549019608	1.01960784313725	1.84313725490195	1.33333333333334	0.941176470588243	3.25490196078431	2	4.42941176470588	5.16470588235294	9.23960784313725	12.3647058823529	5.87098039215687	8.54901960784313	13.843137254902	14.5490196078431	9.76470588235294	16.4501960784314	27.7647058823529	23.8941176470588	26.3882352941176	13.843137254902
"364"	"YC19:1364"	2	339	"LH215"	"1"	2.3921568627451	0.784313725490193	1.45098039215686	1.72549019607843	1.21568627450981	1.84313725490196	1.41176470588235	2.90196078431372	4.74509803921569	3.93098039215686	10.7294117647059	2.86274509803921	8.19607843137255	13.921568627451	15.7254901960784	10.6666666666667	16.3137254901961	27.5976470588235	25.7647058823529	28.1411764705882	13.8505882352941
"365"	"YC19:1365"	2	431	"N218"	"1"	1.68901960784313	1.5686274509804	1.91372549019607	1.41176470588236	0.745098039215684	2.66666666666667	2.50980392156863	4.03921568627451	5.41960784313726	9.05882352941177	12.7380392156863	5.25490196078431	7.88235294117648	15.6470588235294	14.9019607843137	11.4607843137255	18.1176470588235	27.2549019607843	24.1176470588235	24.7411764705882	12.4705882352941
"366"	"YC19:1366"	2	418	"IDS91"	"1"	2.35294117647059	0.784313725490193	1.37254901960784	1.60784313725491	1.41176470588235	1.33333333333333	1.45098039215686	2.98039215686274	4.70588235294118	6.3921568627451	10.2223529411765	0.862745098039213	7.29411764705882	13.0678431372549	12.6564705882353	11.2156862745098	15.8082352941176	25.4172549019608	22.4313725490196	23.2117647058824	14
"367"	"YC19:1367"	2	285	"W811G"	"1"	1.64705882352941	1.14901960784312	2.19607843137255	1.33333333333334	0.941176470588232	2.7843137254902	2.31372549019608	4.7843137254902	6.66666666666667	10.9019607843137	12.8850980392157	6.35294117647059	7.68627450980392	14.9411764705882	12.5882352941176	12.6203921568627	16.6666666666667	26.9803921568627	24.7843137254902	29.2549019607843	13.4619607843137
"368"	"YC19:1368"	2	328	"KUNG-70"	"1"	2.03921568627451	1.17647058823529	1.49019607843138	1.5686274509804	1.45098039215686	1.8478431372549	1.84313725490196	4.3921568627451	6	9.45019607843137	13.0980392156863	6.76156862745097	8.74509803921568	15.4901960784314	13.1764705882353	11.3274509803922	16.9992156862745	26.1505882352941	22.1898039215686	22.6666666666667	11.5686274509804
"369"	"YC19:1369"	2	443	"PHP85"	"1"	1.92156862745098	1.01960784313726	1.05882352941177	1.49019607843138	0.941176470588243	2.74509803921569	2.85607843137254	6	7.94117647058824	10.078431372549	13.4901960784314	7.09803921568627	9.26745098039216	16.3192156862745	14.3137254901961	8.47058823529412	18.6690196078431	29.1596078431373	24.5098039215686	25.1176470588235	11.3333333333333
"370"	"YC19:1370"	2	330	"LH1"	"1"	1.88235294117647	0.784313725490193	1.1764705882353	1.2156862745098	0.901960784313733	1.6078431372549	1.80392156862745	2.90196078431372	3.45098039215686	7.20117647058824	10.2352941176471	4.70588235294117	7.40274509803922	14.5592156862745	12.0392156862745	6.19607843137255	15.8039215686274	24.9019607843137	20.2352941176471	21.8039215686275	11.0980392156863
"371"	"YC19:1371"	2	338	"LH214"	"1"	2.27450980392157	1.52941176470588	1.37254901960785	1.52941176470588	0.823529411764704	1.68627450980392	1.64705882352941	4.86274509803922	6.33333333333333	10.8352941176471	14.3372549019608	4.88470588235294	9.57647058823529	18.1803921568627	13.8039215686274	6.54901960784314	19.921568627451	31.9270588235294	27.2156862745098	29.3921568627451	14.9243137254902
"372"	"YC19:1372"	2	483	"H122w"	"1"	2.03921568627451	0.784313725490193	1.6078431372549	1.2156862745098	1.28235294117646	1.92156862745098	1.33725490196079	2.36588235294117	2.58823529411765	5.92156862745098	12.1129411764706	4.86274509803922	7.37254901960784	14.296862745098	15.1372549019608	9.10980392156863	19.3647058823529	28.3529411764706	24.8035294117647	28.3019607843137	12.9019607843137
"373"	"YC19:1373"	2	267	"ND259"	"1"	2.11764705882353	1.05882352941177	1.33333333333333	1.2156862745098	1.01960784313725	1.87490196078431	1.45098039215686	2.27450980392157	3.05058823529412	1.95333333333333	6.98039215686274	1.80823529411763	5.72549019607843	11.3576470588235	15.2156862745098	8.66666666666667	18.3835294117647	24.6705882352941	20.1411764705882	23.0588235294118	11.3725490196078
"374"	"YC19:1374"	2	305	"B70"	"1"	2.35294117647059	1.13725490196079	1.29411764705882	1.45098039215686	1.01960784313725	2.54901960784314	1.69019607843137	2.47058823529412	2.54901960784314	3.09803921568628	6.39607843137255	1.43568627450979	5.05882352941177	11.8901960784314	12.5780392156863	10.0517647058824	10.1756862745098	20.156862745098	14.6549019607843	18.2313725490196	11.3725490196078
"375"	"YC19:1375"	2	348	"MS67"	"1"	2.50980392156863	1.17647058823529	1.56862745098039	1.41176470588235	1.33333333333334	2.62745098039215	1.5156862745098	2.23529411764706	2.58823529411765	1.52941176470588	4.82352941176471	0.901960784313722	4.20627450980392	10.4705882352941	16.7443137254902	10.4313725490196	10.8627450980392	18.7725490196078	18.3670588235294	19.1764705882353	13.0196078431373
"376"	"YC19:1376"	2	409	"DE2"	"1"	2.74509803921568	0.784313725490193	1.71999999999999	1.68627450980392	1.29411764705883	2.3921568627451	1.88235294117648	3.17647058823529	3.84313725490196	6.01098039215686	9.72549019607844	3.49098039215688	7.25490196078431	12.7058823529412	12.8137254901961	8.65490196078431	14.9109803921569	24.343137254902	22.2129411764706	24.3137254901961	14.6666666666667
"377"	"YC19:1377"	2	306	"B75"	"1"	1.84313725490196	1.05882352941177	1.92156862745098	1.25490196078431	1.09803921568628	2.58823529411764	2.19607843137255	3.25490196078431	3.41176470588235	2.02274509803921	6.31372549019608	0.588235294117645	3.98156862745097	11.2352941176471	11.3333333333333	9.24196078431372	14.8235294117647	24.5152941176471	22.72	25.5686274509804	13.921568627451
"378"	"YC19:1378"	2	390	"Wf9"	"1"	2.66666666666667	1.29411764705883	1.21568627450981	1.56862745098039	1.52941176470588	2.47058823529411	1.13725490196078	3.33333333333333	4.27450980392157	6.62705882352941	10.4705882352941	5.88235294117646	8.15686274509804	13.843137254902	9.48000000000001	11.4509803921569	16.1266666666667	26.4705882352941	23.2227450980392	26.6666666666667	13.3725490196078
"379"	"YC19:1379"	2	277	"R168"	"1"	2.23529411764706	0.784313725490193	1.1764705882353	1.49019607843137	1.17647058823529	3.72549019607843	2.98039215686274	5.84039215686274	7.43411764705882	9.01960784313725	14.3529411764706	5.46196078431372	9.38509803921568	14.5882352941176	11.0141176470588	11.3725490196078	17.843137254902	28.3976470588235	25.8752941176471	26.6835294117647	13.1098039215686
"380"	"YC19:1380"	2	319	"H95"	"1"	2.35294117647059	0.823529411764703	1.40745098039216	1.37254901960784	1.29411764705882	2.03921568627451	1.60784313725491	2.8235294117647	3.74509803921569	3.28509803921569	12.0627450980392	4.5356862745098	6.87333333333334	11.6078431372549	11.9607843137255	8.74509803921569	14.7639215686275	23.4745098039216	18.3921568627451	20.7843137254902	11.7647058823529
"381"	"YC19:1381"	2	508	"WIL900"	"1"	2.26549019607843	0.627450980392155	1.45098039215686	1.44078431372549	1.33333333333334	2.62745098039216	2.11764705882353	3.05882352941177	3.2156862745098	2.49843137254902	8.57803921568627	3.1764705882353	6.62745098039215	14.7450980392157	12.1294117647059	10.4549019607843	16.6666666666667	27.7254901960784	24.1725490196078	26.1960784313725	18.5098039215686
"382"	"YC19:1382"	2	519	"B73"	"1"	2.0156862745098	0.901960784313726	1.91372549019607	1.2156862745098	1.41176470588236	1.84313725490196	1.68627450980392	4.04705882352941	6.72549019607844	11.4117647058824	13.8486274509804	7.88235294117647	9.21568627450981	14.8235294117647	14.3376470588235	13.2156862745098	18.6274509803922	31.0811764705882	26.6274509803922	28.3529411764706	15.3556862745098
"383"	"YC19:1383"	2	492	"LH65"	"1"	1.80392156862745	0.784313725490193	1.76470588235295	1.17647058823529	1.28235294117647	2.74509803921569	1.6078431372549	2.35294117647059	2.50980392156862	1.56862745098039	9.72549019607843	1.17647058823529	3.80392156862745	10.5133333333333	13.2054901960784	12.4313725490196	11.7647058823529	21.921568627451	19.5113725490196	21.8039215686275	13.8694117647059
"384"	"YC19:1384"	2	500	"NC412"	"1"	5.53098039215686	0.688235294117643	0.980392156862747	1.09803921568627	1.25490196078431	1.85490196078431	1.33333333333333	2.50980392156863	4.35686274509804	3.39411764705881	9.79215686274509	3.68627450980392	7.37254901960784	13.2156862745098	9.38823529411766	0.392156862745097	14.7262745098039	23.9152941176471	19.843137254902	21.1372549019608	12.2576470588235
"385"	"YC19:1385"	2	326	"J8606"	"1"	5.95019607843137	0.745098039215684	1.28862745098038	1.60784313725491	1.41176470588236	2.15686274509804	1.17647058823529	1.58823529411765	2.11764705882353	1.25490196078431	5.9607843137255	0.862745098039213	4.47843137254902	12.2345098039216	12.6341176470588	0.627450980392155	14.1811764705882	24.3137254901961	19.8745098039216	24.8235294117647	14.3137254901961
"386"	"YC19:1386"	2	278	"S8326"	"1"	1.52941176470588	0.756862745098039	2.15686274509804	1.68627450980393	1.43921568627451	2.07843137254902	1.6078431372549	2.47058823529412	3.21568627450981	1.52941176470588	10.1270588235294	0.823529411764703	4.74509803921568	11.8823529411765	12.9019607843137	9.98313725490196	14.1176470588235	22.7505882352941	21.1690196078431	25.6470588235294	13.8470588235294
"387"	"YC19:1387"	2	515	"PH207"	"1"	1.80392156862745	0.980392156862747	1.88235294117648	1.72549019607844	1.49019607843137	2	1.45098039215687	3.73333333333333	5.60784313725491	8.98039215686275	12.8129411764706	6.87372549019608	8.54901960784314	14.9858823529412	13.3333333333333	12.2352941176471	22.8125490196078	28.8235294117647	25.7627450980392	26.078431372549	13.556862745098
"388"	"YC19:1388"	2	268	"NS701"	"1"	2.54901960784314	1.09803921568627	1.76470588235295	1.52941176470589	1.41176470588235	3.25490196078431	2.47058823529412	4.03921568627451	5.05882352941177	8.15686274509804	13.0980392156863	6.86274509803922	8.56980392156863	15.2380392156863	11.2156862745098	9.92156862745098	17.8082352941176	29.5349019607843	26.721568627451	28.6274509803921	15.1764705882353
"389"	"YC19:1389"	2	366	"PHK56"	"1"	2.74509803921568	0.980392156862742	1.49019607843137	1.88235294117648	1.01960784313726	1.81686274509804	1.45098039215687	2.54901960784314	3.84313725490196	3.3156862745098	9.53372549019608	1.93490196078431	6.97058823529412	13.7647058823529	13.2549019607843	8.19607843137255	15.6078431372549	24.8627450980392	23.2396078431373	25.7737254901961	13.4901960784314
"390"	"YC19:1390"	2	437	"NY6371"	"1"	2.27450980392157	0.784313725490193	1.41176470588235	1.59764705882353	1.33333333333334	3.17647058823529	1.99999999999999	3.55098039215686	5.41176470588236	9.49019607843137	12.2745098039216	6.58823529411765	8.19607843137255	13.3490196078431	12.7450980392157	9.56862745098039	17.6078431372549	28.078431372549	24.6564705882353	27.2156862745098	14.7058823529412
"391"	"YC19:1391"	2	482	"H113"	"1"	2.70588235294117	1.21568627450981	1.41176470588235	1.80392156862745	1.41176470588235	2.78431372549019	1.14705882352941	2.76392156862745	3.96078431372549	1.56862745098039	9.76470588235295	1.9607843137255	7.09803921568628	13.1764705882353	14.0392156862745	11.2549019607843	14.9019607843137	25.6760784313725	22.078431372549	23.8674509803922	13.0196078431373
"392"	"YC19:1392"	2	448	"PHW65"	"1"	1.72549019607843	1.13725490196079	1.71019607843138	1.49019607843137	0.901960784313722	2.58823529411764	2.19607843137255	2.86274509803922	3.31372549019608	3.4078431372549	8.63294117647059	3.5964705882353	6.50980392156863	11.2941176470588	14.9019607843137	10.9019607843137	14.2827450980392	23.7176470588235	21.4901960784314	23.7843137254902	13.8705882352941
"393"	"YC19:1393"	2	401	"B14"	"1"	2.78431372549019	0.816862745098033	1.67843137254902	1.76470588235294	1.05882352941176	2.3921568627451	1.96078431372549	3.49019607843137	5.41176470588235	4.58823529411765	10.9019607843137	5.2156862745098	8.19607843137255	14.4313725490196	16.1333333333333	9.77647058823529	17.1270588235294	28.156862745098	26.8627450980392	29.4509803921569	14.9411764705882
"394"	"YC19:1394"	2	292	"2MCDB"	"1"	2.63725490196079	1.17647058823529	1.41176470588236	1.52941176470588	1.21568627450981	2.54901960784313	1.92156862745097	2.50980392156863	3.33333333333333	3.75333333333333	6.43686274509804	3.37254901960784	6.7843137254902	12.6313725490196	13.5294117647059	9.84313725490196	15.8772549019608	25.881568627451	22.9803921568627	24.9411764705882	12.1960784313725
"395"	"YC19:1395"	2	344	"MBWZ"	"1"	2.3921568627451	1.1764705882353	1.41176470588235	1.56862745098039	1.09803921568628	2.33333333333334	1.76470588235294	3.17647058823529	6	8.23529411764706	12.1176470588235	6.11764705882352	8.8235294117647	14.7505882352941	12.4705882352941	9.13725490196079	17.8823529411765	27.86	25.6470588235294	28.078431372549	15.6470588235294
"396"	"YC19:1396"	2	331	"LH128"	"1"	2.23960784313725	1.13725490196079	1.49019607843137	1.33333333333333	1.21568627450981	1.80078431372549	1.96078431372549	3.78431372549019	5.92156862745098	8.89568627450979	13.1713725490196	6.70588235294118	9.2156862745098	15.6352941176471	13.8039215686274	9.77098039215686	19.5729411764706	29.9662745098039	26.3254901960784	28.3098039215686	15.3333333333333
"397"	"YC19:1397"	2	517	"B73"	"1"	2.15686274509804	0.784313725490193	1.64705882352941	1.45098039215686	1.05882352941176	2.15686274509804	2.72823529411765	4.82352941176471	7.5878431372549	12.6070588235294	14.5882352941176	8.98509803921569	10.156862745098	15.3780392156863	12.8917647058824	10.0392156862745	19.0196078431373	32.5490196078431	29.0705882352941	30.9047058823529	15.1372549019608
"398"	"YC19:1398"	2	334	"LH193"	"1"	2.43137254901961	0.952941176470588	1.29411764705882	1.68627450980392	1.01960784313725	2.07843137254902	1.68627450980392	2.86274509803922	4.23529411764706	6.71058823529412	10.1792156862745	2.71686274509803	7.33333333333333	15.0196078431373	14.8235294117647	10.3086274509804	17.2941176470588	27.2321568627451	23.4509803921569	25.078431372549	13.4117647058824
"399"	"YC19:1399"	2	471	"33-16"	"1"	1.53568627450981	1.1764705882353	1.41176470588235	1.29411764705882	1.01960784313725	2.72549019607843	1.88235294117647	2.66666666666667	2.78431372549019	4.68313725490195	10.2039215686274	2.40431372549019	7.32941176470588	13.1152941176471	14.521568627451	11.6301960784314	16.9749019607843	28.4313725490196	26.5490196078431	28.2549019607843	15.4509803921569
"400"	"YC19:1400"	2	461	"W809G"	"1"	2.14666666666667	1.41176470588235	1.41176470588235	1.64705882352941	0.941176470588232	2.35294117647059	1.92156862745098	3.88235294117647	5.88235294117647	10.0741176470588	12.1176470588235	6.66666666666666	8.23529411764706	14.2352941176471	15.5294117647059	11.921568627451	18.3921568627451	30.7450980392157	27.3725490196078	32.1176470588235	17.0235294117647
"401"	"YC19:1401"	2	484	"H96"	"1"	1.56862745098039	0.431372549019606	1.41176470588235	1.45098039215686	1.52941176470589	1.84313725490196	1.72549019607843	3.41176470588235	4.42196078431373	6.18705882352941	10.8627450980392	4.47058823529412	7.37254901960784	13.4509803921569	14.7058823529412	13.2156862745098	15.3376470588235	25.8039215686274	22.8235294117647	27.8823529411765	16.078431372549
"402"	"YC19:1402"	2	464	"W819G"	"1"	1.68627450980392	1.56862745098039	1.92156862745098	1.37254901960784	0.980392156862753	2.7843137254902	2.03921568627451	3.29411764705882	4.27450980392157	4.8721568627451	14.2462745098039	3.21568627450981	8.3921568627451	15.8933333333333	14	9.96078431372549	16.9454901960784	28.3223529411765	24.3427450980392	28.0745098039216	13.8862745098039
"403"	"YC19:1403"	2	502	"PHEG9"	"1"	1.96078431372549	0.509803921568626	1.72549019607844	1.64705882352942	1.3921568627451	2.23529411764706	2.23529411764706	4.58823529411765	7.27647058823529	11.2549019607843	14.7058823529412	6.79254901960784	10.2352941176471	15.4901960784314	14.0470588235294	10.4705882352941	18.9803921568627	29.6078431372549	26.3137254901961	28.4745098039216	15.6078431372549
"404"	"YC19:1404"	2	462	"W815G"	"1"	1.96078431372549	1.60784313725491	2.11764705882353	1.49019607843138	0.666666666666664	2.74509803921569	2.54901960784314	4.47058823529412	5.80392156862745	5.70156862745098	16.4705882352941	2.34156862745097	8.23529411764706	17.0403921568627	13.5294117647059	10.7843137254902	18.4705882352941	29.7701960784314	26.9403921568627	29.5552941176471	16.5098039215686
"405"	"YC19:1405"	2	496	"N209"	"1"	2.82352941176471	0.784313725490193	1.52392156862745	1.80392156862746	1.39215686274509	2	1.52941176470588	4.23529411764706	7.4156862745098	9.47176470588235	12.5333333333333	5.76470588235295	9.01960784313725	15.921568627451	13.843137254902	10.4	18.4313725490196	28.8627450980392	25.6470588235294	25.2941176470588	12.5098039215686
"406"	"YC19:1406"	2	456	"Va59"	"1"	2.12156862745098	1.13725490196078	1.84313725490197	1.29411764705883	0.980392156862742	2.90196078431373	2	3.45098039215686	3.05882352941177	3.73450980392156	11.1764705882353	3.72549019607844	8.08627450980392	14.7843137254902	14.5490196078431	10.8062745098039	17.3725490196078	28.4549019607843	25.4509803921569	26.4313725490196	13.5294117647059
"407"	"YC19:1407"	2	333	"LH190"	"1"	2.18588235294118	1.10196078431373	1.33333333333333	1.64705882352942	1.41176470588235	1.68627450980392	1.84313725490196	4.7843137254902	7.08901960784314	11.8337254901961	14.078431372549	8.31372549019608	9.68627450980392	15.501568627451	14.8274509803922	12.0666666666667	18.3529411764706	28.9019607843137	25.0094117647059	26.3137254901961	12.5882352941176
"408"	"YC19:1408"	2	424	"LH194"	"1"	1.88235294117647	1.21568627450981	1.33333333333333	1.37254901960785	0.823529411764712	3.49019607843137	3.13725490196078	4.58823529411765	6.03921568627451	9.64313725490196	12.6666666666667	5.73333333333333	8.23529411764706	15.0066666666667	16.7058823529412	11.7098039215686	17.4117647058824	27.5137254901961	23.3725490196078	24.1176470588235	13.0196078431373
"409"	"YC19:1409"	2	327	"K150"	"1"	2.19607843137255	1.01960784313725	1.76470588235293	1.76470588235294	1.72549019607844	2.02196078431372	2.00392156862745	3.80392156862745	5.76470588235294	10.2466666666667	13.4890196078431	7.41176470588236	9.64705882352941	15.6078431372549	15.8039215686274	11.1764705882353	18.6274509803922	28.9411764705882	25.9607843137255	28.9411764705882	15.921568627451
"410"	"YC19:1410"	2	440	"Pa880"	"1"	1.88235294117647	0.862745098039213	1.92156862745098	1.49019607843137	0.980392156862742	2.54901960784314	1.88235294117647	3.2156862745098	6.07843137254902	9.72549019607843	14.0054901960784	8.11764705882353	9.59607843137255	15.921568627451	17.1764705882353	10.5882352941177	18.6666666666667	29.7882352941176	28.3137254901961	30.4705882352941	17.8823529411765
"411"	"YC19:1411"	2	503	"PHG35"	"1"	2.7843137254902	1.13725490196079	1.72549019607844	1.6078431372549	1.33333333333333	1.84196078431373	1.45098039215686	1.13725490196079	1.21568627450981	1.01960784313725	5.96470588235294	1.01960784313725	1.86549019607842	13.9607843137255	16.1858823529412	11.4117647058824	15.3376470588235	28.8592156862745	25.0588235294118	29.2156862745098	16.9019607843137
"412"	"YC19:1412"	2	370	"PHR31"	"1"	1.92156862745098	1.17647058823529	1.64705882352942	1.37254901960784	0.745098039215684	2.31372549019608	2.78431372549019	4.79725490196079	8.07843137254902	11.4101960784314	14.9019607843137	8.62509803921568	9.92156862745098	17.3556862745098	14.3529411764706	10.3529411764706	19.9011764705882	31.5517647058823	27.3247058823529	29.8039215686274	15.1764705882353
"413"	"YC19:1413"	2	357	"NC328"	"1"	2.35294117647059	0.796078431372554	1.05882352941177	1.25490196078431	1.13725490196078	2.11764705882353	1.68627450980392	3.10470588235294	5.24705882352941	8.09490196078431	14.3458823529412	5.37254901960784	9.64705882352941	17.0643137254902	12.5862745098039	11.1098039215686	19.5686274509804	30.7674509803921	27.1764705882353	28.1176470588235	15.4117647058824
"414"	"YC19:1414"	2	520	"B73"	"1"	2.09411764705882	0.941176470588232	1.41176470588236	1.52941176470588	0.705882352941182	2.47058823529412	2.74509803921568	5.64705882352941	9.21843137254902	13.8823529411765	16.3529411764706	9.77411764705883	10.8235294117647	17.8823529411765	14.403137254902	11.3333333333333	21.6862745098039	33.7254901960784	30.4996078431373	31.8050980392157	18.7450980392157
"415"	"YC19:1415"	2	468	"Yu796 NS"	"1"	1.80392156862745	0.784313725490199	1.29411764705882	1.49019607843137	1.37254901960785	2.56862745098039	2.24196078431373	4.66666666666667	7.6078431372549	11.6470588235294	12.9803921568627	8.42	9.47058823529413	17.1764705882353	14.078431372549	11.4619607843137	19.3725490196078	29.921568627451	26.5098039215686	26.4313725490196	14.3647058823529
"416"	"YC19:1416"	2	280	"SG 30A"	"1"	1.33333333333333	1.29411764705882	1.50823529411764	1.37254901960784	0.705882352941174	2.15686274509804	1.68627450980392	3.0921568627451	4.75686274509804	5.92156862745098	11.2156862745098	5.81019607843137	8.07843137254902	14.6329411764706	14.1858823529412	12.7058823529412	16.8717647058823	27.8039215686275	24.6549019607843	27.2156862745098	13.4117647058824
"417"	"YC19:1417"	2	398	"AusTRCF 306238"	"1"	1.56862745098039	0.509803921568631	1.25490196078431	1.64705882352941	1.33333333333333	1.45098039215686	1.21568627450981	1.96078431372549	2.42666666666667	1.13725490196079	7.10666666666667	1.33333333333333	6.96078431372549	13.7086274509804	16.2745098039216	13.3725490196079	15.3109803921569	26.5882352941176	23.7380392156863	27.4298039215686	13.1819607843137
"418"	"YC19:1418"	2	308	"CG102"	"1"	1.56862745098039	1.2156862745098	1.33333333333333	1.52941176470588	0.980392156862742	2.43137254901961	1.88235294117647	3.29411764705882	5.60823529411765	9.72941176470589	12.7058823529412	2.92392156862745	8.6443137254902	12.9019607843137	14.5098039215686	13.2549019607843	17.6862745098039	29.7737254901961	26.7843137254902	30.6666666666667	15.1376470588235
"419"	"YC19:1419"	2	407	"B97"	"1"	1.84313725490196	0.392156862745102	1.45098039215686	1.29411764705883	1.37254901960784	1.68627450980392	1.56862745098039	3.13372549019608	5.29803921568628	6.3921568627451	12	4.90117647058823	8.62745098039216	15.4341176470588	12.48	11.5294117647059	17.843137254902	28.2745098039216	25.1411764705882	30.1176470588235	16.7058823529412
"420"	"YC19:1420"	2	388	"W812G"	"1"	1.72549019607843	1.01960784313725	1.68627450980393	1.60784313725491	0.786666666666665	2.11764705882353	1.92549019607843	3.4756862745098	6.23529411764706	7.49019607843137	11.9607843137255	7.01960784313726	8.20392156862746	14.9686274509804	12.078431372549	9.68627450980392	17.6470588235294	27.5294117647059	25.6078431372549	24.8235294117647	15.7909803921569
"421"	"YC19:1421"	2	451	"R229"	"1"	1.96078431372549	1.05882352941177	1.25490196078432	1.60784313725491	1.05882352941177	3.1764705882353	2.62745098039216	4.66666666666667	7.84313725490196	11.92	14.296862745098	8.65529411764706	9.56862745098039	17.9333333333333	16.7450980392157	10.3921568627451	20.2745098039216	32.5152941176471	29.2941176470588	31.0196078431373	15.7309803921569
"422"	"YC19:1422"	2	363	"Pa778"	"1"	2.00823529411764	1.1764705882353	1.80392156862746	1.84313725490197	1.09803921568628	1.49019607843137	1.42823529411765	2.90509803921568	3.76470588235294	5.30509803921569	10.9019607843137	2.79215686274508	6.6956862745098	15.6733333333333	16.4356862745098	11.1764705882353	17.5729411764706	26.5529411764706	23.1466666666667	25.843137254902	13.3607843137255
"423"	"YC19:1423"	2	445	"PHR58"	"1"	2.66666666666666	0.745098039215684	1.41176470588236	1.29411764705883	1.52941176470588	1.76470588235294	1.64705882352941	3.29882352941177	4.58823529411765	5.42274509803922	10.9019607843137	4.06705882352941	7.72549019607843	13.0407843137255	14.4996078431373	11.4509803921569	16.3921568627451	26.2352941176471	24.4313725490196	26.1890196078431	12.3137254901961
"424"	"YC19:1424"	2	476	"B57"	"1"	2.27450980392157	1.1764705882353	1.6078431372549	1.56862745098039	0.980392156862742	2.65372549019608	2.50980392156863	3.76470588235294	5.33333333333334	6.45960784313726	11.0419607843137	6	7.13725490196079	12.3529411764706	14.7450980392157	11.8823529411765	18.0313725490196	24.7227450980392	22.0392156862745	24.3921568627451	14.9019607843137
"425"	"YC19:1425"	2	501	"Pa91"	"1"	1.68627450980392	1.18039215686275	1.56862745098039	1.64705882352941	1.05882352941176	2.31372549019608	2.43529411764706	4.54901960784314	8.25490196078431	13.4403921568627	15.6341176470588	10.0894117647059	10.078431372549	18.078431372549	15.1372549019608	12.2745098039216	19.8082352941176	30.7725490196078	28.3921568627451	29.4086274509804	15.9607843137255
"426"	"YC19:1426"	2	426	"LH216"	"1"	2.02039215686274	0.823529411764709	1.41176470588235	1.49019607843137	1.37254901960784	2.47058823529412	1.56862745098039	3.17647058823529	4.29411764705882	4.23529411764706	9.28235294117646	4.81019607843137	7.84313725490196	17.4956862745098	13.5411764705882	9.17647058823529	17.7647058823529	29.3725490196078	25.7937254901961	28.1960784313725	15.843137254902
"427"	"YC19:1427"	2	379	"PHZ51"	"1"	1.96078431372549	1.17647058823529	1.92156862745098	1.76470588235294	1.29411764705883	1.68627450980392	1.71803921568627	3.68627450980392	5.5356862745098	6.76117647058824	12.2556862745098	3.13725490196079	7.92156862745098	15.5294117647059	14.2643137254902	9.80392156862745	18.7843137254902	29.0980392156863	26.6666666666667	28.3137254901961	14.8627450980392
"428"	"YC19:1428"	2	450	"R227"	"1"	1.56862745098039	1.96078431372549	1.49019607843138	1.56862745098039	1.25490196078432	3.84313725490196	3.18039215686274	5.27058823529411	7.17647058823529	13.5686274509804	15.8823529411765	8.66392156862745	8.90196078431373	16.9701960784314	11.7647058823529	11.6862745098039	19.9160784313725	30.2862745098039	28.1960784313725	29.4078431372549	15.6301960784314
"429"	"YC19:1429"	2	276	"PHW52"	"1"	1.56862745098039	0.784313725490193	1.96078431372549	1.80392156862744	1.76470588235293	2.70588235294117	2.2	4.54901960784314	6.98039215686274	12.1176470588235	14.0392156862745	7.92156862745098	9.45882352941177	15.7372549019608	15.4509803921569	12.5098039215686	19.24	30.2388235294118	26.0352941176471	26	13.7921568627451
"430"	"YC19:1430"	2	421	"K41"	"1"	2.50980392156863	1.46313725490196	2.3921568627451	1.76470588235293	1.05882352941176	3.01960784313725	2.62745098039216	4.41019607843138	6.74509803921569	11.3611764705882	14.201568627451	7.96078431372549	9.17647058823529	14.3529411764706	10.9819607843137	10.6274509803922	18.2745098039216	29.0250980392157	26.8862745098039	28	13.4901960784314
"431"	"YC19:1431"	2	504	"PHN34"	"1"	2.74509803921569	0.784313725490193	1.6078431372549	1.49019607843137	1.31098039215686	2.3921568627451	1.64705882352941	2.62745098039216	3.94117647058823	4.43176470588235	10.6666666666667	4.5	7.41176470588235	14.1960784313725	1.80196078431373	11.5070588235294	16.8627450980392	27.5011764705882	25.2509803921569	27.8823529411765	14.7058823529412
"432"	"YC19:1432"	2	290	"W814G"	"1"	2.47058823529412	1.56862745098039	1.99215686274509	1.41176470588235	1.01960784313725	2.31372549019608	1.52941176470588	1.82352941176471	1.64705882352941	1.41176470588235	4.58823529411765	1.37960784313725	4.42274509803921	11.5294117647059	1.72549019607843	11.6862745098039	13.1764705882353	21.3333333333333	17.7372549019608	25.8392156862745	13.8039215686274
"433"	"YC19:1433"	2	439	"Pa762"	"1"	2.31372549019608	1.14901960784314	1.88235294117648	1.49019607843137	1.2156862745098	2.11764705882353	1.84313725490196	1.88235294117647	2.09098039215686	2.07843137254902	11.2549019607843	2.27450980392157	8.49019607843137	9.37254901960784	1.72549019607843	10.7137254901961	13.5074509803922	22.0039215686275	19.7937254901961	19.5250980392157	8.00549019607843
"434"	"YC19:1434"	2	413	"FR19"	"1"	2.50980392156863	0.554901960784311	1.64705882352942	1.64705882352941	1.25490196078431	2.15686274509804	1.56862745098039	1.29411764705882	1.45098039215686	1.56862745098039	2.80666666666667	1.21568627450981	1.37254901960784	9.47450980392157	2	10.6666666666667	2.61058823529412	14.7533333333333	1.64705882352941	4.45960784313725	9.71372549019607
"435"	"YC19:1435"	2	497	"NC250"	"1"	2.50980392156863	1.1764705882353	2.35294117647059	1.51921568627451	1.05882352941177	2.66666666666667	1.97254901960784	3.05019607843137	4.47058823529412	2.70588235294118	9.92156862745098	4.07843137254902	5.13725490196078	12.561568627451	11.6862745098039	10.0392156862745	15.7686274509804	26.9192156862745	18.3843137254902	22.2352941176471	15.9662745098039
"436"	"YC19:1436"	2	342	"LH60"	"1"	1.88235294117647	0.784313725490199	2.03921568627451	1.98980392156862	1.5686274509804	2.58823529411765	2.23529411764706	4.27450980392157	6.64705882352941	10.1388235294118	12.1176470588235	7.52941176470588	8.62745098039216	14.6666666666667	14.956862745098	11.0588235294118	18.9803921568627	28.8235294117647	26.2745098039216	29.1372549019608	13.758431372549
"437"	"YC19:1437"	2	433	"N7A"	"1"	1.6078431372549	1.96078431372549	2.11764705882352	1.72549019607843	1.13725490196078	3.88235294117647	2.70588235294118	4.60666666666667	6.72549019607843	10.1454901960784	12.4705882352941	7.21176470588235	8.07843137254902	13.4733333333333	8.73490196078432	10.156862745098	18.878431372549	28.2352941176471	26.4705882352941	28.5882352941176	15.8486274509804
"438"	"YC19:1438"	2	491	"LH211"	"1"	2.43137254901961	0.980392156862747	2.07843137254901	1.89411764705882	1.6078431372549	1.96078431372549	1.09803921568627	2.51764705882353	2.80392156862745	4.61411764705882	11.7796078431373	3.80392156862745	7.79921568627451	14.3529411764706	9.01960784313726	8.60392156862745	17.6380392156863	28.4313725490196	25.2941176470588	29.7254901960784	15.6117647058824
"439"	"YC19:1439"	2	417	"IDS28"	"1"	1.98392156862745	0.784313725490193	1.21568627450981	1.64705882352941	1.25490196078431	2.50980392156863	2.19607843137255	4.27450980392157	6.58823529411765	10.4137254901961	12.9294117647059	7.33333333333333	8.90196078431372	13.6862745098039	12.8627450980392	9.92156862745098	17.5294117647059	26.1960784313725	24.2352941176471	27.3294117647059	15.8878431372549
"440"	"YC19:1440"	2	269	"Pa875"	"1"	1.6078431372549	1.1764705882353	1.49019607843138	1.88235294117648	1.01960784313725	1.92156862745098	1.98313725490196	4.19607843137255	6.7921568627451	10.5490196078431	14.2745098039216	6.15686274509804	9.86274509803923	15.4058823529412	13.3486274509804	10.7450980392157	18.3211764705882	29.7254901960784	28.2901960784314	30.7843137254902	13.9098039215686
"441"	"YC19:1441"	2	507	"Va17"	"1"	2.19607843137255	1.05882352941176	2.03137254901961	1.64705882352942	1.21568627450981	2.47058823529412	2.31372549019608	3.56862745098039	6.3921568627451	10.1435294117647	11.921568627451	6.54901960784314	7.33333333333334	12.4866666666667	13.1270588235294	10.2745098039216	15.0443137254902	24.3596078431373	22.4313725490196	25.2470588235294	14.7450980392157
"442"	"YC19:1442"	2	408	"B98"	"1"	2.47058823529411	1.1764705882353	1.71764705882353	1.80392156862746	1.37254901960785	1.56862745098039	0.980392156862747	1.33333333333333	1.76470588235294	1.25490196078431	7.15960784313726	0.924313725490191	5.52941176470588	13.2211764705882	13.5294117647059	9.9607843137255	14.0392156862745	23.8823529411765	21.3478431372549	24.8274509803922	14.9960784313725
"443"	"YC19:1443"	2	307	"B88"	"1"	1.92156862745098	1.17647058823529	1.49019607843137	1.60784313725491	0.941176470588232	2.07843137254902	1.49019607843137	2.24941176470588	4.70588235294118	8.25803921568627	11.3333333333333	5.41176470588235	8.31372549019607	15.2941176470588	14.4313725490196	10.8627450980392	16.8627450980392	26.8290196078431	23.6470588235294	25.1725490196078	13.9607843137255
"444"	"YC19:1444"	2	368	"PHN46"	"1"	1.85882352941176	1.1764705882353	1.17647058823529	1.41176470588235	0.980392156862742	3.49019607843137	2.39058823529411	3.2392156862745	5.43137254901961	8.50980392156863	14.2745098039216	6.98039215686275	8.58823529411764	15.7647058823529	15.5294117647059	11.0588235294118	17.0196078431373	27.2	24.0549019607843	24.9019607843137	12.2352941176471
"445"	"YC19:1445"	2	463	"W817G"	"1"	1.41176470588235	1.17647058823529	1.88235294117646	1.80392156862746	1.2156862745098	2.15686274509804	1.70078431372549	2.07843137254902	1.88627450980392	4.39843137254902	7.09803921568627	3.71843137254902	7.01960784313726	12.5094117647059	11.22	12.5882352941176	12.5490196078431	24.3529411764706	21.4901960784314	24.3529411764706	13.5686274509804
"446"	"YC19:1446"	2	399	"B108"	"1"	1.49019607843137	0.588235294117648	1.49019607843137	1.37254901960784	1.29411764705882	2.19607843137255	1.58039215686275	3.52	6.70588235294118	10.078431372549	12.156862745098	7.92156862745099	8.58823529411765	14.6666666666667	12.3921568627451	12.5490196078431	16.9803921568627	27.8878431372549	24.4643137254902	25.9411764705882	14.5321568627451
"447"	"YC19:1447"	2	309	"CH701-30"	"1"	1.97647058823529	1.21568627450981	1.88235294117648	1.64705882352941	1.01960784313726	2.03921568627451	2.03921568627451	3.3121568627451	5.92156862745098	12.6666666666667	13.4407843137255	9.05882352941176	9.37254901960784	14.5098039215686	14.1960784313726	10.5776470588235	17.7298039215686	28.7505882352941	25.4133333333333	26.156862745098	12.8627450980392
"448"	"YC19:1448"	2	389	"W813G"	"1"	1.29411764705882	0.941176470588234	1.21568627450981	1.37254901960784	1.29411764705883	1.37254901960784	1.41176470588235	3.03921568627451	5.68627450980392	7.88705882352941	13.121568627451	5.45098039215686	9.15843137254901	16.2	13.8823529411765	11.7098039215686	18.8858823529412	30.6721568627451	26.7843137254902	27.3243137254902	13.2549019607843
"449"	"YC19:1449"	2	513	"PH207"	"1"	1.88235294117647	1.22745098039216	1.5686274509804	1.52941176470588	1.08627450980392	2	1.84313725490196	4.70588235294118	7.80392156862745	12.6666666666667	14.0478431372549	8.86274509803922	9.87058823529412	17.1098039215686	12.6666666666667	11.921568627451	20.0247058823529	31.983137254902	28.1074509803922	27.3478431372549	13.5125490196078
"450"	"YC19:1450"	2	289	"DK78371A"	"1"	1.52941176470588	0.901960784313724	1.37254901960785	1.72549019607843	1.29411764705882	2.50980392156863	1.82627450980392	3.33333333333333	6.12156862745098	10.161568627451	13.8654901960784	4.41843137254902	9.52941176470588	16.078431372549	13.6470588235294	12	18.8764705882353	29.8039215686274	26.8235294117647	28.6666666666667	15.321568627451
"451"	"YC19:1451"	2	345	"MM501D"	"1"	1.72549019607843	0.840392156862746	1.33333333333333	1.64705882352941	0.627450980392155	2.10509803921568	1.56862745098039	3.6678431372549	5.96078431372549	10.3435294117647	12.7843137254902	6.45921568627451	8.20392156862745	14.5647058823529	13.9113725490196	11.3725490196078	17.5090196078431	27.6980392156863	23.9607843137255	27.7450980392157	16.4705882352941
"452"	"YC19:1452"	2	480	"DE811"	"1"	2.35294117647059	1.13725490196078	1.13725490196078	1.41176470588235	1.01960784313725	1.62980392156862	1.68627450980392	3.87960784313725	6.43137254901961	11.7188235294118	15.0419607843137	6.54901960784314	10.1176470588235	14.2352941176471	14.4705882352941	11.8427450980392	19.5686274509804	29.3274509803922	27.721568627451	31.0156862745098	16.7450980392157
"453"	"YC19:1453"	2	283	"W607S"	"1"	1.56862745098039	1.1764705882353	1.72549019607843	1.68627450980392	0.823529411764703	2.35294117647059	2.19607843137255	4.30274509803922	7.37254901960784	12.1960784313725	14.9411764705882	7.28745098039216	10.5490196078431	14.5098039215686	15.5294117647059	12.6498039215686	20.078431372549	32.156862745098	28.3529411764706	30.3011764705882	15.0698039215686
"454"	"YC19:1454"	2	414	"H110"	"1"	2.74509803921568	1.25490196078431	1.41176470588235	1.88235294117647	1.3478431372549	1.56862745098039	1.70862745098039	3.38627450980392	5.45098039215686	10.318431372549	12.6274509803922	7.72549019607843	10.7058823529412	13.4196078431373	14.5141176470588	9.49019607843138	17.2282352941176	30.3752941176471	26.7058823529412	30.5098039215686	13.8094117647059
"455"	"YC19:1455"	2	287	"YONG 28"	"1"	1.84313725490196	0.784313725490199	2.07843137254902	1.25490196078432	0.862745098039222	2.35294117647059	2.03921568627451	2.52941176470588	3.73333333333334	4.03019607843137	9.80392156862745	5.05882352941176	8.15686274509804	12.5427450980392	14.8274509803922	11.0196078431373	16.8627450980392	28.6145098039216	24.2352941176471	26.0847058823529	14.7058823529412
"456"	"YC19:1456"	2	374	"PHT47"	"1"	2.35294117647059	1.01960784313725	1.83529411764705	2.03921568627451	1.64705882352941	1.96078431372549	1.76274509803921	4.90431372549019	7.96470588235294	12.4705882352941	15.8576470588235	6.82	10.5490196078431	18.7058823529412	15.2345098039216	11.4564705882353	19.3333333333333	31.1372549019608	27.0588235294118	29.0941176470588	13.7870588235294
"457"	"YC19:1457"	2	510	"R177"	"1"	2.15686274509804	1.37254901960784	1.41176470588236	1.60784313725491	1.17647058823529	3.41176470588235	2.7843137254902	5.38823529411764	7.64705882352941	6.86274509803922	11.9607843137255	4.90666666666667	8.35294117647059	14	15.0980392156863	11.7490196078431	16.2352941176471	27.8172549019608	24.156862745098	26.2823529411765	13.3333333333333
"458"	"YC19:1458"	2	332	"LH181"	"1"	1.88235294117647	0.745098039215695	1.41176470588236	1.96078431372549	1.45098039215686	1.72549019607843	1.05882352941176	1.25960784313726	1.64705882352941	1.09803921568628	5.67882352941176	0.901960784313722	5.79764705882353	15.4117647058824	14.2352941176471	13.2156862745098	15.0980392156863	27.1764705882353	24.8235294117647	28.4627450980392	15.4392156862745
"459"	"YC19:1459"	2	300	"B120"	"1"	2.35294117647059	1.18823529411765	1.60784313725491	1.49019607843137	0.941176470588232	2.74509803921569	2.43137254901961	5.2156862745098	8.17647058823529	12.8235294117647	14.835294117647	8.2678431372549	10.0588235294118	16.7843137254902	15.0196078431373	13.2156862745098	19.5333333333333	31.4564705882353	27.3725490196078	31.5882352941176	15.4392156862745
"460"	"YC19:1460"	2	394	"6M502"	"1"	2.35294117647059	0.392156862745097	1.52941176470588	1.64705882352941	1.45098039215687	1.76470588235294	2.50980392156863	5.58823529411765	8	12.3686274509804	14.7843137254902	8.67882352941177	9.37254901960784	16.2352941176471	16.5490196078431	10.7450980392157	17.2156862745098	29.7364705882353	26.078431372549	26.6666666666667	13.6862745098039
"461"	"YC19:1461"	2	467	"YE 4"	"1"	2.11764705882353	1.56862745098039	1.76470588235294	1.72549019607843	0.666666666666672	1.68627450980392	2.24392156862745	4.82352941176471	6.76470588235294	9.90039215686275	14	3.73490196078432	9.37254901960784	17.5686274509804	12.8235294117647	11.843137254902	19.6078431372549	31.0643137254902	26.1466666666667	30.443137254902	14.7674509803922
"462"	"YC19:1462"	2	353	"N523"	"1"	1.96078431372549	0.754901960784322	1.40392156862745	1.99999999999999	1.37254901960784	1.7764705882353	2.94117647058824	5.29411764705882	8.8235294117647	14.2352941176471	16.4352941176471	10.161568627451	11.2156862745098	18.2235294117647	14.7219607843137	11.2156862745098	21.3074509803921	33.921568627451	29.5294117647059	32.9411764705882	16.3529411764706
"463"	"YC19:1463"	2	460	"W803G"	"1"	1.92156862745098	1.56862745098039	2.11764705882353	1.68627450980392	0.862745098039213	2.78431372549019	2.23529411764706	4.12549019607843	6.47058823529412	7.02901960784314	15.6862745098039	3.45098039215686	9.68627450980392	15.4227450980392	14.6274509803922	10.0392156862745	19.2549019607843	34.0501960784314	27.921568627451	29.4509803921569	14.4313725490196
"464"	"YC19:1464"	2	336	"LH208"	"1"	1.68627450980392	0.745098039215684	1.6078431372549	1.76470588235294	1.49019607843137	2.19607843137255	2.15686274509804	3.96862745098039	6.03921568627451	9.07647058823529	13.1764705882353	6	9.45098039215687	13.2941176470588	14.9019607843137	9.64705882352941	16.8627450980392	28.8627450980392	24.4705882352941	28.2352941176471	13.8823529411765
"465"	"YC19:1465"	2	372	"PHT10"	"1"	1.88235294117647	1.17647058823529	1.52941176470588	1.92156862745098	1.0156862745098	1.92156862745098	1.87372549019608	4.02901960784314	6.57529411764706	9.1164705882353	14.5490196078431	5.57960784313726	9.31843137254902	16.4705882352941	17.1019607843137	8.97411764705883	18.9062745098039	30.196862745098	27.4247058823529	29.9490196078431	14.9803921568627
"466"	"YC19:1466"	2	314	"H114"	"1"	1.80392156862745	1.1764705882353	1.01960784313725	1.49019607843137	1.09803921568627	2.43137254901961	1.96078431372549	3.17647058823529	4.2156862745098	5.41176470588235	13.2156862745098	4.15686274509804	7.68627450980393	14.2352941176471	17.4160784313725	9.57490196078431	16.7058823529412	25.7701960784314	22.9411764705882	24.7450980392157	11.6862745098039
"467"	"YC19:1467"	2	355	"N534"	"1"	2.15686274509804	1.33333333333333	1.64705882352941	1.72549019607843	1.01960784313726	2.07843137254902	1.84313725490196	3.56862745098039	5.92156862745098	9.8	12.2745098039216	6.11764705882352	8.64588235294118	13.9717647058824	14.5533333333333	9.74352941176471	16.5490196078431	26.8564705882353	26.1858823529412	30.4588235294118	15.243137254902
"468"	"YC19:1468"	2	457	"VaW6"	"1"	2.07843137254902	0.784313725490193	1.80392156862746	1.64705882352941	1.1764705882353	2.45098039215687	2.23529411764706	3.68627450980392	5.41176470588235	9.09803921568627	11.8654901960784	5.80392156862745	8.31372549019608	13.1243137254902	13.2450980392157	9.87058823529411	15.6078431372549	26.1411764705882	21.921568627451	20.3529411764706	10.7450980392157
"469"	"YC19:1469"	2	282	"W37A"	"1"	2.03921568627451	0.796078431372549	1.68627450980393	1.49019607843137	1.2156862745098	1.68627450980392	1.29411764705882	2.82352941176471	2.05882352941176	1.21568627450981	10.7843137254902	1.13725490196079	6.94117647058824	13.0980392156863	16.156862745098	9.01960784313725	15.0349019607843	24.156862745098	22.5882352941176	24.3921568627451	11.7686274509804
"470"	"YC19:1470"	2	275	"PHR47"	"1"	2.35294117647059	0.823529411764714	1.49019607843138	1.84313725490196	1.01960784313725	2.07843137254902	1.84313725490196	3.17647058823529	3.64705882352941	6.17725490196079	10.8666666666667	3.95411764705883	7.17647058823529	14.1176470588235	12.9803921568627	11.6980392156863	15.2235294117647	25.5145098039216	23.5125490196078	26.5070588235294	15.0352941176471
"471"	"YC19:1471"	2	397	"A"	"1"	2.36862745098039	0.784313725490193	1.60000000000001	1.41176470588236	1.09803921568627	2.94117647058824	2.3921568627451	3.64705882352941	5.08549019607843	6.66666666666667	9.90588235294118	4.31372549019608	7.6156862745098	12.9964705882353	12.9411764705882	12	15.4203921568627	23.6760784313725	21.721568627451	24.9580392156863	14.9243137254902
"472"	"YC19:1472"	2	405	"B66"	"1"	2.7843137254902	0.784313725490193	1.49411764705883	1.76470588235295	0.980392156862742	1.94117647058823	1.72549019607844	3.52941176470588	5.76470588235294	7.09803921568627	10.2407843137255	4.98039215686275	7.67019607843137	12.5882352941176	11.401568627451	11.2941176470588	15.5686274509804	24.9411764705882	23.7796078431373	27.5294117647059	14.8627450980392
"473"	"YC19:1473"	2	351	"N28Ht"	"1"	2.27450980392157	1.37254901960784	1.88235294117646	1.88235294117648	0.901960784313722	2.07843137254902	1.96078431372549	3.56862745098039	4.98039215686274	7.09803921568627	9.68862745098039	5.20431372549019	6.7843137254902	13.3513725490196	11.3333333333333	10.4705882352941	16.0639215686274	25.1662745098039	24.8235294117647	28.843137254902	17.4117647058824
"474"	"YC19:1474"	2	516	"B73"	"1"	2.53882352941177	0.980392156862747	1.6078431372549	1.92156862745098	1.52941176470589	2.31372549019608	1.68627450980392	4.54901960784314	7.14117647058824	11.7647058823529	13.6301960784314	8.7843137254902	9.81058823529412	15.0588235294118	12.8235294117647	9.84313725490196	19.4901960784314	28.8066666666667	27.5886274509804	29.0196078431373	15.2549019607843
"475"	"YC19:1475"	2	266	"LP1 NR HT"	"1"	2.23529411764706	1.45490196078432	1.68627450980393	1.37254901960785	1	2.74509803921569	2.19607843137254	4.38039215686274	6.90196078431372	10.6160784313725	13.6078431372549	6.35294117647058	9.64705882352941	15.8823529411765	12.4313725490196	9.09803921568627	18.9803921568627	30.9529411764706	29.0588235294118	30.5882352941176	15.0196078431373
"476"	"YC19:1476"	2	441	"PHJ33"	"1"	2.70588235294117	1.05882352941176	1.5686274509804	2	1.01960784313725	1.84313725490196	1.6078431372549	2.19607843137255	2.39607843137255	2.39843137254902	9.80392156862746	2.01803921568627	6.19607843137255	13.5686274509804	11.8039215686274	9.60313725490197	17.0196078431373	26.7388235294118	22.3529411764706	25.0980392156863	13.5294117647059
"477"	"YC19:1477"	2	296	"A797NW"	"1"	2.86705882352941	1.17647058823529	1.33333333333334	1.72549019607844	0.980392156862742	2.62745098039215	1.88235294117648	2.71686274509804	3.8235294117647	9.76470588235294	12.7843137254902	6.62745098039216	8.74509803921569	13.278431372549	12.5678431372549	9.33333333333333	16.3760784313725	24.5098039215686	24.3243137254902	25.3529411764706	13.1203921568627
"478"	"YC19:1478"	2	454	"Va22"	"1"	2.23529411764706	1.17647058823529	1.72549019607844	1.49019607843138	1.52941176470589	2.15686274509804	1.1764705882353	2.4521568627451	3.29411764705882	5.49019607843138	12.0674509803922	4.10117647058823	7.37254901960784	12.321568627451	15.6078431372549	11.8823529411765	15.4552941176471	26.201568627451	22.1333333333333	23.7647058823529	15.8823529411765
"479"	"YC19:1479"	2	499	"NC368"	"1"	1.6078431372549	0.913725490196089	2.11764705882353	1.45098039215687	1.01960784313726	2.3921568627451	1.86549019607842	2.86274509803922	4.13098039215686	2.98823529411764	10.5937254901961	3.29411764705883	7.61568627450981	12.9019607843137	14.3921568627451	11.2156862745098	15.6862745098039	25.4509803921569	22.6541176470588	24.8039215686275	14.2627450980392
"480"	"YC19:1480"	2	479	"B79"	"1"	5.8592156862745	0.392156862745097	1.40392156862745	1.41176470588236	1.76470588235294	2.58823529411765	1.37254901960784	2.27450980392157	3.29490196078431	3.40039215686275	8.97725490196079	2.5843137254902	6.42549019607843	12.4705882352941	12.5196078431373	0.784313725490193	12.6666666666667	25.0980392156863	18.2352941176471	21.2156862745098	13.4
"481"	"YC19:1481"	2	432	"N28"	"1"	6.86274509803922	0.509803921568637	1.05882352941177	1.88235294117648	1.64705882352941	2.03921568627451	1.01960784313725	2.32392156862745	3.80392156862745	3.64705882352942	11.7086274509804	3.09803921568628	6.44627450980392	12.4705882352941	11.4117647058824	0.784313725490193	15.0196078431373	24.5545098039216	22.9309803921569	24.2901960784314	14.8117647058824
"482"	"YC19:1482"	2	318	"H91"	"1"	1.96078431372549	0.941176470588243	2.23529411764706	2	1.25490196078431	2.31372549019608	2.2	3.96078431372549	6.39215686274509	8.19058823529412	13.0588235294118	5.97764705882353	8.55372549019608	15.2156862745098	11.2549019607843	8.23529411764706	17.58	28.7843137254902	25.8196078431373	27.7647058823529	13.478431372549
"483"	"YC19:1483"	2	511	"PH207"	"1"	2	1.17647058823529	1.52941176470588	1.84313725490197	1.33333333333333	1.88235294117647	1.29411764705883	4.43137254901961	5.66666666666667	11.2435294117647	13.6788235294118	8.07843137254902	9.41176470588235	15.921568627451	12.1176470588235	11.1764705882353	17.7254901960784	29.2941176470588	25.0878431372549	25.8039215686274	13.2156862745098
"484"	"YC19:1484"	2	317	"H71"	"1"	2.54901960784313	0.784313725490193	1.37254901960784	1.64705882352942	1.29411764705883	2.50980392156862	1.93725490196079	3.84313725490196	4.5356862745098	7.45176470588236	11.5686274509804	5.6356862745098	7.88980392156863	13.1764705882353	12.5490196078431	9.6078431372549	15.5686274509804	24.0129411764706	22.3529411764706	25.7647058823529	13.4901960784314
"485"	"YC19:1485"	2	475	"B2"	"1"	2.74509803921568	0.784313725490193	1.4121568627451	1.76470588235293	1.41176470588236	1.92156862745098	1.33333333333333	2.55686274509804	2.43529411764706	3.25490196078431	9.72549019607844	2.23529411764705	7.6078431372549	12.5098039215686	13.5192156862745	11.2156862745098	13.921568627451	23.1564705882353	22.9411764705882	26.6235294117647	16.1623529411765
"486"	"YC19:1486"	2	286	"W821G"	"1"	2.35294117647059	1.1764705882353	1.49019607843138	1.56862745098039	1.17647058823529	3.01960784313726	2.27450980392156	4.3921568627451	5.34901960784313	6.92980392156863	12.28	4.66666666666667	7.90745098039216	12.1023529411765	13.4901960784314	11.2549019607843	15.3333333333333	26.9411764705882	23.4117647058824	26.3160784313726	13.4117647058824
"487"	"YC19:1487"	2	356	"N542"	"1"	2.66666666666667	0.667450980392154	1.52941176470589	1.96078431372549	1.6078431372549	2.54901960784314	1.25490196078432	2.87490196078431	4.19607843137255	5.59019607843136	9.42196078431372	4.47058823529411	6.58823529411764	10.6	12.0392156862745	10.9019607843137	13.5686274509804	23.7521568627451	19.1372549019608	23.3176470588235	14.7843137254902
"488"	"YC19:1488"	2	403	"B47"	"1"	1.84313725490196	1.13725490196078	1.82274509803922	1.68627450980393	1.13725490196078	2.47450980392157	2.07843137254902	3.6156862745098	5.17647058823529	8.69254901960784	11.6917647058823	7.01176470588235	8.31372549019608	13.4117647058824	15.6078431372549	8.94117647058823	15.6862745098039	26.5490196078431	22.9803921568627	25.921568627451	14.3019607843137
"489"	"YC19:1489"	2	411	"E8501"	"1"	2.35294117647059	0.784313725490193	1.45098039215686	2.07843137254902	1.37254901960785	2.35294117647059	1.52941176470588	3.33333333333333	3.41960784313726	4.74509803921569	10.4682352941176	4.42470588235293	8.39215686274509	14.3360784313725	14.7058823529412	8.23529411764706	16.8321568627451	27.478431372549	23.601568627451	24.0745098039216	12.2717647058824
"490"	"YC19:1490"	2	455	"Va35"	"1"	2.3921568627451	1.33333333333334	1.72549019607843	1.80392156862746	1.37254901960785	2.7843137254902	2.11764705882353	4.19607843137255	6.07843137254902	9.94588235294117	10.5529411764706	6.70588235294119	7.76470588235294	14.2576470588235	15.0196078431373	9.76470588235295	16.5062745098039	26.3843137254902	23.5686274509804	25.1764705882353	14.28
"491"	"YC19:1491"	2	410	"DE3"	"1"	2.03921568627451	1.09803921568628	1.41176470588235	1.84313725490197	1.29411764705883	1.94117647058823	1.13725490196079	1.09803921568628	1.66666666666666	1.1764705882353	4.49803921568627	0.901960784313726	2.7843137254902	12.3137254901961	15.0627450980392	8.72745098039216	9.37254901960784	21.8596078431373	19.3333333333333	19.9592156862745	11.7647058823529
"492"	"YC19:1492"	2	312	"CQ702RC"	"1"	1.77450980392157	1.17647058823529	1.6078431372549	1.41176470588236	1.41176470588235	1.56862745098039	1.82627450980392	3.72549019607843	5.09803921568627	9.58313725490196	13.1223529411765	5.85411764705882	9.64705882352941	16.1176470588235	13.9650980392157	10	19.4117647058823	30.9411764705882	26.3529411764706	26.3529411764706	13.4509803921569
"493"	"YC19:1493"	2	430	"N217"	"1"	2.43137254901961	0.784313725490193	1.41176470588235	1.80392156862746	1.45098039215686	2.01960784313725	1.6078431372549	3.05882352941176	5.49019607843137	5.98274509803921	12.3921568627451	5.72549019607843	9.21568627450981	14.8627450980392	13.7690196078431	10.5521568627451	17.7254901960784	29.9717647058824	26.443137254902	28.6666666666667	16.4705882352941
"494"	"YC19:1494"	2	302	"B14A"	"1"	2.0156862745098	1.5686274509804	1.64705882352942	1.69058823529412	0.862745098039213	2.23529411764706	2.19607843137255	4.3921568627451	5.94117647058823	9.92156862745098	13.6047058823529	6.98039215686274	9.53725490196078	15.6862745098039	13.9607843137255	9.68627450980392	18.3921568627451	30.561568627451	28.4470588235294	29.843137254902	15.1372549019608
"495"	"YC19:1495"	2	376	"PHW43"	"1"	1.92156862745098	1.21568627450981	1.37254901960785	2.01176470588235	1.2156862745098	2.90196078431373	2.11764705882353	4	6.35294117647059	11.843137254902	14.5490196078431	7.97176470588235	9.52941176470588	13.7647058823529	15.4509803921569	10.2388235294117	17.9474509803922	28.0235294117647	26.5278431372549	28.8588235294118	14.4760784313726
"496"	"YC19:1496"	2	301	"B121"	"1"	1.88235294117647	1.17647058823529	1.60784313725491	1.84313725490196	0.862745098039222	1.84313725490196	1.72549019607843	4	5.62745098039216	7.49725490196078	13.6862745098039	3.21568627450981	9.64705882352941	13.2549019607843	15.2054901960784	11.843137254902	16.5745098039216	29.1874509803922	22.5882352941176	26.1960784313725	13.2823529411765
"497"	"YC19:1497"	2	378	"PHWG5"	"1"	1.92156862745098	0.392156862745097	1.5686274509804	1.68627450980392	1.41176470588236	2.19607843137255	1.56862745098039	3.88235294117647	6.13254901960784	10.5490196078431	13.4901960784314	7.76470588235294	9.92156862745098	13.6125490196078	14.0392156862745	11.6862745098039	17.2549019607843	26.8627450980392	24.4066666666667	26.6274509803922	15.0588235294118
"498"	"YC19:1498"	2	335	"LH195"	"1"	1.88235294117647	1.49019607843137	2.23529411764706	1.68627450980392	1.17647058823529	2.80745098039215	2.31372549019608	4.70588235294118	6.31372549019608	11.6470588235294	14.5098039215686	5.82431372549019	8.62745098039215	14.9411764705882	14.3921568627451	11.6862745098039	17.9498039215686	27.2603921568627	23.401568627451	24.156862745098	13.0588235294118
"499"	"YC19:1499"	2	298	"B111"	"1"	1.88235294117647	0.784313725490204	1.64705882352941	1.96078431372548	1.29411764705882	2.43137254901961	2.43137254901961	5.34117647058823	8.47058823529411	13.6078431372549	15.843137254902	9.26470588235294	11.0196078431372	15.9149019607843	13.5686274509804	10.7176470588235	18.6317647058824	30.0933333333333	31.043137254902	30.4117647058823	13.8039215686274
"500"	"YC19:1500"	2	329	"L 289"	"1"	2.06823529411765	1.56862745098039	2.0392156862745	1.76470588235293	1.01960784313725	2.37921568627451	2.71607843137255	5.08117647058823	7.89019607843137	13.6537254901961	15.9270588235294	10.5490196078431	10.9019607843137	11.8486274509804	13.3725490196078	11.2549019607843	19.843137254902	29.2352941176471	27.3333333333333	29.1764705882353	14.9686274509804
"501"	"YC19:1501"	2	320	"HUANYAO"	"1"	2.08666666666666	0.666666666666664	1.33333333333333	1.6078431372549	1.41176470588235	1.80078431372549	1.29411764705882	3.29411764705882	4.76470588235294	7.97058823529412	12.156862745098	2.9921568627451	8.70588235294118	12.7843137254902	11.5450980392157	10.3360784313725	19.1764705882353	29.6862745098039	25.556862745098	28.3725490196078	14.6329411764706
"502"	"YC19:1502"	2	281	"TZU-CHIAO-HSI-WU 105"	"1"	2.31372549019608	1.2156862745098	1.72549019607843	1.52941176470588	1.1764705882353	3.01960784313726	2.27450980392157	4.69568627450981	7.32823529411765	11.8823529411765	13.6862745098039	8.35294117647058	9.03098039215686	14.4705882352941	11.6470588235294	10.9019607843137	19.3886274509804	29.1254901960784	25.8705882352941	26.0588235294118	13.4117647058824
"503"	"YC19:1503"	2	340	"LH224"	"1"	1.88235294117647	0.705882352941183	1.37254901960784	1.80392156862746	1.33333333333334	1.49019607843137	0.980392156862744	2.40156862745098	3.09803921568628	2.0278431372549	11.3607843137255	2.8235294117647	8.15686274509803	13.3725490196078	14.4501960784314	11.2156862745098	17.0980392156863	27.5294117647059	24.9270588235294	25.8980392156863	14.0839215686275
"504"	"YC19:1504"	2	416	"HP301"	"1"	2.03921568627451	1.58039215686274	1.41176470588235	1.5686274509804	1.01960784313726	3.25490196078431	2.66666666666666	4.41098039215686	6.61058823529411	8.07882352941176	12.078431372549	6.65529411764706	7.72549019607843	13.4172549019608	14.1176470588235	12.0392156862745	16.6666666666667	26.9019607843137	24.6956862745098	25.2745098039216	15.0588235294118
"505"	"YC19:1505"	2	294	"78551S"	"1"	2.27450980392157	0.705882352941179	2	1.92156862745098	1.56862745098039	1.25490196078431	0.942745098039211	2.08627450980392	2.31372549019608	1.29411764705882	5.27686274509804	0.745098039215684	4.29725490196077	11.921568627451	13.4156862745098	11.7254901960784	13.2156862745098	20.7898039215686	19.8823529411765	22.8482352941177	12.1960784313725
"506"	"YC19:1506"	2	367	"PHK93"	"1"	1.84705882352941	0.862745098039218	2.07843137254902	1.68627450980393	1.13725490196078	2.50980392156863	2.27450980392157	3.25490196078431	4.71764705882353	5.70470588235295	9.78705882352941	4.3921568627451	7.29411764705883	12.5247058823529	13.0749019607843	11.0980392156863	15.4509803921569	24.8235294117647	22.8235294117647	26.4705882352941	15.7647058823529
"507"	"YC19:1507"	2	459	"W610S"	"1"	2.46980392156863	0.784313725490193	1.52941176470589	1.84313725490197	1.2156862745098	1.96078431372549	1.41176470588235	2.65294117647059	3.61372549019608	5.57176470588235	12.4298039215686	3.28274509803922	8.95843137254902	15.0588235294118	12.756862745098	9.78823529411766	17.5686274509804	27.8823529411765	25.9505882352941	27.6654901960784	13.3388235294118
"508"	"YC19:1508"	2	304	"B37"	"1"	1.8078431372549	1.49098039215686	1.60784313725491	1.49019607843138	0.941176470588232	2.58823529411765	2.74509803921568	5.05882352941177	6.74509803921569	12.078431372549	13.2549019607843	8.26313725490196	8.70823529411763	15.3333333333333	15.1764705882353	9.52941176470589	18.6666666666667	29.1764705882353	26.643137254902	30.0980392156863	15.2211764705882
"509"	"YC19:1509"	2	380	"R78"	"1"	2.50980392156862	0.901960784313728	1.37254901960784	1.76470588235294	1.41176470588236	1.68627450980392	1.41176470588235	3.01960784313726	4.78431372549019	6.61607843137255	12.5882352941176	4.51764705882352	7.99999999999999	12.8235294117647	12.1960784313725	8.98431372549019	15.5294117647059	26.5098039215686	23.6235294117647	25.1372549019608	12.7113725490196
"510"	"YC19:1510"	2	313	"H105W"	"1"	2	0.941176470588238	1.49019607843137	1.56862745098039	0.980392156862753	2.01333333333334	1.56862745098039	3.56862745098039	4.43137254901961	9.13725490196078	12.7450980392157	4.27450980392157	8.31372549019608	14.6156862745098	12.2745098039216	9.56862745098039	17.2156862745098	28.3529411764706	24.9019607843137	26.5882352941176	12.9019607843137
"511"	"YC19:1511"	2	494	"Mo5"	"1"	1.96078431372549	0.784313725490193	1.25490196078431	1.56862745098039	1.29411764705882	2	2.04313725490197	3.17647058823529	4.50980392156863	7.96078431372549	11.3843137254902	6.43137254901961	7.64705882352941	12.2576470588235	12.9019607843137	10.9741176470588	15.1090196078431	23.6470588235294	21.0196078431373	22.5490196078431	14.0392156862745
"512"	"YC19:1512"	2	358	"NK740"	"1"	1.68627450980392	1.1764705882353	1.33333333333333	1.80392156862745	1.01960784313725	2.54901960784314	2.27450980392157	4.19607843137255	6.74901960784314	11.8235294117647	14.0447058823529	8.62745098039216	9.76470588235294	15.7482352941176	12.8627450980392	10.7058823529412	20.278431372549	27.4533333333333	27.2862745098039	28.156862745098	14.078431372549
"513"	"YC19:1513"	2	486	"IDS69"	"1"	1.52941176470588	0.980392156862742	1.80392156862745	1.41176470588235	1.01960784313725	1.37254901960784	1.1764705882353	1.92156862745098	3.08392156862745	2.18039215686274	6.1992156862745	1.67333333333333	6.85098039215686	12.5098039215686	11.0333333333333	10.2862745098039	14.1960784313726	21.2192156862745	19.1058823529412	22.4690196078431	12.4313725490196
"514"	"YC19:1514"	2	473	"A619"	"1"	2.19607843137255	1.56862745098039	1.5686274509804	1.68627450980392	1.05882352941176	1.72549019607843	1.41176470588235	3.05882352941177	6.07843137254902	10.5098039215686	11.8823529411765	7.80392156862745	8.47058823529412	12.6666666666667	11.5701960784314	9.87058823529411	17.5729411764706	27.2549019607843	24.3647058823529	26	11.0419607843137
"515"	"YC19:1515"	2	352	"N501"	"1"	1.96078431372549	0.784313725490193	1.33333333333334	1.41176470588235	1.09803921568628	2	1.03137254901961	2.8478431372549	5.84313725490196	8.92980392156862	13.3333333333333	6.93882352941176	9.01372549019608	13.3333333333333	11.8823529411765	11.9607843137255	16.7843137254902	27.2941176470588	25.5047058823529	27.7254901960784	13.1035294117647
"516"	"YC19:1516"	2	478	"B77"	"1"	2.47058823529412	1.1764705882353	1.80392156862746	1.80392156862744	1.09803921568628	1.26156862745098	1.39294117647059	3.49019607843137	5.47058823529412	9.49019607843137	12.2745098039216	7.83176470588235	8.43137254901961	14.0721568627451	12.9019607843137	11.8039215686274	16.4313725490196	25.8878431372549	24.5490196078431	26.5882352941176	14.5882352941176
"517"	"YC19:1517"	2	485	"HUOBAI"	"1"	1.52941176470588	1.52941176470588	1.64705882352942	1.72549019607843	0.784313725490193	3.09803921568627	1.96078431372549	2.47058823529412	3.25490196078431	1.88235294117647	6.49803921568628	1.26274509803922	3.5686274509804	11.4509803921569	14.0392156862745	8.02235294117647	13.4588235294118	22.6207843137255	18.9019607843137	23.38	12.6537254901961
"518"	"YC19:1518"	2	360	"NY 166 (Neveh Yaar)"	"1"	2.35294117647059	0.823529411764709	1.76470588235293	1.72549019607844	0.901960784313722	1.76470588235294	1.96078431372549	3.50980392156863	6.19607843137255	10.5882352941176	11.7529411764706	7.04549019607843	8.0392156862745	13.1372549019608	11.4117647058824	10.1176470588235	15.7647058823529	25.4054901960784	22.4078431372549	24.9411764705882	11.5294117647059
"519"	"YC19:1519"	2	498	"NC290A"	"1"	2	0.784313725490193	1.29411764705882	1.68627450980393	1.37254901960784	1.84313725490196	1.21568627450981	2.91607843137255	4.76470588235294	8.41411764705882	11.3333333333333	6.16156862745098	7.80392156862744	11.4117647058824	12.3921568627451	10.0372549019608	15.0094117647059	25.5741176470588	22.9019607843137	23.8039215686274	12.9074509803922
"520"	"YC19:1520"	2	428	"Mo1W"	"1"	1.64705882352941	1.3921568627451	1.68627450980392	1.60784313725491	1.01960784313725	3.6078431372549	2.43137254901961	4	6.3921568627451	10.7372549019608	14.0392156862745	8.31372549019608	8.90196078431373	14.9294117647059	14.8627450980392	9.37254901960784	17.3333333333333	28.2847058823529	26.3450980392157	26.9803921568627	13.7372549019608
"521"	"YC19:2001"	1	115	"L 155"	"2"	1.96078431372549	1.1764705882353	1.84313725490196	2.11764705882353	1.37254901960784	1.41176470588235	1.55372549019608	3.81176470588235	6.82352941176471	11.0866666666667	13.2549019607843	8	8.82352941176471	15.5686274509804	15.5686274509804	8.07843137254902	18	29.1254901960784	25.2156862745098	23.2941176470588	12.5152941176471
"522"	"YC19:2002"	1	119	"CR1HT"	"2"	2.19607843137255	0.431372549019606	1.56862745098039	1.72549019607844	1.13725490196079	2.3921568627451	1.52941176470589	1.65686274509804	1.73607843137255	1.64705882352941	2.98039215686275	1.68627450980392	2.98039215686275	11.6329411764706	14.0392156862745	9.31647058823529	9.03058823529412	19.4196078431372	11.0980392156863	12.1101960784314	10.2352941176471
"523"	"YC19:2003"	1	21	"IA2132"	"2"	2.78431372549019	0.784313725490199	1.52941176470589	1.80392156862745	1.49019607843138	1.96078431372549	1.64705882352941	4.19607843137255	7.17647058823529	11.88	13.4341176470588	8.23529411764706	9.47647058823529	13.6466666666667	14.2352941176471	10.1843137254902	17.2772549019608	31.3764705882353	25.0980392156863	21.9054901960784	10.4145098039216
"524"	"YC19:2004"	1	28	"PHK74"	"2"	2	1.56862745098039	2.11764705882353	1.6078431372549	1.17647058823529	3.80392156862745	2.8235294117647	5.34470588235294	8.4035294117647	12.9137254901961	15.043137254902	9.40039215686274	9.31529411764706	16.9411764705882	14.078431372549	10.9686274509804	21.0980392156863	33.8505882352941	29.6078431372549	27.3725490196078	12.5321568627451
"525"	"YC19:2005"	1	125	"ML606"	"2"	2.19607843137255	0.901960784313728	2.07843137254902	1.8721568627451	1.41176470588235	2.11764705882353	1.68627450980392	2.74509803921569	4.43529411764706	3.66588235294117	10.5490196078431	3.84313725490196	8.3921568627451	15.7647058823529	15.7545098039216	10.5882352941177	17.9717647058823	28.7898039215686	24.7843137254902	25.2039215686274	12.5882352941176
"526"	"YC19:2006"	1	238	"Os420"	"2"	2.19607843137255	1.52941176470588	2.70588235294118	1.52941176470588	1.41176470588235	3.13725490196079	2.54901960784314	3.92078431372549	6.37254901960784	8.27176470588235	13.1035294117647	8.35294117647059	8.90196078431373	14.6274509803922	13.843137254902	3.61960784313724	18.9905882352941	31.2156862745098	28.5933333333333	30.3137254901961	16.7372549019608
"527"	"YC19:2007"	1	72	"L 139"	"2"	2.70588235294117	0.74941176470588	1.6392156862745	1.72549019607843	1.5686274509804	1.80392156862745	2.03921568627451	4.27450980392157	7.37647058823529	9.36862745098039	11.7490196078431	8.07843137254902	8.92313725490195	15.0980392156863	1.56862745098039	11.5686274509804	18.6274509803922	29.7905882352941	26.7843137254902	27.3725490196078	14.5490196078431
"528"	"YC19:2008"	1	136	"PHG50"	"2"	2.47490196078431	1.1764705882353	1.45098039215686	1.6078431372549	1.05882352941177	2.23529411764706	1.96078431372549	2.82352941176471	5.25490196078431	9.38352941176471	9.90470588235294	6.35294117647059	9.01960784313725	14.8235294117647	1.33333333333333	12.5098039215686	17.8039215686275	29.1149019607843	25.4407843137255	24.8117647058823	13.2156862745098
"529"	"YC19:2009"	1	253	"PH207"	"2"	1.80392156862745	1.37254901960784	1.94039215686274	1.84313725490196	1.05882352941176	2.47058823529412	1.80392156862745	3.71725490196078	6.58823529411765	11.1694117647059	13.2941176470588	8.8235294117647	9.6078431372549	16.1176470588235	1.49019607843137	11.5686274509804	19.7592156862745	30.356862745098	26.0250980392157	26.9764705882353	12.8627450980392
"530"	"YC19:2010"	1	212	"A663"	"2"	2.58823529411765	0.784313725490199	1.37254901960784	1.93725490196078	1.49019607843137	1.96078431372549	1.80392156862745	3.45098039215686	6.05882352941176	10.156862745098	12.4352941176471	7.40039215686275	9.17647058823529	12.7843137254902	1.96078431372549	12.1250980392157	16.6517647058823	25.4392156862745	23.0588235294118	28.4	11.5517647058823
"531"	"YC19:2011"	1	11	"W9"	"2"	1.6078431372549	1.56862745098039	2.58823529411765	1.72549019607843	1.29411764705882	2.78823529411765	2.39607843137255	3.34117647058823	5.29411764705882	7.83725490196078	10.6274509803922	4.84941176470588	7.33333333333334	13.1827450980392	12.6039215686274	12.9411764705882	16.7345098039216	25.6078431372549	23.6470588235294	22.3674509803922	11.4117647058824
"532"	"YC19:2012"	1	15	"A674"	"2"	2	0.884313725490197	1.80392156862746	1.76470588235294	1.33333333333334	2.76470588235294	2.94117647058823	5.88235294117647	8.86274509803922	13.2439215686274	15.3164705882353	8.90196078431373	10.156862745098	13.921568627451	15.0588235294118	12.6274509803922	17.8823529411765	26.9858823529412	24.8235294117647	22.2941176470588	11.0980392156863
"533"	"YC19:2013"	1	244	"PHR36"	"2"	1.96078431372549	1.56862745098039	1.76470588235295	1.84313725490196	1.09803921568628	3.6078431372549	2.51098039215686	4.23607843137255	6.03921568627451	6.19803921568627	13.8823529411765	4.2	8.7843137254902	15.3607843137255	15.4117647058824	11.0980392156863	18.6274509803922	30.1858823529412	26.5882352941176	28.1407843137255	13.5125490196078
"534"	"YC19:2014"	1	48	"IBB14"	"2"	2.74509803921569	0.784313725490199	1.05882352941176	2	1.25490196078431	2.58823529411765	1.74980392156863	4.15686274509804	5.1764705882353	6.98509803921569	15.8823529411765	4.08941176470588	10.156862745098	15.4117647058824	12.6666666666667	11.3333333333333	19.2592156862745	30.1960784313726	26.2470588235294	24.8235294117647	13.6301960784314
"535"	"YC19:2015"	1	69	"IBC2"	"2"	1.98274509803921	0.627450980392155	1.80392156862744	1.60784313725491	0.941176470588232	2.47058823529412	1.98941176470588	5.92156862745098	9.56862745098039	13.7376470588235	16.8627450980392	10.0392156862745	11.2156862745098	17.7921568627451	12.9411764705882	11.7180392156863	21.141568627451	32.2352941176471	28.078431372549	28.078431372549	12.8235294117647
"536"	"YC19:2016"	1	192	"W604S"	"2"	1.56862745098039	0.823529411764703	1.56862745098039	1.95058823529412	1.45098039215686	1.72941176470588	1.96078431372549	5.68627450980392	8.35294117647059	14.5490196078431	17.2941176470588	10.1647058823529	11.6862745098039	16.2352941176471	13.8474509803922	11.6407843137255	20.043137254902	32.2070588235294	27.0980392156863	25.0588235294118	12.0345098039216
"537"	"YC19:2017"	1	155	"BEI 10 = NORTH 10"	"2"	2.07843137254902	1.18823529411765	1.76470588235295	1.80392156862746	1.1764705882353	3.76470588235294	2.50980392156863	3.96078431372549	5.05882352941177	8.92588235294117	12.6666666666667	7.09411764705883	8.23529411764706	11.1372549019608	15.2156862745098	11.2549019607843	14.7450980392157	25.5976470588235	20.5647058823529	22.7372549019608	12.1176470588235
"538"	"YC19:2018"	1	82	"PHH93"	"2"	1.52941176470588	0.392156862745097	1.41176470588236	1.96078431372549	1.5686274509804	1.76470588235294	1.33333333333333	3.42745098039216	4.7843137254902	7.61882352941177	13.5294117647059	6.50745098039215	9.84313725490196	16.3956862745098	15.8866666666667	10.4705882352941	19.3725490196078	30.9803921568627	26.4047058823529	26.7450980392157	13.1372549019608
"539"	"YC19:2019"	1	170	"LH57"	"2"	2.10745098039216	0.823529411764709	1.05882352941177	1.80392156862746	1.1764705882353	1.96078431372549	1.29411764705882	2.07843137254902	2.23529411764706	1.6078431372549	5.80901960784314	3.10745098039216	7.29411764705883	15.1764705882353	16.6666666666667	7.83372549019608	14.9411764705882	23.921568627451	20.3125490196078	19.6333333333333	11.6862745098039
"540"	"YC19:2020"	1	91	"PHV57"	"2"	1.33333333333333	1.41176470588235	1.37254901960784	1.64705882352941	1.07843137254902	2.98039215686274	2.35294117647059	4.98039215686274	7.7478431372549	12.5470588235294	15.0066666666667	9.13333333333334	10.1176470588235	16.8345098039216	15.2156862745098	11.843137254902	19.0980392156863	31.1364705882353	27.1270588235294	24.1960784313726	12.4705882352941
"541"	"YC19:2021"	1	225	"ICI 986"	"2"	2.27450980392157	1.1764705882353	1.76470588235294	1.84313725490195	1.2156862745098	1.72549019607843	1.78705882352941	3.50980392156863	6.51372549019608	10.8235294117647	12.7843137254902	7.84313725490196	9.2156862745098	12.7450980392157	14.5937254901961	11.0196078431373	17.3333333333333	28.8627450980392	27.2941176470588	26.2745098039216	11.7647058823529
"542"	"YC19:2022"	1	36	"W182E"	"2"	1.52941176470588	0.784313725490193	1.37254901960784	1.56862745098039	1.2156862745098	2.15686274509804	2.07843137254902	4.48549019607843	5.92156862745098	12.3262745098039	15.0196078431373	9.00588235294118	10.3529411764706	8.70588235294118	15.1372549019608	11.2294117647059	16.7843137254902	25.5321568627451	21.4917647058823	19.9607843137255	9.1764705882353
"543"	"YC19:2023"	1	146	"4F-306 108"	"2"	2	1.45647058823529	1.52941176470588	1.72549019607843	1.33333333333333	1.61176470588235	1.6078431372549	2.90196078431373	5.25490196078431	8.27450980392157	10.3411764705882	6.11764705882353	7.52509803921568	14.7450980392157	14.0117647058824	12.9411764705882	15.4117647058824	23.7701960784314	20.6027450980392	25.4901960784314	12.2352941176471
"544"	"YC19:2024"	1	220	"DK78010"	"2"	1.1764705882353	0.784313725490193	1.59999999999999	1.6078431372549	1.25490196078432	1.56862745098039	2	5.13725490196079	8.53215686274509	12.4450980392157	14.3529411764706	9.1764705882353	10.7254901960784	15.4341176470588	14.9019607843137	12.6317647058824	20.0043137254902	29.8470588235294	25.4117647058823	25.9607843137255	12.6666666666667
"545"	"YC19:2025"	1	206	"A401"	"2"	1.64705882352941	1.09803921568627	1.33333333333333	1.96078431372549	1.01960784313726	1.70627450980392	1.41176470588235	3.49019607843137	5.70588235294117	8.26431372549019	12.183137254902	5.28274509803921	8.54901960784314	15.0980392156863	12.9411764705882	13.0419607843137	17.8862745098039	28.9019607843137	24.443137254902	26.1960784313726	12.2745098039216
"546"	"YC19:2026"	1	204	"A239"	"2"	1.56862745098039	0.784313725490199	1.29411764705883	1.84313725490196	1.37254901960784	2.62745098039216	2.31372549019608	4.7843137254902	7.80392156862745	13.843137254902	14.8627450980392	10.0313725490196	10.8235294117647	17.8117647058824	11.556862745098	13.5294117647059	21.2588235294118	32.3529411764706	27.6223529411765	27.2901960784314	13.7137254901961
"547"	"YC19:2027"	1	199	"4226"	"2"	1.96078431372549	0.901960784313724	1.33333333333334	1.45098039215687	0.862745098039213	2.07843137254902	2.23529411764706	4.84705882352941	8.11764705882353	13.6403921568627	15.843137254902	9.91764705882352	11.621568627451	17.2211764705882	14.5533333333333	12.296862745098	21.1850980392157	32.7843137254902	29.3247058823529	31.3333333333333	15.3725490196078
"548"	"YC19:2028"	1	94	"ZS635"	"2"	2.3921568627451	0.549019607843141	1.33333333333334	1.60784313725491	1.29411764705882	1.56862745098039	1.64705882352941	3.85098039215686	7.01960784313726	11.6078431372549	14.3137254901961	8.15686274509804	11.3137254901961	17.8823529411765	15.0980392156863	11.7647058823529	21.3725490196078	34.1333333333333	29.3333333333333	30.9411764705882	15.8823529411765
"549"	"YC19:2029"	1	110	"DKFBHJ"	"2"	1.80392156862745	1.45098039215686	1.64705882352942	1.72549019607844	1.05882352941176	2.4321568627451	3.29803921568627	5.80392156862745	9.7843137254902	14.581568627451	15.7647058823529	10.24	11.1266666666667	18.6666666666667	15.0196078431373	12.7450980392157	21.7443137254902	34	30.8733333333333	31.9607843137255	14.2913725490196
"550"	"YC19:2030"	1	76	"LIBC 4"	"2"	2.27450980392157	0.823529411764709	1.68627450980393	2.11764705882353	1.29411764705883	1.68627450980392	1.88235294117647	3.05176470588235	6.07843137254902	9.92156862745098	13.6250980392157	8.22392156862745	9.88235294117647	16	16.5882352941176	13.5529411764706	18.5694117647059	30.9019607843137	27.4117647058823	24.8627450980392	12.4352941176471
"551"	"YC19:2031"	1	242	"PHG86"	"2"	1.92156862745098	0.784313725490199	2.19607843137254	1.96078431372549	0.980392156862753	2.66666666666667	2.86274509803922	5.56862745098039	9.45098039215686	12.7298039215686	14.6886274509804	8.83137254901961	10.3137254901961	17.2156862745098	16.4313725490196	13.6156862745098	20.2149019607843	32.28	29.7647058823529	32.078431372549	14.3137254901961
"552"	"YC19:2032"	1	151	"B-18 INBR.FR.SUPERGOLD"	"2"	2.25098039215686	0.549019607843141	2.11764705882352	2.15686274509804	1.7921568627451	1.84313725490196	2.58823529411765	5.33333333333333	7.7843137254902	13.6078431372549	15.0980392156863	9.76470588235294	11.2941176470588	15.2941176470588	16.9411764705882	13.2941176470588	18.8627450980392	31.4109803921569	26.3035294117647	26.6933333333333	13.6470588235294
"553"	"YC19:2033"	1	186	"PHW17"	"2"	1.79333333333333	1.96078431372549	1.49019607843137	1.80392156862746	1.25490196078431	3.92156862745098	3.09803921568628	4.7843137254902	5.72941176470589	6.86274509803921	15.7517647058824	5.45019607843137	10.8313725490196	19.3780392156863	17.2839215686275	13.8039215686274	21.7254901960784	35.0588235294118	29.5686274509804	28.4901960784314	11.8039215686274
"554"	"YC19:2034"	1	108	"DK4676A"	"2"	1.56862745098039	0.784313725490193	1.64705882352941	1.68627450980392	1.25490196078431	1.49019607843137	1.56862745098039	5.17647058823529	8.19607843137255	14.6666666666667	16.6901960784314	10.7058823529412	12.2352941176471	18.8470588235294	15.3333333333333	13.2941176470588	21.7254901960784	34.201568627451	27.1270588235294	24.4705882352941	12.7058823529412
"555"	"YC19:2035"	1	68	"FBLA"	"2"	2.3921568627451	1.33333333333334	1.68627450980393	1.84313725490195	1.01960784313725	2.70588235294118	2.58823529411765	4.47058823529412	7.29411764705882	12.2121568627451	16.5545098039216	7.91490196078431	11.0980392156863	18.3137254901961	15.2941176470588	9.05882352941176	20.7058823529412	33.0039215686274	28.5098039215686	26.843137254902	13.0196078431373
"556"	"YC19:2036"	1	195	"W8304"	"2"	2.54901960784313	0.784313725490193	1.37254901960785	1.76470588235293	1.68627450980392	1.54901960784314	2.12039215686274	5.64705882352941	9.29803921568627	14.6141176470588	17.1635294117647	10.2745098039216	11.9607843137255	19.9270588235294	14.9019607843137	11.2549019607843	20.7058823529412	35.5533333333333	30.1074509803922	29.9396078431373	14.7333333333333
"557"	"YC19:2037"	1	30	"PHTM9"	"2"	1.88235294117647	1.6078431372549	1.68627450980393	1.64705882352941	1.21568627450981	1.85843137254902	2.12078431372549	5.38549019607843	7.09803921568627	14.9298039215686	16.9411764705882	9.32666666666666	10.7450980392157	18.5490196078431	17.9607843137255	11.7909803921569	20.9725490196078	34.156862745098	28.8627450980392	25.721568627451	12.3137254901961
"558"	"YC19:2038"	1	2	"A385"	"2"	1.92156862745098	0.784313725490193	1.29411764705883	2.11764705882352	1.5686274509804	2.70588235294118	2.15686274509804	4	7.01960784313726	12.0435294117647	15.6470588235294	8.23529411764706	10.9490196078431	16.0894117647059	17.7254901960784	10.8627450980392	19.9411764705882	34.4760784313725	21.2156862745098	19.6490196078431	9.52941176470588
"559"	"YC19:2039"	1	239	"Pa392"	"2"	2.03921568627451	1.96078431372549	2.26901960784314	1.84313725490196	1.01960784313726	2.98039215686275	2.19607843137255	3.84313725490196	5.64705882352941	5.22509803921569	10.856862745098	4.1286274509804	7.34117647058823	15.7254901960784	16.3427450980392	10.3921568627451	16.5098039215686	27.0721568627451	22.3137254901961	22.7058823529412	12.5937254901961
"560"	"YC19:2040"	1	118	"LH206"	"2"	2.07843137254902	0.627450980392155	1.6078431372549	1.76470588235294	1.2156862745098	1.92156862745098	2.07843137254902	4.82352941176471	7.43137254901961	12.2709803921569	14.5490196078431	8.3921568627451	9.60784313725491	17.0588235294118	17.323137254902	10.2352941176471	18.078431372549	28.9411764705882	24.001568627451	24.5098039215686	12.2352941176471
"561"	"YC19:2041"	1	188	"PHW80"	"2"	2.07843137254902	1.01960784313725	1.41176470588235	1.96078431372549	1.05882352941176	1.64705882352941	1.88235294117647	4.19607843137255	5.33333333333333	2.43137254901961	13.4219607843137	4.70588235294117	8.98039215686275	14.4705882352941	16.7058823529412	12.9964705882353	16.2352941176471	26.6666666666667	22.3717647058824	26.2745098039216	11.4
"562"	"YC19:2042"	1	123	"LH82"	"2"	1.56862745098039	0.901960784313726	1.05882352941176	1.84313725490196	1.01960784313725	2.50980392156863	2.03921568627451	5.45098039215686	8.11764705882353	12.9690196078431	15.158431372549	9.2156862745098	10.5627450980392	15.1764705882353	13.8635294117647	13.3698039215686	18.3137254901961	27.0196078431373	24.5490196078431	23.5294117647059	11.7254901960784
"563"	"YC19:2043"	1	55	"Lp215D"	"2"	2.49960784313725	1.5686274509804	1.17647058823529	1.92156862745098	0.980392156862742	1.88235294117647	2.21843137254902	4.82352941176471	7.64705882352941	12.1686274509804	14	9.0756862745098	9.84313725490197	12.6266666666667	13.3964705882353	11.7254901960784	17.1372549019608	27.8094117647059	26.5098039215686	29.9803921568627	12.7725490196078
"564"	"YC19:2044"	1	66	"CR 22 INBRED"	"2"	2.4270588235294	1.17647058823529	1.99999999999999	1.64705882352942	1.29411764705883	2.43137254901961	1.76470588235294	5.49019607843137	5.70588235294118	12.6223529411765	14.0392156862745	9.2156862745098	9.84313725490197	13.6745098039216	15.0643137254902	10.9372549019608	17.4509803921569	28.9803921568627	27.7152941176471	32.5733333333333	12.6329411764706
"565"	"YC19:2045"	1	92	"PHW03"	"2"	1.6078431372549	1.17647058823529	1.49019607843138	1.76470588235295	1.37254901960785	2.36980392156862	2.15686274509804	5.05882352941176	9.64705882352941	14.4313725490196	15.836862745098	10.0501960784314	11.1372549019608	18.7674509803922	14.1960784313726	10.5882352941176	20.8670588235294	32.156862745098	27.3333333333333	26.878431372549	12.9411764705882
"566"	"YC19:2046"	1	145	"2FACC"	"2"	2.17764705882353	1.17647058823529	1.52941176470589	2.11764705882353	1.37254901960784	2.27450980392157	1.68627450980392	3.6078431372549	5.72549019607843	12.0258823529412	16.9803921568627	8.67764705882353	10.5490196078431	18.3529411764706	14.2745098039216	10.5490196078431	19.4117647058824	32.7333333333333	25.9725490196078	25.2694117647059	12.4760784313725
"567"	"YC19:2047"	1	124	"MEF156-55-2"	"2"	2.54901960784314	1.10980392156864	1.60784313725491	2	0.705882352941174	2.74509803921569	2.03921568627451	2.70588235294118	3.92156862745098	2.86274509803922	10.6666666666667	3.37254901960785	7.68627450980392	13.0235294117647	13.2549019607843	8.71764705882353	7.18078431372549	20.801568627451	20.2745098039216	21.9607843137255	8.80666666666666
"568"	"YC19:2048"	1	198	"2369"	"2"	2.94117647058823	1.17647058823529	1.80392156862746	2	1.29411764705882	1.96078431372549	2.15686274509804	3.25490196078431	4.94117647058823	9.56862745098039	12.3752941176471	7.84313725490196	9.33333333333334	15.6470588235294	15.0196078431373	9.29960784313725	18.0392156862745	27.8721568627451	26.1176470588235	27.5070588235294	11.8039215686274
"569"	"YC19:2049"	1	190	"SD44"	"2"	2.07843137254902	1.33333333333333	2	2.23529411764706	0.901960784313722	3.01960784313726	2.82352941176471	5.68627450980392	7.98039215686274	11.3803921568627	13.2156862745098	8.19607843137254	9.09803921568628	14.7058823529412	17.4117647058823	10.3529411764706	17.3376470588235	28.4705882352941	24.9960784313726	26.9411764705882	13.5125490196078
"570"	"YC19:2050"	1	106	"CH157"	"2"	2.58823529411764	1.05882352941176	1.64705882352941	2.13333333333334	1.76470588235295	2.90196078431373	1.60784313725491	4.21764705882353	6.82352941176471	10.5450980392157	12.6223529411765	8.11764705882352	9.33333333333333	11.1372549019608	15.2054901960784	11.2772549019608	16.9019607843137	25.3843137254902	24	24.8882352941176	12.6666666666667
"571"	"YC19:2051"	1	140	"W603S"	"2"	2.4313725490196	1.48274509803922	1.56862745098039	1.80392156862744	0.980392156862753	2.70588235294118	1.96078431372548	4.12549019607843	5.37254901960784	3.6078431372549	10.8705882352941	1.85490196078431	7.92156862745098	12.4705882352941	13.6470588235294	11.5243137254902	12.6666666666667	22.9411764705882	16.3921568627451	20.0992156862745	10.7843137254902
"572"	"YC19:2052"	1	112	"G80"	"2"	2.74509803921569	1.17647058823529	1.68627450980392	1.92156862745097	1.52941176470589	2.07843137254902	1.45098039215686	3.49764705882353	5.12470588235294	6.26549019607843	11.4070588235294	1.76470588235295	7.72549019607843	14	13.8823529411765	12.5098039215686	15.1372549019608	24.5713725490196	22.1176470588235	23.8	11.5176470588235
"573"	"YC19:2053"	1	185	"PHR63"	"2"	2.23529411764706	1.01960784313725	1.29411764705882	1.76470588235295	1.33333333333333	3.01960784313726	2	3.14509803921568	3.73333333333334	6.35294117647059	12.3921568627451	5.29411764705882	8.66549019607843	14.243137254902	12.3819607843137	11.2549019607843	17.4117647058824	26.1176470588235	23.4117647058824	25.7298039215686	13.3725490196078
"574"	"YC19:2054"	1	89	"PHR30"	"2"	1.76470588235294	1.01960784313725	1.52941176470588	1.96078431372549	1.45098039215686	1.96078431372549	1.13725490196079	4.0078431372549	5.49019607843137	9.37254901960784	13.921568627451	6.30235294117646	9.76470588235294	13.7203921568627	11.5294117647059	10.9803921568627	18.2352941176471	27.4117647058823	24.8541176470588	26.1176470588235	12.0392156862745
"575"	"YC19:2055"	1	60	"PHG71"	"2"	1.33333333333333	1.1764705882353	2.35294117647059	1.85490196078431	1.05882352941177	2.11764705882353	2.03921568627451	4.74509803921569	6.41450980392157	9.05607843137255	14.8235294117647	6.7843137254902	10.0392156862745	17.1035294117647	12.0549019607843	9.37254901960784	20.1176470588235	31.2039215686274	25.9713725490196	26.9294117647059	12.4313725490196
"576"	"YC19:2056"	1	96	"1538"	"2"	6.07843137254902	0.784313725490204	1.25490196078431	1.76470588235293	1.72549019607843	2.07843137254902	1.6078431372549	3.57647058823529	6	9.22470588235295	13.921568627451	5.20431372549019	9.68627450980393	15.5294117647059	13.2054901960784	0.443137254901956	18.9019607843137	31.4509803921569	26.7843137254902	26.1172549019608	13.4509803921569
"577"	"YC19:2057"	1	174	"NC262"	"2"	5.96627450980392	0.784313725490193	1.44549019607843	1.92156862745098	1.87058823529411	1.80392156862745	1.05882352941176	2.85254901960784	3.76470588235294	4.58823529411765	14.3027450980392	2.14431372549017	6.91019607843137	10.3529411764706	15.0196078431373	0.705882352941179	15.921568627451	34.5490196078431	21.2156862745098	22.9803921568627	11.2196078431373
"578"	"YC19:2058"	1	23	"LH146Ht"	"2"	1.84313725490196	1.05098039215686	2.19607843137255	2.07843137254902	1.37254901960784	2	2.59882352941177	4.91294117647059	8.23529411764706	13.0082352941176	15.243137254902	9.80392156862746	11.5039215686274	17.5294117647059	14.2745098039216	9.97254901960785	12.258431372549	24.8843137254902	29.6470588235294	27.0549019607843	13.3725490196078
"579"	"YC19:2059"	1	20	"Ia 453"	"2"	1.97647058823529	1.09803921568627	1.76470588235294	1.88235294117648	1.52941176470588	1.56862745098039	1.13725490196079	3.29411764705882	4.54901960784314	8.13411764705882	11.3949019607843	5.84313725490197	8.43137254901961	13.9607843137255	13.8823529411765	12.156862745098	16.1447058823529	29.0250980392157	39.48	22.9411764705882	12.3360784313725
"580"	"YC19:2060"	1	165	"LH132 - FILL B73"	"2"	1.96078431372549	0.71764705882353	1.52941176470588	1.88235294117648	1.33333333333333	2.54901960784314	2.19607843137255	3.55686274509804	5.03921568627451	10.3556862745098	13.2941176470588	8.31372549019608	9.76470588235294	15.6078431372549	13.7019607843137	10.1176470588235	21.5686274509804	31.1203921568627	28.078431372549	29.6470588235294	14.4145098039216
"581"	"YC19:2061"	1	182	"PHJ90"	"2"	2.07843137254902	0.796078431372538	1.52941176470588	1.84313725490195	1.33333333333333	2.19607843137255	1.80392156862744	3.2156862745098	4.50980392156863	9.04980392156862	12.7949019607843	5.92156862745098	9.68627450980393	16.1960784313725	14.3964705882353	13.0196078431373	19.5686274509804	30.1176470588235	26.1478431372549	26.5243137254902	13.8823529411765
"582"	"YC19:2062"	1	87	"PHP55"	"2"	1.96078431372549	1.5686274509804	1.45098039215686	2.0156862745098	1.49019607843137	2.50980392156862	2.19607843137255	3.68627450980392	5.45098039215687	7.12588235294118	11.9301960784314	6.4	8.82352941176471	15.0980392156863	14.1874509803922	13.7254901960784	17.7247058823529	27.3949019607843	25.1372549019608	27.8823529411765	13.3333333333333
"583"	"YC19:2063"	1	203	"6F629"	"2"	2	1.05882352941176	1.56862745098039	1.68627450980393	1.41176470588235	2.50980392156863	1.33333333333334	3.29411764705882	5.17647058823529	6.83450980392157	11.556862745098	6.78901960784313	8.7843137254902	14.9803921568627	11.9725490196078	12.8066666666667	17.7254901960784	28.2352941176471	25.921568627451	28.2211764705882	13.7309803921569
"584"	"YC19:2064"	1	177	"Ny821"	"2"	2.03921568627451	1.52941176470588	1.29411764705882	1.88235294117648	1.29411764705882	2.63137254901961	2.31372549019608	4.15294117647059	5.76862745098039	8.31372549019608	11.5294117647059	5.52941176470589	8.23529411764706	13.5349019607843	14.4211764705882	11.8219607843137	15.1764705882353	24.6666666666667	23.0588235294118	23.0980392156863	11.0588235294118
"585"	"YC19:2065"	1	149	"A680"	"2"	2.23529411764706	1.1764705882353	1.52941176470588	2.19607843137255	1.52941176470589	1.84313725490196	1.80392156862745	4.08627450980392	5.37254901960785	11.3050980392157	13.5686274509804	6.27450980392157	9.77764705882353	14.9411764705882	16.6274509803922	11.3333333333333	19.0588235294118	30.1792156862745	28.0972549019608	30.4137254901961	15.5490196078431
"586"	"YC19:2066"	1	97	"3IJI1"	"2"	2.7843137254902	1.14901960784315	1.49019607843137	1.84313725490197	1.09803921568628	2.07843137254902	2	3.25294117647059	3.64705882352941	7.67960784313725	10	4.22000000000001	8.07843137254902	14.7450980392157	15.8823529411765	10.3529411764706	16.5098039215686	28.1564705882353	26.0447058823529	26.1960784313726	12.6666666666667
"587"	"YC19:2067"	1	64	"790"	"2"	1.96078431372549	1.17647058823529	1.41176470588235	1.92156862745098	0.980392156862742	2.19607843137255	1.88235294117647	3.59411764705882	6.50980392156863	10.8627450980392	13.4901960784314	7.41176470588235	9.25490196078431	11.8039215686274	14.2737254901961	10.3921568627451	16.2788235294118	30.7113725490196	22.9411764705882	24.0745098039216	11.2549019607843
"588"	"YC19:2068"	1	166	"LH143 (Maintainer)"	"2"	2.29019607843137	0.784313725490193	1.01960784313726	2.07843137254902	1.41176470588235	1.41176470588235	1.90274509803922	4.94117647058824	8.23529411764706	13.7647058823529	15.4901960784314	9.68627450980392	11.6274509803922	14.2352941176471	16.7050980392157	11.2823529411765	20.8047058823529	32.4196078431373	28.2745098039216	25.7007843137255	12.9803921568627
"589"	"YC19:2069"	1	54	"LH222"	"2"	2.11764705882353	1.2156862745098	1.92156862745098	1.49019607843138	1.25490196078431	1.92156862745098	3.18039215686274	5.15294117647058	8.35294117647059	13.0082352941176	14.8235294117647	9.6078431372549	10.5490196078431	17.5294117647059	14.9019607843137	11.2576470588235	21.0745098039216	32.9019607843137	27.8749019607843	24.5098039215686	12.3137254901961
"590"	"YC19:2070"	1	22	"L 135"	"2"	2.31372549019608	1.29411764705883	1.13725490196078	1.80392156862746	1.05882352941176	2.19607843137255	2.12156862745098	5.39843137254902	8.23529411764706	13.1372549019608	14.9411764705882	9.41176470588235	10.7843137254902	16.5882352941177	14.1219607843137	9.37254901960784	20.9529411764706	32.3137254901961	27.8039215686274	26.3529411764706	12.6274509803922
"591"	"YC19:2071"	1	209	"A635"	"2"	1.72549019607843	1.52941176470588	1.29411764705882	2.23529411764706	1.09803921568628	2.07843137254902	1.92156862745098	3.57647058823529	4.83529411764705	6.04431372549019	11.0588235294118	5.57333333333333	8.15686274509804	15.2266666666667	13.0196078431373	10.7450980392157	16.4003921568627	26.2117647058823	23.8039215686275	24.1905882352941	11.6407843137255
"592"	"YC19:2072"	1	44	"A679"	"2"	1.96078431372549	1.25882352941176	1.41176470588235	1.96078431372549	1.09803921568628	1.92156862745098	2.3921568627451	5.01764705882353	8.62745098039216	13.0196078431373	15.1764705882353	9.52549019607843	11.2156862745098	16.3529411764706	13.9607843137255	13.1372549019608	21.4509803921569	32.2078431372549	28.156862745098	25.8980392156863	13.0470588235294
"593"	"YC19:2073"	1	99	"A427"	"2"	1.84313725490196	0.784313725490193	1.2156862745098	2.19607843137255	1.68627450980393	2.70588235294118	2.90196078431372	4.98039215686275	8.11764705882353	12.0403921568627	13.4117647058823	8.58823529411764	9.88235294117647	13.8039215686274	17.2705882352941	12.7843137254902	17.843137254902	27.1372549019608	24.3427450980392	23.3294117647059	12.5937254901961
"594"	"YC19:2074"	1	217	"B115"	"2"	1.96078431372549	1.5686274509804	2.11764705882352	1.68627450980392	1.13725490196078	2.66666666666667	2.15686274509804	3.92156862745098	5.29411764705882	7.80509803921568	8.03921568627451	7.4643137254902	8.07843137254902	13.6133333333333	16.5254901960784	12.2352941176471	16.6666666666667	26.6274509803922	23.7772549019608	26.7803921568627	15.5686274509804
"595"	"YC19:2075"	1	135	"PHG29"	"2"	1.96078431372549	0.726274509803918	1.37254901960784	2.0392156862745	1.52941176470588	2.45568627450981	1.4235294117647	3.02745098039215	3.86549019607843	6.24117647058823	12.0054901960784	3.96078431372549	9.13725490196078	14.5098039215686	15.0588235294118	10.4117647058824	16.5490196078431	26.4117647058824	23.2266666666667	22.7058823529412	12.6666666666667
"596"	"YC19:2076"	1	56	"MS72"	"2"	2.27450980392157	1.71411764705881	1.64705882352941	1.88235294117647	0.941176470588232	1.80392156862745	1.96078431372549	5.10823529411765	8.3921568627451	12.8980392156863	14.7058823529412	9.44705882352941	10.3137254901961	14.7843137254902	13.1662745098039	13.2156862745098	19.5686274509804	31.2266666666667	26.9764705882353	23.818431372549	12.4145098039216
"597"	"YC19:2077"	1	41	"A340"	"2"	2.70588235294117	0.666666666666664	1.84313725490196	2.35294117647058	1.41176470588235	2	1.72549019607843	5.52941176470588	10.0588235294118	14.6925490196078	16.2352941176471	10.4705882352941	11.9803921568627	18.218431372549	16.0592156862745	10.7898039215686	20.7058823529412	32.7050980392157	28.7450980392157	28	14.4313725490196
"598"	"YC19:2078"	1	160	"DKFAPW"	"2"	2.62745098039216	1.5686274509804	2.26117647058823	1.72549019607843	1.09803921568628	2.62745098039216	2.54901960784313	5.13725490196078	7.96078431372549	12.5882352941176	15.2156862745098	9.63058823529411	10.5882352941176	16.1176470588235	15.2941176470588	10.3137254901961	19.6078431372549	30.5937254901961	27.321568627451	25.1960784313725	12.5098039215686
"599"	"YC19:2079"	1	86	"PHP02"	"2"	1.92156862745098	0.745098039215684	1.41176470588236	2.23529411764706	1.49019607843138	1.33333333333333	1.25490196078431	2.47058823529412	3	5.49019607843137	11.0235294117647	3.64705882352941	8.37254901960785	15.2156862745098	15.8721568627451	10	17.5294117647059	26.6721568627451	25.1560784313725	25.2941176470588	12.9411764705882
"600"	"YC19:2080"	1	215	"B107"	"2"	2.3921568627451	2	1.29411764705883	1.84313725490197	1.41176470588236	3.2156862745098	2.62745098039216	3.76470588235294	5.70588235294118	6.7913725490196	11.3949019607843	6.35294117647059	7.89019607843137	13.9733333333333	15.7647058823529	12.0090196078431	17.0803921568627	28.0180392156863	25.3333333333333	27.3921568627451	13.1035294117647
"601"	"YC19:2081"	1	27	"PHGW7"	"2"	2	0.745098039215689	2.27450980392157	2.3921568627451	1.72549019607843	1.74196078431372	1.56862745098039	4.58823529411765	8.47058823529411	11.0196078431373	13.8039215686274	9.52941176470589	10.6666666666667	17.2549019607843	13.4509803921569	12.9803921568627	19.9607843137255	31.1764705882353	28.7317647058823	27.8823529411765	13.0196078431373
"602"	"YC19:2082"	1	58	"NK778"	"2"	1.66431372549019	1.09803921568627	2.12196078431373	1.96078431372549	0.980392156862742	2.82352941176471	2.23529411764706	3.18745098039216	3.76470588235294	3.66196078431373	10.9411764705882	4.47058823529412	8.6921568627451	15.843137254902	14.8235294117647	11.6917647058824	17.6117647058823	27.843137254902	26.8560784313725	27.7647058823529	12.201568627451
"603"	"YC19:2083"	1	161	"DKPB80"	"2"	2.50980392156863	1.01960784313726	1.48235294117647	2	1.29411764705882	2.23529411764706	2.47058823529412	4.75294117647059	8.60392156862745	13.4117647058824	14.9019607843137	9.6078431372549	10.4313725490196	13.8039215686274	14.3529411764706	9.72549019607843	20.2435294117647	30.4705882352941	28.1074509803922	29.5294117647059	13.7254901960784
"604"	"YC19:2084"	1	95	"764"	"2"	2.04745098039216	1.18823529411764	1.52941176470588	2	1.05882352941176	1.72549019607843	2.0113725490196	3.80392156862745	6.88235294117647	11.1929411764706	13.4117647058823	8.16156862745098	9.01960784313726	15.8823529411765	17.2941176470588	11.0980392156863	18.4996078431373	28.3694117647059	24.5490196078431	24.0078431372549	11.6862745098039
"605"	"YC19:2085"	1	171	"MS1334"	"2"	2.6	0.784313725490199	1.25490196078431	1.88235294117647	1.29411764705883	1.96470588235294	1.56862745098039	2.47058823529412	3.81647058823529	1.17647058823529	7.62431372549019	0.980392156862747	7.28784313725489	13.1737254901961	15.5729411764706	12.9019607843137	13.5070588235294	21.9388235294118	19.2941176470588	18.4756862745098	9.92156862745098
"606"	"YC19:2086"	1	80	"OS602"	"2"	2.29019607843138	0.784313725490193	1.29411764705882	1.84313725490196	0.862745098039213	1.92156862745098	1.6078431372549	3.45098039215686	7.03921568627451	10.6117647058824	13.1764705882353	6.38078431372549	9.49019607843137	16.7505882352941	16.3803921568627	11.8039215686274	19.6949019607843	29.9482352941176	25.2180392156863	26.2952941176471	12.5098039215686
"607"	"YC19:2087"	1	228	"LH93"	"2"	1.76470588235294	1.13725490196079	1.37254901960784	1.84313725490196	1.29411764705882	2.49019607843137	1.80392156862745	3.57647058823529	5.45098039215686	8.92078431372549	12.7843137254902	2.78941176470587	9.80392156862745	15.5686274509804	15.0588235294118	12.5098039215686	16.7058823529412	27.356862745098	25.2156862745098	27.0196078431373	13.6078431372549
"608"	"YC19:2088"	1	79	"N197"	"2"	1.6078431372549	0.796078431372549	1.37254901960785	2	0.901960784313722	1.68627450980392	2.47058823529412	4.8313725490196	7.60784313725491	11.3658823529412	17.8486274509804	8.38078431372549	12.8235294117647	20.9635294117647	16.9411764705882	11.3333333333333	23.2701960784314	34.336862745098	28.5678431372549	25.9976470588235	12.5921568627451
"609"	"YC19:2089"	1	67	"EAST 028"	"2"	1.56862745098039	0.784313725490199	1.41176470588236	1.92156862745098	1.29411764705882	3.25490196078431	3.13725490196079	5.64705882352941	9.45098039215687	14.3137254901961	17.3333333333333	10.9803921568627	11.6470588235294	16.3921568627451	17.5686274509804	12	18.3788235294118	28.381568627451	25.923137254902	23.7450980392157	12
"610"	"YC19:2090"	1	194	"W612S"	"2"	1.88235294117647	0.980392156862744	1.33333333333334	2.09411764705882	1.17647058823529	1.6078431372549	1.72549019607843	3.41176470588235	5.72549019607843	8.76627450980391	13.7254901960784	5.72549019607843	10.478431372549	14.1176470588235	16.1466666666667	10.9921568627451	18.0392156862745	30.7725490196078	26.3529411764706	23.0392156862745	12.2352941176471
"611"	"YC19:2091"	1	158	"CI 40H"	"2"	1.52941176470588	0.784313725490199	1.2156862745098	1.52941176470588	1.37254901960785	3.12941176470588	2.70588235294117	5.52941176470588	9.25490196078431	14.1952941176471	15.0643137254902	10.2745098039216	10.9803921568627	14.9592156862745	13.7690196078431	13.2274509803922	21.843137254902	33.803137254902	29.7372549019608	30.1921568627451	14.1286274509804
"612"	"YC19:2092"	1	187	"PHW30"	"2"	2	1.1764705882353	1.29411764705882	2.17254901960785	1.25490196078432	1.92156862745098	1.64705882352941	4.57803921568628	7.01960784313726	12.6666666666667	16.2352941176471	9.29411764705882	10.9341176470588	17.3388235294118	12.8627450980392	14.5098039215686	20.9411764705882	33.8094117647059	29.1372549019608	28.4705882352941	13.4956862745098
"613"	"YC19:2093"	1	175	"NQ508"	"2"	1.49019607843137	1.1764705882353	1.56862745098039	1.72549019607843	1.09803921568627	2.82627450980392	2.76745098039215	6.40196078431373	9.76470588235294	14.4705882352941	16.7843137254902	10.1960784313725	10.9019607843137	18.7843137254902	14.4705882352941	12.1313725490196	22.4705882352941	33.9662745098039	30.5647058823529	30.5490196078431	14.0392156862745
"614"	"YC19:2094"	1	252	"PH207"	"2"	2.15686274509804	1.05882352941176	1.57294117647058	1.8721568627451	1.25490196078431	2.03960784313725	1.92156862745098	5.11372549019607	8.82352941176471	13.4509803921569	14.2196078431373	9.55725490196078	10.5098039215686	19.0980392156863	11.921568627451	11.3333333333333	21.4549019607843	32.8235294117647	28.7478431372549	27.0588235294118	13.7647058823529
"615"	"YC19:2095"	1	61	"W153R"	"2"	1.56862745098039	0.784313725490193	1.99999999999999	1.88235294117648	1.54901960784313	1.96078431372549	1.24	2.27450980392157	3.89019607843137	4.10862745098039	10.4705882352941	3.37254901960784	7.35647058823529	13.7643137254902	13.0588235294118	12.8274509803922	15.8866666666667	24.9411764705882	22.5490196078431	22.078431372549	12.7058823529412
"616"	"YC19:2096"	1	153	"B76"	"2"	1.80392156862745	1.56862745098039	1.91372549019608	1.80392156862746	1.37254901960784	3.29411764705882	3.13725490196078	5.1878431372549	7.76470588235294	12.0725490196078	14.3137254901961	9.01960784313725	9.05882352941176	14.8627450980392	14.6564705882353	13.921568627451	18.8627450980392	30.2588235294118	26.8352941176471	27.2549019607843	12.8627450980392
"617"	"YC19:2097"	1	218	"C103"	"2"	1.84313725490196	0.784313725490193	1.76470588235295	1.98980392156863	1.76470588235295	1.56862745098039	1.01960784313725	2.51019607843137	3.38039215686275	1.76470588235294	10.4650980392157	2.9278431372549	8.41764705882353	13.7254901960784	14.1819607843137	13.2549019607843	15.921568627451	26.0639215686274	24.6027450980392	24.9803921568627	12.5764705882353
"618"	"YC19:2098"	1	232	"MS211"	"2"	2.07843137254902	0.784313725490199	1.88235294117648	1.64705882352942	1.09803921568628	2.86274509803922	2.35294117647059	3.6078431372549	5.38431372549019	8.38941176470588	9.58941176470587	6.18470588235294	7.21568627450981	11.4509803921569	13.0196078431373	12	15.9294117647059	26.3411764705882	24.3137254901961	24.9803921568627	12.078431372549
"619"	"YC19:2099"	1	201	"2FADB"	"2"	2.58823529411765	0.487843137254899	1.29411764705882	1.96078431372549	1.6078431372549	1.84313725490196	1.41176470588235	2.98039215686275	4.27450980392157	5.64705882352941	11.1490196078431	4.51764705882353	9.2156862745098	13.4509803921569	14.078431372549	9.34901960784313	17.4117647058824	29.7490196078431	25.2549019607843	24.4313725490196	12.9019607843137
"620"	"YC19:2100"	1	193	"W605S"	"2"	2.31372549019608	1.96078431372549	2.15686274509803	1.92156862745098	1.33333333333333	3.52941176470588	2.98039215686274	5.13725490196078	8.47058823529412	11.3333333333333	14.1909803921569	8.77294117647058	9.52941176470588	15.2549019607843	12.0549019607843	11.1266666666667	20.0392156862745	31.5192156862745	28.6980392156863	30.3098039215686	13.7643137254902
"621"	"YC19:2101"	1	78	"MS225"	"2"	1.72549019607843	0.784313725490199	1.88235294117647	1.88235294117647	1.49019607843137	1.52941176470588	1.52941176470588	4.03921568627451	6.66666666666667	9.80392156862745	12.8627450980392	7.84313725490196	9.33333333333333	13.2941176470588	14.0737254901961	9.72549019607843	17.843137254902	28.078431372549	26.8627450980392	28.3541176470588	14.1960784313726
"622"	"YC19:2102"	1	132	"Oh40B"	"2"	1.92156862745098	1.19450980392156	2.23529411764706	1.80392156862745	0.980392156862747	2.62745098039216	2.64549019607843	5.1764705882353	7.76470588235294	12.083137254902	13.4509803921569	8.31372549019608	9.76470588235294	13.4509803921569	8.13647058823529	9.86549019607843	18.6709803921569	29.1035294117647	25.6078431372549	26.2823529411765	13.6301960784314
"623"	"YC19:2103"	1	5	"MS116"	"2"	2.66666666666667	0.784313725490199	1.25490196078432	1.88235294117647	1.60784313725491	1.58039215686274	1.64705882352941	3.72549019607843	6.15686274509804	9.14	12.3572549019608	7.37254901960784	8.90196078431373	11.3388235294118	2.47058823529411	11.8039215686274	17.6862745098039	27.2941176470588	26.5490196078431	26.2352941176471	13.5294117647059
"624"	"YC19:2104"	1	121	"LH38"	"2"	1.84313725490196	1.1764705882353	2	1.84313725490196	0.980392156862753	2.27450980392157	1.6078431372549	1.72549019607843	1.96078431372549	1.64705882352941	3.25843137254902	1.30509803921568	4.94117647058823	12.121568627451	1.56862745098039	12.078431372549	16.4313725490196	25.6870588235294	23.4901960784314	25.4117647058824	12
"625"	"YC19:2105"	1	173	"N193"	"2"	2.07843137254902	1.25490196078431	1.76470588235295	2.23529411764705	1.33333333333333	2.82352941176471	2.07843137254902	4	5.52941176470588	10.1137254901961	11.9376470588235	7.33333333333333	8.74509803921568	13.8823529411765	1.01960784313726	9.52941176470588	16.96	28.6274509803922	24.8172549019608	24.1176470588235	11.0588235294118
"626"	"YC19:2106"	1	8	"PHVJ4"	"2"	2.35294117647059	0.745098039215689	1.13725490196079	1.96078431372549	1.45098039215686	2.45098039215686	1.41176470588235	3.09803921568628	4.23529411764706	4.51333333333334	10.3764705882353	3.18745098039215	8.58823529411765	15.1129411764706	1.84313725490196	13.5258823529412	18.1176470588235	28.7952941176471	25.3333333333333	26.9803921568627	11.5403921568627
"627"	"YC19:2107"	1	39	"29MIBZ2"	"2"	1.6078431372549	1.45098039215686	2.74509803921568	1.80392156862745	0.901960784313722	2.82352941176471	2.19607843137255	4.35294117647059	6.24705882352941	12.5325490196078	13.8039215686274	8.58823529411765	9.29411764705882	14.7058823529412	9.13725490196079	12.9921568627451	19.0980392156863	30.5949019607843	25.4219607843137	23.9607843137255	11.6533333333333
"628"	"YC19:2108"	1	214	"B-28"	"2"	2.07843137254902	1.15960784313725	2.0392156862745	2.19607843137255	1.49019607843137	2.27450980392157	1.49019607843137	3.03411764705882	4.19607843137255	1.90666666666667	9.41176470588236	1.33333333333333	8.01137254901961	13.1886274509804	14.4313725490196	13.5125490196078	15.6509803921569	25.1372549019608	21.6929411764706	23.2549019607843	11.7686274509804
"629"	"YC19:2109"	1	17	"CA-4"	"2"	2.43882352941176	1.96078431372549	2.15686274509804	2.19607843137255	1.37254901960785	3.29294117647059	2.43137254901961	3.84313725490196	5.64705882352941	7.1078431372549	11.4901960784314	6.39215686274509	7.68627450980392	14.8627450980392	13.0588235294118	11.4901960784314	16.398431372549	25.2392156862745	21.4509803921569	22.6156862745098	13.2603921568627
"630"	"YC19:2110"	1	241	"PHG80"	"2"	2.66666666666667	0.784313725490193	1.64705882352942	1.88235294117647	1.37254901960785	2.50980392156863	1.71019607843137	3.64705882352941	5.78705882352941	11.0470588235294	15.2156862745098	6.74509803921569	10.3333333333333	18.7843137254902	14.4705882352941	10.9803921568627	22.9454901960784	34.5949019607843	32.2745098039216	31.1372549019608	14.5545098039216
"631"	"YC19:2111"	1	90	"PHT69"	"2"	1.84313725490196	0.784313725490199	1.84313725490197	1.68627450980393	0.980392156862742	2.64156862745098	1.73725490196079	3.25098039215686	5.03921568627451	2.23529411764706	11.4564705882353	1.50117647058823	8.50980392156863	15.8705882352941	13.9607843137255	10.9411764705882	19.2156862745098	30.9913725490196	27.0980392156863	26.5843137254902	13.5686274509804
"632"	"YC19:2112"	1	98	"A374"	"2"	2	0.42705882352941	1.60784313725491	2.23529411764706	1.68627450980392	2.39607843137255	2.19607843137255	6.35294117647059	10.6666666666667	16.1960784313725	17.0588235294118	10.6274509803922	11.5764705882353	16.7843137254902	12.0392156862745	10.9019607843137	21.1372549019608	33.0196078431373	29.6266666666667	27.6078431372549	12.5490196078431
"633"	"YC19:2113"	1	65	"A208"	"2"	1.80392156862745	1.56862745098039	1.68627450980392	2.03921568627451	1.13725490196078	3.72549019607843	2.50980392156863	5.45098039215686	7.82627450980392	12.941568627451	15.6003921568627	9.01960784313725	10.156862745098	13.8549019607843	13.4698039215686	12.0839215686275	18.7101960784314	31.3780392156863	25.9607843137255	25.0588235294118	11.6341176470588
"634"	"YC19:2114"	1	31	"PHV37"	"2"	2.11764705882353	0.627450980392155	1.41176470588235	1.64705882352942	1.49019607843138	2.47058823529412	2.91372549019607	6.15686274509804	9.17647058823529	12.9411764705882	14.3870588235294	8.47058823529412	9.64705882352941	15.0980392156863	17.2156862745098	11.6862745098039	18.1176470588235	28.7686274509804	25.3843137254902	25.9607843137255	12.7113725490196
"635"	"YC19:2115"	1	207	"A627"	"2"	2.23529411764706	0.745098039215684	1.49019607843137	2.27450980392157	1.01960784313726	2.35294117647059	2.06156862745098	4.41176470588235	7.56862745098039	11.4360784313725	13.9607843137255	8.26313725490196	9.52941176470588	15.6027450980392	16.2352941176471	12.7843137254902	18.156862745098	28.3529411764706	24.9019607843137	26.3411764705882	12.3960784313725
"636"	"YC19:2116"	1	42	"A548"	"2"	1.49019607843137	1.21568627450981	1.29411764705883	2.03921568627451	1.17647058823529	2.66666666666667	2.03921568627451	3.66666666666667	7.43137254901961	10.8235294117647	12.8796078431373	8.19607843137255	8.98039215686275	15.5909803921569	16.7843137254902	11.7043137254902	18.0435294117647	29.0588235294118	25.1333333333333	22.5843137254902	10.9411764705882
"637"	"YC19:2117"	1	18	"CM105"	"2"	1.88235294117647	1.37254901960784	1.5686274509804	2.07843137254902	1.37254901960784	2	2.3921568627451	5.13725490196079	7.88235294117647	13.4509803921569	15.9270588235294	9.72549019607843	10.9411764705882	15.1466666666667	13.7294117647059	11.2156862745098	19.7443137254902	29.921568627451	22.0039215686274	19.2078431372549	10.7843137254902
"638"	"YC19:2118"	1	245	"R113"	"2"	1.6078431372549	0.784313725490199	1.41176470588236	1.72549019607843	1.52941176470588	1.80392156862745	1.29411764705882	1.68627450980392	2.47058823529412	2.26313725490193	5.27725490196078	4.89803921568627	7.88	16.3921568627451	13.8533333333333	12.6274509803922	13.6470588235294	24.4039215686274	21.5329411764706	22.1019607843137	14.078431372549
"639"	"YC19:2119"	1	256	"B73"	"2"	2	1.17647058823529	1.09803921568628	1.96078431372549	1.29411764705882	1.80392156862745	2.43137254901961	5.37254901960784	8.35294117647059	13.0588235294118	15.556862745098	9.41176470588235	10.6666666666667	15.9607843137255	13.6470588235294	12.3137254901961	21.1764705882353	33.1372549019608	29.401568627451	29.8823529411765	14.6274509803922
"640"	"YC19:2120"	1	6	"ND265"	"2"	1.25490196078431	0.745098039215689	1.29411764705882	1.76470588235294	1.37254901960785	1.88235294117647	1.64705882352941	4.03921568627451	6.70588235294118	11.8	14.3360784313726	9.13725490196079	10.4313725490196	12.1960784313726	14.9019607843137	11.4117647058824	18.2745098039216	32.2694117647059	26.2745098039216	25.2941176470588	12.1960784313726
"641"	"YC19:2121"	1	62	"W552"	"2"	1.68627450980392	1.17647058823529	1.52941176470588	1.80392156862745	0.980392156862753	1.96078431372549	1.58666666666667	2.86274509803922	5.88235294117647	12.7156862745098	14.7450980392157	9.43960784313725	10.078431372549	13.4439215686274	15.6470588235294	12.5952941176471	18.7450980392157	28.3192156862745	29.0411764705882	29.7254901960784	12
"642"	"YC19:2122"	1	129	"MS224"	"2"	1.88235294117647	0.784313725490199	1.54823529411764	2.03921568627451	1.52941176470589	2.15686274509804	2.07843137254902	4.50980392156863	7.76470588235294	13.1223529411765	15.764705882353	10.1960784313725	11.3333333333333	12.8941176470588	13.8980392156863	11.9607843137255	20.7450980392157	31.0313725490196	28.0682352941176	30.3137254901961	13.0196078431373
"643"	"YC19:2123"	1	216	"B114"	"2"	2.70588235294118	0.784313725490193	1.45098039215686	2	0.980392156862742	2.11764705882353	1.30588235294118	4.07843137254902	5.90196078431372	9.29725490196078	15.3580392156863	7.03058823529412	10.1960784313725	15.3164705882353	15.7835294117647	11.3725490196078	19.5686274509804	29.7254901960784	27.6980392156863	27.0588235294118	13.2941176470588
"644"	"YC19:2124"	1	254	"PH207"	"2"	2.3035294117647	1.1764705882353	1.41176470588236	1.72549019607843	1.49019607843137	1.96078431372549	1.63294117647059	3.80392156862745	6.00392156862745	9.96078431372549	13.2603921568627	7.34431372549019	9.33333333333334	16.436862745098	13.8039215686274	12.3137254901961	18.7843137254902	30.3976470588235	26.9294117647059	27.3725490196078	12.7058823529412
"645"	"YC19:2125"	1	236	"NC310"	"2"	2.31372549019608	1.21568627450981	1.05882352941177	1.76470588235294	1.17647058823529	1.68627450980392	2.27450980392157	4.90196078431373	7.64705882352941	12.2313725490196	14.2745098039216	9.01568627450981	9.72549019607843	16.2462745098039	15.7152941176471	12.4313725490196	20.078431372549	31.6262745098039	26.8627450980392	26.078431372549	12.9741176470588
"646"	"YC19:2126"	1	205	"A272"	"2"	2.47058823529412	0.784313725490199	1.37254901960785	2.23529411764706	1.37254901960785	1.72549019607843	1.64705882352941	2.43490196078431	3.7843137254902	7.73019607843137	12.5098039215686	4.46313725490193	9.49019607843137	13.921568627451	15.141568627451	10.7976470588235	18.8913725490196	30.2407843137255	26	27.7647058823529	13.8823529411765
"647"	"YC19:2127"	1	88	"PHP76"	"2"	2.23529411764706	1.17647058823529	2.27450980392157	2.13333333333333	1.07843137254903	2.74509803921569	2.58823529411764	4.66666666666667	7.33333333333333	10.9156862745098	13.9607843137255	8.54901960784314	9.3921568627451	16.2329411764706	14.5098039215686	10.6274509803922	18.9019607843137	31.0588235294118	27.0588235294118	27.2156862745098	13.6078431372549
"648"	"YC19:2128"	1	208	"A632"	"2"	1.84313725490196	0.784313725490193	2.35294117647059	2.35294117647059	2.11764705882353	2.03921568627451	1.80392156862745	4.86274509803922	8.54901960784314	11.3960784313726	14.8066666666667	8.52431372549019	10.3137254901961	18.0392156862745	14.6564705882353	11.5611764705882	20.3921568627451	32.3894117647059	29.2156862745098	26.6674509803922	13.2941176470588
"649"	"YC19:2129"	1	200	"78010"	"2"	1.96078431372549	2.35294117647059	1.37254901960784	1.96078431372549	1.39215686274509	3.09803921568627	3.01960784313726	4.69607843137255	6.82745098039216	7.01960784313725	13.5066666666667	6.44235294117647	9.29411764705882	15.2	15.6862745098039	10.4705882352941	19.5105882352941	29.7254901960784	24.2549019607843	24.6101960784314	11.843137254902
"650"	"YC19:2130"	1	107	"CR14"	"2"	2.66666666666667	0.784313725490193	1.72549019607843	2.27450980392157	1.44705882352941	1.96078431372549	1.1764705882353	1.45098039215686	1.41176470588235	0.784313725490193	2.71294117647059	1.01960784313725	3.25490196078432	14.6274509803922	14.8133333333333	7.26156862745098	7.76470588235294	20.9058823529412	14.5666666666667	18.5149019607843	9.80392156862745
"651"	"YC19:2131"	1	127	"MS153"	"2"	2.31372549019608	1.21568627450981	2.23529411764705	1.84313725490195	1.05882352941176	2.50980392156863	2.23529411764706	4.03921568627451	6.17647058823529	10.3474509803922	13.8529411764706	7.1764705882353	9.25490196078431	14.9635294117647	14.7843137254902	7.94470588235293	17.8678431372549	28.4760784313725	26.7843137254902	26.5388235294118	12.3976470588235
"652"	"YC19:2132"	1	35	"W117Ht"	"2"	2.3921568627451	0.784313725490193	1.92156862745097	2.43137254901961	1.56862745098039	1.68627450980392	1.56862745098039	4.03921568627451	4.74509803921569	8.71686274509804	13.1843137254902	5.15372549019608	9.2156862745098	15.7647058823529	15.6078431372549	10.8850980392157	15.2549019607843	25.2941176470588	23.9329411764706	23.3670588235294	13.2941176470588
"653"	"YC19:2133"	1	46	"CH753-4"	"2"	1.96039215686274	1.96078431372548	1.64705882352941	1.84313725490195	1.29411764705883	2.38666666666667	2.3921568627451	2.50980392156863	3.92156862745098	2.27450980392157	5.35254901960784	1.84313725490197	3.30588235294117	10.7674509803922	14.5490196078431	11.1372549019608	9.97960784313726	18.7823529411765	16.1850980392157	16.1529411764706	8.31372549019608
"654"	"YC19:2134"	1	176	"NY 159 (Neveh Yaar)"	"2"	1.95176470588236	0.784313725490193	1.41176470588235	2.0392156862745	1.52941176470589	1.29411764705882	0.941176470588232	1.56862745098039	1.80392156862745	1.05882352941177	3.29254901960785	1.63372549019608	2.3529411764706	13.5294117647059	12.9803921568627	10.9803921568627	13.6156862745098	22.6266666666667	20.078431372549	22.078431372549	10.7505882352941
"655"	"YC19:2135"	1	134	"PHBW8"	"2"	2.12196078431372	1.5686274509804	2.07843137254902	1.88235294117647	1.25490196078432	2.09960784313725	1.80392156862745	2.29686274509804	2.8235294117647	2.59176470588235	10.1176470588235	2.03921568627451	5.64705882352942	11.1764705882353	14.6317647058824	11.1372549019608	13.0007843137255	21.8823529411765	22.4705882352941	23.1960784313725	11.6862745098039
"656"	"YC19:2136"	1	235	"N6"	"2"	1.96078431372549	0.784313725490193	1.13725490196079	2	1.74509803921569	1.88235294117647	1.56862745098039	4.31372549019608	6.67843137254903	6.82352941176471	12.4313725490196	5.25490196078432	9.45098039215686	14.28	10.9803921568627	10.2745098039216	17.7254901960784	28.7725490196078	24.8772549019608	25.9803921568627	12.5882352941176
"657"	"YC19:2137"	1	74	"LH295"	"2"	2.36862745098039	1.17647058823529	1.37254901960785	1.84313725490196	1.05882352941176	1.6078431372549	1.80392156862745	4.15686274509804	6.27450980392157	9.13725490196079	14.6274509803921	5.15607843137255	10.4313725490196	15.5705882352941	9.37254901960784	10.9019607843137	17.8866666666667	28.5803921568627	24.5996078431373	23.0588235294118	11.4172549019608
"658"	"YC19:2138"	1	152	"B103"	"2"	1.72549019607843	1.17647058823529	1.29411764705883	2.27450980392157	1.52941176470588	2.54901960784313	2.19607843137255	5.06666666666667	6.90196078431372	10.8345098039216	14.0509803921569	7.59647058823528	9.80392156862746	15.2156862745098	11.9113725490196	9.37254901960784	17.9607843137255	28.0392156862745	25.8066666666667	27.7137254901961	12.6274509803922
"659"	"YC19:2139"	1	211	"A659"	"2"	2.47058823529411	1.52941176470589	1.45098039215686	1.96078431372549	1.37254901960784	2.27450980392157	2.34862745098039	4.70588235294118	6.03921568627451	11.2117647058824	13.0588235294118	7.67490196078431	8.3921568627451	12.3921568627451	13.6862745098039	8.58823529411764	16.6666666666667	27.921568627451	26.0392156862745	26.7450980392157	12.078431372549
"660"	"YC19:2140"	1	40	"A334"	"2"	2.35294117647059	0.874509803921568	1.56862745098039	2.11764705882353	1.52941176470589	2.15686274509804	2.15686274509804	4	6.54901960784314	11.0588235294118	11.6694117647059	7.84313725490196	8.87058823529412	14.3137254901961	14.6709803921569	9.22117647058824	18.2352941176471	28.9074509803921	26.7843137254902	24.8235294117647	12.2745098039216
"661"	"YC19:2141"	1	116	"LH145"	"2"	2.21176470588235	0.784313725490193	1.45098039215686	2.15686274509804	1.41176470588236	1.68627450980392	1.52941176470588	2.35294117647059	3.64705882352941	3.6078431372549	8.50980392156863	2.39294117647059	7.70274509803922	13.9439215686275	14.1960784313725	9.72549019607843	13.6470588235294	28.8678431372549	22.7513725490196	25.4760784313726	13.1372549019608
"662"	"YC19:2142"	1	139	"SD102"	"2"	1.56862745098039	1.29411764705882	1.37254901960784	2.11764705882353	1.01960784313725	2.23529411764706	2.03921568627451	3.96078431372549	6.23921568627451	9.52941176470588	11.3725490196078	6.74509803921569	7.45098039215686	12.1450980392157	14.0313725490196	10.0392156862745	14.6070588235294	22.7560784313726	19.6862745098039	20.1690196078431	9.45098039215686
"663"	"YC19:2143"	1	226	"LH127"	"2"	2.62745098039216	1.1764705882353	1.45098039215686	1.92156862745098	1.17647058823529	1.69803921568627	1.6164705882353	2.56509803921568	3.2156862745098	1.28980392156863	4.31372549019608	0.919999999999994	6.19607843137255	14.5490196078431	13.7647058823529	10.3137254901961	14.3137254901961	22.7058823529412	16.7933333333333	17.2941176470588	11.1764705882353
"664"	"YC19:2144"	1	197	"792"	"2"	2.17607843137255	0.862745098039224	1.84313725490196	2.11764705882353	1.2156862745098	1.68627450980392	1.56862745098039	2.23529411764706	2.76470588235294	2.66666666666667	6.04470588235294	1.73019607843137	6.66666666666667	12.1960784313725	13.3482352941176	11.0196078431373	12.2478431372549	23.5294117647059	18.5098039215686	24.5301960784314	10.6666666666667
"665"	"YC19:2145"	1	3	"A572"	"2"	1.52941176470588	1.56862745098039	1.84313725490196	2	1.1764705882353	2.31372549019608	2.11764705882353	2.98039215686274	4.70588235294117	7.37019607843137	10.4749019607843	6.74509803921569	7.90352941176471	11.8470588235294	12.2745098039216	10.4976470588235	16.5882352941176	26.3529411764706	22.8627450980392	19.5686274509804	9.13725490196078
"666"	"YC19:2146"	1	162	"Eng-Li Chih"	"2"	1.56862745098039	1.13725490196078	1.21568627450981	2.03921568627451	1.72549019607843	3.05882352941176	1.72941176470589	3.37254901960784	5.06274509803921	8.07176470588235	9.3556862745098	5.12588235294117	7.6078431372549	10.5490196078431	11.4274509803922	12.5098039215686	14.9019607843137	26.9411764705882	23.9764705882353	26.2745098039216	10.8235294117647
"667"	"YC19:2147"	1	248	"SD40"	"2"	1.96078431372549	1.09803921568628	1.64705882352941	2.15686274509804	1.36078431372549	2.07843137254902	1.88235294117648	4.24039215686274	5.70196078431373	10.6274509803922	12.9019607843137	6.65882352941176	9.29411764705883	15.4572549019608	12.5533333333333	9.25490196078431	18.2745098039216	27.921568627451	25.0980392156863	26.4705882352941	13.3333333333333
"668"	"YC19:2148"	1	57	"ND247"	"2"	2.30352941176471	1.13725490196079	1.56862745098039	1.92156862745098	1.62745098039216	2.35294117647059	1.84313725490195	3.05882352941176	4.40235294117647	2.32470588235294	9.65254901960785	1.41176470588235	7.11058823529412	13.921568627451	12.3427450980392	11.0588235294118	16.7058823529412	24.5490196078431	20.5882352941176	20.4960784313725	10.6329411764706
"669"	"YC19:2149"	1	257	"B73"	"2"	2.12901960784314	1.01960784313725	1.41176470588235	1.91137254901961	1.64705882352941	2.27450980392157	2.15686274509804	3.20156862745098	5.80784313725491	11.6337254901961	13.2380392156863	8.27450980392157	9.6078431372549	16.6941176470588	11.7803921568628	10.5490196078431	19.6470588235294	31.0196078431373	27.6760784313725	29.6078431372549	14
"670"	"YC19:2150"	1	100	"A649"	"2"	2.03921568627451	1.17647058823529	1.92156862745098	2	1.33333333333333	1.76470588235294	1.25490196078431	2.07843137254902	2.70588235294117	1.52941176470588	6.14313725490195	1.13725490196078	5.49019607843137	13.9125490196079	12.9019607843137	10.5521568627451	26.5098039215686	30.7760784313725	20.3137254901961	18.156862745098	10.8235294117647
"671"	"YC19:2151"	1	12	"911"	"2"	2.15686274509804	1.01960784313725	2.23529411764706	2.07843137254902	1.33333333333333	1.92156862745098	1.76470588235295	3.17647058823529	4.47058823529412	6.35294117647059	11.4509803921569	6.08313725490197	8.23529411764706	14.9803921568627	14.2745098039216	10.5137254901961	16.5925490196078	26.0447058823529	23.3333333333333	23.0588235294118	11.3662745098039
"672"	"YC19:2152"	1	196	"DJ7"	"2"	6	0.784313725490193	1.13725490196078	1.96078431372549	1.92156862745098	1.84313725490196	1.45098039215687	2.98039215686274	5.07843137254902	7.37137254901961	11.6313725490196	4.50980392156863	8.62745098039215	14.7843137254902	12.0290196078431	0.705882352941179	17.3521568627451	28.3976470588235	25.521568627451	27.1725490196078	14.8235294117647
"673"	"YC19:2153"	1	202	"2MA22"	"2"	5.48470588235293	1.01960784313725	1.17647058823529	2.23529411764706	1.96078431372549	2.70588235294118	1.60784313725491	2.54901960784314	4.27450980392157	1.49019607843137	9.41176470588235	1.22666666666666	5.80392156862745	10	13.0196078431373	0.666666666666664	13.4901960784314	20.6419607843137	18.8627450980392	22.2156862745098	11.0250980392157
"674"	"YC19:2154"	1	189	"SD101"	"2"	1.52941176470588	1.17647058823529	2.03921568627451	2.15686274509804	1.09803921568627	1.92156862745098	1.80392156862746	2.7843137254902	4.11764705882353	4.4870588235294	9.64705882352941	3.16588235294117	6.94117647058824	11.5176470588235	14.4705882352941	12.1960784313725	18.4	20.8152941176471	18.9396078431373	20.1960784313725	10.0627450980392
"675"	"YC19:2155"	1	179	"PHB47"	"2"	1.64705882352941	1.11098039215686	1.6078431372549	2.19607843137255	1.6078431372549	1.88235294117647	1.72549019607843	3.64705882352941	5.13725490196079	7.62980392156863	11.4564705882353	6.82823529411764	8.50980392156863	14.8627450980392	13.6470588235294	12	18.156862745098	28.3529411764706	25.7647058823529	26.6666666666667	10.9803921568627
"676"	"YC19:2156"	1	7	"OQ403"	"2"	2.58823529411765	0.901960784313733	1.56862745098039	2.15686274509804	1.87058823529411	2.4313725490196	1.56862745098039	2.19098039215686	2.43137254901961	3.04745098039216	12	3.92156862745097	8.47058823529412	14.7058823529412	15.7647058823529	7.51411764705883	17.0196078431373	26.9411764705882	25.0423529411765	21.9882352941177	10.436862745098
"677"	"YC19:2157"	1	47	"CS405"	"2"	2.31372549019608	1.1764705882353	1.76470588235294	2.11764705882353	1.41176470588235	1.76470588235294	1.84313725490197	3.80392156862745	4.15686274509804	7.87098039215686	12.0423529411765	4.23529411764706	8.86274509803921	14.7058823529412	14.1960784313726	8.52156862745098	18.2149019607843	30.9466666666667	25.4509803921569	27.4470588235294	10.9058823529412
"678"	"YC19:2158"	1	111	"DKMBNA"	"2"	1.56862745098039	1.33333333333333	1.64705882352941	2.03921568627451	1.25490196078431	2.54901960784314	2.27450980392157	4.2235294117647	6.13333333333334	10.6274509803922	13.6862745098039	6.24	9.9607843137255	14.5937254901961	14.3529411764706	9.47333333333333	19.8709803921569	27.2996078431373	27.0196078431372	27.5098039215686	11.8878431372549
"679"	"YC19:2159"	1	71	"ICI581"	"2"	1.45098039215686	0.901960784313722	1.52941176470588	2.15686274509804	2.03921568627451	2.3921568627451	1.37254901960784	2.86274509803922	5.01960784313726	7.50666666666666	11.2270588235294	3.96078431372549	8.47058823529412	16.14	14.5141176470588	11.2941176470588	19.3254901960784	31.1372549019608	24.3137254901961	27.2941176470588	13.2156862745098
"680"	"YC19:2160"	1	255	"PH207"	"2"	1.80392156862745	1.52941176470588	2	2.22509803921569	0.980392156862747	1.88235294117647	2	3.86941176470588	5.37254901960785	11.6478431372549	13.6525490196078	7.94941176470588	9.84313725490196	16.7843137254902	15.0980392156863	10.5098039215686	20.4313725490196	31.5686274509804	27.6470588235294	26.0392156862745	12.6890196078431
"681"	"YC19:2161"	1	128	"MS200"	"2"	1.52941176470588	1.1764705882353	1.41176470588235	2.23529411764706	1.52941176470588	1.56862745098039	2.27450980392157	4.07843137254902	6.68627450980392	12.2745098039216	13.8823529411765	7.8949019607843	9.56862745098039	15.4549019607843	14.3137254901961	11.6078431372549	18.0392156862745	29.4352941176471	24.3035294117647	22.5490196078431	10.3529411764706
"682"	"YC19:2162"	1	148	"A634"	"2"	2.50980392156863	1.2156862745098	1.56862745098039	2.15686274509804	1.41176470588235	1.88235294117647	2.00392156862745	4.52823529411765	7.25490196078431	11.921568627451	14.3529411764706	8.58823529411765	10.2745098039216	15.7294117647059	14.8235294117647	10.7843137254902	18.7058823529412	29.9662745098039	27.2549019607843	26.1176470588235	12.3529411764706
"683"	"YC19:2163"	1	157	"C123"	"2"	1.80392156862745	1.13725490196078	1.41176470588235	2.19607843137255	1.52941176470588	1.56862745098039	1.41176470588235	2.23529411764706	3.12039215686275	3.2156862745098	7.05882352941176	2.12862745098039	6.82352941176471	15.4403921568627	14.7843137254902	13.0196078431373	17.4992156862745	26.6666666666667	22.156862745098	21.9650980392157	10.7843137254902
"684"	"YC19:2164"	1	178	"Pa405"	"2"	1.96470588235294	1.17647058823529	1.76470588235294	1.96078431372549	1.21568627450981	1.41176470588235	1.68627450980392	3.68156862745098	5.71254901960784	10.9337254901961	13.4341176470588	7.32196078431372	9.52941176470588	16.118431372549	14.9019607843137	11.6917647058824	18.5490196078431	29.2380392156863	26.156862745098	27.5125490196078	12.7176470588235
"685"	"YC19:2165"	1	52	"LH166"	"2"	2.74509803921568	0.862745098039224	1.1764705882353	2.19607843137255	1.6078431372549	2.21215686274509	2.11764705882353	3.99529411764706	6.41176470588236	11.1372549019608	14.7898039215686	7.52941176470588	9.92156862745098	16.5490196078431	15.6819607843137	11.5686274509804	18.1960784313726	29.5301960784314	25.4274509803922	23.0980392156863	11.7647058823529
"686"	"YC19:2166"	1	250	"Va99"	"2"	2.35294117647059	1.5686274509804	1.84313725490196	2.15686274509804	1.17647058823529	2.3356862745098	2.43137254901961	5.09803921568628	7.58823529411764	12.5098039215686	14.8458823529412	8.54509803921568	9.56862745098039	16.2352941176471	10.9019607843137	10.9254901960784	18.9019607843137	28.9019607843137	25.3725490196078	26.8627450980392	14.7843137254902
"687"	"YC19:2167"	1	122	"LH54"	"2"	1.29411764705882	0.7756862745098	1.84313725490196	2.47058823529411	1.49019607843137	2.03921568627451	1.6078431372549	4.18235294117647	6.23529411764706	9.95450980392156	13.6470588235294	5.49019607843138	9.29411764705883	14.4145098039216	14.7058823529412	11.6862745098039	16.0227450980392	27.1372549019608	23.4117647058823	22.5490196078431	11.1372549019608
"688"	"YC19:2168"	1	93	"W613S"	"2"	2.07607843137255	1.17647058823529	1.49019607843137	2.15686274509803	1.49019607843138	1.88235294117647	1.82862745098039	4.83294117647059	7.05882352941177	10.3921568627451	15.9490196078431	8.74509803921569	10.5490196078431	13.8823529411765	15.7411764705882	11.5294117647059	18.1960784313726	31.2549019607843	25.0980392156863	23.8823529411765	12.5764705882353
"689"	"YC19:2169"	1	258	"B73"	"2"	1.96078431372549	0.470588235294116	1.52941176470588	2	1.64705882352942	1.96078431372549	1.41882352941176	3.67607843137255	3.52941176470588	9.6486274509804	13.1019607843137	6.62745098039216	9.6078431372549	16.9019607843137	15.8329411764706	11.4901960784314	19.3725490196078	32.5937254901961	28.0654901960784	28.6078431372549	15.0811764705882
"690"	"YC19:2170"	1	191	"W602S"	"2"	1.76470588235294	1.25490196078432	1.49960784313726	1.88235294117647	1.2156862745098	1.96078431372549	1.56862745098039	2.15686274509804	2.35294117647059	1.29019607843138	6.1156862745098	1.17254901960784	5.89019607843138	12.1792156862745	14.1960784313726	11.4509803921569	16.0549019607843	29.1937254901961	20.9803921568627	24	11.8823529411765
"691"	"YC19:2171"	1	172	"MS71"	"2"	1.96078431372549	0.784313725490193	1.72549019607844	2.11764705882353	1.64705882352941	2.82352941176471	2.58823529411765	4.70588235294118	7.57647058823529	11.3333333333333	13.0380392156863	7.7835294117647	9.52941176470588	15.7254901960784	14.9019607843137	10.9364705882353	18.3137254901961	28.9858823529412	25.9607843137255	26.9411764705882	13.6470588235294
"692"	"YC19:2172"	1	49	"IBB15"	"2"	1.84313725490196	1.58039215686274	1.49019607843138	1.80392156862746	1.25490196078431	2.37254901960784	2.50980392156863	4.50980392156863	4.83137254901961	10.978431372549	14.0839215686274	6.26313725490196	10.0392156862745	16.5490196078431	15.558431372549	12.2352941176471	19.5686274509804	30.7725490196078	26.2745098039216	26.3137254901961	12.8627450980392
"693"	"YC19:2173"	1	133	"OQ603"	"2"	2.58823529411765	0.838823529411772	1.84313725490197	2.3921568627451	1.76470588235295	1.80392156862745	1.68627450980392	5.68627450980392	9.19882352941177	13.8756862745098	16.078431372549	9.75450980392156	10.8235294117647	15.9607843137255	15.1372549019608	11.8470588235294	20.7843137254902	30.321568627451	27.6078431372549	26.1137254901961	13.3725490196078
"694"	"YC19:2174"	1	231	"MS132"	"2"	2.31372549019608	1.5686274509804	2.31372549019608	2.13333333333334	1.09803921568628	2.19607843137255	2.15686274509804	3.96078431372549	6.84313725490196	10.8125490196078	13.6301960784314	8.66666666666667	9.80392156862745	14.2745098039216	15.5976470588235	10.9411764705882	18.078431372549	29.6470588235294	26.9411764705882	26.7450980392157	12.2290196078431
"695"	"YC19:2175"	1	120	"LH223"	"2"	2.62745098039216	0.823529411764703	1.56862745098039	2.19607843137255	1.52941176470589	1.9556862745098	2.08274509803922	4.07843137254902	8.38313725490196	13.0196078431373	15.5380392156863	9.84313725490196	10.8235294117647	16.3921568627451	15.7254901960784	11.5294117647059	20	32.4537254901961	26.5286274509804	24.3882352941176	12.6666666666667
"696"	"YC19:2176"	1	138	"Q381"	"2"	1.96078431372549	1.56862745098039	1.76470588235293	1.84313725490197	1.29411764705883	3.13725490196078	2.66666666666667	4.7843137254902	8.62745098039216	12.058431372549	14.5733333333333	9.25490196078431	9.49019607843138	16.9635294117647	16.1176470588235	12.7325490196078	20.6666666666667	32.3639215686275	28.156862745098	26.5635294117647	13.0718954248366
"697"	"YC19:2177"	1	130	"N192"	"2"	1.76470588235294	0.745098039215684	1.84313725490195	2.19607843137255	2.19607843137254	1.64705882352941	2.03921568627451	4.98039215686275	7.29411764705883	11.6341176470588	15.6470588235294	8	10.7058823529412	17.0588235294118	15.8823529411765	12.2745098039216	19.0239215686274	30.5035294117647	27.2725490196078	24.9019607843137	12.0274509803922
"698"	"YC19:2178"	1	181	"PHHV4"	"2"	1.93803921568627	1.45098039215686	2.8156862745098	2.15686274509804	1.2156862745098	2.7843137254902	2.3921568627451	4.76078431372548	7.46274509803921	12.4094117647059	15.0098039215686	8.42901960784313	10.4705882352941	16.8235294117647	14.7058823529412	11.2156862745098	20.3137254901961	31.4564705882353	28.7450980392157	29.8439215686275	12.5713725490196
"699"	"YC19:2179"	1	144	"W614S"	"2"	2.35294117647059	0.862745098039214	1.49019607843137	2.15686274509804	1.01960784313725	2.15686274509804	1.76470588235294	4.28235294117647	7.92156862745098	12.1176470588235	15.4901960784314	9.92156862745098	11.4509803921569	13.6078431372549	15.2156862745098	12.5098039215686	19.921568627451	31.8823529411765	26.5098039215686	23.6862745098039	11.8878431372549
"700"	"YC19:2180"	1	50	"L 127"	"2"	2.03921568627451	1.21568627450981	1.17647058823529	2.03921568627451	0.941176470588236	1.52156862745098	1.9556862745098	4.82156862745097	8.2	12.5098039215686	14.8317647058824	9.3035294117647	10.4705882352941	16.5372549019608	14.8627450980392	12.3921568627451	20.7450980392157	30.1176470588235	25.3333333333333	21.8388235294118	11.4172549019608
"701"	"YC19:2181"	1	13	"91IFC2"	"2"	2	0.823529411764704	0.901960784313726	1.68627450980392	1.41176470588236	1.56862745098039	1.76470588235294	5.0878431372549	7.50980392156863	12.6992156862745	13.8823529411765	9.05882352941176	10.4117647058824	15.6862745098039	13.2156862745098	12.4313725490196	19.3725490196078	31.6133333333333	29.2	27.0470588235294	12.5098039215686
"702"	"YC19:2182"	1	14	"A305"	"2"	2.35294117647059	1.1764705882353	1.1764705882353	1.92156862745098	1.17647058823529	2.70588235294117	2.69882352941176	4.3921568627451	7.09803921568627	11.5925490196078	14.2352941176471	9.05882352941176	9.84313725490196	15.3725490196078	13.4509803921569	12.3137254901961	19.5686274509804	33.0486274509804	29.0792156862745	28.8901960784314	12.5098039215686
"703"	"YC19:2183"	1	101	"A672"	"2"	1.52941176470588	0.560784313725488	1.01960784313725	1.96078431372549	1.55686274509803	2	2.31372549019608	4.47058823529412	8.03921568627451	11.7494117647059	14.7843137254902	9.09803921568627	9.72549019607843	15.7647058823529	14.4313725490196	12.7450980392157	20.9058823529412	32.156862745098	29.2313725490196	27.9960784313725	14.078431372549
"704"	"YC19:2184"	1	117	"LH184"	"2"	1.52941176470588	1.05882352941176	1.41176470588235	2.15686274509803	1.45098039215686	1.52941176470588	1.34470588235294	2.45921568627451	2.41176470588235	2.79215686274509	11.6941176470588	1.76470588235294	8.10941176470588	15.243137254902	13.4901960784314	13.0588235294118	18.9411764705882	29.9894117647059	27.6650980392157	27.7647058823529	12.3529411764706
"705"	"YC19:2185"	1	240	"PHB09"	"2"	1.76470588235294	0.784313725490199	1.56862745098039	2.05490196078431	1.52941176470588	2.50980392156863	1.63019607843137	4.31372549019608	6.7921568627451	10.5882352941176	12.4705882352941	7.6078431372549	8.74509803921569	13.5686274509804	13.5686274509804	11.843137254902	17.3725490196078	27.8643137254902	24.5380392156863	25.7254901960784	12
"706"	"YC19:2186"	1	105	"B87"	"2"	1.68627450980392	0.901960784313722	1.49019607843137	1.96078431372548	0.980392156862747	1.45098039215686	1.72156862745098	4.47058823529412	7.6078431372549	11.5772549019608	13.7254901960784	8.23529411764706	8.98039215686274	14	14.9019607843137	11.9607843137255	17.0239215686274	28.8290196078431	26.8235294117647	27.3725490196078	11.9980392156863
"707"	"YC19:2187"	1	259	"B73"	"2"	1.57254901960784	0.823529411764709	1.17647058823529	1.92156862745098	1.1764705882353	2.43137254901961	2.23294117647059	3.76470588235294	5.4156862745098	11.4121568627451	13.2941176470588	7.50352941176471	9.2156862745098	15.7294117647059	14.8235294117647	12.156862745098	20.2556862745098	31.0862745098039	28.6666666666667	29.3725490196078	15.4901960784314
"708"	"YC19:2188"	1	147	"A258"	"2"	1.88235294117647	1.09803921568627	1.52156862745099	2.23529411764706	1.25490196078432	1.92745098039215	2.08549019607843	4.47843137254902	7.29411764705882	11.4509803921569	12.6666666666667	8.07843137254902	8.82352941176471	15.3725490196078	15.4509803921569	10.8235294117647	18.3929411764706	29.3164705882353	26.3686274509804	27.3627450980392	13.2156862745098
"709"	"YC19:2189"	1	167	"LH165"	"2"	1.56862745098039	1.1764705882353	1.1764705882353	1.76470588235295	1.01960784313725	2.74509803921569	2.03921568627451	3.80392156862745	5.11764705882353	5.21137254901961	10.7058823529412	3.89019607843137	7.25490196078432	14.3529411764706	16.8670588235294	10.5882352941176	15.6470588235294	26.2352941176471	20.3282352941176	20.9686274509804	10.3803921568627
"710"	"YC19:2190"	1	126	"MQ305"	"2"	2.70980392156863	0.784313725490193	1.37254901960785	1.96078431372549	1.13725490196078	1.7556862745098	2.23764705882353	4.98823529411765	7.56862745098039	11.1890196078431	13.2941176470588	8.58823529411764	9.37254901960784	17.0250980392157	14.9019607843137	11.5019607843137	20.2745098039216	31.0074509803922	25.5937254901961	22.8509803921569	10.1450980392157
"711"	"YC19:2191"	1	16	"AQA3"	"2"	2.27450980392157	1.01960784313726	1.33333333333334	1.80392156862745	1.76470588235294	1.84313725490196	2.07843137254902	4.45686274509804	8.43137254901961	11.4509803921569	14.9411764705882	7.89568627450981	10.4313725490196	16.0392156862745	12.0909803921569	10.6207843137255	19.843137254902	31.6862745098039	24.9411764705882	21.6862745098039	10.9294117647059
"712"	"YC19:2192"	1	137	"PHK42"	"2"	2.35294117647059	1.58039215686274	1.56862745098039	2.23529411764706	1.32156862745098	3.6078431372549	2.82352941176471	6.20392156862745	8.15686274509804	13.0321568627451	15.0196078431373	9.49019607843137	9.6078431372549	16.9019607843137	15.0588235294118	11.2549019607843	20.2745098039216	32.5098039215686	28.1	25.8823529411765	10.4705882352941
"713"	"YC19:2193"	1	109	"DK78002A"	"2"	1.78235294117647	0.392156862745097	1.70509803921568	2.19607843137255	1.80392156862746	2.54901960784314	1.92156862745098	5.80392156862745	9.47058823529412	13.5294117647059	15.6917647058824	9.86901960784313	10.7843137254902	18.6666666666667	14.3180392156863	11.3552941176471	21.8619607843137	33.4901960784314	29.1372549019608	29.4564705882353	13.5686274509804
"714"	"YC19:2194"	1	26	"PHG47"	"2"	2.36862745098039	1.1764705882353	1.72549019607843	2.19607843137255	1.24313725490195	3.01960784313726	2.53215686274509	4.37254901960784	6.3921568627451	9.8	13.0588235294118	7.3278431372549	8.27450980392157	16.4313725490196	12.263137254902	12.0258823529412	16.7843137254902	26.2964705882353	23.1513725490196	21.1764705882353	10.4549019607843
"715"	"YC19:2195"	1	9	"T242"	"2"	2.74509803921568	0.784313725490193	1.37254901960785	2.03921568627451	1.13725490196078	1.85490196078431	2	4.03921568627451	6.66666666666667	6.45411764705883	11.598431372549	5.76470588235294	8.94117647058824	13.4509803921569	13.3737254901961	12.5098039215686	16.1960784313726	26.3137254901961	24.2352941176471	23.2156862745098	11.2258823529412
"716"	"YC19:2196"	1	33	"PHW20"	"2"	2.70588235294118	1.96078431372549	2.11764705882353	2.02901960784314	1.25490196078431	3.96078431372549	2.70588235294117	3.76470588235294	4.54901960784314	10.5490196078431	13.0196078431373	7.80392156862745	8.77294117647058	16.156862745098	14.121568627451	12.7713725490196	18.4023529411765	29.6196078431372	25.7764705882353	29.1333333333333	13.1372549019608
"717"	"YC19:2197"	1	104	"B85"	"2"	2.19607843137255	1.1764705882353	1.92156862745098	2.25098039215686	1.21568627450981	2.2078431372549	2.11764705882353	4.31372549019608	5.69019607843137	2.8235294117647	11.703137254902	4.23529411764706	8.37333333333333	11.1596078431372	14.5490196078431	12.6274509803922	10.2090196078431	23.1988235294118	23.4117647058824	22.8078431372549	10.8835294117647
"718"	"YC19:2198"	1	243	"PHK76"	"2"	1.80392156862745	1.09803921568627	2.74509803921569	2.03921568627451	1.01960784313726	2.58823529411765	1.96078431372549	1.92156862745098	2.03921568627451	1.72549019607843	1.68627450980392	1.56862745098039	8.98235294117647	11.5113725490196	10.1262745098039	9.98431372549019	10.0392156862745	19.7223529411765	17.921568627451	15.7101960784314	7.52941176470588
"719"	"YC19:2199"	1	246	"R181B"	"2"	2.90196078431373	1.1764705882353	1.09803921568627	2.0392156862745	1.21568627450981	2.31019607843137	2.03921568627451	3.68627450980392	5.83803921568627	9.99450980392156	13.1235294117647	7.68627450980392	9.33333333333334	13.2909803921569	2.21176470588236	10.8235294117647	18.4627450980392	30.1960784313725	26.7450980392157	30.1960784313725	13.5623529411765
"720"	"YC19:2200"	1	213	"AS6103"	"2"	2.27450980392157	1.33333333333333	1.72549019607843	1.96078431372549	1.2156862745098	2.47058823529412	1.76470588235294	3.01960784313726	5.25490196078431	3.12588235294117	10	2.1435294117647	8.28431372549019	14	0.862745098039218	11.3725490196078	18.2352941176471	27.6470588235294	24.1713725490196	29.7294117647059	13.4509803921569
"721"	"YC19:2201"	1	169	"LH209"	"2"	2.27450980392157	1.1764705882353	1.56862745098039	1.99999999999999	1.2156862745098	2.19607843137255	1.33333333333333	2.62745098039216	4.86274509803922	4.5678431372549	9.52901960784314	4.15686274509804	8.30156862745098	14.5207843137255	1.01960784313726	15.0078431372549	18.4705882352941	27.8823529411765	25.3843137254902	26.4705882352941	11.2549019607843
"722"	"YC19:2202"	1	233	"MS226"	"2"	2.74509803921569	1.1764705882353	1.12941176470588	2.07843137254901	1.41176470588235	2.54901960784314	1.41176470588235	3.01960784313725	5.1764705882353	5.53921568627451	8.65098039215686	4.32470588235294	6.03921568627452	13.921568627451	2.35294117647059	15.5333333333333	15.8745098039216	26.3529411764706	24.9411764705882	24.5725490196078	13.843137254902
"723"	"YC19:2203"	1	142	"CH9"	"2"	1.76470588235294	1.25490196078431	2.62745098039216	1.88235294117647	1.2156862745098	2.82352941176471	2.11764705882353	4.45882352941176	5.92549019607843	11.6078431372549	12.6274509803922	8.11764705882353	8.29529411764706	13.8039215686274	9.8121568627451	11.7254901960784	17.7070588235294	28	25.236862745098	25.5882352941176	12.5764705882353
"724"	"YC19:2204"	1	37	"793"	"2"	2.58823529411765	0.980392156862747	1.76470588235295	2.31372549019607	1.37254901960784	2.70588235294118	2.27450980392157	4.17254901960784	6.13725490196078	7.52941176470588	11.4901960784314	6.8235294117647	8.90196078431372	18.6274509803922	14.7450980392157	12.7450980392157	19.0776470588235	30.1294117647059	26.9482352941176	29.7070588235294	13.8192156862745
"725"	"YC19:2205"	1	180	"PHBA6"	"2"	3.00941176470588	1.96078431372549	1.96078431372549	2.32941176470588	1.25490196078432	3.64705882352941	2.86274509803922	5.76470588235294	9.69411764705883	15.3858823529412	17.7647058823529	10.8627450980392	11.2427450980392	20.3529411764706	13.1764705882353	11.8039215686275	24.2352941176471	37.843137254902	31.2156862745098	33.2549019607843	14.4745098039216
"726"	"YC19:2206"	1	183	"PHN66"	"2"	2.27450980392157	0.699607843137258	1.6	1.96078431372549	1.37254901960785	2.03921568627451	2.15686274509804	4.68235294117646	6.73215686274509	10.498431372549	13.2819607843137	8.31372549019608	9.92156862745098	16	12.8627450980392	11.843137254902	19.1372549019608	31.4117647058823	28.1176470588235	28.2156862745098	14.4313725490196
"727"	"YC19:2207"	1	34	"PHW86"	"2"	2.15686274509804	1.1764705882353	1.99999999999999	2.27450980392157	1.01960784313726	3.25490196078431	2.66470588235294	5.64313725490196	6.84313725490196	12.6274509803922	15.1372549019608	9.05490196078432	10.4392156862745	16.9411764705882	12.1176470588235	11.7254901960784	19.7647058823529	30.5937254901961	26.5490196078431	24.5843137254902	12.3529411764706
"728"	"YC19:2208"	1	70	"ICI 193"	"2"	1.72549019607843	0.549019607843135	1.96078431372548	2.15686274509804	1.64705882352941	3.17647058823529	1.56862745098039	4.91764705882352	6.52941176470588	10.4250980392157	14.2682352941176	8.57098039215686	10.0392156862745	16.598431372549	16.0823529411765	13.843137254902	21.0235294117647	33.2658823529412	29.7019607843137	28.5490196078431	13.1411764705882
"729"	"YC19:2209"	1	29	"PHN11"	"2"	2.03921568627451	1.77647058823529	2.15686274509804	2.27450980392157	1.05882352941176	3.33333333333333	2.94117647058824	4.62745098039216	5.49019607843137	10.3047058823529	14.7058823529412	6.66666666666667	9.29411764705882	16.6549019607843	18.5882352941176	14.3541176470588	20.3921568627451	31.5490196078431	27.2156862745098	24.98	12.123137254902
"730"	"YC19:2210"	1	77	"LP5"	"2"	2.27450980392157	0.745098039215684	1.1764705882353	2.15686274509804	1.6078431372549	2.70588235294118	2.67058823529412	5.29411764705882	8.74509803921569	12.9803921568627	14.6274509803922	8.7843137254902	9.76470588235294	14.3921568627451	15.0980392156863	11.1372549019608	19.4305882352941	29.6470588235294	26.3137254901961	24.921568627451	14.0839215686274
"731"	"YC19:2211"	1	229	"Mo17"	"2"	2.66666666666667	0.784313725490193	1.37254901960784	1.88235294117648	1.25490196078432	2.31372549019608	2.21843137254902	4.43137254901961	7.43137254901961	11.4949019607843	14.6172549019608	8.62745098039216	10.2352941176471	15.4117647058824	15.1372549019608	11.1427450980392	21.0533333333333	31.4509803921569	29.7152941176471	30.2352941176471	13.843137254902
"732"	"YC19:2212"	1	237	"OH33"	"2"	1.76470588235294	1.56862745098039	1.09803921568627	2.15686274509804	1.37254901960785	2.61058823529412	2.49294117647059	5.92156862745098	9.76470588235294	14.9392156862745	16.14	10.2701960784314	11.3725490196078	19.8078431372549	15.1372549019608	10.8235294117647	23.0196078431373	36.3764705882353	31.1764705882353	33.921568627451	14.9019607843137
"733"	"YC19:2213"	1	1	"A322"	"2"	1.88235294117647	1.17647058823529	0.980392156862742	2	1.6078431372549	2.01960784313725	2.11764705882353	4.59607843137255	7.80392156862745	11.2549019607843	13.5686274509804	9.13725490196079	11.0196078431372	16.356862745098	15.3521568627451	10.6537254901961	20.3180392156863	32.0274509803922	27.4937254901961	24.1960784313726	10.0392156862745
"734"	"YC19:2214"	1	114	"I29"	"2"	1.88235294117647	1.14627450980392	1.28627450980392	1.80392156862746	1.05882352941176	2.54901960784314	1.80392156862745	3.49019607843137	4.35294117647059	5.34705882352941	12.6666666666667	5.72666666666666	9.72549019607843	14.6666666666667	14.2745098039216	10.7843137254902	17.4945098039216	28.078431372549	25.6223529411765	26	11.3556862745098
"735"	"YC19:2215"	1	163	"ICI 441"	"2"	1.84313725490196	0.784313725490193	1.01960784313725	1.96078431372549	1.17647058823529	1.64705882352941	1.52941176470588	4.25490196078431	7.2156862745098	10.7949019607843	12.3850980392157	7.88235294117647	9.09803921568627	14.8235294117647	17.843137254902	10.3647058823529	18.2745098039216	28.5882352941176	24.7843137254902	24.5043137254902	12.7843137254902
"736"	"YC19:2216"	1	75	"LH61"	"2"	2.15686274509804	1.1764705882353	0.588235294117645	2.03921568627451	1.17647058823529	1.96509803921569	1.64705882352941	3.94901960784313	6.23529411764706	10.6494117647059	13.1588235294118	8.28549019607843	9.84313725490196	14.1564705882353	17.9607843137255	10.7843137254902	18	28.5098039215686	22.7145098039216	21.3333333333333	11.4196078431373
"737"	"YC19:2217"	1	159	"DK3IIH6"	"2"	1.37254901960784	0.69882352941176	1.49019607843138	1.96078431372549	1.13725490196079	1.76470588235294	1.96078431372549	4.38039215686274	7.41176470588235	12	13.1764705882353	8.54117647058823	8.86274509803922	15.4956862745098	14.8278431372549	10.8235294117647	17.0980392156863	26.078431372549	21.8745098039216	26.3529411764706	9.56862745098039
"738"	"YC19:2218"	1	4	"A641"	"2"	1.41176470588235	0.784313725490193	1.21568627450981	2.27450980392157	1.1764705882353	2.19607843137255	1.76470588235294	4.11764705882353	5.37254901960785	9.29411764705882	12.3137254901961	5.56862745098039	8.95490196078431	14.7843137254902	14.0392156862745	10.5321568627451	16.4313725490196	25.2658823529412	20.7843137254902	18.1960784313725	7.80392156862745
"739"	"YC19:2219"	1	83	"PHJ89"	"2"	2.11764705882353	0.901960784313728	1.25490196078431	2.15686274509803	1.09803921568627	2.50980392156863	2.23137254901961	6.12549019607843	8.64705882352941	12.6235294117647	14.3137254901961	9.13725490196078	9.76470588235294	15.0980392156863	14.1960784313725	10.2352941176471	17.843137254902	28.0392156862745	24.1960784313725	25.843137254902	10.1623529411765
"740"	"YC19:2220"	1	81	"PHG72"	"2"	2.8235294117647	0.784313725490193	1.25490196078431	2	1.33333333333333	1.45098039215686	1.41176470588235	4.11764705882353	7.37647058823529	11.6078431372549	13.5686274509804	8	9.38039215686275	15.5294117647059	13.921568627451	12.3529411764706	17.7254901960784	27.5686274509804	23.9607843137255	25.0980392156863	11.6917647058824
"741"	"YC19:2221"	1	43	"A556"	"2"	1.68627450980392	1.1764705882353	1.45098039215686	2.31764705882352	1.33333333333333	1.62745098039215	1.76470588235294	2.86274509803922	4.94117647058823	7.09803921568628	9.49019607843138	6.19607843137255	7.6078431372549	14	14.156862745098	12.9635294117647	15.5882352941176	24.2407843137255	19.7254901960784	18.8203921568627	9.9435294117647
"742"	"YC19:2222"	1	143	"LH119"	"2"	2.35294117647059	1.17647058823529	1.33333333333333	2.23529411764705	1.09803921568627	1.80392156862745	2.37529411764706	4.62745098039216	6.58823529411765	11.6470588235294	13.9152941176471	8.8235294117647	9.37254901960784	14.078431372549	14.2352941176471	10.6274509803922	17.1764705882353	26.7843137254902	23.503137254902	23.5294117647059	10.7450980392157
"743"	"YC19:2223"	1	210	"A648"	"2"	2.27843137254902	1.56862745098039	2.35294117647059	2.19607843137255	0.980392156862753	2.47058823529412	2.07843137254902	3.52941176470588	5.66666666666666	9.84313725490196	12.2352941176471	7.97176470588235	8.86274509803921	15.4388235294118	13.9980392156863	11.5243137254902	17.6470588235294	27.3725490196078	24.8235294117647	27.5827450980392	12.1960784313725
"744"	"YC19:2224"	1	223	"ICI 740"	"2"	1.80392156862745	0.784313725490193	1.96078431372549	2.27450980392157	1.92156862745098	1.33333333333333	1.99490196078431	5.64705882352941	8.86901960784314	12.9439215686274	15.0588235294118	9.0635294117647	10.8235294117647	17.0980392156863	13.6035294117647	11.8039215686274	21.1372549019608	32.5882352941176	27.3372549019608	27.7647058823529	13.1764705882353
"745"	"YC19:2225"	1	59	"NK807"	"2"	1.62352941176471	2.08235294117647	1.96078431372549	2.15686274509804	1.17647058823529	3.32941176470588	2.4164705882353	4.05450980392157	6.9843137254902	9.78156862745098	12.4705882352941	6.87058823529412	8.43137254901961	14.5882352941176	13.7254901960784	11.8039215686274	18.803137254902	31.0588235294118	24.7988235294118	24.9141176470588	10.6929411764706
"746"	"YC19:2226"	1	102	"A682"	"2"	2.28392156862745	1.13725490196078	1.60784313725491	2.35294117647059	1.64705882352941	1.56862745098039	1.56862745098039	3.49019607843137	5.64705882352941	8.85882352941176	11.4572549019608	6.22392156862745	9.45098039215686	13.1764705882353	14.078431372549	12.2235294117647	17.8866666666667	28.3254901960784	25.1882352941176	25.2156862745098	10.3192156862745
"747"	"YC19:2227"	1	73	"LH202"	"2"	2.31372549019608	1.45098039215687	2.27450980392157	1.96078431372549	1.09803921568627	2.62745098039216	2.31254901960784	4.23529411764706	6.16078431372549	10.8980392156863	14.1960784313726	8.66666666666667	9.92156862745098	15.0580392156863	14.6745098039216	12.8627450980392	19.2549019607843	28.5423529411765	30.0705882352941	29.2149019607843	12.1047058823529
"748"	"YC19:2228"	1	24	"NORTH 7"	"2"	2.31372549019608	0.784313725490204	1.76470588235293	2.42117647058824	1.63529411764705	1.54705882352941	1.88235294117647	4.50980392156863	6.96078431372549	11.6862745098039	13.8549019607843	8.07843137254902	10.5098039215686	12.8290196078431	16.9411764705882	11.8039215686275	18.8439215686274	29.043137254902	24.1960784313725	21.4862745098039	9.52941176470588
"749"	"YC19:2229"	1	131	"NS501"	"2"	1.84313725490196	2.03921568627451	1.56862745098039	2	1.1764705882353	2.27450980392157	2.31372549019608	3.73333333333333	3.33333333333333	10.9450980392157	14.7219607843137	4.83450980392157	9.9686274509804	17.0588235294118	13.3623529411765	12.6603921568627	19.4117647058824	29.6627450980392	25.896862745098	23.2156862745098	10.0392156862745
"750"	"YC19:2230"	1	51	"LH149"	"2"	1.75725490196078	0.549019607843135	1.56862745098039	2.19607843137255	1.52941176470589	2.31372549019608	1.91333333333333	4.01960784313725	6.98039215686274	13.0980392156863	15.2588235294118	9.88705882352941	11.1843137254902	18.2352941176471	12.5823529411765	12.8627450980392	21.9121568627451	31.8039215686275	26.5266666666667	25.0588235294118	11.6576470588235
"751"	"YC19:2231"	1	260	"B73"	"2"	2.19607843137255	1.17647058823529	1.45098039215686	2.07843137254902	1.50980392156863	2.11764705882353	2.62745098039216	4.67450980392157	7.41176470588236	12.7560784313725	14.8078431372549	9.09803921568628	10.7058823529412	16.6666666666667	14.2745098039216	10.3529411764706	19.843137254902	32.156862745098	29.1764705882353	30.8235294117647	12.7843137254902
"752"	"YC19:2232"	1	10	"W701BC"	"2"	1.68627450980392	0.784313725490204	1.41176470588235	2	1.13725490196078	2.18235294117647	1.84313725490196	4.24313725490196	6.7607843137255	11.3772549019608	13.1372549019608	7.88235294117646	9.01960784313725	15.7529411764706	13.8364705882353	12.3921568627451	16.4313725490196	27.2156862745098	23.9113725490196	21.9607843137255	9.25490196078432
"753"	"YC19:2233"	1	234	"N201"	"2"	2.03921568627451	0.784313725490193	1.54823529411765	1.96078431372549	1.64705882352941	1.72549019607843	2	4.8313725490196	7.65098039215686	12.8282352941176	13.9607843137255	9.20431372549019	10.5882352941177	16.6274509803922	16.156862745098	13.2549019607843	20.2894117647059	31.0643137254902	29.1372549019608	30.1529411764706	12.2745098039216
"754"	"YC19:2234"	1	19	"FC46"	"2"	1.74117647058823	1.13725490196078	1.29411764705882	2.23529411764706	1.45098039215686	2	1.64705882352941	3.76470588235294	6.35294117647059	13.2043137254902	14.7843137254902	8.50313725490196	10.3529411764706	14.8235294117647	17.0980392156863	12.4145098039216	19.843137254902	32.0235294117647	25.6937254901961	24.3137254901961	11.3725490196078
"755"	"YC19:2235"	1	164	"INBRED 2-687"	"2"	2.19607843137255	1.33333333333333	2.03921568627451	2.15686274509803	0.901960784313727	2.19607843137255	1.96078431372549	2.94117647058824	4.75294117647059	8.36549019607843	13.7647058823529	4.18745098039216	9.17647058823529	10.9803921568627	15.7254901960784	10.1176470588235	16.8682352941176	28.2407843137255	26.3035294117647	28.0392156862745	13.0718954248366
"756"	"YC19:2236"	1	247	"SD107"	"2"	2.66666666666667	1.25490196078432	1.50901960784314	2.27450980392156	1.52941176470588	2.31372549019608	1.88235294117647	3.09803921568628	6.45529411764706	7.24823529411764	13.921568627451	3.36941176470586	10.5701960784314	17.7254901960784	13.843137254902	9.76470588235294	21.0901960784314	32.6274509803922	28.8235294117647	29.5960784313725	11.2941176470588
"757"	"YC19:2237"	1	219	"DE4"	"2"	1.56862745098039	1.37254901960785	2.27450980392157	2.15686274509803	1.33333333333333	1.92156862745098	2.11764705882353	3.14078431372549	3.49019607843138	8.06509803921568	13.8878431372549	5.6078431372549	9.37254901960784	16.9243137254902	15.5192156862745	8.7843137254902	20.6666666666667	30.8776470588235	24.3921568627451	23.7254901960784	11.6525490196078
"758"	"YC19:2238"	1	222	"H42"	"2"	1.33333333333333	0.784313725490193	1.41176470588235	2.19607843137254	1.88235294117647	2.31372549019608	1.01960784313726	2.30352941176471	3.68627450980392	4.60470588235293	10.123137254902	4.88862745098039	7.49019607843137	13.2941176470588	12.7450980392157	9.75294117647059	14.3529411764706	23.2549019607843	21.8039215686275	21.921568627451	10.3137254901961
"759"	"YC19:2239"	1	25	"Oh43"	"2"	2.43529411764706	0.941176470588232	1.45098039215686	2.10745098039215	1.17647058823529	2.07843137254902	2.12156862745098	3	4.62745098039215	7.26941176470588	9.37254901960784	5.76470588235294	8.43137254901961	13.6862745098039	13.063137254902	9.33333333333333	17.1560784313726	26.7298039215686	23.0980392156863	23.3725490196078	11.5294117647059
"760"	"YC19:2240"	1	45	"CH711-10"	"2"	1.92156862745098	1.17647058823529	1.21568627450981	2.35294117647058	1.52941176470588	1.1764705882353	1.37254901960784	2.70588235294118	2.82352941176471	3.29411764705882	7.76862745098039	3.2043137254902	7.82470588235294	13.5294117647059	15.921568627451	10.0549019607843	15.8933333333333	24.9674509803922	21.2160784313725	22.8627450980392	11.2156862745098
"761"	"YC19:2241"	1	63	"W64A"	"2"	2.23529411764706	1.64705882352942	1.49019607843137	2.50980392156862	1.09803921568627	1.88235294117647	1.72549019607843	2.78	3.68627450980392	4.31372549019608	9.49019607843137	6.47058823529412	7.25490196078431	11.5294117647059	15.0196078431373	11.6862745098039	14.6192156862745	24.4274509803922	22	22.8235294117647	11.556862745098
"762"	"YC19:2242"	1	103	"A73"	"2"	1.84313725490196	0.784313725490193	1.13725490196079	2.15686274509803	2.03921568627451	2.47058823529412	1.80392156862745	3.65490196078431	5.96078431372549	10.1176470588235	11.8823529411765	7.33333333333333	8.03921568627451	13.8039215686275	13.8254901960784	9.33333333333333	15.6862745098039	24.6274509803922	21.9607843137255	23.0196078431373	10.8470588235294
"763"	"YC19:2243"	1	249	"Va52"	"2"	1.80392156862745	1.37254901960784	1.49019607843137	2.31372549019608	1.25490196078431	2.35294117647059	1.68627450980393	4.03921568627451	6.64705882352941	11.0454901960784	13.4117647058824	7.78862745098038	9.01960784313725	12.6352941176471	13.5701960784314	8.90196078431373	15.2156862745098	24.2	23.2549019607843	26.3137254901961	10.3921568627451
"764"	"YC19:2244"	1	168	"LH198"	"2"	2.35294117647059	1.49019607843137	2.03921568627451	2.35294117647059	1.41176470588235	2.07843137254902	1.76470588235295	3.64705882352941	6.32156862745098	12.6666666666667	15.1372549019608	9.05882352941176	9.84313725490196	16.2745098039216	11.9505882352941	8.49411764705882	18.8941176470588	29.8039215686274	27.2301960784314	28.9411764705882	11.7254901960784
"765"	"YC19:2245"	1	141	"WR3"	"2"	2.74509803921568	0.823529411764714	1.96078431372549	2.15686274509804	1.56862745098039	2	1.6078431372549	2.53294117647059	4.19607843137255	2.42	10.176862745098	3.90980392156863	7.6078431372549	13.3388235294118	11.958431372549	9.16392156862745	16.7450980392157	27.6470588235294	24.5490196078431	26.0541176470588	11.7647058823529
"766"	"YC19:2246"	1	38	"912"	"2"	1.96078431372549	1.1764705882353	1.68627450980392	2.23529411764706	1.76470588235294	1.64705882352941	1.56862745098039	3.41176470588235	4.27450980392157	7.16117647058824	11.7643137254902	4.23529411764706	7.96862745098039	13.2211764705882	13.0588235294118	12.4705882352941	14.6274509803922	23.7992156862745	20.8627450980392	20.6235294117647	8.76745098039216
"767"	"YC19:2247"	1	230	"Mo47"	"2"	1.49019607843137	1.53333333333333	2.62745098039215	2.35294117647059	1.41176470588235	1.92156862745098	1.78156862745098	4.28235294117647	6.19607843137255	9.0521568627451	12.7843137254902	6.11764705882352	8.35294117647059	12.7058823529412	12.7450980392157	11.8094117647059	13.4509803921569	21.7647058823529	20.8627450980392	21.6470588235294	9.1764705882353
"768"	"YC19:2248"	1	150	"A71"	"2"	6.02901960784314	0.823529411764703	1.41176470588235	2.15686274509804	2.31372549019608	2.66117647058823	1.92156862745098	3.06666666666666	5.17647058823529	5.88235294117647	11.3333333333333	5.08666666666666	6.74509803921569	12.156862745098	15.3780392156863	2.43137254901961	13.5294117647059	21.3725490196078	20.6274509803922	27.1725490196078	11.6862745098039
"769"	"YC19:2249"	1	251	"PH207"	"2"	5.17647058823529	0.784313725490193	1.33333333333333	2.35294117647059	2.43137254901961	2.66666666666667	1.56862745098039	3.13725490196078	5.19607843137255	8.61294117647059	12.2745098039216	5.67490196078432	8.70588235294117	16.3360784313725	12.3035294117647	7.88235294117647	17.1949019607843	28.28	24.9	25.7447058823529	10.9858823529412
"770"	"YC19:2250"	1	221	"DKIB014"	"2"	1.29411764705882	1.49019607843138	2.64627450980392	2.66666666666667	1.37254901960784	2.15686274509804	1.68627450980392	2.56666666666666	2.74509803921569	1.56862745098039	7.56862745098039	1.1764705882353	6.6564705882353	13.0980392156863	10.9019607843137	13.7647058823529	13.9647058823529	22.3737254901961	20.5490196078431	22.4313725490196	11.4117647058824
"771"	"YC19:2251"	1	156	"BO9"	"2"	2.27450980392157	0.943137254901971	1.52941176470588	2.43137254901961	1.72549019607843	1.21568627450981	1.49019607843137	2.57803921568627	3.33333333333333	4.50980392156863	10.3529411764706	2.71058823529412	6.62745098039216	11.9819607843137	11.6470588235294	12.8458823529412	18.6980392156863	28.6721568627451	21.9333333333333	24.0980392156863	12.358431372549
"772"	"YC19:2252"	1	32	"PHVA9"	"2"	2.76078431372549	0.588235294117645	1.49019607843137	2.31372549019608	1.6078431372549	1.41176470588235	1.49019607843138	3.45098039215686	6.15686274509804	9.01960784313725	12.078431372549	7.05882352941176	8.62745098039215	16	15.8196078431373	11.2772549019608	18.5803921568627	30	27.2941176470588	27.643137254902	12.7450980392157
"773"	"YC19:2253"	1	224	"ICI 893"	"2"	2.58823529411765	1.25490196078431	1.96078431372549	2.15686274509803	1.41176470588235	2.35294117647059	1.5686274509804	2.47058823529412	4.27450980392157	6.96	10.7058823529412	4.92980392156862	7.05882352941177	13.5470588235294	14.7349019607843	10.5098039215686	15.22	24	21.1882352941176	22.7647058823529	11.4901960784314
"774"	"YC19:2254"	1	154	"B91"	"2"	1.72549019607843	1.25882352941176	1.09803921568628	2.47058823529412	1.68627450980392	2.35294117647059	2	3.45098039215686	4.92588235294118	6.66666666666667	9.96078431372549	5.3105882352941	7.41176470588235	11.0196078431373	14.4823529411765	8.35294117647059	13.6513725490196	22.0203921568627	21.8823529411765	25.7843137254902	12.7450980392157
"775"	"YC19:2255"	1	184	"PHN82"	"2"	2.07843137254902	1.09803921568628	1.64705882352941	2.35294117647059	1.68627450980392	2.3921568627451	1.35019607843137	3.33333333333333	4.6078431372549	9.0121568627451	11.7647058823529	7.1764705882353	8.19607843137255	14.3423529411765	14.2352941176471	11.6862745098039	18.5882352941176	29.7905882352941	24.2470588235294	23.8039215686275	12.1176470588235
"776"	"YC19:2256"	1	84	"PHJR5"	"2"	2.70588235294118	1.5686274509804	1.92156862745098	2.31372549019608	1.2156862745098	2.07843137254902	1.81568627450981	4.31372549019608	6.19607843137255	8.90117647058823	14.0447058823529	7.25490196078432	9.71607843137256	16.6666666666667	12.6274509803922	9.29647058823529	20.5925490196078	31.5976470588235	29.921568627451	30.3921568627451	15.0643137254902
"777"	"YC19:2257"	1	85	"PHKE6"	"2"	1.64705882352941	0.756862745098039	1.79607843137255	2.27450980392157	1.68235294117647	1.89411764705882	1.68627450980392	3.96078431372549	4.5921568627451	10.7270588235294	13.1372549019608	8.48156862745098	9.6078431372549	15.9533333333333	12.9701960784314	8.82352941176471	18.3137254901961	28.7843137254902	25.7074509803921	26.921568627451	12.8235294117647
"778"	"YC19:2258"	1	227	"LH74"	"2"	2.27450980392157	1.13725490196078	1.84313725490196	2.54901960784314	1.29411764705882	2.23529411764706	2.19607843137255	4.54901960784314	7.29411764705882	9.58980392156862	12.5921568627451	8.15686274509804	9.09803921568627	16.5152941176471	13.9898039215686	8.01176470588235	18.9803921568627	29.9843137254902	26.078431372549	27.2156862745098	13.843137254902
"779"	"YC19:2259"	1	53	"LH172"	"2"	1.76470588235294	0.823529411764703	1.84313725490196	2.27450980392157	1.52941176470588	2.27450980392157	1.1764705882353	2.98823529411765	3.3921568627451	5.6470588235294	11.2305882352941	1.48392156862744	8.31372549019608	14.2352941176471	11.2549019607843	12.9019607843137	16.6396078431373	24.7058823529412	21.4509803921569	20.3725490196078	9.4156862745098
"780"	"YC19:2260"	1	113	"H99"	"2"	2.03921568627451	1.5686274509804	1.84313725490196	1.96078431372549	1.13725490196079	1.76470588235294	2.01450980392157	3.91294117647059	4.27450980392157	9.47882352941176	12.5490196078431	6.45725490196079	8.09333333333333	13.8094117647059	11.3333333333333	11.8517647058824	15.5686274509804	25.6580392156863	21.558431372549	20.5450980392157	10.2290196078431
"781"	"YC19:2261"	2	407	"B97"	"2"	2.35294117647059	0.862745098039215	1.49019607843137	2.47058823529412	1.6078431372549	2.31372549019608	1.68627450980392	3.42196078431372	4.64705882352941	7.13725490196078	12.5490196078431	4.25921568627451	8.54901960784314	13.1764705882353	12.9309803921569	11.9607843137255	17.6470588235294	28.0054901960784	23.9098039215686	28.7058823529412	15.3388235294118
"782"	"YC19:2262"	2	389	"W813G"	"2"	2.31803921568627	1.14901960784312	1.76470588235294	2.54901960784314	1.09803921568627	1.76470588235294	1.96078431372549	3.26196078431372	5.49019607843138	7.92156862745098	10.5545098039216	6	8.50980392156863	14.5882352941176	12.9701960784314	11.3780392156863	18.3137254901961	28.6117647058824	26.3921568627451	26.4313725490196	12.9411764705882
"783"	"YC19:2263"	2	486	"IDS69"	"2"	1.84313725490196	0.403921568627452	1.37254901960784	2.47058823529412	1.56862745098039	1.96078431372549	1.25490196078431	2.56470588235294	2.7843137254902	0.941176470588233	7.41176470588236	0.980392156862742	6.01882352941176	11.3333333333333	13.3333333333333	10.3529411764706	14.1756862745098	22.8235294117647	21.8721568627451	19.7647058823529	9.49411764705882
"784"	"YC19:2264"	2	426	"LH216"	"2"	2.50980392156863	1.1764705882353	1.45098039215686	2.19607843137255	1.25490196078431	1.72549019607843	1.52196078431372	2.90196078431372	4.15686274509804	1.68705882352941	8.68392156862745	1.52941176470588	7.3156862745098	11.9254901960784	14.8235294117647	9.76470588235294	15.4901960784314	25.7882352941176	22.8627450980392	26.156862745098	13.0196078431373
"785"	"YC19:2265"	2	429	"MS24A"	"2"	1.96078431372549	0.784313725490204	1.45098039215686	1.96078431372549	1.49019607843137	2.03921568627451	1.66941176470588	3.2156862745098	5.25490196078431	9.14196078431373	11.6470588235294	7.01960784313726	8.70588235294118	13.843137254902	15.7545098039216	10.6666666666667	17.0588235294118	26.5152941176471	22.9019607843137	20.6274509803922	10.4196078431373
"786"	"YC19:2266"	2	378	"PHWG5"	"2"	2.27450980392157	1.17647058823529	1.45098039215686	2	1.41176470588235	2.43137254901961	2.19607843137255	3.92156862745098	5.65098039215686	11.5294117647059	12.7972549019608	7.79058823529412	8.66666666666667	12.6274509803922	16.5137254901961	10.06	17.6470588235294	27.7254901960784	24.4039215686275	26.5882352941176	14.5882352941176
"787"	"YC19:2267"	2	495	"N200"	"2"	1.96078431372549	0.784313725490193	1.33333333333333	2.19607843137255	1.52941176470588	1.47529411764706	1.06039215686275	3.13725490196079	3.80392156862745	1.83372549019608	10.7505882352941	2.07843137254902	7.64705882352941	12.5882352941176	14.4603921568627	8.58823529411765	17.4509803921569	28.9411764705882	26.7058823529412	30.4117647058823	15.5686274509804
"788"	"YC19:2268"	2	441	"PHJ33"	"2"	2.62745098039216	1.96078431372549	1.56862745098039	2.03921568627451	1.2156862745098	2.74509803921569	2.35294117647059	3.64705882352941	5.49411764705882	10.0972549019608	12.078431372549	4.94117647058823	8.94117647058824	14.9243137254902	14.643137254902	9.90588235294118	19.6470588235294	31.6972549019608	27.323137254902	28.0588235294118	14.4723311546841
"789"	"YC19:2269"	2	289	"DK78371A"	"2"	2.50980392156863	0.941176470588243	1.92156862745098	2.54901960784314	1.84313725490196	1.76470588235294	1.88235294117647	5.76470588235294	8.66666666666666	13.1650980392157	15.6078431372549	9.21568627450981	10.6666666666667	17.4733333333333	13.921568627451	10.1176470588235	20.403137254902	32.1960784313726	28.9803921568627	31.3333333333333	14.7960784313726
"790"	"YC19:2270"	2	374	"PHT47"	"2"	2.07843137254902	1.29411764705882	2.15686274509804	2.3921568627451	1.37254901960785	2.98039215686275	2.13450980392156	4.99607843137254	6.62745098039216	9.51411764705882	11.7686274509804	7.80392156862745	10.2352941176471	17.921568627451	12.1556862745098	10.7450980392157	20.9803921568627	32.0721568627451	29.0258823529412	29.2341176470588	12.123137254902
"791"	"YC19:2271"	2	425	"LH205"	"2"	2.93098039215686	0.583921568627448	1.68627450980392	2.4313725490196	1.52941176470589	1.88235294117647	1.64705882352941	2.77411764705882	4.23529411764706	4.18470588235294	9.29960784313725	2.23529411764706	7.73333333333334	16.7113725490196	10.7725490196078	10.2745098039216	18.7741176470588	28.2458823529412	26.1596078431373	29.1333333333333	13.5686274509804
"792"	"YC19:2272"	2	400	"B110"	"2"	1.76470588235294	1.68627450980392	1.6078431372549	2.03921568627451	1.1764705882353	3.2156862745098	2.66666666666667	4.23529411764706	7.10196078431372	9.87098039215686	12.4705882352941	7.05882352941177	8.46470588235294	15.9439215686274	10.5490196078431	12.4313725490196	19.4509803921569	30.2654901960784	28.1074509803922	29.9470588235294	11.9254901960784
"793"	"YC19:2273"	2	478	"B77"	"2"	2.35294117647059	0.784313725490193	1.37254901960784	2.50980392156862	2.29803921568627	1.84313725490196	1.6435294117647	3.43529411764705	4.96078431372549	6.07843137254902	11.3262745098039	4.86274509803922	7.84313725490197	14.9705882352941	8.98392156862745	13.1019607843137	17.04	26.3137254901961	24.078431372549	25.6470588235294	14.5098039215686
"794"	"YC19:2274"	2	382	"Va26"	"2"	2.3921568627451	1.52941176470588	2.3921568627451	2.35294117647058	1.05882352941176	2.93882352941176	2.47058823529411	3.14509803921568	4.23529411764706	2.03921568627451	8.98549019607843	2.74509803921569	6.98039215686274	13.8039215686274	15.0925490196078	12.1176470588235	16.0043137254902	26.4313725490196	23.4509803921569	28.4043137254902	13.1596078431373
"795"	"YC19:2275"	2	506	"PHV78"	"2"	2.78431372549019	0.784313725490193	1.33333333333334	2.35294117647059	1.45098039215686	2.16078431372549	1.77647058823529	3.6078431372549	4.71372549019608	5.2643137254902	10.5760784313726	4.31372549019608	8.0392156862745	9.44235294117647	13.6470588235294	11.0196078431373	14.4125490196078	23.921568627451	22.4627450980392	27.1764705882353	13.843137254902
"796"	"YC19:2276"	2	290	"W814G"	"2"	1.76470588235294	1.08196078431373	1.45098039215687	2.11764705882353	1.25490196078431	1.68627450980392	1.18823529411765	2.3921568627451	2.74509803921569	3.24156862745098	2.70549019607844	2	3.45098039215686	10.3921568627451	15.5294117647059	10.5490196078431	8.58823529411765	16.4027450980392	18.5694117647059	19.2149019607843	8.90196078431372
"797"	"YC19:2277"	2	287	"YONG 28"	"2"	2.62745098039216	1.17647058823529	1.25490196078431	2.11764705882353	1.33333333333334	1.33333333333333	1.05882352941177	3.19215686274509	3.21960784313726	6.40156862745098	12.301568627451	5.13058823529412	9.05882352941176	12	14.4705882352941	10.0392156862745	16.7843137254902	27.9607843137255	24.8235294117647	26.5098039215686	12.1007843137255
"798"	"YC19:2278"	2	270	"PHG83"	"2"	2.26431372549019	0.788235294117651	1.13647058823529	1.92156862745098	1.01960784313725	2.76470588235294	2.43137254901961	4.43137254901961	6.15686274509804	11.6078431372549	14.5686274509804	8.40313725490197	10.3529411764706	14.8627450980392	13.0298039215686	8.86274509803921	19.8909803921569	30.1176470588235	27.8196078431373	29.5686274509804	12.1176470588235
"799"	"YC19:2279"	2	291	"ND259"	"2"	1.6078431372549	0.784313725490193	1.01960784313725	2.31372549019608	1.84313725490195	2	1.76470588235294	2.7843137254902	4.82745098039216	1.2713725490196	10.8458823529412	0.980392156862742	9.38039215686272	15.5023529411765	14.0392156862745	8.6878431372549	18.3309803921569	29.2254901960784	25.4066666666667	23.7254901960784	10.7058823529412
"800"	"YC19:2280"	2	298	"B111"	"2"	1.9764705882353	0.980392156862742	1.29411764705882	2.11764705882353	1.25490196078431	2.17647058823529	2.98039215686275	5.33333333333333	9.13725490196078	13.1156862745098	14.8235294117647	9.76470588235294	10.5490196078431	17.3725490196078	12.3035294117647	5.56862745098039	19.9607843137255	31.921568627451	28.078431372549	33.0243137254902	11.1529411764706
"801"	"YC19:2281"	2	333	"LH190"	"2"	2.54901960784314	0.823529411764709	1.29411764705883	2.15686274509804	1.17647058823529	2.43137254901961	2.50980392156863	4.95686274509803	8.07843137254902	10.7952941176471	14.3137254901961	7.88235294117647	9.84313725490196	15.843137254902	9.56862745098039	12.1176470588235	18.8235294117647	29.2588235294118	25.843137254902	28.5098039215686	13.1596078431373
"802"	"YC19:2282"	2	455	"Va35"	"2"	2.15686274509804	0.784313725490193	1.29411764705883	2.03921568627451	1.41176470588236	1.76470588235294	1.6078431372549	4.19607843137255	6.76470588235294	9.77921568627451	12.0850980392157	6.98078431372549	8.03921568627451	15.4509803921569	12.2352941176471	12.156862745098	17.8619607843137	27.3333333333333	24.7843137254902	25.8627450980392	12.9019607843137
"803"	"YC19:2283"	2	264	"LH204"	"2"	2.07843137254902	1.1764705882353	0.941176470588232	1.96078431372549	1.21568627450981	2.39607843137255	1.88235294117647	3.64705882352941	4.2156862745098	9.09137254901961	12.2745098039216	7.17647058823529	8.15686274509803	15.4796078431373	12.6666666666667	11.9607843137255	17.8039215686275	27.8823529411765	24.7843137254902	24.8235294117647	12.6274509803922
"804"	"YC19:2284"	2	332	"LH181"	"2"	1.56862745098039	0.980392156862744	1.09803921568627	2.15686274509804	1.25490196078431	2.35294117647059	1.25490196078431	1.87450980392157	3.49019607843137	1.68627450980392	5.71137254901961	1.52941176470588	5.52941176470588	12.3137254901961	14.3137254901961	12.0219607843137	15.6972549019608	24.3988235294118	23.5047058823529	27.2156862745098	14.4705882352941
"805"	"YC19:2285"	2	350	"N215"	"2"	1.84313725490196	1.1764705882353	1.56862745098039	2.07843137254902	1.05882352941176	2.62745098039216	1.88235294117647	2.43137254901961	2.72549019607843	1.45098039215686	3.17647058823529	1.41176470588235	3.77921568627451	11.8039215686275	13.9607843137255	11.3164705882353	12.596862745098	18.1498039215686	17.1207843137255	17.5443137254902	11.5686274509804
"806"	"YC19:2286"	2	405	"B66"	"2"	2.15686274509804	1.1764705882353	1.17647058823529	2.15686274509804	1.17647058823529	3.17647058823529	2.27450980392157	4.07843137254902	6.9243137254902	10.3529411764706	12.1960784313726	7.84313725490196	8.31372549019608	14.4705882352941	13.0588235294118	10.9019607843137	16.7843137254902	27.5349019607843	25.3874509803922	29.0980392156863	14.1176470588235
"807"	"YC19:2287"	2	485	"HUOBAI"	"2"	1.96078431372549	0.784313725490193	1.52941176470589	1.96078431372549	1.80392156862746	2.27450980392157	1.88235294117647	3.41960784313725	5.41568627450981	3.8478431372549	8.78980392156862	2.21254901960784	6.55372549019607	13.4509803921569	11.7647058823529	10.078431372549	14.7843137254902	25.2827450980392	23.2447058823529	24.6274509803922	13.1372549019608
"808"	"YC19:2288"	2	508	"WIL900"	"2"	2.47058823529412	1.21568627450981	1.41176470588236	1.96078431372549	1.37254901960785	3.72549019607843	3.25490196078432	4.03921568627451	5.82352941176471	6.71372549019608	12.3921568627451	4.8235294117647	8.94117647058824	15.5686274509804	11.6470588235294	8.00392156862745	20.2094117647059	30.7843137254902	27.461568627451	27.921568627451	11.7254901960784
"809"	"YC19:2289"	2	427	"MBPM"	"2"	2.39647058823529	1.17647058823529	1.41176470588235	2.27450980392157	1.80392156862746	3.25490196078431	1.76470588235294	3.92941176470588	6.19607843137255	8.70588235294118	12.5098039215686	6.7843137254902	8.58823529411765	15.6886274509804	13.9011764705882	9.88235294117647	17.4945098039216	28.2235294117647	26.676862745098	27.4533333333333	15.1203921568627
"810"	"YC19:2290"	2	368	"PHN46"	"2"	2.62745098039216	1.09803921568627	1.5686274509804	2.07843137254902	1.2156862745098	2.94117647058824	2.24705882352942	3.77254901960784	5.54901960784314	9.94039215686274	13.4117647058824	6.98392156862745	7.76470588235295	14.9803921568627	13.0505882352941	9.76470588235294	16.7529411764706	26.6666666666667	23.3086274509804	26.9803921568627	12.2407843137255
"811"	"YC19:2291"	2	476	"B57"	"2"	2.78431372549019	1.05882352941177	1.41176470588235	2.15686274509803	1.09803921568627	2.11764705882353	1.88235294117647	3.73333333333333	5.50980392156863	6.07843137254902	9.72549019607843	5.73019607843137	7.29411764705883	13.121568627451	12.5098039215686	10.4196078431373	14.5490196078431	23.1309803921569	20.156862745098	22.9411764705882	13.8823529411765
"812"	"YC19:2292"	2	409	"DE2"	"2"	3.29411764705882	1.18823529411765	1.68627450980392	2.15686274509803	1.09803921568627	2.70588235294118	2.31372549019608	3.09803921568627	4.31372549019608	7.51098039215686	10.3988235294118	5.86901960784313	6.98039215686274	12.3921568627451	14	11.9647058823529	16.2149019607843	25.6545098039216	22.4211764705882	25.1223529411765	12.2745098039216
"813"	"YC19:2293"	2	295	"A321"	"2"	2.3921568627451	0.784313725490199	1.52156862745099	2.0827450980392	1.5686274509804	1.64941176470588	2.03921568627451	4.43921568627451	6.13725490196079	4.91294117647059	11.8533333333333	4.48	8.86274509803922	15.983137254902	14.9803921568627	11.2219607843137	17.6603921568627	29.1427450980392	24.5388235294118	22.3490196078431	11.9047058823529
"814"	"YC19:2294"	2	366	"PHK56"	"2"	2.29019607843137	1.1764705882353	2.11764705882353	2.0392156862745	0.901960784313733	2.94117647058823	2.16078431372549	3.29411764705882	5.56862745098039	7.73450980392157	9.71450980392157	5.71411764705882	7.29411764705883	14.7058823529412	8.30352941176471	10.4705882352941	16.4352941176471	25.2156862745098	23.2580392156863	30.9333333333333	13.1035294117647
"815"	"YC19:2295"	2	442	"PHK29"	"2"	3.1764705882353	1.17647058823529	1.13725490196078	2.07843137254902	1.25490196078431	2.66666666666667	1.25490196078431	3.05882352941176	4.80392156862745	1.89686274509803	8.11764705882353	1.80392156862745	8.00000000000001	13.6250980392157	2.35294117647059	9.13725490196078	16.1960784313725	25.843137254902	23.3725490196078	25.7607843137255	13.5349019607843
"816"	"YC19:2296"	2	372	"PHT10"	"2"	2.19607843137255	1.1764705882353	1.56862745098039	2.35294117647059	1.41176470588235	2.23529411764706	1.68627450980392	3.34901960784313	4.86274509803922	7.68431372549019	10.1960784313725	4.58823529411765	8	14.9858823529412	0.654117647058823	10.7525490196078	18.5141176470588	28.0054901960784	23.2941176470588	27.1996078431372	14.8627450980392
"817"	"YC19:2297"	2	345	"MM501D"	"2"	1.88235294117647	1.25490196078431	1.96078431372549	2	1.13725490196079	2.11764705882353	1.42352941176471	2.35294117647059	3.77647058823529	5.00823529411764	6.19607843137255	4.10627450980392	5.72549019607843	10.9803921568627	1.29411764705882	10.5152941176471	13.5207843137255	21.2156862745098	18.4235294117647	21.6992156862745	12.123137254902
"818"	"YC19:2298"	2	321	"Hy"	"2"	3.13725490196079	0.901960784313724	1.01176470588236	2.06823529411765	1.45098039215686	2.70588235294118	1.37254901960784	2.98823529411764	4.61843137254902	3.80392156862745	8.62745098039216	2.01098039215686	5.72549019607844	13.0980392156863	1.96078431372549	10.4549019607843	15.6862745098039	27.8262745098039	22.3294117647059	25.4117647058824	13.921568627451
"819"	"YC19:2299"	2	505	"PHV63"	"2"	2.03921568627451	1.01960784313726	2.31372549019608	2.15686274509804	1.37254901960784	2.82745098039216	2.19607843137255	4.28235294117647	4.78431372549019	5.83098039215686	9.04196078431372	2.70588235294118	7.13725490196079	13.4901960784314	7.58509803921568	12.5098039215686	17.5686274509804	27.4956862745098	26.5098039215686	27.3294117647059	14.2462745098039
"820"	"YC19:2300"	2	371	"PHR55"	"2"	2.63176470588235	1.13725490196079	1.01960784313725	2.15686274509804	1.33333333333333	1.85490196078431	1.76470588235294	3.49019607843137	5.12431372549019	4.94117647058824	11.6313725490196	3.1764705882353	7.02156862745098	14.8235294117647	14.3921568627451	11.243137254902	17.0588235294118	29.0525490196078	26.5172549019608	28.0235294117647	13.3725490196078
"821"	"YC19:2301"	2	496	"N209"	"2"	3.33333333333333	1.56862745098039	1.56862745098039	2.19607843137255	1.60784313725491	2.90196078431372	2.35294117647059	4.50980392156863	6.15686274509804	8.52078431372549	9.88588235294117	5.66274509803922	7.49019607843137	12.9411764705882	9.79764705882353	5.81803921568627	17.3725490196078	27.4901960784314	25.4407843137255	26.078431372549	11.7254901960784
"822"	"YC19:2302"	2	452	"R71"	"2"	3.2156862745098	0.963529411764706	1.56862745098039	2.35294117647059	1.21568627450981	2.54901960784314	2.07843137254902	4.61725490196079	7.33725490196078	10.298431372549	11.3333333333333	7.6078431372549	8.98039215686275	14.2235294117647	11.2549019607843	7.25490196078432	17.6470588235294	27.6862745098039	26.156862745098	27.7843137254902	14.0839215686274
"823"	"YC19:2303"	2	353	"N523"	"2"	2.50980392156862	0.862745098039214	1.1764705882353	2.15686274509804	1.05882352941177	3.25490196078431	2.3921568627451	4.3921568627451	7.50980392156863	10.1286274509804	12.5098039215686	6.43137254901961	9.52941176470588	17.6862745098039	12.4588235294118	8.8078431372549	20.2745098039216	32.1678431372549	28.0027450980392	30.8980392156863	13.4901960784314
"824"	"YC19:2304"	2	322	"Il778d"	"2"	2.55294117647059	1.13725490196079	1.37254901960785	2.44705882352941	1.99607843137255	3.25490196078431	1.45098039215686	2.72156862745098	3.27450980392157	1.98117647058823	5.93529411764706	1.25490196078431	5.62156862745098	9.52941176470588	13.4509803921569	9.05882352941176	10.2047058823529	19.0109803921569	17.1886274509804	22.6470588235294	11.0588235294118
"825"	"YC19:2305"	2	453	"Va102"	"2"	2.50980392156863	1.56862745098039	1.52941176470589	2.47058823529411	0.980392156862742	3.96078431372549	2.90196078431373	3.2156862745098	2.94117647058824	2.50980392156863	3.49019607843137	1.99607843137255	2.06274509803922	10	13.4549019607843	9.29411764705882	7.86196078431373	18.7835294117647	18.4682352941176	21.1125490196078	11.0250980392157
"826"	"YC19:2306"	2	487	"INBRED 109"	"2"	2.43137254901961	1.1764705882353	1.56862745098039	2.07843137254902	1.49019607843137	2.35294117647059	1.38039215686275	2.81333333333333	4.50980392156863	4.45333333333333	8.66666666666667	2.78431372549019	5.6078431372549	10.4705882352941	13.5686274509804	11.701568627451	12.3137254901961	22.4980392156863	20.1176470588235	22.956862745098	8.79999999999999
"827"	"YC19:2307"	2	365	"PHJ70"	"2"	2.07843137254902	1.13725490196079	0.784313725490193	2.15686274509804	0.941176470588232	2.58823529411765	1.47450980392157	3.25490196078431	5.49019607843137	5.69098039215686	10.2745098039216	5.25098039215686	7.01960784313726	13.0505882352941	15.7254901960784	12.1960784313726	15.0980392156863	25.4509803921569	24.5098039215686	26.7450980392157	13.1203921568627
"828"	"YC19:2308"	2	398	"AusTRCF 306238"	"2"	1.92156862745098	1.68627450980392	1.68627450980392	1.96078431372549	1.21568627450981	2.35294117647059	1.96078431372549	2.70588235294118	3.84313725490196	2.07176470588235	7.06941176470588	1.49725490196078	5.21568627450981	12.9411764705882	7.88235294117647	8.86823529411765	14.7058823529412	24.6329411764706	23.1372549019608	27.5156862745098	14.5937254901961
"829"	"YC19:2309"	2	445	"PHR58"	"2"	1.92156862745098	1.13725490196079	0.89254901960784	2.15686274509804	1.33333333333333	2.03921568627451	1.45098039215686	2.73490196078431	4.80392156862745	4.70039215686274	8.11764705882353	3.09803921568627	7.01960784313725	13.6862745098039	8.83882352941177	11.8862745098039	15.1372549019608	25.5686274509804	24.5647058823529	26.4705882352941	12.9411764705882
"830"	"YC19:2310"	2	317	"H71"	"2"	1.68627450980392	0.784313725490193	1.1764705882353	1.96078431372549	1.17647058823529	2.3921568627451	2.47450980392157	4.70588235294118	8.72549019607843	12.9803921568627	14.3921568627451	9.29411764705882	10.2352941176471	16.5882352941176	9.06313725490196	13.1372549019608	22.4137254901961	29.8486274509804	29.8588235294118	30.9372549019608	14.4145098039216
"831"	"YC19:2311"	2	507	"Va17"	"2"	2.74509803921568	0.980392156862744	1.1764705882353	2.11764705882353	1.41176470588235	1.68627450980392	1.37254901960784	3.09803921568627	6.05882352941176	7.41176470588235	9.33333333333334	4.03921568627451	6.82352941176471	11.2941176470588	11.4901960784314	9.92156862745098	15.8823529411765	23.5741176470588	21.9113725490196	24.6862745098039	13.6862745098039
"832"	"YC19:2312"	2	463	"W817G"	"2"	2.23529411764706	0.784313725490199	1.45098039215686	2.15686274509804	1.41176470588235	1.88235294117647	1.64705882352941	2.22509803921569	2.43137254901961	1.24156862745098	5.1364705882353	1.45098039215686	4.98039215686275	14.8486274509804	10.9843137254902	10.9698039215686	14.278431372549	20.2	17.3521568627451	20.9980392156863	13.0745098039216
"833"	"YC19:2313"	2	511	"PH207"	"2"	2.27450980392157	1.17647058823529	1.56862745098039	2.15686274509804	1.01960784313726	2.70588235294118	2.07843137254902	4.94117647058824	7.49019607843137	12	14.0392156862745	8.96901960784313	9.37254901960784	17.1764705882353	13.8474509803922	11.3725490196078	20	31.0305882352941	25.921568627451	26.9803921568627	12.1960784313726
"834"	"YC19:2314"	2	351	"N28Ht"	"2"	1.64705882352941	0.796078431372549	1.17647058823529	2.35294117647059	1.49019607843138	2.74509803921569	1.49019607843137	2.79215686274509	3.96078431372549	5.56862745098039	10.5882352941176	5.25490196078431	8.54901960784313	13.3388235294118	16.6274509803922	10.1176470588235	17.8823529411765	26.0827450980392	24.363137254902	28.4717647058823	12.8352941176471
"835"	"YC19:2315"	2	309	"CH701-30"	"2"	2.54901960784314	0.7756862745098	1.1764705882353	1.96078431372549	1.01960784313725	2.50980392156863	2	3.41176470588235	3.13725490196078	10.3019607843137	13.0980392156863	7.09803921568627	8.90196078431373	15.0588235294118	11.2549019607843	10.2352941176471	17.3376470588235	27.9607843137255	24.156862745098	25.3137254901961	9.88235294117647
"836"	"YC19:2316"	2	435	"NC326"	"2"	2.58823529411764	1.41176470588235	0.823529411764714	2.06823529411765	1.6078431372549	2.27450980392157	2.3921568627451	4.11764705882353	6.86274509803922	11.2941176470588	12.7058823529412	8.27450980392157	9.29254901960784	15.2572549019608	13.298431372549	10.3803921568627	19.5337254901961	28.5545098039216	25.2941176470588	26.8196078431373	12.9803921568627
"837"	"YC19:2317"	2	320	"HUANYAO"	"2"	2.29019607843137	1.21568627450981	1.21568627450981	1.96078431372549	0.941176470588232	2.17647058823529	1.56862745098039	2.54901960784314	4.13725490196079	2.94117647058824	7.38352941176471	2.98039215686275	5.88235294117647	12.356862745098	15.1372549019608	10	15.376862745098	25.0917647058823	23.4901960784314	25.9607843137255	14.0223529411765
"838"	"YC19:2318"	2	362	"Oh7"	"2"	2.35294117647059	1.52941176470588	1.41176470588236	2.35294117647059	1.41176470588236	2	1.40823529411764	3.2156862745098	4.78823529411765	5.00549019607843	10.6666666666667	3.6356862745098	8.07843137254902	12.6666666666667	12.8839215686275	9.64705882352942	17.1411764705882	26.7349019607843	25.2717647058824	31.4509803921569	17.921568627451
"839"	"YC19:2319"	2	376	"PHW43"	"2"	1.88235294117647	0.784313725490193	1.96078431372549	2.19607843137255	1.13725490196079	3.29411764705882	2.51843137254902	4.59607843137255	7.70588235294118	10.5490196078431	12.1819607843137	8.00000000000001	8.39215686274509	13.5796078431373	13.2933333333333	9.41176470588236	16.9411764705882	26.9074509803922	26.5254901960784	29.2549019607843	16.0839215686275
"840"	"YC19:2320"	2	494	"Mo5"	"2"	1.96078431372549	1.17647058823529	1.25490196078431	2.70588235294118	1.92156862745098	2.16078431372549	1.33333333333333	3.33333333333333	5.01960784313725	6.7843137254902	9.48078431372549	5.30313725490196	7.17960784313725	13.4117647058824	14.7450980392157	10.5882352941176	13.921568627451	21.8094117647059	20.2745098039216	22.8980392156863	14.2745098039216
"841"	"YC19:2321"	2	357	"NC328"	"2"	1.96078431372549	1.1764705882353	1.36470588235294	2.31372549019608	1.05882352941176	2.90196078431373	2.47058823529412	3.84313725490196	5.76470588235294	6.42745098039216	10.7086274509804	6.77294117647059	7.49019607843138	12.3137254901961	12.7450980392157	9.4235294117647	17.6470588235294	27.5294117647059	24.7450980392157	27.1372549019608	14.156862745098
"842"	"YC19:2322"	2	380	"R78"	"2"	3.16627450980392	1.17647058823529	1.41176470588235	2.54901960784314	1.84313725490196	1.84313725490196	1.21568627450981	2.35294117647059	3.35294117647059	1.81490196078432	9.09803921568627	1.2156862745098	6.49490196078431	11.3388235294118	12.7450980392157	10.1172549019608	14.3082352941176	23.5349019607843	20.7741176470588	24.9396078431372	12.8627450980392
"843"	"YC19:2323"	2	265	"LH227"	"2"	2	0.784313725490193	2	2.15686274509803	1.1764705882353	2.43137254901961	2.07843137254902	3.49803921568627	4.8235294117647	2.23529411764706	9.22745098039215	2.8235294117647	7.23529411764705	14.0392156862745	12.7450980392157	11.2666666666667	17.6078431372549	27.7223529411765	24.9803921568627	28.3725490196078	12.5490196078431
"844"	"YC19:2324"	2	306	"B75"	"2"	2.23529411764706	0.784313725490204	1.25490196078431	2.31372549019607	1.72549019607843	1.88235294117647	1.33333333333333	2.62745098039216	3.23529411764706	1.56862745098039	8	1.88235294117647	5.92156862745098	13.478431372549	12.0345098039216	10.4705882352941	16.2745098039216	26.2352941176471	23.2156862745098	25.8823529411765	13.2211764705882
"845"	"YC19:2325"	2	412	"F2834T"	"2"	1.64705882352941	1.18823529411765	1.41176470588235	2.19607843137254	1.05882352941176	2.88235294117647	2.70588235294118	4.59607843137255	5.90196078431372	8.59490196078431	10.8003921568627	7.05882352941176	7.52235294117647	13.2549019607843	12.2901960784314	11.6470588235294	16.3529411764706	24.7450980392157	22.2745098039216	24.4274509803922	11.9270588235294
"846"	"YC19:2326"	2	464	"W819G"	"2"	1.88235294117647	1.05882352941176	1.49019607843137	2.50980392156862	1.76470588235294	1.84313725490196	1.1764705882353	3.13725490196078	3.70588235294117	2.0878431372549	9.52078431372549	3.33333333333333	7.60980392156863	13.9956862745098	11.1372549019608	11.1372549019608	15.4117647058824	25.7086274509804	22.6992156862745	26.3529411764706	13.843137254902
"847"	"YC19:2327"	2	275	"PHR47"	"2"	2.11764705882353	1.17647058823529	1.56862745098039	2.15686274509804	1.6078431372549	2.84313725490196	1.80392156862745	3.64705882352941	4.70588235294117	2.86274509803921	11.7254901960784	2.81411764705882	7.6078431372549	14.3529411764706	12.8235294117647	11.6149019607843	15.8866666666667	26.7450980392157	25.0952941176471	28.4313725490196	13.5294117647059
"848"	"YC19:2328"	2	297	"B109"	"2"	1.72549019607843	0.823529411764714	1.49019607843137	2.11764705882353	1.09803921568627	1.82352941176471	1.56862745098039	3.64705882352941	4.58823529411765	6.62274509803922	12.3423529411765	6.05019607843137	9.1764705882353	15.8823529411765	12.5490196078431	9.72549019607844	18.4313725490196	29.3807843137255	26.1960784313726	28.7843137254902	13.1647058823529
"849"	"YC19:2329"	2	392	"WU-TAN-TZAO"	"2"	1.92156862745098	1.1764705882353	1.80392156862745	2.39215686274509	1.41176470588235	1.80392156862745	1.76470588235294	3.64705882352941	4.98039215686275	3.80392156862745	10.5321568627451	2.19607843137255	7.68627450980392	14.3137254901961	12.321568627451	10.078431372549	17.2156862745098	26.3780392156863	23.8878431372549	23.921568627451	12.9803921568627
"850"	"YC19:2330"	2	316	"H5"	"2"	1.49019607843137	0.941176470588232	1.52941176470588	2.14666666666666	1.43137254901961	2.03921568627451	1.33333333333333	3.13725490196078	4.72549019607843	7.45098039215686	13.6360784313725	7.60784313725491	9.37529411764706	15.3388235294118	14.0870588235294	10.2352941176471	18.7058823529412	29.8819607843137	27.401568627451	29.2745098039216	13.1372549019608
"851"	"YC19:2331"	2	421	"K41"	"2"	2.66666666666666	1.17647058823529	1.6078431372549	2.54901960784314	1.09803921568627	1.96078431372549	1.72549019607843	3.05882352941177	5.45098039215686	8.3921568627451	11.8239215686274	3.41803921568627	8.94117647058824	12.8235294117647	12.8627450980392	6.35294117647059	18.5098039215686	28.9686274509804	26.521568627451	28.8039215686275	12.8627450980392
"852"	"YC19:2332"	2	303	"B164"	"2"	1.83294117647059	0.784313725490193	1.64705882352941	2.31372549019608	1.56862745098039	1.97254901960784	1.68627450980392	2.86274509803921	4.94117647058823	6.34431372549019	10.078431372549	6.23529411764706	7.76470588235294	13.4901960784314	14.4313725490196	9.49019607843137	16.6588235294118	26.6666666666667	25.5960784313726	28.7843137254902	14.1176470588235
"853"	"YC19:2333"	2	304	"B37"	"2"	2.70588235294117	1.37254901960785	1.68627450980392	2.43137254901961	1.2156862745098	1.76470588235294	1.75725490196078	3.37254901960784	5.84313725490196	9.05882352941176	11.4117647058824	6.52078431372549	7.9235294117647	14.1960784313725	12.6274509803922	10.7843137254902	17.0196078431373	26.7058823529412	25.0980392156863	27.0588235294118	15.035294117647
"854"	"YC19:2334"	2	377	"PHW79"	"2"	1.84313725490196	0.823529411764703	1.68627450980392	2.54901960784314	1.68627450980392	1.56862745098039	0.823529411764704	1.64705882352941	1.92156862745098	1.38196078431373	3.83137254901961	0.980392156862747	3.33019607843137	9.21568627450981	14.9019607843137	10.4705882352941	15.9286274509804	24.7933333333333	18.7172549019608	23.3725490196078	12.4862745098039
"855"	"YC19:2335"	2	267	"ND259"	"2"	3.22745098039215	1.11843137254901	1.41176470588235	2.50980392156863	1.21568627450981	1.68627450980392	1.56862745098039	2.50980392156863	3.33725490196079	1.41176470588235	5.59098039215686	1.49019607843138	4.19607843137255	12.7450980392157	13.0239215686274	5.99999999999999	8.25411764705883	20.5725490196078	16.7972549019608	21.2549019607843	10.2745098039216
"856"	"YC19:2336"	2	269	"Pa875"	"2"	2.23529411764706	0.705882352941174	1.6078431372549	2.75686274509804	1.33333333333333	2.15686274509804	1.68627450980392	3.33333333333333	4.43529411764706	5.68470588235294	10.0894117647059	3.01960784313725	7.92156862745098	14.9019607843137	12.4313725490196	8.11764705882353	15.921568627451	26.8235294117647	25.3725490196078	29.4901960784314	14.403137254902
"857"	"YC19:2337"	2	396	"87916W"	"2"	2.4078431372549	1.1764705882353	0.980392156862742	2.43137254901961	1.21568627450981	2.94117647058823	2.23529411764706	4.83137254901961	6.27450980392156	8.48627450980392	12.3529411764706	7.17647058823529	8.19607843137255	14.5494117647059	13.1372549019608	8.35294117647059	18.078431372549	27.7870588235294	25.5294117647059	28.0352941176471	14.436862745098
"858"	"YC19:2338"	2	413	"FR19"	"2"	1.33333333333333	1.1764705882353	2.11764705882353	2.3921568627451	1.80392156862745	2.47058823529412	1.1764705882353	1.6078431372549	2.35294117647059	0.784313725490199	2.11764705882353	1.17647058823529	1.29411764705882	6.70588235294118	4.98039215686275	6.98039215686275	14.9058823529412	8.27450980392157	7.26901960784314	14.3921568627451	13.6525490196078
"859"	"YC19:2339"	2	484	"H96"	"2"	1.91568627450981	1.01960784313725	1.48235294117647	2.50980392156863	1.29411764705882	1.94117647058824	1.68627450980392	2.10862745098039	3.19607843137255	1.80392156862745	7.71294117647059	1.76470588235295	5.25490196078431	10.0301960784314	10.8454901960784	7.01960784313725	10.5137254901961	17.921568627451	19.1117647058823	20.5490196078431	13.0588235294118
"860"	"YC19:2340"	2	417	"IDS28"	"2"	2.03921568627451	1.45098039215686	2.31372549019608	2.54901960784314	1.31372549019608	2.02313725490196	1.68627450980393	3.17647058823529	4.50980392156863	4.81019607843137	9.72941176470589	4.98039215686275	6.94117647058823	11.3725490196078	12.9803921568627	6.34	13.4901960784314	21.8823529411765	21.0980392156863	23.2117647058824	13.5125490196078
"861"	"YC19:2341"	2	390	"Wf9"	"2"	2.7843137254902	0.705882352941174	1.56862745098039	2.23529411764706	2	1.56862745098039	0.862745098039224	1.94117647058824	2.47058823529412	2.19607843137255	4.80039215686275	1.96078431372549	4.47058823529412	10.7450980392157	13.2549019607843	9.17647058823529	10.9019607843137	19.6470588235294	18.1333333333333	20.8235294117647	13.7254901960784
"862"	"YC19:2342"	2	311	"CO258"	"2"	2.15686274509804	1.64666666666667	2.07843137254902	2.35294117647059	1.6078431372549	1.56862745098039	1.68627450980393	1.8556862745098	2.7843137254902	1.56862745098039	7.12039215686274	2.54901960784313	5.25490196078431	10.8235294117647	7.51921568627451	11.0588235294118	12.1176470588235	19.8823529411765	18.1960784313726	19.921568627451	11.1372549019608
"863"	"YC19:2343"	2	334	"LH193"	"2"	1.2156862745098	1.01960784313726	2.11764705882353	2.70588235294118	1.29411764705882	1.88235294117647	1.41176470588235	2.31372549019608	2.68627450980392	1.49019607843137	6.02235294117647	1.79254901960784	3.41960784313726	10.4313725490196	10.1176470588235	11.4627450980392	11.8039215686275	19.6109803921569	16	18.2658823529412	9.4956862745098
"864"	"YC19:2344"	2	379	"PHZ51"	"2"	4.63176470588235	0.666666666666675	1.29411764705882	2.43137254901961	2.62745098039216	2.35294117647059	1.18823529411763	2.07843137254902	3.15686274509804	1.76470588235294	8.88509803921569	1.50117647058823	4.89254901960785	13.0588235294118	10.1176470588235	7.61176470588235	11.158431372549	21.7894117647059	19.4509803921569	21.5070588235294	9.18196078431372
"865"	"YC19:2345"	2	444	"PHR03"	"2"	4.58745098039216	0.784313725490204	1.64705882352941	2.31372549019608	2.07843137254902	2.15686274509804	1.59019607843137	3.13725490196078	4.87843137254902	4.39215686274509	9.45098039215687	2.70588235294117	6.94117647058824	13.3725490196078	14.2745098039216	3.00274509803921	14.9992156862745	26.2745098039216	23.8823529411765	27.4929411764706	12.2352941176471
"866"	"YC19:2346"	2	280	"SG 30A"	"2"	1.56862745098039	0.941176470588243	2.15686274509804	2.58823529411765	1.2156862745098	1.68627450980392	1.25490196078431	2.51764705882353	3.47058823529411	1.49019607843137	7.92156862745098	1.84313725490196	5.26274509803921	10.4760784313726	11.1541176470588	14.078431372549	15.0835294117647	24.9019607843137	22.1176470588235	24.6666666666667	10.3019607843137
"867"	"YC19:2347"	2	308	"CG102"	"2"	1.92156862745098	0.901960784313722	2.11764705882353	2.15686274509804	1.13725490196079	1.84313725490196	1.76470588235295	3.29411764705882	4.3921568627451	5.21882352941176	10.6	4.43137254901961	7.37254901960784	12.9019607843137	13.1372549019608	13.3333333333333	16.0435294117647	26.6274509803922	25.1270588235294	28.4733333333333	12.5490196078431
"868"	"YC19:2348"	2	286	"W821G"	"2"	2.3921568627451	0.784313725490193	1.25490196078431	2.50980392156863	1.64705882352941	1.56862745098039	1.70862745098039	3.15568627450981	5.7843137254902	3.20039215686275	8.56823529411765	3.05882352941177	6.40196078431372	13.2941176470588	13.2447058823529	10.078431372549	18.6313725490196	27.4117647058824	21.7254901960784	23.9019607843137	14.8498039215686
"869"	"YC19:2349"	2	272	"PHK35"	"2"	2.31372549019608	1.17647058823529	2.3921568627451	2.43137254901961	1.72549019607843	2.11764705882353	1.68627450980393	4.47058823529412	6.27450980392157	8.93019607843137	12.7329411764706	5.52941176470588	8.27450980392157	15.0352941176471	11.6745098039216	9.2156862745098	17.6862745098039	28.4392156862745	25.7254901960784	29.0196078431373	13.3388235294118
"870"	"YC19:2350"	2	404	"B65"	"2"	2.07843137254902	0.784313725490193	1.37254901960784	2.35294117647059	1.25490196078431	1.52941176470588	1.96078431372549	3.45098039215686	4.43137254901961	6.97372549019607	11.0588235294118	6.03921568627451	8.70588235294117	10.4537254901961	11.5686274509804	8.70588235294118	16.3960784313726	27.5309803921568	21.0352941176471	24.2980392156863	11.7254901960784
"871"	"YC19:2351"	2	436	"NC342"	"2"	1.66588235294118	1.1764705882353	1.41176470588235	2.23529411764706	1.64705882352941	2.11764705882353	0.980392156862747	1.56862745098039	2.35294117647059	1.45098039215686	6.43137254901961	1.59647058823529	5.45098039215686	11.3533333333333	12.8235294117647	9.37254901960785	16.2349019607843	25.1780392156863	21.538431372549	24.156862745098	12.7717647058824
"872"	"YC19:2352"	2	468	"Yu796 NS"	"2"	2.31372549019608	1.2156862745098	0.901960784313724	2.58823529411765	1.49019607843137	1.51921568627451	2.15686274509804	4.31372549019608	5.96078431372549	9.19254901960784	11.4509803921569	6.3921568627451	7.96078431372549	14.1960784313726	12.7156862745098	11.0980392156863	16.4705882352941	26.2352941176471	24.5490196078431	25.0666666666667	13.8039215686274
"873"	"YC19:2353"	2	479	"B79"	"2"	1.56862745098039	0.784313725490193	1.49019607843137	2.19607843137255	1.45098039215686	1.52941176470588	1.33333333333333	2.66666666666667	4.23529411764706	2.11764705882353	7.49019607843137	2.88470588235294	7.04235294117646	9.62274509803922	8.47058823529412	9.32941176470588	13.6862745098039	22.2407843137255	19.7647058823529	22.4705882352941	12.3921568627451
"874"	"YC19:2354"	2	328	"KUNG-70"	"2"	2.54901960784314	0.901960784313722	1.64705882352941	2.3921568627451	1.43137254901961	1.49019607843137	1.37254901960784	3.33333333333333	4.25764705882353	5.21568627450981	8.70588235294118	3.86705882352941	7.2156862745098	11.6470588235294	11.3725490196078	9.87882352941176	16.2274509803922	25.8725490196078	20.078431372549	21.4078431372549	12.078431372549
"875"	"YC19:2355"	2	271	"PHHH9"	"2"	1.68627450980392	0.784313725490204	1.25490196078431	2.3921568627451	1.76470588235294	1.68627450980392	1.34078431372549	3.04862745098039	4.82352941176471	1.72549019607843	10.9858823529412	2.16156862745098	7.49019607843138	13.2588235294118	13.323137254902	10.5098039215686	17.2592156862745	26.9803921568627	23.9607843137255	25.2941176470588	13.2156862745098
"876"	"YC19:2356"	2	285	"W811G"	"2"	1.88235294117647	0.79607843137256	1.13725490196079	2.35294117647059	1.45098039215686	1.37254901960784	1.68627450980392	3.84313725490196	5.56862745098039	7.63450980392157	10.8094117647059	5.37254901960784	7.68627450980392	13.8039215686275	13.7647058823529	9.86549019607843	16.2109803921569	26.0839215686274	25.0878431372549	28.6588235294118	12.4705882352941
"877"	"YC19:2357"	2	410	"DE3"	"2"	1.56862745098039	0.392156862745097	1.68627450980392	2.54901960784313	1.37254901960784	2	1.21568627450981	1.68627450980392	2.54901960784314	0.601568627450966	5.1764705882353	0.901960784313722	2.32156862745098	10.7058823529412	15.843137254902	7.94627450980392	13.3027450980392	20.958431372549	18.7141176470588	21.4509803921569	12.2235294117647
"878"	"YC19:2358"	2	315	"H121"	"2"	1.56862745098039	1.25490196078431	1.52941176470588	2.50980392156863	1.84313725490196	1.49019607843137	1.41176470588235	2.90196078431373	4.58823529411764	7.79607843137255	11.1019607843137	6.07843137254902	7.21333333333333	12.3921568627451	13.1941176470588	9.76235294117646	15.0894117647059	27.0737254901961	23.5356862745098	25.6862745098039	14.1176470588235
"879"	"YC19:2359"	2	387	"W810G"	"2"	1.44196078431372	0.627450980392155	1.13725490196079	2.31372549019608	1.56862745098039	2.31372549019608	1.72549019607843	4.31372549019608	6.15686274509804	10.1960784313726	11.1082352941176	6.90196078431373	9.09803921568627	13.3725490196078	12.3811764705882	10.3529411764706	17.1764705882353	26.9686274509804	23.5294117647059	26.1529411764706	14.0839215686274
"880"	"YC19:2360"	2	437	"NY6371"	"2"	2.05490196078432	1.01960784313726	1.70509803921569	2.27450980392157	1.13725490196079	1.29411764705882	1.73764705882353	3.36078431372549	5.70588235294118	9.72549019607843	12.1960784313725	7.98196078431372	9.41176470588235	11.8823529411765	12.7058823529412	8.98039215686274	18.7058823529412	31.8313725490196	25.7545098039216	27.4901960784314	14.8627450980392
"881"	"YC19:2361"	2	520	"B73"	"2"	1.56862745098039	0.627450980392161	0.941176470588234	2.4313725490196	1.52941176470588	1.96078431372549	1.80392156862745	4.64627450980392	7.29411764705882	12.0474509803922	13.4117647058824	8.6321568627451	9.92156862745099	15.9647058823529	14.0392156862745	8.66666666666667	20	32.4941176470588	29.0588235294118	30.6274509803922	14.8290196078431
"882"	"YC19:2362"	2	288	"ZS365"	"2"	1.97764705882353	0.980392156862742	1.80392156862745	2.50980392156862	1.45098039215686	2.80392156862745	1.61960784313726	3.13725490196078	3.35294117647059	4.99137254901961	11.6470588235294	3.1764705882353	7.52941176470588	15.0588235294118	14.7898039215686	10.641568627451	15.5901960784314	26.043137254902	22.9803921568627	25.1835294117647	10.3921568627451
"883"	"YC19:2363"	2	339	"LH215"	"2"	1.96078431372549	1.05882352941176	1.41176470588235	2.43137254901961	1.56862745098039	2.07843137254902	1.17647058823529	2.67450980392157	4.72549019607843	5.30274509803922	9.8313725490196	3.84313725490196	7.96862745098039	13.2549019607843	12.8235294117647	11.2156862745098	16	25.8509803921569	24.5780392156863	27.7647058823529	13.1764705882353
"884"	"YC19:2364"	2	466	"WXB6"	"2"	1.80392156862745	1.18823529411765	1.41176470588235	2.11764705882353	1.25490196078431	2.74509803921569	2.03921568627451	2.86274509803921	3.49019607843137	1.99607843137255	9.76470588235293	1.76470588235294	7.09803921568628	13.2549019607843	11.8039215686274	12.7450980392157	16.078431372549	26.7843137254902	22.2352941176471	25.0486274509804	14.1450980392157
"885"	"YC19:2365"	2	499	"NC368"	"2"	2.66666666666666	0.784313725490204	1.44549019607843	2.62745098039216	1.68627450980392	2.09803921568628	1.45098039215686	3.13725490196079	5.29803921568628	5.90980392156863	11.1372549019608	6.58901960784314	9.01960784313725	15.2156862745098	13.3333333333333	12.1176470588235	17.7647058823529	28.3137254901961	25.0196078431373	26.6627450980392	15.5294117647059
"886"	"YC19:2366"	2	512	"PH207"	"2"	1.72549019607843	0.823529411764704	1.96078431372549	2.18588235294118	1.09803921568628	2.78431372549019	2.03921568627451	5.03529411764705	6.09803921568628	10.6274509803922	13.1996078431373	8.62745098039216	9.17647058823529	15.5294117647059	12.8352941176471	9.52941176470588	18.3921568627451	29.4117647058823	26.1364705882353	27.2301960784314	13.2941176470588
"887"	"YC19:2367"	2	337	"LH213"	"2"	2.47058823529412	1.05882352941176	1.31294117647059	2.43137254901961	1.33333333333333	1.72549019607843	1.29411764705882	1.76470588235294	2.43137254901961	1.18117647058823	3.41176470588235	1.01960784313726	2.98039215686274	10.436862745098	12	9.33882352941177	10.221568627451	24.3858823529412	17.0933333333333	19.2156862745098	11.7513725490196
"888"	"YC19:2368"	2	278	"S8326"	"2"	2.47058823529412	1.54901960784314	1.21568627450981	2.35294117647059	1.43137254901961	2.82392156862745	2.68901960784314	3.52941176470588	4.92156862745098	1.89019607843137	9.65490196078431	1.79254901960784	6.74509803921569	13.0470588235294	11.7647058823529	10.7113725490196	21.3333333333333	26.9411764705882	24.6274509803922	26.9949019607843	13.2549019607843
"889"	"YC19:2369"	2	450	"R227"	"2"	2.3921568627451	1.13725490196078	1.33333333333333	2.62745098039216	1.83137254901961	2.27450980392157	2.06156862745098	4.02745098039215	6.57137254901961	6.79411764705882	12.4537254901961	5.79764705882352	8.47058823529412	14.5101960784314	10.7843137254902	11.1372549019608	17.5149019607843	27.5349019607843	25.1529411764706	27.5686274509804	13.843137254902
"890"	"YC19:2370"	2	313	"H105W"	"2"	1.68627450980392	0.784313725490193	1.96078431372549	2.31372549019608	1.52941176470588	2.98039215686275	2.19607843137255	3.30980392156862	4.50980392156862	4.3921568627451	11.2549019607843	4.91725490196076	7.45098039215686	13.5686274509804	10.6666666666667	11.2549019607843	16.8627450980392	26.2745098039216	23.843137254902	26.1478431372549	11.6470588235294
"891"	"YC19:2371"	2	460	"W803G"	"2"	2.94117647058824	0.784313725490199	1.33333333333333	2.3921568627451	1.13725490196078	2.15686274509804	1.63019607843137	3.37254901960784	3.96470588235294	2.96901960784314	10.9850980392157	1.18431372549019	7.84313725490196	13.3388235294118	12.7450980392157	8.66509803921569	16.4125490196078	25.6078431372549	24.156862745098	26	12.436862745098
"892"	"YC19:2372"	2	367	"PHK93"	"2"	2.03921568627451	1.05882352941176	1.17647058823529	2.15686274509804	1.25490196078432	2.05882352941176	2.15686274509804	3.57647058823529	5.45098039215686	7.89647058823528	11.0588235294118	6.20823529411765	7.06196078431372	13.0235294117647	11.8039215686275	10	15.8823529411765	25.0862745098039	23.6078431372549	27.4509803921569	12.7450980392157
"893"	"YC19:2373"	2	446	"PHR62"	"2"	2.82352941176471	1.1764705882353	0.784313725490204	2.15686274509804	1.41176470588236	2.31372549019608	1.41176470588235	2.35294117647059	3.17647058823529	1.33176470588235	4.26392156862746	1.29411764705882	2.15686274509804	11.8039215686275	13.4509803921569	10.9058823529412	10.1960784313725	18.9803921568627	20.0290196078431	20.8509803921569	12.4211764705882
"894"	"YC19:2374"	2	296	"A797NW"	"2"	2.50980392156863	0.784313725490193	1.41176470588236	2.15686274509804	0.901960784313722	2.58823529411765	1.96078431372549	3.68627450980392	3.47725490196078	6.58823529411765	10.7058823529412	2.58823529411764	6.82352941176471	12.9411764705882	16.3137254901961	9.53843137254902	15.921568627451	23.7254901960784	24.6811764705882	27.2470588235294	12.2745098039216
"895"	"YC19:2375"	2	458	"W32"	"2"	2.27450980392157	0.980392156862747	1.2156862745098	2.11764705882353	1.76470588235293	2.90196078431373	2.35686274509804	4.23529411764706	7.45098039215686	10.2745098039216	11.1372549019608	6.86627450980392	7.64705882352941	14.156862745098	13.9505882352941	9.96078431372549	16.2745098039216	25.8039215686275	22.8235294117647	24.4705882352941	10.4313725490196
"896"	"YC19:2376"	2	422	"LH191"	"2"	2.81176470588235	1.21568627450981	1.17647058823529	2.3921568627451	1.29411764705882	2.58823529411765	2.27450980392157	3.17647058823529	4.86274509803922	4.25490196078431	9.26039215686275	3.72549019607843	7.09803921568628	13.1411764705882	15.1662745098039	8.98039215686275	14.6274509803922	25.1482352941176	22.5098039215686	23.4898039215686	12.7058823529412
"897"	"YC19:2377"	2	359	"NKS8326"	"2"	2.58823529411765	1.1035294117647	1.33333333333333	2.11764705882353	1.5686274509804	2.70588235294118	1.72941176470588	4.11764705882353	6.37921568627451	9.75333333333333	12.8627450980392	5.64705882352941	9.88235294117647	14.2745098039216	13.8823529411765	8.78431372549019	17.8039215686275	29.6862745098039	26.1960784313725	29.6470588235294	15.2156862745098
"898"	"YC19:2378"	2	517	"B73"	"2"	2.51411764705882	1.56862745098039	1.5686274509804	2.3921568627451	1.45098039215687	2.54901960784314	3.00274509803921	5.80392156862745	8.88235294117647	13.3333333333333	14.7058823529412	9.11607843137255	9.96705882352941	16.7058823529412	11.5686274509804	10.1960784313725	20.1745098039216	32.6329411764706	29.3725490196078	30.7254901960784	14.3192156862745
"899"	"YC19:2379"	2	381	"Tr"	"2"	2.07843137254902	1.17647058823529	0.823529411764714	1.96078431372549	1.37254901960785	2.47058823529412	2.54901960784314	4.86274509803922	7.15686274509804	8.90196078431373	12.9803921568627	7.42862745098039	10.1176470588235	15.5796078431373	10.5509803921569	9.64705882352941	18.5882352941176	31.4509803921569	26.0901960784314	28.8196078431373	14.3921568627451
"900"	"YC19:2380"	2	518	"B73"	"2"	2.4356862745098	1.09803921568628	1.1764705882353	2.11764705882353	1.64705882352941	2.74509803921568	2.33607843137255	4.59607843137255	7.94392156862745	12.7890196078431	14.2627450980392	8.70588235294118	9.80392156862745	15.3333333333333	10.1960784313726	10.7282352941176	20.6317647058824	32.3529411764706	28.4603921568627	30.4666666666667	13.4117647058824
"901"	"YC19:2381"	2	394	"6M502"	"2"	2.44705882352941	1.56862745098039	1.52941176470588	2.35294117647059	1.43921568627451	3.1764705882353	3.37647058823529	6	9.2156862745098	12.381568627451	13.6862745098039	8.19607843137255	8.27450980392157	15.8823529411765	10.9227450980392	12.9803921568627	17.4160784313725	27.2603921568627	24.1843137254902	26.4313725490196	12.5098039215686
"902"	"YC19:2382"	2	433	"N7A"	"2"	1.88235294117647	1.13725490196079	1.28627450980392	2	1.33333333333333	2.66666666666667	1.96078431372549	3.49803921568627	6.27450980392157	7.73647058823529	9.60784313725491	6.20078431372549	7.4921568627451	13.5294117647059	11.0980392156863	12.5490196078431	16.1882352941176	25.6470588235294	24.7607843137255	27.8823529411765	13.6517647058824
"903"	"YC19:2383"	2	475	"B2"	"2"	2.43137254901961	1.1764705882353	1.96078431372548	2.35294117647059	1.33333333333334	2.86274509803922	1.84313725490196	3.4	4.90196078431373	4.30235294117647	8.91803921568628	3.14509803921569	6.90196078431372	12.5098039215686	9.76470588235294	12.1478431372549	14.5529411764706	24.4478431372549	22.4458823529412	25.7647058823529	14.9913725490196
"904"	"YC19:2384"	2	448	"PHW65"	"2"	2.58823529411765	1.64705882352941	1.5686274509804	2.35294117647059	1.33333333333334	4.23529411764706	2.8235294117647	3.75450980392157	3.92156862745098	2.50666666666667	6.54901960784314	3.48509803921568	3.72549019607843	9.87058823529412	14.3137254901961	12.1960784313726	8.7843137254902	20.1623529411765	20.1450980392156	21.6666666666667	12.6666666666667
"905"	"YC19:2385"	2	292	"2MCDB"	"2"	2.3921568627451	1.05882352941177	1.5686274509804	2.35294117647059	1.80392156862744	3.17647058823529	1.37254901960784	2.97019607843137	4.03921568627451	2.08313725490196	9.45098039215686	1.8321568627451	4.58823529411764	11.4117647058824	12	9.96078431372549	14.5098039215686	23.6133333333333	18.2329411764706	21.7082352941176	8.84588235294117
"906"	"YC19:2386"	2	504	"PHN34"	"2"	2.74509803921568	1.11843137254902	1.5686274509804	2.11764705882353	1.29411764705882	3.37254901960784	2.54901960784314	3.80392156862745	4.98039215686274	7.2156862745098	9.52941176470588	5.32705882352941	6.98823529411765	11.9607843137255	11.3333333333333	9.13725490196078	15.2549019607843	24.6274509803922	23.9607843137255	27.2549019607843	13.0980392156863
"907"	"YC19:2387"	2	509	"4F-35 BK"	"2"	3.13725490196079	1.01960784313725	1.41176470588235	2.15686274509804	1.56862745098039	2.31372549019608	1.72549019607843	2.62745098039216	3.47058823529412	2.03921568627451	2.94117647058824	0.901960784313724	2.70588235294118	11.9325490196078	11.5686274509804	8.20784313725489	14.2831372549019	22.3137254901961	20.7109803921569	21.2156862745098	11.0980392156863
"908"	"YC19:2388"	2	449	"R226"	"2"	3.68627450980392	1.30588235294117	1.63215686274509	2.31372549019608	1.37254901960784	3.80392156862745	3.13725490196078	5.68627450980392	7.80392156862745	10.6321568627451	12.7843137254902	7.59647058823529	8.43137254901961	15.0980392156863	9.67450980392156	6.90980392156863	19.3145098039216	29.6133333333333	26.7019607843137	27.9960784313726	14.9803921568627
"909"	"YC19:2389"	2	360	"NY 166 (Neveh Yaar)"	"2"	2.30352941176471	1.17647058823529	1.17647058823529	2.15686274509804	1.01960784313726	2.41176470588235	2.09019607843138	4.35294117647059	6.07843137254902	7.32196078431372	10.201568627451	5.92	7.37254901960784	14.436862745098	14.1341176470588	9.43411764705882	15.4117647058824	24.6666666666667	22.4705882352941	23.6078431372549	12.8627450980392
"910"	"YC19:2390"	2	383	"W22"	"2"	2.08235294117647	1.17647058823529	1.80392156862745	2.15686274509804	1.05882352941176	2.47058823529412	2.47058823529412	3.84313725490196	4.84313725490196	7.81490196078431	10.043137254902	6.30274509803922	6.94117647058824	12.7843137254902	4.21411764705883	8.31372549019608	15.3333333333333	23.6525490196078	22.156862745098	24.6078431372549	11.8823529411765
"911"	"YC19:2391"	2	491	"LH211"	"2"	3.37254901960785	1.1764705882353	0.784313725490204	1.96078431372549	1.41176470588235	2.54901960784314	1.68627450980392	2.8356862745098	3.70588235294118	3.56862745098039	9.80392156862745	3.30823529411765	5.88235294117647	12.0392156862745	1.92156862745098	11.1203921568627	15.0239215686274	23.0980392156863	21.8701960784314	24.5490196078431	9.80392156862745
"912"	"YC19:2392"	2	482	"H113"	"2"	2.19607843137255	1.25490196078431	1.52941176470589	2.31372549019608	1.05882352941176	3.25490196078432	2.11764705882353	2.62745098039216	3.29411764705882	2.69764705882353	5.53333333333334	1.76470588235294	4.86274509803921	11.3282352941176	1.1764705882353	10.9803921568628	14.4792156862745	21.6235294117647	18.8376470588235	22	10.1286274509804
"913"	"YC19:2393"	2	401	"B14"	"2"	2.98039215686274	1.68627450980392	1.96078431372549	2.31372549019608	1.29411764705883	3.14901960784314	2.47450980392157	3.75450980392157	4.82352941176471	4.53764705882353	9.29411764705883	1.56313725490196	7.64705882352941	13.2772549019608	1.1764705882353	10.7113725490196	15.7254901960784	25.9545098039216	24.1086274509804	27.6039215686275	13.4117647058824
"914"	"YC19:2394"	2	430	"N217"	"2"	3.76470588235294	0.941176470588232	0.862745098039224	2.31372549019608	1.29411764705883	2.58823529411765	2	3.41960784313725	4.98039215686275	6.74509803921569	9.78705882352942	2.66666666666667	7.25490196078431	13.5686274509804	2.15686274509804	11.6078431372549	16.3921568627451	26.9019607843137	24.5882352941176	31.8823529411765	15.5125490196078
"915"	"YC19:2395"	2	457	"VaW6"	"2"	2.15686274509804	1.49019607843137	2.35294117647059	2.35294117647059	0.980392156862747	3.41176470588235	3.13725490196078	4.74509803921569	5.88235294117647	9.52274509803922	10.7843137254902	6.35294117647059	7.45098039215687	11.921568627451	5.53803921568627	11.1764705882353	15.8592156862745	24.3803921568627	22.3662745098039	21.5294117647059	10.2352941176471
"916"	"YC19:2396"	2	261	"LH185"	"2"	3.25490196078431	1.1764705882353	1.17647058823529	2.27450980392157	1.41176470588235	2.58823529411765	2.19607843137255	3.6156862745098	5.01960784313725	2.61607843137255	7.15450980392157	1.0878431372549	6.19999999999999	13.4156862745098	15.2549019607843	9.2156862745098	14.4313725490196	24.8235294117647	22.6811764705882	22.6666666666667	12.7505882352941
"917"	"YC19:2397"	2	461	"W809G"	"2"	3.5686274509804	1.68627450980392	1.56862745098039	2.35294117647059	1.41176470588235	4.27450980392157	3.49019607843137	4.90196078431373	6.47450980392157	8.44784313725489	11.6862745098039	6.23529411764706	7.49019607843137	15.0196078431373	12.2352941176471	7.88235294117647	18.8627450980392	29.9098039215686	27.3725490196078	31.3098039215686	15.921568627451
"918"	"YC19:2398"	2	266	"LP1 NR HT"	"2"	3.05882352941176	0.885098039215686	1.56862745098039	2.23529411764706	1.49019607843137	2.62745098039216	2.19607843137255	4.86274509803922	7.3921568627451	11.0588235294118	13.4117647058824	4.94117647058823	8.86274509803921	15.5450980392157	12.0392156862745	8.74509803921568	19.0235294117647	29.5349019607843	28.5058823529412	29.6078431372549	11.7647058823529
"919"	"YC19:2399"	2	356	"N542"	"2"	2.84313725490196	1.29411764705882	1.09803921568628	2.3921568627451	1.29411764705883	3.19607843137255	2.15686274509804	3.64705882352941	5.27450980392157	6.03921568627451	9.73098039215687	3.92156862745098	8.42509803921569	11.8823529411765	11.7254901960784	10.3137254901961	16.9019607843137	26.9294117647059	21.3450980392157	24.5882352941176	11.7254901960784
"920"	"YC19:2400"	2	305	"B70"	"2"	2.83921568627451	1.09803921568627	1.5686274509804	2.35294117647059	2.03921568627451	3.56862745098039	1.98705882352941	3.41960784313725	5.53725490196079	3.85411764705882	9.05882352941177	3.17921568627451	5.56862745098039	13.0078431372549	11.7647058823529	9.96078431372549	14.9411764705882	24.1176470588235	20.7647058823529	23.5294117647059	10.9803921568627
"921"	"YC19:2401"	2	330	"LH1"	"2"	2.82352941176471	1.45098039215686	1.5686274509804	2.43137254901961	1.13725490196078	4.23529411764706	2.86039215686274	3.81960784313725	4.35294117647059	4.50980392156863	8.51529411764706	3.76196078431373	4.86274509803922	11.3203921568627	13.5482352941177	9.26039215686274	13.1372549019608	20.8290196078431	18.5490196078431	22.6509803921569	10.3466666666667
"922"	"YC19:2402"	2	483	"H122w"	"2"	2.3921568627451	0.941176470588232	1.52941176470588	2.35294117647059	1.56862745098039	3.29411764705883	1.56862745098039	2.82352941176471	4.3921568627451	4.70588235294118	10.6666666666667	3.01686274509804	6.27450980392157	13.5294117647059	14	11.0078431372549	14.9149019607843	25.0196078431373	22.5490196078431	24.3529411764706	12.0039215686275
"923"	"YC19:2403"	2	331	"LH128"	"2"	2	0.784313725490193	1.17647058823529	2.3921568627451	1.29411764705882	2.86274509803922	2.15686274509804	4.58823529411765	7.49019607843138	8.57254901960784	12.356862745098	5.76470588235294	7.84313725490197	14.0392156862745	10	11.1764705882353	18.1258823529412	28.4145098039216	25.3105882352941	26.6549019607843	14.0627450980392
"924"	"YC19:2404"	2	397	"A"	"2"	2.82352941176471	1.41176470588235	1.60784313725491	2.35294117647059	1.37254901960785	3.1764705882353	2.3921568627451	4.3921568627451	7.76470588235294	8.98039215686274	10.6	4.94117647058824	7.64705882352942	12.5713725490196	11.4901960784314	10.9411764705882	16.3176470588235	25.6105882352941	22.8627450980392	27.8039215686275	14.0392156862745
"925"	"YC19:2405"	2	432	"N28"	"2"	2.74509803921568	1.29411764705882	1.16039215686275	2.43137254901961	1.45098039215687	2.43137254901961	1.29411764705882	2.58823529411765	4.2	4.82352941176471	9.22352941176471	2.48470588235295	6	14.1960784313726	10.1176470588235	11.1372549019608	15.1023529411765	25.4509803921569	24.9019607843137	27.2549019607843	13.6470588235294
"926"	"YC19:2406"	2	440	"Pa880"	"2"	2.19607843137255	1.1764705882353	1.12941176470589	2.30352941176471	1.13725490196078	2.58823529411765	2.11764705882353	4.27450980392157	7.69411764705883	11.7580392156863	14.4705882352941	8.74509803921569	9.01960784313725	14.436862745098	12.156862745098	11.2549019607843	18.6313725490196	29.7756862745098	26.9803921568627	30.7450980392157	14.8235294117647
"927"	"YC19:2407"	2	284	"W611S"	"2"	3.18078431372548	1.37254901960784	1.72549019607843	2.31372549019608	1.76470588235293	2.1686274509804	1.96078431372549	3.13725490196079	4.90196078431373	3.17647058823529	11.5019607843137	0.862745098039214	8.66666666666666	11.2772549019608	12.7843137254902	10.7058823529412	16.7450980392157	28.7388235294118	23.5058823529412	25.243137254902	8.71137254901961
"928"	"YC19:2408"	2	369	"PHPR5"	"2"	3.25490196078431	0.784313725490193	0.941176470588232	2.31372549019608	1.37254901960784	2.27843137254902	1.88235294117647	4.07843137254902	6.86274509803922	7.71411764705882	13.7666666666667	4.98039215686275	9.48941176470588	15.5164705882353	11.9607843137255	11.4117647058823	17.8823529411765	29.121568627451	26.6564705882353	28	11.1203921568627
"929"	"YC19:2409"	2	428	"Mo1W"	"2"	2.3921568627451	1.45098039215686	1.17647058823529	2.31372549019608	1.41176470588236	2.90196078431373	2.19607843137255	3.76470588235294	4.32156862745098	7.51607843137255	12.0392156862745	5.11490196078431	8.50980392156863	13.4509803921569	13.0980392156863	10.7843137254902	17.6470588235294	27.6470588235294	25.1764705882353	27.6823529411765	13.7756862745098
"930"	"YC19:2410"	2	384	"W23"	"2"	2.4313725490196	1.25490196078431	1.82274509803922	2.3921568627451	1.84313725490197	2.62745098039215	2.11764705882353	4.28235294117647	6.4313725490196	11.3725490196078	12.7450980392157	7.92156862745098	9.17647058823529	11.4901960784314	14.1858823529412	10.8627450980392	17.376862745098	27.7647058823529	25.1372549019608	28.1372549019608	11.3607843137255
"931"	"YC19:2411"	2	341	"LH59"	"2"	2.27450980392157	0.784313725490199	1.21568627450981	2.27882352941176	0.901960784313727	3.2156862745098	2.56078431372549	5.49019607843137	7.41176470588235	11.5572549019608	13.0980392156863	6.22392156862745	8.86274509803921	15.843137254902	10.8235294117647	11.1807843137255	18.4356862745098	27.3333333333333	23.8721568627451	25.3333333333333	12.1607843137255
"932"	"YC19:2412"	2	354	"N527"	"2"	2.86274509803922	0.784313725490199	0.784313725490193	2.3921568627451	1.2156862745098	2.47058823529412	2.58823529411764	5.09803921568628	8.82745098039216	12.0109803921569	12.8627450980392	8.31372549019608	8.66666666666667	14.7843137254902	13.6470588235294	9.25490196078431	16.9019607843137	26.6996078431373	23.6862745098039	26.2941176470588	12.2407843137255
"933"	"YC19:2413"	2	473	"A619"	"2"	2.29019607843138	1.1764705882353	1.56862745098039	2.3921568627451	1.1764705882353	2.74509803921569	2.58823529411765	4.62745098039216	7.56862745098039	10.8603921568627	13.0980392156863	8.31372549019608	8.7843137254902	14.4721568627451	13.6235294117647	11.2380392156863	18.8670588235294	28.6274509803921	24.5882352941176	23.8627450980392	12.156862745098
"934"	"YC19:2414"	2	513	"PH207"	"2"	2.62745098039216	0.901960784313728	1.6078431372549	2.58823529411765	1.21568627450981	2.49019607843137	1.45098039215686	3.33333333333333	5.72549019607843	9.6078431372549	12.1294117647059	6.35294117647059	8.98039215686275	15.921568627451	12.9803921568627	11.5294117647059	18.4109803921569	29.9270588235294	24.9411764705882	27.0588235294118	12.436862745098
"935"	"YC19:2415"	2	416	"HP301"	"2"	1.72549019607843	0.784313725490193	1.88235294117647	2.47058823529412	1.45098039215686	2.74509803921569	2.31372549019608	3.09803921568628	5.09803921568628	3.41960784313726	9.2156862745098	2.54901960784313	7.64705882352941	11.6745098039216	13.4509803921569	11.7647058823529	15.3725490196078	24.2290196078431	21.6862745098039	23.1764705882353	12.2572549019608
"936"	"YC19:2416"	2	424	"LH194"	"2"	2.3921568627451	0.784313725490193	1.13725490196079	2.47058823529412	1.41176470588235	2.11764705882353	1.76470588235294	3.96078431372549	5.63019607843137	10.8737254901961	10.7294117647059	5.01960784313725	7.76470588235295	14.638431372549	13.3843137254902	11.9607843137255	16.1176470588235	28.3023529411765	22.8494117647059	22.6929411764706	9.68627450980392
"937"	"YC19:2417"	2	477	"B68"	"2"	2.48235294117647	1.1764705882353	1.56862745098039	2.52549019607843	1.05882352941176	3.80392156862745	3.05882352941176	5.1678431372549	8.13725490196078	11.7925490196078	13.9439215686275	8.07843137254902	8.86274509803922	15.2549019607843	13.1764705882353	7.72549019607843	19.4117647058824	30.3921568627451	27.0196078431373	30.4313725490196	14.358431372549
"938"	"YC19:2418"	2	262	"LH197"	"2"	2.86274509803922	0.945098039215684	1.1764705882353	2.11764705882353	1.37254901960784	1.96078431372549	2.29686274509804	4.34509803921569	7.69019607843137	11.3725490196078	13.6470588235294	8.11215686274509	9.29411764705882	15.7254901960784	14.078431372549	8.19607843137255	18.4109803921569	30.0274509803921	26.3137254901961	30.7764705882353	14.0447058823529
"939"	"YC19:2419"	2	501	"Pa91"	"2"	1.68627450980392	1.13725490196079	2.11764705882353	2.27450980392157	1.05882352941177	2.52941176470588	2.09019607843137	4.17254901960784	7.29411764705882	11.2156862745098	14.4039215686274	6.92980392156863	10.0392156862745	14.7882352941176	11.0196078431373	9.85686274509804	18.6274509803922	29.7254901960784	25.8576470588235	28.156862745098	12.6274509803922
"940"	"YC19:2420"	2	310	"CO257"	"2"	2.62745098039216	0.784313725490204	1.45098039215686	2.62745098039216	1.6078431372549	2.27450980392157	1.72549019607843	4.3921568627451	6.8235294117647	7.48666666666666	11.9439215686274	2.8235294117647	8.58823529411765	12.3243137254902	13.2156862745098	11.2156862745098	15.1576470588235	26.8564705882353	21.9372549019608	24.5490196078431	12.1505882352941
"941"	"YC19:2421"	2	472	"4F-234 BX 4"	"2"	2	1.17647058823529	1.49019607843137	2.15686274509804	1.1764705882353	2.62745098039215	1.92156862745098	2.51764705882353	2.8235294117647	1.92156862745098	6.23529411764705	1.68627450980392	3.06666666666667	10.7058823529412	13.8039215686275	11.2549019607843	9.05882352941176	21.8486274509804	21.0196078431373	24.9803921568627	11.4501960784314
"942"	"YC19:2422"	2	385	"W24"	"2"	2.23529411764706	1.17647058823529	0.980392156862747	2.70588235294118	1.72549019607843	2.11764705882353	1.45098039215686	3.49803921568627	5.33725490196079	8.34117647058822	9.76470588235294	6.19960784313726	7.17647058823529	13.3588235294118	14.7960784313725	11.478431372549	14.6086274509804	24.8235294117647	23.4901960784314	27.2156862745098	13.7192156862745
"943"	"YC19:2423"	2	302	"B14A"	"2"	2.11764705882353	1.17647058823529	1.80392156862745	2.50980392156863	1.09803921568627	2.78823529411765	2.3921568627451	4.94117647058824	7.01960784313725	7.64705882352941	12.9411764705882	5.60392156862745	8.19607843137255	14.6274509803922	14.6274509803922	11.2549019607843	17.9258823529412	28.3921568627451	26.3462745098039	28.7058823529412	12.6274509803922
"944"	"YC19:2424"	2	431	"N218"	"2"	1.72549019607843	0.392156862745097	1.49019607843137	2.50980392156863	1.64705882352941	1.33333333333333	1.29411764705882	2.63529411764706	3.57254901960784	1.76470588235294	11.0921568627451	1.88705882352941	7.72549019607843	14.3921568627451	11.2549019607843	10.7843137254902	17.6470588235294	28.1058823529412	24.7843137254902	25.6470588235294	12.4870588235294
"945"	"YC19:2425"	2	419	"INBRED 141"	"2"	2.53882352941176	1.09803921568628	1.56862745098039	2.35294117647059	1.29411764705882	2.3921568627451	2.19607843137255	3.41176470588235	5.76470588235294	3.07725490196078	12	4.69450980392157	8.86274509803921	15.4203921568627	10.6666666666667	10.3176470588235	19.2549019607843	30.7611764705882	29.1882352941176	32.3529411764706	16.9019607843137
"946"	"YC19:2426"	2	480	"DE811"	"2"	2.23529411764706	0.666666666666664	1.2156862745098	2.43137254901961	1.49019607843137	2.27450980392157	1.50588235294118	3.24470588235294	4.50980392156863	4.54901960784314	12.3921568627451	2.50980392156863	8.62745098039216	14.5882352941176	11.8682352941176	9.84313725490196	19.0980392156863	29.843137254902	26.6666666666667	29.843137254902	14.7176470588235
"947"	"YC19:2427"	2	498	"NC290A"	"2"	2.11764705882353	1.56862745098039	1.92156862745098	2.50980392156863	0.980392156862747	2.15686274509804	1.92156862745098	3.25490196078431	3.96078431372549	3.92666666666666	8.24196078431372	3.41176470588236	6.50980392156863	13.1647058823529	13.918431372549	9.88235294117647	16.5043137254902	24.6549019607843	20.8235294117647	23.2941176470588	11.7647058823529
"948"	"YC19:2428"	2	338	"LH214"	"2"	1.8721568627451	0.784313725490193	1.49019607843137	2.62745098039216	1.64705882352941	2.35294117647059	1.53333333333333	3.17647058823529	4	5.29411764705882	12.6666666666667	3.61254901960785	8.90196078431372	13.6109803921569	13.0588235294118	9.45490196078432	17.7254901960784	27.0196078431373	24.9019607843137	27.8823529411765	11.6980392156863
"949"	"YC19:2429"	2	300	"B120"	"2"	1.41176470588235	0.79607843137256	1.45098039215686	2.31372549019608	1.49019607843137	2.31372549019608	2.15686274509804	4.54901960784314	6.54901960784314	6.37882352941176	12.5098039215686	6.90196078431373	8.3921568627451	14.123137254902	14.3427450980392	8.82352941176471	16.9843137254902	27.8039215686274	25.5686274509804	28.7058823529412	14.9713725490196
"950"	"YC19:2430"	2	336	"LH208"	"2"	1.56862745098039	0.784313725490204	1.05882352941177	2.3921568627451	1.56862745098039	1.88235294117647	1.29411764705882	2.90196078431373	4.2156862745098	1.69098039215686	6.86274509803922	1.05882352941176	4.58823529411765	12	13.2549019607843	9.60784313725491	14.0713725490196	22.3921568627451	20.2062745098039	22.756862745098	13.7647058823529
"951"	"YC19:2431"	2	364	"PHBB3"	"2"	2.98039215686274	0.784313725490193	1.1764705882353	2.35294117647059	1.17647058823529	2.11764705882353	2.03921568627451	4.98823529411765	6.39215686274509	5.58078431372549	11.4509803921569	3.92156862745098	7.72549019607843	13.7254901960784	12.6274509803922	8.94117647058823	16.2419607843137	26.403137254902	23.2549019607843	25.843137254902	11.7254901960784
"952"	"YC19:2432"	2	324	"INBRED 309"	"2"	2	0.705882352941174	1.49019607843137	2.3921568627451	1.33333333333333	1.80392156862745	1.68627450980392	2.98039215686274	4.27450980392157	1.13725490196078	8.70588235294118	1.18431372549019	6.35294117647059	12.1176470588235	14.4792156862745	9.84862745098039	15.7690196078431	25.0196078431373	21.1764705882353	21.6078431372549	10.6929411764706
"953"	"YC19:2433"	2	352	"N501"	"2"	1.92156862745098	1.17647058823529	1.01960784313726	2.54901960784314	1.6078431372549	1.49019607843137	1.56862745098039	2.21176470588235	2.96078431372549	1.56862745098039	8.80156862745098	1.45098039215687	5.37254901960784	11.6078431372549	12.6666666666667	8.19607843137255	13.6901960784314	23.6941176470588	22.1074509803922	24.5490196078431	11.6745098039216
"954"	"YC19:2434"	2	277	"R168"	"2"	1.64705882352941	0.784313725490193	1.76862745098039	2.19607843137255	1.6078431372549	2.82352941176471	1.68627450980392	3.56862745098039	4.50980392156863	1.01960784313726	9.84313725490196	1.21568627450981	6.7843137254902	10.8235294117647	11.1764705882353	6	15.7647058823529	25.0588235294118	22.6666666666667	24.7266666666667	11.0588235294118
"955"	"YC19:2435"	2	349	"N211"	"2"	3.13725490196078	0.784313725490193	1.56862745098039	2.3921568627451	1.01960784313726	1.52941176470588	1.33333333333333	2.65647058823529	4.19607843137255	4.49843137254902	9.80392156862745	5.49490196078431	7.13725490196078	12.1960784313725	12.601568627451	9.01960784313725	15.7756862745098	25.921568627451	24.1176470588235	27.4117647058824	13.9607843137255
"956"	"YC19:2436"	2	388	"W812G"	"2"	2.59254901960784	1.17647058823529	2.19607843137255	2.58823529411764	1.6078431372549	1.72549019607843	1.5686274509804	2.29411764705883	3.1764705882353	2.71803921568627	8.13686274509804	1.7607843137255	5.96078431372549	11.3725490196078	11.7254901960784	9.52941176470588	13.8117647058824	22.3192156862745	20.1725490196078	22.3137254901961	12
"957"	"YC19:2437"	2	363	"Pa778"	"2"	2.58823529411765	0.784313725490193	1.21568627450981	2.58823529411765	1.84313725490196	2.31372549019608	1.60784313725491	2.15686274509804	2.66666666666666	1.68627450980392	1.97803921568628	0.666666666666664	1.1764705882353	7.9278431372549	11.5176470588235	8.98039215686275	14.2788235294118	17.0556862745098	7.89058823529407	14.0392156862745	11.843137254902
"958"	"YC19:2438"	2	489	"K47"	"2"	2.07843137254902	1.17647058823529	1.84313725490196	2.3921568627451	1.41176470588235	2.7843137254902	2.07843137254902	2.86274509803922	4.27450980392157	1.80392156862745	5.90274509803922	1.33333333333333	4.43137254901961	11.5427450980392	12.1078431372549	13.9290196078431	10.7921568627451	18.9019607843137	18.0392156862745	20.078431372549	10.2058823529412
"959"	"YC19:2439"	2	274	"PHN29"	"2"	1.6078431372549	0.941176470588243	2.03921568627451	2.72156862745098	1.32156862745098	1.82352941176471	1.68627450980392	3.49803921568627	4.37254901960784	2.19607843137255	10.5490196078431	3.73019607843138	7.92156862745098	13.9886274509804	11.8039215686275	13.7647058823529	15.298431372549	24.4196078431372	22.8352941176471	26.9278431372549	13.1309803921569
"960"	"YC19:2440"	2	346	"Mo46"	"2"	3.88235294117647	0.403921568627463	1.41176470588235	2.54901960784314	2.35294117647059	2.90196078431372	1.80392156862744	2.86274509803922	3.56862745098039	1.33333333333333	8.26078431372549	0.862745098039224	5.73372549019608	11.3725490196078	10.4996078431373	9.80392156862746	15.9607843137255	24.7450980392157	21.7647058823529	24.5882352941176	12.7843137254902
"961"	"YC19:2441"	2	456	"Va59"	"2"	7.49450980392157	0.666666666666675	1.25490196078431	2.50980392156863	2.33725490196079	3.09803921568627	1.64705882352941	3.25490196078431	4.35294117647059	1.68627450980392	7.76862745098039	1.26392156862745	5.76470588235294	12.5098039215686	9.36078431372549	1.6078431372549	13.4549019607843	24.1176470588235	22.3529411764706	24.5333333333333	11.4901960784314
"962"	"YC19:2442"	2	403	"B47"	"2"	2.19607843137255	1.27725490196079	1.96078431372549	2.62745098039216	0.862745098039214	2.35294117647059	2.35294117647059	3.09803921568627	4	2.23529411764706	8.49294117647059	2.03921568627452	5.25490196078431	10.8235294117647	12.5882352941176	12.0901960784314	12.1611764705882	20.5321568627451	18.3674509803922	22.8039215686275	11.1764705882353
"963"	"YC19:2443"	2	340	"LH224"	"2"	2.3921568627451	1.2156862745098	1.88235294117647	2.18588235294118	0.980392156862747	2.3921568627451	2.19607843137254	2.86274509803922	3.23529411764706	2.22196078431372	9.02509803921569	0.784313725490193	5.65843137254902	11.1427450980392	12.0392156862745	12.7058823529412	16.9023529411765	25.1203921568627	22.1176470588235	26.9764705882353	13.556862745098
"964"	"YC19:2444"	2	268	"NS701"	"2"	3.09803921568627	0.862745098039213	1.36470588235294	2.43137254901961	1.29411764705882	3.13725490196078	2.35686274509804	3.79372549019608	5.65490196078432	6.04392156862745	12.5490196078431	6.43882352941176	8.05882352941177	14.9803921568627	9.88039215686275	7.62862745098039	17.3050980392157	26.9803921568627	25.3058823529412	27.7647058823529	12.4760784313726
"965"	"YC19:2445"	2	323	"INB 101LFY/LFY (A632 X M16 S5)"	"2"	2.62745098039216	0.796078431372549	1.56862745098039	2.35294117647059	1.41176470588235	2.70980392156863	1.76470588235295	3.2235294117647	3.84313725490196	2.36705882352941	8.50980392156863	1.2235294117647	4.7843137254902	10.7898039215686	13.1270588235294	7.87058823529411	16.3137254901961	22.9376470588235	18.2745098039216	22	12
"966"	"YC19:2446"	2	347	"MS221"	"2"	2.90196078431372	0.941176470588232	1.12941176470588	2.19607843137255	1.01960784313726	2.58823529411765	2.11764705882353	4.43137254901961	6.07843137254902	8.66666666666667	12	6.90274509803921	8.07843137254902	14.201568627451	12.7843137254902	7.52941176470588	16.2352941176471	26.5882352941176	23.6470588235294	25.5294117647059	10.5937254901961
"967"	"YC19:2447"	2	282	"W37A"	"2"	2.27450980392157	1.1764705882353	1.56862745098039	2.19607843137255	1.41176470588235	3.17647058823529	1.49019607843137	2.87058823529411	3.05882352941176	1.68627450980392	7.76470588235294	0.941176470588236	3.80392156862745	11.8878431372549	13.6509803921569	10.7058823529412	13.5294117647059	17.5741176470588	18.3137254901961	20.3137254901961	13.4509803921569
"968"	"YC19:2448"	2	471	"33-16"	"2"	2.74509803921569	0.823529411764704	0.784313725490199	2.11764705882353	1.09803921568628	2.15686274509804	1.49019607843137	2.62745098039216	3.41176470588235	1.86901960784314	5.86823529411765	1.13725490196078	5.78588235294117	11.2380392156863	12.1960784313725	9.05882352941176	14.8007843137255	24.7866666666667	22.7450980392157	25.3725490196078	14.8682352941176
"969"	"YC19:2449"	2	406	"B84"	"2"	2.03921568627451	0.784313725490193	1.29411764705882	2.23529411764706	1.17647058823529	1.84313725490196	1.92156862745098	3.66666666666667	5.54901960784314	5.84313725490196	12.1176470588235	3.07764705882353	7.64705882352941	12.4313725490196	1.00941176470588	10.1176470588235	17.5333333333333	26.7450980392157	24.5780392156863	26.3529411764706	12.3921568627451
"970"	"YC19:2450"	2	434	"NC294"	"2"	3.09803921568628	0.961176470588232	1.1764705882353	2.31372549019608	0.941176470588234	2.11764705882353	2.12156862745098	4.78431372549019	7.15686274509804	9.98862745098039	11.5411764705882	7.41176470588235	8.03921568627451	14.5937254901961	0.588235294117648	9.64705882352941	17.1764705882353	27.2941176470588	24.4039215686274	25.2941176470588	11.2549019607843
"971"	"YC19:2451"	2	375	"PHT55"	"2"	1.84313725490196	0.901960784313733	0.823529411764709	2.42117647058824	1.37254901960784	2.2156862745098	2.07843137254902	3.6078431372549	4.50980392156863	7.71411764705882	11.7062745098039	4.89333333333332	8.15686274509804	14.7952941176471	14.7058823529412	7.68627450980392	16.6360784313725	27.6078431372549	24.6666666666667	27.2549019607843	10.3921568627451
"972"	"YC19:2452"	2	326	"J8606"	"2"	2.4313725490196	1.25490196078432	0.980392156862747	2.19607843137255	0.784313725490193	2.74509803921568	2.23529411764706	3.45098039215686	3.53333333333333	1.68627450980392	9.37254901960784	0.941176470588243	5.69254901960784	13.7254901960784	14.078431372549	9.87333333333334	15.5729411764706	25.8113725490196	22.5098039215686	26.3725490196078	8.31921568627451
"973"	"YC19:2453"	2	343	"MBST"	"2"	2.03921568627451	0.784313725490193	1.19843137254901	2.31372549019608	1.41176470588235	1.70588235294118	1.29411764705882	1.76470588235294	1.92156862745098	1.49019607843137	1.92156862745098	0.588235294117645	1.41176470588235	3.29411764705882	12.3509803921569	10.1960784313725	2.15686274509805	2.63294117647059	5.19294117647059	4.03921568627451	2.47529411764706
"974"	"YC19:2454"	2	503	"PHG35"	"2"	2.31764705882353	1.17647058823529	1.91372549019608	2.43137254901961	0.980392156862747	2.19607843137255	1.3843137254902	2.03921568627451	2.07843137254902	1.41176470588235	2.4313725490196	1.17647058823529	0.784313725490193	1.01960784313726	15.5976470588235	11.0576470588235	12.4313725490196	6.86274509803922	2.7843137254902	20.8941176470588	12.5321568627451
"975"	"YC19:2455"	2	519	"B73"	"2"	2.35294117647059	1.09450980392156	1.13725490196079	2.43137254901961	1.29411764705882	2.35294117647059	1.96078431372549	4.32156862745098	4.86274509803921	10.7843137254902	13.4117647058824	7.01960784313725	9.13725490196078	15.8823529411765	12.4313725490196	10.6274509803922	18.8082352941177	29.7254901960784	26.2690196078431	27.3725490196078	13.9662745098039
"976"	"YC19:2456"	2	469	"B105"	"2"	2	0.901960784313722	1.09803921568627	2.19607843137255	1.17647058823529	2.52941176470588	2.23529411764706	5.13725490196078	8.35294117647059	7.52862745098039	13.2549019607843	7.45098039215686	8.98039215686275	15.7647058823529	10.1960784313726	8.65372549019608	18.4705882352941	28.3529411764706	26.1843137254902	29.0509803921569	14.4862745098039
"977"	"YC19:2457"	2	465	"W820G"	"2"	2.3921568627451	0.784313725490204	1.1764705882353	2.31372549019608	1.41176470588235	1.88235294117647	1.09803921568628	2.66666666666667	4.11764705882353	3.80392156862745	13.2156862745098	2.31372549019608	7.37254901960784	14.1176470588235	12.7529411764706	1.13725490196079	17.3333333333333	27.0980392156863	23.9662745098039	26.5098039215686	12.0501960784314
"978"	"YC19:2458"	2	312	"CQ702RC"	"2"	1.92156862745098	0.799999999999997	1.1764705882353	2.07843137254902	0.823529411764705	3.17647058823529	2.86274509803922	6	8.31372549019608	11.8039215686274	14.6274509803922	8.98039215686275	9.72549019607844	16.8235294117647	12.2352941176471	11.1403921568627	19.8862745098039	30.9019607843137	26.6443137254902	28.436862745098	12.2407843137255
"979"	"YC19:2459"	2	454	"Va22"	"2"	2.74901960784314	1.17647058823529	1.17647058823529	2.54901960784314	1.25490196078431	2.27450980392157	1.56862745098039	3.08627450980392	4.07843137254902	3.19764705882352	10.6666666666667	2.91764705882353	6.78431372549019	12.3819607843137	12.1333333333333	11.5686274509804	14.3137254901961	21.6862745098039	21.0588235294118	22.7803921568627	11.4117647058823
"980"	"YC19:2460"	2	307	"B88"	"2"	1.45098039215686	1.33333333333333	1.52156862745098	2.35294117647059	1.21568627450981	2.98039215686275	2.31372549019608	2.66666666666667	3.49019607843137	1.76470588235294	3.86549019607842	1.37254901960784	1.29411764705882	10.7058823529412	13.9505882352941	10.6090196078431	13.6513725490196	15.8094117647059	16	18.6160784313726	11.5517647058823
"981"	"YC19:2461"	2	443	"PHP85"	"2"	3.00941176470588	0.745098039215695	0.901960784313728	2.62745098039216	1.52941176470588	1.86705882352941	2.00392156862745	4.07843137254902	5.35294117647059	7.27843137254902	11.4901960784314	4.54901960784314	7.88235294117648	14.28	11.2203921568627	12.4313725490196	15.6862745098039	26.7505882352941	22.5882352941176	23.5047058823529	12.3921568627451
"982"	"YC19:2462"	2	391	"WIL903"	"2"	2.50980392156862	0.784313725490204	1.33333333333333	2.19607843137255	1.45098039215686	2.70588235294118	2.07843137254902	4.15686274509804	5.5686274509804	6.27450980392157	10.4537254901961	3.96078431372549	7.76470588235294	13.843137254902	13.1764705882353	11.3333333333333	15.8823529411765	26.0274509803922	23.2156862745098	25.5294117647059	14.0094117647059
"983"	"YC19:2463"	2	344	"MBWZ"	"2"	3.05882352941176	0.745098039215684	0.941176470588238	2.47058823529412	1.25490196078431	1.76470588235294	1.09803921568627	2.3921568627451	3.05882352941176	2.07843137254902	9.92156862745098	1.52941176470588	7.6078431372549	12.7450980392157	13.4117647058824	8.17921568627451	18	28.3529411764706	24.0392156862745	27.2941176470588	13.0066666666667
"984"	"YC19:2464"	2	451	"R229"	"2"	2.11764705882353	1.17647058823529	1.1764705882353	2.43137254901961	1.05882352941176	4.23529411764706	3.1764705882353	5.56862745098039	7.73333333333333	9.55725490196078	12.6160784313725	7.45098039215686	8.23686274509804	15.5294117647059	11.0980392156863	10.3529411764706	19.9650980392157	31.0980392156863	28.3976470588235	30.7058823529412	15.0196078431373
"985"	"YC19:2465"	2	294	"78551S"	"2"	2.43137254901961	0.980392156862747	1.05882352941176	2.50980392156863	1.80392156862745	2.50980392156862	1.45098039215686	3.18431372549019	4.07843137254902	1.84313725490196	6.31372549019608	0.784313725490193	5.13725490196079	13.3270588235294	12.5098039215686	9.90588235294117	14.3960784313726	25.4956862745098	17.0196078431373	25.1960784313725	11.3411764705882
"986"	"YC19:2466"	2	283	"W607S"	"2"	2.48627450980392	1.01960784313725	1.56862745098039	2.43137254901961	1.25490196078431	3.05882352941177	2.03921568627451	3.6078431372549	6.07843137254902	5.20745098039215	11.5294117647059	3.09568627450976	8.38901960784313	13.118431372549	11.0588235294118	9.34470588235294	17.6078431372549	27.4956862745098	24.9019607843137	27.8823529411765	12.1623529411765
"987"	"YC19:2467"	2	423	"LH192"	"2"	3.36078431372549	0.666666666666664	1.56862745098039	2.54901960784314	1.29411764705882	2.70588235294117	1.96078431372549	4.27450980392157	6.62745098039216	8.18274509803922	11.2941176470588	6.43137254901961	7.76470588235294	14.6274509803922	11.8411764705882	11.5349019607843	15.6470588235294	26.0839215686274	22.9529411764706	24	10.7450980392157
"988"	"YC19:2468"	2	408	"B98"	"2"	2.11764705882353	1.1764705882353	1.41176470588235	2.68235294117647	1.41176470588235	2.43137254901961	2.03921568627451	2.54901960784314	3.09803921568627	1.84313725490196	5.87058823529411	1.17647058823529	5.25490196078431	12.8627450980392	11.9607843137255	10.9282352941176	15.4756862745098	23.3607843137255	21.2549019607843	24.078431372549	12.7843137254902
"989"	"YC19:2469"	2	276	"PHW52"	"2"	3.25490196078431	1.01960784313725	1.01960784313725	2.35294117647059	1.41176470588235	3.13725490196078	2.23529411764706	4.27450980392157	6.56862745098039	8.31372549019608	12.4705882352941	5.60784313725491	7.87450980392157	14.156862745098	11.2941176470588	10.7713725490196	16.9411764705882	27.2549019607843	24.6301960784314	24.9019607843137	10.8627450980392
"990"	"YC19:2470"	2	348	"MS67"	"2"	2.15686274509804	0.941176470588238	1.49019607843138	2.31372549019608	0.980392156862747	2.72549019607843	2.19607843137255	3.14509803921568	3.33333333333333	1.49019607843137	5.37254901960784	1.64705882352941	3.2156862745098	13.9607843137255	13.8039215686274	10.8235294117647	10.8713725490196	20.3309803921569	16.3921568627451	19.2941176470588	12.1607843137255
"991"	"YC19:2471"	2	467	"YE 4"	"2"	2.3921568627451	1.41176470588235	1.5686274509804	2.27450980392157	1.49019607843137	2.62745098039216	1.64705882352941	3.80392156862745	5.72549019607843	5.60784313725491	11.3333333333333	2.23529411764706	7.09803921568627	12.7674509803922	11.9890196078431	9.33333333333333	15.2549019607843	25.2941176470588	21.3278431372549	24.5882352941176	12.358431372549
"992"	"YC19:2472"	2	279	"Seagull Seventeen"	"2"	2.58823529411765	1.17647058823529	1.17647058823529	2.54901960784314	1.01960784313725	2.90196078431372	2.1686274509804	3.49019607843137	4.2156862745098	2.07843137254902	9.64705882352941	2.19607843137255	6.62745098039215	13.2603921568627	13.5686274509804	10.6274509803922	15.8823529411765	26.3137254901961	23.7254901960784	27.6713725490196	16.7058823529412
"993"	"YC19:2473"	2	329	"L 289"	"2"	2.85254901960784	0.862745098039218	1.17647058823529	2.50980392156863	1.52941176470589	3.01960784313726	2.14	4.54901960784314	6.98039215686274	10.3137254901961	11.8823529411765	7.72549019607843	8.90196078431373	11.2772549019608	15.0313725490196	9.33333333333333	18.5043137254902	29.1137254901961	27.0094117647059	30.0392156862745	15.3333333333333
"994"	"YC19:2474"	2	399	"B108"	"2"	3.05882352941176	1.64705882352941	1.52941176470588	2.47058823529412	1.41176470588236	2.49019607843137	2.04313725490197	4.03921568627451	5.88627450980392	5.90627450980392	10.5490196078431	3.98431372549019	7.2156862745098	13.1764705882353	13.7647058823529	9.05882352941176	16.3964705882353	25.1188235294118	23.5686274509804	24.3137254901961	13.2450980392157
"995"	"YC19:2475"	2	393	"YING-55"	"2"	2.78431372549019	1.1764705882353	1.1764705882353	2.58823529411765	1.29411764705882	3.47058823529412	2.43137254901961	4.63529411764706	6.70588235294118	7.4443137254902	12.1843137254902	6.70588235294118	7.92039215686274	12.5545098039216	12	10.5490196078431	15.2941176470588	24.4823529411765	22.0392156862745	23.6470588235294	10.6274509803922
"996"	"YC19:2476"	2	459	"W610S"	"2"	3.17647058823529	1.49019607843137	1.21568627450981	2.35294117647059	1.56862745098039	2.47058823529412	1.64705882352941	3.91137254901961	4.70588235294118	7.25960784313725	13.1764705882353	5.04156862745098	8.11764705882353	15.3529411764706	12.4313725490196	9.70862745098038	17.1764705882353	27.12	24.5325490196078	27.0196078431373	12.2352941176471
"997"	"YC19:2477"	2	462	"W815G"	"2"	2.82352941176471	1.68627450980392	1.64705882352942	2.74509803921569	1.49019607843137	2.94117647058824	1.92156862745098	4.11764705882353	6.03921568627451	7.43960784313725	14.4980392156863	2.66666666666667	7.64705882352941	17.2156862745098	14.5098039215686	11.2156862745098	18.2003921568627	28.9858823529412	26.278431372549	31.078431372549	12.7058823529412
"998"	"YC19:2478"	2	293	"4N506"	"2"	2.35294117647059	0.66666666666667	1.29411764705882	2.3921568627451	1.49019607843138	2.98039215686275	2	3.81176470588235	6	8.35294117647059	11.5686274509804	6.86274509803922	7.80392156862744	16.1007843137255	13.1764705882353	9.29411764705882	18.7654901960784	29.5960784313725	26.6666666666667	29.7254901960784	13.6862745098039
"999"	"YC19:2479"	2	402	"B46"	"2"	2.62745098039216	0.941176470588238	1.71999999999999	2.23529411764706	1.68627450980393	2.94117647058824	1.80392156862745	2.94117647058823	4.41176470588235	2.82352941176471	8.70313725490195	1.50039215686274	6.30980392156862	12.6274509803922	12.5098039215686	10.6278431372549	12.6274509803922	20.3921568627451	20.1176470588235	22.7450980392157	11.7254901960784
"1000"	"YC19:2480"	2	301	"B121"	"2"	2.98039215686274	1.49019607843137	1.37254901960784	2.70588235294118	1.29411764705883	3.29411764705882	2.98039215686275	5.45882352941176	7.41176470588235	11.4223529411765	14.0882352941176	3.84313725490196	8.90980392156863	11.4509803921569	14.8235294117647	11.7254901960784	17.2156862745098	28.9803921568628	24.3137254901961	26.9556862745098	12.8627450980392
"1001"	"YC19:2481"	2	502	"PHEG9"	"2"	3.33333333333334	1.52941176470588	1.92156862745098	2.32549019607843	1.68627450980392	3.52941176470588	1.92156862745098	4.16470588235294	6.7843137254902	10.9898039215686	13.7254901960784	5.72549019607843	8.47058823529412	15.0980392156863	14.3921568627451	11.5294117647059	18.2352941176471	29.5741176470588	25.7545098039216	28.078431372549	12.6537254901961
"1002"	"YC19:2482"	2	318	"H91"	"2"	3.88627450980392	1.1764705882353	1.80392156862746	2.47058823529412	1.45098039215686	2.94117647058824	2.43529411764706	4.31372549019608	7.05882352941176	10.3137254901961	12.5490196078431	5.88235294117647	7.76627450980392	16.1176470588235	12.2352941176471	10.3086274509804	16.7886274509804	28.5321568627451	26.6274509803922	28.6274509803922	13.921568627451
"1003"	"YC19:2483"	2	342	"LH60"	"2"	3.49411764705882	0.784313725490193	1.17647058823529	2.62745098039216	1.1764705882353	2.54901960784313	1.84313725490196	3.75294117647059	5.70862745098039	8.07176470588235	12.0392156862745	4.10196078431372	8.94117647058823	14.156862745098	11.4901960784314	9.45098039215686	16.7098039215686	26.9803921568627	24.9411764705882	29.1176470588235	14.6274509803922
"1004"	"YC19:2484"	2	514	"PH207"	"2"	4.31372549019608	1.56862745098039	1.96078431372548	2.58823529411764	1.5686274509804	3.52941176470588	3.10196078431372	5.45882352941176	7.52941176470588	12.156862745098	13.6470588235294	8.07843137254902	9.05882352941176	15.921568627451	11.2156862745098	11.0980392156863	18.5490196078431	31.5294117647059	26.9411764705882	27.5294117647059	13.8823529411765
"1005"	"YC19:2485"	2	515	"PH207"	"2"	2.87843137254902	1.25490196078431	1.17647058823529	2.62745098039216	1.29411764705882	2.98039215686275	2.62745098039215	4.82352941176471	6.77529411764706	11.2250980392157	13.1764705882353	6.66666666666667	8.97176470588235	16.7058823529412	15.6078431372549	11.5686274509804	18.5098039215686	30.0666666666667	25.6862745098039	25.6078431372549	12.9858823529412
"1006"	"YC19:2486"	2	335	"LH195"	"2"	2.70588235294118	1.54509803921568	2.50980392156863	2.34117647058824	1.17647058823529	2.82352941176471	2.86274509803922	5.38823529411764	7.41960784313726	10.3137254901961	11.0588235294118	6.47843137254902	7.30196078431374	14.3529411764706	5.2156862745098	10.3192156862745	15.2941176470588	24.9803921568627	21.4509803921569	23.2941176470588	10.2745098039216
"1007"	"YC19:2487"	2	490	"K55"	"2"	3.49019607843138	0.941176470588238	1.13725490196079	2.3921568627451	1.52941176470588	2.90196078431372	1.50196078431373	2.86274509803921	3.86274509803922	5.96549019607843	6.41803921568627	2.27450980392157	5.3156862745098	12.7725490196078	2.74509803921569	11.6078431372549	12.7450980392157	23.1035294117647	18	18.7843137254902	11.2941176470588
"1008"	"YC19:2488"	2	500	"NC412"	"2"	3.33333333333333	1.56862745098039	1.96078431372549	2.43137254901961	1.41176470588235	3.56862745098039	2.7843137254902	3.80392156862745	5.25490196078432	4.81960784313725	10.3137254901961	3.77686274509804	8.19607843137255	12.2352941176471	1.56862745098039	11.7647058823529	15.9027450980392	22.5882352941176	20.4223529411765	20.5490196078431	12.278431372549
"1009"	"YC19:2489"	2	361	"OC19"	"2"	2.58823529411765	1.52941176470588	1.80392156862746	2.50980392156863	1.33333333333334	2.58823529411765	2.47058823529412	3.05882352941176	2.68627450980392	2.35294117647059	2.2364705882353	1.21568627450981	8.03921568627451	9.99999999999999	1.49019607843137	10.8235294117647	13.398431372549	16	15.3137254901961	17.758431372549	8.04666666666667
"1010"	"YC19:2490"	2	373	"PHT22"	"2"	3.33333333333333	0.823529411764703	1.09803921568628	2.19607843137255	1.41176470588236	3.06274509803922	1.64705882352941	3.2156862745098	3.52941176470588	2.82352941176471	6.7843137254902	1.80941176470588	4.62745098039215	11.8039215686275	2.58823529411765	10.8066666666667	13.843137254902	21.6917647058823	20.8235294117647	23.0674509803922	8.39764705882353
"1011"	"YC19:2491"	2	493	"M14"	"2"	2.62745098039216	1.45098039215686	2.11764705882353	2.35294117647059	1.37254901960785	2.86274509803922	2.43137254901961	4.27450980392157	5.41176470588235	7.15372549019607	9.09803921568628	5.48627450980392	6.03921568627451	12.3752941176471	6.55764705882353	10.8627450980392	13.8823529411765	22.0392156862745	21.0901960784314	23.921568627451	9.49490196078431
"1012"	"YC19:2492"	2	420	"INBRED 305"	"2"	3.25490196078431	1.01960784313726	0.901960784313722	2.70588235294117	1.64705882352941	2.54901960784313	1.33333333333333	2.98039215686275	4.07843137254902	2.23529411764706	7.81294117647059	1.29411764705882	4.66666666666667	14.7843137254902	14.8627450980392	10.6274509803922	13.6133333333333	25.7254901960784	21.3949019607843	22.6509803921569	11.1764705882353
"1013"	"YC19:2493"	2	299	"B119"	"2"	4.23529411764706	1.6078431372549	1.84313725490195	2.43137254901961	1.45098039215686	2.98039215686275	2.94509803921569	4.83921568627451	6.25764705882352	8.70588235294118	11.7647058823529	6.40352941176471	7.52941176470588	13.921568627451	8.89098039215687	9.15960784313726	18.3921568627451	29.6078431372549	27.2274509803922	28.5882352941176	12.9019607843137
"1014"	"YC19:2494"	2	395	"6M502A"	"2"	3.88784313725491	1.09803921568627	1.67843137254901	2.50980392156863	1.37254901960784	2.64705882352941	2.58823529411765	5.2235294117647	7.15960784313725	4.70588235294118	14.1921568627451	4.51372549019605	9.19607843137255	12.0392156862745	10.6411764705882	10.2301960784314	17.2549019607843	27.9607843137255	25.4274509803922	26.8235294117647	14.6274509803922
"1015"	"YC19:2495"	2	358	"NK740"	"2"	2.82352941176471	1.10980392156863	2.19607843137255	2.74509803921569	1.49019607843138	3.25490196078432	2.35294117647059	4.47843137254902	6	7.6356862745098	11.8882352941176	4.10627450980392	8.62745098039215	13.3596078431372	10.5490196078431	6.37529411764705	17.4117647058824	28.7898039215686	26.4705882352941	28.2313725490196	15.0196078431373
"1016"	"YC19:2496"	2	418	"IDS91"	"2"	2.86274509803922	0.980392156862747	2.07843137254902	2.70588235294118	1.96078431372549	3.37254901960785	1.49019607843137	2.7843137254902	3.90196078431373	5.98862745098039	9.05882352941176	1.52705882352941	5.61490196078434	12.0392156862745	11.1121568627451	8.62745098039215	14.5098039215686	22.5490196078431	20.1333333333333	20.6721568627451	11.8988235294118
"1017"	"YC19:2497"	2	263	"LH199"	"2"	2.86274509803922	1.56862745098039	1.96078431372548	2.86274509803921	1.41176470588235	3.1764705882353	2.94117647058824	4.75294117647059	7.02352941176471	9.13725490196078	11.4901960784314	7.17647058823529	6.90196078431373	12.9019607843137	13.5976470588235	10.5490196078431	15.5976470588235	25.0250980392157	22.4196078431373	22.7647058823529	10.7843137254902
"1018"	"YC19:2498"	2	386	"W606S"	"2"	2.62745098039215	0.784313725490199	1.87450980392157	2.78431372549019	1.84313725490195	2.4313725490196	1.56862745098039	3.17647058823529	5.25490196078431	3.52705882352941	11.0219607843137	2.0278431372549	7.33333333333333	9.89333333333334	12.8627450980392	11.1372549019608	15.4160784313725	24.8345098039216	21.8207843137255	23.6223529411765	10.6274509803922
"1019"	"YC19:2499"	2	497	"NC250"	"2"	2.11764705882353	1.01960784313725	1.05882352941177	2.62745098039216	1.37254901960784	2.31372549019608	1.72549019607843	2.80392156862745	4.52941176470588	2.19607843137255	7.41725490196078	1.49019607843137	3.88235294117647	11.6470588235294	13.3333333333333	10.3360784313725	8.98039215686275	18.1176470588235	16.3529411764706	17.4509803921569	9.13725490196078
"1020"	"YC19:2500"	2	470	"WIL901"	"2"	2.86274509803922	1.1764705882353	1.96078431372549	2.98039215686275	1.60784313725491	2.86274509803921	1.49019607843137	2.62745098039216	3.88235294117647	2.40156862745097	8.23921568627451	3.3121568627451	5.05882352941177	13.3250980392157	10	10	14.7886274509804	21.1019607843137	21.8039215686274	26.1490196078431	13.2419607843137
"1021"	"YC19:2501"	2	411	"E8501"	"2"	2.74509803921569	0.784313725490193	1.41176470588235	2.98039215686274	1.25490196078432	2.66666666666666	1.88235294117647	4.1764705882353	5.14117647058824	7.57333333333333	12.7945098039216	6.23529411764706	8.11764705882353	15.2549019607843	12.3035294117647	10.218431372549	16.9411764705882	29.0898039215686	25.5843137254902	27.356862745098	10.8235294117647
"1022"	"YC19:2502"	2	415	"H84"	"2"	2.31372549019608	0.823529411764704	1.25490196078431	2.7843137254902	1.49019607843137	2.15686274509804	2.07843137254902	4.63529411764705	7.49019607843138	8.74509803921569	12.7674509803922	5.2156862745098	8.47058823529411	14.7058823529412	10.5490196078431	9.2156862745098	17.3725490196078	27.3780392156863	23.3333333333333	24.6666666666667	10.8235294117647
"1023"	"YC19:2503"	2	447	"PHW53"	"2"	3.49019607843137	1.29411764705882	1.76470588235293	2.90196078431373	1.62745098039216	2.70588235294117	1.76470588235294	2.94901960784313	4.47058823529412	4.27450980392157	8.90196078431373	3.76470588235294	6.4313725490196	13.4941176470588	10.3647058823529	9.68627450980393	14.078431372549	22.0392156862745	21.1427450980392	21.843137254902	9.84313725490196
"1024"	"YC19:2504"	2	273	"PHM10"	"2"	2.58823529411765	0.980392156862747	1.29411764705882	2.66666666666667	1.56862745098039	2.35294117647059	1.80392156862745	3.29411764705882	4.16470588235294	5.20901960784314	11.6003921568627	3.49490196078432	7.68627450980393	14.2745098039216	11.323137254902	9.50352941176471	16.6313725490196	26.8235294117647	23.4117647058824	28.3529411764706	12.4509803921569
"1025"	"YC19:2505"	2	319	"H95"	"2"	2.82352941176471	1.21568627450981	2.03921568627451	2.70588235294118	1.05882352941176	2.80392156862745	2.19607843137255	3.41176470588235	4.28235294117647	3.6356862745098	10.3517647058824	4.98823529411765	6.8235294117647	11.6078431372549	13.8039215686274	10.7058823529412	15.038431372549	24.6666666666667	21.5686274509804	22.2941176470588	12.5490196078431
"1026"	"YC19:2506"	2	327	"K150"	"2"	2.35294117647059	1.1764705882353	1.37254901960785	2.94117647058824	1.90196078431373	2.23529411764706	2.22313725490196	3.68627450980392	5.72549019607843	7.03058823529412	10.7843137254902	6.43137254901961	7.80392156862744	12.3509803921569	13.2078431372549	11.5294117647059	16.0580392156863	25.1372549019608	22.9411764705882	26.9686274509804	13.921568627451
"1027"	"YC19:2507"	2	414	"H110"	"2"	2.50980392156863	1.17647058823529	1.64705882352941	2.74509803921569	1.25490196078431	3.01960784313726	1.68627450980392	3.05882352941176	4.76470588235294	4.70588235294118	10.1960784313725	5.60392156862745	7.33333333333333	12.0223529411765	11.4901960784314	7.5686274509804	16.2788235294118	26.6666666666667	25.0980392156863	28.6627450980392	12.5098039215686
"1028"	"YC19:2508"	2	325	"INBRED 321"	"2"	3.76470588235294	0.784313725490193	0.980392156862742	2.62745098039216	1.72549019607843	2.07843137254902	1.21568627450981	2.51764705882353	3.88235294117647	3.12	9.50941176470588	2.19607843137255	6.7843137254902	14.4537254901961	12.6941176470588	8.74901960784314	15.5411764705882	23.6078431372549	21.661568627451	25.8674509803922	12.0392156862745
"1029"	"YC19:2509"	2	516	"B73"	"2"	3.13725490196079	1.52941176470588	1.52156862745098	2.50980392156863	1.29019607843137	2.27450980392157	2.22509803921569	3.92156862745098	6.8235294117647	10.2352941176471	12.8090196078431	7.43960784313725	8.41176470588236	14.9843137254902	11.4509803921569	9.49019607843137	18.9411764705882	29.2941176470588	27.2564705882353	27.9411764705882	14.3976470588235
"1030"	"YC19:2510"	2	314	"H114"	"2"	3.33333333333333	0.784313725490193	1.21568627450981	2.70588235294118	1.37254901960784	2.11764705882353	1.52941176470588	2.03921568627451	2.88235294117647	1.52941176470588	3.96078431372549	0.941176470588232	4	10.4705882352941	11.6862745098039	9.84313725490196	13.5337254901961	20.0917647058823	17.5909803921569	17.5686274509804	11.4698039215686
"1031"	"YC19:2511"	2	474	"B104"	"2"	2.54901960784313	1.37254901960784	1.56862745098039	2.35294117647059	1.2156862745098	3.09803921568627	2.24	3.73333333333333	5.76470588235294	3.75803921568627	9.58039215686275	2.75725490196078	6	10.9466666666667	11.6078431372549	11.0588235294118	12.3137254901961	21.2211764705882	20.3462745098039	24.0392156862745	11.881568627451
"1032"	"YC19:2512"	2	355	"N534"	"2"	2.82352941176471	0.823529411764709	1.1764705882353	2.54901960784314	2.03921568627451	2.27450980392157	1.88235294117647	3.76470588235294	5.96862745098039	4.82039215686275	10.443137254902	3.68627450980392	7.68627450980393	13.921568627451	10.7450980392157	10.9411764705882	15.4117647058824	24.7113725490196	22.9019607843137	27.4509803921569	12.8078431372549
"1033"	"YC19:2513"	2	510	"R177"	"2"	2.86274509803921	1.2278431372549	1.1764705882353	2.23529411764706	1.33333333333333	3.54901960784314	2.86274509803922	3.96078431372549	5.45098039215686	3.89686274509804	10.2862745098039	2.74509803921568	6.50980392156863	12.3921568627451	14.7058823529412	7.88235294117648	15.1764705882353	23.6078431372549	21.6760784313725	25.1372549019608	13.3725490196078
"1034"	"YC19:2514"	2	481	"F118"	"2"	3.72549019607843	1.05882352941177	1.2078431372549	2.47058823529412	1.45098039215686	2.62745098039216	2.16078431372549	4.24313725490196	5.29411764705882	10.8121568627451	11.6039215686275	7.0243137254902	8.19607843137255	13.9607843137255	8.4313725490196	11.0196078431373	17.921568627451	26.2352941176471	24.0509803921569	26.4458823529412	14.9019607843137
"1035"	"YC19:2515"	2	281	"TZU-CHIAO-HSI-WU 105"	"2"	2.86666666666667	1.05882352941177	1.21568627450981	2.58823529411764	0.901960784313728	3.00666666666666	2.3921568627451	3.96862745098039	4.79607843137255	9.61294117647058	12.1725490196078	5.22039215686274	8.50980392156862	14.9019607843137	10.1960784313726	11.5294117647059	18.8235294117647	28.7898039215686	26.9176470588235	26.9764705882353	13.8486274509804
"1036"	"YC19:2516"	2	438	"Os426"	"2"	3.72549019607843	1.01960784313725	1.1764705882353	2.72156862745098	1.45098039215686	3.05882352941177	1.80392156862745	3.49019607843137	3.78431372549019	2.47058823529412	9.64705882352941	2.82352941176471	7.23098039215686	10.5098039215686	12.156862745098	10.6105882352941	17.9607843137255	27.7701960784314	24.4705882352941	29.9235294117647	12.5098039215686
"1037"	"YC19:2517"	2	492	"LH65"	"2"	2.77411764705882	1.76470588235293	1.33333333333333	2.15686274509804	0.941176470588238	2.98039215686275	2.07843137254902	3.09803921568627	3.80392156862745	1.84313725490196	4.84823529411765	1.56862745098039	1.77254901960785	14.2352941176471	11.6862745098039	11.9607843137255	9.53803921568626	23.8337254901961	21.1270588235294	24.5686274509804	13.0196078431373
"1038"	"YC19:2518"	2	370	"PHR31"	"2"	3.05882352941176	1.17647058823529	1.01960784313725	2.47058823529412	1.33333333333333	2.51372549019608	2.23529411764706	5.37254901960784	7.76470588235294	10.498431372549	13.0980392156863	6.19607843137254	8.82352941176471	15.9717647058824	13.3725490196078	14.7505882352941	17.4509803921569	29.2321568627451	26.5250980392157	29.3478431372549	14.3921568627451
"1039"	"YC19:2519"	2	488	"J47"	"2"	2.54901960784314	1.41176470588236	1.25490196078431	2.25098039215686	0.941176470588234	3.49019607843137	3.2156862745098	4.54901960784314	5.74509803921569	4.92980392156863	11.2941176470588	4.82352941176471	8.07843137254902	13.8933333333333	13.4901960784314	13.8705882352941	17.6470588235294	29.3333333333333	27.1858823529412	30.8627450980392	15.0980392156863
"1040"	"YC19:2520"	2	439	"Pa762"	"2"	3.09803921568627	1.41176470588236	1.33333333333333	2.50980392156863	1.37254901960784	3.31372549019608	2.54901960784314	3.6078431372549	4.11764705882353	8.19607843137255	8.06156862745098	2.43019607843137	5.9964705882353	14.2352941176471	8.74509803921569	13.3725490196078	15.8474509803921	25.6972549019608	33.9686274509804	22.0980392156863	12.3858823529412
