model,seed,split,year,genotype,rmse,mae,n_observed
LSTM-NN,2,train,2018,1538,38.109860177131324,29.5057315906785,10
LSTM-NN,2,train,2018,2369,65.40289904640929,57.58524836883014,9
LSTM-NN,2,train,2018,29MIBZ2,55.51776569391323,47.10848472451428,10
LSTM-NN,2,train,2018,2FACC,45.86007733405287,36.63460975341216,9
LSTM-NN,2,train,2018,2FADB,86.1710163313851,75.08557795307547,8
LSTM-NN,2,train,2018,2MA22,41.52685395153287,34.471849880719276,10
LSTM-NN,2,train,2018,2MCDB,41.47683989519425,29.205740328900397,10
LSTM-NN,2,train,2018,3IJI1,32.70519668934457,28.180000330780775,10
LSTM-NN,2,train,2018,4226,59.8514991695293,51.920513135740485,10
LSTM-NN,2,train,2018,4F-306 108,46.11806562073498,32.54376129337174,10
LSTM-NN,2,train,2018,4N506,50.35842855962399,39.600108729257855,10
LSTM-NN,2,train,2018,6F629,40.310098611883966,36.31215771435025,10
LSTM-NN,2,train,2018,6M502,58.666509013110215,46.58806937171978,10
LSTM-NN,2,train,2018,6M502A,44.32015953581222,34.519017219789376,10
LSTM-NN,2,train,2018,764,33.959549610690175,30.59347550623387,10
LSTM-NN,2,train,2018,78010,38.80827526463994,33.59874470939214,10
LSTM-NN,2,train,2018,78551S,35.93249615928598,28.0873976402244,8
LSTM-NN,2,train,2018,790,40.316116211879994,30.455940509493963,10
LSTM-NN,2,train,2018,793,42.45000654042567,37.47408093786193,10
LSTM-NN,2,train,2018,87916W,50.19172701056438,36.89535468479919,10
LSTM-NN,2,train,2018,911,41.011068713267925,35.57447435852364,10
LSTM-NN,2,train,2018,912,52.72845366600136,39.34809150355089,10
LSTM-NN,2,train,2018,91IFC2,43.32097485281202,35.799730160576146,10
LSTM-NN,2,train,2018,A,59.03560403950739,42.11637684651996,10
LSTM-NN,2,train,2018,A208,42.155527174825444,32.86320678965271,10
LSTM-NN,2,train,2018,A239,39.00569099628966,29.667005503771303,10
LSTM-NN,2,train,2018,A258,42.753834782565356,39.441814317002894,10
LSTM-NN,2,train,2018,A272,43.90352701564379,36.52158311947808,9
LSTM-NN,2,train,2018,A305,41.81369880929148,35.90599424529675,10
LSTM-NN,2,train,2018,A321,34.865439116225275,30.092719646064477,10
LSTM-NN,2,train,2018,A322,63.5858270880978,53.99293858303097,10
LSTM-NN,2,train,2018,A334,29.44657244768751,23.41733714956529,10
LSTM-NN,2,train,2018,A340,40.07728306658905,29.643359768089773,10
LSTM-NN,2,train,2018,A374,49.862812929220986,41.99075985313144,10
LSTM-NN,2,train,2018,A385,42.139782866761976,32.00796265883204,10
LSTM-NN,2,train,2018,A427,75.16220550837797,66.64947434209961,10
LSTM-NN,2,train,2018,A548,40.37004293629923,33.73180507906732,10
LSTM-NN,2,train,2018,A556,39.79073665287735,28.135830086101862,10
LSTM-NN,2,train,2018,A572,68.49596754427499,56.457489798653306,10
LSTM-NN,2,train,2018,A619,32.60627426969967,29.4384186556208,10
LSTM-NN,2,train,2018,A627,37.12086266417557,28.740910830446534,10
LSTM-NN,2,train,2018,A632,36.52843530291221,33.39402058408096,8
LSTM-NN,2,train,2018,A634,32.460935068121415,27.11207848531558,10
LSTM-NN,2,train,2018,A635,39.957451470901994,30.082276894740836,10
LSTM-NN,2,train,2018,A641,61.763185735042924,46.25527330071683,10
LSTM-NN,2,train,2018,A648,38.019369219885974,28.174879955147354,8
LSTM-NN,2,train,2018,A649,64.10403291760684,52.68198297567532,8
LSTM-NN,2,train,2018,A659,43.754585219995015,34.48294163867703,10
LSTM-NN,2,train,2018,A663,49.415449878578755,37.280838560940744,10
LSTM-NN,2,train,2018,A672,33.98495485210169,30.634099672496262,10
LSTM-NN,2,train,2018,A674,56.92569600438776,48.90426490368842,10
LSTM-NN,2,train,2018,A679,43.3144309009669,35.607337161313175,10
LSTM-NN,2,train,2018,A680,41.85090094800622,34.22996067721519,10
LSTM-NN,2,train,2018,A682,50.98981145456069,41.68668149307142,9
LSTM-NN,2,train,2018,A71,46.97535650742663,40.800564115217824,10
LSTM-NN,2,train,2018,A73,48.93063500372209,43.13864244366257,10
LSTM-NN,2,train,2018,AQA3,80.56540129555668,70.61515509597463,10
LSTM-NN,2,train,2018,AS6103,38.538158087507306,32.55204557634647,10
LSTM-NN,2,train,2018,AusTRCF 306238,76.11782765501357,63.050932601142975,8
LSTM-NN,2,train,2018,B-18 INBR.FR.SUPERGOLD,46.457878942554665,38.20513152408144,10
LSTM-NN,2,train,2018,B-28,40.584714999897656,32.79071906926887,10
LSTM-NN,2,train,2018,B103,41.30302590948453,32.3055954070437,10
LSTM-NN,2,train,2018,B104,56.45240532329372,38.0371710833019,8
LSTM-NN,2,train,2018,B105,43.574211782587255,31.25650224751836,10
LSTM-NN,2,train,2018,B107,45.685743899228356,32.96400336996843,9
LSTM-NN,2,train,2018,B108,44.49523841711157,36.823334822611436,10
LSTM-NN,2,train,2018,B110,58.99253482511834,44.99014401269933,10
LSTM-NN,2,train,2018,B111,49.50012023897624,35.41635913986745,10
LSTM-NN,2,train,2018,B114,43.184207241476834,34.731867684303275,9
LSTM-NN,2,train,2018,B115,67.37971486205329,56.48198849586501,8
LSTM-NN,2,train,2018,B119,50.36461637107301,35.93672040877578,10
LSTM-NN,2,train,2018,B120,54.47818578933453,43.58807269585061,10
LSTM-NN,2,train,2018,B121,48.20994019919629,40.81631425513069,10
LSTM-NN,2,train,2018,B14,59.27275717025658,48.39378205297013,9
LSTM-NN,2,train,2018,B14A,44.12767230398426,29.611776081788957,10
LSTM-NN,2,train,2018,B164,36.87384493179392,26.9487383071256,10
LSTM-NN,2,train,2018,B2,58.33544950968806,45.80137167952949,10
LSTM-NN,2,train,2018,B37,57.676009217181615,45.5771183842105,10
LSTM-NN,2,train,2018,B46,69.79200437970708,56.17590530334157,10
LSTM-NN,2,train,2018,B57,38.00525843255099,26.193410246337226,10
LSTM-NN,2,train,2018,B65,55.97663807885877,45.815046757568524,10
LSTM-NN,2,train,2018,B66,58.828405286413016,42.80113651327068,10
LSTM-NN,2,train,2018,B68,76.75185181968378,66.22915986404887,9
LSTM-NN,2,train,2018,B70,57.45380912521639,38.74428531440333,8
LSTM-NN,2,train,2018,B75,38.15043556001053,28.70725617295404,9
LSTM-NN,2,train,2018,B76,40.83791957144547,33.0313522885488,10
LSTM-NN,2,train,2018,B77,60.00981603001008,44.238175017371674,10
LSTM-NN,2,train,2018,B79,55.066623025460196,40.784564805700825,9
LSTM-NN,2,train,2018,B84,52.61670233926667,38.962592314501805,10
LSTM-NN,2,train,2018,B85,42.00775794083914,32.96811226108803,10
LSTM-NN,2,train,2018,B87,33.39196265736502,29.52899157141285,10
LSTM-NN,2,train,2018,B88,55.72063656970929,43.33271530146244,10
LSTM-NN,2,train,2018,B91,40.81017149527464,33.0716939805382,10
LSTM-NN,2,train,2018,B97,64.98070012146908,52.7119013018304,10
LSTM-NN,2,train,2018,BEI 10 = NORTH 10,46.67753193453546,36.71222632039954,10
LSTM-NN,2,train,2018,BO9,58.364948375759354,51.737433968128855,10
LSTM-NN,2,train,2018,C103,58.21384517254715,53.305005451947004,9
LSTM-NN,2,train,2018,C123,54.03686428262623,46.894872488101576,9
LSTM-NN,2,train,2018,CA-4,47.78600663675079,35.74504744197335,10
LSTM-NN,2,train,2018,CG102,46.31646260127204,39.42217567599656,10
LSTM-NN,2,train,2018,CH157,56.460444181054676,45.3580734322916,10
LSTM-NN,2,train,2018,CH701-30,41.14889087730576,33.855174333114086,10
LSTM-NN,2,train,2018,CH711-10,47.002067294815575,39.157306033772215,10
LSTM-NN,2,train,2018,CH9,40.486164885422426,34.392688013297345,10
LSTM-NN,2,train,2018,CI 40H,46.046004239526994,34.98361116011247,10
LSTM-NN,2,train,2018,CM105,62.95674255551312,50.888955210178395,10
LSTM-NN,2,train,2018,CO257,48.61473914506824,44.74140228307474,10
LSTM-NN,2,train,2018,CO258,48.94218178449577,34.53069445210531,8
LSTM-NN,2,train,2018,CQ702RC,30.29918734809264,27.595822682636708,10
LSTM-NN,2,train,2018,CR 22 INBRED,43.96645503209855,36.58267130332299,10
LSTM-NN,2,train,2018,CS405,35.430969389666,28.537052047314184,10
LSTM-NN,2,train,2018,DE2,55.41454835454688,41.82750894593431,10
LSTM-NN,2,train,2018,DE4,39.5151510399739,32.46757957840075,10
LSTM-NN,2,train,2018,DE811,68.83154930222084,49.866684653536176,9
LSTM-NN,2,train,2018,DJ7,43.71277396678453,37.119574747850784,10
LSTM-NN,2,train,2018,DK3IIH6,65.04373358803954,59.14505494150418,10
LSTM-NN,2,train,2018,DK4676A,62.67010365949749,48.91323240298431,10
LSTM-NN,2,train,2018,DK78002A,41.2309586219109,32.39788532331857,10
LSTM-NN,2,train,2018,DK78010,41.55484715887893,35.06595550584867,10
LSTM-NN,2,train,2018,DKFAPW,35.25882643754151,29.605897880135984,10
LSTM-NN,2,train,2018,DKFBHJ,35.97680865288817,31.663331990952777,10
LSTM-NN,2,train,2018,DKMBNA,58.19880882704883,49.5371874461849,10
LSTM-NN,2,train,2018,DKPB80,54.11936669120665,46.56445491346639,10
LSTM-NN,2,train,2018,E8501,42.87900389096328,34.672622624274155,10
LSTM-NN,2,train,2018,EAST 028,46.9940384182796,37.85767318121347,10
LSTM-NN,2,train,2018,Eng-Li Chih,47.274797757159,41.181822280493655,10
LSTM-NN,2,train,2018,F118,40.41215944269397,30.05447289014804,10
LSTM-NN,2,train,2018,F2834T,57.081861902704,44.4761102326671,10
LSTM-NN,2,train,2018,FBLA,34.91259077770799,29.66243769603521,10
LSTM-NN,2,train,2018,FR19,44.25844553102399,34.21964173237798,10
LSTM-NN,2,train,2018,G80,37.45238492286113,30.43415545498082,10
LSTM-NN,2,train,2018,H110,37.951041361959646,31.43323079398933,10
LSTM-NN,2,train,2018,H113,37.23500609392813,30.821294754168527,10
LSTM-NN,2,train,2018,H121,39.52660292439555,26.721874323975705,10
LSTM-NN,2,train,2018,H122w,34.2265365325429,26.52489396858403,10
LSTM-NN,2,train,2018,H42,41.05540667635344,34.23931360565172,10
LSTM-NN,2,train,2018,H5,45.42314417536646,37.99354395813055,10
LSTM-NN,2,train,2018,H71,37.34752710097212,27.227895217883706,10
LSTM-NN,2,train,2018,H84,41.150699803208866,24.286057942240166,10
LSTM-NN,2,train,2018,H91,45.50509096629344,33.101764295445705,10
LSTM-NN,2,train,2018,H95,41.75367693139345,29.861101493835747,9
LSTM-NN,2,train,2018,H96,79.89469011783204,69.39397873967171,9
LSTM-NN,2,train,2018,H99,42.03750035354243,34.18259524776681,10
LSTM-NN,2,train,2018,HP301,85.83007450641675,67.00043901498584,10
LSTM-NN,2,train,2018,HUANYAO,70.28299728863374,61.63553775151536,9
LSTM-NN,2,train,2018,I29,60.743210991301524,49.383574222343086,10
LSTM-NN,2,train,2018,IA2132,64.96326101648707,55.02878184205618,10
LSTM-NN,2,train,2018,IBB14,99.94668378667498,86.85802723127738,10
LSTM-NN,2,train,2018,IBB15,36.033750178183894,33.502862450171605,10
LSTM-NN,2,train,2018,IBC2,37.04346202553868,30.92837628750609,10
LSTM-NN,2,train,2018,ICI 193,34.69768453645425,31.61166852158609,10
LSTM-NN,2,train,2018,ICI 740,45.45944144356196,37.17132716240377,10
LSTM-NN,2,train,2018,ICI 893,37.75663940021343,25.12479215228914,10
LSTM-NN,2,train,2018,ICI 986,27.436447603509542,23.099552615041716,10
LSTM-NN,2,train,2018,IDS28,46.86315897388259,36.60084674714367,10
LSTM-NN,2,train,2018,IDS69,40.00119601822727,29.523468824698533,10
LSTM-NN,2,train,2018,IDS91,68.34341731142763,53.69177872558376,9
LSTM-NN,2,train,2018,INB 101LFY/LFY (A632 X M16 S5),36.715851504568214,26.434333107634085,10
LSTM-NN,2,train,2018,INBRED 141,56.39908350192885,47.26948658914348,10
LSTM-NN,2,train,2018,INBRED 2-687,51.00027876291693,35.37941108503307,9
LSTM-NN,2,train,2018,INBRED 305,41.77671424368936,31.507791947214294,10
LSTM-NN,2,train,2018,INBRED 309,41.67574999754461,32.40985241485581,9
LSTM-NN,2,train,2018,INBRED 321,38.7233296525792,25.68731962982896,10
LSTM-NN,2,train,2018,Ia 453,44.8762085227417,37.013643311610814,10
LSTM-NN,2,train,2018,J47,70.82206383038054,57.12664724166177,10
LSTM-NN,2,train,2018,K150,60.66625360546437,48.454432606226035,10
LSTM-NN,2,train,2018,K41,50.99969247935435,38.515534585561575,10
LSTM-NN,2,train,2018,K47,58.84841933577221,42.93878554230072,10
LSTM-NN,2,train,2018,K55,36.18072174439761,27.217269689089314,10
LSTM-NN,2,train,2018,KUNG-70,43.06812845953065,37.609119279061055,10
LSTM-NN,2,train,2018,L 127,54.83625327246108,45.561547112089855,10
LSTM-NN,2,train,2018,L 135,52.84922160526275,45.041289775468826,10
LSTM-NN,2,train,2018,L 139,40.694387810933904,28.635386978192166,10
LSTM-NN,2,train,2018,L 155,36.86655149179163,30.710659648863942,10
LSTM-NN,2,train,2018,L 289,41.36850178258125,35.74408598686428,10
LSTM-NN,2,train,2018,LH1,32.76475190370794,24.339083282957557,10
LSTM-NN,2,train,2018,LH119,49.28968976290165,42.944723366551095,10
LSTM-NN,2,train,2018,LH128,39.02273652693907,30.764720076969176,10
LSTM-NN,2,train,2018,LH143 (Maintainer),47.93063190598603,39.12332147905433,10
LSTM-NN,2,train,2018,LH145,32.888377369003386,27.833052780171133,9
LSTM-NN,2,train,2018,LH146Ht,44.76106503409445,36.09538037597225,10
LSTM-NN,2,train,2018,LH149,62.90610129382513,54.24620495102469,10
LSTM-NN,2,train,2018,LH165,38.989804275110686,32.49003612019949,10
LSTM-NN,2,train,2018,LH166,49.603675921869396,41.24892865420295,10
LSTM-NN,2,train,2018,LH172,39.176831367223194,30.134832567225796,9
LSTM-NN,2,train,2018,LH184,34.458989388514965,29.424010512859496,10
LSTM-NN,2,train,2018,LH185,42.05232941421506,30.98120411705683,9
LSTM-NN,2,train,2018,LH190,47.09311234556555,40.028811169165536,10
LSTM-NN,2,train,2018,LH191,53.13010336018159,45.73851317153084,10
LSTM-NN,2,train,2018,LH192,40.99370381411272,34.323034158226534,10
LSTM-NN,2,train,2018,LH194,54.05532226049682,37.68886687424625,9
LSTM-NN,2,train,2018,LH195,43.20069351495618,33.427906745222785,10
LSTM-NN,2,train,2018,LH197,50.131814070883294,37.84487745503462,10
LSTM-NN,2,train,2018,LH198,42.353557336892,31.11237585860234,10
LSTM-NN,2,train,2018,LH199,34.75888694473381,26.00906336546588,10
LSTM-NN,2,train,2018,LH202,42.529551415085855,37.14138032817614,10
LSTM-NN,2,train,2018,LH204,36.35308685323913,25.086402041493685,10
LSTM-NN,2,train,2018,LH205,47.68335340223706,38.52801203494842,9
LSTM-NN,2,train,2018,LH206,50.585353885492,44.72613547716875,10
LSTM-NN,2,train,2018,LH208,44.86880163446813,28.063123749527513,10
LSTM-NN,2,train,2018,LH209,33.39694959718149,30.404587207956432,10
LSTM-NN,2,train,2018,LH213,50.650228613803314,38.60964992349672,9
LSTM-NN,2,train,2018,LH214,48.800375021084285,37.73570424368951,10
LSTM-NN,2,train,2018,LH215,58.13301791250588,49.622141828138936,10
LSTM-NN,2,train,2018,LH222,35.39624943286368,30.976879107596893,10
LSTM-NN,2,train,2018,LH223,65.90863949843808,56.63931884655856,10
LSTM-NN,2,train,2018,LH224,56.67235686627636,43.901336990393396,9
LSTM-NN,2,train,2018,LH295,57.46496734032673,47.18363689080866,10
LSTM-NN,2,train,2018,LH59,42.106620624354825,34.10347443196933,10
LSTM-NN,2,train,2018,LH60,61.17429416323331,49.4812484175514,10
LSTM-NN,2,train,2018,LH61,53.82970170114246,44.41168687584131,8
LSTM-NN,2,train,2018,LH74,37.87714491453147,32.17675390629682,10
LSTM-NN,2,train,2018,LH82,34.32910914108125,29.178837179399636,10
LSTM-NN,2,train,2018,LH93,50.72509421909838,38.089406668958496,10
LSTM-NN,2,train,2018,LIBC 4,46.72378484048106,35.39490184673681,10
LSTM-NN,2,train,2018,LP1 NR HT,32.58223545482639,28.782276532401323,10
LSTM-NN,2,train,2018,LP5,60.6369557393499,53.420623876932495,10
LSTM-NN,2,train,2018,Lp215D,39.18406892826701,30.873510465625987,10
LSTM-NN,2,train,2018,M14,36.21729132706749,27.320277011603775,10
LSTM-NN,2,train,2018,MBPM,44.47943722826868,32.90657294378293,10
LSTM-NN,2,train,2018,MBWZ,41.72301987904304,28.50577950626215,10
LSTM-NN,2,train,2018,MEF156-55-2,46.23591984126453,33.427459249935666,10
LSTM-NN,2,train,2018,ML606,39.788733813051735,30.680510814579513,10
LSTM-NN,2,train,2018,MM501D,57.66034609358494,49.87820589691937,8
LSTM-NN,2,train,2018,MQ305,51.24596992537516,43.54937534948489,10
LSTM-NN,2,train,2018,MS116,60.93942631184825,52.54597112452501,10
LSTM-NN,2,train,2018,MS132,45.16250336605201,39.333889596331446,10
LSTM-NN,2,train,2018,MS153,43.90556367401133,37.74576971103609,10
LSTM-NN,2,train,2018,MS200,59.21973254147054,53.27330447529063,9
LSTM-NN,2,train,2018,MS211,32.22957869337137,25.462520608550058,10
LSTM-NN,2,train,2018,MS221,35.74205646509368,26.9537439988558,10
LSTM-NN,2,train,2018,MS224,43.57846534386018,33.388062234018356,10
LSTM-NN,2,train,2018,MS225,45.16664927470472,36.76188510210572,10
LSTM-NN,2,train,2018,MS226,44.35435993782168,34.24492269109999,10
LSTM-NN,2,train,2018,MS24A,49.62997309395436,38.58060336514949,10
LSTM-NN,2,train,2018,MS67,57.849444659560284,47.61081553351365,10
LSTM-NN,2,train,2018,MS71,52.95824051549198,41.06915218752006,10
LSTM-NN,2,train,2018,MS72,47.85042844809033,37.69253748316375,10
LSTM-NN,2,train,2018,Mo46,55.51096680140843,34.74664228702426,8
LSTM-NN,2,train,2018,Mo47,31.403464692591463,26.465363248617948,8
LSTM-NN,2,train,2018,Mo5,75.83302218597659,60.79304221352696,9
LSTM-NN,2,train,2018,N192,41.46278882391439,33.61391002655992,10
LSTM-NN,2,train,2018,N193,46.89899770647415,40.19795037801849,10
LSTM-NN,2,train,2018,N201,49.00408298340418,43.56291912748701,10
LSTM-NN,2,train,2018,N211,52.68780830515654,45.28988342601952,10
LSTM-NN,2,train,2018,N217,69.15689377734098,60.03307064928229,10
LSTM-NN,2,train,2018,N28Ht,73.68611151470672,59.220169965852634,10
LSTM-NN,2,train,2018,N501,43.19182109006804,36.725314295047674,9
LSTM-NN,2,train,2018,N523,58.0222082760971,49.29940861803023,10
LSTM-NN,2,train,2018,N527,45.02154345880966,34.62082036132004,10
LSTM-NN,2,train,2018,N534,54.95702979221693,45.215225182444684,10
LSTM-NN,2,train,2018,N542,75.2509238207136,58.78926753536215,9
LSTM-NN,2,train,2018,N6,38.239607736583736,30.744533755163673,10
LSTM-NN,2,train,2018,NC262,50.529617396202696,44.418135890558034,10
LSTM-NN,2,train,2018,NC294,52.51463438320271,34.38732132791725,10
LSTM-NN,2,train,2018,NC310,39.601129572195994,34.07530878211355,10
LSTM-NN,2,train,2018,NC326,44.64808137333278,37.93745277784136,10
LSTM-NN,2,train,2018,NC328,41.1300858113241,27.069391637827994,10
LSTM-NN,2,train,2018,NC368,57.51063724263566,46.47716134913415,9
LSTM-NN,2,train,2018,NC412,38.44283847139195,26.561200709438793,10
LSTM-NN,2,train,2018,ND247,35.3209330215394,27.843859203998477,10
LSTM-NN,2,train,2018,ND265,41.49706721447809,38.29044852871808,10
LSTM-NN,2,train,2018,NK740,68.16745509861444,60.52284976120368,10
LSTM-NN,2,train,2018,NK778,54.059914051478565,41.34426786631738,9
LSTM-NN,2,train,2018,NK807,42.409827609640786,34.60549376991337,10
LSTM-NN,2,train,2018,NKS8326,55.3377753184311,46.24915791190038,10
LSTM-NN,2,train,2018,NORTH 7,51.0697732162548,42.181203877652806,10
LSTM-NN,2,train,2018,NQ508,43.92801457201298,33.437047573599685,10
LSTM-NN,2,train,2018,NS501,42.62511528283974,33.56229568157981,9
LSTM-NN,2,train,2018,NS701,59.02389783299117,48.564386775855255,10
LSTM-NN,2,train,2018,NY 166 (Neveh Yaar),31.489338050488236,23.003521788037464,10
LSTM-NN,2,train,2018,NY6371,48.280512992206866,34.21395510497243,8
LSTM-NN,2,train,2018,Ny821,44.10026537117203,34.72221819951095,10
LSTM-NN,2,train,2018,OH33,54.56369670098475,45.714673761959716,9
LSTM-NN,2,train,2018,OQ403,47.158856516865676,35.34170773823002,10
LSTM-NN,2,train,2018,OQ603,45.089270319235574,40.738517191318365,10
LSTM-NN,2,train,2018,OS602,37.0813717529953,31.46611151613875,10
LSTM-NN,2,train,2018,Oh40B,50.90255866659021,43.58621429532802,10
LSTM-NN,2,train,2018,Oh43,52.3071877930811,41.94218633302076,10
LSTM-NN,2,train,2018,Oh7,89.20469637589727,81.29030111363913,9
LSTM-NN,2,train,2018,Os420,41.8556752640688,32.707421087780624,10
LSTM-NN,2,train,2018,Os426,54.09035316572579,36.46254284696174,10
LSTM-NN,2,train,2018,PHB09,46.13200353053035,35.8406833914472,10
LSTM-NN,2,train,2018,PHB47,36.942872581555825,31.52578331033805,10
LSTM-NN,2,train,2018,PHBA6,53.92841629901661,51.14952322861245,10
LSTM-NN,2,train,2018,PHBB3,44.729472394567,28.629073173190893,10
LSTM-NN,2,train,2018,PHBW8,77.76620502421183,64.55623181153592,10
LSTM-NN,2,train,2018,PHG29,37.482977497911435,28.113414270121023,10
LSTM-NN,2,train,2018,PHG47,75.38190733342424,64.01379845254988,10
LSTM-NN,2,train,2018,PHG50,35.731427257720156,30.08962057422526,10
LSTM-NN,2,train,2018,PHG71,39.03164011172401,32.26576360229445,10
LSTM-NN,2,train,2018,PHG72,52.813296759820304,46.028258143330866,10
LSTM-NN,2,train,2018,PHG80,43.02465312497739,39.05899162870646,10
LSTM-NN,2,train,2018,PHG83,58.8417344805733,53.026350391867666,10
LSTM-NN,2,train,2018,PHG86,37.68013160943879,31.30238623461467,10
LSTM-NN,2,train,2018,PHGW7,48.697851517783036,39.902456223956605,10
LSTM-NN,2,train,2018,PHH93,37.37954843431385,34.475836449582246,10
LSTM-NN,2,train,2018,PHHV4,36.301306054283465,32.99224051626008,10
LSTM-NN,2,train,2018,PHJ70,53.78942758451232,45.031188469402494,10
LSTM-NN,2,train,2018,PHJ89,38.68534482383125,30.18525554627949,10
LSTM-NN,2,train,2018,PHJ90,39.357261313322596,36.27942393095183,10
LSTM-NN,2,train,2018,PHJR5,42.04147515801762,36.89701857881547,10
LSTM-NN,2,train,2018,PHK35,44.24256697990184,31.341069897105577,10
LSTM-NN,2,train,2018,PHK42,32.279409316095595,26.716318344993983,10
LSTM-NN,2,train,2018,PHK56,43.39797618089417,32.22539551997503,10
LSTM-NN,2,train,2018,PHK74,37.75528477284978,33.34013869796142,10
LSTM-NN,2,train,2018,PHKE6,44.26653676743906,35.434963670905574,10
LSTM-NN,2,train,2018,PHM10,50.993189357572554,35.50271220931158,10
LSTM-NN,2,train,2018,PHN11,35.93748898547741,28.817882952091406,10
LSTM-NN,2,train,2018,PHN29,42.59773146090987,27.919677137863587,9
LSTM-NN,2,train,2018,PHN66,25.28651575143917,22.072318142308298,10
LSTM-NN,2,train,2018,PHP02,38.3377098973947,32.94025710486795,10
LSTM-NN,2,train,2018,PHP55,42.758652415618634,36.73167436457808,10
LSTM-NN,2,train,2018,PHP76,42.640256958191316,32.74408214325115,10
LSTM-NN,2,train,2018,PHP85,35.15285969557561,25.82011414136486,10
LSTM-NN,2,train,2018,PHPR5,36.22992483067007,25.6382684773259,10
LSTM-NN,2,train,2018,PHR03,63.257517822638015,56.40009262283557,10
LSTM-NN,2,train,2018,PHR30,42.15605740843838,33.88932276852322,10
LSTM-NN,2,train,2018,PHR31,46.72412720760118,34.23897444104022,10
LSTM-NN,2,train,2018,PHR36,36.391496344027864,30.875783255870843,9
LSTM-NN,2,train,2018,PHR47,44.097428647912615,30.619571958733587,10
LSTM-NN,2,train,2018,PHR58,58.37676803374672,39.469507710274264,10
LSTM-NN,2,train,2018,PHR63,40.44348861349755,28.00245661633864,8
LSTM-NN,2,train,2018,PHT10,50.054808823196424,37.13794111430579,10
LSTM-NN,2,train,2018,PHT47,62.62874348818661,53.840699611188505,10
LSTM-NN,2,train,2018,PHT55,71.16809894609702,54.71250238895943,9
LSTM-NN,2,train,2018,PHTM9,50.26680005066742,42.74442011022502,10
LSTM-NN,2,train,2018,PHV37,42.02177286236364,37.035638511344345,10
LSTM-NN,2,train,2018,PHV57,36.590269483544134,32.48927210385561,10
LSTM-NN,2,train,2018,PHV63,48.852147685852835,40.74519036093682,10
LSTM-NN,2,train,2018,PHVA9,32.927797918729205,28.85202226491733,10
LSTM-NN,2,train,2018,PHW03,43.10717107896446,39.29586927596256,10
LSTM-NN,2,train,2018,PHW17,55.232830589366685,45.656401451666504,10
LSTM-NN,2,train,2018,PHW20,46.15126531264725,36.10085392589852,8
LSTM-NN,2,train,2018,PHW30,46.99678316294383,39.117216516047264,10
LSTM-NN,2,train,2018,PHW52,33.18312669105367,25.481610301731774,9
LSTM-NN,2,train,2018,PHW53,36.65868512272701,32.27100191989651,10
LSTM-NN,2,train,2018,PHW79,48.249213704322145,39.247767921934475,9
LSTM-NN,2,train,2018,PHW80,68.89827814555774,57.2926391593071,10
LSTM-NN,2,train,2018,PHW86,47.815842928498405,40.440855120517824,10
LSTM-NN,2,train,2018,PHZ51,48.400497948484606,41.052625976421204,10
LSTM-NN,2,train,2018,Pa392,43.56390564219444,38.60053620946437,10
LSTM-NN,2,train,2018,Pa405,42.72501777709493,35.45920432933505,10
LSTM-NN,2,train,2018,Pa762,33.121920135802405,27.256576293690877,10
LSTM-NN,2,train,2018,Pa875,54.44927323726602,44.25608427724653,10
LSTM-NN,2,train,2018,Pa880,78.36692814472885,59.26751519529533,10
LSTM-NN,2,train,2018,Pa91,65.96347876209873,54.063940951384225,10
LSTM-NN,2,train,2018,Q381,39.203280512873185,31.127988508153976,10
LSTM-NN,2,train,2018,R168,34.98369701812099,25.12180385467462,10
LSTM-NN,2,train,2018,R181B,37.78529176846106,30.90751424292992,10
LSTM-NN,2,train,2018,R226,47.474120666707186,34.87146626728656,10
LSTM-NN,2,train,2018,R227,61.366042816784464,49.98207074225561,10
LSTM-NN,2,train,2018,R71,49.422112220636926,37.28299605187002,10
LSTM-NN,2,train,2018,R78,52.71918348264471,38.98127503911031,10
LSTM-NN,2,train,2018,S8326,42.00964229312334,28.127843753210914,10
LSTM-NN,2,train,2018,SD101,42.59249822156923,33.195559437950315,10
LSTM-NN,2,train,2018,SD102,38.90664381007881,31.64233213020882,10
LSTM-NN,2,train,2018,SD107,34.19109122433854,29.040564230839312,10
LSTM-NN,2,train,2018,SD40,37.53124585277672,31.63472259258512,10
LSTM-NN,2,train,2018,SD44,43.85737956265128,36.733241168244476,10
LSTM-NN,2,train,2018,SG 30A,37.25885805001324,29.40133014196556,10
LSTM-NN,2,train,2018,Seagull Seventeen,49.03531653612484,32.688747648658605,10
LSTM-NN,2,train,2018,T242,42.480774017658945,32.210028528557004,10
LSTM-NN,2,train,2018,TZU-CHIAO-HSI-WU 105,37.38258987775422,29.207160845428888,10
LSTM-NN,2,train,2018,Tr,47.44435927650442,34.779824380226174,10
LSTM-NN,2,train,2018,Va26,56.29917622246084,45.743214234143124,10
LSTM-NN,2,train,2018,Va35,38.77769084221349,28.27464387352395,10
LSTM-NN,2,train,2018,Va52,44.503307614514966,32.13500310100794,10
LSTM-NN,2,train,2018,Va59,41.467559770431556,25.788452913106752,9
LSTM-NN,2,train,2018,Va99,44.976386453638064,34.780818415989565,10
LSTM-NN,2,train,2018,VaW6,46.112039260582534,39.47666991551411,10
LSTM-NN,2,train,2018,W117Ht,66.76905272660193,55.20898446369763,10
LSTM-NN,2,train,2018,W153R,36.57473557049984,29.28434930261846,10
LSTM-NN,2,train,2018,W22,45.28205319170462,34.855246314338345,10
LSTM-NN,2,train,2018,W23,49.03223654458026,36.21564176140313,10
LSTM-NN,2,train,2018,W24,59.610240297327245,48.647738352519866,10
LSTM-NN,2,train,2018,W32,38.02904704881402,29.8556983181228,10
LSTM-NN,2,train,2018,W37A,45.18806048304069,38.438519620356274,10
LSTM-NN,2,train,2018,W552,53.59785660669948,45.40446502598227,10
LSTM-NN,2,train,2018,W603S,52.123854664788894,31.715294224919603,10
LSTM-NN,2,train,2018,W604S,45.600660769730816,36.11454236200583,10
LSTM-NN,2,train,2018,W605S,43.913444456159425,39.352741414535885,10
LSTM-NN,2,train,2018,W607S,44.10242925845887,31.76990168221092,10
LSTM-NN,2,train,2018,W610S,43.74142096222787,28.981538511015238,10
LSTM-NN,2,train,2018,W612S,62.20506465209361,53.47308101103848,10
LSTM-NN,2,train,2018,W614S,52.04273749101545,40.19734861333314,10
LSTM-NN,2,train,2018,W64A,55.306616030502845,45.5422851034475,10
LSTM-NN,2,train,2018,W701BC,52.88004062705073,42.23801867427452,10
LSTM-NN,2,train,2018,W809G,63.183945150025224,51.394575362038225,10
LSTM-NN,2,train,2018,W810G,54.39511705681003,41.600106078761904,10
LSTM-NN,2,train,2018,W812G,48.23372282233919,43.22683255520033,9
LSTM-NN,2,train,2018,W813G,28.44250878911445,23.34535508093655,10
LSTM-NN,2,train,2018,W814G,76.9640095723498,67.22719621504118,8
LSTM-NN,2,train,2018,W8304,42.779046781832356,35.74881865271125,10
LSTM-NN,2,train,2018,W9,41.49231366206676,34.197559216490866,10
LSTM-NN,2,train,2018,WIL900,38.07589429495134,29.985873345051125,10
LSTM-NN,2,train,2018,WR3,47.37563352152516,43.547292142447475,10
LSTM-NN,2,train,2018,WU-TAN-TZAO,63.353864029450754,58.7903256826131,9
LSTM-NN,2,train,2018,YE 4,46.321533465297165,32.634102560711554,10
LSTM-NN,2,train,2018,YING-55,52.75749403217098,45.256541361804885,10
LSTM-NN,2,train,2018,Yu796 NS,39.478849253943714,33.580591420416404,10
LSTM-NN,2,train,2018,ZS635,39.95985932308273,32.07350059984223,10
LSTM-NN,2,train,2019,1538,21.91693617292045,19.074931866793676,17
LSTM-NN,2,train,2019,2369,34.01593677760901,26.25500971567537,16
LSTM-NN,2,train,2019,29MIBZ2,22.71810771242961,16.914889297331705,17
LSTM-NN,2,train,2019,2FACC,23.556737482178686,16.232370585480602,17
LSTM-NN,2,train,2019,2FADB,36.449812106839,29.01741280117913,17
LSTM-NN,2,train,2019,2MA22,32.905597653615835,25.18443585046536,17
LSTM-NN,2,train,2019,2MCDB,35.203110186704826,22.621713450500653,17
LSTM-NN,2,train,2019,3IJI1,31.350002733684374,22.667136823805194,17
LSTM-NN,2,train,2019,4226,44.83060307313788,32.64703654385528,17
LSTM-NN,2,train,2019,4F-306 108,35.64672741462729,25.401067016696008,17
LSTM-NN,2,train,2019,4N506,48.26959936913795,33.86025779678267,17
LSTM-NN,2,train,2019,6F629,41.1022907000854,29.84301413995919,16
LSTM-NN,2,train,2019,6M502,33.512428651991684,26.884031556102478,17
LSTM-NN,2,train,2019,6M502A,37.468454351365196,30.625976433779336,17
LSTM-NN,2,train,2019,764,19.33144874593592,15.269609375469352,17
LSTM-NN,2,train,2019,78010,26.86389138930732,20.540454352908274,17
LSTM-NN,2,train,2019,78551S,44.281351493868726,31.409160640984148,15
LSTM-NN,2,train,2019,790,27.95038234897868,19.542599370220167,17
LSTM-NN,2,train,2019,793,40.0913555360104,27.308374263664643,17
LSTM-NN,2,train,2019,87916W,32.5778757870823,26.31035867751581,17
LSTM-NN,2,train,2019,911,23.764806668291012,18.393256993889544,17
LSTM-NN,2,train,2019,912,21.66701959894683,14.67577367147847,17
LSTM-NN,2,train,2019,91IFC2,26.72688202923411,22.277417769243097,17
LSTM-NN,2,train,2019,A,50.55604208861176,39.64443148972918,17
LSTM-NN,2,train,2019,A208,31.09338083115891,23.352578211999987,17
LSTM-NN,2,train,2019,A239,25.390980649661604,20.86700047699242,17
LSTM-NN,2,train,2019,A258,27.503883905788072,22.276773762302035,16
LSTM-NN,2,train,2019,A272,38.36509655777866,24.66633962697576,17
LSTM-NN,2,train,2019,A305,33.67525785457957,26.512672083553262,17
LSTM-NN,2,train,2019,A321,27.89228801741125,18.25865270366636,17
LSTM-NN,2,train,2019,A322,26.58933100275423,20.926382205147156,16
LSTM-NN,2,train,2019,A334,19.5610567701165,14.892638939292976,17
LSTM-NN,2,train,2019,A340,26.646598276471614,21.231755850910343,17
LSTM-NN,2,train,2019,A374,35.41086593675635,27.92139431935005,16
LSTM-NN,2,train,2019,A385,33.489283949724296,23.56432774213303,17
LSTM-NN,2,train,2019,A427,39.32344296158992,31.653920992291184,17
LSTM-NN,2,train,2019,A548,17.163116344946904,13.331825992795979,17
LSTM-NN,2,train,2019,A556,19.918725841042665,14.071237139051531,17
LSTM-NN,2,train,2019,A572,23.390544697380548,18.19009783239605,17
LSTM-NN,2,train,2019,A619,24.424771411595856,17.22749205127101,17
LSTM-NN,2,train,2019,A627,25.319031726116773,21.070248947808945,17
LSTM-NN,2,train,2019,A632,29.4926602192227,25.612147780986348,17
LSTM-NN,2,train,2019,A634,23.211625642743336,18.851448893133426,17
LSTM-NN,2,train,2019,A635,24.31734256710965,16.828594643084276,17
LSTM-NN,2,train,2019,A641,51.25446834745333,39.60695626287221,17
LSTM-NN,2,train,2019,A648,26.645840726503756,20.31232346143247,17
LSTM-NN,2,train,2019,A649,34.1765587935654,25.571281470988886,16
LSTM-NN,2,train,2019,A659,35.489043445821444,24.735670684422598,17
LSTM-NN,2,train,2019,A663,31.00335284728848,24.53440805239979,16
LSTM-NN,2,train,2019,A672,36.762762567764305,28.6525647640473,17
LSTM-NN,2,train,2019,A674,30.618444172318842,21.596397384189043,17
LSTM-NN,2,train,2019,A679,30.401214508622218,24.280277846686886,17
LSTM-NN,2,train,2019,A680,40.16434553548252,30.922109846631034,16
LSTM-NN,2,train,2019,A682,23.972833611953135,18.737910295741024,17
LSTM-NN,2,train,2019,A71,45.806996325495405,37.45909518082529,16
LSTM-NN,2,train,2019,A73,27.631688487863133,21.87952843285312,16
LSTM-NN,2,train,2019,AQA3,46.97688236804677,32.95736447338829,16
LSTM-NN,2,train,2019,AS6103,31.222369019936856,24.733428368801537,17
LSTM-NN,2,train,2019,AusTRCF 306238,56.52618852767394,43.37896397468281,15
LSTM-NN,2,train,2019,B-18 INBR.FR.SUPERGOLD,24.618278779240576,19.689107481627563,17
LSTM-NN,2,train,2019,B-28,25.653684195206903,19.826692135117675,17
LSTM-NN,2,train,2019,B103,29.3976136007799,24.192909084926786,17
LSTM-NN,2,train,2019,B104,42.07376479916425,32.35835920176723,17
LSTM-NN,2,train,2019,B105,39.09955781285627,27.571967089211153,17
LSTM-NN,2,train,2019,B107,35.7649213422349,24.72454937389486,17
LSTM-NN,2,train,2019,B108,39.21464136258877,30.69417694252116,17
LSTM-NN,2,train,2019,B110,40.27621689368835,27.417624480344497,17
LSTM-NN,2,train,2019,B111,45.532537852019026,30.293174249112433,17
LSTM-NN,2,train,2019,B114,23.77596763748744,18.142535634960648,17
LSTM-NN,2,train,2019,B115,62.75752668089722,48.411358336428364,17
LSTM-NN,2,train,2019,B119,41.724181026509854,31.214891884014705,17
LSTM-NN,2,train,2019,B120,49.8198798272542,37.03946443841642,17
LSTM-NN,2,train,2019,B121,39.787305246059105,27.712504508237476,17
LSTM-NN,2,train,2019,B14,48.347875770691076,37.328932385217605,15
LSTM-NN,2,train,2019,B14A,40.357708890821854,29.899550882256978,17
LSTM-NN,2,train,2019,B164,44.11642436572922,32.32005403065411,17
LSTM-NN,2,train,2019,B2,70.81583862538601,51.91687268841697,17
LSTM-NN,2,train,2019,B37,46.69513075106074,34.34004607022098,17
LSTM-NN,2,train,2019,B46,42.22316765391786,30.17111639754544,16
LSTM-NN,2,train,2019,B57,46.28996013764028,31.13287008675629,17
LSTM-NN,2,train,2019,B65,31.471970305781245,22.333311031639823,17
LSTM-NN,2,train,2019,B66,51.135949614620564,40.10764675091696,17
LSTM-NN,2,train,2019,B68,46.27721465581496,37.10703939859524,17
LSTM-NN,2,train,2019,B70,37.42021722698951,24.882752790298802,17
LSTM-NN,2,train,2019,B75,51.23798810784689,34.50657641911355,16
LSTM-NN,2,train,2019,B76,30.867542711286042,24.675285316398345,17
LSTM-NN,2,train,2019,B77,43.23426031844215,32.32123910404239,17
LSTM-NN,2,train,2019,B79,49.91222461513708,38.47562408894959,17
LSTM-NN,2,train,2019,B84,35.84247185473233,27.480330932512903,17
LSTM-NN,2,train,2019,B85,29.826838171965004,22.600816027166903,17
LSTM-NN,2,train,2019,B87,29.522944568133322,23.645848947220315,17
LSTM-NN,2,train,2019,B88,33.307305580800836,24.541687001790113,17
LSTM-NN,2,train,2019,B91,37.397763028846995,28.884598913736454,17
LSTM-NN,2,train,2019,B97,59.93105818569928,39.988000622395326,17
LSTM-NN,2,train,2019,BEI 10 = NORTH 10,32.08892618126629,25.051741361538234,17
LSTM-NN,2,train,2019,BO9,34.32231993296808,24.709635866854825,17
LSTM-NN,2,train,2019,C103,39.699764672431975,23.063411489318916,17
LSTM-NN,2,train,2019,C123,22.50157784055472,16.482135798030576,17
LSTM-NN,2,train,2019,CA-4,34.586999469920755,23.436742474756496,17
LSTM-NN,2,train,2019,CG102,51.667525576389416,38.66248985686701,17
LSTM-NN,2,train,2019,CH157,32.7861265903983,26.695488351636502,16
LSTM-NN,2,train,2019,CH701-30,21.2881710725534,15.487700250839126,17
LSTM-NN,2,train,2019,CH711-10,31.585357031234054,19.809248991811266,16
LSTM-NN,2,train,2019,CH9,24.296188307674683,19.646420691635253,17
LSTM-NN,2,train,2019,CI 40H,42.549689376035126,32.94450079258881,17
LSTM-NN,2,train,2019,CM105,51.086835243155264,42.9733491127412,17
LSTM-NN,2,train,2019,CO257,29.66790049126655,20.232119413143483,16
LSTM-NN,2,train,2019,CO258,43.47814165236178,26.989947927383263,16
LSTM-NN,2,train,2019,CQ702RC,26.832031167575938,22.148015842911683,17
LSTM-NN,2,train,2019,CR 22 INBRED,39.100125089742576,26.184399184789992,17
LSTM-NN,2,train,2019,CS405,30.244033860101705,21.857391231775107,17
LSTM-NN,2,train,2019,DE2,39.515536001585986,28.528687654259997,17
LSTM-NN,2,train,2019,DE4,21.400822780269067,16.143788577648788,17
LSTM-NN,2,train,2019,DE811,64.28832984603994,52.510053437408686,16
LSTM-NN,2,train,2019,DJ7,45.47563700602459,33.483389127238326,17
LSTM-NN,2,train,2019,DK3IIH6,36.42932066840584,26.66195319194537,17
LSTM-NN,2,train,2019,DK4676A,43.4967529555555,32.476913686718134,17
LSTM-NN,2,train,2019,DK78002A,31.271394933415397,24.592991566501794,17
LSTM-NN,2,train,2019,DK78010,22.406403152543668,17.588865744921097,17
LSTM-NN,2,train,2019,DKFAPW,26.2000979684814,18.560322731571187,17
LSTM-NN,2,train,2019,DKFBHJ,43.83389005400874,33.20963190414665,17
LSTM-NN,2,train,2019,DKMBNA,46.84647013047825,31.217909235906838,17
LSTM-NN,2,train,2019,DKPB80,37.51405271642724,26.891515907353217,17
LSTM-NN,2,train,2019,E8501,26.425247769961853,17.29408039257656,17
LSTM-NN,2,train,2019,EAST 028,43.72532084233844,29.80666449086181,17
LSTM-NN,2,train,2019,Eng-Li Chih,38.01082763325574,27.672226578505093,17
LSTM-NN,2,train,2019,F118,39.547985417479886,26.754252269133637,17
LSTM-NN,2,train,2019,F2834T,31.889378187246482,25.7488565898279,17
LSTM-NN,2,train,2019,FBLA,30.224431647461916,25.000439479939264,17
LSTM-NN,2,train,2019,FR19,137.94556634604078,95.72566461768196,17
LSTM-NN,2,train,2019,G80,24.397076161509936,18.207782994864445,17
LSTM-NN,2,train,2019,H110,46.69780712996164,32.8812735290785,17
LSTM-NN,2,train,2019,H113,39.75119032146236,25.20771382721995,15
LSTM-NN,2,train,2019,H121,42.43979461680207,27.60467844945336,17
LSTM-NN,2,train,2019,H122w,37.08675909140652,23.91822072589964,17
LSTM-NN,2,train,2019,H42,22.443080415487263,16.28666183793917,16
LSTM-NN,2,train,2019,H5,39.46423514819061,26.108325081803724,17
LSTM-NN,2,train,2019,H71,36.03267192131714,26.452227495398503,17
LSTM-NN,2,train,2019,H84,23.206436394360065,19.02252147634409,17
LSTM-NN,2,train,2019,H91,36.717604888945054,27.084715737772868,17
LSTM-NN,2,train,2019,H95,34.05012079246675,20.018764930432287,15
LSTM-NN,2,train,2019,H96,72.28287269715162,56.031581041251656,15
LSTM-NN,2,train,2019,H99,17.55687303930335,12.716770221168101,17
LSTM-NN,2,train,2019,HP301,39.834434775356634,31.149030282951465,17
LSTM-NN,2,train,2019,HUANYAO,47.279133114901086,30.433952860806205,17
LSTM-NN,2,train,2019,I29,47.18957118129332,35.878597050899,16
LSTM-NN,2,train,2019,IA2132,30.684385195656215,21.19797450364998,17
LSTM-NN,2,train,2019,IBB14,31.665612609223245,24.483756490243657,17
LSTM-NN,2,train,2019,IBB15,22.20865019930344,17.74456102589489,17
LSTM-NN,2,train,2019,IBC2,35.50732365984432,28.902210074998088,16
LSTM-NN,2,train,2019,ICI 193,35.95924650468028,28.581489779165086,17
LSTM-NN,2,train,2019,ICI 740,31.307116290173248,26.009337579584734,17
LSTM-NN,2,train,2019,ICI 893,23.89909331435636,18.565778649613954,17
LSTM-NN,2,train,2019,ICI 986,27.300629909243167,20.448118287094804,17
LSTM-NN,2,train,2019,IDS28,49.458799677713415,35.21312749600064,17
LSTM-NN,2,train,2019,IDS69,20.069259703645756,17.882829022674883,16
LSTM-NN,2,train,2019,IDS91,44.397244910713695,33.8375301072796,17
LSTM-NN,2,train,2019,INB 101LFY/LFY (A632 X M16 S5),39.473407098084444,25.77773972318714,17
LSTM-NN,2,train,2019,INBRED 141,62.314873069111535,47.5510929134936,15
LSTM-NN,2,train,2019,INBRED 2-687,34.081515590609904,23.140641247279117,17
LSTM-NN,2,train,2019,INBRED 305,23.831748133373825,17.005448495710027,16
LSTM-NN,2,train,2019,INBRED 309,21.990190955320198,17.90155924556524,17
LSTM-NN,2,train,2019,INBRED 321,53.55837293850529,39.2301992747002,15
LSTM-NN,2,train,2019,Ia 453,23.257875131200574,17.84140395445578,17
LSTM-NN,2,train,2019,J47,57.003219598262625,38.36572206753237,17
LSTM-NN,2,train,2019,K150,47.23505283535266,36.53317985202439,17
LSTM-NN,2,train,2019,K41,34.13790678265788,25.370138872325263,17
LSTM-NN,2,train,2019,K47,54.8104916759113,37.801222188323095,16
LSTM-NN,2,train,2019,K55,39.49716937310494,23.764955386785626,17
LSTM-NN,2,train,2019,KUNG-70,24.893698959209786,19.44683179490284,17
LSTM-NN,2,train,2019,L 127,40.94155641120465,31.846870334974362,17
LSTM-NN,2,train,2019,L 135,27.36279375576238,21.867474752637204,17
LSTM-NN,2,train,2019,L 139,34.912887286949896,26.398402337947665,17
LSTM-NN,2,train,2019,L 155,28.607679579653183,19.97159076220151,17
LSTM-NN,2,train,2019,L 289,54.409531718914316,38.03295744644338,17
LSTM-NN,2,train,2019,LH1,23.315027393638037,18.619320930324907,17
LSTM-NN,2,train,2019,LH119,26.15512999322647,20.868644194959383,16
LSTM-NN,2,train,2019,LH128,40.6518533825362,28.97251953428551,17
LSTM-NN,2,train,2019,LH143 (Maintainer),33.11470697288854,26.553008850114338,17
LSTM-NN,2,train,2019,LH145,36.70353680486083,24.529445875008204,17
LSTM-NN,2,train,2019,LH146Ht,32.02814310676607,26.277064578732123,16
LSTM-NN,2,train,2019,LH149,31.24660067272206,24.53441327488703,17
LSTM-NN,2,train,2019,LH165,30.222118352129012,22.501609467960325,17
LSTM-NN,2,train,2019,LH166,21.385166118020532,16.968736105346032,16
LSTM-NN,2,train,2019,LH172,22.865774911313984,17.409527006515944,16
LSTM-NN,2,train,2019,LH184,39.32906515539169,27.130868726083342,17
LSTM-NN,2,train,2019,LH185,39.370122845050794,28.6298846486879,15
LSTM-NN,2,train,2019,LH190,30.556429613938015,21.120199882158953,17
LSTM-NN,2,train,2019,LH191,35.14392627180255,26.16030650960896,16
LSTM-NN,2,train,2019,LH192,34.28754305781784,26.58833567029506,17
LSTM-NN,2,train,2019,LH194,19.612840632243916,15.60589769014883,17
LSTM-NN,2,train,2019,LH195,28.85420078147282,20.808506703427984,17
LSTM-NN,2,train,2019,LH197,41.14113528658958,29.094518177700184,17
LSTM-NN,2,train,2019,LH198,29.335847584095298,21.797987883002335,17
LSTM-NN,2,train,2019,LH199,28.656820572389435,22.32269932087588,17
LSTM-NN,2,train,2019,LH202,35.814701606747036,24.08469694538894,17
LSTM-NN,2,train,2019,LH204,24.32079949229823,16.131947234660508,17
LSTM-NN,2,train,2019,LH205,48.840194134011405,31.174452775868872,17
LSTM-NN,2,train,2019,LH206,28.87241909085293,21.718688331172626,16
LSTM-NN,2,train,2019,LH208,46.436289587166875,37.16984056823573,16
LSTM-NN,2,train,2019,LH209,25.07454868913074,17.854734808299348,17
LSTM-NN,2,train,2019,LH213,51.97389623716636,34.2405578201145,16
LSTM-NN,2,train,2019,LH214,33.95722078610117,22.86262170799834,17
LSTM-NN,2,train,2019,LH215,56.84890026916024,47.24778200884653,15
LSTM-NN,2,train,2019,LH222,32.42289988550174,26.688779144460472,17
LSTM-NN,2,train,2019,LH223,38.83275014814611,32.089948434104514,16
LSTM-NN,2,train,2019,LH224,45.65306976223073,35.212650512825704,16
LSTM-NN,2,train,2019,LH295,25.771558165645637,17.852869853315713,17
LSTM-NN,2,train,2019,LH59,31.626361534559152,25.593425787106845,17
LSTM-NN,2,train,2019,LH60,41.48213113619783,30.002700467240288,17
LSTM-NN,2,train,2019,LH61,21.173509792152654,16.394563670700954,16
LSTM-NN,2,train,2019,LH74,24.984062264095016,19.557544116358173,17
LSTM-NN,2,train,2019,LH82,26.64992073905122,20.513407235245587,17
LSTM-NN,2,train,2019,LH93,32.944199128569174,25.521143688981972,17
LSTM-NN,2,train,2019,LIBC 4,28.671218874346565,22.24526430479344,17
LSTM-NN,2,train,2019,LP1 NR HT,37.897138005679125,26.22555027605824,17
LSTM-NN,2,train,2019,LP5,51.64251809828111,40.13823567917002,16
LSTM-NN,2,train,2019,Lp215D,36.29735181693284,26.29483198339632,17
LSTM-NN,2,train,2019,M14,27.11573526992757,19.048387449462112,17
LSTM-NN,2,train,2019,MBPM,33.684490812651816,25.889726906481044,17
LSTM-NN,2,train,2019,MBWZ,50.93906167262736,35.636391783904706,17
LSTM-NN,2,train,2019,MEF156-55-2,31.09077937701505,25.953408969573704,16
LSTM-NN,2,train,2019,ML606,41.06266750691687,30.72351582173911,17
LSTM-NN,2,train,2019,MM501D,54.1325165628683,28.179347912760498,17
LSTM-NN,2,train,2019,MQ305,32.2931806375756,28.397453677010173,16
LSTM-NN,2,train,2019,MS116,43.55810645733165,33.654385217780415,16
LSTM-NN,2,train,2019,MS132,29.788672424764783,20.926118265912596,17
LSTM-NN,2,train,2019,MS153,24.250396044271316,19.286726243239148,17
LSTM-NN,2,train,2019,MS200,34.017971079746204,28.07082050747935,17
LSTM-NN,2,train,2019,MS211,26.43043525211674,19.403781059836646,17
LSTM-NN,2,train,2019,MS221,27.7032498449467,23.345690470025176,17
LSTM-NN,2,train,2019,MS224,57.788617384767946,46.09944817625303,15
LSTM-NN,2,train,2019,MS225,35.238546497961245,26.421414629048794,17
LSTM-NN,2,train,2019,MS226,34.081297188998974,22.342526853016928,17
LSTM-NN,2,train,2019,MS24A,22.029038724127062,15.6130344824783,17
LSTM-NN,2,train,2019,MS67,73.9416772994874,52.313047180396836,16
LSTM-NN,2,train,2019,MS71,26.978477162520782,21.169407019335857,17
LSTM-NN,2,train,2019,MS72,31.893176923770994,24.693438107081732,17
LSTM-NN,2,train,2019,Mo46,32.66484456462445,23.342782431019565,16
LSTM-NN,2,train,2019,Mo47,28.82767433576907,22.805332843691136,17
LSTM-NN,2,train,2019,Mo5,44.40875966739454,28.413188911273693,16
LSTM-NN,2,train,2019,N192,20.74645605103691,16.415431699576718,17
LSTM-NN,2,train,2019,N193,17.25777257930039,13.377833805543807,17
LSTM-NN,2,train,2019,N201,39.648320792840906,31.710553835541045,17
LSTM-NN,2,train,2019,N211,47.99425899939807,29.897450579958587,17
LSTM-NN,2,train,2019,N217,64.71115816775796,47.238140856609775,17
LSTM-NN,2,train,2019,N28Ht,57.41143132122904,41.31509902404372,17
LSTM-NN,2,train,2019,N501,38.2531255859282,31.695145126511658,16
LSTM-NN,2,train,2019,N523,49.5743275365659,37.212329149265756,17
LSTM-NN,2,train,2019,N527,34.7431020669698,24.979795706581967,17
LSTM-NN,2,train,2019,N534,55.884356779220326,39.35671767258001,17
LSTM-NN,2,train,2019,N542,43.76931617136971,32.791640890970214,17
LSTM-NN,2,train,2019,N6,33.13249454454385,25.392205749498295,17
LSTM-NN,2,train,2019,NC262,26.69015273947565,19.12521448897415,16
LSTM-NN,2,train,2019,NC294,22.067918828948816,17.78655978912826,17
LSTM-NN,2,train,2019,NC310,29.06065185436424,23.839671068137534,17
LSTM-NN,2,train,2019,NC326,30.816661566215803,22.974877585864956,17
LSTM-NN,2,train,2019,NC328,44.1916797841658,27.709987556865567,17
LSTM-NN,2,train,2019,NC368,50.394112703091764,30.276008999622306,16
LSTM-NN,2,train,2019,NC412,30.063431812310938,24.019219885483803,15
LSTM-NN,2,train,2019,ND247,18.252286444250544,13.779243821015209,15
LSTM-NN,2,train,2019,ND265,29.27256739372986,22.99117538741191,17
LSTM-NN,2,train,2019,NK740,43.10338439661546,29.423876970506953,17
LSTM-NN,2,train,2019,NK778,33.78788119202583,21.81145278467772,16
LSTM-NN,2,train,2019,NK807,24.373282959628675,18.971661541738467,17
LSTM-NN,2,train,2019,NKS8326,44.91638213323736,33.52312602645804,17
LSTM-NN,2,train,2019,NORTH 7,37.839166148496936,29.06354135399886,17
LSTM-NN,2,train,2019,NQ508,37.41413747567907,30.02906971564214,17
LSTM-NN,2,train,2019,NS501,23.48391222177157,16.842732155598696,17
LSTM-NN,2,train,2019,NS701,47.084427455588155,37.54190354934378,17
LSTM-NN,2,train,2019,NY 166 (Neveh Yaar),27.242436917113178,21.965833831529565,17
LSTM-NN,2,train,2019,NY6371,45.14217407587345,28.825025378957577,17
LSTM-NN,2,train,2019,Ny821,26.63439953453973,20.81600715335498,17
LSTM-NN,2,train,2019,OH33,58.28085945130975,48.580625568087704,17
LSTM-NN,2,train,2019,OQ403,32.84153938643558,23.276772611935513,17
LSTM-NN,2,train,2019,OQ603,33.6688699054737,27.274291066224524,17
LSTM-NN,2,train,2019,OS602,25.180000885567527,20.880728718993275,17
LSTM-NN,2,train,2019,Oh40B,28.524629249804377,22.762019355230375,17
LSTM-NN,2,train,2019,Oh43,22.105112652381877,15.931334730429633,17
LSTM-NN,2,train,2019,Oh7,96.04867059438428,76.61681679441865,15
LSTM-NN,2,train,2019,Os420,51.38048256458724,35.521120470655035,17
LSTM-NN,2,train,2019,Os426,50.88050063657882,32.31874955875029,17
LSTM-NN,2,train,2019,PHB09,21.819766756492772,16.447245941919597,17
LSTM-NN,2,train,2019,PHB47,29.035274734014713,22.906722306737365,17
LSTM-NN,2,train,2019,PHBA6,58.47347105185331,46.70942103999996,17
LSTM-NN,2,train,2019,PHBB3,33.2193178367627,25.459976960206685,17
LSTM-NN,2,train,2019,PHBW8,59.453868503412636,43.59539715274899,15
LSTM-NN,2,train,2019,PHG29,39.494250755016374,30.09953668801941,17
LSTM-NN,2,train,2019,PHG47,55.224122699216544,41.87719407964032,17
LSTM-NN,2,train,2019,PHG50,38.57411264848686,30.837066684789615,17
LSTM-NN,2,train,2019,PHG71,29.667446999525843,24.180296251209228,17
LSTM-NN,2,train,2019,PHG72,22.616268672453913,15.024675299002775,17
LSTM-NN,2,train,2019,PHG80,53.45389103365113,44.86349584160149,17
LSTM-NN,2,train,2019,PHG83,34.21201980444954,25.188271072606458,17
LSTM-NN,2,train,2019,PHG86,51.434413534465136,39.48586448160771,16
LSTM-NN,2,train,2019,PHGW7,29.168375401754542,23.268698742492433,17
LSTM-NN,2,train,2019,PHH93,22.078461697186153,18.351259859688895,17
LSTM-NN,2,train,2019,PHHV4,29.431805903554704,20.345103816001487,17
LSTM-NN,2,train,2019,PHJ70,50.600036193777726,37.41393613005712,17
LSTM-NN,2,train,2019,PHJ89,31.014983909966784,23.02486953350923,17
LSTM-NN,2,train,2019,PHJ90,26.431454702942627,19.376794563751734,16
LSTM-NN,2,train,2019,PHJR5,57.10917602035274,41.688261548333365,17
LSTM-NN,2,train,2019,PHK35,38.99898666154154,28.589078963462384,17
LSTM-NN,2,train,2019,PHK42,23.379860310204105,20.392000601485066,17
LSTM-NN,2,train,2019,PHK56,45.79528406709472,33.6021350714461,17
LSTM-NN,2,train,2019,PHK74,35.04161452482311,28.283726171713603,17
LSTM-NN,2,train,2019,PHKE6,23.319258641498596,15.114025443672986,17
LSTM-NN,2,train,2019,PHM10,45.92909722454692,32.70125609491797,16
LSTM-NN,2,train,2019,PHN11,22.21213653822454,18.173960825960723,17
LSTM-NN,2,train,2019,PHN29,42.73845760243588,31.469366342670718,17
LSTM-NN,2,train,2019,PHN66,30.815384871236805,25.00543828062151,16
LSTM-NN,2,train,2019,PHP02,25.290502712803114,16.878615530015622,17
LSTM-NN,2,train,2019,PHP55,44.61272537058032,34.84328781515014,17
LSTM-NN,2,train,2019,PHP76,30.008522603589256,23.667392617415103,17
LSTM-NN,2,train,2019,PHP85,23.384651903761878,19.105445278599976,17
LSTM-NN,2,train,2019,PHPR5,34.43052894244948,23.07797735957951,16
LSTM-NN,2,train,2019,PHR03,57.810882312758096,41.054935791491985,17
LSTM-NN,2,train,2019,PHR30,30.639237681243156,23.02802353249861,17
LSTM-NN,2,train,2019,PHR31,39.73638037548661,29.477636966649147,17
LSTM-NN,2,train,2019,PHR36,35.790259844912384,24.117790265890363,17
LSTM-NN,2,train,2019,PHR47,50.99230639750349,38.00040726461462,17
LSTM-NN,2,train,2019,PHR58,36.64759086549217,26.598196816213214,16
LSTM-NN,2,train,2019,PHR63,32.18200894357212,25.723151220170603,17
LSTM-NN,2,train,2019,PHT10,43.57362192060166,29.701618424320532,17
LSTM-NN,2,train,2019,PHT47,39.95807615951776,29.673697953471084,17
LSTM-NN,2,train,2019,PHT55,55.51258929752646,43.114046368624614,17
LSTM-NN,2,train,2019,PHTM9,38.00306694049389,30.284750041809925,17
LSTM-NN,2,train,2019,PHV37,25.225295970142746,19.350249128274715,17
LSTM-NN,2,train,2019,PHV57,23.525274179888306,20.52514317023459,17
LSTM-NN,2,train,2019,PHV63,56.178270105124135,42.62162657550523,17
LSTM-NN,2,train,2019,PHVA9,32.779534655019,25.66118578623713,17
LSTM-NN,2,train,2019,PHW03,32.36397231221157,26.388221458424418,17
LSTM-NN,2,train,2019,PHW17,39.25464199302722,30.668015635354248,17
LSTM-NN,2,train,2019,PHW20,34.96119174455886,22.414692331564417,17
LSTM-NN,2,train,2019,PHW30,50.593265690530664,40.777020356984316,15
LSTM-NN,2,train,2019,PHW52,21.25446447283766,16.930822387201147,17
LSTM-NN,2,train,2019,PHW53,37.88793387864201,22.827627917204435,16
LSTM-NN,2,train,2019,PHW79,58.89435852195896,45.38485266670374,15
LSTM-NN,2,train,2019,PHW80,33.08619709755806,24.1780941822788,17
LSTM-NN,2,train,2019,PHW86,25.49197645629305,20.481616565964373,17
LSTM-NN,2,train,2019,PHZ51,50.898412147462686,37.956422997976624,17
LSTM-NN,2,train,2019,Pa392,38.351690215755994,28.35505538152498,17
LSTM-NN,2,train,2019,Pa405,28.510467882582418,18.516382927943795,17
LSTM-NN,2,train,2019,Pa762,17.395792125806047,13.080252649756531,17
LSTM-NN,2,train,2019,Pa875,49.47054975681792,38.775405780460034,17
LSTM-NN,2,train,2019,Pa880,59.361169768465786,45.22206108284894,17
LSTM-NN,2,train,2019,Pa91,34.67963931681058,29.612678795894794,17
LSTM-NN,2,train,2019,Q381,38.35148594132078,31.89039042311371,17
LSTM-NN,2,train,2019,R168,30.465268377999124,25.276775940947893,17
LSTM-NN,2,train,2019,R181B,39.64428331214869,28.341380705952854,17
LSTM-NN,2,train,2019,R226,50.16082068620443,34.43458707972849,17
LSTM-NN,2,train,2019,R227,41.400391387893535,31.731200196185597,17
LSTM-NN,2,train,2019,R71,36.24749053413308,21.5175142538474,17
LSTM-NN,2,train,2019,R78,38.264271975212075,31.080560971833293,16
LSTM-NN,2,train,2019,S8326,46.83115832876353,33.082570597575256,15
LSTM-NN,2,train,2019,SD101,22.75460891737124,19.403913298963023,17
LSTM-NN,2,train,2019,SD102,27.658828578711027,21.627042555994446,17
LSTM-NN,2,train,2019,SD107,42.57794315822377,31.90636030995745,17
LSTM-NN,2,train,2019,SD40,22.82503437680003,18.23857286310522,17
LSTM-NN,2,train,2019,SD44,29.09985363117557,21.604975870472316,17
LSTM-NN,2,train,2019,SG 30A,33.398592963749856,22.912359143237072,17
LSTM-NN,2,train,2019,Seagull Seventeen,51.22313694571594,31.141528335751754,16
LSTM-NN,2,train,2019,T242,34.1264008295757,26.30042824739885,15
LSTM-NN,2,train,2019,TZU-CHIAO-HSI-WU 105,37.47279205884884,27.087180751748768,17
LSTM-NN,2,train,2019,Tr,34.57392386261524,24.46362605384286,17
LSTM-NN,2,train,2019,Va26,72.05209118046764,54.03923316782338,16
LSTM-NN,2,train,2019,Va35,31.156511542239127,21.126503088865025,17
LSTM-NN,2,train,2019,Va52,38.43816031445503,30.47507700116554,16
LSTM-NN,2,train,2019,Va59,39.08669974916222,27.31797731570092,17
LSTM-NN,2,train,2019,Va99,31.924272245418262,22.888331102324702,17
LSTM-NN,2,train,2019,VaW6,24.458695500863826,17.79565803267344,17
LSTM-NN,2,train,2019,W117Ht,43.71204882234371,30.229500930092442,16
LSTM-NN,2,train,2019,W153R,32.52678382644629,22.08879925794854,17
LSTM-NN,2,train,2019,W22,45.0634797858832,30.53634322071833,17
LSTM-NN,2,train,2019,W23,41.597381907398855,27.479722057578883,17
LSTM-NN,2,train,2019,W24,52.95596296600183,39.551616212798976,16
LSTM-NN,2,train,2019,W32,31.373258891228016,23.366728948427042,17
LSTM-NN,2,train,2019,W37A,29.511978318082974,24.01978092435125,15
LSTM-NN,2,train,2019,W552,42.03382232174946,30.58064562786325,17
LSTM-NN,2,train,2019,W603S,39.971537249229286,24.33708304798648,15
LSTM-NN,2,train,2019,W604S,33.05510828067956,25.288690877884758,17
LSTM-NN,2,train,2019,W605S,37.481510864421914,27.248909490775926,17
LSTM-NN,2,train,2019,W607S,36.03292460474084,24.408682421694195,17
LSTM-NN,2,train,2019,W610S,35.45560068728138,25.803578278247166,16
LSTM-NN,2,train,2019,W612S,40.21045741187921,31.417426838501555,17
LSTM-NN,2,train,2019,W614S,38.0921162913667,29.223800897166957,17
LSTM-NN,2,train,2019,W64A,25.572066514117072,17.17371059022714,17
LSTM-NN,2,train,2019,W701BC,28.759706728324513,19.293487687265735,17
LSTM-NN,2,train,2019,W809G,67.51313239757714,48.7053878175926,17
LSTM-NN,2,train,2019,W810G,37.75964793995682,29.440029692316713,17
LSTM-NN,2,train,2019,W812G,49.526183300175056,28.444248947403537,17
LSTM-NN,2,train,2019,W813G,29.53207432531846,21.88850748151184,17
LSTM-NN,2,train,2019,W814G,45.287496978425764,33.95210074481041,17
LSTM-NN,2,train,2019,W8304,32.08248647941396,25.16120469402754,17
LSTM-NN,2,train,2019,W9,23.461948083928213,16.295922793105063,17
LSTM-NN,2,train,2019,WIL900,50.131158183858794,37.18871737412508,17
LSTM-NN,2,train,2019,WR3,34.20535923361533,21.222316277098404,17
LSTM-NN,2,train,2019,WU-TAN-TZAO,42.112192548697905,31.18565557396696,16
LSTM-NN,2,train,2019,YE 4,44.57831504883117,28.26260796653409,17
LSTM-NN,2,train,2019,YING-55,56.16477650606323,42.35177788102688,17
LSTM-NN,2,train,2019,Yu796 NS,33.13267211423245,22.241384907118096,17
LSTM-NN,2,train,2019,ZS635,45.45570275283471,36.22730845291914,17
LSTM-NN,2,val,2020,1538,37.78494447432504,32.44403842661959,5
LSTM-NN,2,val,2020,2369,101.87879467913379,80.89739109275699,6
LSTM-NN,2,val,2020,29MIBZ2,37.51975866426511,29.36998443407267,7
LSTM-NN,2,val,2020,2FACC,52.77682706228525,43.825620480622355,7
LSTM-NN,2,val,2020,2FADB,36.969097561190644,26.930634075306504,7
LSTM-NN,2,val,2020,2MA22,35.85510448883019,27.369913452289847,7
LSTM-NN,2,val,2020,2MCDB,37.7172493347835,30.79094087896623,6
LSTM-NN,2,val,2020,3IJI1,25.283965538525962,17.92522998073876,7
LSTM-NN,2,val,2020,4226,31.1230309953341,24.466450741815272,7
LSTM-NN,2,val,2020,4F-306 108,30.520205441779023,24.808566695162504,7
LSTM-NN,2,val,2020,4N506,35.4275297079218,29.829211549384297,6
LSTM-NN,2,val,2020,6F629,37.36433709918011,33.547561106519844,7
LSTM-NN,2,val,2020,6M502,40.24648080778534,32.33555331869378,7
LSTM-NN,2,val,2020,6M502A,49.32970179155323,40.387044725662626,7
LSTM-NN,2,val,2020,764,21.623520365580895,19.095320429588558,7
LSTM-NN,2,val,2020,78010,27.105145763842202,22.631059608184398,7
LSTM-NN,2,val,2020,78551S,32.77730451802599,25.785449209497123,7
LSTM-NN,2,val,2020,790,27.147327159126057,23.379042081192882,7
LSTM-NN,2,val,2020,793,71.0543521383528,60.49944102651045,7
LSTM-NN,2,val,2020,87916W,35.87088429361018,27.205394645657837,7
LSTM-NN,2,val,2020,911,34.50158266831526,25.938201745539313,7
LSTM-NN,2,val,2020,912,42.23169194849418,33.07272553059787,7
LSTM-NN,2,val,2020,91IFC2,43.4131593543691,34.10206607888512,6
LSTM-NN,2,val,2020,A,35.13154627690819,25.72954406474412,7
LSTM-NN,2,val,2020,A208,38.201012873602025,31.325039656653107,7
LSTM-NN,2,val,2020,A239,36.83932322108442,28.532079820570353,7
LSTM-NN,2,val,2020,A258,36.17557779865042,31.87526919386834,7
LSTM-NN,2,val,2020,A272,42.20043981906172,35.28588423128799,7
LSTM-NN,2,val,2020,A305,28.02606999390186,25.04856789629236,7
LSTM-NN,2,val,2020,A321,30.03678899003874,21.56344695312873,7
LSTM-NN,2,val,2020,A322,34.45418715196116,25.350786511231366,7
LSTM-NN,2,val,2020,A334,41.45097658332313,31.97482077946633,7
LSTM-NN,2,val,2020,A340,40.2537456343223,32.27738800740659,7
LSTM-NN,2,val,2020,A374,29.763908674472074,23.365559275558148,7
LSTM-NN,2,val,2020,A385,31.006486855360276,23.496901201892943,7
LSTM-NN,2,val,2020,A427,54.024048810771006,39.54143851091624,7
LSTM-NN,2,val,2020,A548,36.89500562557551,25.659025565651355,7
LSTM-NN,2,val,2020,A556,27.737561498483956,23.689794500374944,6
LSTM-NN,2,val,2020,A572,70.99474622941982,49.53796100400613,7
LSTM-NN,2,val,2020,A619,35.32951737385388,26.491153629142193,7
LSTM-NN,2,val,2020,A627,63.20682854275655,46.11796180726559,7
LSTM-NN,2,val,2020,A632,30.367462989882366,26.079786098717452,7
LSTM-NN,2,val,2020,A634,38.52848558093935,33.45260292774349,7
LSTM-NN,2,val,2020,A635,54.7981280170111,46.70762743391141,7
LSTM-NN,2,val,2020,A641,62.38291617234589,41.62837649869323,7
LSTM-NN,2,val,2020,A648,17.557036300812328,13.850754323459118,7
LSTM-NN,2,val,2020,A649,94.69907767934025,72.2775379284203,7
LSTM-NN,2,val,2020,A659,28.860885924777406,23.741186293628367,7
LSTM-NN,2,val,2020,A663,60.56922131386124,49.54511711200923,7
LSTM-NN,2,val,2020,A672,28.48188077303012,21.326276079983717,7
LSTM-NN,2,val,2020,A674,53.11120200017469,46.5425594105351,7
LSTM-NN,2,val,2020,A679,38.82284154432062,32.56460741997108,7
LSTM-NN,2,val,2020,A680,45.4362124351371,35.241337168069926,6
LSTM-NN,2,val,2020,A682,18.530652073825095,15.473030742783397,7
LSTM-NN,2,val,2020,A71,44.426723561188496,38.09773339987144,7
LSTM-NN,2,val,2020,A73,50.61951172851832,40.64662969266817,7
LSTM-NN,2,val,2020,AQA3,42.913422180804005,33.85104850522578,7
LSTM-NN,2,val,2020,AS6103,43.78246326144285,34.993883840420544,6
LSTM-NN,2,val,2020,AusTRCF 306238,65.14250154168717,53.42148656611517,7
LSTM-NN,2,val,2020,B-18 INBR.FR.SUPERGOLD,46.11067034944238,42.21794298706233,7
LSTM-NN,2,val,2020,B-28,19.351818522878144,15.643800846104174,7
LSTM-NN,2,val,2020,B103,23.22858155851856,16.538534033190608,7
LSTM-NN,2,val,2020,B104,29.736495182701212,19.792612058849482,7
LSTM-NN,2,val,2020,B105,64.74188987556462,54.86989717694707,6
LSTM-NN,2,val,2020,B107,38.18821989149014,29.404063876067625,6
LSTM-NN,2,val,2020,B108,29.58722463180589,23.558155159209967,7
LSTM-NN,2,val,2020,B110,66.45668441807209,55.42395734580786,7
LSTM-NN,2,val,2020,B111,72.32371473447019,58.85108658602804,7
LSTM-NN,2,val,2020,B114,57.75177125705756,49.05849726856456,6
LSTM-NN,2,val,2020,B115,54.169834781267184,42.97701032954738,7
LSTM-NN,2,val,2020,B119,40.04606661960403,22.965798835954963,7
LSTM-NN,2,val,2020,B120,21.69324711337832,19.324173461684886,7
LSTM-NN,2,val,2020,B121,54.38632910724451,38.98358416971356,7
LSTM-NN,2,val,2020,B14,77.20879931882064,69.13662252214083,6
LSTM-NN,2,val,2020,B14A,26.700914351629752,18.74362653960019,6
LSTM-NN,2,val,2020,B164,24.232127878621327,18.720012701930703,7
LSTM-NN,2,val,2020,B2,31.061774087725603,26.730501355433912,7
LSTM-NN,2,val,2020,B37,34.078791498298976,26.962649222558145,7
LSTM-NN,2,val,2020,B46,30.423551453277593,21.588535065406337,6
LSTM-NN,2,val,2020,B57,34.42760534709322,26.43441348876268,7
LSTM-NN,2,val,2020,B65,38.93660127354578,30.155558931477067,7
LSTM-NN,2,val,2020,B66,28.589441692350473,24.701436383931043,7
LSTM-NN,2,val,2020,B68,50.61594322532935,43.86119483163983,7
LSTM-NN,2,val,2020,B70,81.15064019915197,59.08339735642388,7
LSTM-NN,2,val,2020,B75,44.64503984660033,34.99722615011618,7
LSTM-NN,2,val,2020,B76,15.62732750497861,13.21122819431305,7
LSTM-NN,2,val,2020,B77,26.633638014779734,19.096051632559153,7
LSTM-NN,2,val,2020,B79,31.28421234846377,27.20848181780092,6
LSTM-NN,2,val,2020,B84,38.07606951570761,31.03749909192458,7
LSTM-NN,2,val,2020,B85,52.784673761045276,41.59653682153702,7
LSTM-NN,2,val,2020,B87,18.766252902370294,15.701752521386593,7
LSTM-NN,2,val,2020,B88,57.39134927869003,42.79489703870505,7
LSTM-NN,2,val,2020,B91,41.88740468672733,37.364500189075024,7
LSTM-NN,2,val,2020,B97,43.048095635698566,29.415511244110014,7
LSTM-NN,2,val,2020,BEI 10 = NORTH 10,25.41779832313462,18.812101921374943,7
LSTM-NN,2,val,2020,BO9,41.67164927115226,35.95298988431856,5
LSTM-NN,2,val,2020,C103,37.65910488508266,24.777049488911107,6
LSTM-NN,2,val,2020,C123,28.59732168389564,21.506171093704552,7
LSTM-NN,2,val,2020,CA-4,38.099485325000664,32.66623997850448,7
LSTM-NN,2,val,2020,CG102,37.978824227222894,33.64209480591416,7
LSTM-NN,2,val,2020,CH157,68.91440761554945,56.58850861798481,7
LSTM-NN,2,val,2020,CH701-30,42.9572424454474,33.227584483515024,6
LSTM-NN,2,val,2020,CH711-10,27.95126640388527,22.19890562030152,7
LSTM-NN,2,val,2020,CH9,27.44240083156598,21.687016531655786,7
LSTM-NN,2,val,2020,CI 40H,42.34244357965424,31.30836348145679,6
LSTM-NN,2,val,2020,CM105,77.95153679238777,69.16281294655636,7
LSTM-NN,2,val,2020,CO257,34.07094012234872,26.445962865282297,7
LSTM-NN,2,val,2020,CO258,33.26672969165873,26.241699849317374,7
LSTM-NN,2,val,2020,CQ702RC,35.177564367526124,30.382284912284014,7
LSTM-NN,2,val,2020,CR 22 INBRED,58.82866852273665,53.16003565849273,5
LSTM-NN,2,val,2020,CS405,47.71012376462987,39.19481766152494,6
LSTM-NN,2,val,2020,DE2,44.93289582432127,37.5485829028982,6
LSTM-NN,2,val,2020,DE4,24.831025631089258,21.985876546572,7
LSTM-NN,2,val,2020,DE811,61.141347148391795,49.454180627144126,6
LSTM-NN,2,val,2020,DJ7,33.098602737617604,23.001239140851794,7
LSTM-NN,2,val,2020,DK3IIH6,27.644875300654846,23.82530116520807,7
LSTM-NN,2,val,2020,DK4676A,40.02108525057066,29.65008528395951,6
LSTM-NN,2,val,2020,DK78002A,22.895180937708314,20.466440497180674,7
LSTM-NN,2,val,2020,DK78010,24.699067951120334,23.13495526601091,7
LSTM-NN,2,val,2020,DKFAPW,43.4389505361455,37.569106232786176,7
LSTM-NN,2,val,2020,DKFBHJ,28.09136087858069,21.42551209867269,7
LSTM-NN,2,val,2020,DKMBNA,54.2401448378175,48.25603206011242,5
LSTM-NN,2,val,2020,DKPB80,70.6992193260489,60.805284471961855,7
LSTM-NN,2,val,2020,E8501,47.48165000759631,42.00744581803866,6
LSTM-NN,2,val,2020,EAST 028,63.98229401624478,52.85445797809303,7
LSTM-NN,2,val,2020,Eng-Li Chih,52.97722834281071,45.34497042399868,7
LSTM-NN,2,val,2020,F118,25.731619589420614,21.574408016118856,7
LSTM-NN,2,val,2020,F2834T,53.06814119101119,40.83053585037411,7
LSTM-NN,2,val,2020,FBLA,38.648796840103415,29.503818315025267,7
LSTM-NN,2,val,2020,FR19,43.02487207329429,33.74897517698317,7
LSTM-NN,2,val,2020,G80,42.169159198617024,38.09432173992589,7
LSTM-NN,2,val,2020,H110,41.25406771247839,27.967339790795442,7
LSTM-NN,2,val,2020,H113,41.554794797174786,36.402001568186144,7
LSTM-NN,2,val,2020,H121,9.907723084936118,8.93209250252366,7
LSTM-NN,2,val,2020,H122w,49.30777846147524,39.38460594607695,7
LSTM-NN,2,val,2020,H42,44.859480637049074,33.30813689326346,6
LSTM-NN,2,val,2020,H5,47.39837323109494,34.35083900060758,7
LSTM-NN,2,val,2020,H71,28.615796244736,22.212883574308975,6
LSTM-NN,2,val,2020,H84,60.26285761114747,44.678640655978924,7
LSTM-NN,2,val,2020,H91,23.91278219080121,17.89799860441759,7
LSTM-NN,2,val,2020,H95,47.559217139076324,38.04204840725407,7
LSTM-NN,2,val,2020,H96,27.881327978386672,21.25846270607561,7
LSTM-NN,2,val,2020,H99,44.16584486329778,33.92417718016774,7
LSTM-NN,2,val,2020,HP301,31.195362790901967,21.58941420006216,7
LSTM-NN,2,val,2020,HUANYAO,48.67789041537642,39.39158751486048,7
LSTM-NN,2,val,2020,I29,41.01533534615783,27.02628389483035,7
LSTM-NN,2,val,2020,IA2132,26.250419132816944,22.073586072772372,6
LSTM-NN,2,val,2020,IBB14,39.09074803345702,30.818202896617056,7
LSTM-NN,2,val,2020,IBB15,51.5987788181242,39.571198146012875,7
LSTM-NN,2,val,2020,IBC2,26.428667132330578,22.343732679460647,7
LSTM-NN,2,val,2020,ICI 193,42.83593602277339,34.57442420633778,7
LSTM-NN,2,val,2020,ICI 740,34.94767887695119,28.822951524484456,5
LSTM-NN,2,val,2020,ICI 893,21.847855522053383,17.971716989202797,7
LSTM-NN,2,val,2020,ICI 986,31.473208902541508,20.31494464351952,7
LSTM-NN,2,val,2020,IDS28,46.30669502304354,41.983618732229324,7
LSTM-NN,2,val,2020,IDS69,31.69507256671335,26.40931754161343,7
LSTM-NN,2,val,2020,IDS91,30.554522289753926,21.032838882260624,7
LSTM-NN,2,val,2020,INB 101LFY/LFY (A632 X M16 S5),62.06647165624058,55.38015451782212,7
LSTM-NN,2,val,2020,INBRED 141,43.511116475127395,34.87832770654321,7
LSTM-NN,2,val,2020,INBRED 2-687,35.69205701542634,26.120874415187163,6
LSTM-NN,2,val,2020,INBRED 305,25.18006184661823,20.018679445001187,7
LSTM-NN,2,val,2020,INBRED 309,48.3277992584718,34.53284206023611,6
LSTM-NN,2,val,2020,INBRED 321,19.837332874002037,14.990192892721742,7
LSTM-NN,2,val,2020,Ia 453,51.243554173253116,42.57037257925451,7
LSTM-NN,2,val,2020,J47,49.80787553790011,31.85188466194689,7
LSTM-NN,2,val,2020,K150,37.07209670627524,26.504779789655952,7
LSTM-NN,2,val,2020,K41,29.258910278028548,22.49229767054647,7
LSTM-NN,2,val,2020,K47,42.66628338574229,33.390224937852324,7
LSTM-NN,2,val,2020,K55,30.56059332466709,19.678888354058863,7
LSTM-NN,2,val,2020,KUNG-70,16.955046549320905,11.153113845977785,7
LSTM-NN,2,val,2020,L 127,39.44041898243572,28.94306383014992,7
LSTM-NN,2,val,2020,L 135,36.01109379014968,27.82212874535322,7
LSTM-NN,2,val,2020,L 139,17.928587445063016,16.984657286906465,6
LSTM-NN,2,val,2020,L 155,48.06759789746281,37.45436554614275,7
LSTM-NN,2,val,2020,L 289,37.946868339080616,36.34370872690916,7
LSTM-NN,2,val,2020,LH1,38.633715915284846,32.135951198048744,7
LSTM-NN,2,val,2020,LH119,33.34581863936355,26.0826140995127,7
LSTM-NN,2,val,2020,LH128,39.09886811325225,30.808836423937084,7
LSTM-NN,2,val,2020,LH143 (Maintainer),16.575743228501686,13.392704766082318,6
LSTM-NN,2,val,2020,LH145,47.222889562154414,40.80606917529121,7
LSTM-NN,2,val,2020,LH146Ht,80.90322636792574,61.487158470159166,7
LSTM-NN,2,val,2020,LH149,47.13950998076112,40.14287397650927,6
LSTM-NN,2,val,2020,LH165,41.735562791407176,36.541802673551,6
LSTM-NN,2,val,2020,LH166,39.92530209880804,32.24713361180216,7
LSTM-NN,2,val,2020,LH172,43.666957507590304,34.41592025393173,7
LSTM-NN,2,val,2020,LH184,40.89705125555668,24.89640553553134,7
LSTM-NN,2,val,2020,LH185,23.171003377430306,19.135232196572275,7
LSTM-NN,2,val,2020,LH190,18.836847892648287,15.604574669175,7
LSTM-NN,2,val,2020,LH191,23.95926903963696,18.72895422979072,7
LSTM-NN,2,val,2020,LH192,34.2247592336315,27.240566858313382,7
LSTM-NN,2,val,2020,LH194,33.904262126765175,20.879491981996,7
LSTM-NN,2,val,2020,LH195,42.724863583273496,32.26352121548876,7
LSTM-NN,2,val,2020,LH197,43.882881388174745,36.815143347957736,7
LSTM-NN,2,val,2020,LH198,45.98326684869038,36.749026029826105,7
LSTM-NN,2,val,2020,LH199,30.1596583257703,26.796227705713658,7
LSTM-NN,2,val,2020,LH202,20.009573614556107,14.778308517009975,5
LSTM-NN,2,val,2020,LH204,19.185970910245935,15.448928505591004,7
LSTM-NN,2,val,2020,LH205,40.19497740838467,31.45982303096026,7
LSTM-NN,2,val,2020,LH206,28.099924452013674,24.77449198511973,7
LSTM-NN,2,val,2020,LH208,26.17548647294049,23.78384833327487,7
LSTM-NN,2,val,2020,LH209,38.18352795371442,29.35457797351912,7
LSTM-NN,2,val,2020,LH213,86.55900597034153,63.7869756606558,7
LSTM-NN,2,val,2020,LH214,49.21267728127463,38.570116117960815,7
LSTM-NN,2,val,2020,LH215,58.70369992728008,48.5171360303101,7
LSTM-NN,2,val,2020,LH222,59.52368980131852,45.80654381185949,7
LSTM-NN,2,val,2020,LH223,57.559330080575265,49.75412200949193,7
LSTM-NN,2,val,2020,LH224,48.755839918482785,35.13244773422397,6
LSTM-NN,2,val,2020,LH295,43.19090480065058,32.95962271999106,6
LSTM-NN,2,val,2020,LH59,36.882349663247794,31.596035299678444,7
LSTM-NN,2,val,2020,LH60,43.979935751726,34.78521219648779,7
LSTM-NN,2,val,2020,LH61,29.143969417416393,18.30415323015064,7
LSTM-NN,2,val,2020,LH74,31.27918690360973,26.03316969851196,7
LSTM-NN,2,val,2020,LH82,38.22129718063546,31.143095785213262,7
LSTM-NN,2,val,2020,LH93,35.398005611532284,21.574980039321183,7
LSTM-NN,2,val,2020,LIBC 4,38.28806595930808,30.615863302851988,6
LSTM-NN,2,val,2020,LP1 NR HT,24.156810935737656,21.58623339732438,7
LSTM-NN,2,val,2020,LP5,71.33279638526527,58.820483111984444,7
LSTM-NN,2,val,2020,Lp215D,44.45610982016961,30.441790219339726,7
LSTM-NN,2,val,2020,M14,30.52641827636973,25.790499210917204,7
LSTM-NN,2,val,2020,MBPM,20.38230082173832,18.018725753573925,7
LSTM-NN,2,val,2020,MBWZ,23.922110057740188,19.81092378289282,7
LSTM-NN,2,val,2020,MEF156-55-2,41.8950630871235,24.01704809009582,7
LSTM-NN,2,val,2020,ML606,21.503582028511303,15.13691149158329,7
LSTM-NN,2,val,2020,MM501D,33.427603385372976,22.450840184234085,7
LSTM-NN,2,val,2020,MQ305,57.88509854692409,42.70290509578586,7
LSTM-NN,2,val,2020,MS116,29.62679135222328,23.744318768395555,6
LSTM-NN,2,val,2020,MS132,17.192484736895228,15.228377955092043,7
LSTM-NN,2,val,2020,MS153,40.21283934631766,32.895356836327835,6
LSTM-NN,2,val,2020,MS200,29.884389719047032,23.840121173983814,7
LSTM-NN,2,val,2020,MS211,27.812014826514226,23.67258632963732,7
LSTM-NN,2,val,2020,MS221,40.675910408580265,34.135917921737736,7
LSTM-NN,2,val,2020,MS224,52.449840307430215,37.14513976333469,7
LSTM-NN,2,val,2020,MS225,28.900368403185098,25.353751816212682,7
LSTM-NN,2,val,2020,MS226,35.92417558138501,27.886225597478898,7
LSTM-NN,2,val,2020,MS24A,75.46995226952029,54.85143565946684,7
LSTM-NN,2,val,2020,MS67,30.535218751108022,23.443920403584393,7
LSTM-NN,2,val,2020,MS71,35.04092707719699,29.708052008401303,7
LSTM-NN,2,val,2020,MS72,34.09793960388158,32.28822144731936,5
LSTM-NN,2,val,2020,Mo46,37.07998971070358,25.943243369076846,7
LSTM-NN,2,val,2020,Mo47,51.32782442358298,46.908770619505944,7
LSTM-NN,2,val,2020,Mo5,46.72133772732006,31.834533136330244,7
LSTM-NN,2,val,2020,N192,43.48955438486981,32.52416039938063,7
LSTM-NN,2,val,2020,N193,51.2426272074498,38.26816419894934,7
LSTM-NN,2,val,2020,N201,35.55094316375279,27.882356722351016,6
LSTM-NN,2,val,2020,N211,59.47394049355474,46.16118656135604,6
LSTM-NN,2,val,2020,N217,53.1930756068734,43.687395658342844,7
LSTM-NN,2,val,2020,N28Ht,28.018454241134137,23.932621375110447,7
LSTM-NN,2,val,2020,N501,70.36805012942223,58.691230071029665,7
LSTM-NN,2,val,2020,N523,29.47882319131928,20.87903957633883,7
LSTM-NN,2,val,2020,N527,47.143873809247374,36.80382575952172,7
LSTM-NN,2,val,2020,N534,35.54765545914734,28.997245923727156,7
LSTM-NN,2,val,2020,N542,25.770217601472957,18.308068959362362,7
LSTM-NN,2,val,2020,N6,36.349726495902274,18.986317196171434,7
LSTM-NN,2,val,2020,NC262,29.707020816723215,26.016148633817732,7
LSTM-NN,2,val,2020,NC294,29.424341094454398,24.655170458478484,7
LSTM-NN,2,val,2020,NC310,20.319483137186605,18.803434536449167,7
LSTM-NN,2,val,2020,NC326,25.99811891436722,22.51565939600989,7
LSTM-NN,2,val,2020,NC328,26.771032460455697,17.07243337072924,6
LSTM-NN,2,val,2020,NC368,29.90830701324589,20.628472003574075,7
LSTM-NN,2,val,2020,NC412,19.51548143517548,16.552101548526586,7
LSTM-NN,2,val,2020,ND247,74.74832890160542,68.24014324470163,7
LSTM-NN,2,val,2020,ND265,43.37383602485256,37.480205728524325,7
LSTM-NN,2,val,2020,NK740,54.42054619349201,42.43015195917875,7
LSTM-NN,2,val,2020,NK778,48.38200655057329,40.69790605731771,7
LSTM-NN,2,val,2020,NK807,52.696463765545936,49.56140627557598,6
LSTM-NN,2,val,2020,NKS8326,33.782537558429226,27.697223670290857,6
LSTM-NN,2,val,2020,NORTH 7,48.496645328589224,39.94146471557111,6
LSTM-NN,2,val,2020,NQ508,40.146271201067584,29.991587014399766,7
LSTM-NN,2,val,2020,NS501,55.56785671277326,40.16137389261782,7
LSTM-NN,2,val,2020,NS701,51.45098764299848,44.488647966607516,7
LSTM-NN,2,val,2020,NY 166 (Neveh Yaar),16.091886371353226,11.246532356118411,7
LSTM-NN,2,val,2020,NY6371,17.8568406557627,13.03587911274612,7
LSTM-NN,2,val,2020,Ny821,40.75552071187181,28.729851839318275,7
LSTM-NN,2,val,2020,OH33,55.84965296558973,48.001799675718026,6
LSTM-NN,2,val,2020,OQ403,32.73434290929617,28.45020789432183,7
LSTM-NN,2,val,2020,OQ603,26.153214597862245,22.840504344500452,7
LSTM-NN,2,val,2020,OS602,49.164916769550906,33.94434786325917,7
LSTM-NN,2,val,2020,Oh40B,33.59489454800538,28.825054838439975,7
LSTM-NN,2,val,2020,Oh43,45.996466882846065,38.60125065666988,7
LSTM-NN,2,val,2020,Oh7,69.59126083690317,59.860458528853655,7
LSTM-NN,2,val,2020,Os420,35.142483632598505,28.811399727687654,5
LSTM-NN,2,val,2020,Os426,21.872388331312585,17.36405985980183,7
LSTM-NN,2,val,2020,PHB09,44.25805288968064,39.647436039340676,5
LSTM-NN,2,val,2020,PHB47,54.11444916793981,44.87167079320908,7
LSTM-NN,2,val,2020,PHBA6,46.62269461470901,39.89970562548727,7
LSTM-NN,2,val,2020,PHBB3,37.0175819813218,29.579645599021017,7
LSTM-NN,2,val,2020,PHBW8,92.08079740913941,64.76885511648774,7
LSTM-NN,2,val,2020,PHG29,56.58553061941299,54.487251618807974,5
LSTM-NN,2,val,2020,PHG47,45.66998599398159,37.52306371753469,7
LSTM-NN,2,val,2020,PHG50,27.018715462061937,19.49828308207378,7
LSTM-NN,2,val,2020,PHG71,43.560762081567596,35.26170147333563,7
LSTM-NN,2,val,2020,PHG72,39.59944167538637,31.962037527023703,7
LSTM-NN,2,val,2020,PHG80,46.10639612030199,39.6656359651959,7
LSTM-NN,2,val,2020,PHG83,59.27537279519683,49.12786830804124,7
LSTM-NN,2,val,2020,PHG86,33.00073221628323,26.238973779426367,7
LSTM-NN,2,val,2020,PHGW7,33.006866599382214,27.835075831943303,7
LSTM-NN,2,val,2020,PHH93,49.759891452197984,36.00868977094934,7
LSTM-NN,2,val,2020,PHHV4,13.169857917703764,11.406000975155175,5
LSTM-NN,2,val,2020,PHJ70,65.54825028139778,55.749767612542215,7
LSTM-NN,2,val,2020,PHJ89,30.232145618513755,25.118970501343313,7
LSTM-NN,2,val,2020,PHJ90,25.69046089811325,21.704825117308793,7
LSTM-NN,2,val,2020,PHJR5,60.48953192633116,50.96539999066114,7
LSTM-NN,2,val,2020,PHK35,44.787940972326105,30.800189983717654,6
LSTM-NN,2,val,2020,PHK42,38.47711196415748,28.430552451006623,7
LSTM-NN,2,val,2020,PHK56,24.11856566308422,17.013623660643326,6
LSTM-NN,2,val,2020,PHK74,23.850192878907283,20.787787214272765,7
LSTM-NN,2,val,2020,PHKE6,33.106592058887706,28.416163437743784,7
LSTM-NN,2,val,2020,PHM10,48.288399778173236,36.06306921020418,7
LSTM-NN,2,val,2020,PHN11,43.81578617780534,35.108089351030216,6
LSTM-NN,2,val,2020,PHN29,25.281082662969492,20.6023288211073,7
LSTM-NN,2,val,2020,PHN66,26.948715479390618,21.317014951419385,6
LSTM-NN,2,val,2020,PHP02,37.31194506930366,30.359619481947274,7
LSTM-NN,2,val,2020,PHP55,29.447171811059093,24.525115002551527,7
LSTM-NN,2,val,2020,PHP76,49.46652760042088,37.950467446017264,7
LSTM-NN,2,val,2020,PHP85,23.435299517272657,18.018614979349223,7
LSTM-NN,2,val,2020,PHPR5,21.831979653771462,16.894168630892338,7
LSTM-NN,2,val,2020,PHR03,64.4062158141107,53.83630361210286,6
LSTM-NN,2,val,2020,PHR30,56.72317235214137,50.4101808658677,5
LSTM-NN,2,val,2020,PHR31,42.40293006553994,27.160295573067962,7
LSTM-NN,2,val,2020,PHR36,40.17278630994656,32.3468283971332,6
LSTM-NN,2,val,2020,PHR47,23.142913929886873,20.534465645341875,7
LSTM-NN,2,val,2020,PHR58,44.34590354708432,31.714618827955483,5
LSTM-NN,2,val,2020,PHR63,25.03114091146152,18.628851100258828,7
LSTM-NN,2,val,2020,PHT10,24.727953060651465,16.606635047732592,7
LSTM-NN,2,val,2020,PHT47,75.7048385743514,56.812857141902,7
LSTM-NN,2,val,2020,PHT55,68.98571385206309,52.63838075143263,7
LSTM-NN,2,val,2020,PHTM9,32.81246001105172,28.032259071723818,7
LSTM-NN,2,val,2020,PHV37,39.39331360476918,32.04147986733556,7
LSTM-NN,2,val,2020,PHV57,39.577234301900745,33.55944047852397,7
LSTM-NN,2,val,2020,PHV63,38.11896196496615,29.126129406974318,7
LSTM-NN,2,val,2020,PHVA9,53.24573788756546,38.42233538976833,7
LSTM-NN,2,val,2020,PHW03,26.33322610716844,24.466571755674185,7
LSTM-NN,2,val,2020,PHW17,52.91775839611432,40.36933108934506,7
LSTM-NN,2,val,2020,PHW20,21.728281630679586,18.29113865506232,7
LSTM-NN,2,val,2020,PHW30,47.702388833847955,31.789067764098196,7
LSTM-NN,2,val,2020,PHW52,34.556892227886486,25.355542821324615,7
LSTM-NN,2,val,2020,PHW53,29.346126740781347,21.09651823657304,7
LSTM-NN,2,val,2020,PHW79,51.80748409757184,42.20745620531157,7
LSTM-NN,2,val,2020,PHW80,40.31541514303347,34.459942303177264,7
LSTM-NN,2,val,2020,PHW86,31.946795608157522,28.38542172863826,7
LSTM-NN,2,val,2020,PHZ51,27.358421415653925,23.94803667898446,7
LSTM-NN,2,val,2020,Pa392,82.87525381594138,72.29173611213639,7
LSTM-NN,2,val,2020,Pa405,50.87553578632076,37.81402571640506,7
LSTM-NN,2,val,2020,Pa762,24.094779277921205,18.62410921874106,7
LSTM-NN,2,val,2020,Pa875,46.822174340724075,41.89685505345314,7
LSTM-NN,2,val,2020,Pa880,43.30672832085281,33.93773073236615,7
LSTM-NN,2,val,2020,Pa91,47.74542892027046,41.508010994799875,7
LSTM-NN,2,val,2020,Q381,18.378884068839678,13.09695248015061,7
LSTM-NN,2,val,2020,R168,53.0662150655668,42.811580195470164,7
LSTM-NN,2,val,2020,R181B,55.24958843396161,48.05963708599136,7
LSTM-NN,2,val,2020,R226,52.438114227004405,46.906664047484995,7
LSTM-NN,2,val,2020,R227,23.5020439306648,19.484883589826527,7
LSTM-NN,2,val,2020,R71,29.018717408639755,22.83169360469565,7
LSTM-NN,2,val,2020,R78,36.17488078119164,31.13183777283087,7
LSTM-NN,2,val,2020,S8326,33.29573391803212,23.98608568584375,6
LSTM-NN,2,val,2020,SD101,52.86938514592845,44.22320779058218,7
LSTM-NN,2,val,2020,SD102,29.410438274762935,26.01925450105056,7
LSTM-NN,2,val,2020,SD107,43.6616140341216,32.79345160874694,7
LSTM-NN,2,val,2020,SD40,37.51548611637614,27.30723153143764,7
LSTM-NN,2,val,2020,SD44,36.224003060067794,32.06871403628424,7
LSTM-NN,2,val,2020,SG 30A,18.303693496193937,14.506817927301674,7
LSTM-NN,2,val,2020,Seagull Seventeen,53.234769108304015,41.800673238388,6
LSTM-NN,2,val,2020,T242,59.17437979606482,52.69842643191219,7
LSTM-NN,2,val,2020,TZU-CHIAO-HSI-WU 105,30.193226511176192,24.720033886856584,7
LSTM-NN,2,val,2020,Tr,48.98258852549979,38.259191486748755,7
LSTM-NN,2,val,2020,Va26,15.169735662067424,11.62669832477376,7
LSTM-NN,2,val,2020,Va35,17.124734626509124,14.09829748062685,7
LSTM-NN,2,val,2020,Va52,78.96330819762069,66.4064351345855,7
LSTM-NN,2,val,2020,Va59,36.090339583039636,29.333529474512634,7
LSTM-NN,2,val,2020,Va99,27.393303167543014,22.519916756654084,7
LSTM-NN,2,val,2020,VaW6,44.70428540175752,38.01820681529626,7
LSTM-NN,2,val,2020,W117Ht,58.163239418061245,42.17956716521099,7
LSTM-NN,2,val,2020,W153R,75.65152990540483,52.86023778616995,7
LSTM-NN,2,val,2020,W22,41.52423571677679,29.396100621140153,7
LSTM-NN,2,val,2020,W23,48.49570633099736,40.246251151508694,7
LSTM-NN,2,val,2020,W24,16.170794269313408,13.357879770114272,7
LSTM-NN,2,val,2020,W32,29.54563596010195,23.025377216763946,6
LSTM-NN,2,val,2020,W37A,44.965290533601845,34.36859685352743,7
LSTM-NN,2,val,2020,W552,27.04246468429996,22.132904428930658,7
LSTM-NN,2,val,2020,W603S,42.20312279710239,33.27775605369106,7
LSTM-NN,2,val,2020,W604S,32.51356913674335,22.403806286215335,7
LSTM-NN,2,val,2020,W605S,49.15446328411754,36.970313213404715,6
LSTM-NN,2,val,2020,W607S,19.52860965410997,16.104110104577245,7
LSTM-NN,2,val,2020,W610S,46.62806859906068,36.92068186150656,7
LSTM-NN,2,val,2020,W612S,33.60932397814651,27.85743081518814,7
LSTM-NN,2,val,2020,W614S,42.75212271708422,30.36650889402285,7
LSTM-NN,2,val,2020,W64A,68.79157781199176,57.96442195144093,5
LSTM-NN,2,val,2020,W701BC,35.28159048805278,30.23126659792766,7
LSTM-NN,2,val,2020,W809G,56.14341483506687,48.45422325225011,7
LSTM-NN,2,val,2020,W810G,19.3717903773559,17.75217457723618,7
LSTM-NN,2,val,2020,W812G,22.127777191329184,17.03629219389953,6
LSTM-NN,2,val,2020,W813G,19.35935233348477,14.564281358207166,7
LSTM-NN,2,val,2020,W814G,69.84198807042715,53.49619912629515,7
LSTM-NN,2,val,2020,W8304,27.41571298239023,22.280029044803456,6
LSTM-NN,2,val,2020,W9,33.25586891896456,22.15867456290543,7
LSTM-NN,2,val,2020,WIL900,55.569166787956895,43.837986235251726,7
LSTM-NN,2,val,2020,WR3,50.775713564970346,43.57658652580038,7
LSTM-NN,2,val,2020,WU-TAN-TZAO,28.18122466737058,19.781921415290235,7
LSTM-NN,2,val,2020,YE 4,37.35497688612413,32.74452632617176,6
LSTM-NN,2,val,2020,YING-55,97.1927678833883,88.29676658516541,7
LSTM-NN,2,val,2020,Yu796 NS,30.48801345353382,22.463046759095192,7
LSTM-NN,2,val,2020,ZS635,45.048938241162,35.45959279933677,6
LSTM-NN,2,test,2021,1538,113.49229784930036,92.7389158108133,10
LSTM-NN,2,test,2021,2369,107.35972391847014,80.57919658499983,10
LSTM-NN,2,test,2021,29MIBZ2,63.41518625630302,56.98326532069704,10
LSTM-NN,2,test,2021,2FACC,89.12283122289465,72.14848279166866,10
LSTM-NN,2,test,2021,2FADB,61.09862571840067,37.90138273544026,10
LSTM-NN,2,test,2021,2MA22,108.62240872152721,76.97608149759587,10
LSTM-NN,2,test,2021,2MCDB,134.1214447941454,108.57384531993141,9
LSTM-NN,2,test,2021,3IJI1,91.16139007318685,66.97243854904747,10
LSTM-NN,2,test,2021,4226,142.4118886762626,120.57540136112536,10
LSTM-NN,2,test,2021,4F-306 108,113.52183780503012,82.38847949055165,9
LSTM-NN,2,test,2021,4N506,89.74568483966223,73.36174400381032,10
LSTM-NN,2,test,2021,6F629,148.62960924940703,126.35132777888744,10
LSTM-NN,2,test,2021,6M502,122.2282662568784,103.20463584413832,10
LSTM-NN,2,test,2021,6M502A,146.19984543004554,117.3087092231636,10
LSTM-NN,2,test,2021,764,108.22627819785964,88.93555611226103,10
LSTM-NN,2,test,2021,78010,125.86241710827551,105.59787028809322,10
LSTM-NN,2,test,2021,78551S,85.92282820769852,62.90209946610053,9
LSTM-NN,2,test,2021,790,96.18115605169886,75.93253617188869,10
LSTM-NN,2,test,2021,793,91.76800592254027,74.82698464809992,10
LSTM-NN,2,test,2021,87916W,136.49823765068598,108.02226135837219,9
LSTM-NN,2,test,2021,911,69.2381048242447,54.276503656318994,10
LSTM-NN,2,test,2021,912,102.45600905851899,82.44727258450385,10
LSTM-NN,2,test,2021,91IFC2,92.78320582630141,78.03787524778944,10
LSTM-NN,2,test,2021,A,126.72964056671228,100.51817257901666,10
LSTM-NN,2,test,2021,A208,105.48330316759153,77.68762800091142,10
LSTM-NN,2,test,2021,A239,104.21062680929103,81.24321671043465,10
LSTM-NN,2,test,2021,A258,142.20654274904737,122.53969096510438,10
LSTM-NN,2,test,2021,A272,113.119935983492,86.55810601790607,10
LSTM-NN,2,test,2021,A305,95.85187817639255,69.94223914868344,10
LSTM-NN,2,test,2021,A321,139.72988537642303,102.422380524165,10
LSTM-NN,2,test,2021,A322,53.04095707865471,39.63569201668337,10
LSTM-NN,2,test,2021,A334,91.01987919076079,74.04724129657491,10
LSTM-NN,2,test,2021,A340,83.20670457146652,67.42875798059212,10
LSTM-NN,2,test,2021,A374,68.5655547780884,51.483665858058565,10
LSTM-NN,2,test,2021,A385,53.58147179903773,33.7554895857275,10
LSTM-NN,2,test,2021,A427,36.77179050886122,21.72659797734846,10
LSTM-NN,2,test,2021,A548,54.70899515163209,39.57727946477365,10
LSTM-NN,2,test,2021,A556,85.33381715012419,68.49437116089199,10
LSTM-NN,2,test,2021,A572,70.67796073323842,43.29928755012695,10
LSTM-NN,2,test,2021,A619,66.88946621462951,50.952609011949065,10
LSTM-NN,2,test,2021,A627,173.91033569712175,150.16672754361534,10
LSTM-NN,2,test,2021,A632,154.85736462925055,129.55034645875108,9
LSTM-NN,2,test,2021,A634,89.35023570238634,75.62332556235677,10
LSTM-NN,2,test,2021,A635,99.7857020982574,75.53982720984445,10
LSTM-NN,2,test,2021,A641,58.5375776628243,36.96778734387723,10
LSTM-NN,2,test,2021,A648,177.26251738450424,150.56666622525532,9
LSTM-NN,2,test,2021,A649,72.93165353452142,50.378445353717744,10
LSTM-NN,2,test,2021,A659,118.45151666667677,90.9164970370515,10
LSTM-NN,2,test,2021,A663,103.66087002850146,84.38326751923599,10
LSTM-NN,2,test,2021,A672,91.36709218771092,78.81010484881448,10
LSTM-NN,2,test,2021,A674,62.94023716131758,40.84284761420489,10
LSTM-NN,2,test,2021,A679,144.39348228235647,119.78835082044876,10
LSTM-NN,2,test,2021,A680,111.86635200430796,80.86263915502761,10
LSTM-NN,2,test,2021,A682,81.21267687432234,60.97308996845819,10
LSTM-NN,2,test,2021,A71,87.54285401145867,69.59638540304088,10
LSTM-NN,2,test,2021,A73,112.43856271863638,99.88231549698529,10
LSTM-NN,2,test,2021,AQA3,53.94174577643461,39.88595803222047,10
LSTM-NN,2,test,2021,AS6103,107.80172788872923,78.11590656650637,10
LSTM-NN,2,test,2021,AusTRCF 306238,123.7106481588706,95.07496816557006,9
LSTM-NN,2,test,2021,B-18 INBR.FR.SUPERGOLD,63.93389878776938,45.97490113155247,10
LSTM-NN,2,test,2021,B-28,66.06397298593157,48.46407387345332,10
LSTM-NN,2,test,2021,B103,84.23825009183138,64.03382187108377,10
LSTM-NN,2,test,2021,B104,120.30033994093557,91.1689674596601,10
LSTM-NN,2,test,2021,B105,146.51502532517316,117.24729338653837,10
LSTM-NN,2,test,2021,B107,109.87226985583251,73.1795520074159,10
LSTM-NN,2,test,2021,B108,91.98100637341187,73.9443753741002,10
LSTM-NN,2,test,2021,B110,140.19977093149743,107.35253741018649,9
LSTM-NN,2,test,2021,B111,100.45674978669349,80.51113853037778,10
LSTM-NN,2,test,2021,B114,113.31422871294666,72.96961562902611,10
LSTM-NN,2,test,2021,B115,165.50247796358101,127.87388789413424,9
LSTM-NN,2,test,2021,B119,145.79764347480358,110.66756052338788,10
LSTM-NN,2,test,2021,B120,164.876542497315,135.4281381022907,10
LSTM-NN,2,test,2021,B121,71.59735196237135,49.35478237231122,10
LSTM-NN,2,test,2021,B14,147.1142012826303,102.50342034050212,10
LSTM-NN,2,test,2021,B14A,142.12226745022474,115.03567255996222,9
LSTM-NN,2,test,2021,B164,95.84092929283594,74.19302571498943,10
LSTM-NN,2,test,2021,B2,117.17993101181231,93.94793961925441,9
LSTM-NN,2,test,2021,B37,148.45046116947867,116.49278049372117,10
LSTM-NN,2,test,2021,B46,117.5881258859906,85.92565361425147,10
LSTM-NN,2,test,2021,B57,135.04550016145186,113.69799893362384,10
LSTM-NN,2,test,2021,B65,122.09488775807604,93.11409344857282,10
LSTM-NN,2,test,2021,B66,112.36422925975033,86.92433537895576,10
LSTM-NN,2,test,2021,B68,159.47671506368837,131.13083943007373,9
LSTM-NN,2,test,2021,B70,104.69773482280151,80.56919269508994,10
LSTM-NN,2,test,2021,B75,89.37487304704588,54.44385606968741,9
LSTM-NN,2,test,2021,B76,82.45734275612985,53.740645724988426,10
LSTM-NN,2,test,2021,B77,137.74741860901725,111.64962973825934,10
LSTM-NN,2,test,2021,B79,123.31640745947166,100.59533236523046,10
LSTM-NN,2,test,2021,B84,146.80885165167936,117.34586901605036,9
LSTM-NN,2,test,2021,B85,112.48822553211026,74.55883706624414,10
LSTM-NN,2,test,2021,B87,83.68526903507112,54.55376241815624,10
LSTM-NN,2,test,2021,B88,108.85428129279994,84.44844772466169,10
LSTM-NN,2,test,2021,B91,92.54477741473868,73.18045742379954,10
LSTM-NN,2,test,2021,B97,148.17971075586212,113.79654596456143,10
LSTM-NN,2,test,2021,BEI 10 = NORTH 10,100.0058323699184,74.5945428569299,10
LSTM-NN,2,test,2021,BO9,53.96238447905295,38.136953898458,10
LSTM-NN,2,test,2021,C103,127.31253306647321,91.00323488402319,10
LSTM-NN,2,test,2021,C123,72.71938440398101,53.97754063999133,10
LSTM-NN,2,test,2021,CA-4,66.92400603986052,46.29174115290722,10
LSTM-NN,2,test,2021,CG102,95.07483541760749,77.50109170006957,10
LSTM-NN,2,test,2021,CH157,50.64695748242584,28.85503141415061,10
LSTM-NN,2,test,2021,CH701-30,101.30986771054947,73.5853303731353,10
LSTM-NN,2,test,2021,CH711-10,86.8034984061664,55.64851671310231,10
LSTM-NN,2,test,2021,CH9,131.5763523075881,98.49257269973243,10
LSTM-NN,2,test,2021,CI 40H,107.05176910948263,80.92836345738053,10
LSTM-NN,2,test,2021,CM105,72.40994979651805,57.085728872090854,10
LSTM-NN,2,test,2021,CO257,181.8681675267289,167.50108613423558,9
LSTM-NN,2,test,2021,CO258,105.51285970589079,88.5769252114126,10
LSTM-NN,2,test,2021,CQ702RC,146.0199265026195,108.3178473174778,10
LSTM-NN,2,test,2021,CR 22 INBRED,77.21890330143135,62.34682165475706,10
LSTM-NN,2,test,2021,CS405,69.11811111638306,47.900623060169984,10
LSTM-NN,2,test,2021,DE2,86.48484309357154,70.56293319419285,10
LSTM-NN,2,test,2021,DE4,85.26993674974865,62.61246020042343,10
LSTM-NN,2,test,2021,DE811,126.07601884982247,96.04235957846461,10
LSTM-NN,2,test,2021,DJ7,148.5078667618727,121.60670027048559,10
LSTM-NN,2,test,2021,DK3IIH6,113.61220353463246,96.30811411126038,10
LSTM-NN,2,test,2021,DK4676A,87.66902852243481,60.14376309653848,10
LSTM-NN,2,test,2021,DK78002A,125.35699726882888,93.42558763616623,10
LSTM-NN,2,test,2021,DK78010,121.44255945279627,101.35850454435365,10
LSTM-NN,2,test,2021,DKFAPW,49.299821650847676,34.11784119729964,10
LSTM-NN,2,test,2021,DKFBHJ,143.15934350561218,112.6662741951116,10
LSTM-NN,2,test,2021,DKMBNA,60.838001617417326,40.61877644474356,10
LSTM-NN,2,test,2021,DKPB80,79.69759467433212,63.47244286160884,10
LSTM-NN,2,test,2021,E8501,149.07132752081702,123.36160338511834,9
LSTM-NN,2,test,2021,EAST 028,86.98776454738288,67.96957403589758,10
LSTM-NN,2,test,2021,Eng-Li Chih,69.91172070238233,54.73478639809316,10
LSTM-NN,2,test,2021,F118,105.4077978616874,82.07742318695234,10
LSTM-NN,2,test,2021,F2834T,145.9174771943547,124.26631675063848,10
LSTM-NN,2,test,2021,FBLA,136.53844050442862,115.9767348582845,10
LSTM-NN,2,test,2021,FR19,109.75324041963582,88.634141075889,10
LSTM-NN,2,test,2021,G80,103.28400245339368,80.46399660421805,10
LSTM-NN,2,test,2021,H110,109.18818732817356,85.09131486027722,10
LSTM-NN,2,test,2021,H113,71.96184128953158,51.73784904566494,10
LSTM-NN,2,test,2021,H121,63.53082608388676,45.720302214796945,10
LSTM-NN,2,test,2021,H122w,98.98010524200922,80.89988405582362,10
LSTM-NN,2,test,2021,H42,126.57589871867344,94.97925054725604,10
LSTM-NN,2,test,2021,H5,119.92594171621921,84.36050862896512,10
LSTM-NN,2,test,2021,H71,131.57028645563489,102.72012697886025,10
LSTM-NN,2,test,2021,H84,204.88289821928345,178.01755151408847,10
LSTM-NN,2,test,2021,H91,115.06824034955649,81.98603901286765,10
LSTM-NN,2,test,2021,H95,95.56226793187685,66.56043727835235,10
LSTM-NN,2,test,2021,H96,166.92544490132877,138.49297809961985,10
LSTM-NN,2,test,2021,H99,68.92798416570402,49.58699707632061,10
LSTM-NN,2,test,2021,HP301,153.3717149541688,130.19431337245365,10
LSTM-NN,2,test,2021,HUANYAO,126.03295841958253,99.05040302433851,10
LSTM-NN,2,test,2021,I29,53.783908490443764,32.41471811837461,10
LSTM-NN,2,test,2021,IA2132,102.45131749538425,76.93527325063656,10
LSTM-NN,2,test,2021,IBB14,110.28337421422341,70.23661057339736,10
LSTM-NN,2,test,2021,IBB15,126.1689397901992,100.6528476459201,10
LSTM-NN,2,test,2021,IBC2,147.252349470218,120.28049398464786,10
LSTM-NN,2,test,2021,ICI 193,115.9014977554243,82.9787568887981,10
LSTM-NN,2,test,2021,ICI 740,125.11386261737061,92.20084402402149,10
LSTM-NN,2,test,2021,ICI 893,126.80315748409897,105.25694338899739,10
LSTM-NN,2,test,2021,ICI 986,100.86495971172643,64.33116171921306,10
LSTM-NN,2,test,2021,IDS28,112.60654341722854,88.19931282135549,10
LSTM-NN,2,test,2021,IDS69,120.1644563599729,99.27080510531286,9
LSTM-NN,2,test,2021,IDS91,127.52179690379697,98.65611715862504,10
LSTM-NN,2,test,2021,INB 101LFY/LFY (A632 X M16 S5),72.17048768154511,52.25714069169182,10
LSTM-NN,2,test,2021,INBRED 141,162.39600971774536,120.15830415028759,10
LSTM-NN,2,test,2021,INBRED 2-687,140.71354530105233,110.9205323622665,10
LSTM-NN,2,test,2021,INBRED 305,132.84525972843863,103.46749688902366,10
LSTM-NN,2,test,2021,INBRED 309,177.68239879782203,143.87757241378935,10
LSTM-NN,2,test,2021,INBRED 321,136.47662421252207,113.76646855431144,9
LSTM-NN,2,test,2021,Ia 453,92.94349673733242,81.99274020184882,10
LSTM-NN,2,test,2021,J47,161.46086067896383,120.32644411047241,10
LSTM-NN,2,test,2021,K150,90.53984697340394,77.22973199150405,10
LSTM-NN,2,test,2021,K41,164.1640687389815,137.53114863882692,10
LSTM-NN,2,test,2021,K47,127.72220560176986,103.9229343622558,10
LSTM-NN,2,test,2021,K55,118.49319844462427,99.61633029315695,10
LSTM-NN,2,test,2021,KUNG-70,77.29877804712804,52.4302260693964,10
LSTM-NN,2,test,2021,L 127,68.78845817107727,47.50546435872719,10
LSTM-NN,2,test,2021,L 135,110.66097046425052,87.75535839973954,10
LSTM-NN,2,test,2021,L 139,80.57898589667357,56.96869883595573,10
LSTM-NN,2,test,2021,L 155,114.11610694105588,92.63022968025032,10
LSTM-NN,2,test,2021,L 289,108.4336942081668,85.3313349116428,10
LSTM-NN,2,test,2021,LH1,71.16612383185492,50.11478249892953,10
LSTM-NN,2,test,2021,LH119,67.03698319764189,54.3456789015778,10
LSTM-NN,2,test,2021,LH128,110.82286798742476,96.69152097068881,10
LSTM-NN,2,test,2021,LH143 (Maintainer),62.37815319012486,36.446956261933565,10
LSTM-NN,2,test,2021,LH145,113.45804796572484,88.63192765483647,9
LSTM-NN,2,test,2021,LH146Ht,65.24975526127082,39.954716570910485,10
LSTM-NN,2,test,2021,LH149,54.764329225324744,46.336952023685214,10
LSTM-NN,2,test,2021,LH165,114.08582421380612,95.25207913652132,9
LSTM-NN,2,test,2021,LH166,97.71127135724383,73.73594878323175,10
LSTM-NN,2,test,2021,LH172,155.51655382660167,133.4650862373694,10
LSTM-NN,2,test,2021,LH184,85.90148906200446,62.56823098476018,10
LSTM-NN,2,test,2021,LH185,130.16184102026486,93.600777072527,10
LSTM-NN,2,test,2021,LH190,118.4014563042731,91.22331557494302,10
LSTM-NN,2,test,2021,LH191,106.75296809110462,86.04639035142893,10
LSTM-NN,2,test,2021,LH192,103.87211062764699,71.53018505328471,10
LSTM-NN,2,test,2021,LH194,140.5842653030924,118.183383334,9
LSTM-NN,2,test,2021,LH195,111.47774805502935,89.46711991335181,10
LSTM-NN,2,test,2021,LH197,103.69506172905322,86.69149675541608,10
LSTM-NN,2,test,2021,LH198,82.09365254090741,61.39011354701722,10
LSTM-NN,2,test,2021,LH199,139.39097613397948,124.60091970852947,9
LSTM-NN,2,test,2021,LH202,63.83887427041464,50.69165132888929,10
LSTM-NN,2,test,2021,LH204,144.51649987125313,119.56955250408309,10
LSTM-NN,2,test,2021,LH205,151.4191620579175,118.91817953704341,9
LSTM-NN,2,test,2021,LH206,77.57487336262572,56.829206719310626,10
LSTM-NN,2,test,2021,LH208,117.92763465277135,93.37439984435267,10
LSTM-NN,2,test,2021,LH209,75.44708537999549,52.82710372616127,10
LSTM-NN,2,test,2021,LH213,61.5755150089873,45.30382696865017,10
LSTM-NN,2,test,2021,LH214,77.81974023547123,66.69047448911289,10
LSTM-NN,2,test,2021,LH215,139.18830263180223,109.20522672507695,10
LSTM-NN,2,test,2021,LH222,109.42288533943966,95.16503097691756,10
LSTM-NN,2,test,2021,LH223,67.8384944577772,55.169027223429225,10
LSTM-NN,2,test,2021,LH224,126.31181007977918,90.02265525666736,10
LSTM-NN,2,test,2021,LH295,95.9996937016036,76.18099852240246,10
LSTM-NN,2,test,2021,LH59,116.96207673949063,85.11778533868858,10
LSTM-NN,2,test,2021,LH60,119.38616676759266,87.74824799774005,10
LSTM-NN,2,test,2021,LH61,94.7430411453834,70.90365939645804,10
LSTM-NN,2,test,2021,LH74,136.91206975398035,112.50057387432244,10
LSTM-NN,2,test,2021,LH82,99.72927403490068,82.5465559382292,10
LSTM-NN,2,test,2021,LH93,121.91973617072668,95.65362741108706,10
LSTM-NN,2,test,2021,LIBC 4,108.09486390016063,96.26819922584261,10
LSTM-NN,2,test,2021,LP1 NR HT,151.01463524936383,124.34488858241062,10
LSTM-NN,2,test,2021,LP5,44.58570696320542,35.19362964175115,10
LSTM-NN,2,test,2021,Lp215D,79.57901273401598,61.397750126584015,10
LSTM-NN,2,test,2021,M14,71.43928127905932,50.92116020955715,10
LSTM-NN,2,test,2021,MBPM,122.58811493360622,103.17887692721743,10
LSTM-NN,2,test,2021,MBWZ,146.3382006447686,118.55735060045143,9
LSTM-NN,2,test,2021,MEF156-55-2,82.12532151324046,47.56015880636555,10
LSTM-NN,2,test,2021,ML606,71.5782932100445,50.67751034749344,10
LSTM-NN,2,test,2021,MM501D,66.03251344918935,55.60302271643825,10
LSTM-NN,2,test,2021,MQ305,82.74351698024121,71.60481136781831,10
LSTM-NN,2,test,2021,MS116,96.79534145376087,72.90730936311824,10
LSTM-NN,2,test,2021,MS132,83.79280707270257,63.60407131152651,10
LSTM-NN,2,test,2021,MS153,166.42538211362526,146.90173253193726,10
LSTM-NN,2,test,2021,MS200,99.21320433395796,77.70793747759026,10
LSTM-NN,2,test,2021,MS211,75.12498017209236,48.84056060190353,10
LSTM-NN,2,test,2021,MS221,111.30476299449845,94.88078073246915,10
LSTM-NN,2,test,2021,MS224,98.92510975944995,84.66309493986007,10
LSTM-NN,2,test,2021,MS225,77.93723073012346,54.60691775568438,10
LSTM-NN,2,test,2021,MS226,104.46416637755655,74.96518494180113,10
LSTM-NN,2,test,2021,MS24A,48.297714802875625,26.297597965957813,10
LSTM-NN,2,test,2021,MS67,136.0017918247897,107.51282691690929,10
LSTM-NN,2,test,2021,MS71,118.86164689491518,93.65477950706752,10
LSTM-NN,2,test,2021,MS72,84.64837222718188,52.80507301351454,10
LSTM-NN,2,test,2021,Mo46,163.719531677741,132.60145584612593,10
LSTM-NN,2,test,2021,Mo47,56.097612133143905,40.571484647573946,10
LSTM-NN,2,test,2021,Mo5,104.23129022644338,83.92255295742314,10
LSTM-NN,2,test,2021,N192,92.39311926334051,78.20366255892563,10
LSTM-NN,2,test,2021,N193,55.96139091644765,39.86702378496061,10
LSTM-NN,2,test,2021,N201,122.41216756575278,96.19683586383944,10
LSTM-NN,2,test,2021,N211,73.68071473007916,58.31537782755049,10
LSTM-NN,2,test,2021,N217,123.23886692396016,92.57921880138973,10
LSTM-NN,2,test,2021,N28Ht,173.4795178206214,151.24525080819075,10
LSTM-NN,2,test,2021,N501,137.55559957255548,104.77957327088802,10
LSTM-NN,2,test,2021,N523,96.1729106339956,80.78584459794881,10
LSTM-NN,2,test,2021,N527,110.19535747284962,83.65648858260477,10
LSTM-NN,2,test,2021,N534,141.55171625523033,111.93142144653257,10
LSTM-NN,2,test,2021,N542,133.52801934287157,115.55014853187507,10
LSTM-NN,2,test,2021,N6,168.24038049549077,149.24670549699823,8
LSTM-NN,2,test,2021,NC262,107.56260182710012,79.8043655273293,9
LSTM-NN,2,test,2021,NC294,117.41161966098288,91.67480166641884,10
LSTM-NN,2,test,2021,NC310,78.66490071927454,66.30374016745841,10
LSTM-NN,2,test,2021,NC326,130.27206735087483,102.98246510424369,10
LSTM-NN,2,test,2021,NC328,133.43468408319862,102.74969099039956,10
LSTM-NN,2,test,2021,NC368,147.60393225831126,130.46657093145083,9
LSTM-NN,2,test,2021,NC412,125.59950588931062,96.60313356518877,10
LSTM-NN,2,test,2021,ND247,83.25521826351707,57.20136246518095,9
LSTM-NN,2,test,2021,ND265,63.814981337575084,50.65393563763833,10
LSTM-NN,2,test,2021,NK740,181.50876876766486,153.1230078233203,10
LSTM-NN,2,test,2021,NK778,79.87530944762251,51.543366323233684,10
LSTM-NN,2,test,2021,NK807,106.26994359727506,88.44015553424272,10
LSTM-NN,2,test,2021,NKS8326,136.21666383529862,106.66969920562482,10
LSTM-NN,2,test,2021,NORTH 7,128.27769930280994,106.72949871598908,10
LSTM-NN,2,test,2021,NQ508,147.91520953432126,117.69933921365546,10
LSTM-NN,2,test,2021,NS501,127.78799965355203,110.40351582333096,10
LSTM-NN,2,test,2021,NS701,219.34202763683828,200.41243996323388,10
LSTM-NN,2,test,2021,NY 166 (Neveh Yaar),109.76479124572529,84.0916243985151,10
LSTM-NN,2,test,2021,NY6371,139.2292864012613,107.8586021431749,10
LSTM-NN,2,test,2021,Ny821,65.79080019447353,46.49487631970707,10
LSTM-NN,2,test,2021,OH33,156.08156008441998,114.76420931731745,10
LSTM-NN,2,test,2021,OQ403,116.85728940462062,83.17753048340369,10
LSTM-NN,2,test,2021,OQ603,99.02035181301618,75.92678210252868,10
LSTM-NN,2,test,2021,OS602,102.78855293205918,73.30275542593218,10
LSTM-NN,2,test,2021,Oh40B,143.95946459603078,111.07401917316955,10
LSTM-NN,2,test,2021,Oh43,56.94593603756126,39.91121260061247,10
LSTM-NN,2,test,2021,Oh7,150.67039605893947,121.79557716553404,10
LSTM-NN,2,test,2021,Os420,98.58124340766436,79.1394626833667,10
LSTM-NN,2,test,2021,Os426,116.66788894043432,87.8529146529792,10
LSTM-NN,2,test,2021,PHB09,91.46990604807412,63.13884107102448,10
LSTM-NN,2,test,2021,PHB47,74.45074607278971,48.85408157344763,10
LSTM-NN,2,test,2021,PHBA6,115.69810049339065,82.1952810975138,10
LSTM-NN,2,test,2021,PHBB3,126.24997642178175,102.34661714479552,10
LSTM-NN,2,test,2021,PHBW8,99.08178002937328,85.94966066938943,10
LSTM-NN,2,test,2021,PHG29,116.27322419681,90.39588554871798,10
LSTM-NN,2,test,2021,PHG47,99.28499605726637,67.62152815523,9
LSTM-NN,2,test,2021,PHG50,82.07014663665832,58.615631037789356,10
LSTM-NN,2,test,2021,PHG71,92.48759914274603,70.58206455441136,10
LSTM-NN,2,test,2021,PHG72,85.3401274473085,67.88290265346072,10
LSTM-NN,2,test,2021,PHG80,136.7464100490191,115.77509807577694,10
LSTM-NN,2,test,2021,PHG83,66.46475036030145,45.69571848207745,10
LSTM-NN,2,test,2021,PHG86,179.1944439769119,154.7650658144643,9
LSTM-NN,2,test,2021,PHGW7,150.40285082141395,107.48606093196322,10
LSTM-NN,2,test,2021,PHH93,155.41795742836254,129.98298605352932,9
LSTM-NN,2,test,2021,PHHV4,124.04843474463996,97.21228754293693,10
LSTM-NN,2,test,2021,PHJ70,165.29453741560164,126.86148380944215,10
LSTM-NN,2,test,2021,PHJ89,58.10848101790903,44.90375314969619,10
LSTM-NN,2,test,2021,PHJ90,133.02879220403975,113.16168422151964,10
LSTM-NN,2,test,2021,PHJR5,132.64661195035205,92.82799001650649,10
LSTM-NN,2,test,2021,PHK35,148.25245285710074,120.29627703102157,10
LSTM-NN,2,test,2021,PHK42,100.94631510312945,77.52740188166165,10
LSTM-NN,2,test,2021,PHK56,178.47000161104262,153.25510561566387,9
LSTM-NN,2,test,2021,PHK74,98.26444057905074,71.56595730850532,10
LSTM-NN,2,test,2021,PHKE6,123.96564001773946,104.81276350925353,10
LSTM-NN,2,test,2021,PHM10,142.74103234619713,114.19435998933159,10
LSTM-NN,2,test,2021,PHN11,112.85456051350562,90.56915337808674,10
LSTM-NN,2,test,2021,PHN29,125.69769484443877,94.17205832027032,9
LSTM-NN,2,test,2021,PHN66,94.79077511717745,70.03113839626292,10
LSTM-NN,2,test,2021,PHP02,86.95407946951342,67.29358508129066,10
LSTM-NN,2,test,2021,PHP55,64.96069951202944,51.53150305538155,10
LSTM-NN,2,test,2021,PHP76,142.36077228886577,119.98488547248928,10
LSTM-NN,2,test,2021,PHP85,115.69684038557301,86.65825406219713,8
LSTM-NN,2,test,2021,PHPR5,132.49319309984722,96.33298748599681,10
LSTM-NN,2,test,2021,PHR03,150.00650324290675,122.9913337695275,10
LSTM-NN,2,test,2021,PHR30,95.5443116186669,71.40685489602313,10
LSTM-NN,2,test,2021,PHR31,146.82473720544462,109.53630546979052,10
LSTM-NN,2,test,2021,PHR36,122.88852189876414,92.94803213413377,10
LSTM-NN,2,test,2021,PHR47,127.66303019746016,96.40798978128129,10
LSTM-NN,2,test,2021,PHR58,97.62036917323194,76.56217165217052,10
LSTM-NN,2,test,2021,PHR63,99.19695833381759,76.72210552295101,10
LSTM-NN,2,test,2021,PHT10,118.45197048137867,93.7265530595086,10
LSTM-NN,2,test,2021,PHT47,113.78065801261869,87.00405242072735,10
LSTM-NN,2,test,2021,PHT55,139.847788656712,104.2571470401087,10
LSTM-NN,2,test,2021,PHTM9,86.07664957478059,57.52124881391565,10
LSTM-NN,2,test,2021,PHV37,76.65741060473478,62.22232087458565,10
LSTM-NN,2,test,2021,PHV57,123.68417739422212,99.50313858390761,10
LSTM-NN,2,test,2021,PHV63,145.01496735229182,117.55998263253237,10
LSTM-NN,2,test,2021,PHVA9,118.7867094207147,97.002090193506,10
LSTM-NN,2,test,2021,PHW03,113.82195159817067,86.24188274833766,10
LSTM-NN,2,test,2021,PHW17,114.63210966419463,79.6483187458139,10
LSTM-NN,2,test,2021,PHW20,152.39432867881692,110.36188719549583,10
LSTM-NN,2,test,2021,PHW30,102.61557923991535,69.78412621067307,10
LSTM-NN,2,test,2021,PHW52,118.72671594869968,91.7021133773248,10
LSTM-NN,2,test,2021,PHW53,133.59476417526187,111.67702322660766,10
LSTM-NN,2,test,2021,PHW79,104.85443230640001,80.35169255489578,8
LSTM-NN,2,test,2021,PHW80,81.23937330315724,58.14240778536223,10
LSTM-NN,2,test,2021,PHW86,79.30644777753112,59.429007398772114,10
LSTM-NN,2,test,2021,PHZ51,112.4126738769211,89.8417049090092,10
LSTM-NN,2,test,2021,Pa392,80.70467729881695,60.19805615051557,10
LSTM-NN,2,test,2021,Pa405,113.17964922592554,88.16471900840178,10
LSTM-NN,2,test,2021,Pa762,100.80224980042291,77.00397281834225,10
LSTM-NN,2,test,2021,Pa875,152.88225986545487,126.20813059023271,10
LSTM-NN,2,test,2021,Pa880,107.07105971378856,89.61272774461989,10
LSTM-NN,2,test,2021,Pa91,152.91464617862914,120.03615634497137,10
LSTM-NN,2,test,2021,Q381,103.02677274733063,78.65232553670435,10
LSTM-NN,2,test,2021,R168,92.55348800405737,68.18560039019346,10
LSTM-NN,2,test,2021,R181B,105.5921059630385,71.13722391697601,10
LSTM-NN,2,test,2021,R226,127.76003685785545,102.64755878426021,10
LSTM-NN,2,test,2021,R227,156.58259415503187,138.32012534778715,10
LSTM-NN,2,test,2021,R71,92.53987323883868,81.98359187992143,10
LSTM-NN,2,test,2021,R78,127.776461114847,100.51182065464984,10
LSTM-NN,2,test,2021,S8326,113.47901106756359,83.21510640364764,10
LSTM-NN,2,test,2021,SD101,103.165728055017,84.06892969213325,10
LSTM-NN,2,test,2021,SD102,91.93351627133279,78.58128211672667,10
LSTM-NN,2,test,2021,SD107,137.63518400275484,94.1622456788013,10
LSTM-NN,2,test,2021,SD40,141.42546498014673,105.89870799527061,10
LSTM-NN,2,test,2021,SD44,67.28247436816476,54.27640298209714,10
LSTM-NN,2,test,2021,SG 30A,100.11358260709561,70.35465680014082,10
LSTM-NN,2,test,2021,Seagull Seventeen,181.3358152555931,145.55367668189083,10
LSTM-NN,2,test,2021,T242,73.29841690198293,45.838002109184956,10
LSTM-NN,2,test,2021,TZU-CHIAO-HSI-WU 105,82.29343912439818,61.073224980487524,10
LSTM-NN,2,test,2021,Tr,67.44203146219023,56.5203434195538,10
LSTM-NN,2,test,2021,Va26,131.85603695235602,109.59588571235119,10
LSTM-NN,2,test,2021,Va35,108.79676711956509,83.0212427136485,10
LSTM-NN,2,test,2021,Va52,61.33714810026758,45.75200514629258,10
LSTM-NN,2,test,2021,Va59,128.90690397860882,98.71719173099657,9
LSTM-NN,2,test,2021,Va99,78.39192662056217,61.831773638955745,10
LSTM-NN,2,test,2021,VaW6,123.64144043036809,110.22622822903256,9
LSTM-NN,2,test,2021,W117Ht,102.5044936669456,82.38004110108197,9
LSTM-NN,2,test,2021,W153R,127.73717550498169,96.19134496471474,8
LSTM-NN,2,test,2021,W22,117.8054918822897,92.87075440595136,10
LSTM-NN,2,test,2021,W23,120.0373468133542,95.57145020410753,10
LSTM-NN,2,test,2021,W24,105.22729345247144,77.88837630897555,10
LSTM-NN,2,test,2021,W32,96.90774351122067,78.66347431080717,10
LSTM-NN,2,test,2021,W37A,84.72577328965745,56.42847444533278,10
LSTM-NN,2,test,2021,W552,99.56598748827811,68.24093960898087,10
LSTM-NN,2,test,2021,W603S,96.39557182955076,62.0973427878284,10
LSTM-NN,2,test,2021,W604S,136.44373887351014,108.47564650378703,9
LSTM-NN,2,test,2021,W605S,83.8987998680106,68.2400273506598,10
LSTM-NN,2,test,2021,W607S,151.3134779912078,116.48986908645084,10
LSTM-NN,2,test,2021,W610S,146.34712176040705,113.03421175986742,10
LSTM-NN,2,test,2021,W612S,130.04015461669812,102.58309415860563,9
LSTM-NN,2,test,2021,W614S,121.0842094871926,99.74988407874147,9
LSTM-NN,2,test,2021,W64A,75.07084150865938,46.55151583240852,10
LSTM-NN,2,test,2021,W701BC,85.76558311375902,72.79652699325612,10
LSTM-NN,2,test,2021,W809G,220.6407883061603,190.5869558518812,10
LSTM-NN,2,test,2021,W810G,131.65163215744374,108.11544717023949,10
LSTM-NN,2,test,2021,W812G,98.6328841928231,75.12087909203454,10
LSTM-NN,2,test,2021,W813G,100.09744494739088,75.10152911562552,10
LSTM-NN,2,test,2021,W814G,52.483929333323914,39.38342326832503,9
LSTM-NN,2,test,2021,W8304,148.02593199904942,117.26448098491998,10
LSTM-NN,2,test,2021,W9,77.5365950121039,57.19955883635835,10
LSTM-NN,2,test,2021,WIL900,143.8281786564038,111.67227101236809,10
LSTM-NN,2,test,2021,WR3,101.76650163617384,81.45961480999634,10
LSTM-NN,2,test,2021,WU-TAN-TZAO,118.79254434272767,84.54860456572942,10
LSTM-NN,2,test,2021,YE 4,142.21753728917977,112.95355020492703,10
LSTM-NN,2,test,2021,YING-55,128.2653952026213,100.85223864392512,10
LSTM-NN,2,test,2021,Yu796 NS,112.26198091908918,95.39736231966944,10
LSTM-NN,2,test,2021,ZS635,153.3548305619564,116.2693638696052,10
