model,seed,split,year,genotype,rmse,mae,n_observed
Temp-ODE,0,train,2018,1538,39.904974897228485,33.55297947350955,10
Temp-ODE,0,train,2018,2369,35.94881152293522,32.92871540334089,9
Temp-ODE,0,train,2018,29MIBZ2,40.64198508755707,37.21297449100202,10
Temp-ODE,0,train,2018,2FACC,41.17327019263723,34.02616983091883,9
Temp-ODE,0,train,2018,2FADB,65.01128981283013,58.1306846624241,8
Temp-ODE,0,train,2018,2MA22,39.43106430143238,32.538840150544175,10
Temp-ODE,0,train,2018,2MCDB,49.265461107809415,39.070876194518846,10
Temp-ODE,0,train,2018,3IJI1,41.53711737477266,32.89135255648983,10
Temp-ODE,0,train,2018,4226,59.08129742599534,53.864934212518754,10
Temp-ODE,0,train,2018,4F-306 108,51.79005783237659,40.98567289477644,10
Temp-ODE,0,train,2018,4N506,49.27862885191376,41.79977784508217,10
Temp-ODE,0,train,2018,6F629,44.935726420699694,35.18409368992055,10
Temp-ODE,0,train,2018,6M502,52.84781183986267,42.09316485977691,10
Temp-ODE,0,train,2018,6M502A,51.651510002067425,39.53975107604473,10
Temp-ODE,0,train,2018,764,41.696048911486514,35.78715485744284,10
Temp-ODE,0,train,2018,78010,46.91752337312,39.40443727983698,10
Temp-ODE,0,train,2018,78551S,35.24138286303141,29.303415867551266,8
Temp-ODE,0,train,2018,790,37.212505040777884,31.994899912026266,10
Temp-ODE,0,train,2018,793,40.58098323207096,37.94522430460701,10
Temp-ODE,0,train,2018,87916W,58.81392381107352,47.162081136472295,10
Temp-ODE,0,train,2018,911,34.14878981730086,31.891049964408033,10
Temp-ODE,0,train,2018,912,42.182088278565395,34.2269869821129,10
Temp-ODE,0,train,2018,91IFC2,34.38948355895437,29.843770294211197,10
Temp-ODE,0,train,2018,A,60.49704609811121,49.535124426830905,10
Temp-ODE,0,train,2018,A208,36.57475819972069,32.558108971281186,10
Temp-ODE,0,train,2018,A239,44.486340317991946,34.27232116305409,10
Temp-ODE,0,train,2018,A258,55.62149063455536,47.54941085971923,10
Temp-ODE,0,train,2018,A272,50.51625399182565,43.17438692324918,9
Temp-ODE,0,train,2018,A305,47.19694100684448,39.36223745753921,10
Temp-ODE,0,train,2018,A321,38.74203657996287,32.35566788592976,10
Temp-ODE,0,train,2018,A322,48.92102202987483,43.13258148876923,10
Temp-ODE,0,train,2018,A334,32.388020195844526,27.427087224839283,10
Temp-ODE,0,train,2018,A340,45.29623730974101,35.42191465961059,10
Temp-ODE,0,train,2018,A374,37.882141583934,32.4634450303988,10
Temp-ODE,0,train,2018,A385,35.02098856396812,30.517326494550616,10
Temp-ODE,0,train,2018,A427,39.664452259680836,33.34563159159453,10
Temp-ODE,0,train,2018,A548,43.619276855720855,35.81211358663346,10
Temp-ODE,0,train,2018,A556,41.51429222386906,32.72128076608039,10
Temp-ODE,0,train,2018,A572,49.320740089313325,38.118532680497594,10
Temp-ODE,0,train,2018,A619,29.079812227793738,25.959563934373715,10
Temp-ODE,0,train,2018,A627,44.31275382260528,37.26093470877927,10
Temp-ODE,0,train,2018,A632,36.20311351384468,31.47724314251534,8
Temp-ODE,0,train,2018,A634,25.45883685002227,20.17054826230304,10
Temp-ODE,0,train,2018,A635,31.43451781678227,25.96952259764754,10
Temp-ODE,0,train,2018,A641,35.158678765482186,30.61569067340824,10
Temp-ODE,0,train,2018,A648,39.829753104583695,30.823836923655975,8
Temp-ODE,0,train,2018,A649,43.254497589926,34.541381842886004,8
Temp-ODE,0,train,2018,A659,48.71569574690142,37.500622563678746,10
Temp-ODE,0,train,2018,A663,55.78089037625137,45.48563757297044,10
Temp-ODE,0,train,2018,A672,37.2590328350509,31.740375829437358,10
Temp-ODE,0,train,2018,A674,37.68940435213574,32.86360204543151,10
Temp-ODE,0,train,2018,A679,34.79699938336283,30.830346394477033,10
Temp-ODE,0,train,2018,A680,52.419516566007765,44.98601697075525,10
Temp-ODE,0,train,2018,A682,50.154430926246064,44.37799620150543,9
Temp-ODE,0,train,2018,A71,60.82850421780598,49.39650024327527,10
Temp-ODE,0,train,2018,A73,58.43176793162243,47.45166656542027,10
Temp-ODE,0,train,2018,AQA3,43.580987971022125,36.642128465434425,10
Temp-ODE,0,train,2018,AS6103,45.92127286115358,36.74185227639773,10
Temp-ODE,0,train,2018,AusTRCF 306238,65.65002451093756,48.14128702022704,8
Temp-ODE,0,train,2018,B-18 INBR.FR.SUPERGOLD,51.46105965843538,42.605907075049466,10
Temp-ODE,0,train,2018,B-28,47.69455404461419,35.77429584293087,10
Temp-ODE,0,train,2018,B103,48.68467588140682,40.19556787550802,10
Temp-ODE,0,train,2018,B104,53.681398275006785,41.092654184519716,8
Temp-ODE,0,train,2018,B105,49.30485906852205,41.83754831903643,10
Temp-ODE,0,train,2018,B107,53.56606560417498,43.237948725531815,9
Temp-ODE,0,train,2018,B108,53.76179461401713,41.47334990606332,10
Temp-ODE,0,train,2018,B110,50.322593988986775,38.528285186750864,10
Temp-ODE,0,train,2018,B111,51.94605296045173,42.48637157856623,10
Temp-ODE,0,train,2018,B114,44.72872539408931,34.909056483753304,9
Temp-ODE,0,train,2018,B115,67.57275468290459,53.84660973824614,8
Temp-ODE,0,train,2018,B119,52.42384921138526,41.36499534892401,10
Temp-ODE,0,train,2018,B120,63.29612318284929,51.983400945799715,10
Temp-ODE,0,train,2018,B121,51.7428034922478,44.114566496761356,10
Temp-ODE,0,train,2018,B14,52.21182315977317,37.00136909469856,9
Temp-ODE,0,train,2018,B14A,50.82782293286364,42.67061439241061,10
Temp-ODE,0,train,2018,B164,43.88329960065569,34.61280202039332,10
Temp-ODE,0,train,2018,B2,49.40489565565524,30.845688006326828,10
Temp-ODE,0,train,2018,B37,53.78603662391904,44.29676217645525,10
Temp-ODE,0,train,2018,B46,52.428791472468575,40.1927728242946,10
Temp-ODE,0,train,2018,B57,42.772600502694196,37.17830595143708,10
Temp-ODE,0,train,2018,B65,48.6284086149388,41.52708728057827,10
Temp-ODE,0,train,2018,B66,63.13826156637267,46.454060491112315,10
Temp-ODE,0,train,2018,B68,55.79085708203013,47.41170574260404,9
Temp-ODE,0,train,2018,B70,67.22113042530461,45.683344850411615,8
Temp-ODE,0,train,2018,B75,48.01796742298498,31.2313403125982,9
Temp-ODE,0,train,2018,B76,44.92177081897312,37.9997038374914,10
Temp-ODE,0,train,2018,B77,57.82165119456069,49.297956535126445,10
Temp-ODE,0,train,2018,B79,56.05920655304255,37.17207913965338,9
Temp-ODE,0,train,2018,B84,53.850866702299946,41.74516932984859,10
Temp-ODE,0,train,2018,B85,39.33026949108197,29.559949651106916,10
Temp-ODE,0,train,2018,B87,41.849330512704164,34.10310892035518,10
Temp-ODE,0,train,2018,B88,67.48567936580075,57.06476837394102,10
Temp-ODE,0,train,2018,B91,51.400227083716736,41.14501321115158,10
Temp-ODE,0,train,2018,B97,60.69540138577088,46.409186707590976,10
Temp-ODE,0,train,2018,BEI 10 = NORTH 10,41.56105396752147,34.82912274589004,10
Temp-ODE,0,train,2018,BO9,62.51963098650482,52.99070901569341,10
Temp-ODE,0,train,2018,C103,59.559862191447884,54.078446910431765,9
Temp-ODE,0,train,2018,C123,51.09935112887795,43.33497351295294,9
Temp-ODE,0,train,2018,CA-4,37.73025173892704,30.51218242529486,10
Temp-ODE,0,train,2018,CG102,49.81417118269599,35.57979407710428,10
Temp-ODE,0,train,2018,CH157,42.7894620830473,37.410588666468485,10
Temp-ODE,0,train,2018,CH701-30,46.226235767524,35.02154093299661,10
Temp-ODE,0,train,2018,CH711-10,53.794487092048136,42.372037929563476,10
Temp-ODE,0,train,2018,CH9,50.43112689693907,42.67565771429187,10
Temp-ODE,0,train,2018,CI 40H,47.22630821820279,36.0905830536273,10
Temp-ODE,0,train,2018,CM105,30.898806652268803,26.98139382024265,10
Temp-ODE,0,train,2018,CO257,41.20399717078382,33.54024071592463,10
Temp-ODE,0,train,2018,CO258,49.7568094130902,40.35112561415109,8
Temp-ODE,0,train,2018,CQ702RC,34.10543006530387,28.837545050281893,10
Temp-ODE,0,train,2018,CR 22 INBRED,48.96951952884018,40.3437255954408,10
Temp-ODE,0,train,2018,CS405,41.25699193899882,33.26281064485228,10
Temp-ODE,0,train,2018,DE2,57.93238724055918,45.96553725378067,10
Temp-ODE,0,train,2018,DE4,45.37214426661032,34.39028043152348,10
Temp-ODE,0,train,2018,DE811,61.75568395489548,50.750116262626605,9
Temp-ODE,0,train,2018,DJ7,56.540431791430045,44.7615577458148,10
Temp-ODE,0,train,2018,DK3IIH6,62.4606419697112,50.106612979084005,10
Temp-ODE,0,train,2018,DK4676A,37.157181503457046,32.26415754926916,10
Temp-ODE,0,train,2018,DK78002A,38.4493997974326,30.200410224458317,10
Temp-ODE,0,train,2018,DK78010,40.22218435298475,32.33989015137858,10
Temp-ODE,0,train,2018,DKFAPW,36.123426733564145,29.55458576575818,10
Temp-ODE,0,train,2018,DKFBHJ,33.0662263753182,27.838771724764268,10
Temp-ODE,0,train,2018,DKMBNA,49.3259548902812,45.708508680379786,10
Temp-ODE,0,train,2018,DKPB80,50.78007087995431,43.23077168804623,10
Temp-ODE,0,train,2018,E8501,49.94064013253534,40.66807117233561,10
Temp-ODE,0,train,2018,EAST 028,37.57318899122281,31.734410021250074,10
Temp-ODE,0,train,2018,Eng-Li Chih,58.19753121474126,45.74962828591141,10
Temp-ODE,0,train,2018,F118,47.63698852709481,42.00445957080159,10
Temp-ODE,0,train,2018,F2834T,60.90679949846939,53.836460560170096,10
Temp-ODE,0,train,2018,FBLA,31.454532057183584,28.607863540643518,10
Temp-ODE,0,train,2018,FR19,62.13823560979282,44.641166056920085,10
Temp-ODE,0,train,2018,G80,41.65288494848207,32.9909575876208,10
Temp-ODE,0,train,2018,H110,44.818441547564724,32.84893837583649,10
Temp-ODE,0,train,2018,H113,36.72891148251865,29.554338862098383,10
Temp-ODE,0,train,2018,H121,46.05050255993827,37.01476122980224,10
Temp-ODE,0,train,2018,H122w,39.63811250784403,33.004178037831934,10
Temp-ODE,0,train,2018,H42,43.53898277023034,37.964221323669804,10
Temp-ODE,0,train,2018,H5,52.928379395161926,44.650167855049055,10
Temp-ODE,0,train,2018,H71,41.595215272404864,33.76291682548309,10
Temp-ODE,0,train,2018,H84,45.33651982295645,33.44844406851057,10
Temp-ODE,0,train,2018,H91,53.35673555420161,44.492928155377776,10
Temp-ODE,0,train,2018,H95,45.43891221787902,38.80330461313367,9
Temp-ODE,0,train,2018,H96,57.994793214137225,43.91317102257074,9
Temp-ODE,0,train,2018,H99,35.580935307886804,29.330045317800444,10
Temp-ODE,0,train,2018,HP301,64.04169119282405,51.39821487391193,10
Temp-ODE,0,train,2018,HUANYAO,58.262178519620676,54.187182377348606,9
Temp-ODE,0,train,2018,I29,37.194796891336054,32.274974478630774,10
Temp-ODE,0,train,2018,IA2132,34.88013392594848,31.403736670248737,10
Temp-ODE,0,train,2018,IBB14,71.29519261114889,58.29199944784331,10
Temp-ODE,0,train,2018,IBB15,32.9027133049563,29.815693047715293,10
Temp-ODE,0,train,2018,IBC2,37.76339289532032,30.387368881459928,10
Temp-ODE,0,train,2018,ICI 193,37.13814762599973,32.431078966166794,10
Temp-ODE,0,train,2018,ICI 740,45.20804306305187,36.89848295934405,10
Temp-ODE,0,train,2018,ICI 893,45.77211103782707,36.96802810302093,10
Temp-ODE,0,train,2018,ICI 986,28.055914088951564,21.939444460692233,10
Temp-ODE,0,train,2018,IDS28,52.72509314989204,44.19670841053445,10
Temp-ODE,0,train,2018,IDS69,43.26519039663177,33.59818672681074,10
Temp-ODE,0,train,2018,IDS91,61.379981680839116,46.425526005249154,9
Temp-ODE,0,train,2018,INB 101LFY/LFY (A632 X M16 S5),38.29844330184172,33.74437654443079,10
Temp-ODE,0,train,2018,INBRED 141,52.99680998414473,40.07334849809074,10
Temp-ODE,0,train,2018,INBRED 2-687,53.867568960165485,45.24718308608839,9
Temp-ODE,0,train,2018,INBRED 305,42.77720152799499,33.491090983391594,10
Temp-ODE,0,train,2018,INBRED 309,46.36485560858908,37.8916735198348,9
Temp-ODE,0,train,2018,INBRED 321,42.65408145467259,32.11044797634116,10
Temp-ODE,0,train,2018,Ia 453,40.114264942712374,34.70094882014086,10
Temp-ODE,0,train,2018,J47,60.9499401291177,48.24845316213862,10
Temp-ODE,0,train,2018,K150,55.84196647188501,45.85660586851102,10
Temp-ODE,0,train,2018,K41,48.76283507535746,40.59586836567964,10
Temp-ODE,0,train,2018,K47,64.1934290565819,42.86430086202015,10
Temp-ODE,0,train,2018,K55,45.902146610908744,36.48296595942689,10
Temp-ODE,0,train,2018,KUNG-70,43.93467249679314,39.25003017904915,10
Temp-ODE,0,train,2018,L 127,29.029754789354833,25.230105319064442,10
Temp-ODE,0,train,2018,L 135,37.707363514833915,34.648071567134195,10
Temp-ODE,0,train,2018,L 139,43.5219860831739,37.94597888064786,10
Temp-ODE,0,train,2018,L 155,36.084963699240376,34.152905638999115,10
Temp-ODE,0,train,2018,L 289,44.4092147328928,35.70095903577051,10
Temp-ODE,0,train,2018,LH1,40.51741585519972,33.87703027984596,10
Temp-ODE,0,train,2018,LH119,45.527251615775555,36.41885516180367,10
Temp-ODE,0,train,2018,LH128,45.17389587010043,37.6784562906296,10
Temp-ODE,0,train,2018,LH143 (Maintainer),40.73157914552961,36.48112235795399,10
Temp-ODE,0,train,2018,LH145,35.512226178737855,29.171172420034015,9
Temp-ODE,0,train,2018,LH146Ht,30.07465444268051,25.815825101433376,10
Temp-ODE,0,train,2018,LH149,41.85532303300909,39.2534182750028,10
Temp-ODE,0,train,2018,LH165,43.45833639370783,36.974049834150534,10
Temp-ODE,0,train,2018,LH166,41.454646893629146,36.14762418751116,10
Temp-ODE,0,train,2018,LH172,36.34834479056681,29.540845727295846,9
Temp-ODE,0,train,2018,LH184,48.35947243752127,38.25815518268554,10
Temp-ODE,0,train,2018,LH185,48.392920095446776,36.59945354958883,9
Temp-ODE,0,train,2018,LH190,50.30202328708007,40.53138296029984,10
Temp-ODE,0,train,2018,LH191,52.79806791999697,41.10459306668919,10
Temp-ODE,0,train,2018,LH192,44.63503655036864,35.4560565192251,10
Temp-ODE,0,train,2018,LH194,57.71318173454046,47.25449238365315,9
Temp-ODE,0,train,2018,LH195,47.09705025164359,37.6392331407592,10
Temp-ODE,0,train,2018,LH197,49.639961438700105,43.203032448536526,10
Temp-ODE,0,train,2018,LH198,50.87073901019633,40.484303154905135,10
Temp-ODE,0,train,2018,LH199,31.613312833173456,23.137963561209645,10
Temp-ODE,0,train,2018,LH202,49.35118103039174,43.481514191168735,10
Temp-ODE,0,train,2018,LH204,43.53791220432889,34.944559866747184,10
Temp-ODE,0,train,2018,LH205,39.62652820301273,30.643474779026022,9
Temp-ODE,0,train,2018,LH206,36.921701515278535,32.86098162737976,10
Temp-ODE,0,train,2018,LH208,57.54937993487202,43.616238493011245,10
Temp-ODE,0,train,2018,LH209,38.91970483963732,33.298182820215956,10
Temp-ODE,0,train,2018,LH213,62.06155664596251,45.92770266499195,9
Temp-ODE,0,train,2018,LH214,54.94508404359556,44.81947314750587,10
Temp-ODE,0,train,2018,LH215,41.862454139076725,30.31682098963832,10
Temp-ODE,0,train,2018,LH222,28.615543296447218,24.187341245194293,10
Temp-ODE,0,train,2018,LH223,30.861691261951986,27.576571586861764,10
Temp-ODE,0,train,2018,LH224,46.937810024645074,37.125606678680015,9
Temp-ODE,0,train,2018,LH295,38.86669019405598,35.929452207582074,10
Temp-ODE,0,train,2018,LH59,33.916225856701104,26.659373792775067,10
Temp-ODE,0,train,2018,LH60,45.67034416640797,38.587290523264386,10
Temp-ODE,0,train,2018,LH61,34.20418364682407,30.122553499319032,8
Temp-ODE,0,train,2018,LH74,45.48512916765609,38.489042564259734,10
Temp-ODE,0,train,2018,LH82,38.592539088896594,32.582274313022296,10
Temp-ODE,0,train,2018,LH93,58.497403400944485,47.653597694942036,10
Temp-ODE,0,train,2018,LIBC 4,38.08575524329067,33.400895544253785,10
Temp-ODE,0,train,2018,LP1 NR HT,37.22821277273155,30.66710468699917,10
Temp-ODE,0,train,2018,LP5,45.14834409945267,41.218375139305834,10
Temp-ODE,0,train,2018,Lp215D,36.01992357900145,31.042276139189244,10
Temp-ODE,0,train,2018,M14,43.601421803669105,35.80859846554374,10
Temp-ODE,0,train,2018,MBPM,49.08574069120528,41.011920964529075,10
Temp-ODE,0,train,2018,MBWZ,46.458954296918996,38.518950684212925,10
Temp-ODE,0,train,2018,MEF156-55-2,31.461962181790035,24.319873021782392,10
Temp-ODE,0,train,2018,ML606,39.99921838164443,34.69225249708343,10
Temp-ODE,0,train,2018,MM501D,59.98747749633751,57.0474567506292,8
Temp-ODE,0,train,2018,MQ305,41.2908910617928,35.9811322003974,10
Temp-ODE,0,train,2018,MS116,55.32764702445177,50.01229062953966,10
Temp-ODE,0,train,2018,MS132,43.06226701452224,37.7920352785239,10
Temp-ODE,0,train,2018,MS153,45.182579012064195,39.72700323603281,10
Temp-ODE,0,train,2018,MS200,31.303079217132947,28.63539765833991,9
Temp-ODE,0,train,2018,MS211,35.522436922796096,31.341602999890437,10
Temp-ODE,0,train,2018,MS221,45.05158891175882,34.6341404170191,10
Temp-ODE,0,train,2018,MS224,44.14744537942632,35.113252643997875,10
Temp-ODE,0,train,2018,MS225,42.92303099407816,34.88268476101136,10
Temp-ODE,0,train,2018,MS226,48.36185276090694,41.067277613742405,10
Temp-ODE,0,train,2018,MS24A,35.72553656751697,29.896929248035793,10
Temp-ODE,0,train,2018,MS67,68.0378697013173,45.97281839276617,10
Temp-ODE,0,train,2018,MS71,51.76900239421414,46.51452114006704,10
Temp-ODE,0,train,2018,MS72,33.441717819343154,28.15951519366002,10
Temp-ODE,0,train,2018,Mo46,54.16897038302124,41.50273355644529,8
Temp-ODE,0,train,2018,Mo47,29.3897265205411,22.038837367864197,8
Temp-ODE,0,train,2018,Mo5,66.03025277030555,56.8935596074435,9
Temp-ODE,0,train,2018,N192,43.329428451889996,37.17543948313533,10
Temp-ODE,0,train,2018,N193,41.81594111107945,35.81220917548358,10
Temp-ODE,0,train,2018,N201,52.93250437722731,44.995900983452366,10
Temp-ODE,0,train,2018,N211,57.56259498196779,51.268576037666584,10
Temp-ODE,0,train,2018,N217,52.228694510778816,39.91010303318429,10
Temp-ODE,0,train,2018,N28Ht,51.60193316548486,39.374439703869214,10
Temp-ODE,0,train,2018,N501,43.81128542482349,35.90484158110764,9
Temp-ODE,0,train,2018,N523,52.30005818775886,41.488987622146134,10
Temp-ODE,0,train,2018,N527,49.637682369124036,38.9995651333858,10
Temp-ODE,0,train,2018,N534,41.746868926002755,32.29587632753849,10
Temp-ODE,0,train,2018,N542,58.35552017038967,47.95032967357147,9
Temp-ODE,0,train,2018,N6,43.69919984363146,36.51245038294987,10
Temp-ODE,0,train,2018,NC262,41.91031877467708,35.409413631728775,10
Temp-ODE,0,train,2018,NC294,57.14720171197716,46.27957103716937,10
Temp-ODE,0,train,2018,NC310,42.6017982241563,33.295583383085116,10
Temp-ODE,0,train,2018,NC326,49.875351593802876,42.7147473095784,10
Temp-ODE,0,train,2018,NC328,40.612137988109,34.0909179889828,10
Temp-ODE,0,train,2018,NC368,51.12239040956883,43.14826533757788,9
Temp-ODE,0,train,2018,NC412,43.94848435117583,34.810727608721365,10
Temp-ODE,0,train,2018,ND247,29.733505744811477,23.807736803996384,10
Temp-ODE,0,train,2018,ND265,41.85498649810916,38.305625043910496,10
Temp-ODE,0,train,2018,NK740,56.938832231148126,48.93881040290688,10
Temp-ODE,0,train,2018,NK778,37.3906252096734,30.73693528710305,9
Temp-ODE,0,train,2018,NK807,31.702755418299223,27.52538261025462,10
Temp-ODE,0,train,2018,NKS8326,49.815022190056744,37.006192261600155,10
Temp-ODE,0,train,2018,NORTH 7,32.955139066548355,30.553628028774188,10
Temp-ODE,0,train,2018,NQ508,37.012992768876124,26.787404504706558,10
Temp-ODE,0,train,2018,NS501,38.502740444293465,35.269824207533134,9
Temp-ODE,0,train,2018,NS701,49.47703163831659,37.93266858798709,10
Temp-ODE,0,train,2018,NY 166 (Neveh Yaar),40.74653892865005,30.614537774730387,10
Temp-ODE,0,train,2018,NY6371,51.434890531025154,42.08069873332086,8
Temp-ODE,0,train,2018,Ny821,43.71629015916457,36.16134278938516,10
Temp-ODE,0,train,2018,OH33,44.25658770332281,34.06963589596727,9
Temp-ODE,0,train,2018,OQ403,40.97566699548619,33.92181439783993,10
Temp-ODE,0,train,2018,OQ603,37.346445430195615,30.481758070648528,10
Temp-ODE,0,train,2018,OS602,36.45509542735134,32.784110740396514,10
Temp-ODE,0,train,2018,Oh40B,38.749673481036076,35.42663814660512,10
Temp-ODE,0,train,2018,Oh43,53.48185024605938,44.337431504583584,10
Temp-ODE,0,train,2018,Oh7,48.160060207030966,36.18595381811755,9
Temp-ODE,0,train,2018,Os420,47.08752364467525,40.02168223767412,10
Temp-ODE,0,train,2018,Os426,54.34623306886202,41.5921104083139,10
Temp-ODE,0,train,2018,PHB09,51.43098170167869,41.893555998805176,10
Temp-ODE,0,train,2018,PHB47,50.19247464972422,41.956082881827044,10
Temp-ODE,0,train,2018,PHBA6,46.06375336570298,36.99333029048903,10
Temp-ODE,0,train,2018,PHBB3,50.42042403642611,37.860718778960106,10
Temp-ODE,0,train,2018,PHBW8,48.18089206971589,42.294263991870956,10
Temp-ODE,0,train,2018,PHG29,49.545109143410485,37.78429885475467,10
Temp-ODE,0,train,2018,PHG47,35.34900874054165,32.08397557863882,10
Temp-ODE,0,train,2018,PHG50,43.01015027741693,34.63602819380838,10
Temp-ODE,0,train,2018,PHG71,30.273996585903813,23.796820628653883,10
Temp-ODE,0,train,2018,PHG72,37.39634480390986,33.82277409542074,10
Temp-ODE,0,train,2018,PHG80,46.55436110863591,38.23449506517257,10
Temp-ODE,0,train,2018,PHG83,57.23630753711188,51.80931791438384,10
Temp-ODE,0,train,2018,PHG86,37.64743487022496,31.337673050472056,10
Temp-ODE,0,train,2018,PHGW7,41.84892039021848,36.480810082232104,10
Temp-ODE,0,train,2018,PHH93,43.180780669558885,37.915474401577555,10
Temp-ODE,0,train,2018,PHHV4,46.67553923029315,38.942098350098505,10
Temp-ODE,0,train,2018,PHJ70,59.45675805075047,41.01860165497127,10
Temp-ODE,0,train,2018,PHJ89,38.193099710935904,30.125413575080426,10
Temp-ODE,0,train,2018,PHJ90,44.20222864981435,38.12719788394311,10
Temp-ODE,0,train,2018,PHJR5,39.37111286279466,31.80283100304507,10
Temp-ODE,0,train,2018,PHK35,43.49914301298869,35.208654674089544,10
Temp-ODE,0,train,2018,PHK42,29.265083072046,25.84716187751379,10
Temp-ODE,0,train,2018,PHK56,42.996419733470105,31.01086388508682,10
Temp-ODE,0,train,2018,PHK74,41.658902242181604,35.573964209462346,10
Temp-ODE,0,train,2018,PHKE6,41.57881505428379,34.74617127422797,10
Temp-ODE,0,train,2018,PHM10,51.846112056621386,41.65981943298847,10
Temp-ODE,0,train,2018,PHN11,34.76112538968836,30.70215772561313,10
Temp-ODE,0,train,2018,PHN29,45.271137638941966,31.253537846862034,9
Temp-ODE,0,train,2018,PHN66,38.06420899477762,28.87913721531128,10
Temp-ODE,0,train,2018,PHP02,44.74048060188518,37.02498570684524,10
Temp-ODE,0,train,2018,PHP55,46.890889243800274,36.74300336414895,10
Temp-ODE,0,train,2018,PHP76,40.9701034036469,35.92606063258369,10
Temp-ODE,0,train,2018,PHP85,38.04268340654196,28.92859841967832,10
Temp-ODE,0,train,2018,PHPR5,44.17946875916478,35.01403536175923,10
Temp-ODE,0,train,2018,PHR03,49.56991587043246,42.43077299920421,10
Temp-ODE,0,train,2018,PHR30,49.032274914783805,41.05997623964834,10
Temp-ODE,0,train,2018,PHR31,52.84514763993678,42.575644174224884,10
Temp-ODE,0,train,2018,PHR36,47.77079563436241,40.11715604132819,9
Temp-ODE,0,train,2018,PHR47,54.23932595169113,39.55657931505269,10
Temp-ODE,0,train,2018,PHR58,61.81272169592632,44.80564852700819,10
Temp-ODE,0,train,2018,PHR63,46.839872323031535,38.75087220211171,8
Temp-ODE,0,train,2018,PHT10,49.09283663701159,38.860599389989964,10
Temp-ODE,0,train,2018,PHT47,58.1367181035963,45.94534171711516,10
Temp-ODE,0,train,2018,PHT55,61.483886602244446,53.163447042684965,9
Temp-ODE,0,train,2018,PHTM9,33.29109682111512,30.192864022725825,10
Temp-ODE,0,train,2018,PHV37,46.3156188306347,40.81607687930212,10
Temp-ODE,0,train,2018,PHV57,34.06506763504377,31.854247060749394,10
Temp-ODE,0,train,2018,PHV63,47.57802310902877,31.646582303252348,10
Temp-ODE,0,train,2018,PHVA9,32.58574787931958,25.877919197903942,10
Temp-ODE,0,train,2018,PHW03,43.74312760857865,35.48460540496645,10
Temp-ODE,0,train,2018,PHW17,55.41924920710176,47.641649887367464,10
Temp-ODE,0,train,2018,PHW20,50.89466006242305,38.819057487342874,8
Temp-ODE,0,train,2018,PHW30,40.37017288034719,34.53494944058447,10
Temp-ODE,0,train,2018,PHW52,38.42765595684978,28.73211649613673,9
Temp-ODE,0,train,2018,PHW53,45.31013787119922,41.76421709279789,10
Temp-ODE,0,train,2018,PHW79,58.54349744253436,46.97553970344249,9
Temp-ODE,0,train,2018,PHW80,52.84537158731012,44.214690896563624,10
Temp-ODE,0,train,2018,PHW86,41.43383604953336,34.91509232500905,10
Temp-ODE,0,train,2018,PHZ51,50.071168755927054,39.76957186171601,10
Temp-ODE,0,train,2018,Pa392,48.216285060345484,39.9608381625837,10
Temp-ODE,0,train,2018,Pa405,42.70094874810567,35.31302181386748,10
Temp-ODE,0,train,2018,Pa762,35.82328941642119,27.124689374595107,10
Temp-ODE,0,train,2018,Pa875,47.40862617981478,35.558974530556824,10
Temp-ODE,0,train,2018,Pa880,81.12472660908415,73.36080005820097,10
Temp-ODE,0,train,2018,Pa91,60.73382038279111,57.21528985992154,10
Temp-ODE,0,train,2018,Q381,32.885605571103056,28.490337276104732,10
Temp-ODE,0,train,2018,R168,45.96848407401157,32.379473303251224,10
Temp-ODE,0,train,2018,R181B,42.758368506343096,32.62727046353618,10
Temp-ODE,0,train,2018,R226,53.13232859650846,44.714148582525425,10
Temp-ODE,0,train,2018,R227,55.50066336162567,49.96935757948453,10
Temp-ODE,0,train,2018,R71,53.481271458602365,45.35729362470757,10
Temp-ODE,0,train,2018,R78,58.74602360290794,48.13455748297521,10
Temp-ODE,0,train,2018,S8326,42.695710295900895,33.745943923601466,10
Temp-ODE,0,train,2018,SD101,47.84662555734455,36.58913900264742,10
Temp-ODE,0,train,2018,SD102,39.63923445308245,31.255039995029836,10
Temp-ODE,0,train,2018,SD107,33.20201589278899,27.671097849173897,10
Temp-ODE,0,train,2018,SD40,47.838370071045425,37.34196368547002,10
Temp-ODE,0,train,2018,SD44,47.11805573149941,40.94866973318075,10
Temp-ODE,0,train,2018,SG 30A,44.629009766852654,37.29394476954555,10
Temp-ODE,0,train,2018,Seagull Seventeen,52.70052652144266,41.14627612566199,10
Temp-ODE,0,train,2018,T242,28.531534135906007,24.746992692131915,10
Temp-ODE,0,train,2018,TZU-CHIAO-HSI-WU 105,36.5002892833967,32.79946107707882,10
Temp-ODE,0,train,2018,Tr,53.001323443744745,45.89590303816552,10
Temp-ODE,0,train,2018,Va26,55.18720105103942,44.3294755663325,10
Temp-ODE,0,train,2018,Va35,45.91847211652414,40.35216930938077,10
Temp-ODE,0,train,2018,Va52,44.51809335184698,35.76874158124956,10
Temp-ODE,0,train,2018,Va59,43.52094828745985,33.91250111802577,9
Temp-ODE,0,train,2018,Va99,51.719779514064946,45.51356105843459,10
Temp-ODE,0,train,2018,VaW6,26.527734636851257,21.14799625398874,10
Temp-ODE,0,train,2018,W117Ht,40.89422177608248,34.08601927824964,10
Temp-ODE,0,train,2018,W153R,35.264276205110164,29.243957663994014,10
Temp-ODE,0,train,2018,W22,50.077890466859834,40.46797169541388,10
Temp-ODE,0,train,2018,W23,51.284915805585214,39.81515138489317,10
Temp-ODE,0,train,2018,W24,47.476725037498376,35.29617651272986,10
Temp-ODE,0,train,2018,W32,41.02428120823704,35.769250252956326,10
Temp-ODE,0,train,2018,W37A,40.95392433978947,30.80300778588765,10
Temp-ODE,0,train,2018,W552,43.685803933480095,38.78971523502673,10
Temp-ODE,0,train,2018,W603S,35.99467565110857,26.18872839774189,10
Temp-ODE,0,train,2018,W604S,33.84121236197345,27.648744931405236,10
Temp-ODE,0,train,2018,W605S,51.536786542486034,41.24534531116698,10
Temp-ODE,0,train,2018,W607S,44.387451648702466,38.20736718832486,10
Temp-ODE,0,train,2018,W610S,50.39502384700724,38.36661081265224,10
Temp-ODE,0,train,2018,W612S,29.321812936713236,25.92506268720993,10
Temp-ODE,0,train,2018,W614S,28.565908138779445,25.206854263619462,10
Temp-ODE,0,train,2018,W64A,49.00048327453691,40.695749018729984,10
Temp-ODE,0,train,2018,W701BC,39.59648073928203,35.91879693626309,10
Temp-ODE,0,train,2018,W809G,58.64583759236894,48.53389717191565,10
Temp-ODE,0,train,2018,W810G,56.51209959337331,48.8112268981522,10
Temp-ODE,0,train,2018,W812G,51.191625359293475,49.02096971161105,9
Temp-ODE,0,train,2018,W813G,33.95654818976525,27.263289114787938,10
Temp-ODE,0,train,2018,W814G,42.475350237562274,39.38559536847306,8
Temp-ODE,0,train,2018,W8304,48.01477501327956,40.413010227185055,10
Temp-ODE,0,train,2018,W9,45.82884139520761,36.949116846865394,10
Temp-ODE,0,train,2018,WIL900,43.01163392645063,35.346459866191694,10
Temp-ODE,0,train,2018,WR3,56.36962737666943,49.20875852617646,10
Temp-ODE,0,train,2018,WU-TAN-TZAO,46.89204756110027,44.33776958735922,9
Temp-ODE,0,train,2018,YE 4,50.20017473271003,42.61187643115936,10
Temp-ODE,0,train,2018,YING-55,62.37047808271438,51.07094637823518,10
Temp-ODE,0,train,2018,Yu796 NS,40.12137942986335,34.13141799047714,10
Temp-ODE,0,train,2018,ZS635,45.776124303511324,40.058208694118356,10
Temp-ODE,0,train,2019,1538,44.175872143342175,39.77932843317109,17
Temp-ODE,0,train,2019,2369,52.13440244441963,43.12286263143208,16
Temp-ODE,0,train,2019,29MIBZ2,43.184046065629865,36.73671286228711,17
Temp-ODE,0,train,2019,2FACC,40.150954956584904,35.40909637065712,17
Temp-ODE,0,train,2019,2FADB,52.35078232148628,44.99684186075897,17
Temp-ODE,0,train,2019,2MA22,54.837855963770494,46.32962661162525,17
Temp-ODE,0,train,2019,2MCDB,49.01105590770424,44.43496591883801,17
Temp-ODE,0,train,2019,3IJI1,42.04767643187628,36.579783705991154,17
Temp-ODE,0,train,2019,4226,56.00587141299268,50.533579613466024,17
Temp-ODE,0,train,2019,4F-306 108,47.79323795436888,42.01063690540195,17
Temp-ODE,0,train,2019,4N506,47.48991702041386,43.054081621417644,17
Temp-ODE,0,train,2019,6F629,50.954538806724386,46.796452106496886,16
Temp-ODE,0,train,2019,6M502,58.15601864400857,52.57650322435837,17
Temp-ODE,0,train,2019,6M502A,51.38978666081498,47.780305030606826,17
Temp-ODE,0,train,2019,764,40.725750858660675,37.44837419437289,17
Temp-ODE,0,train,2019,78010,42.42646285840838,38.28397123504959,17
Temp-ODE,0,train,2019,78551S,41.71411527261273,35.742075322165974,15
Temp-ODE,0,train,2019,790,38.63370885341171,34.721007875019325,17
Temp-ODE,0,train,2019,793,53.10131063637792,44.29533445975132,17
Temp-ODE,0,train,2019,87916W,52.049539730536,49.04814651067002,17
Temp-ODE,0,train,2019,911,36.76263762862832,33.81199626451891,17
Temp-ODE,0,train,2019,912,39.01152770224837,32.04115681360047,17
Temp-ODE,0,train,2019,91IFC2,43.679717312543275,36.82741596803354,17
Temp-ODE,0,train,2019,A,55.39996278561448,48.56509066195602,17
Temp-ODE,0,train,2019,A208,47.18790064155523,41.793939150746795,17
Temp-ODE,0,train,2019,A239,42.43579283096731,39.215806467600004,17
Temp-ODE,0,train,2019,A258,50.512745962295234,46.71312915570519,16
Temp-ODE,0,train,2019,A272,41.785901945410714,39.03088142300466,17
Temp-ODE,0,train,2019,A305,49.49868569709273,43.97232677864651,17
Temp-ODE,0,train,2019,A321,40.71966378577882,36.17593910970904,17
Temp-ODE,0,train,2019,A322,40.23024167481525,35.8102935695167,16
Temp-ODE,0,train,2019,A334,41.07033073883358,38.22830061281599,17
Temp-ODE,0,train,2019,A340,43.886954293884784,40.081969110785806,17
Temp-ODE,0,train,2019,A374,53.08103456809152,43.91043025926455,16
Temp-ODE,0,train,2019,A385,35.32279157827339,31.317920398490923,17
Temp-ODE,0,train,2019,A427,54.35650554770573,45.746002178394995,17
Temp-ODE,0,train,2019,A548,39.63000654460326,32.650798908172476,17
Temp-ODE,0,train,2019,A556,38.84941106393173,35.881367191146715,17
Temp-ODE,0,train,2019,A572,45.2836931424397,37.510815606855715,17
Temp-ODE,0,train,2019,A619,43.239167867901564,38.866914766520146,17
Temp-ODE,0,train,2019,A627,50.36753218454691,47.7330669535277,17
Temp-ODE,0,train,2019,A632,43.883289123297295,39.87958395330244,17
Temp-ODE,0,train,2019,A634,44.43858065987391,41.700353714284745,17
Temp-ODE,0,train,2019,A635,51.204515984334975,43.56665527066793,17
Temp-ODE,0,train,2019,A641,33.73818440883468,28.912172294822746,17
Temp-ODE,0,train,2019,A648,47.65504185283318,44.06327211509672,17
Temp-ODE,0,train,2019,A649,46.06241083857313,33.921269763868736,16
Temp-ODE,0,train,2019,A659,55.797191330233474,50.53841771246488,17
Temp-ODE,0,train,2019,A663,51.46414599083816,46.75019532293857,16
Temp-ODE,0,train,2019,A672,49.207474004396275,43.53290329609018,17
Temp-ODE,0,train,2019,A674,48.190400523790125,42.603675189390835,17
Temp-ODE,0,train,2019,A679,43.79719065956411,36.564785135487284,17
Temp-ODE,0,train,2019,A680,51.94460348121685,47.19841927773115,16
Temp-ODE,0,train,2019,A682,41.4471363369847,35.57992392051432,17
Temp-ODE,0,train,2019,A71,62.45885437055284,54.959051060768516,16
Temp-ODE,0,train,2019,A73,48.54716898740188,41.09758176338532,16
Temp-ODE,0,train,2019,AQA3,56.45277567736215,45.13225899809539,16
Temp-ODE,0,train,2019,AS6103,48.70192169892632,44.576815437722416,17
Temp-ODE,0,train,2019,AusTRCF 306238,37.81404370253769,35.77563261771041,15
Temp-ODE,0,train,2019,B-18 INBR.FR.SUPERGOLD,44.00564898996708,39.56405659533729,17
Temp-ODE,0,train,2019,B-28,44.75656387229149,38.96155869603038,17
Temp-ODE,0,train,2019,B103,49.82207681842893,44.27418123697014,17
Temp-ODE,0,train,2019,B104,51.941585970701446,45.38037814733881,17
Temp-ODE,0,train,2019,B105,56.9269446634434,49.67532603375821,17
Temp-ODE,0,train,2019,B107,43.673144034433186,39.1553609402096,17
Temp-ODE,0,train,2019,B108,51.545843684353116,46.43655888258002,17
Temp-ODE,0,train,2019,B110,45.19221762010541,39.51004385691451,17
Temp-ODE,0,train,2019,B111,62.22853296151811,55.072834225371004,17
Temp-ODE,0,train,2019,B114,39.09454384599463,35.7235643310387,17
Temp-ODE,0,train,2019,B115,54.73617015073306,46.724671199651404,17
Temp-ODE,0,train,2019,B119,56.29269603741348,51.94586143522999,17
Temp-ODE,0,train,2019,B120,59.64425553627028,53.73576615202042,17
Temp-ODE,0,train,2019,B121,56.34380800781096,47.385567840456396,17
Temp-ODE,0,train,2019,B14,45.75603817475814,42.37744875735955,15
Temp-ODE,0,train,2019,B14A,49.905890594757764,45.00352054010239,17
Temp-ODE,0,train,2019,B164,48.81868791520731,44.59974729424075,17
Temp-ODE,0,train,2019,B2,53.945815620624685,45.05564720801214,17
Temp-ODE,0,train,2019,B37,54.46855975260246,50.44627808233569,17
Temp-ODE,0,train,2019,B46,50.42589836748907,42.986902577846614,16
Temp-ODE,0,train,2019,B57,53.29612249177852,43.96924433737507,17
Temp-ODE,0,train,2019,B65,47.299809327960226,39.83585036784534,17
Temp-ODE,0,train,2019,B66,57.283013651459676,52.36534827686329,17
Temp-ODE,0,train,2019,B68,58.67142070684406,51.99119132503147,17
Temp-ODE,0,train,2019,B70,43.26810998649333,39.38430827057862,17
Temp-ODE,0,train,2019,B75,43.80839165171534,38.98033102816695,16
Temp-ODE,0,train,2019,B76,54.01418387012092,49.66381322060508,17
Temp-ODE,0,train,2019,B77,48.86679828249299,41.447965472876334,17
Temp-ODE,0,train,2019,B79,46.71531507384083,39.99849265981135,17
Temp-ODE,0,train,2019,B84,46.62510656630508,40.12751589945759,17
Temp-ODE,0,train,2019,B85,49.64702190508795,44.91346687004419,17
Temp-ODE,0,train,2019,B87,49.897522672360104,45.13965356690326,17
Temp-ODE,0,train,2019,B88,43.88730529441278,38.057350515278394,17
Temp-ODE,0,train,2019,B91,51.476413678843144,46.27927252934766,17
Temp-ODE,0,train,2019,B97,55.46169639904788,44.98823271609146,17
Temp-ODE,0,train,2019,BEI 10 = NORTH 10,52.66865339406399,44.990143084735735,17
Temp-ODE,0,train,2019,BO9,48.20501574107989,42.29539936325381,17
Temp-ODE,0,train,2019,C103,49.82203844073494,39.821943717376115,17
Temp-ODE,0,train,2019,C123,35.80201145056095,29.10940273920963,17
Temp-ODE,0,train,2019,CA-4,52.22446468308953,42.52449286948378,17
Temp-ODE,0,train,2019,CG102,50.041491026204454,45.15488035189421,17
Temp-ODE,0,train,2019,CH157,52.55071157997662,44.528964899178,16
Temp-ODE,0,train,2019,CH701-30,42.722344326956474,38.88345293245675,17
Temp-ODE,0,train,2019,CH711-10,43.20327347798631,39.51369734872796,16
Temp-ODE,0,train,2019,CH9,48.08608509107652,41.53611296292763,17
Temp-ODE,0,train,2019,CI 40H,55.24698990599512,49.366551473090794,17
Temp-ODE,0,train,2019,CM105,53.21082191822194,44.447303037202325,17
Temp-ODE,0,train,2019,CO257,48.18810101886685,42.69300140148039,16
Temp-ODE,0,train,2019,CO258,48.83511510736043,40.75405124668204,16
Temp-ODE,0,train,2019,CQ702RC,41.55115100490357,37.35918798827217,17
Temp-ODE,0,train,2019,CR 22 INBRED,58.19151861308599,52.001511461019085,17
Temp-ODE,0,train,2019,CS405,40.73302591296612,37.09349786010528,17
Temp-ODE,0,train,2019,DE2,43.46982921938877,39.83273615076762,17
Temp-ODE,0,train,2019,DE4,37.90023221670016,34.652752107841586,17
Temp-ODE,0,train,2019,DE811,45.83993857787604,43.089074416235675,16
Temp-ODE,0,train,2019,DJ7,50.82121721265579,46.15834686406435,17
Temp-ODE,0,train,2019,DK3IIH6,53.83294432211639,45.0193372470755,17
Temp-ODE,0,train,2019,DK4676A,44.144375393153425,40.30159834162916,17
Temp-ODE,0,train,2019,DK78002A,46.324755656137334,40.70159656061004,17
Temp-ODE,0,train,2019,DK78010,42.625139719416545,37.41283687859087,17
Temp-ODE,0,train,2019,DKFAPW,48.29043604275749,44.4429704839288,17
Temp-ODE,0,train,2019,DKFBHJ,57.24801624552844,50.07275760409901,17
Temp-ODE,0,train,2019,DKMBNA,62.9274094055583,48.08725132181478,17
Temp-ODE,0,train,2019,DKPB80,58.75529930517309,49.419523970985935,17
Temp-ODE,0,train,2019,E8501,39.50635998415257,36.41292495342253,17
Temp-ODE,0,train,2019,EAST 028,46.632396553053034,43.013829326140794,17
Temp-ODE,0,train,2019,Eng-Li Chih,54.47348149550965,46.28465186020259,17
Temp-ODE,0,train,2019,F118,57.215573232983026,52.82496779254118,17
Temp-ODE,0,train,2019,F2834T,43.70358916098702,39.711874317844014,17
Temp-ODE,0,train,2019,FBLA,39.99011550337063,36.49879042440543,17
Temp-ODE,0,train,2019,FR19,134.97683862005016,98.86709599157896,17
Temp-ODE,0,train,2019,G80,44.98422798939325,41.55266971293861,17
Temp-ODE,0,train,2019,H110,49.24421727684276,43.305928656672755,17
Temp-ODE,0,train,2019,H113,56.34535825513729,43.62210569952404,15
Temp-ODE,0,train,2019,H121,52.60235804388013,46.07675566393788,17
Temp-ODE,0,train,2019,H122w,42.178128302435745,37.55939267705609,17
Temp-ODE,0,train,2019,H42,40.25020703334998,36.128728264120724,16
Temp-ODE,0,train,2019,H5,48.342983097153706,42.3785673985848,17
Temp-ODE,0,train,2019,H71,51.873069733742554,46.74884959484369,17
Temp-ODE,0,train,2019,H84,44.01345269680498,39.359152611318386,17
Temp-ODE,0,train,2019,H91,52.024438296257614,47.82300109417559,17
Temp-ODE,0,train,2019,H95,46.05167770961457,38.62404877338445,15
Temp-ODE,0,train,2019,H96,57.76110287617484,49.17222161936479,15
Temp-ODE,0,train,2019,H99,36.55328110333112,32.800247401062876,17
Temp-ODE,0,train,2019,HP301,54.98368291709143,48.731010445071504,17
Temp-ODE,0,train,2019,HUANYAO,55.125102060038294,40.28807679276758,17
Temp-ODE,0,train,2019,I29,62.860488896400064,47.49958621107673,16
Temp-ODE,0,train,2019,IA2132,44.77094461804005,39.53744806827916,17
Temp-ODE,0,train,2019,IBB14,48.990869312812926,42.66147766840531,17
Temp-ODE,0,train,2019,IBB15,41.10241463850406,38.19901010143603,17
Temp-ODE,0,train,2019,IBC2,48.62100161462378,42.941613938040454,16
Temp-ODE,0,train,2019,ICI 193,45.6036361632715,40.72368431645663,17
Temp-ODE,0,train,2019,ICI 740,48.913177892390266,42.32577726389324,17
Temp-ODE,0,train,2019,ICI 893,41.59817251654275,39.525290903293005,17
Temp-ODE,0,train,2019,ICI 986,48.03133579372149,44.231435610513536,17
Temp-ODE,0,train,2019,IDS28,58.776785242384676,51.47143593611184,17
Temp-ODE,0,train,2019,IDS69,26.31040037043137,23.617205962939966,16
Temp-ODE,0,train,2019,IDS91,49.43317598039422,43.49555482760756,17
Temp-ODE,0,train,2019,INB 101LFY/LFY (A632 X M16 S5),48.106999710603176,41.14397851291588,17
Temp-ODE,0,train,2019,INBRED 141,50.39728963979651,45.28264393054824,15
Temp-ODE,0,train,2019,INBRED 2-687,43.126055615097485,37.46757892760132,17
Temp-ODE,0,train,2019,INBRED 305,31.314699044808993,28.034846712382326,16
Temp-ODE,0,train,2019,INBRED 309,34.594242865480645,31.36168887322718,17
Temp-ODE,0,train,2019,INBRED 321,49.93573026336254,45.56870702178997,15
Temp-ODE,0,train,2019,Ia 453,41.51627844684922,34.114242881609286,17
Temp-ODE,0,train,2019,J47,47.63395072444113,41.477593887366986,17
Temp-ODE,0,train,2019,K150,53.769816338629845,47.583042225799694,17
Temp-ODE,0,train,2019,K41,47.11736100486628,42.36830604335006,17
Temp-ODE,0,train,2019,K47,52.665354017799224,46.37356163176438,16
Temp-ODE,0,train,2019,K55,47.090140403819504,37.66302335238159,17
Temp-ODE,0,train,2019,KUNG-70,39.117945627457345,33.728604848725624,17
Temp-ODE,0,train,2019,L 127,38.45657726952326,34.041822860515374,17
Temp-ODE,0,train,2019,L 135,46.012007300544035,40.046801155521905,17
Temp-ODE,0,train,2019,L 139,49.78332222069409,41.52218748549999,17
Temp-ODE,0,train,2019,L 155,49.86373053732397,42.892124477304804,17
Temp-ODE,0,train,2019,L 289,71.74541400593876,61.31687228497546,17
Temp-ODE,0,train,2019,LH1,37.805328205081814,35.77366081222101,17
Temp-ODE,0,train,2019,LH119,47.02103015562749,41.11599472496411,16
Temp-ODE,0,train,2019,LH128,49.35699629335055,45.218083768895475,17
Temp-ODE,0,train,2019,LH143 (Maintainer),53.838459738869275,44.61723022199643,17
Temp-ODE,0,train,2019,LH145,51.31466854717249,45.46853858003751,17
Temp-ODE,0,train,2019,LH146Ht,52.22110691242187,45.24761227740299,16
Temp-ODE,0,train,2019,LH149,38.26306531130372,34.64450077245415,17
Temp-ODE,0,train,2019,LH165,44.62092806727817,41.02245086518564,17
Temp-ODE,0,train,2019,LH166,34.52069169038818,29.79293895234032,16
Temp-ODE,0,train,2019,LH172,33.93346306879012,30.459113877994476,16
Temp-ODE,0,train,2019,LH184,41.12868461921313,36.3241010607475,17
Temp-ODE,0,train,2019,LH185,52.4734597874601,47.590572129137264,15
Temp-ODE,0,train,2019,LH190,49.1398387928174,43.37034899130961,17
Temp-ODE,0,train,2019,LH191,46.683471287247265,36.39361788579242,16
Temp-ODE,0,train,2019,LH192,46.743045139533756,41.29539516469708,17
Temp-ODE,0,train,2019,LH194,38.02594089377493,33.57659142689189,17
Temp-ODE,0,train,2019,LH195,47.60455952081574,45.03856298711688,17
Temp-ODE,0,train,2019,LH197,54.510574403572996,49.27010710261897,17
Temp-ODE,0,train,2019,LH198,50.47921997413082,47.153376196356234,17
Temp-ODE,0,train,2019,LH199,45.91481944356967,42.45624364469883,17
Temp-ODE,0,train,2019,LH202,52.80293076734817,46.7004899160387,17
Temp-ODE,0,train,2019,LH204,40.75698202007145,37.87265473046923,17
Temp-ODE,0,train,2019,LH205,39.48048461679649,36.93273797974832,17
Temp-ODE,0,train,2019,LH206,46.74105836508279,39.666118091411725,16
Temp-ODE,0,train,2019,LH208,48.51881818845173,44.94416589734148,16
Temp-ODE,0,train,2019,LH209,46.146689013383345,39.62065647963382,17
Temp-ODE,0,train,2019,LH213,48.50411258719841,36.702688341687875,16
Temp-ODE,0,train,2019,LH214,42.426221537833456,39.01407874050939,17
Temp-ODE,0,train,2019,LH215,47.79304321562265,40.049244695492156,15
Temp-ODE,0,train,2019,LH222,41.96139963241346,35.57601661629709,17
Temp-ODE,0,train,2019,LH223,47.02020143281193,41.58141069508489,16
Temp-ODE,0,train,2019,LH224,39.887928798015274,36.18862258508369,16
Temp-ODE,0,train,2019,LH295,45.19952471636174,40.68514414441177,17
Temp-ODE,0,train,2019,LH59,48.10169708789842,41.19916437544065,17
Temp-ODE,0,train,2019,LH60,49.3988331834997,44.12461927563751,17
Temp-ODE,0,train,2019,LH61,35.70611068172283,30.815800717739805,16
Temp-ODE,0,train,2019,LH74,47.572630883159825,42.6596271753563,17
Temp-ODE,0,train,2019,LH82,43.58424750728072,37.90644086153638,17
Temp-ODE,0,train,2019,LH93,44.95427902963527,40.83492076302757,17
Temp-ODE,0,train,2019,LIBC 4,44.89110682306612,38.53012886698864,17
Temp-ODE,0,train,2019,LP1 NR HT,53.307536312073225,49.17655570404301,17
Temp-ODE,0,train,2019,LP5,68.65647077979439,53.29418385158749,16
Temp-ODE,0,train,2019,Lp215D,53.484483652403775,46.99003191319017,17
Temp-ODE,0,train,2019,M14,44.59227055476438,40.33672481464917,17
Temp-ODE,0,train,2019,MBPM,49.19430335994144,45.14984623222087,17
Temp-ODE,0,train,2019,MBWZ,54.77057248896453,47.28481591022296,17
Temp-ODE,0,train,2019,MEF156-55-2,55.45500918794064,46.05456434832911,16
Temp-ODE,0,train,2019,ML606,62.66565756632646,52.78501649622547,17
Temp-ODE,0,train,2019,MM501D,56.58166412194227,41.483042739983716,17
Temp-ODE,0,train,2019,MQ305,48.22902456509635,42.187109784076824,16
Temp-ODE,0,train,2019,MS116,60.057737832929156,49.168934370864825,16
Temp-ODE,0,train,2019,MS132,51.27706493008882,45.55836149439699,17
Temp-ODE,0,train,2019,MS153,46.99227682878179,42.107441844902205,17
Temp-ODE,0,train,2019,MS200,38.40147237341881,32.98087539064889,17
Temp-ODE,0,train,2019,MS211,44.51815251179983,41.149522664503124,17
Temp-ODE,0,train,2019,MS221,48.73606847479707,45.04022874488191,17
Temp-ODE,0,train,2019,MS224,68.44353430288898,51.58589451789818,15
Temp-ODE,0,train,2019,MS225,52.19931640739731,45.739919366688234,17
Temp-ODE,0,train,2019,MS226,45.679460560530835,39.35504170800618,17
Temp-ODE,0,train,2019,MS24A,39.78255211931085,33.81046121207337,17
Temp-ODE,0,train,2019,MS67,61.59621175272534,51.32940109279885,16
Temp-ODE,0,train,2019,MS71,50.011201802992545,43.69131325097777,17
Temp-ODE,0,train,2019,MS72,47.64333397655166,41.649110774878544,17
Temp-ODE,0,train,2019,Mo46,45.28170863244179,39.759340888309374,16
Temp-ODE,0,train,2019,Mo47,48.7556030899246,44.11558859916448,17
Temp-ODE,0,train,2019,Mo5,56.33497507367636,44.82411738769136,16
Temp-ODE,0,train,2019,N192,42.89995884954727,39.873190691345975,17
Temp-ODE,0,train,2019,N193,40.98845011585902,36.72121946206661,17
Temp-ODE,0,train,2019,N201,54.34115423041118,47.58549643225818,17
Temp-ODE,0,train,2019,N211,58.40601203445181,47.01909441367904,17
Temp-ODE,0,train,2019,N217,51.57562959435104,45.24342388715894,17
Temp-ODE,0,train,2019,N28Ht,46.456733343930246,41.789328700006564,17
Temp-ODE,0,train,2019,N501,52.307404702866116,45.76650382093231,16
Temp-ODE,0,train,2019,N523,53.620946964627905,49.3189689554299,17
Temp-ODE,0,train,2019,N527,54.82985969403885,49.001289593854594,17
Temp-ODE,0,train,2019,N534,58.25615419855204,52.032343475219754,17
Temp-ODE,0,train,2019,N542,47.945592518440215,41.09449251843553,17
Temp-ODE,0,train,2019,N6,48.89978246202536,44.176236770513135,17
Temp-ODE,0,train,2019,NC262,49.94251776701627,41.06200517170702,16
Temp-ODE,0,train,2019,NC294,40.39921479751458,37.034867236080814,17
Temp-ODE,0,train,2019,NC310,45.31062999592969,38.95988141093193,17
Temp-ODE,0,train,2019,NC326,47.08467100257833,40.77749321339073,17
Temp-ODE,0,train,2019,NC328,46.936166980457905,38.83649631140033,17
Temp-ODE,0,train,2019,NC368,48.53090870152674,39.81835752748587,16
Temp-ODE,0,train,2019,NC412,52.6688909596391,50.36253367389667,15
Temp-ODE,0,train,2019,ND247,40.605128042656155,34.21766537808864,15
Temp-ODE,0,train,2019,ND265,49.84921323261671,42.066901925445336,17
Temp-ODE,0,train,2019,NK740,65.75032802472116,52.91908934656753,17
Temp-ODE,0,train,2019,NK778,52.79691342140612,39.67460859235396,16
Temp-ODE,0,train,2019,NK807,43.165124646596155,36.39173787838491,17
Temp-ODE,0,train,2019,NKS8326,47.73741981989414,43.74594261741795,17
Temp-ODE,0,train,2019,NORTH 7,44.68480662010202,38.75925250020238,17
Temp-ODE,0,train,2019,NQ508,50.97189954413541,45.33757361623467,17
Temp-ODE,0,train,2019,NS501,32.451332383120224,27.974147558927893,17
Temp-ODE,0,train,2019,NS701,52.49401902491073,45.94155540809436,17
Temp-ODE,0,train,2019,NY 166 (Neveh Yaar),45.586870114623146,42.36106041967123,17
Temp-ODE,0,train,2019,NY6371,51.94264677129391,43.94967641968908,17
Temp-ODE,0,train,2019,Ny821,49.23032928741791,43.03537575726955,17
Temp-ODE,0,train,2019,OH33,55.28338606929026,48.55216981568291,17
Temp-ODE,0,train,2019,OQ403,44.112122013627236,37.3722852613465,17
Temp-ODE,0,train,2019,OQ603,49.58146392151691,42.23421413019532,17
Temp-ODE,0,train,2019,OS602,38.945651956444316,32.000383963654706,17
Temp-ODE,0,train,2019,Oh40B,54.23585947028086,46.382363447083684,17
Temp-ODE,0,train,2019,Oh43,41.712589322328164,35.22395328502374,17
Temp-ODE,0,train,2019,Oh7,62.936270016591074,52.13670987040208,15
Temp-ODE,0,train,2019,Os420,59.06900050218188,53.59602202818646,17
Temp-ODE,0,train,2019,Os426,50.15982127974934,43.69654150244968,17
Temp-ODE,0,train,2019,PHB09,43.585615983961524,38.30305175179973,17
Temp-ODE,0,train,2019,PHB47,47.51161490175443,42.455140192184565,17
Temp-ODE,0,train,2019,PHBA6,57.76638174259639,49.737539315420904,17
Temp-ODE,0,train,2019,PHBB3,47.52418347525453,41.84609680199671,17
Temp-ODE,0,train,2019,PHBW8,76.24956114856623,57.105748668977704,15
Temp-ODE,0,train,2019,PHG29,45.3947784370496,40.748211716890346,17
Temp-ODE,0,train,2019,PHG47,52.015644369317684,43.74239291980466,17
Temp-ODE,0,train,2019,PHG50,48.550499971792476,42.81627477749438,17
Temp-ODE,0,train,2019,PHG71,38.0501089776252,32.00334883765151,17
Temp-ODE,0,train,2019,PHG72,43.77741181136755,37.9610830249218,17
Temp-ODE,0,train,2019,PHG80,44.75351454773282,38.42359340651925,17
Temp-ODE,0,train,2019,PHG83,52.85125820620476,45.46696841107221,17
Temp-ODE,0,train,2019,PHG86,56.47260164474141,46.49589467098458,16
Temp-ODE,0,train,2019,PHGW7,49.206748815118786,43.4100996853758,17
Temp-ODE,0,train,2019,PHH93,36.45576192182653,32.52279907527855,17
Temp-ODE,0,train,2019,PHHV4,50.327265371398376,45.42432386079555,17
Temp-ODE,0,train,2019,PHJ70,45.3230302056825,41.48954533992065,17
Temp-ODE,0,train,2019,PHJ89,48.709115120589345,42.152217153089985,17
Temp-ODE,0,train,2019,PHJ90,39.86386862924962,35.098249213119715,16
Temp-ODE,0,train,2019,PHJR5,60.214107667939665,49.76565704473307,17
Temp-ODE,0,train,2019,PHK35,54.85334891688002,50.07734519187217,17
Temp-ODE,0,train,2019,PHK42,42.58558082446714,36.91992389207984,17
Temp-ODE,0,train,2019,PHK56,48.15552513261556,44.58419843682814,17
Temp-ODE,0,train,2019,PHK74,48.848788507951056,41.345292368005175,17
Temp-ODE,0,train,2019,PHKE6,45.9667668691795,41.01554378112927,17
Temp-ODE,0,train,2019,PHM10,43.78522595099825,38.8686971458563,16
Temp-ODE,0,train,2019,PHN11,38.87879502966696,35.67878787963735,17
Temp-ODE,0,train,2019,PHN29,46.65980031393928,42.46575560593561,17
Temp-ODE,0,train,2019,PHN66,48.75044792962794,45.03414961731961,16
Temp-ODE,0,train,2019,PHP02,39.77021689119862,36.673633202255104,17
Temp-ODE,0,train,2019,PHP55,47.32842507120257,43.61209849097946,17
Temp-ODE,0,train,2019,PHP76,52.5624649936739,46.24194102330482,17
Temp-ODE,0,train,2019,PHP85,39.52766089168054,35.527990505880915,17
Temp-ODE,0,train,2019,PHPR5,40.89638216854852,37.08568332755178,16
Temp-ODE,0,train,2019,PHR03,53.369281027829125,46.00822254392192,17
Temp-ODE,0,train,2019,PHR30,49.310661075738764,43.55050533744357,17
Temp-ODE,0,train,2019,PHR31,56.88532937198494,53.145661435197916,17
Temp-ODE,0,train,2019,PHR36,46.98988036833829,44.352766759668626,17
Temp-ODE,0,train,2019,PHR47,52.18099011745164,47.3085190073839,17
Temp-ODE,0,train,2019,PHR58,39.02647406240083,36.526583725541116,16
Temp-ODE,0,train,2019,PHR63,44.12494121877034,41.51682434068204,17
Temp-ODE,0,train,2019,PHT10,47.32395388138948,43.117920721667815,17
Temp-ODE,0,train,2019,PHT47,53.19502489894652,43.23759735495051,17
Temp-ODE,0,train,2019,PHT55,52.591818773033495,42.64389669093045,17
Temp-ODE,0,train,2019,PHTM9,44.202828263255526,39.063227198607684,17
Temp-ODE,0,train,2019,PHV37,47.677613179451946,41.58951663200361,17
Temp-ODE,0,train,2019,PHV57,41.524446280017,37.27480455585927,17
Temp-ODE,0,train,2019,PHV63,48.323303789603486,44.60682082481324,17
Temp-ODE,0,train,2019,PHVA9,43.39628283460865,37.322924590578225,17
Temp-ODE,0,train,2019,PHW03,46.16706838661746,37.9127906743572,17
Temp-ODE,0,train,2019,PHW17,45.575554293344894,38.03858586057591,17
Temp-ODE,0,train,2019,PHW20,47.41910106487606,41.744508575858966,17
Temp-ODE,0,train,2019,PHW30,56.84398584346484,46.878333977345974,15
Temp-ODE,0,train,2019,PHW52,45.38150328971421,41.58017185801117,17
Temp-ODE,0,train,2019,PHW53,47.73343048470271,37.98623236133829,16
Temp-ODE,0,train,2019,PHW79,47.44890638088159,40.05237945610574,15
Temp-ODE,0,train,2019,PHW80,54.93368374603467,45.31317872436904,17
Temp-ODE,0,train,2019,PHW86,40.275194597998805,36.51323111206926,17
Temp-ODE,0,train,2019,PHZ51,51.55656988948464,47.57293914221221,17
Temp-ODE,0,train,2019,Pa392,61.567512498328156,49.51659012488091,17
Temp-ODE,0,train,2019,Pa405,46.38122101429522,40.873377086263105,17
Temp-ODE,0,train,2019,Pa762,37.159322978607776,35.78551314573181,17
Temp-ODE,0,train,2019,Pa875,50.503727301361906,44.41660687261374,17
Temp-ODE,0,train,2019,Pa880,60.82101268233868,53.64147134684058,17
Temp-ODE,0,train,2019,Pa91,55.73950529437758,49.5645603584038,17
Temp-ODE,0,train,2019,Q381,49.54237911954877,43.15063209475531,17
Temp-ODE,0,train,2019,R168,49.767192955972625,44.976922156225314,17
Temp-ODE,0,train,2019,R181B,49.9099346879398,42.72892802645923,17
Temp-ODE,0,train,2019,R226,60.59300375600489,53.37399318564934,17
Temp-ODE,0,train,2019,R227,55.018710473586175,49.11548343191856,17
Temp-ODE,0,train,2019,R71,51.451307996784,43.3469360445215,17
Temp-ODE,0,train,2019,R78,41.489299453198825,37.69516534723834,16
Temp-ODE,0,train,2019,S8326,51.71253640171071,48.75353337790923,15
Temp-ODE,0,train,2019,SD101,43.489101021633076,37.953257457690036,17
Temp-ODE,0,train,2019,SD102,44.963408994736966,38.32017269618811,17
Temp-ODE,0,train,2019,SD107,47.34307028334111,41.73228191552809,17
Temp-ODE,0,train,2019,SD40,47.46535136822457,44.333034547811195,17
Temp-ODE,0,train,2019,SD44,51.74222540099502,46.886110018077005,17
Temp-ODE,0,train,2019,SG 30A,35.292355550656524,31.42304852511299,17
Temp-ODE,0,train,2019,Seagull Seventeen,51.03441796173463,42.42817137494439,16
Temp-ODE,0,train,2019,T242,48.17661592523372,41.63282838753607,15
Temp-ODE,0,train,2019,TZU-CHIAO-HSI-WU 105,53.14376242717234,45.92614969388849,17
Temp-ODE,0,train,2019,Tr,49.66887696629076,45.4078929449883,17
Temp-ODE,0,train,2019,Va26,53.22269501743506,47.11454322508156,16
Temp-ODE,0,train,2019,Va35,47.7032215261319,43.073027545782146,17
Temp-ODE,0,train,2019,Va52,51.76260627566182,43.54260450370754,16
Temp-ODE,0,train,2019,Va59,41.59056235110232,37.889578783378944,17
Temp-ODE,0,train,2019,Va99,54.46110340990431,51.089641946157585,17
Temp-ODE,0,train,2019,VaW6,41.2913015011604,38.45090767025411,17
Temp-ODE,0,train,2019,W117Ht,66.04765217985756,51.55346308631108,16
Temp-ODE,0,train,2019,W153R,48.03886355200345,38.96379103268591,17
Temp-ODE,0,train,2019,W22,51.15852522534244,45.504100913882596,17
Temp-ODE,0,train,2019,W23,57.82437683638455,53.37998284461401,17
Temp-ODE,0,train,2019,W24,50.25146407966239,44.34078329926324,16
Temp-ODE,0,train,2019,W32,45.63823330726554,40.251120655924375,17
Temp-ODE,0,train,2019,W37A,56.43270357494647,45.68296991227268,15
Temp-ODE,0,train,2019,W552,54.09446054922762,44.20766612784445,17
Temp-ODE,0,train,2019,W603S,69.52703995121759,58.23175393220814,15
Temp-ODE,0,train,2019,W604S,45.14758632784143,40.198075828810914,17
Temp-ODE,0,train,2019,W605S,53.19134719730857,47.020744679798916,17
Temp-ODE,0,train,2019,W607S,52.33568075069878,46.399453723665786,17
Temp-ODE,0,train,2019,W610S,43.010490191169225,39.58637739238907,16
Temp-ODE,0,train,2019,W612S,46.45465837989665,39.729858025607975,17
Temp-ODE,0,train,2019,W614S,50.0244439499219,40.930010215059866,17
Temp-ODE,0,train,2019,W64A,50.24468683399439,43.37843049321282,17
Temp-ODE,0,train,2019,W701BC,36.81097401909085,32.87540381518241,17
Temp-ODE,0,train,2019,W809G,58.94265864374465,56.15589364654012,17
Temp-ODE,0,train,2019,W810G,51.610363059327184,46.170964587004214,17
Temp-ODE,0,train,2019,W812G,54.640345278644766,41.69936535722068,17
Temp-ODE,0,train,2019,W813G,36.12641593954873,33.34143169336197,17
Temp-ODE,0,train,2019,W814G,60.5838248465865,45.107537905437894,17
Temp-ODE,0,train,2019,W8304,47.4487591064154,41.82796559229037,17
Temp-ODE,0,train,2019,W9,45.23588661869726,37.67507170981295,17
Temp-ODE,0,train,2019,WIL900,46.59106656811963,41.79110497149792,17
Temp-ODE,0,train,2019,WR3,47.01195759594461,41.29271431107703,17
Temp-ODE,0,train,2019,WU-TAN-TZAO,60.938079826602646,46.61018200735278,16
Temp-ODE,0,train,2019,YE 4,53.17177136151195,43.535979718057874,17
Temp-ODE,0,train,2019,YING-55,67.83901100844872,58.17703382848479,17
Temp-ODE,0,train,2019,Yu796 NS,52.34421992402901,44.13108620974116,17
Temp-ODE,0,train,2019,ZS635,42.328235420238,38.238355263100544,17
Temp-ODE,0,val,2020,1538,113.5128260003686,93.40747560132945,5
Temp-ODE,0,val,2020,2369,188.78579104454735,157.25735844112555,6
Temp-ODE,0,val,2020,29MIBZ2,158.8904903491753,111.4028037835684,7
Temp-ODE,0,val,2020,2FACC,88.05927606965619,74.03923942566803,7
Temp-ODE,0,val,2020,2FADB,132.62565430974232,102.60163703298211,7
Temp-ODE,0,val,2020,2MA22,131.37034098290047,93.00345813040245,7
Temp-ODE,0,val,2020,2MCDB,138.07874167019517,103.22306376742647,6
Temp-ODE,0,val,2020,3IJI1,123.63330289885393,85.37638430160584,7
Temp-ODE,0,val,2020,4226,121.43589958637517,90.43416388915323,7
Temp-ODE,0,val,2020,4F-306 108,84.00018921490218,66.769029802196,7
Temp-ODE,0,val,2020,4N506,119.39582404821375,90.03649635303117,6
Temp-ODE,0,val,2020,6F629,91.96469628973867,73.23246341879904,7
Temp-ODE,0,val,2020,6M502,118.94597543850686,83.58661555696895,7
Temp-ODE,0,val,2020,6M502A,133.00505912093064,103.36192890217315,7
Temp-ODE,0,val,2020,764,120.19131216736987,79.74620621701108,7
Temp-ODE,0,val,2020,78010,124.55130025288358,86.05060263371664,7
Temp-ODE,0,val,2020,78551S,61.226219913245345,50.853940371182034,7
Temp-ODE,0,val,2020,790,119.85135506043666,81.45939500695694,7
Temp-ODE,0,val,2020,793,64.83808338327167,58.313522933715724,7
Temp-ODE,0,val,2020,87916W,106.73331536244439,80.88635014700853,7
Temp-ODE,0,val,2020,911,100.1907256177734,69.4194396907502,7
Temp-ODE,0,val,2020,912,117.60512561424477,81.86122869335314,7
Temp-ODE,0,val,2020,91IFC2,166.51653044651562,118.68504983546713,6
Temp-ODE,0,val,2020,A,96.15744028426003,72.13688428497062,7
Temp-ODE,0,val,2020,A208,107.66578525881394,85.4640957117512,7
Temp-ODE,0,val,2020,A239,90.03445095219045,69.49245005364763,7
Temp-ODE,0,val,2020,A258,100.47886707764835,80.01475186147788,7
Temp-ODE,0,val,2020,A272,97.48582886104289,73.59003988997219,7
Temp-ODE,0,val,2020,A305,121.96820086247551,86.92841150032369,7
Temp-ODE,0,val,2020,A321,125.06434096055614,87.73234743598607,7
Temp-ODE,0,val,2020,A322,113.44483871845915,87.22467668796607,7
Temp-ODE,0,val,2020,A334,81.74634696678248,63.4298079914707,7
Temp-ODE,0,val,2020,A340,151.0506516804441,106.16935197560294,7
Temp-ODE,0,val,2020,A374,129.28643039461554,96.15768377559083,7
Temp-ODE,0,val,2020,A385,143.01297943196204,97.24757873401904,7
Temp-ODE,0,val,2020,A427,98.22061763438346,84.22125117768192,7
Temp-ODE,0,val,2020,A548,87.46145470946306,64.62603575800031,7
Temp-ODE,0,val,2020,A556,108.85639169999962,78.85566390897678,6
Temp-ODE,0,val,2020,A572,81.57617122731435,65.59375630692143,7
Temp-ODE,0,val,2020,A619,84.23538251438633,61.54964479882064,7
Temp-ODE,0,val,2020,A627,148.4024799827383,114.14907631013831,7
Temp-ODE,0,val,2020,A632,133.84960861028173,93.87738532364934,7
Temp-ODE,0,val,2020,A634,101.02917761714552,76.08281131450362,7
Temp-ODE,0,val,2020,A635,83.90727593570294,65.10364783691027,7
Temp-ODE,0,val,2020,A641,83.51670934047249,67.17611974413269,7
Temp-ODE,0,val,2020,A648,112.17130961051595,78.90293214959145,7
Temp-ODE,0,val,2020,A649,107.43228999510637,82.1125950937396,7
Temp-ODE,0,val,2020,A659,103.1845645386583,76.20802669959053,7
Temp-ODE,0,val,2020,A663,92.62149489310819,79.18620689859539,7
Temp-ODE,0,val,2020,A672,128.91848180647767,88.86394486326277,7
Temp-ODE,0,val,2020,A674,90.06340548604474,69.0112185932414,7
Temp-ODE,0,val,2020,A679,155.39321626302913,114.74252513183816,7
Temp-ODE,0,val,2020,A680,143.21963657909632,97.27059459352436,6
Temp-ODE,0,val,2020,A682,116.72434149292295,85.09686627064805,7
Temp-ODE,0,val,2020,A71,88.5075019000509,74.911081050599,7
Temp-ODE,0,val,2020,A73,72.646551503974,52.26074985895264,7
Temp-ODE,0,val,2020,AQA3,109.76899815718659,81.28543279071924,7
Temp-ODE,0,val,2020,AS6103,145.93063202896118,107.62654017931509,6
Temp-ODE,0,val,2020,AusTRCF 306238,75.75374372559095,62.847767465601414,7
Temp-ODE,0,val,2020,B-18 INBR.FR.SUPERGOLD,90.5389142496536,73.84826954062983,7
Temp-ODE,0,val,2020,B-28,99.46272630431751,73.69342214283543,7
Temp-ODE,0,val,2020,B103,130.03235919921602,91.22853614098553,7
Temp-ODE,0,val,2020,B104,108.18886728477372,82.4566152441784,7
Temp-ODE,0,val,2020,B105,152.89063945588623,121.58162043879214,6
Temp-ODE,0,val,2020,B107,113.06831158766937,77.8460795545704,6
Temp-ODE,0,val,2020,B108,75.45915757163098,50.57440185209511,7
Temp-ODE,0,val,2020,B110,73.2947900693678,60.47887252024085,7
Temp-ODE,0,val,2020,B111,104.32425478616129,87.10531971344987,7
Temp-ODE,0,val,2020,B114,157.60603187324494,127.27128924486756,6
Temp-ODE,0,val,2020,B115,120.83605068548435,85.70817235202392,7
Temp-ODE,0,val,2020,B119,124.00512193369195,84.19053379825051,7
Temp-ODE,0,val,2020,B120,104.75680065584497,74.63459827873501,7
Temp-ODE,0,val,2020,B121,109.6476344586675,93.55170605627563,7
Temp-ODE,0,val,2020,B14,156.78618772433558,131.27169603171555,6
Temp-ODE,0,val,2020,B14A,126.4706661804207,93.99900986693005,6
Temp-ODE,0,val,2020,B164,105.91273856963643,74.59921480059286,7
Temp-ODE,0,val,2020,B2,73.22699270978582,51.82380366605821,7
Temp-ODE,0,val,2020,B37,104.26706143254667,85.37830782419914,7
Temp-ODE,0,val,2020,B46,95.35525650246652,73.31072639686364,6
Temp-ODE,0,val,2020,B57,100.25420298101511,79.25363407749403,7
Temp-ODE,0,val,2020,B65,123.973270543829,100.25502484307552,7
Temp-ODE,0,val,2020,B66,94.7728743976885,66.44226543151932,7
Temp-ODE,0,val,2020,B68,124.94933379943379,99.2229587672167,7
Temp-ODE,0,val,2020,B70,83.0248188102453,67.6696212885025,7
Temp-ODE,0,val,2020,B75,74.16908462123962,61.17822543875535,7
Temp-ODE,0,val,2020,B76,111.40134246399431,83.86965815374364,7
Temp-ODE,0,val,2020,B77,106.94998247885582,87.33957393054652,7
Temp-ODE,0,val,2020,B79,60.68620836771289,44.58592778919487,6
Temp-ODE,0,val,2020,B84,110.2262404534334,79.70280576029697,7
Temp-ODE,0,val,2020,B85,97.26086313943806,80.81508709699277,7
Temp-ODE,0,val,2020,B87,101.02714039232657,66.80724379960058,7
Temp-ODE,0,val,2020,B88,146.05496647256143,113.4071189553673,7
Temp-ODE,0,val,2020,B91,82.25159036458413,69.72986717614418,7
Temp-ODE,0,val,2020,B97,110.03531246721148,82.53978901214555,7
Temp-ODE,0,val,2020,BEI 10 = NORTH 10,99.86012938854388,77.55919143107133,7
Temp-ODE,0,val,2020,BO9,92.31470784555893,75.7457828323626,5
Temp-ODE,0,val,2020,C103,77.05570004514198,60.66648460364841,6
Temp-ODE,0,val,2020,C123,108.02184574583175,81.2330110666313,7
Temp-ODE,0,val,2020,CA-4,83.26509993434212,64.05545970626135,7
Temp-ODE,0,val,2020,CG102,75.61041426599606,53.91739284367959,7
Temp-ODE,0,val,2020,CH157,95.4084802445208,83.29708947473948,7
Temp-ODE,0,val,2020,CH701-30,88.17749039684941,69.83458690708042,6
Temp-ODE,0,val,2020,CH711-10,96.6064243169486,71.55115432531655,7
Temp-ODE,0,val,2020,CH9,135.26414807003897,95.9532190263999,7
Temp-ODE,0,val,2020,CI 40H,125.63537534833783,103.72888760303182,6
Temp-ODE,0,val,2020,CM105,114.79531763904474,81.70930534001789,7
Temp-ODE,0,val,2020,CO257,122.75657947112578,85.47883823416875,7
Temp-ODE,0,val,2020,CO258,69.70544524356553,56.027209683202784,7
Temp-ODE,0,val,2020,CQ702RC,128.59138209993742,99.4408665503138,7
Temp-ODE,0,val,2020,CR 22 INBRED,121.42476064818072,114.29406624067899,5
Temp-ODE,0,val,2020,CS405,85.39921760431153,68.1310289423359,6
Temp-ODE,0,val,2020,DE2,128.56239161425802,101.3952634466461,6
Temp-ODE,0,val,2020,DE4,122.40409954127249,84.07415788519185,7
Temp-ODE,0,val,2020,DE811,95.44474157044912,77.8349617246134,6
Temp-ODE,0,val,2020,DJ7,122.5457950943224,89.3765774748939,7
Temp-ODE,0,val,2020,DK3IIH6,110.09137527927264,91.20306549376846,7
Temp-ODE,0,val,2020,DK4676A,128.5903114992796,98.7933214515809,6
Temp-ODE,0,val,2020,DK78002A,119.41407782388211,83.9243841618505,7
Temp-ODE,0,val,2020,DK78010,129.56257166395025,87.14790995371393,7
Temp-ODE,0,val,2020,DKFAPW,96.36982106027858,83.86960776237655,7
Temp-ODE,0,val,2020,DKFBHJ,137.3744039342041,98.34135798091494,7
Temp-ODE,0,val,2020,DKMBNA,106.11049649457036,97.65297516391017,5
Temp-ODE,0,val,2020,DKPB80,89.93583470629184,80.74666895325929,7
Temp-ODE,0,val,2020,E8501,92.91751843101505,76.07402588467924,6
Temp-ODE,0,val,2020,EAST 028,106.31771867786513,85.54123566902106,7
Temp-ODE,0,val,2020,Eng-Li Chih,71.78415582115284,60.97141238295168,7
Temp-ODE,0,val,2020,F118,112.92143175295264,81.7397677132519,7
Temp-ODE,0,val,2020,F2834T,111.13509555511258,94.53324600276524,7
Temp-ODE,0,val,2020,FBLA,156.4119432001006,106.40917186972626,7
Temp-ODE,0,val,2020,FR19,51.62113780471333,45.49338974522133,7
Temp-ODE,0,val,2020,G80,91.97458251662249,70.21424648427849,7
Temp-ODE,0,val,2020,H110,113.42209760312558,86.52177435012445,7
Temp-ODE,0,val,2020,H113,81.56475497157655,71.32557705415185,7
Temp-ODE,0,val,2020,H121,90.66520576804075,67.02364011491026,7
Temp-ODE,0,val,2020,H122w,138.90627897103656,107.99284002389892,7
Temp-ODE,0,val,2020,H42,125.13616875068213,101.11075105469594,6
Temp-ODE,0,val,2020,H5,139.0539444942098,101.66080239470146,7
Temp-ODE,0,val,2020,H71,141.55948417755593,102.31943580745963,6
Temp-ODE,0,val,2020,H84,146.29120724364753,113.54215723490395,7
Temp-ODE,0,val,2020,H91,112.58621370031571,78.4841942444124,7
Temp-ODE,0,val,2020,H95,68.64692457146425,57.23474510726006,7
Temp-ODE,0,val,2020,H96,80.4428485219948,67.44435392502963,7
Temp-ODE,0,val,2020,H99,110.14651882493136,79.15637215256457,7
Temp-ODE,0,val,2020,HP301,90.1347818808439,71.52888105778489,7
Temp-ODE,0,val,2020,HUANYAO,101.32696785245992,85.66814372795771,7
Temp-ODE,0,val,2020,I29,108.12351019010627,83.65098645045292,7
Temp-ODE,0,val,2020,IA2132,153.6973243250746,119.29743119291409,6
Temp-ODE,0,val,2020,IBB14,156.3291104714967,118.37503889699464,7
Temp-ODE,0,val,2020,IBB15,163.70383746097775,114.28190360953441,7
Temp-ODE,0,val,2020,IBC2,118.64073212114785,85.65829916181376,7
Temp-ODE,0,val,2020,ICI 193,150.95940117290738,106.84277457530759,7
Temp-ODE,0,val,2020,ICI 740,137.77000173048359,124.00165521811365,5
Temp-ODE,0,val,2020,ICI 893,109.81602017813181,73.89688784488074,7
Temp-ODE,0,val,2020,ICI 986,129.6117720995961,87.66182719956919,7
Temp-ODE,0,val,2020,IDS28,75.1868202412034,61.043321996002206,7
Temp-ODE,0,val,2020,IDS69,93.0614776620227,75.11090992425797,7
Temp-ODE,0,val,2020,IDS91,87.26568333341856,61.115234666100605,7
Temp-ODE,0,val,2020,INB 101LFY/LFY (A632 X M16 S5),60.93839883526002,54.58285519052153,7
Temp-ODE,0,val,2020,INBRED 141,108.56776953486468,81.54277891111359,7
Temp-ODE,0,val,2020,INBRED 2-687,128.22844173727668,92.02585386284223,6
Temp-ODE,0,val,2020,INBRED 305,108.31440763087716,79.52888928005466,7
Temp-ODE,0,val,2020,INBRED 309,118.48479220614855,98.90431965879104,6
Temp-ODE,0,val,2020,INBRED 321,77.7267903772582,58.2628173615716,7
Temp-ODE,0,val,2020,Ia 453,80.06749008822838,53.6473084183841,7
Temp-ODE,0,val,2020,J47,95.32215799534139,74.34755878124908,7
Temp-ODE,0,val,2020,K150,82.78433682303815,62.06659154113298,7
Temp-ODE,0,val,2020,K41,116.42273169305322,84.3477173055128,7
Temp-ODE,0,val,2020,K47,41.97356968579572,37.19508922483755,7
Temp-ODE,0,val,2020,K55,71.35058326436183,54.66347679658296,7
Temp-ODE,0,val,2020,KUNG-70,103.46826223253191,74.02937398158899,7
Temp-ODE,0,val,2020,L 127,160.95488953949456,107.91574861293896,7
Temp-ODE,0,val,2020,L 135,117.62630242985776,83.58960165916206,7
Temp-ODE,0,val,2020,L 139,117.02147806221551,91.30126281958242,6
Temp-ODE,0,val,2020,L 155,146.53798489730195,110.10909520155322,7
Temp-ODE,0,val,2020,L 289,100.47596351558956,78.20017357318082,7
Temp-ODE,0,val,2020,LH1,99.11346475916424,76.98287909087493,7
Temp-ODE,0,val,2020,LH119,108.29984773866103,81.99453406494261,7
Temp-ODE,0,val,2020,LH128,122.14207601027644,103.96040069684557,7
Temp-ODE,0,val,2020,LH143 (Maintainer),87.99104543394763,62.14175282732344,6
Temp-ODE,0,val,2020,LH145,85.41316948700145,69.10376007385958,7
Temp-ODE,0,val,2020,LH146Ht,72.8275227434734,62.7894921801344,7
Temp-ODE,0,val,2020,LH149,114.30775945736342,92.26808540895138,6
Temp-ODE,0,val,2020,LH165,136.91561592174443,99.67898770656136,6
Temp-ODE,0,val,2020,LH166,134.7599812360313,96.21975397484759,7
Temp-ODE,0,val,2020,LH172,138.43546660172515,95.65512588997117,7
Temp-ODE,0,val,2020,LH184,143.60243151073237,93.91132779173766,7
Temp-ODE,0,val,2020,LH185,99.39251878675964,76.02303574026625,7
Temp-ODE,0,val,2020,LH190,121.93024328308972,89.88977561084046,7
Temp-ODE,0,val,2020,LH191,116.2006271300654,81.94407878246837,7
Temp-ODE,0,val,2020,LH192,94.05707087592936,69.61427539674118,7
Temp-ODE,0,val,2020,LH194,109.43971381563038,85.95461354568371,7
Temp-ODE,0,val,2020,LH195,90.87494318290074,71.37126283715652,7
Temp-ODE,0,val,2020,LH197,80.45798794242424,59.88957183091731,7
Temp-ODE,0,val,2020,LH198,100.5812660737769,81.21165113880822,7
Temp-ODE,0,val,2020,LH199,80.85726270841556,66.06176292916908,7
Temp-ODE,0,val,2020,LH202,133.16039683061882,100.57819865679646,5
Temp-ODE,0,val,2020,LH204,106.89455162956664,76.4078442862325,7
Temp-ODE,0,val,2020,LH205,120.58041690418843,94.27748939415912,7
Temp-ODE,0,val,2020,LH206,125.60682068237065,88.12863014167026,7
Temp-ODE,0,val,2020,LH208,76.25576946267087,58.98263809288551,7
Temp-ODE,0,val,2020,LH209,90.47080066281602,69.01779402003365,7
Temp-ODE,0,val,2020,LH213,71.39323214682076,56.822106111748084,7
Temp-ODE,0,val,2020,LH214,74.46683607217024,56.60624125904909,7
Temp-ODE,0,val,2020,LH215,135.02538862831574,108.2888406437817,7
Temp-ODE,0,val,2020,LH222,148.52337134938307,117.69304452462526,7
Temp-ODE,0,val,2020,LH223,111.3303366290395,79.15517734900095,7
Temp-ODE,0,val,2020,LH224,121.14764020310238,95.08806472045217,6
Temp-ODE,0,val,2020,LH295,132.7569366263514,97.81479168241776,6
Temp-ODE,0,val,2020,LH59,131.21336153585668,88.69991201719517,7
Temp-ODE,0,val,2020,LH60,126.08168665407213,98.35001499125792,7
Temp-ODE,0,val,2020,LH61,115.5583604581326,87.31190524985062,7
Temp-ODE,0,val,2020,LH74,105.39297949104223,78.39435140431517,7
Temp-ODE,0,val,2020,LH82,121.71905925487881,87.35344214863031,7
Temp-ODE,0,val,2020,LH93,111.52876496500267,75.76469162124924,7
Temp-ODE,0,val,2020,LIBC 4,125.5118273351716,91.21251349760621,6
Temp-ODE,0,val,2020,LP1 NR HT,118.6286195663756,81.84260193075417,7
Temp-ODE,0,val,2020,LP5,91.97318405773183,79.41995717587683,7
Temp-ODE,0,val,2020,Lp215D,151.3840352596849,99.07096350226799,7
Temp-ODE,0,val,2020,M14,75.32152932287937,62.79300330853676,7
Temp-ODE,0,val,2020,MBPM,102.28018056766837,75.28038475741847,7
Temp-ODE,0,val,2020,MBWZ,100.23323928680213,78.55183249287568,7
Temp-ODE,0,val,2020,MEF156-55-2,100.27952576336689,74.79051513437503,7
Temp-ODE,0,val,2020,ML606,133.03129310856596,91.63168541925201,7
Temp-ODE,0,val,2020,MM501D,79.68322653153089,65.40427133995817,7
Temp-ODE,0,val,2020,MQ305,122.32322048926432,97.56745734745564,7
Temp-ODE,0,val,2020,MS116,138.55062022515162,99.72018189749456,6
Temp-ODE,0,val,2020,MS132,117.21428267737052,90.45553854171469,7
Temp-ODE,0,val,2020,MS153,156.12341202477953,105.09623937451697,6
Temp-ODE,0,val,2020,MS200,118.06803456047093,85.8456211870554,7
Temp-ODE,0,val,2020,MS211,99.54367307098144,80.09508992029062,7
Temp-ODE,0,val,2020,MS221,89.62959319707429,71.28193449265673,7
Temp-ODE,0,val,2020,MS224,140.25265252689601,117.92473211209783,7
Temp-ODE,0,val,2020,MS225,99.48227676911604,77.66262867588067,7
Temp-ODE,0,val,2020,MS226,77.49668834820952,63.075403964744915,7
Temp-ODE,0,val,2020,MS24A,42.50019803343582,37.600760422643624,7
Temp-ODE,0,val,2020,MS67,43.47282435011557,33.44510421238032,7
Temp-ODE,0,val,2020,MS71,98.84558003160294,69.20203712306468,7
Temp-ODE,0,val,2020,MS72,124.92129748390387,101.76266854830043,5
Temp-ODE,0,val,2020,Mo46,88.59893226616538,70.27962403625949,7
Temp-ODE,0,val,2020,Mo47,86.21880303095043,74.88740258874907,7
Temp-ODE,0,val,2020,Mo5,99.77786898461153,81.11460553516663,7
Temp-ODE,0,val,2020,N192,90.1594422727088,66.03626965573444,7
Temp-ODE,0,val,2020,N193,81.93893613229757,69.2587934529088,7
Temp-ODE,0,val,2020,N201,159.22229907030513,110.1273669061987,6
Temp-ODE,0,val,2020,N211,100.22308427433701,82.98568230301,6
Temp-ODE,0,val,2020,N217,127.63791067228087,109.32133422491749,7
Temp-ODE,0,val,2020,N28Ht,94.59533324886961,76.90488600386648,7
Temp-ODE,0,val,2020,N501,159.05997869717314,125.53762432290951,7
Temp-ODE,0,val,2020,N523,105.17695728723113,76.63069289207881,7
Temp-ODE,0,val,2020,N527,76.80915923826072,61.25074437606673,7
Temp-ODE,0,val,2020,N534,114.97927725457451,89.96319191550772,7
Temp-ODE,0,val,2020,N542,66.44345536294988,50.93755427778916,7
Temp-ODE,0,val,2020,N6,134.3983842152951,89.18668528484906,7
Temp-ODE,0,val,2020,NC262,134.74209938452978,102.37634346083247,7
Temp-ODE,0,val,2020,NC294,93.95034137767273,71.86110165987382,7
Temp-ODE,0,val,2020,NC310,119.90748702943662,86.84840300289851,7
Temp-ODE,0,val,2020,NC326,103.41752734711338,78.68185480095225,7
Temp-ODE,0,val,2020,NC328,120.48665250561343,91.26672269074994,6
Temp-ODE,0,val,2020,NC368,103.46284772342825,82.92735321380265,7
Temp-ODE,0,val,2020,NC412,90.9482600388253,65.7304288272622,7
Temp-ODE,0,val,2020,ND247,80.6586131545514,74.23150167970893,7
Temp-ODE,0,val,2020,ND265,91.72458875246753,77.84699167123871,7
Temp-ODE,0,val,2020,NK740,151.15783680749217,103.39344935914332,7
Temp-ODE,0,val,2020,NK778,98.42876420428955,79.57284799545788,7
Temp-ODE,0,val,2020,NK807,95.1518543573161,74.7830697616216,6
Temp-ODE,0,val,2020,NKS8326,122.07662034537908,91.41236536263841,6
Temp-ODE,0,val,2020,NORTH 7,177.7647139386944,134.3372201489279,6
Temp-ODE,0,val,2020,NQ508,138.9730049070318,94.06831203970725,7
Temp-ODE,0,val,2020,NS501,153.013309531126,115.8614431161583,7
Temp-ODE,0,val,2020,NS701,133.9209540753967,114.08193705883578,7
Temp-ODE,0,val,2020,NY 166 (Neveh Yaar),90.77819498723525,64.2780127793119,7
Temp-ODE,0,val,2020,NY6371,98.97369320780786,71.32762820462865,7
Temp-ODE,0,val,2020,Ny821,82.68726516005918,67.08983911942916,7
Temp-ODE,0,val,2020,OH33,110.47388316496739,73.67641449473838,6
Temp-ODE,0,val,2020,OQ403,127.35437333280213,85.43183710952194,7
Temp-ODE,0,val,2020,OQ603,125.0193242988391,92.17784600933415,7
Temp-ODE,0,val,2020,OS602,150.20039049881456,109.46101383734783,7
Temp-ODE,0,val,2020,Oh40B,136.15684772679074,109.61706514412417,7
Temp-ODE,0,val,2020,Oh43,86.72559753905117,70.75462535964657,7
Temp-ODE,0,val,2020,Oh7,99.35509564893523,77.58682681387367,7
Temp-ODE,0,val,2020,Os420,154.39384549694742,126.17375841867037,5
Temp-ODE,0,val,2020,Os426,95.23029186175974,68.99981350658285,7
Temp-ODE,0,val,2020,PHB09,100.17746970698674,77.26949061688755,5
Temp-ODE,0,val,2020,PHB47,76.91674896443615,64.77772417621671,7
Temp-ODE,0,val,2020,PHBA6,133.51190688405708,91.88413963799296,7
Temp-ODE,0,val,2020,PHBB3,76.40739825935239,59.397090728815996,7
Temp-ODE,0,val,2020,PHBW8,142.30618902885064,112.9088280494541,7
Temp-ODE,0,val,2020,PHG29,73.2348282371943,61.026182097873075,5
Temp-ODE,0,val,2020,PHG47,100.5962029995244,83.21898049083073,7
Temp-ODE,0,val,2020,PHG50,126.86266500876809,91.53437710550376,7
Temp-ODE,0,val,2020,PHG71,118.18679679433345,78.02973819922934,7
Temp-ODE,0,val,2020,PHG72,98.21674104153968,74.11427137280286,7
Temp-ODE,0,val,2020,PHG80,145.1652308735381,114.26694909423496,7
Temp-ODE,0,val,2020,PHG83,75.98649857143707,69.4636425146521,7
Temp-ODE,0,val,2020,PHG86,135.8372298656606,88.36003075760406,7
Temp-ODE,0,val,2020,PHGW7,122.45971270696312,92.19799199478484,7
Temp-ODE,0,val,2020,PHH93,161.29560736054952,108.64919912213216,7
Temp-ODE,0,val,2020,PHHV4,131.3865443912945,101.25825784983182,5
Temp-ODE,0,val,2020,PHJ70,99.8845839819312,77.67466511451947,7
Temp-ODE,0,val,2020,PHJ89,126.96116365414132,98.87263308345004,7
Temp-ODE,0,val,2020,PHJ90,106.3823405570655,74.96701882036761,7
Temp-ODE,0,val,2020,PHJR5,130.41403813668873,107.8990429810181,7
Temp-ODE,0,val,2020,PHK35,137.90884954920588,97.07565799071352,6
Temp-ODE,0,val,2020,PHK42,135.29076019316344,101.54872942596866,7
Temp-ODE,0,val,2020,PHK56,93.8339389330072,73.95566076161751,6
Temp-ODE,0,val,2020,PHK74,132.27624527174933,92.02146486108795,7
Temp-ODE,0,val,2020,PHKE6,98.36074072655308,71.52114569135811,7
Temp-ODE,0,val,2020,PHM10,128.57802631374452,93.0059935471584,7
Temp-ODE,0,val,2020,PHN11,92.59921360565299,68.73925603499937,6
Temp-ODE,0,val,2020,PHN29,90.82383315567502,69.63659338612852,7
Temp-ODE,0,val,2020,PHN66,133.09534049563578,92.85907797361784,6
Temp-ODE,0,val,2020,PHP02,84.00570025388714,63.967303604426384,7
Temp-ODE,0,val,2020,PHP55,89.40723318309249,67.00611348753033,7
Temp-ODE,0,val,2020,PHP76,83.9829481852411,69.68271330555964,7
Temp-ODE,0,val,2020,PHP85,104.68091553489926,70.39124037635045,7
Temp-ODE,0,val,2020,PHPR5,109.86038224835676,73.61798481304199,7
Temp-ODE,0,val,2020,PHR03,147.84704733476104,112.48951055649616,6
Temp-ODE,0,val,2020,PHR30,143.96692661451706,127.93850344342532,5
Temp-ODE,0,val,2020,PHR31,134.3358867772119,95.66488894707928,7
Temp-ODE,0,val,2020,PHR36,127.24522717243016,93.75406657484803,6
Temp-ODE,0,val,2020,PHR47,89.85312947309573,64.01996446908292,7
Temp-ODE,0,val,2020,PHR58,99.90253738048673,84.68660752278545,5
Temp-ODE,0,val,2020,PHR63,113.2623639652252,76.40792843710828,7
Temp-ODE,0,val,2020,PHT10,109.05841229882984,81.81233996678739,7
Temp-ODE,0,val,2020,PHT47,147.88802574764986,118.56066407101785,7
Temp-ODE,0,val,2020,PHT55,151.0368961896169,103.25016706952655,7
Temp-ODE,0,val,2020,PHTM9,124.06556280304248,88.90333584942934,7
Temp-ODE,0,val,2020,PHV37,117.36289770364594,91.28009645130471,7
Temp-ODE,0,val,2020,PHV57,149.54125467921105,100.18341927163407,7
Temp-ODE,0,val,2020,PHV63,116.23529742907836,95.8486472528829,7
Temp-ODE,0,val,2020,PHVA9,151.00378072231868,108.17640930227637,7
Temp-ODE,0,val,2020,PHW03,146.12782449182953,102.59239111061866,7
Temp-ODE,0,val,2020,PHW17,162.08648178717345,111.68019822855094,7
Temp-ODE,0,val,2020,PHW20,120.22115393406881,86.21080123798501,7
Temp-ODE,0,val,2020,PHW30,179.49481389889877,126.31560250318523,7
Temp-ODE,0,val,2020,PHW52,122.15367283913169,96.17477182427895,7
Temp-ODE,0,val,2020,PHW53,111.12431522650394,89.3011704083848,7
Temp-ODE,0,val,2020,PHW79,70.33677294237215,53.54821198012534,7
Temp-ODE,0,val,2020,PHW80,95.65905197149179,82.08123515024168,7
Temp-ODE,0,val,2020,PHW86,131.65300141296626,87.82132761604124,7
Temp-ODE,0,val,2020,PHZ51,84.97038767428053,64.76368392722198,7
Temp-ODE,0,val,2020,Pa392,75.33827091159581,67.6096148539732,7
Temp-ODE,0,val,2020,Pa405,144.8538385682276,105.53713717475156,7
Temp-ODE,0,val,2020,Pa762,95.27234033198978,73.52569416830427,7
Temp-ODE,0,val,2020,Pa875,105.4059749227722,69.75498098478161,7
Temp-ODE,0,val,2020,Pa880,112.2616242466166,86.20785218648325,7
Temp-ODE,0,val,2020,Pa91,125.5066809225069,91.07516463799541,7
Temp-ODE,0,val,2020,Q381,116.8485272309255,85.31885701081832,7
Temp-ODE,0,val,2020,R168,63.77982282822352,54.79588015946849,7
Temp-ODE,0,val,2020,R181B,94.03762015133532,78.73784063258604,7
Temp-ODE,0,val,2020,R226,70.3095232615186,54.277770665435305,7
Temp-ODE,0,val,2020,R227,100.8882787844955,75.69076011728991,7
Temp-ODE,0,val,2020,R71,81.90683625836142,58.06256711579305,7
Temp-ODE,0,val,2020,R78,58.31747163837941,43.8394267305768,7
Temp-ODE,0,val,2020,S8326,66.36127509233575,52.09319840613992,6
Temp-ODE,0,val,2020,SD101,80.14643282199259,60.14342043086441,7
Temp-ODE,0,val,2020,SD102,105.30327411866529,72.21407724364622,7
Temp-ODE,0,val,2020,SD107,141.83008846675426,95.92511492454454,7
Temp-ODE,0,val,2020,SD40,95.0752440378845,70.30617814423992,7
Temp-ODE,0,val,2020,SD44,98.82899823199875,82.91159632073587,7
Temp-ODE,0,val,2020,SG 30A,82.25300610024723,58.604703734191105,7
Temp-ODE,0,val,2020,Seagull Seventeen,140.2545794055119,99.9842627188242,6
Temp-ODE,0,val,2020,T242,87.70536346827363,66.7217219058844,7
Temp-ODE,0,val,2020,TZU-CHIAO-HSI-WU 105,92.158133632015,73.05872707687605,7
Temp-ODE,0,val,2020,Tr,134.58316115243687,106.67667961668751,7
Temp-ODE,0,val,2020,Va26,72.80379208402896,58.17763430997112,7
Temp-ODE,0,val,2020,Va35,114.63410577420512,80.59102876033064,7
Temp-ODE,0,val,2020,Va52,78.66319618396638,70.30192280155862,7
Temp-ODE,0,val,2020,Va59,98.80019228321179,70.55687741018167,7
Temp-ODE,0,val,2020,Va99,127.24199285751247,89.88014563186293,7
Temp-ODE,0,val,2020,VaW6,79.33582939395683,58.8214819676822,7
Temp-ODE,0,val,2020,W117Ht,98.35067353349177,73.6787734849912,7
Temp-ODE,0,val,2020,W153R,148.98954870276953,121.40016544028526,7
Temp-ODE,0,val,2020,W22,87.58101799484504,71.05329391790805,7
Temp-ODE,0,val,2020,W23,86.27978734857268,71.8884138622354,7
Temp-ODE,0,val,2020,W24,79.9463625438699,61.65088046425279,7
Temp-ODE,0,val,2020,W32,104.6573340410742,77.82919595140335,6
Temp-ODE,0,val,2020,W37A,94.74346557306816,74.417633129691,7
Temp-ODE,0,val,2020,W552,123.24735236999223,88.41075386429104,7
Temp-ODE,0,val,2020,W603S,137.59376765913515,89.70809484144687,7
Temp-ODE,0,val,2020,W604S,121.61999114842497,88.09858208498511,7
Temp-ODE,0,val,2020,W605S,157.95520608540437,112.77928497459449,6
Temp-ODE,0,val,2020,W607S,108.52709858936323,79.81995925783421,7
Temp-ODE,0,val,2020,W610S,136.1369653427272,108.71914264884252,7
Temp-ODE,0,val,2020,W612S,132.73138328486172,88.26850795692371,7
Temp-ODE,0,val,2020,W614S,130.14272269472923,92.3384397374003,7
Temp-ODE,0,val,2020,W64A,85.97348657493903,68.8929857857173,5
Temp-ODE,0,val,2020,W701BC,108.24541945316665,75.64247218600975,7
Temp-ODE,0,val,2020,W809G,113.63505421998984,83.57090508501494,7
Temp-ODE,0,val,2020,W810G,88.35074915303444,63.51102034456217,7
Temp-ODE,0,val,2020,W812G,100.34283102356314,70.73820721244122,6
Temp-ODE,0,val,2020,W813G,95.21152648088729,67.2741123187682,7
Temp-ODE,0,val,2020,W814G,88.65691489358173,67.02468551189416,7
Temp-ODE,0,val,2020,W8304,127.32482685086808,95.63779455983699,6
Temp-ODE,0,val,2020,W9,89.43733300549181,64.86087733259981,7
Temp-ODE,0,val,2020,WIL900,143.55599084763804,105.66087039767596,7
Temp-ODE,0,val,2020,WR3,92.58118552444051,77.95856735298284,7
Temp-ODE,0,val,2020,WU-TAN-TZAO,100.79108268215512,72.18200563649441,7
Temp-ODE,0,val,2020,YE 4,113.60062548576666,86.05042735261816,6
Temp-ODE,0,val,2020,YING-55,59.747651117916895,55.80837685224441,7
Temp-ODE,0,val,2020,Yu796 NS,131.58955757157378,97.61121463911402,7
Temp-ODE,0,val,2020,ZS635,149.02344798879454,116.39074488361,6
Temp-ODE,0,test,2021,1538,115.1536594038636,90.69883915213059,10
Temp-ODE,0,test,2021,2369,106.24520126210622,76.20939297440164,10
Temp-ODE,0,test,2021,29MIBZ2,76.08705355090828,50.927068235399496,10
Temp-ODE,0,test,2021,2FACC,92.3247607330879,67.10301792886075,10
Temp-ODE,0,test,2021,2FADB,66.19039906022505,51.614015203319994,10
Temp-ODE,0,test,2021,2MA22,115.44307338523876,86.17492711070588,10
Temp-ODE,0,test,2021,2MCDB,143.42939640498918,112.34166965894151,9
Temp-ODE,0,test,2021,3IJI1,88.09754887399882,66.15054608803123,10
Temp-ODE,0,test,2021,4226,141.6544219925351,115.10384439033646,10
Temp-ODE,0,test,2021,4F-306 108,114.44331672448493,85.54779456892449,9
Temp-ODE,0,test,2021,4N506,101.61592944752897,82.77832921139195,10
Temp-ODE,0,test,2021,6F629,151.14331172078386,125.2321907894246,10
Temp-ODE,0,test,2021,6M502,113.81836187421708,85.4371320520861,10
Temp-ODE,0,test,2021,6M502A,140.109373960761,110.20431845836495,10
Temp-ODE,0,test,2021,764,105.00197459825912,82.97995916899266,10
Temp-ODE,0,test,2021,78010,123.94735298230769,99.27538591942724,10
Temp-ODE,0,test,2021,78551S,73.37090473707427,56.86922773399692,9
Temp-ODE,0,test,2021,790,97.36999099538023,73.92282321348534,10
Temp-ODE,0,test,2021,793,96.39552457597038,68.05875201831425,10
Temp-ODE,0,test,2021,87916W,119.25707911489587,96.18416110665291,9
Temp-ODE,0,test,2021,911,88.5688083227009,60.90201076223464,10
Temp-ODE,0,test,2021,912,118.90125317455863,86.56105402973783,10
Temp-ODE,0,test,2021,91IFC2,103.4050503425581,72.32134946832738,10
Temp-ODE,0,test,2021,A,115.11741921748701,94.84668469119278,10
Temp-ODE,0,test,2021,A208,124.1502001714514,89.21295004142321,10
Temp-ODE,0,test,2021,A239,108.25062117911787,82.60389320768597,10
Temp-ODE,0,test,2021,A258,139.09086324337844,118.12086369301649,10
Temp-ODE,0,test,2021,A272,109.3600892461584,82.92495725789497,10
Temp-ODE,0,test,2021,A305,95.65140448095103,61.89582213811032,10
Temp-ODE,0,test,2021,A321,148.32543537272758,106.4442869036075,10
Temp-ODE,0,test,2021,A322,72.58323861601552,51.067015062177816,10
Temp-ODE,0,test,2021,A334,94.7573810914416,69.36320959246072,10
Temp-ODE,0,test,2021,A340,96.03965175363618,76.68969600850679,10
Temp-ODE,0,test,2021,A374,88.74554018262657,64.71044430520705,10
Temp-ODE,0,test,2021,A385,74.73372324651277,58.488510873646035,10
Temp-ODE,0,test,2021,A427,76.48125597974146,60.48193142129592,10
Temp-ODE,0,test,2021,A548,70.94820386605906,54.696455089450225,10
Temp-ODE,0,test,2021,A556,95.59277274163595,73.85640692734046,10
Temp-ODE,0,test,2021,A572,98.1115994535109,76.33641898289378,10
Temp-ODE,0,test,2021,A619,83.03764719532671,67.72804752165112,10
Temp-ODE,0,test,2021,A627,174.86940743903918,141.41946446622296,10
Temp-ODE,0,test,2021,A632,142.0329891070114,114.30631509621087,9
Temp-ODE,0,test,2021,A634,91.97930443089606,75.55429817045346,10
Temp-ODE,0,test,2021,A635,111.29392891645075,83.59949300060804,10
Temp-ODE,0,test,2021,A641,103.53408427459512,81.38136984544471,10
Temp-ODE,0,test,2021,A648,175.03858079908304,138.43346203742354,9
Temp-ODE,0,test,2021,A649,93.59132243574639,73.91688249968547,10
Temp-ODE,0,test,2021,A659,115.21637145695905,89.72114131596634,10
Temp-ODE,0,test,2021,A663,101.94685741573754,83.56091744922668,10
Temp-ODE,0,test,2021,A672,99.51635762318278,86.92529170293821,10
Temp-ODE,0,test,2021,A674,80.84837052979773,63.04416102773639,10
Temp-ODE,0,test,2021,A679,151.4875631094315,109.70401244830823,10
Temp-ODE,0,test,2021,A680,99.03475798054696,72.52729648233358,10
Temp-ODE,0,test,2021,A682,92.65101640164572,64.91764133115714,10
Temp-ODE,0,test,2021,A71,82.42992875128017,69.49938359463636,10
Temp-ODE,0,test,2021,A73,121.06800457375995,97.80777906364014,10
Temp-ODE,0,test,2021,AQA3,56.656650851781365,37.347568448798285,10
Temp-ODE,0,test,2021,AS6103,86.74383740471276,71.99595005208576,10
Temp-ODE,0,test,2021,AusTRCF 306238,112.17623073289782,92.23135624722488,9
Temp-ODE,0,test,2021,B-18 INBR.FR.SUPERGOLD,68.27520670737013,57.34703003144534,10
Temp-ODE,0,test,2021,B-28,70.1628751160945,60.325793264926915,10
Temp-ODE,0,test,2021,B103,82.0785248921104,67.92652214608493,10
Temp-ODE,0,test,2021,B104,105.73675467177003,88.12720950321288,10
Temp-ODE,0,test,2021,B105,136.22978066016947,108.9340056187253,10
Temp-ODE,0,test,2021,B107,82.05324829162761,60.64023086856774,10
Temp-ODE,0,test,2021,B108,91.02890202381894,73.58246053709509,10
Temp-ODE,0,test,2021,B110,133.33375703732307,106.50742096343323,9
Temp-ODE,0,test,2021,B111,97.48380367657369,78.96424163972517,10
Temp-ODE,0,test,2021,B114,118.21586937137168,79.75794318634988,10
Temp-ODE,0,test,2021,B115,146.0287216914665,121.12051390561523,9
Temp-ODE,0,test,2021,B119,127.49831047748116,97.97790501405954,10
Temp-ODE,0,test,2021,B120,161.43200294887262,128.01874018252374,10
Temp-ODE,0,test,2021,B121,69.30594472843923,55.95043984938045,10
Temp-ODE,0,test,2021,B14,110.99881535585656,85.96307386344125,10
Temp-ODE,0,test,2021,B14A,134.97512380710992,109.25486341205962,9
Temp-ODE,0,test,2021,B164,86.52367443057375,73.59453537916565,10
Temp-ODE,0,test,2021,B2,119.31732660916686,97.83298858449699,9
Temp-ODE,0,test,2021,B37,136.08740342023444,113.67737791867985,10
Temp-ODE,0,test,2021,B46,94.03664151297912,79.180837652894,10
Temp-ODE,0,test,2021,B57,135.25269213754257,112.80946663711413,10
Temp-ODE,0,test,2021,B65,135.9944957662456,101.91096134640284,10
Temp-ODE,0,test,2021,B66,97.42688560314,74.74426456884292,10
Temp-ODE,0,test,2021,B68,164.1725039396564,139.29365077966415,9
Temp-ODE,0,test,2021,B70,85.73864618200665,71.7420116608389,10
Temp-ODE,0,test,2021,B75,64.72954202565872,51.42183629896072,9
Temp-ODE,0,test,2021,B76,76.8682871972535,59.110314110235194,10
Temp-ODE,0,test,2021,B77,130.31381342496917,110.86164375182848,10
Temp-ODE,0,test,2021,B79,106.63888790925489,87.47951591333164,10
Temp-ODE,0,test,2021,B84,141.6754531833556,112.71303683008048,9
Temp-ODE,0,test,2021,B85,116.32329535754721,84.93062180207542,10
Temp-ODE,0,test,2021,B87,64.61097924894705,49.42187114965001,10
Temp-ODE,0,test,2021,B88,93.36596087287423,78.79191427227352,10
Temp-ODE,0,test,2021,B91,83.28293414763942,67.02713146408928,10
Temp-ODE,0,test,2021,B97,132.1575537265657,110.33976236616635,10
Temp-ODE,0,test,2021,BEI 10 = NORTH 10,103.3064722940871,84.5149393782115,10
Temp-ODE,0,test,2021,BO9,61.12960832298828,52.10769977362535,10
Temp-ODE,0,test,2021,C103,122.23555998487228,84.57529768728811,10
Temp-ODE,0,test,2021,C123,77.35702999333274,59.25752937971488,10
Temp-ODE,0,test,2021,CA-4,81.87979612134508,65.64280694918156,10
Temp-ODE,0,test,2021,CG102,87.36750946375251,72.85373933863625,10
Temp-ODE,0,test,2021,CH157,69.58868998024091,53.254879273331674,10
Temp-ODE,0,test,2021,CH701-30,98.49569161711558,74.81937138338114,10
Temp-ODE,0,test,2021,CH711-10,78.53457410249977,60.333965481342375,10
Temp-ODE,0,test,2021,CH9,131.39359502622884,96.33903913813151,10
Temp-ODE,0,test,2021,CI 40H,110.74871996818737,82.32059922006724,10
Temp-ODE,0,test,2021,CM105,93.24474085413704,64.17072833406216,10
Temp-ODE,0,test,2021,CO257,188.60512141203904,161.95633944719336,9
Temp-ODE,0,test,2021,CO258,100.12502994987315,88.79753507579983,10
Temp-ODE,0,test,2021,CQ702RC,147.86550751305964,102.75285068215615,10
Temp-ODE,0,test,2021,CR 22 INBRED,79.9986831905757,64.13129443381024,10
Temp-ODE,0,test,2021,CS405,74.62152606313,58.62367341609904,10
Temp-ODE,0,test,2021,DE2,71.34180525202288,66.48891087875396,10
Temp-ODE,0,test,2021,DE4,93.62578133606759,70.5526002733026,10
Temp-ODE,0,test,2021,DE811,112.39321519037,92.96623259977397,10
Temp-ODE,0,test,2021,DJ7,140.55454471785893,119.82334762960173,10
Temp-ODE,0,test,2021,DK3IIH6,121.50431374688672,97.20679939985939,10
Temp-ODE,0,test,2021,DK4676A,86.52228340924144,55.74336391604855,10
Temp-ODE,0,test,2021,DK78002A,113.0671245717794,87.92284083785363,10
Temp-ODE,0,test,2021,DK78010,117.27738785482236,87.16621550081392,10
Temp-ODE,0,test,2021,DKFAPW,65.06831029845394,57.193150071524066,10
Temp-ODE,0,test,2021,DKFBHJ,145.42665467034684,107.98544676671891,10
Temp-ODE,0,test,2021,DKMBNA,76.21742482529217,56.2557418872889,10
Temp-ODE,0,test,2021,DKPB80,95.85089310343834,74.65596474225842,10
Temp-ODE,0,test,2021,E8501,152.21567496560237,124.86487801756822,9
Temp-ODE,0,test,2021,EAST 028,110.48447261764957,73.27953300178248,10
Temp-ODE,0,test,2021,Eng-Li Chih,73.03977586730082,66.4827287042154,10
Temp-ODE,0,test,2021,F118,99.66553673035325,75.62674040592,10
Temp-ODE,0,test,2021,F2834T,139.22849651179945,117.37175465193843,10
Temp-ODE,0,test,2021,FBLA,143.70163263480288,112.77000315381315,10
Temp-ODE,0,test,2021,FR19,100.47569118070216,79.49141862759647,10
Temp-ODE,0,test,2021,G80,96.36321652715266,73.0006582540716,10
Temp-ODE,0,test,2021,H110,85.00473797587385,68.96347682520259,10
Temp-ODE,0,test,2021,H113,73.19474579087874,62.56627907837661,10
Temp-ODE,0,test,2021,H121,65.15392130514098,57.34315519763591,10
Temp-ODE,0,test,2021,H122w,94.12873774823912,78.4331784532508,10
Temp-ODE,0,test,2021,H42,138.69940667755012,98.73762901868773,10
Temp-ODE,0,test,2021,H5,106.49974737291691,79.92185617261364,10
Temp-ODE,0,test,2021,H71,130.02604895801855,100.70408478687915,10
Temp-ODE,0,test,2021,H84,208.1482058488083,168.20770874787698,10
Temp-ODE,0,test,2021,H91,97.23487787895918,72.68030055502713,10
Temp-ODE,0,test,2021,H95,86.19688472088198,70.8443283045381,10
Temp-ODE,0,test,2021,H96,163.47126343767818,134.27537081567215,10
Temp-ODE,0,test,2021,H99,74.80529743869123,54.179691588443674,10
Temp-ODE,0,test,2021,HP301,145.8302011438386,124.32140714207988,10
Temp-ODE,0,test,2021,HUANYAO,97.23718473034222,75.05362128521047,10
Temp-ODE,0,test,2021,I29,77.03560912696787,57.29496723077756,10
Temp-ODE,0,test,2021,IA2132,112.74328719951305,83.86389250929024,10
Temp-ODE,0,test,2021,IBB14,125.97889237116728,88.41406655727607,10
Temp-ODE,0,test,2021,IBB15,124.03135056687599,97.9397854221248,10
Temp-ODE,0,test,2021,IBC2,158.3022809605023,118.9721186473071,10
Temp-ODE,0,test,2021,ICI 193,111.16695435317331,83.78215422342379,10
Temp-ODE,0,test,2021,ICI 740,121.31404629516746,83.44599746944482,10
Temp-ODE,0,test,2021,ICI 893,121.41047882036628,95.187349600499,10
Temp-ODE,0,test,2021,ICI 986,84.86945824744399,64.62022112179027,10
Temp-ODE,0,test,2021,IDS28,95.21360471607521,78.9633137731866,10
Temp-ODE,0,test,2021,IDS69,122.17861279467265,100.75680206773627,9
Temp-ODE,0,test,2021,IDS91,111.51068084648996,91.97922764117601,10
Temp-ODE,0,test,2021,INB 101LFY/LFY (A632 X M16 S5),57.16208781840778,52.44056747026734,10
Temp-ODE,0,test,2021,INBRED 141,138.9130464978974,111.53229210690787,10
Temp-ODE,0,test,2021,INBRED 2-687,133.82724177649456,103.73743598689471,10
Temp-ODE,0,test,2021,INBRED 305,133.3912616839609,102.18274984583812,10
Temp-ODE,0,test,2021,INBRED 309,188.93574470402697,145.31157066348362,10
Temp-ODE,0,test,2021,INBRED 321,129.72946793174216,106.86868075674255,9
Temp-ODE,0,test,2021,Ia 453,95.56635781782587,81.99954135253388,10
Temp-ODE,0,test,2021,J47,153.31746311691757,125.60070617639215,10
Temp-ODE,0,test,2021,K150,87.11098754719902,75.65259631075799,10
Temp-ODE,0,test,2021,K41,150.88527675281614,129.30837515760996,10
Temp-ODE,0,test,2021,K47,105.43401319105159,92.77390721596234,10
Temp-ODE,0,test,2021,K55,122.14341174520858,99.90445075298285,10
Temp-ODE,0,test,2021,KUNG-70,76.64764049449025,56.7464399797938,10
Temp-ODE,0,test,2021,L 127,85.23567338578384,59.39180228759949,10
Temp-ODE,0,test,2021,L 135,111.28637405159692,74.70182461945744,10
Temp-ODE,0,test,2021,L 139,77.84140886521959,60.25372500488576,10
Temp-ODE,0,test,2021,L 155,113.97571958560647,90.02048192162951,10
Temp-ODE,0,test,2021,L 289,117.57239598528295,88.2689975627396,10
Temp-ODE,0,test,2021,LH1,66.14452294708593,53.73648489169314,10
Temp-ODE,0,test,2021,LH119,89.45280425078766,63.534593698900096,10
Temp-ODE,0,test,2021,LH128,113.0395488086877,100.24830007604339,10
Temp-ODE,0,test,2021,LH143 (Maintainer),79.2892050437548,50.78916866332956,10
Temp-ODE,0,test,2021,LH145,105.35651287255041,89.51800826051453,9
Temp-ODE,0,test,2021,LH146Ht,66.12272331800065,49.78688319125556,10
Temp-ODE,0,test,2021,LH149,74.96254610980161,52.9583523026353,10
Temp-ODE,0,test,2021,LH165,107.28565380156125,95.82702205315347,9
Temp-ODE,0,test,2021,LH166,98.08255506435442,64.69810935192815,10
Temp-ODE,0,test,2021,LH172,159.4892077996763,128.81919217389003,10
Temp-ODE,0,test,2021,LH184,88.76370746260754,65.45403007024758,10
Temp-ODE,0,test,2021,LH185,118.34859401107373,87.80780689421192,10
Temp-ODE,0,test,2021,LH190,117.06323916447062,91.7245348089062,10
Temp-ODE,0,test,2021,LH191,118.37324171876418,95.9074083266465,10
Temp-ODE,0,test,2021,LH192,111.56038546876296,80.81450514507279,10
Temp-ODE,0,test,2021,LH194,138.87019552598815,113.33710639652533,9
Temp-ODE,0,test,2021,LH195,115.23561064446731,89.66170392244717,10
Temp-ODE,0,test,2021,LH197,97.27763514387745,84.83510713572778,10
Temp-ODE,0,test,2021,LH198,81.35341489172674,64.04232153096059,10
Temp-ODE,0,test,2021,LH199,133.60359261608082,120.36608643483353,9
Temp-ODE,0,test,2021,LH202,80.9364113391021,65.02650892687014,10
Temp-ODE,0,test,2021,LH204,138.63739819648285,111.88966555327809,10
Temp-ODE,0,test,2021,LH205,149.58370996367452,118.81171967830636,9
Temp-ODE,0,test,2021,LH206,87.1150534273615,61.81088250490404,10
Temp-ODE,0,test,2021,LH208,108.81408847542347,89.29818972232805,10
Temp-ODE,0,test,2021,LH209,79.05852758134567,59.14991983253403,10
Temp-ODE,0,test,2021,LH213,58.04462190919442,50.19109027556276,10
Temp-ODE,0,test,2021,LH214,90.70795571198953,79.80486626491385,10
Temp-ODE,0,test,2021,LH215,128.17701761386598,105.09731082398942,10
Temp-ODE,0,test,2021,LH222,116.37063684523203,94.4926851560103,10
Temp-ODE,0,test,2021,LH223,85.40244411960533,52.48825024753953,10
Temp-ODE,0,test,2021,LH224,95.56962380749482,80.71227625840154,10
Temp-ODE,0,test,2021,LH295,99.60531057691405,74.586588736472,10
Temp-ODE,0,test,2021,LH59,113.58776850311907,85.10751409445675,10
Temp-ODE,0,test,2021,LH60,99.69443973348237,79.45890151336756,10
Temp-ODE,0,test,2021,LH61,99.04006278002647,74.47974834538658,10
Temp-ODE,0,test,2021,LH74,129.49913827895617,103.91612195045282,10
Temp-ODE,0,test,2021,LH82,107.97556502096357,76.30957313833001,10
Temp-ODE,0,test,2021,LH93,111.42046442784516,90.43803265260931,10
Temp-ODE,0,test,2021,LIBC 4,107.42057087118242,86.54333066961854,10
Temp-ODE,0,test,2021,LP1 NR HT,147.0941787406122,117.3436843178632,10
Temp-ODE,0,test,2021,LP5,93.80397629588595,73.48133725788438,10
Temp-ODE,0,test,2021,Lp215D,80.98298218814907,56.046629117067255,10
Temp-ODE,0,test,2021,M14,62.97703058778968,48.1128335539457,10
Temp-ODE,0,test,2021,MBPM,119.40179861823184,101.58931781441628,10
Temp-ODE,0,test,2021,MBWZ,147.46315196718643,118.61008302589408,9
Temp-ODE,0,test,2021,MEF156-55-2,104.31576979627012,70.56192991990966,10
Temp-ODE,0,test,2021,ML606,85.42567542304552,67.12356825452116,10
Temp-ODE,0,test,2021,MM501D,78.29810177900816,69.63258432375105,10
Temp-ODE,0,test,2021,MQ305,96.11136416830516,68.04570275248027,10
Temp-ODE,0,test,2021,MS116,103.57060155142963,81.26651331872999,10
Temp-ODE,0,test,2021,MS132,95.56905386401897,70.7190400033425,10
Temp-ODE,0,test,2021,MS153,169.73339994452888,135.9766183104277,10
Temp-ODE,0,test,2021,MS200,103.76326619985912,64.07684152238255,10
Temp-ODE,0,test,2021,MS211,82.33608746438897,59.238121399870785,10
Temp-ODE,0,test,2021,MS221,109.81355587603107,88.4945599704505,10
Temp-ODE,0,test,2021,MS224,117.66641009463714,91.4583533982,10
Temp-ODE,0,test,2021,MS225,79.74954374866797,54.54712012731363,10
Temp-ODE,0,test,2021,MS226,104.9951409334605,79.50932074938869,10
Temp-ODE,0,test,2021,MS24A,67.34256236272749,52.82412388317497,10
Temp-ODE,0,test,2021,MS67,125.84357569350952,106.70335278975934,10
Temp-ODE,0,test,2021,MS71,112.3668504080956,84.8138094196019,10
Temp-ODE,0,test,2021,MS72,91.61238255207027,69.15426139723915,10
Temp-ODE,0,test,2021,Mo46,154.24844944671105,122.82024784047007,10
Temp-ODE,0,test,2021,Mo47,72.51589258357232,58.403788717747226,10
Temp-ODE,0,test,2021,Mo5,96.69310343429427,83.31122594602554,10
Temp-ODE,0,test,2021,N192,100.24675014743124,74.99368244525844,10
Temp-ODE,0,test,2021,N193,75.0360334502723,57.26977714989499,10
Temp-ODE,0,test,2021,N201,131.90599015925352,98.7825727198301,10
Temp-ODE,0,test,2021,N211,81.66818630171183,69.36585281241256,10
Temp-ODE,0,test,2021,N217,105.01199560630572,88.21610535813355,10
Temp-ODE,0,test,2021,N28Ht,172.40606099564542,148.84217167572177,10
Temp-ODE,0,test,2021,N501,127.34049914181828,99.8031712679408,10
Temp-ODE,0,test,2021,N523,103.68316503376488,84.90125723849575,10
Temp-ODE,0,test,2021,N527,101.9428669535719,76.8290056026233,10
Temp-ODE,0,test,2021,N534,118.18989184060116,91.3932425421522,10
Temp-ODE,0,test,2021,N542,127.70178369264124,110.46985605231612,10
Temp-ODE,0,test,2021,N6,165.90670022938463,143.5494140494955,8
Temp-ODE,0,test,2021,NC262,108.83765345163056,84.96565608850162,9
Temp-ODE,0,test,2021,NC294,107.94083089210423,87.85415110246466,10
Temp-ODE,0,test,2021,NC310,99.66142889284379,75.43098919775579,10
Temp-ODE,0,test,2021,NC326,120.96102257607046,94.98163611580739,10
Temp-ODE,0,test,2021,NC328,114.83894795538201,93.29060295736011,10
Temp-ODE,0,test,2021,NC368,137.21764724859696,122.7123763900345,9
Temp-ODE,0,test,2021,NC412,124.09220815508603,95.09645332921882,10
Temp-ODE,0,test,2021,ND247,81.92649000392717,60.42141445995032,9
Temp-ODE,0,test,2021,ND265,82.12958619809189,72.64060106691258,10
Temp-ODE,0,test,2021,NK740,175.84479857721425,133.6551315146262,10
Temp-ODE,0,test,2021,NK778,87.81008991302711,66.83700330797699,10
Temp-ODE,0,test,2021,NK807,110.80610399131929,81.43555405907935,10
Temp-ODE,0,test,2021,NKS8326,125.34338287789382,106.75407893126226,10
Temp-ODE,0,test,2021,NORTH 7,146.30871263277103,103.6636044298028,10
Temp-ODE,0,test,2021,NQ508,142.2275000335641,115.10665907288572,10
Temp-ODE,0,test,2021,NS501,139.24933440012842,110.84689024246704,10
Temp-ODE,0,test,2021,NS701,225.02606393091278,193.9129547305027,10
Temp-ODE,0,test,2021,NY 166 (Neveh Yaar),102.68035446345229,81.17186002251655,10
Temp-ODE,0,test,2021,NY6371,129.23119187582452,100.78591510800399,10
Temp-ODE,0,test,2021,Ny821,75.74536995825622,58.06962595733987,10
Temp-ODE,0,test,2021,OH33,140.64878413262664,104.11039335105784,10
Temp-ODE,0,test,2021,OQ403,122.87613704889833,82.05322190521622,10
Temp-ODE,0,test,2021,OQ603,103.62011581340897,69.6337997319412,10
Temp-ODE,0,test,2021,OS602,93.97804805992739,66.7311037516761,10
Temp-ODE,0,test,2021,Oh40B,154.45597728723376,112.05235687204117,10
Temp-ODE,0,test,2021,Oh43,76.35017020150548,59.667118554441366,10
Temp-ODE,0,test,2021,Oh7,101.92633181152924,82.97684832764888,10
Temp-ODE,0,test,2021,Os420,96.3822253511146,81.49343979438248,10
Temp-ODE,0,test,2021,Os426,91.44710281254915,68.78501710880735,10
Temp-ODE,0,test,2021,PHB09,87.60916759112177,65.22575875485698,10
Temp-ODE,0,test,2021,PHB47,68.82049770299076,51.39012721080401,10
Temp-ODE,0,test,2021,PHBA6,119.93964293257486,87.40865176555671,10
Temp-ODE,0,test,2021,PHBB3,113.9265696880017,95.22840137214489,10
Temp-ODE,0,test,2021,PHBW8,132.3479000790759,114.26610586954295,10
Temp-ODE,0,test,2021,PHG29,110.99446835881689,87.58493980289431,10
Temp-ODE,0,test,2021,PHG47,142.57877979027856,104.51340719416902,9
Temp-ODE,0,test,2021,PHG50,78.93774338038892,58.702765179555605,10
Temp-ODE,0,test,2021,PHG71,106.4313366266411,72.82325759787696,10
Temp-ODE,0,test,2021,PHG72,95.74251324021161,66.86519047066906,10
Temp-ODE,0,test,2021,PHG80,146.66617713365778,122.00051330792209,10
Temp-ODE,0,test,2021,PHG83,68.26942508848904,55.90872702009138,10
Temp-ODE,0,test,2021,PHG86,184.8171149239668,152.0595117738373,9
Temp-ODE,0,test,2021,PHGW7,159.1196786699923,100.79886430546192,10
Temp-ODE,0,test,2021,PHH93,148.23554290212647,114.88574475799737,9
Temp-ODE,0,test,2021,PHHV4,117.29798947924048,90.75129105063411,10
Temp-ODE,0,test,2021,PHJ70,159.3259285173537,124.81043098944238,10
Temp-ODE,0,test,2021,PHJ89,77.44839872219876,59.65583105605681,10
Temp-ODE,0,test,2021,PHJ90,132.30052805387456,108.18489867443309,10
Temp-ODE,0,test,2021,PHJR5,127.2440134012611,91.6388788094976,10
Temp-ODE,0,test,2021,PHK35,149.1928177512364,119.48901484121726,10
Temp-ODE,0,test,2021,PHK42,99.22312900737698,72.95509024421499,10
Temp-ODE,0,test,2021,PHK56,170.83409689485515,147.66471642931748,9
Temp-ODE,0,test,2021,PHK74,103.85956167629256,67.73274246778975,10
Temp-ODE,0,test,2021,PHKE6,124.98253887295249,97.40485850233037,10
Temp-ODE,0,test,2021,PHM10,136.36133463270997,112.8279871551716,10
Temp-ODE,0,test,2021,PHN11,112.44039278388753,85.47607597653385,10
Temp-ODE,0,test,2021,PHN29,112.33029473069303,85.49401211173439,9
Temp-ODE,0,test,2021,PHN66,92.71190583971692,72.34598950192756,10
Temp-ODE,0,test,2021,PHP02,92.82108720073155,69.38732803156692,10
Temp-ODE,0,test,2021,PHP55,70.6366695004729,60.64998506728466,10
Temp-ODE,0,test,2021,PHP76,138.42299618831,104.4813948709527,10
Temp-ODE,0,test,2021,PHP85,91.0621489558642,78.69859608545161,8
Temp-ODE,0,test,2021,PHPR5,126.82282874718416,90.9653069330343,10
Temp-ODE,0,test,2021,PHR03,146.1731044176417,115.15077546065345,10
Temp-ODE,0,test,2021,PHR30,103.48904966697894,80.5521461173881,10
Temp-ODE,0,test,2021,PHR31,132.17192803666936,101.01218000222414,10
Temp-ODE,0,test,2021,PHR36,121.13429421891614,90.12948594143583,10
Temp-ODE,0,test,2021,PHR47,111.68140338096025,85.07235699851708,10
Temp-ODE,0,test,2021,PHR58,84.20811883397094,69.56169224155362,10
Temp-ODE,0,test,2021,PHR63,103.08985720566601,81.07726157292095,10
Temp-ODE,0,test,2021,PHT10,108.87672034539112,82.29573893895012,10
Temp-ODE,0,test,2021,PHT47,95.74561676391053,70.92173054010763,10
Temp-ODE,0,test,2021,PHT55,123.62245593760528,95.82358900398609,10
Temp-ODE,0,test,2021,PHTM9,90.83147729396883,59.86024300785207,10
Temp-ODE,0,test,2021,PHV37,93.97838350416512,78.93519278950332,10
Temp-ODE,0,test,2021,PHV57,125.20337351261774,88.64315620981768,10
Temp-ODE,0,test,2021,PHV63,129.0293840794718,110.15793998399185,10
Temp-ODE,0,test,2021,PHVA9,114.53057992685534,93.40157321685592,10
Temp-ODE,0,test,2021,PHW03,118.62935233616882,83.32561417799937,10
Temp-ODE,0,test,2021,PHW17,116.90390792524276,80.82750854257594,10
Temp-ODE,0,test,2021,PHW20,151.7733237244942,108.49867223095654,10
Temp-ODE,0,test,2021,PHW30,104.7254219888925,76.7878887625003,10
Temp-ODE,0,test,2021,PHW52,114.00630815028403,91.81797081231879,10
Temp-ODE,0,test,2021,PHW53,133.0275757754728,107.73260161299318,10
Temp-ODE,0,test,2021,PHW79,83.49516969230808,65.4259381532928,8
Temp-ODE,0,test,2021,PHW80,88.59507843273356,73.01592474175266,10
Temp-ODE,0,test,2021,PHW86,91.62408854420961,61.13951488586592,10
Temp-ODE,0,test,2021,PHZ51,108.30592293570895,86.45257439945071,10
Temp-ODE,0,test,2021,Pa392,92.3730723908776,74.005036389425,10
Temp-ODE,0,test,2021,Pa405,101.0240969745016,81.9444304931371,10
Temp-ODE,0,test,2021,Pa762,103.26807919411156,86.31934832840389,10
Temp-ODE,0,test,2021,Pa875,153.97687438385307,126.90351188343107,10
Temp-ODE,0,test,2021,Pa880,98.00399734216829,81.28102895373056,10
Temp-ODE,0,test,2021,Pa91,149.57546298881286,118.87606909173601,10
Temp-ODE,0,test,2021,Q381,106.20147549621329,69.08141992002538,10
Temp-ODE,0,test,2021,R168,88.04298680391048,67.26680593440582,10
Temp-ODE,0,test,2021,R181B,84.64750009871938,61.96897248443802,10
Temp-ODE,0,test,2021,R226,124.45956850696155,97.21716499938898,10
Temp-ODE,0,test,2021,R227,158.57530820278467,136.1466287795096,10
Temp-ODE,0,test,2021,R71,95.23638094110082,81.8953352871023,10
Temp-ODE,0,test,2021,R78,114.15101791102268,97.3291254744388,10
Temp-ODE,0,test,2021,S8326,94.93910316133687,73.72778098023609,10
Temp-ODE,0,test,2021,SD101,104.21921962586859,83.2842282114162,10
Temp-ODE,0,test,2021,SD102,99.64265172237458,81.24583510435971,10
Temp-ODE,0,test,2021,SD107,127.08587287572813,94.79577104622942,10
Temp-ODE,0,test,2021,SD40,139.95837613232862,101.44996216088764,10
Temp-ODE,0,test,2021,SD44,86.71041315313832,72.878260653046,10
Temp-ODE,0,test,2021,SG 30A,84.33028205906876,64.96975538563154,10
Temp-ODE,0,test,2021,Seagull Seventeen,174.33706979749357,135.12776027458875,10
Temp-ODE,0,test,2021,T242,86.52845029184965,70.70237352452651,10
Temp-ODE,0,test,2021,TZU-CHIAO-HSI-WU 105,86.78970310796161,65.89719900692417,10
Temp-ODE,0,test,2021,Tr,75.3281986629375,68.69577861585815,10
Temp-ODE,0,test,2021,Va26,117.68270765555945,91.76133129069908,10
Temp-ODE,0,test,2021,Va35,102.36033789813767,80.53073879877768,10
Temp-ODE,0,test,2021,Va52,81.16681000751474,62.492146825530725,10
Temp-ODE,0,test,2021,Va59,125.68413806816262,98.04352105456385,9
Temp-ODE,0,test,2021,Va99,90.99241556032626,70.93273110363131,10
Temp-ODE,0,test,2021,VaW6,121.79593754117103,99.25127015826567,9
Temp-ODE,0,test,2021,W117Ht,101.65426515405157,71.19096449796916,9
Temp-ODE,0,test,2021,W153R,135.7942024235662,94.31729018519641,8
Temp-ODE,0,test,2021,W22,111.55924866689963,84.53370374219648,10
Temp-ODE,0,test,2021,W23,102.46039137957695,86.7463744471568,10
Temp-ODE,0,test,2021,W24,89.47251825367245,74.12813985271262,10
Temp-ODE,0,test,2021,W32,104.0237125937437,75.60319555183119,10
Temp-ODE,0,test,2021,W37A,74.44183749572548,67.67225597487894,10
Temp-ODE,0,test,2021,W552,115.25669097721304,88.03253503100252,10
Temp-ODE,0,test,2021,W603S,127.00102338090545,85.21125895348857,10
Temp-ODE,0,test,2021,W604S,137.7282146368999,95.76977817218932,9
Temp-ODE,0,test,2021,W605S,102.81649600364985,83.47189486777602,10
Temp-ODE,0,test,2021,W607S,139.66268834886546,109.73776934531989,10
Temp-ODE,0,test,2021,W610S,144.51906334596686,108.06710143696296,10
Temp-ODE,0,test,2021,W612S,130.06302685549755,86.0414177386025,9
Temp-ODE,0,test,2021,W614S,110.86951872773254,79.0474378944993,9
Temp-ODE,0,test,2021,W64A,80.23614867291244,56.11128241215844,10
Temp-ODE,0,test,2021,W701BC,103.66164773513538,74.51011194625741,10
Temp-ODE,0,test,2021,W809G,226.1862260976992,191.6068675226424,10
Temp-ODE,0,test,2021,W810G,133.154010892867,105.96600974146403,10
Temp-ODE,0,test,2021,W812G,92.03039307877515,77.5419955051473,10
Temp-ODE,0,test,2021,W813G,94.953064798867,77.25582952989505,10
Temp-ODE,0,test,2021,W814G,51.7410723778856,43.300065533613164,9
Temp-ODE,0,test,2021,W8304,150.71446052921414,115.07599675403974,10
Temp-ODE,0,test,2021,W9,73.39462354883719,60.26712028698652,10
Temp-ODE,0,test,2021,WIL900,128.31496238785624,104.71399326335377,10
Temp-ODE,0,test,2021,WR3,111.65852436721502,86.02414034038797,10
Temp-ODE,0,test,2021,WU-TAN-TZAO,131.0761597452253,87.64265593677564,10
Temp-ODE,0,test,2021,YE 4,144.9535626357508,108.89406549776149,10
Temp-ODE,0,test,2021,YING-55,111.17754924360582,89.89690006693071,10
Temp-ODE,0,test,2021,Yu796 NS,118.50310491124716,90.64308482402569,10
Temp-ODE,0,test,2021,ZS635,149.3193963985161,120.61838607169197,10
