model,seed,split,year,genotype,rmse,mae,n_observed
LSTM-NN,3,train,2018,1538,36.66684258392563,29.78199077804111,10
LSTM-NN,3,train,2018,2369,72.94305244938504,62.55787797503884,9
LSTM-NN,3,train,2018,29MIBZ2,59.41799523926588,51.90520674433949,10
LSTM-NN,3,train,2018,2FACC,44.03507014587929,34.91174620083566,9
LSTM-NN,3,train,2018,2FADB,90.76787967620814,80.15122460336208,8
LSTM-NN,3,train,2018,2MA22,48.20154119966006,42.24618403786097,10
LSTM-NN,3,train,2018,2MCDB,37.6290336031929,30.73134412887405,10
LSTM-NN,3,train,2018,3IJI1,32.746557085044714,24.872714000758588,10
LSTM-NN,3,train,2018,4226,50.21081826393798,43.53057826677972,10
LSTM-NN,3,train,2018,4F-306 108,49.003208591354564,43.40212121775386,10
LSTM-NN,3,train,2018,4N506,39.83437151148454,31.735969582346502,10
LSTM-NN,3,train,2018,6F629,36.060283482917995,31.18209585240144,10
LSTM-NN,3,train,2018,6M502,50.396814439475634,39.290707197091606,10
LSTM-NN,3,train,2018,6M502A,34.316697848001866,28.41286632207008,10
LSTM-NN,3,train,2018,764,37.69800134143901,30.18737850171518,10
LSTM-NN,3,train,2018,78010,36.718189065916356,31.792522430507454,10
LSTM-NN,3,train,2018,78551S,43.372263729275964,34.975097835137845,8
LSTM-NN,3,train,2018,790,41.85064299313138,36.01297917699425,10
LSTM-NN,3,train,2018,793,43.514464184649874,35.964733906975866,10
LSTM-NN,3,train,2018,87916W,39.55869447730931,30.73215180329472,10
LSTM-NN,3,train,2018,911,48.61163700496971,42.92770095208691,10
LSTM-NN,3,train,2018,912,66.81821148162624,56.170411309054714,10
LSTM-NN,3,train,2018,91IFC2,47.34897656431579,39.42083856594314,10
LSTM-NN,3,train,2018,A,43.971151775108595,31.99004460218051,10
LSTM-NN,3,train,2018,A208,50.285641100807744,45.26087980173456,10
LSTM-NN,3,train,2018,A239,29.56835789189358,25.48613799906233,10
LSTM-NN,3,train,2018,A258,37.074150723423436,33.96416835086042,10
LSTM-NN,3,train,2018,A272,34.92357126991316,31.84478585452313,9
LSTM-NN,3,train,2018,A305,43.33049888946507,37.14998487898286,10
LSTM-NN,3,train,2018,A321,37.83503891954858,30.93547984756816,10
LSTM-NN,3,train,2018,A322,66.27443120784208,53.7616810986456,10
LSTM-NN,3,train,2018,A334,34.64682355875817,29.848486264481846,10
LSTM-NN,3,train,2018,A340,30.6847438969056,26.46021094394329,10
LSTM-NN,3,train,2018,A374,49.92869336833372,41.08531870819518,10
LSTM-NN,3,train,2018,A385,51.45992826934386,45.01869183363032,10
LSTM-NN,3,train,2018,A427,93.06472721886496,82.57614080138728,10
LSTM-NN,3,train,2018,A548,40.0226578379884,32.19402360792733,10
LSTM-NN,3,train,2018,A556,52.778459391597494,46.23038086629762,10
LSTM-NN,3,train,2018,A572,82.82983575903856,72.12022102888263,10
LSTM-NN,3,train,2018,A619,36.59864588783044,29.916634567516383,10
LSTM-NN,3,train,2018,A627,28.490648254431935,23.36900537790969,10
LSTM-NN,3,train,2018,A632,33.9438650514874,27.495224699509443,8
LSTM-NN,3,train,2018,A634,33.12269462420747,28.776246830705748,10
LSTM-NN,3,train,2018,A635,47.797989315016544,39.40405105799662,10
LSTM-NN,3,train,2018,A641,86.93975142910766,77.68078280543814,10
LSTM-NN,3,train,2018,A648,27.215040091292984,20.2543925665842,8
LSTM-NN,3,train,2018,A649,76.5419805528658,68.82825803220167,8
LSTM-NN,3,train,2018,A659,35.87631446421751,28.465689011117576,10
LSTM-NN,3,train,2018,A663,38.62873452550442,27.16971985313746,10
LSTM-NN,3,train,2018,A672,30.395904929990888,25.473795795591656,10
LSTM-NN,3,train,2018,A674,64.79704397461738,56.52635748253531,10
LSTM-NN,3,train,2018,A679,44.28181234289136,34.1623968711192,10
LSTM-NN,3,train,2018,A680,37.47924019326222,32.771583473565286,10
LSTM-NN,3,train,2018,A682,47.41488640474381,37.73060776053593,9
LSTM-NN,3,train,2018,A71,39.04897200001605,36.37062891143775,10
LSTM-NN,3,train,2018,A73,45.61896351602217,38.440836919395004,10
LSTM-NN,3,train,2018,AQA3,89.22780569529047,76.96303506328202,10
LSTM-NN,3,train,2018,AS6103,29.817547002976053,26.46396586435403,10
LSTM-NN,3,train,2018,AusTRCF 306238,55.48541113475165,43.756467110945735,8
LSTM-NN,3,train,2018,B-18 INBR.FR.SUPERGOLD,41.960412660114976,33.87145032478774,10
LSTM-NN,3,train,2018,B-28,29.265047586594196,24.193268564534517,10
LSTM-NN,3,train,2018,B103,33.64471790086793,28.219035212725277,10
LSTM-NN,3,train,2018,B104,41.42088356635777,32.794067383113656,8
LSTM-NN,3,train,2018,B105,31.714027448937312,25.00301446320605,10
LSTM-NN,3,train,2018,B107,34.115596304813224,26.706160348589123,9
LSTM-NN,3,train,2018,B108,31.61632484546895,26.06508156508939,10
LSTM-NN,3,train,2018,B110,49.03229993683644,39.36968530962316,10
LSTM-NN,3,train,2018,B111,39.055857185808335,29.0152568817873,10
LSTM-NN,3,train,2018,B114,41.23917432735677,33.105517442020826,9
LSTM-NN,3,train,2018,B115,50.72056975093242,38.62972521767244,8
LSTM-NN,3,train,2018,B119,38.238417137164255,30.704513634232434,10
LSTM-NN,3,train,2018,B120,42.82987496494227,34.707361746946155,10
LSTM-NN,3,train,2018,B121,40.80038504115869,37.87031480089737,10
LSTM-NN,3,train,2018,B14,43.6650531902689,34.43021173209289,9
LSTM-NN,3,train,2018,B14A,31.134645637944615,22.257064136195094,10
LSTM-NN,3,train,2018,B164,28.079638404063076,24.175508198249904,10
LSTM-NN,3,train,2018,B2,45.38877608932286,38.72233898565129,10
LSTM-NN,3,train,2018,B37,46.32313812701683,38.144484590898244,10
LSTM-NN,3,train,2018,B46,49.83578629254257,40.28404573448691,10
LSTM-NN,3,train,2018,B57,31.755455614620423,26.652495449627366,10
LSTM-NN,3,train,2018,B65,58.19063322239281,45.10577438392474,10
LSTM-NN,3,train,2018,B66,48.791462674157984,35.11721139122978,10
LSTM-NN,3,train,2018,B68,61.583942983813834,52.10140186976125,9
LSTM-NN,3,train,2018,B70,46.96559753509227,39.44321528513879,8
LSTM-NN,3,train,2018,B75,27.372335394081215,21.030490541098466,9
LSTM-NN,3,train,2018,B76,34.95284518060523,29.03696015885809,10
LSTM-NN,3,train,2018,B77,47.27706617152983,36.01736893145447,10
LSTM-NN,3,train,2018,B79,36.198422908581925,22.246709714645394,9
LSTM-NN,3,train,2018,B84,39.97822638526484,30.174005120535174,10
LSTM-NN,3,train,2018,B85,46.77112647329664,35.60737104519367,10
LSTM-NN,3,train,2018,B87,28.00274807071981,26.159313614168468,10
LSTM-NN,3,train,2018,B88,43.22238917515499,32.56298257619619,10
LSTM-NN,3,train,2018,B91,36.41001371237353,31.433280316583904,10
LSTM-NN,3,train,2018,B97,51.726305761640944,40.728157357759976,10
LSTM-NN,3,train,2018,BEI 10 = NORTH 10,55.57463791492965,47.872898226567195,10
LSTM-NN,3,train,2018,BO9,57.65055963571304,51.24875640813012,10
LSTM-NN,3,train,2018,C103,54.09538301966457,47.948679995906005,9
LSTM-NN,3,train,2018,C123,57.856550426046184,47.52078740246262,9
LSTM-NN,3,train,2018,CA-4,61.43001314283464,54.185160045148926,10
LSTM-NN,3,train,2018,CG102,32.98343081462553,29.110719827986703,10
LSTM-NN,3,train,2018,CH157,61.578168645137524,53.55697619592047,10
LSTM-NN,3,train,2018,CH701-30,38.16404615162738,32.705152171013566,10
LSTM-NN,3,train,2018,CH711-10,39.84091061748513,34.314859020443784,10
LSTM-NN,3,train,2018,CH9,38.92651417942095,32.04107111975518,10
LSTM-NN,3,train,2018,CI 40H,40.35866011279714,33.830453435839885,10
LSTM-NN,3,train,2018,CM105,70.08115416124122,59.69948514902509,10
LSTM-NN,3,train,2018,CO257,56.39816524252653,46.6898412358223,10
LSTM-NN,3,train,2018,CO258,47.84410190436376,35.47182574901328,8
LSTM-NN,3,train,2018,CQ702RC,26.845979328835018,24.649264144375206,10
LSTM-NN,3,train,2018,CR 22 INBRED,41.539442137271905,35.40392636217776,10
LSTM-NN,3,train,2018,CS405,33.689538079213335,27.260936562658934,10
LSTM-NN,3,train,2018,DE2,40.12595514344641,30.406798131158798,10
LSTM-NN,3,train,2018,DE4,35.9951648664566,30.202519383392218,10
LSTM-NN,3,train,2018,DE811,52.3874436711357,40.560809921991535,9
LSTM-NN,3,train,2018,DJ7,32.19921609073192,27.54654835265154,10
LSTM-NN,3,train,2018,DK3IIH6,61.69940779335099,56.35413027926561,10
LSTM-NN,3,train,2018,DK4676A,69.29744966730657,55.860083427434425,10
LSTM-NN,3,train,2018,DK78002A,31.283718888405396,25.867751293470292,10
LSTM-NN,3,train,2018,DK78010,34.276669711243514,30.33437915595558,10
LSTM-NN,3,train,2018,DKFAPW,37.8503654134216,30.870174532429843,10
LSTM-NN,3,train,2018,DKFBHJ,30.788708760780416,26.169768420334208,10
LSTM-NN,3,train,2018,DKMBNA,60.63628676610899,47.176347621016944,10
LSTM-NN,3,train,2018,DKPB80,48.20721625251732,40.8081870109098,10
LSTM-NN,3,train,2018,E8501,38.580650584650975,34.70304122637637,10
LSTM-NN,3,train,2018,EAST 028,50.0059964397545,41.375766770515504,10
LSTM-NN,3,train,2018,Eng-Li Chih,43.70102787892581,34.80713739435831,10
LSTM-NN,3,train,2018,F118,30.878824465557972,25.61856141694549,10
LSTM-NN,3,train,2018,F2834T,42.3590256229325,33.48931639152369,10
LSTM-NN,3,train,2018,FBLA,35.839829389982626,27.64306202495286,10
LSTM-NN,3,train,2018,FR19,43.66358180065354,36.07883339470626,10
LSTM-NN,3,train,2018,G80,37.133363162724926,30.387686970945957,10
LSTM-NN,3,train,2018,H110,31.261824682969625,28.226816776203812,10
LSTM-NN,3,train,2018,H113,47.15827004645946,43.09376462862339,10
LSTM-NN,3,train,2018,H121,30.997542635024693,27.14760540820912,10
LSTM-NN,3,train,2018,H122w,33.57287862355358,27.508900429161564,10
LSTM-NN,3,train,2018,H42,47.61063454632232,42.0331770957045,10
LSTM-NN,3,train,2018,H5,38.73269519733399,35.11675949755432,10
LSTM-NN,3,train,2018,H71,30.266038024271086,24.688648942547147,10
LSTM-NN,3,train,2018,H84,30.849275321576286,19.651596703527197,10
LSTM-NN,3,train,2018,H91,34.00095470428909,26.766285991303146,10
LSTM-NN,3,train,2018,H95,49.75925631700562,43.37803919091021,9
LSTM-NN,3,train,2018,H96,65.13553846957029,60.55193306328882,9
LSTM-NN,3,train,2018,H99,59.99716596785125,53.17806937646712,10
LSTM-NN,3,train,2018,HP301,71.39295975979535,60.632340633928436,10
LSTM-NN,3,train,2018,HUANYAO,69.13650217742244,60.880318908320405,9
LSTM-NN,3,train,2018,I29,75.65575408014149,65.60085734883721,10
LSTM-NN,3,train,2018,IA2132,69.78805674108075,61.80083814477268,10
LSTM-NN,3,train,2018,IBB14,101.29474340811204,84.67403780422757,10
LSTM-NN,3,train,2018,IBB15,34.25669002765101,29.861633535920845,10
LSTM-NN,3,train,2018,IBC2,32.14950975883875,28.33839541725759,10
LSTM-NN,3,train,2018,ICI 193,31.12788351517867,27.595519682551505,10
LSTM-NN,3,train,2018,ICI 740,38.657316080758065,31.783671569954038,10
LSTM-NN,3,train,2018,ICI 893,29.729207929964144,23.753791702242182,10
LSTM-NN,3,train,2018,ICI 986,23.38469744317469,20.135335036330552,10
LSTM-NN,3,train,2018,IDS28,43.21864938296803,34.30413574968642,10
LSTM-NN,3,train,2018,IDS69,31.69367130990014,26.253786434282983,10
LSTM-NN,3,train,2018,IDS91,48.72606143463752,37.00369679985325,9
LSTM-NN,3,train,2018,INB 101LFY/LFY (A632 X M16 S5),39.58899331081605,35.443885231478866,10
LSTM-NN,3,train,2018,INBRED 141,42.80426111146684,36.57716549854892,10
LSTM-NN,3,train,2018,INBRED 2-687,37.60975436973463,29.05254775750662,9
LSTM-NN,3,train,2018,INBRED 305,29.16443234231679,22.89825304230644,10
LSTM-NN,3,train,2018,INBRED 309,38.65066375859394,35.711346049342254,9
LSTM-NN,3,train,2018,INBRED 321,25.97570278839503,18.152189704468576,10
LSTM-NN,3,train,2018,Ia 453,54.45649253625925,49.02812742884164,10
LSTM-NN,3,train,2018,J47,56.64008731323303,46.10382994845294,10
LSTM-NN,3,train,2018,K150,46.87288850110989,37.39775032930068,10
LSTM-NN,3,train,2018,K41,39.584676498939686,30.625150418366793,10
LSTM-NN,3,train,2018,K47,42.5965913159966,29.339191340620904,10
LSTM-NN,3,train,2018,K55,41.0085605595657,35.629299943295656,10
LSTM-NN,3,train,2018,KUNG-70,51.603318367230585,48.64768915573184,10
LSTM-NN,3,train,2018,L 127,60.09560749016218,51.42493336412341,10
LSTM-NN,3,train,2018,L 135,49.05295822563933,41.43074206339413,10
LSTM-NN,3,train,2018,L 139,38.63306756427043,29.56745010158238,10
LSTM-NN,3,train,2018,L 155,40.75691125605621,33.460007486507706,10
LSTM-NN,3,train,2018,L 289,34.47063771212094,30.54620293165031,10
LSTM-NN,3,train,2018,LH1,36.86091359095595,31.774798880362233,10
LSTM-NN,3,train,2018,LH119,49.26202735011929,41.537312732071904,10
LSTM-NN,3,train,2018,LH128,27.839611848482527,22.7977524753356,10
LSTM-NN,3,train,2018,LH143 (Maintainer),53.55559281012839,45.6917501583809,10
LSTM-NN,3,train,2018,LH145,35.199795043834314,25.920908658239146,9
LSTM-NN,3,train,2018,LH146Ht,50.529403786862375,43.69076691827702,10
LSTM-NN,3,train,2018,LH149,60.267062352355644,51.13335735955042,10
LSTM-NN,3,train,2018,LH165,40.99219897167856,35.28261783451693,10
LSTM-NN,3,train,2018,LH166,55.42644512627143,47.73520195558839,10
LSTM-NN,3,train,2018,LH172,45.63814805932914,36.25270475354583,9
LSTM-NN,3,train,2018,LH184,32.08509299405273,23.670425952992947,10
LSTM-NN,3,train,2018,LH185,29.50433878158171,25.110180344237584,9
LSTM-NN,3,train,2018,LH190,35.088122873073225,31.42139945517844,10
LSTM-NN,3,train,2018,LH191,55.12755593559838,48.6412592006979,10
LSTM-NN,3,train,2018,LH192,37.73127660610156,32.84160907390192,10
LSTM-NN,3,train,2018,LH194,40.9037361128061,30.308875164554365,9
LSTM-NN,3,train,2018,LH195,37.91771659953462,31.97409604608281,10
LSTM-NN,3,train,2018,LH197,41.092257706460344,34.67006145903781,10
LSTM-NN,3,train,2018,LH198,34.21771005594474,28.189131384961364,10
LSTM-NN,3,train,2018,LH199,26.729762281399697,23.136625978692702,10
LSTM-NN,3,train,2018,LH202,41.40673276049191,34.68219188825539,10
LSTM-NN,3,train,2018,LH204,24.972531569816205,19.500354699707017,10
LSTM-NN,3,train,2018,LH205,34.50732421597561,27.384125754289478,9
LSTM-NN,3,train,2018,LH206,52.30554082148495,45.37504208867615,10
LSTM-NN,3,train,2018,LH208,33.254336027180806,23.706727318039746,10
LSTM-NN,3,train,2018,LH209,33.880196822859276,26.729376019633595,10
LSTM-NN,3,train,2018,LH213,53.23869069795458,48.282167066386414,9
LSTM-NN,3,train,2018,LH214,37.07224822510337,30.680575975888168,10
LSTM-NN,3,train,2018,LH215,43.10747514149596,38.31005328584392,10
LSTM-NN,3,train,2018,LH222,35.016165949524506,28.30253780072267,10
LSTM-NN,3,train,2018,LH223,71.211285521166,60.0755196579933,10
LSTM-NN,3,train,2018,LH224,42.71647857693873,33.29694073240896,9
LSTM-NN,3,train,2018,LH295,61.17322955137266,51.60586123113008,10
LSTM-NN,3,train,2018,LH59,37.15984733513964,28.590778197906065,10
LSTM-NN,3,train,2018,LH60,48.59411128960766,38.86317472848067,10
LSTM-NN,3,train,2018,LH61,61.48415084546058,54.409327816250325,8
LSTM-NN,3,train,2018,LH74,32.15893734848329,28.917238634869342,10
LSTM-NN,3,train,2018,LH82,32.494367607154786,24.316015528083714,10
LSTM-NN,3,train,2018,LH93,36.61648297835236,26.863246018568695,10
LSTM-NN,3,train,2018,LIBC 4,46.874987942008914,39.52583982450217,10
LSTM-NN,3,train,2018,LP1 NR HT,27.76988299759171,25.440204489371453,10
LSTM-NN,3,train,2018,LP5,64.90244989354711,55.64985512638191,10
LSTM-NN,3,train,2018,Lp215D,43.30846254667456,30.75139035386597,10
LSTM-NN,3,train,2018,M14,37.94106161414524,35.92280179034567,10
LSTM-NN,3,train,2018,MBPM,33.039784194178566,25.697478929459987,10
LSTM-NN,3,train,2018,MBWZ,28.343764299893813,21.09362460903123,10
LSTM-NN,3,train,2018,MEF156-55-2,60.41173112659409,52.012923600436366,10
LSTM-NN,3,train,2018,ML606,45.04710440216978,39.382023603415306,10
LSTM-NN,3,train,2018,MM501D,66.56629918932884,63.25745159470082,8
LSTM-NN,3,train,2018,MQ305,55.94632823628257,45.893283660214216,10
LSTM-NN,3,train,2018,MS116,61.220864134553295,50.27127259454808,10
LSTM-NN,3,train,2018,MS132,49.0178374680804,40.283815715067384,10
LSTM-NN,3,train,2018,MS153,45.27950818778091,34.99537016987076,10
LSTM-NN,3,train,2018,MS200,62.932261249664386,54.95932509994403,9
LSTM-NN,3,train,2018,MS211,38.346410134677065,34.638952635773755,10
LSTM-NN,3,train,2018,MS221,27.435598847151002,24.650323667253794,10
LSTM-NN,3,train,2018,MS224,39.297997191443905,30.252365178054212,10
LSTM-NN,3,train,2018,MS225,41.65020947191727,34.72560007142968,10
LSTM-NN,3,train,2018,MS226,51.61347577984421,43.32946472958063,10
LSTM-NN,3,train,2018,MS24A,69.27710470110942,61.209213699373265,10
LSTM-NN,3,train,2018,MS67,36.60013416474216,29.374691547377903,10
LSTM-NN,3,train,2018,MS71,45.68758333447764,34.17330096450806,10
LSTM-NN,3,train,2018,MS72,49.960816799039065,40.1794070986105,10
LSTM-NN,3,train,2018,Mo46,42.915897505945395,31.899060518530906,8
LSTM-NN,3,train,2018,Mo47,40.73359256066105,34.300593580948416,8
LSTM-NN,3,train,2018,Mo5,65.92204727315081,51.48788280834834,9
LSTM-NN,3,train,2018,N192,41.937061194274925,33.49723088407186,10
LSTM-NN,3,train,2018,N193,52.621068636177064,47.13235754735645,10
LSTM-NN,3,train,2018,N201,42.26089613401197,37.56552180228514,10
LSTM-NN,3,train,2018,N211,54.64822193606169,45.01530018751529,10
LSTM-NN,3,train,2018,N217,55.491945793090295,48.82733448528108,10
LSTM-NN,3,train,2018,N28Ht,59.74416672850168,49.11979081913388,10
LSTM-NN,3,train,2018,N501,34.69390531620259,29.048345577113487,9
LSTM-NN,3,train,2018,N523,44.75444433351581,39.01672213940075,10
LSTM-NN,3,train,2018,N527,44.351735641704856,32.72803551938394,10
LSTM-NN,3,train,2018,N534,43.39628845772427,38.0311426848325,10
LSTM-NN,3,train,2018,N542,58.09658354023432,46.362921628837434,9
LSTM-NN,3,train,2018,N6,33.76619300217305,28.239086650621893,10
LSTM-NN,3,train,2018,NC262,57.188589082542784,49.50027519386954,10
LSTM-NN,3,train,2018,NC294,39.07753906028752,24.730913218948157,10
LSTM-NN,3,train,2018,NC310,37.80573020712131,32.43082175838688,10
LSTM-NN,3,train,2018,NC326,42.28877729506106,37.46226197969967,10
LSTM-NN,3,train,2018,NC328,28.399438980235793,20.620971843861312,10
LSTM-NN,3,train,2018,NC368,44.25627686455841,37.63534952944786,9
LSTM-NN,3,train,2018,NC412,28.622737301183093,25.662835756814967,10
LSTM-NN,3,train,2018,ND247,45.844304952239554,39.946779109001014,10
LSTM-NN,3,train,2018,ND265,45.16330825488185,37.02659412170425,10
LSTM-NN,3,train,2018,NK740,60.80867162674381,54.55637082534135,10
LSTM-NN,3,train,2018,NK778,63.97430055655074,55.17876775305004,9
LSTM-NN,3,train,2018,NK807,48.157221716850145,36.70900702594587,10
LSTM-NN,3,train,2018,NKS8326,41.11737098801837,34.12404976678745,10
LSTM-NN,3,train,2018,NORTH 7,60.90932988688771,50.59382335299258,10
LSTM-NN,3,train,2018,NQ508,33.5426386640886,27.3858726203721,10
LSTM-NN,3,train,2018,NS501,47.3256178166796,38.920113331588794,9
LSTM-NN,3,train,2018,NS701,43.92523163377758,36.428916027828315,10
LSTM-NN,3,train,2018,NY 166 (Neveh Yaar),28.655675072823588,25.95461718241346,10
LSTM-NN,3,train,2018,NY6371,39.63032775272895,28.399272695666852,8
LSTM-NN,3,train,2018,Ny821,53.31016212817558,48.553117779137985,10
LSTM-NN,3,train,2018,OH33,45.02830315432898,35.4662682134003,9
LSTM-NN,3,train,2018,OQ403,52.1073530496477,43.34220865251911,10
LSTM-NN,3,train,2018,OQ603,43.74025246421894,36.751701366983944,10
LSTM-NN,3,train,2018,OS602,35.95878760063614,29.35926395594283,10
LSTM-NN,3,train,2018,Oh40B,52.69797352844643,41.60360589264929,10
LSTM-NN,3,train,2018,Oh43,53.1007598267437,41.764118395850566,10
LSTM-NN,3,train,2018,Oh7,75.03371308108458,69.13632911524827,9
LSTM-NN,3,train,2018,Os420,33.47897191770627,28.429535562241405,10
LSTM-NN,3,train,2018,Os426,41.13706996665946,28.299702306376936,10
LSTM-NN,3,train,2018,PHB09,46.3885414398928,37.87637317356875,10
LSTM-NN,3,train,2018,PHB47,33.08197609500423,27.278984941927764,10
LSTM-NN,3,train,2018,PHBA6,50.348158303271404,46.36325438592026,10
LSTM-NN,3,train,2018,PHBB3,34.43819184060252,23.67121570805374,10
LSTM-NN,3,train,2018,PHBW8,101.06365428270293,88.81435925479289,10
LSTM-NN,3,train,2018,PHG29,31.499787959082784,27.360201019604755,10
LSTM-NN,3,train,2018,PHG47,101.5693499427616,90.51049533094672,10
LSTM-NN,3,train,2018,PHG50,28.452803357331753,25.82739200792755,10
LSTM-NN,3,train,2018,PHG71,39.67306574601052,29.86896125088465,10
LSTM-NN,3,train,2018,PHG72,58.409934453013605,51.31991223136523,10
LSTM-NN,3,train,2018,PHG80,40.621663895095075,36.64684574394974,10
LSTM-NN,3,train,2018,PHG83,53.66601824116237,48.52174065418558,10
LSTM-NN,3,train,2018,PHG86,26.817208757512848,20.898801418762297,10
LSTM-NN,3,train,2018,PHGW7,49.87407716216297,40.3024834525749,10
LSTM-NN,3,train,2018,PHH93,35.39438392516682,31.107303702337322,10
LSTM-NN,3,train,2018,PHHV4,31.49639672811076,29.447131048393338,10
LSTM-NN,3,train,2018,PHJ70,37.60073334736378,31.89423206556022,10
LSTM-NN,3,train,2018,PHJ89,35.8906920993913,27.99785427310896,10
LSTM-NN,3,train,2018,PHJ90,35.29829768454493,32.151797776698416,10
LSTM-NN,3,train,2018,PHJR5,40.48064834857132,33.30174076780893,10
LSTM-NN,3,train,2018,PHK35,34.58016817953677,28.99352623696688,10
LSTM-NN,3,train,2018,PHK42,36.57337812630837,27.625929162070513,10
LSTM-NN,3,train,2018,PHK56,31.61874265415549,24.490995145030617,10
LSTM-NN,3,train,2018,PHK74,37.48715484141986,31.190272293410363,10
LSTM-NN,3,train,2018,PHKE6,42.95714271645799,36.33965383175969,10
LSTM-NN,3,train,2018,PHM10,36.68264309509149,26.67386053950629,10
LSTM-NN,3,train,2018,PHN11,36.55004196320957,27.8374903376914,10
LSTM-NN,3,train,2018,PHN29,29.881199436781447,22.85165789192771,9
LSTM-NN,3,train,2018,PHN66,24.578447730177484,18.663281777221975,10
LSTM-NN,3,train,2018,PHP02,37.026690085602965,30.141680875961605,10
LSTM-NN,3,train,2018,PHP55,32.18178895992087,28.101956305608677,10
LSTM-NN,3,train,2018,PHP76,42.1261249214937,35.94203431349588,10
LSTM-NN,3,train,2018,PHP85,29.213720153930215,23.938022921790672,10
LSTM-NN,3,train,2018,PHPR5,27.79747356885564,21.847940714696335,10
LSTM-NN,3,train,2018,PHR03,49.64130123647527,43.656536542522275,10
LSTM-NN,3,train,2018,PHR30,42.58107489546248,33.33301330886096,10
LSTM-NN,3,train,2018,PHR31,33.62200061613543,26.62472369988236,10
LSTM-NN,3,train,2018,PHR36,30.961737043372107,29.503221830474534,9
LSTM-NN,3,train,2018,PHR47,33.553588914717984,24.237888422243092,10
LSTM-NN,3,train,2018,PHR58,44.7180415196576,32.32770056648556,10
LSTM-NN,3,train,2018,PHR63,28.21537641471958,24.983337702834156,8
LSTM-NN,3,train,2018,PHT10,36.28630992513613,28.460005641777457,10
LSTM-NN,3,train,2018,PHT47,51.3387372128611,45.56048270211312,10
LSTM-NN,3,train,2018,PHT55,59.014426930649634,48.40923903939555,9
LSTM-NN,3,train,2018,PHTM9,52.019132757756836,43.72522356667605,10
LSTM-NN,3,train,2018,PHV37,44.01944736398945,36.43953699533111,10
LSTM-NN,3,train,2018,PHV57,37.29607582494447,29.811642105734023,10
LSTM-NN,3,train,2018,PHV63,33.02533580272608,25.37628189720261,10
LSTM-NN,3,train,2018,PHVA9,32.56309785360952,29.844550847246154,10
LSTM-NN,3,train,2018,PHW03,41.612564411907414,36.396521409041405,10
LSTM-NN,3,train,2018,PHW17,52.336139567869225,44.423839459903846,10
LSTM-NN,3,train,2018,PHW20,34.68087760288746,27.090322101778238,8
LSTM-NN,3,train,2018,PHW30,49.82105783229403,39.18242343760952,10
LSTM-NN,3,train,2018,PHW52,24.983550097158236,20.380908315422584,9
LSTM-NN,3,train,2018,PHW53,31.23653589132998,28.225458814531624,10
LSTM-NN,3,train,2018,PHW79,49.06231571201901,41.237402596123076,9
LSTM-NN,3,train,2018,PHW80,69.29330208030103,57.144400114395886,10
LSTM-NN,3,train,2018,PHW86,54.49999568790541,46.77366506907133,10
LSTM-NN,3,train,2018,PHZ51,37.49682086738248,28.143585585056933,10
LSTM-NN,3,train,2018,Pa392,40.390043042043416,34.47134357735109,10
LSTM-NN,3,train,2018,Pa405,38.84726713316862,30.87469184015174,10
LSTM-NN,3,train,2018,Pa762,38.14145350313702,29.757098832331714,10
LSTM-NN,3,train,2018,Pa875,44.00526904716304,34.94620465927103,10
LSTM-NN,3,train,2018,Pa880,69.87237324143956,54.54508749313616,10
LSTM-NN,3,train,2018,Pa91,49.87956643986852,40.655563587346315,10
LSTM-NN,3,train,2018,Q381,38.509957170960426,31.746484662722736,10
LSTM-NN,3,train,2018,R168,29.396857567904576,22.700510625410153,10
LSTM-NN,3,train,2018,R181B,28.542999386241668,25.403661701676114,10
LSTM-NN,3,train,2018,R226,35.85212158915948,27.423399669634534,10
LSTM-NN,3,train,2018,R227,48.50646029988628,39.78448493271809,10
LSTM-NN,3,train,2018,R71,43.98833315334164,35.62392560146178,10
LSTM-NN,3,train,2018,R78,44.77585680982027,34.79479812314652,10
LSTM-NN,3,train,2018,S8326,38.28874347138996,32.55445670766966,10
LSTM-NN,3,train,2018,SD101,45.203941385817096,33.63152443151316,10
LSTM-NN,3,train,2018,SD102,48.40933643425532,40.66343930891584,10
LSTM-NN,3,train,2018,SD107,31.732199797019447,26.478032561858026,10
LSTM-NN,3,train,2018,SD40,30.215134743138417,28.215846218280138,10
LSTM-NN,3,train,2018,SD44,45.879735882000446,38.86335913498414,10
LSTM-NN,3,train,2018,SG 30A,27.888282884154346,24.37546381899436,10
LSTM-NN,3,train,2018,Seagull Seventeen,38.69984406848974,29.818788509356523,10
LSTM-NN,3,train,2018,T242,51.72609783609962,38.595177669247846,10
LSTM-NN,3,train,2018,TZU-CHIAO-HSI-WU 105,34.40860233611638,27.60823721515998,10
LSTM-NN,3,train,2018,Tr,34.27436838879708,28.175437084336284,10
LSTM-NN,3,train,2018,Va26,41.463540758390366,33.70357361628981,10
LSTM-NN,3,train,2018,Va35,31.13582764638247,23.398015518325526,10
LSTM-NN,3,train,2018,Va52,44.51539534586678,35.128675871873,10
LSTM-NN,3,train,2018,Va59,33.91176103949522,29.768028881641854,9
LSTM-NN,3,train,2018,Va99,35.5548960362488,30.92054194336756,10
LSTM-NN,3,train,2018,VaW6,65.77743863286626,53.172066228004816,10
LSTM-NN,3,train,2018,W117Ht,82.97413407087161,72.75283845355138,10
LSTM-NN,3,train,2018,W153R,39.88117591896442,32.05962124110058,10
LSTM-NN,3,train,2018,W22,34.01718729956299,28.579524839902867,10
LSTM-NN,3,train,2018,W23,39.3921780695577,30.958185631372466,10
LSTM-NN,3,train,2018,W24,45.496107927469986,38.66204929934274,10
LSTM-NN,3,train,2018,W32,37.46489346524614,30.52315798323449,10
LSTM-NN,3,train,2018,W37A,46.560833231263246,37.3406701632495,10
LSTM-NN,3,train,2018,W552,63.92066373439024,56.428430298546175,10
LSTM-NN,3,train,2018,W603S,56.935981410562356,41.92191497570747,10
LSTM-NN,3,train,2018,W604S,46.378762372693664,39.33584541301046,10
LSTM-NN,3,train,2018,W605S,34.223797804851316,32.508338302765495,10
LSTM-NN,3,train,2018,W607S,32.085307166040586,25.35318091006136,10
LSTM-NN,3,train,2018,W610S,33.31956709929616,24.083415069127142,10
LSTM-NN,3,train,2018,W612S,69.72456487654843,54.7730715991817,10
LSTM-NN,3,train,2018,W614S,57.53082375272022,45.28921193873392,10
LSTM-NN,3,train,2018,W64A,65.42064469398944,58.50927214336466,10
LSTM-NN,3,train,2018,W701BC,69.43801077151478,62.02579819593558,10
LSTM-NN,3,train,2018,W809G,51.493537897881986,44.53724815631095,10
LSTM-NN,3,train,2018,W810G,41.557718377837475,31.034177075322212,10
LSTM-NN,3,train,2018,W812G,58.79282394431102,52.55298621001023,9
LSTM-NN,3,train,2018,W813G,23.059372511756933,19.788984435709565,10
LSTM-NN,3,train,2018,W814G,148.0304931498547,137.285189867243,8
LSTM-NN,3,train,2018,W8304,36.58086913911218,31.32532497009739,10
LSTM-NN,3,train,2018,W9,44.88347048044146,33.69707768543087,10
LSTM-NN,3,train,2018,WIL900,32.18385209489122,28.261864763478805,10
LSTM-NN,3,train,2018,WR3,47.67039107874979,40.579118946494944,10
LSTM-NN,3,train,2018,WU-TAN-TZAO,73.64064713477423,64.00938703195453,9
LSTM-NN,3,train,2018,YE 4,36.83836342024907,29.093744003858195,10
LSTM-NN,3,train,2018,YING-55,42.6623571508044,36.86581967004222,10
LSTM-NN,3,train,2018,Yu796 NS,44.437637902761644,35.48081931283262,10
LSTM-NN,3,train,2018,ZS635,27.43946388921919,24.01152390052396,10
LSTM-NN,3,train,2019,1538,32.98207628603904,25.371956681185587,17
LSTM-NN,3,train,2019,2369,41.60060862199471,29.095768077008017,16
LSTM-NN,3,train,2019,29MIBZ2,34.20561516792739,24.82297093098316,17
LSTM-NN,3,train,2019,2FACC,31.275086065899476,21.469994602913523,17
LSTM-NN,3,train,2019,2FADB,44.32661042916774,31.809094407843084,17
LSTM-NN,3,train,2019,2MA22,40.505527241612214,30.453078375672042,17
LSTM-NN,3,train,2019,2MCDB,47.131980683138416,33.35822575238343,17
LSTM-NN,3,train,2019,3IJI1,41.083735043117905,29.85875166205542,17
LSTM-NN,3,train,2019,4226,56.51464388833032,43.604452006528646,17
LSTM-NN,3,train,2019,4F-306 108,37.61170328099749,33.383314868546755,17
LSTM-NN,3,train,2019,4N506,60.769024388984036,47.4970037377522,17
LSTM-NN,3,train,2019,6F629,51.31623254553484,41.893966313009486,16
LSTM-NN,3,train,2019,6M502,39.418760659067495,30.815896733865003,17
LSTM-NN,3,train,2019,6M502A,43.257013051708014,35.074629817585844,17
LSTM-NN,3,train,2019,764,24.394023964263415,18.529793125263183,17
LSTM-NN,3,train,2019,78010,30.265253129860714,22.964372624656647,17
LSTM-NN,3,train,2019,78551S,51.31219425498948,41.450590903921935,15
LSTM-NN,3,train,2019,790,36.66038856833308,28.17905660338067,17
LSTM-NN,3,train,2019,793,53.58745874102638,40.16726877337551,17
LSTM-NN,3,train,2019,87916W,40.24608590898121,33.88212554866252,17
LSTM-NN,3,train,2019,911,29.747882430558853,22.23074205308164,17
LSTM-NN,3,train,2019,912,35.77500100087707,31.939328793831265,17
LSTM-NN,3,train,2019,91IFC2,39.20913761275289,27.10098153361822,17
LSTM-NN,3,train,2019,A,51.6582620241066,39.24625392235208,17
LSTM-NN,3,train,2019,A208,34.83015894526528,31.687278311918075,17
LSTM-NN,3,train,2019,A239,40.4458473611066,30.869761563053757,17
LSTM-NN,3,train,2019,A258,35.868749451736285,28.594375631578966,16
LSTM-NN,3,train,2019,A272,47.7474159473197,34.525827477302165,17
LSTM-NN,3,train,2019,A305,43.67028125786819,35.008162599654,17
LSTM-NN,3,train,2019,A321,37.318818134308756,25.84333186307404,17
LSTM-NN,3,train,2019,A322,39.239919942184805,29.163820918725392,16
LSTM-NN,3,train,2019,A334,34.475604709466815,24.94385253708182,17
LSTM-NN,3,train,2019,A340,37.570769064342116,29.82415158211701,17
LSTM-NN,3,train,2019,A374,50.62559559962407,38.65362679294205,16
LSTM-NN,3,train,2019,A385,36.771438376583276,28.86585574243165,17
LSTM-NN,3,train,2019,A427,32.5587546235173,26.318382142770144,17
LSTM-NN,3,train,2019,A548,24.26996242484126,19.358433101164316,17
LSTM-NN,3,train,2019,A556,30.08394033991237,25.973870087637703,17
LSTM-NN,3,train,2019,A572,30.253973441364195,25.503321783590874,17
LSTM-NN,3,train,2019,A619,30.796232462434062,23.34350890774188,17
LSTM-NN,3,train,2019,A627,30.620555963086563,24.294042981487486,17
LSTM-NN,3,train,2019,A632,46.63006893157366,40.51732893063736,17
LSTM-NN,3,train,2019,A634,34.359693588224275,25.330695390645364,17
LSTM-NN,3,train,2019,A635,34.51295204709184,24.58802148351026,17
LSTM-NN,3,train,2019,A641,47.919794941455024,36.424335647792674,17
LSTM-NN,3,train,2019,A648,35.60523584869246,29.793498360973484,17
LSTM-NN,3,train,2019,A649,34.818912227749834,26.267293487778808,16
LSTM-NN,3,train,2019,A659,41.76296148999689,30.96420291408922,17
LSTM-NN,3,train,2019,A663,33.78237531183358,25.459644877096228,16
LSTM-NN,3,train,2019,A672,44.05433897823084,35.67281820116883,17
LSTM-NN,3,train,2019,A674,35.32244834585877,28.049077711991373,17
LSTM-NN,3,train,2019,A679,45.430697251053395,33.40878690322382,17
LSTM-NN,3,train,2019,A680,58.87887847832328,48.845617648890126,16
LSTM-NN,3,train,2019,A682,35.91014688330012,26.095385483288393,17
LSTM-NN,3,train,2019,A71,48.382720282322985,38.2452879543252,16
LSTM-NN,3,train,2019,A73,29.311281620998912,22.883860090275213,16
LSTM-NN,3,train,2019,AQA3,58.17166927845889,40.65737653785612,16
LSTM-NN,3,train,2019,AS6103,38.2608617293665,31.693659233067258,17
LSTM-NN,3,train,2019,AusTRCF 306238,67.97251361584013,50.305434062218936,15
LSTM-NN,3,train,2019,B-18 INBR.FR.SUPERGOLD,29.802727962646333,24.08966472856958,17
LSTM-NN,3,train,2019,B-28,28.19802795932491,20.82455459219119,17
LSTM-NN,3,train,2019,B103,36.72271131624166,27.926666444172252,17
LSTM-NN,3,train,2019,B104,52.58857109786614,45.153829335009135,17
LSTM-NN,3,train,2019,B105,46.77116162249834,32.954982851513634,17
LSTM-NN,3,train,2019,B107,42.71445901308803,32.05802747215146,17
LSTM-NN,3,train,2019,B108,45.1745216497561,34.923489887039146,17
LSTM-NN,3,train,2019,B110,55.52045854281337,46.29851248612064,17
LSTM-NN,3,train,2019,B111,58.79865951272123,39.453717946536194,17
LSTM-NN,3,train,2019,B114,27.6547618546868,20.307499033130853,17
LSTM-NN,3,train,2019,B115,74.42954860043078,62.996297526955836,17
LSTM-NN,3,train,2019,B119,50.1912724301222,36.055245034515245,17
LSTM-NN,3,train,2019,B120,56.10929386660085,44.49127336501453,17
LSTM-NN,3,train,2019,B121,46.41602326048988,35.82291258018812,17
LSTM-NN,3,train,2019,B14,57.04120014957395,46.85968907390678,15
LSTM-NN,3,train,2019,B14A,50.70361407483601,37.49663138860547,17
LSTM-NN,3,train,2019,B164,52.78192053021629,40.01397535740352,17
LSTM-NN,3,train,2019,B2,74.51169880591505,54.137646939093564,17
LSTM-NN,3,train,2019,B37,52.31421630348792,43.15180198075967,17
LSTM-NN,3,train,2019,B46,52.449099314445014,39.49134790754484,16
LSTM-NN,3,train,2019,B57,48.38596221137769,38.412168185906296,17
LSTM-NN,3,train,2019,B65,37.08180346023609,27.62435984777722,17
LSTM-NN,3,train,2019,B66,55.58523975855459,44.93155682848245,17
LSTM-NN,3,train,2019,B68,55.25274779995677,49.503765636027545,17
LSTM-NN,3,train,2019,B70,50.92390281040166,42.73609031974223,17
LSTM-NN,3,train,2019,B75,58.723312220663686,40.0535435918462,16
LSTM-NN,3,train,2019,B76,42.37901647848604,30.860197032849943,17
LSTM-NN,3,train,2019,B77,46.21109931172361,35.777172791234825,17
LSTM-NN,3,train,2019,B79,54.083617061680435,43.0377915388323,17
LSTM-NN,3,train,2019,B84,45.95611864881697,36.36123506553241,17
LSTM-NN,3,train,2019,B85,38.68570768945965,33.13290781710662,17
LSTM-NN,3,train,2019,B87,36.80031982074544,28.710654824974487,17
LSTM-NN,3,train,2019,B88,36.27733854442313,27.19368441926919,17
LSTM-NN,3,train,2019,B91,41.64114559589961,31.74568421354129,17
LSTM-NN,3,train,2019,B97,63.98658320844173,45.61682036463482,17
LSTM-NN,3,train,2019,BEI 10 = NORTH 10,36.06256522298825,32.60796342755467,17
LSTM-NN,3,train,2019,BO9,37.98976386940101,25.636333550595836,17
LSTM-NN,3,train,2019,C103,46.393271176864545,34.97833386071575,17
LSTM-NN,3,train,2019,C123,32.21519920209414,27.747621135285094,17
LSTM-NN,3,train,2019,CA-4,42.51916018113366,37.729536817805474,17
LSTM-NN,3,train,2019,CG102,63.153688424618664,53.977739746119425,17
LSTM-NN,3,train,2019,CH157,39.616818867702904,30.912340944690435,16
LSTM-NN,3,train,2019,CH701-30,26.38996547519804,18.855862230237857,17
LSTM-NN,3,train,2019,CH711-10,42.48411716288011,28.292436861188705,16
LSTM-NN,3,train,2019,CH9,29.49197992998576,22.501804568584447,17
LSTM-NN,3,train,2019,CI 40H,48.82075933090806,35.058525104328474,17
LSTM-NN,3,train,2019,CM105,48.44298813134763,41.42431800162561,17
LSTM-NN,3,train,2019,CO257,37.15201621407787,34.15632669814208,16
LSTM-NN,3,train,2019,CO258,45.121122550187124,31.1793520318718,16
LSTM-NN,3,train,2019,CQ702RC,37.667309836615736,29.572000699066955,17
LSTM-NN,3,train,2019,CR 22 INBRED,45.78600909525086,28.421738973331706,17
LSTM-NN,3,train,2019,CS405,40.14814065117581,27.523109523290046,17
LSTM-NN,3,train,2019,DE2,42.94218148987803,32.43519818352647,17
LSTM-NN,3,train,2019,DE4,29.093745828145938,22.351657198089157,17
LSTM-NN,3,train,2019,DE811,79.71128756613446,68.87478951907684,16
LSTM-NN,3,train,2019,DJ7,53.994145567492865,44.35293533180592,17
LSTM-NN,3,train,2019,DK3IIH6,40.64088055227432,29.20909494806005,17
LSTM-NN,3,train,2019,DK4676A,47.56673094537975,36.25063811792356,17
LSTM-NN,3,train,2019,DK78002A,41.55776546592922,32.41133745385658,17
LSTM-NN,3,train,2019,DK78010,33.803400935635324,26.129359727187442,17
LSTM-NN,3,train,2019,DKFAPW,31.99162156799054,22.909334700261354,17
LSTM-NN,3,train,2019,DKFBHJ,54.807350872387346,38.79124879440281,17
LSTM-NN,3,train,2019,DKMBNA,55.870513713925604,36.54803950515934,17
LSTM-NN,3,train,2019,DKPB80,49.63240774798655,33.77332207024871,17
LSTM-NN,3,train,2019,E8501,36.58635185933173,25.470333391961464,17
LSTM-NN,3,train,2019,EAST 028,45.93461000882492,34.02721343101779,17
LSTM-NN,3,train,2019,Eng-Li Chih,47.12774622661815,35.26916641308728,17
LSTM-NN,3,train,2019,F118,46.26198418809364,34.886228159293445,17
LSTM-NN,3,train,2019,F2834T,33.53541806586136,27.13640456255465,17
LSTM-NN,3,train,2019,FBLA,37.53036177245795,28.936740992915155,17
LSTM-NN,3,train,2019,FR19,137.49423890895417,104.20009854437004,17
LSTM-NN,3,train,2019,G80,30.589846531037594,24.18206576404079,17
LSTM-NN,3,train,2019,H110,55.26830311590413,42.9174320856319,17
LSTM-NN,3,train,2019,H113,43.65633703651287,38.18611055797998,15
LSTM-NN,3,train,2019,H121,48.29162809699748,39.473331787915065,17
LSTM-NN,3,train,2019,H122w,44.62384923068383,30.83579488936557,17
LSTM-NN,3,train,2019,H42,27.827059439175954,24.670260523061728,16
LSTM-NN,3,train,2019,H5,50.043246990311204,35.518796128445445,17
LSTM-NN,3,train,2019,H71,45.223411631328666,34.379768595622615,17
LSTM-NN,3,train,2019,H84,26.95518868522123,21.889110606918635,17
LSTM-NN,3,train,2019,H91,44.26153361049781,32.01678458009838,17
LSTM-NN,3,train,2019,H95,39.76564570051919,36.741664570613175,15
LSTM-NN,3,train,2019,H96,78.98978552437684,66.88993575272907,15
LSTM-NN,3,train,2019,H99,28.622994054152173,26.48080614337801,17
LSTM-NN,3,train,2019,HP301,44.40703920658147,34.81270186347524,17
LSTM-NN,3,train,2019,HUANYAO,51.48485303935861,34.762950725196596,17
LSTM-NN,3,train,2019,I29,50.80094978342505,39.625426157949796,16
LSTM-NN,3,train,2019,IA2132,44.29054273035129,34.50515217737055,17
LSTM-NN,3,train,2019,IBB14,42.177586733287114,31.37751457870122,17
LSTM-NN,3,train,2019,IBB15,33.56874147344294,27.627332928309663,17
LSTM-NN,3,train,2019,IBC2,48.90053498544607,41.25514092974019,16
LSTM-NN,3,train,2019,ICI 193,50.35022980854432,39.41138896878872,17
LSTM-NN,3,train,2019,ICI 740,39.39813119475132,30.15715308372801,17
LSTM-NN,3,train,2019,ICI 893,26.09285733544361,20.931746861423274,17
LSTM-NN,3,train,2019,ICI 986,38.45044930828758,29.84168955668823,17
LSTM-NN,3,train,2019,IDS28,50.08011237350859,37.06171932512999,17
LSTM-NN,3,train,2019,IDS69,28.850852924120424,23.575863821159757,16
LSTM-NN,3,train,2019,IDS91,47.73307696806343,33.4570474765672,17
LSTM-NN,3,train,2019,INB 101LFY/LFY (A632 X M16 S5),42.60151210798913,34.64818230392895,17
LSTM-NN,3,train,2019,INBRED 141,70.59431722297684,62.080444397055004,15
LSTM-NN,3,train,2019,INBRED 2-687,42.517915762597205,32.61075923099741,17
LSTM-NN,3,train,2019,INBRED 305,30.935738887471036,18.427756960185,16
LSTM-NN,3,train,2019,INBRED 309,29.96860462638552,26.46277998603194,17
LSTM-NN,3,train,2019,INBRED 321,55.84473578704762,41.173887696542,15
LSTM-NN,3,train,2019,Ia 453,28.669411733585804,24.622001572761995,17
LSTM-NN,3,train,2019,J47,64.62452433600309,46.81686782163757,17
LSTM-NN,3,train,2019,K150,51.260500066533204,40.2895165629703,17
LSTM-NN,3,train,2019,K41,45.02990874988278,34.95606862485317,17
LSTM-NN,3,train,2019,K47,57.05961510246236,39.60429760362126,16
LSTM-NN,3,train,2019,K55,43.32855957967889,35.83089944011907,17
LSTM-NN,3,train,2019,KUNG-70,29.476572165830426,26.843360406620043,17
LSTM-NN,3,train,2019,L 127,44.3497568375361,34.202569124541036,17
LSTM-NN,3,train,2019,L 135,45.0728806157191,34.47249888735339,17
LSTM-NN,3,train,2019,L 139,44.72316075399003,30.422254776871494,17
LSTM-NN,3,train,2019,L 155,37.1285193780889,25.984137401720357,17
LSTM-NN,3,train,2019,L 289,58.32644765544445,41.87961079758745,17
LSTM-NN,3,train,2019,LH1,30.1807976230592,24.207613213350072,17
LSTM-NN,3,train,2019,LH119,32.37414594210723,25.584749702598785,16
LSTM-NN,3,train,2019,LH128,49.40073692023555,40.85784487269162,17
LSTM-NN,3,train,2019,LH143 (Maintainer),40.12353058686781,29.937186137621946,17
LSTM-NN,3,train,2019,LH145,44.4196770763443,29.895848570020426,17
LSTM-NN,3,train,2019,LH146Ht,46.095243455631525,36.15605410674361,16
LSTM-NN,3,train,2019,LH149,46.551657055452374,35.712639714264334,17
LSTM-NN,3,train,2019,LH165,32.131678582571055,25.75816622432436,17
LSTM-NN,3,train,2019,LH166,25.519123740881223,20.178714324537044,16
LSTM-NN,3,train,2019,LH172,26.09694240741191,23.268185561252302,16
LSTM-NN,3,train,2019,LH184,53.44205389184945,42.24350642553307,17
LSTM-NN,3,train,2019,LH185,50.59660692562303,33.336048305413335,15
LSTM-NN,3,train,2019,LH190,41.797421371700025,29.312670956313173,17
LSTM-NN,3,train,2019,LH191,35.87650407230609,30.843297040194365,16
LSTM-NN,3,train,2019,LH192,40.11208308841637,29.354539971881973,17
LSTM-NN,3,train,2019,LH194,23.44882740679127,18.89663193619961,17
LSTM-NN,3,train,2019,LH195,29.45009246091702,23.952247769623774,17
LSTM-NN,3,train,2019,LH197,51.082998984655916,38.37166650373907,17
LSTM-NN,3,train,2019,LH198,38.21345925042671,29.74226585700313,17
LSTM-NN,3,train,2019,LH199,39.10026823224569,35.50930011344116,17
LSTM-NN,3,train,2019,LH202,50.66941154205633,35.07709693972173,17
LSTM-NN,3,train,2019,LH204,29.808506915553455,20.867256139303404,17
LSTM-NN,3,train,2019,LH205,60.53336520007646,43.48496772719864,17
LSTM-NN,3,train,2019,LH206,41.59251157404702,34.68891018208008,16
LSTM-NN,3,train,2019,LH208,47.3361968524348,36.704045134832825,16
LSTM-NN,3,train,2019,LH209,34.23422964194716,24.994502326467053,17
LSTM-NN,3,train,2019,LH213,60.47247542862128,43.855482570240895,16
LSTM-NN,3,train,2019,LH214,42.062246038521394,29.441949651110885,17
LSTM-NN,3,train,2019,LH215,67.21914985671725,54.41746472606533,15
LSTM-NN,3,train,2019,LH222,44.19466679708647,33.48298186905929,17
LSTM-NN,3,train,2019,LH223,48.29279153799205,36.16303359560143,16
LSTM-NN,3,train,2019,LH224,51.219469055463755,42.08408603784288,16
LSTM-NN,3,train,2019,LH295,29.669285303005072,21.95960996829931,17
LSTM-NN,3,train,2019,LH59,40.505074780661715,32.30724034678519,17
LSTM-NN,3,train,2019,LH60,47.9105005925586,36.575671733043485,17
LSTM-NN,3,train,2019,LH61,26.033644970419285,22.104839438751803,16
LSTM-NN,3,train,2019,LH74,38.33936567120823,32.78859824115825,17
LSTM-NN,3,train,2019,LH82,24.38956761034506,18.102412175859936,17
LSTM-NN,3,train,2019,LH93,37.94481482693464,29.220391619168407,17
LSTM-NN,3,train,2019,LIBC 4,40.81527381803611,28.743166484970786,17
LSTM-NN,3,train,2019,LP1 NR HT,51.584326566437284,35.66336607422243,17
LSTM-NN,3,train,2019,LP5,52.80093811168326,41.18799209936574,16
LSTM-NN,3,train,2019,Lp215D,46.10843142770437,32.13635970195868,17
LSTM-NN,3,train,2019,M14,42.8453277863842,38.65865659914772,17
LSTM-NN,3,train,2019,MBPM,40.69333017616736,32.42371829415027,17
LSTM-NN,3,train,2019,MBWZ,55.20305311653902,42.09816316834317,17
LSTM-NN,3,train,2019,MEF156-55-2,38.19441742775697,32.66917555363873,16
LSTM-NN,3,train,2019,ML606,50.717525996027156,41.24976551705687,17
LSTM-NN,3,train,2019,MM501D,51.899834483599726,36.546375879454324,17
LSTM-NN,3,train,2019,MQ305,41.82560431609272,34.7848781284215,16
LSTM-NN,3,train,2019,MS116,53.83217524462306,40.65797113479752,16
LSTM-NN,3,train,2019,MS132,36.99571754661963,26.531266629579083,17
LSTM-NN,3,train,2019,MS153,34.86774966354183,26.398891431064325,17
LSTM-NN,3,train,2019,MS200,43.01206660234373,35.34451607564213,17
LSTM-NN,3,train,2019,MS211,41.52262122579798,37.0084140207665,17
LSTM-NN,3,train,2019,MS221,32.59167086029543,27.30216803231791,17
LSTM-NN,3,train,2019,MS224,65.64277364672452,49.49087078799918,15
LSTM-NN,3,train,2019,MS225,44.261375984484154,31.012698451445523,17
LSTM-NN,3,train,2019,MS226,43.92454077643718,38.419221418439975,17
LSTM-NN,3,train,2019,MS24A,23.456869381631524,21.235059337607794,17
LSTM-NN,3,train,2019,MS67,80.88942019246674,61.607973499812566,16
LSTM-NN,3,train,2019,MS71,38.54012504978662,29.645230319279918,17
LSTM-NN,3,train,2019,MS72,42.81542589166067,30.34375399009087,17
LSTM-NN,3,train,2019,Mo46,40.171340877898764,28.33755475492442,16
LSTM-NN,3,train,2019,Mo47,31.34324187646933,26.302861677305156,17
LSTM-NN,3,train,2019,Mo5,42.772038840800654,32.51743212336706,16
LSTM-NN,3,train,2019,N192,28.703636948461376,20.75490424433199,17
LSTM-NN,3,train,2019,N193,26.11999707375498,21.6753041834178,17
LSTM-NN,3,train,2019,N201,49.88950703423531,42.08730020323913,17
LSTM-NN,3,train,2019,N211,55.33294142028995,37.99937896166892,17
LSTM-NN,3,train,2019,N217,72.44427977025565,58.157799365591735,17
LSTM-NN,3,train,2019,N28Ht,63.117731291662245,47.59003568801183,17
LSTM-NN,3,train,2019,N501,51.33086020788444,45.040952484244954,16
LSTM-NN,3,train,2019,N523,55.77070258300933,47.13246607926552,17
LSTM-NN,3,train,2019,N527,37.764720259058365,27.89818405286118,17
LSTM-NN,3,train,2019,N534,61.67489022506221,48.46848372251122,17
LSTM-NN,3,train,2019,N542,46.35388745266949,34.18496675526481,17
LSTM-NN,3,train,2019,N6,38.95326137717908,30.004884329334473,17
LSTM-NN,3,train,2019,NC262,29.566382590008573,26.183103193438836,16
LSTM-NN,3,train,2019,NC294,27.757118474676368,21.812528629026737,17
LSTM-NN,3,train,2019,NC310,39.70944620693955,29.150787267527075,17
LSTM-NN,3,train,2019,NC326,36.14146720397954,26.592267005366413,17
LSTM-NN,3,train,2019,NC328,49.66165029619506,33.6289092782161,17
LSTM-NN,3,train,2019,NC368,57.01209375052449,40.97685042003217,16
LSTM-NN,3,train,2019,NC412,34.579858779111646,32.7946812026411,15
LSTM-NN,3,train,2019,ND247,22.944009597386497,19.889323837043687,15
LSTM-NN,3,train,2019,ND265,35.91075430823501,27.213159409565364,17
LSTM-NN,3,train,2019,NK740,53.24417688533616,37.04969878854293,17
LSTM-NN,3,train,2019,NK778,39.24219088065079,27.813260960313485,16
LSTM-NN,3,train,2019,NK807,34.02548529652422,25.37026996154619,17
LSTM-NN,3,train,2019,NKS8326,53.36993941909234,42.15807420037066,17
LSTM-NN,3,train,2019,NORTH 7,38.976949574468286,31.372801882878836,17
LSTM-NN,3,train,2019,NQ508,48.30075385431171,37.354099266930945,17
LSTM-NN,3,train,2019,NS501,29.950822310685442,21.812753148065205,17
LSTM-NN,3,train,2019,NS701,56.938689457517754,47.64753613492123,17
LSTM-NN,3,train,2019,NY 166 (Neveh Yaar),30.311932877379864,25.300551865091084,17
LSTM-NN,3,train,2019,NY6371,48.40997773194824,34.10861667497132,17
LSTM-NN,3,train,2019,Ny821,32.1398530365129,29.0228416964439,17
LSTM-NN,3,train,2019,OH33,67.5817436779524,56.727270227078314,17
LSTM-NN,3,train,2019,OQ403,40.34694754614317,25.872755260342327,17
LSTM-NN,3,train,2019,OQ603,47.32430276701693,39.021391253806705,17
LSTM-NN,3,train,2019,OS602,34.207637690435035,26.4998252440773,17
LSTM-NN,3,train,2019,Oh40B,39.543204046695905,29.764582838610824,17
LSTM-NN,3,train,2019,Oh43,30.471295789318614,20.34956909050192,17
LSTM-NN,3,train,2019,Oh7,104.70918908995841,87.60654734714059,15
LSTM-NN,3,train,2019,Os420,63.23511036436617,49.58417660740603,17
LSTM-NN,3,train,2019,Os426,59.63122361320673,38.61723666956858,17
LSTM-NN,3,train,2019,PHB09,30.179899974228697,23.03625675967151,17
LSTM-NN,3,train,2019,PHB47,37.73235098579589,32.442631555635735,17
LSTM-NN,3,train,2019,PHBA6,74.69747149614155,60.04249803409648,17
LSTM-NN,3,train,2019,PHBB3,41.02701579404716,30.983609676662233,17
LSTM-NN,3,train,2019,PHBW8,52.515606548677376,43.745554437984566,15
LSTM-NN,3,train,2019,PHG29,42.70994489147285,30.50275179950758,17
LSTM-NN,3,train,2019,PHG47,46.53585131718488,38.357259625873745,17
LSTM-NN,3,train,2019,PHG50,42.92863286377451,32.660303673772006,17
LSTM-NN,3,train,2019,PHG71,38.94682686181263,33.7710172764317,17
LSTM-NN,3,train,2019,PHG72,29.04789217368631,19.477065492209235,17
LSTM-NN,3,train,2019,PHG80,70.46287212706233,58.94388162838695,17
LSTM-NN,3,train,2019,PHG83,48.82648519183332,34.15897477167492,17
LSTM-NN,3,train,2019,PHG86,62.89879344101624,47.24241538455515,16
LSTM-NN,3,train,2019,PHGW7,44.391975801804,35.31722556132656,17
LSTM-NN,3,train,2019,PHH93,37.4114910245376,32.22799490040239,17
LSTM-NN,3,train,2019,PHHV4,36.97515473711196,27.45505083621998,17
LSTM-NN,3,train,2019,PHJ70,58.575139311629634,43.11312491105999,17
LSTM-NN,3,train,2019,PHJ89,37.317882744286166,30.283797153496426,17
LSTM-NN,3,train,2019,PHJ90,36.32033828806719,28.580266375595258,16
LSTM-NN,3,train,2019,PHJR5,66.10087534408416,48.00522687307645,17
LSTM-NN,3,train,2019,PHK35,46.11222915316982,35.10078748338551,17
LSTM-NN,3,train,2019,PHK42,32.539967258797766,24.896327807398887,17
LSTM-NN,3,train,2019,PHK56,50.5659042382912,37.798151928802234,17
LSTM-NN,3,train,2019,PHK74,48.5967530549088,34.672573044184304,17
LSTM-NN,3,train,2019,PHKE6,34.439068090097656,23.737921684686487,17
LSTM-NN,3,train,2019,PHM10,54.930948298626355,42.94539126996472,16
LSTM-NN,3,train,2019,PHN11,32.82195134162187,25.12885670390649,17
LSTM-NN,3,train,2019,PHN29,49.15426292991925,37.789640520336675,17
LSTM-NN,3,train,2019,PHN66,42.5806441220562,37.579683411307755,16
LSTM-NN,3,train,2019,PHP02,35.67865140876991,23.051164804660676,17
LSTM-NN,3,train,2019,PHP55,54.258720883503216,45.23166049351796,17
LSTM-NN,3,train,2019,PHP76,40.50264140985083,29.380065764638676,17
LSTM-NN,3,train,2019,PHP85,27.378479751388316,22.383850813403992,17
LSTM-NN,3,train,2019,PHPR5,44.810244802026304,31.501812847347463,16
LSTM-NN,3,train,2019,PHR03,66.01158652615203,54.73156601122932,17
LSTM-NN,3,train,2019,PHR30,43.72325317589449,34.4940431325009,17
LSTM-NN,3,train,2019,PHR31,46.899232502584816,37.322682125269,17
LSTM-NN,3,train,2019,PHR36,45.68091024327394,29.900644825638604,17
LSTM-NN,3,train,2019,PHR47,54.75058660750214,39.73069797129316,17
LSTM-NN,3,train,2019,PHR58,44.39126492598589,30.918157813261647,16
LSTM-NN,3,train,2019,PHR63,41.83676528206964,36.59290728248222,17
LSTM-NN,3,train,2019,PHT10,50.29700339328564,38.6860673264952,17
LSTM-NN,3,train,2019,PHT47,54.72953189945895,37.924980175093026,17
LSTM-NN,3,train,2019,PHT55,68.83858445504691,57.99516977147253,17
LSTM-NN,3,train,2019,PHTM9,48.90271624072953,35.81585656871627,17
LSTM-NN,3,train,2019,PHV37,29.725751243142117,23.349314588691346,17
LSTM-NN,3,train,2019,PHV57,34.09616098704043,27.730117801615457,17
LSTM-NN,3,train,2019,PHV63,66.23648430624314,49.94203504010558,17
LSTM-NN,3,train,2019,PHVA9,47.402191896224465,41.79215981758792,17
LSTM-NN,3,train,2019,PHW03,41.873942682873064,34.52157263549848,17
LSTM-NN,3,train,2019,PHW17,51.19247562071208,39.35661475604254,17
LSTM-NN,3,train,2019,PHW20,43.0642360068475,32.084858599241066,17
LSTM-NN,3,train,2019,PHW30,58.43812678850613,43.76327473006436,15
LSTM-NN,3,train,2019,PHW52,28.447476603629628,22.09830638870548,17
LSTM-NN,3,train,2019,PHW53,41.08004108194935,27.713763816407067,16
LSTM-NN,3,train,2019,PHW79,63.62546062741659,43.41674461003806,15
LSTM-NN,3,train,2019,PHW80,37.42888370888805,26.584828075380816,17
LSTM-NN,3,train,2019,PHW86,37.12042834790422,28.830458490542316,17
LSTM-NN,3,train,2019,PHZ51,67.6278779663589,60.33287790702383,17
LSTM-NN,3,train,2019,Pa392,41.027129350983024,30.089918591386862,17
LSTM-NN,3,train,2019,Pa405,37.78614023013198,24.58024505627606,17
LSTM-NN,3,train,2019,Pa762,28.19167805387623,22.90742298245622,17
LSTM-NN,3,train,2019,Pa875,57.63789639314006,48.28131054653772,17
LSTM-NN,3,train,2019,Pa880,65.55781251511763,50.48605454033462,17
LSTM-NN,3,train,2019,Pa91,43.27597155504888,39.54717938648018,17
LSTM-NN,3,train,2019,Q381,51.38469976144111,37.122222175160715,17
LSTM-NN,3,train,2019,R168,35.643069112384275,27.99885108781052,17
LSTM-NN,3,train,2019,R181B,53.847478941758986,44.15805913089589,17
LSTM-NN,3,train,2019,R226,54.38597930256096,38.89311316839853,17
LSTM-NN,3,train,2019,R227,48.2949417174274,38.19682913009592,17
LSTM-NN,3,train,2019,R71,41.77582079857868,29.995909317322997,17
LSTM-NN,3,train,2019,R78,42.33673095148009,32.00107044540199,16
LSTM-NN,3,train,2019,S8326,50.79953658979392,36.67380992787627,15
LSTM-NN,3,train,2019,SD101,24.52426395682294,18.71209606836811,17
LSTM-NN,3,train,2019,SD102,32.078807866371136,26.396329920856353,17
LSTM-NN,3,train,2019,SD107,55.50017465750352,44.8171381701215,17
LSTM-NN,3,train,2019,SD40,29.858728299601502,23.48184253297961,17
LSTM-NN,3,train,2019,SD44,34.482613106792726,27.241977381615964,17
LSTM-NN,3,train,2019,SG 30A,43.122101617046866,34.62252580525313,17
LSTM-NN,3,train,2019,Seagull Seventeen,53.026051076060476,34.65548996502089,16
LSTM-NN,3,train,2019,T242,38.52900238598349,27.559593212233782,15
LSTM-NN,3,train,2019,TZU-CHIAO-HSI-WU 105,49.07062628346094,36.84054708646487,17
LSTM-NN,3,train,2019,Tr,41.08436986883787,29.723969519789815,17
LSTM-NN,3,train,2019,Va26,76.42571273751976,58.69733798374954,16
LSTM-NN,3,train,2019,Va35,36.402310015161135,25.861056505629442,17
LSTM-NN,3,train,2019,Va52,38.24049226044279,30.146325879485538,16
LSTM-NN,3,train,2019,Va59,49.97582057528532,37.56871551134262,17
LSTM-NN,3,train,2019,Va99,35.91075116588623,28.250457682282473,17
LSTM-NN,3,train,2019,VaW6,31.106542889646832,26.828726374516283,17
LSTM-NN,3,train,2019,W117Ht,41.835464630702646,35.781826907759424,16
LSTM-NN,3,train,2019,W153R,38.663511195517025,30.643880844886233,17
LSTM-NN,3,train,2019,W22,48.84919040100595,35.08245741561242,17
LSTM-NN,3,train,2019,W23,47.39313279754534,30.995178683710545,17
LSTM-NN,3,train,2019,W24,56.62937899797982,42.52356485497448,16
LSTM-NN,3,train,2019,W32,37.18961861287165,27.953655012482606,17
LSTM-NN,3,train,2019,W37A,33.34847295545643,24.0436951246244,15
LSTM-NN,3,train,2019,W552,47.77107897533844,34.34059974969357,17
LSTM-NN,3,train,2019,W603S,39.96345095065159,31.17076625566712,15
LSTM-NN,3,train,2019,W604S,37.49766104361435,29.213514992946248,17
LSTM-NN,3,train,2019,W605S,46.965426330230024,37.645771346104006,17
LSTM-NN,3,train,2019,W607S,43.92775000362087,33.07544138823336,17
LSTM-NN,3,train,2019,W610S,44.00027315227911,32.28895483784817,16
LSTM-NN,3,train,2019,W612S,48.66390233155491,37.73356336889395,17
LSTM-NN,3,train,2019,W614S,45.426844877312405,32.36176732986035,17
LSTM-NN,3,train,2019,W64A,30.33328446336049,27.36434035340633,17
LSTM-NN,3,train,2019,W701BC,38.00759617044774,32.9861378980729,17
LSTM-NN,3,train,2019,W809G,74.50583460355405,58.15996444589696,17
LSTM-NN,3,train,2019,W810G,40.45467506084449,31.75876879596836,17
LSTM-NN,3,train,2019,W812G,49.978078733937096,38.62504879178435,17
LSTM-NN,3,train,2019,W813G,41.566766678428436,32.97197807071401,17
LSTM-NN,3,train,2019,W814G,42.18852855525102,29.2819083025013,17
LSTM-NN,3,train,2019,W8304,44.59885977136441,35.02884537397103,17
LSTM-NN,3,train,2019,W9,32.71360368360293,24.162597481526383,17
LSTM-NN,3,train,2019,WIL900,60.87004225818734,51.70096222542504,17
LSTM-NN,3,train,2019,WR3,42.178792677358146,28.43302222887652,17
LSTM-NN,3,train,2019,WU-TAN-TZAO,46.87233938688094,38.77785265347969,16
LSTM-NN,3,train,2019,YE 4,49.016915350982,34.78319739787296,17
LSTM-NN,3,train,2019,YING-55,55.43636071119532,41.03374571722206,17
LSTM-NN,3,train,2019,Yu796 NS,38.933164570569026,27.352166496093044,17
LSTM-NN,3,train,2019,ZS635,49.76305158524389,41.35163094513259,17
LSTM-NN,3,val,2020,1538,28.876877025446433,21.34090591082579,5
LSTM-NN,3,val,2020,2369,117.37176506675661,94.04352600993298,6
LSTM-NN,3,val,2020,29MIBZ2,40.39510875582632,29.027652517531067,7
LSTM-NN,3,val,2020,2FACC,43.31340752831127,35.24093363339424,7
LSTM-NN,3,val,2020,2FADB,34.03430889525382,24.704491518430707,7
LSTM-NN,3,val,2020,2MA22,56.26705441895557,44.88809516649127,7
LSTM-NN,3,val,2020,2MCDB,56.44527130353368,43.22942018316812,6
LSTM-NN,3,val,2020,3IJI1,41.61100284158829,32.49999160456583,7
LSTM-NN,3,val,2020,4226,33.626920607235085,24.980945817368926,7
LSTM-NN,3,val,2020,4F-306 108,34.210569680747284,27.226047289714295,7
LSTM-NN,3,val,2020,4N506,36.95704165416972,29.41842379946053,6
LSTM-NN,3,val,2020,6F629,17.64698742900638,15.519440953990818,7
LSTM-NN,3,val,2020,6M502,44.60408951108979,37.74443390420884,7
LSTM-NN,3,val,2020,6M502A,60.150296688881944,50.98490602840439,7
LSTM-NN,3,val,2020,764,34.19551471603353,27.59227781435877,7
LSTM-NN,3,val,2020,78010,37.84770579233014,28.455505043276844,7
LSTM-NN,3,val,2020,78551S,34.06248445434849,30.287610883357154,7
LSTM-NN,3,val,2020,790,39.86211339062732,38.00761786992229,7
LSTM-NN,3,val,2020,793,69.2756767341428,60.977477651719674,7
LSTM-NN,3,val,2020,87916W,31.523529747206137,24.880923208597007,7
LSTM-NN,3,val,2020,911,33.46657357133852,28.14688619151503,7
LSTM-NN,3,val,2020,912,61.075359659134485,56.192717542325106,7
LSTM-NN,3,val,2020,91IFC2,53.44367847664107,40.860006758815054,6
LSTM-NN,3,val,2020,A,45.38702155200338,32.37330079935461,7
LSTM-NN,3,val,2020,A208,37.96709174918885,30.616889128025253,7
LSTM-NN,3,val,2020,A239,29.755249231184717,21.330506910666525,7
LSTM-NN,3,val,2020,A258,36.999037521455335,27.65616009960383,7
LSTM-NN,3,val,2020,A272,32.935066938389,28.056407387270184,7
LSTM-NN,3,val,2020,A305,27.14207806967186,21.936938542027026,7
LSTM-NN,3,val,2020,A321,41.836804733384575,30.278784551382063,7
LSTM-NN,3,val,2020,A322,36.31208041212079,29.73499993302986,7
LSTM-NN,3,val,2020,A334,42.385369499333486,37.793744957245806,7
LSTM-NN,3,val,2020,A340,48.79665640494588,40.1380563837567,7
LSTM-NN,3,val,2020,A374,25.76490788589035,21.519374636587948,7
LSTM-NN,3,val,2020,A385,43.34508776562196,36.036280698062846,7
LSTM-NN,3,val,2020,A427,41.26789844899657,35.32436896561235,7
LSTM-NN,3,val,2020,A548,25.516564078430044,20.54524146404028,7
LSTM-NN,3,val,2020,A556,48.73021351200075,39.19670516743206,6
LSTM-NN,3,val,2020,A572,62.6723237904082,48.67189669825338,7
LSTM-NN,3,val,2020,A619,30.39995108690876,25.362098048974424,7
LSTM-NN,3,val,2020,A627,74.38863798516977,56.92706676387996,7
LSTM-NN,3,val,2020,A632,45.37968193479452,39.61090605118812,7
LSTM-NN,3,val,2020,A634,36.98923173180241,28.84459159508586,7
LSTM-NN,3,val,2020,A635,52.67527021477502,48.72279349828005,7
LSTM-NN,3,val,2020,A641,66.52399503151075,61.50320211522371,7
LSTM-NN,3,val,2020,A648,27.440893563443453,23.839541703774778,7
LSTM-NN,3,val,2020,A649,78.23907281312621,62.76173298295252,7
LSTM-NN,3,val,2020,A659,24.023576290779918,21.440566688159556,7
LSTM-NN,3,val,2020,A663,41.966431774692666,32.52253648648158,7
LSTM-NN,3,val,2020,A672,38.1331247120989,29.150611441508534,7
LSTM-NN,3,val,2020,A674,56.57831206578918,53.181784176129256,7
LSTM-NN,3,val,2020,A679,37.4977163576596,28.431857538931222,7
LSTM-NN,3,val,2020,A680,49.83606051544806,38.39213188204304,6
LSTM-NN,3,val,2020,A682,24.624024718815427,19.59474043638691,7
LSTM-NN,3,val,2020,A71,32.54544316708109,27.35758167462856,7
LSTM-NN,3,val,2020,A73,48.450578717039775,44.26467737828046,7
LSTM-NN,3,val,2020,AQA3,46.016776391691344,41.96360536715447,7
LSTM-NN,3,val,2020,AS6103,56.6317919541563,47.13134504922226,6
LSTM-NN,3,val,2020,AusTRCF 306238,57.022713761360855,44.254569928433604,7
LSTM-NN,3,val,2020,B-18 INBR.FR.SUPERGOLD,34.231646147975276,30.25985798384786,7
LSTM-NN,3,val,2020,B-28,28.77425209152064,23.56241205441624,7
LSTM-NN,3,val,2020,B103,28.08574495800845,15.261536683310421,7
LSTM-NN,3,val,2020,B104,60.2753894920061,51.10300671138436,7
LSTM-NN,3,val,2020,B105,71.82515278813972,59.543627878315675,6
LSTM-NN,3,val,2020,B107,45.367324456032264,26.93020556212917,6
LSTM-NN,3,val,2020,B108,21.46435520701365,17.663135372474493,7
LSTM-NN,3,val,2020,B110,53.03299664416096,43.60395380999386,7
LSTM-NN,3,val,2020,B111,65.91558078222727,51.28405368395448,7
LSTM-NN,3,val,2020,B114,56.52110727534237,40.42585922275253,6
LSTM-NN,3,val,2020,B115,74.49635524728593,60.23287169809386,7
LSTM-NN,3,val,2020,B119,49.06137817528706,27.891231382296684,7
LSTM-NN,3,val,2020,B120,21.064899731032234,16.363936168424786,7
LSTM-NN,3,val,2020,B121,47.36787050584,36.07824620986373,7
LSTM-NN,3,val,2020,B14,102.99745631206079,92.19573917849993,6
LSTM-NN,3,val,2020,B14A,37.89943032443234,27.46187948583156,6
LSTM-NN,3,val,2020,B164,30.42445804387067,22.783001816809776,7
LSTM-NN,3,val,2020,B2,28.41079382879026,23.214533514195086,7
LSTM-NN,3,val,2020,B37,40.94288580565567,34.05720306089312,7
LSTM-NN,3,val,2020,B46,51.31472547364024,39.759289443912586,6
LSTM-NN,3,val,2020,B57,53.372412067470826,46.6809403872364,7
LSTM-NN,3,val,2020,B65,33.13868161066116,28.89554541125759,7
LSTM-NN,3,val,2020,B66,27.491593887009007,20.499757939729392,7
LSTM-NN,3,val,2020,B68,66.27278623992547,61.10132719115496,7
LSTM-NN,3,val,2020,B70,67.99558150490179,61.54911116615195,7
LSTM-NN,3,val,2020,B75,35.77348793524164,30.785696712360977,7
LSTM-NN,3,val,2020,B76,8.075487355189122,6.492457761189043,7
LSTM-NN,3,val,2020,B77,38.57932904627654,28.678798884869817,7
LSTM-NN,3,val,2020,B79,24.6103914916769,21.86345822873734,6
LSTM-NN,3,val,2020,B84,39.62173804718975,31.003195386425705,7
LSTM-NN,3,val,2020,B85,43.16200428767824,36.163492095586356,7
LSTM-NN,3,val,2020,B87,17.792099221190778,15.795272496993542,7
LSTM-NN,3,val,2020,B88,69.45521031058718,51.85543597827002,7
LSTM-NN,3,val,2020,B91,34.04155852823295,31.110875845277313,7
LSTM-NN,3,val,2020,B97,57.29386562811749,39.999571381680525,7
LSTM-NN,3,val,2020,BEI 10 = NORTH 10,28.216113313287387,24.1911118648497,7
LSTM-NN,3,val,2020,BO9,27.7305301625437,24.762995389260112,5
LSTM-NN,3,val,2020,C103,45.510783816998966,35.44430161224113,6
LSTM-NN,3,val,2020,C123,28.323562007981796,24.931443469347283,7
LSTM-NN,3,val,2020,CA-4,54.839973097866476,53.15006608758415,7
LSTM-NN,3,val,2020,CG102,25.132662419035274,24.179542707218527,7
LSTM-NN,3,val,2020,CH157,56.600539300656145,50.88176265838623,7
LSTM-NN,3,val,2020,CH701-30,37.55038808683409,30.411605949715078,6
LSTM-NN,3,val,2020,CH711-10,16.923880132342333,12.970211873082073,7
LSTM-NN,3,val,2020,CH9,40.26436031607098,31.9632588361229,7
LSTM-NN,3,val,2020,CI 40H,32.916757254131326,23.75752425060362,6
LSTM-NN,3,val,2020,CM105,76.24323503181661,69.42381796465249,7
LSTM-NN,3,val,2020,CO257,58.7824481103555,51.82328573766243,7
LSTM-NN,3,val,2020,CO258,49.448808004346006,47.35914557103798,7
LSTM-NN,3,val,2020,CQ702RC,40.80333606894066,33.005533050873574,7
LSTM-NN,3,val,2020,CR 22 INBRED,49.232410394519604,42.467517129132986,5
LSTM-NN,3,val,2020,CS405,36.81737225681394,30.213113200349735,6
LSTM-NN,3,val,2020,DE2,64.14888959075356,51.61933995642573,6
LSTM-NN,3,val,2020,DE4,29.88474907790955,24.6294457047008,7
LSTM-NN,3,val,2020,DE811,48.475970279737304,40.22889776414036,6
LSTM-NN,3,val,2020,DJ7,39.29669644525201,31.689202938780785,7
LSTM-NN,3,val,2020,DK3IIH6,26.04220647500304,23.433648188714237,7
LSTM-NN,3,val,2020,DK4676A,37.6852692409936,31.45309380710177,6
LSTM-NN,3,val,2020,DK78002A,24.43122833831093,20.429244560453746,7
LSTM-NN,3,val,2020,DK78010,26.09149679699644,20.985534099373073,7
LSTM-NN,3,val,2020,DKFAPW,42.69919767681172,36.25564601090133,7
LSTM-NN,3,val,2020,DKFBHJ,29.439709196085005,20.931695498979984,7
LSTM-NN,3,val,2020,DKMBNA,42.7839712070828,35.55323633319658,5
LSTM-NN,3,val,2020,DKPB80,64.22971587778765,56.67392811205119,7
LSTM-NN,3,val,2020,E8501,36.90285267448779,31.433542699453387,6
LSTM-NN,3,val,2020,EAST 028,59.65570039592612,53.31503486336947,7
LSTM-NN,3,val,2020,Eng-Li Chih,36.447411270662755,29.602282637644713,7
LSTM-NN,3,val,2020,F118,35.304273557595906,29.725552474152,7
LSTM-NN,3,val,2020,F2834T,64.88094285397982,47.40401844079927,7
LSTM-NN,3,val,2020,FBLA,48.601987392835255,34.122531927190124,7
LSTM-NN,3,val,2020,FR19,44.86315297674211,39.670647218909224,7
LSTM-NN,3,val,2020,G80,44.14989650136474,39.21348769519284,7
LSTM-NN,3,val,2020,H110,45.696148360530195,26.257265955077113,7
LSTM-NN,3,val,2020,H113,41.358455523591985,35.52211608343162,7
LSTM-NN,3,val,2020,H121,30.980759899811886,30.023269373539392,7
LSTM-NN,3,val,2020,H122w,75.32446384809128,64.67007313248864,7
LSTM-NN,3,val,2020,H42,60.23220021230115,45.457743083975025,6
LSTM-NN,3,val,2020,H5,57.19546860502294,45.12708822908878,7
LSTM-NN,3,val,2020,H71,42.42025710778719,34.33137415412016,6
LSTM-NN,3,val,2020,H84,67.16338981064065,48.80030566754221,7
LSTM-NN,3,val,2020,H91,31.037711033550007,23.967140578365775,7
LSTM-NN,3,val,2020,H95,33.74235042238161,30.06019174912948,7
LSTM-NN,3,val,2020,H96,47.05504309475669,39.96029121395275,7
LSTM-NN,3,val,2020,H99,66.1924796821798,56.22688988495976,7
LSTM-NN,3,val,2020,HP301,44.78969080131096,34.06341107185543,7
LSTM-NN,3,val,2020,HUANYAO,63.732399399881366,54.69425122356087,7
LSTM-NN,3,val,2020,I29,37.64116777111621,33.97464507915213,7
LSTM-NN,3,val,2020,IA2132,32.929182513299345,29.82949635860417,6
LSTM-NN,3,val,2020,IBB14,40.724003333960745,27.861346544399858,7
LSTM-NN,3,val,2020,IBB15,66.67233387431739,54.31349926856563,7
LSTM-NN,3,val,2020,IBC2,22.790034427288983,20.058906313456,7
LSTM-NN,3,val,2020,ICI 193,47.18742751670354,37.85247461200968,7
LSTM-NN,3,val,2020,ICI 740,24.454009684925854,22.59191441745311,5
LSTM-NN,3,val,2020,ICI 893,34.58237623657723,26.006580626518875,7
LSTM-NN,3,val,2020,ICI 986,43.80598090697984,30.0111298217386,7
LSTM-NN,3,val,2020,IDS28,38.39818283983286,33.63289496000916,7
LSTM-NN,3,val,2020,IDS69,53.07086501550777,43.924243052134216,7
LSTM-NN,3,val,2020,IDS91,38.744117805952584,23.0042607638213,7
LSTM-NN,3,val,2020,INB 101LFY/LFY (A632 X M16 S5),49.65956587937231,46.83264196445771,7
LSTM-NN,3,val,2020,INBRED 141,52.92061378076444,45.02848055159033,7
LSTM-NN,3,val,2020,INBRED 2-687,45.71321280327978,36.113364354147684,6
LSTM-NN,3,val,2020,INBRED 305,46.455758683577535,37.282507714405504,7
LSTM-NN,3,val,2020,INBRED 309,66.85637486148711,54.3955278728536,6
LSTM-NN,3,val,2020,INBRED 321,24.530688099063294,19.018296970141233,7
LSTM-NN,3,val,2020,Ia 453,55.96961984367681,52.72681302514807,7
LSTM-NN,3,val,2020,J47,51.198932629128144,34.50221709847525,7
LSTM-NN,3,val,2020,K150,32.196979608620026,24.287477295173854,7
LSTM-NN,3,val,2020,K41,38.038004570191745,28.01630385986388,7
LSTM-NN,3,val,2020,K47,36.52871408719769,28.912188307642715,7
LSTM-NN,3,val,2020,K55,31.542447586671585,28.518146005592197,7
LSTM-NN,3,val,2020,KUNG-70,30.40101862057787,29.244671557820368,7
LSTM-NN,3,val,2020,L 127,50.50613339788832,36.35129955392853,7
LSTM-NN,3,val,2020,L 135,30.585367721184006,24.169629810421764,7
LSTM-NN,3,val,2020,L 139,11.649223625027565,9.332367871611119,6
LSTM-NN,3,val,2020,L 155,56.579088859899656,44.03038523866385,7
LSTM-NN,3,val,2020,L 289,27.056590035715708,24.35599301490158,7
LSTM-NN,3,val,2020,LH1,53.33669072957425,41.818134374634546,7
LSTM-NN,3,val,2020,LH119,30.671227603979368,27.12210080656707,7
LSTM-NN,3,val,2020,LH128,48.39981783740842,40.10362887177139,7
LSTM-NN,3,val,2020,LH143 (Maintainer),16.768464663262204,14.948535268104225,6
LSTM-NN,3,val,2020,LH145,32.771651129561114,24.349183658148046,7
LSTM-NN,3,val,2020,LH146Ht,61.317337450661434,44.042933444957434,7
LSTM-NN,3,val,2020,LH149,43.965604254282425,34.31969887664348,6
LSTM-NN,3,val,2020,LH165,56.420218300498426,44.66043691353277,6
LSTM-NN,3,val,2020,LH166,48.86119761887857,37.80625569578693,7
LSTM-NN,3,val,2020,LH172,59.58602335480591,49.7863808134941,7
LSTM-NN,3,val,2020,LH184,56.22293557499078,41.4718702058351,7
LSTM-NN,3,val,2020,LH185,43.81766409471599,30.813562480565604,7
LSTM-NN,3,val,2020,LH190,18.789358262613625,14.988155670950713,7
LSTM-NN,3,val,2020,LH191,40.87874965866864,37.00444346570581,7
LSTM-NN,3,val,2020,LH192,29.77439732350216,24.948210172218833,7
LSTM-NN,3,val,2020,LH194,46.7514681991463,35.7029342932646,7
LSTM-NN,3,val,2020,LH195,43.01092858198516,34.000874833071826,7
LSTM-NN,3,val,2020,LH197,34.41419679413001,27.138700184506774,7
LSTM-NN,3,val,2020,LH198,39.39742376545809,30.87928789996952,7
LSTM-NN,3,val,2020,LH199,47.171630620409,38.65976202104979,7
LSTM-NN,3,val,2020,LH202,17.812250900384548,16.65039421764153,5
LSTM-NN,3,val,2020,LH204,22.094043212044017,15.499885579828174,7
LSTM-NN,3,val,2020,LH205,56.64324819012889,49.09050062472225,7
LSTM-NN,3,val,2020,LH206,36.35379891773126,35.21497522978127,7
LSTM-NN,3,val,2020,LH208,23.440587828845118,19.215972177802026,7
LSTM-NN,3,val,2020,LH209,30.258445354812945,21.138551935029028,7
LSTM-NN,3,val,2020,LH213,62.13240807410895,52.60774318406146,7
LSTM-NN,3,val,2020,LH214,39.682936285829285,28.67656338654533,7
LSTM-NN,3,val,2020,LH215,77.4098193349749,65.6340418390444,7
LSTM-NN,3,val,2020,LH222,65.67105581651258,48.786973663793205,7
LSTM-NN,3,val,2020,LH223,62.53241771117766,56.98474476166606,7
LSTM-NN,3,val,2020,LH224,67.50662595580842,53.706649441234994,6
LSTM-NN,3,val,2020,LH295,40.89214089227716,36.59013661725022,6
LSTM-NN,3,val,2020,LH59,44.40046543341321,40.87664981034614,7
LSTM-NN,3,val,2020,LH60,54.018408619659034,43.665776067009865,7
LSTM-NN,3,val,2020,LH61,32.65397237106244,28.76971892426178,7
LSTM-NN,3,val,2020,LH74,29.38101554764873,24.366841441915337,7
LSTM-NN,3,val,2020,LH82,43.5161717574336,34.60686104034394,7
LSTM-NN,3,val,2020,LH93,48.11195639674749,31.41739417571113,7
LSTM-NN,3,val,2020,LIBC 4,43.96972766660962,35.88309026251197,6
LSTM-NN,3,val,2020,LP1 NR HT,26.25052938370642,21.424971259810924,7
LSTM-NN,3,val,2020,LP5,63.121605271610434,53.5100096002248,7
LSTM-NN,3,val,2020,Lp215D,53.37306238893763,38.797576094365866,7
LSTM-NN,3,val,2020,M14,33.25667502904428,28.28836617023986,7
LSTM-NN,3,val,2020,MBPM,22.10133112285793,19.88067663660899,7
LSTM-NN,3,val,2020,MBWZ,25.427835988330564,19.787837131239478,7
LSTM-NN,3,val,2020,MEF156-55-2,44.928592128741954,41.75209850813873,7
LSTM-NN,3,val,2020,ML606,40.36078393892914,27.366021460411996,7
LSTM-NN,3,val,2020,MM501D,49.62593736295864,42.515114393208776,7
LSTM-NN,3,val,2020,MQ305,65.3485554035854,50.57105678299606,7
LSTM-NN,3,val,2020,MS116,42.2632296108751,37.859590226913845,6
LSTM-NN,3,val,2020,MS132,12.201192123501668,10.94315573163718,7
LSTM-NN,3,val,2020,MS153,47.292371838681,33.79702753074147,6
LSTM-NN,3,val,2020,MS200,35.804101926462366,31.13139653768376,7
LSTM-NN,3,val,2020,MS211,29.38558191620078,24.08716631257832,7
LSTM-NN,3,val,2020,MS221,41.37232783601664,32.47083424613625,7
LSTM-NN,3,val,2020,MS224,44.9044104837193,30.73728977248147,7
LSTM-NN,3,val,2020,MS225,19.263907126969436,15.319193270952255,7
LSTM-NN,3,val,2020,MS226,34.299661103974245,27.72218316655688,7
LSTM-NN,3,val,2020,MS24A,77.02613803321375,70.54391595935203,7
LSTM-NN,3,val,2020,MS67,18.644324406952883,17.07920882808767,7
LSTM-NN,3,val,2020,MS71,33.72259756527102,26.3362191201362,7
LSTM-NN,3,val,2020,MS72,33.133500701864364,31.40324160491109,5
LSTM-NN,3,val,2020,Mo46,30.96060567923832,22.614335027444515,7
LSTM-NN,3,val,2020,Mo47,50.92983132574398,41.86472075409427,7
LSTM-NN,3,val,2020,Mo5,67.1200120899929,56.43637255446621,7
LSTM-NN,3,val,2020,N192,37.2378787038193,27.946042282502358,7
LSTM-NN,3,val,2020,N193,44.88762976770694,36.33606181462057,7
LSTM-NN,3,val,2020,N201,38.42285477694069,30.93019982672855,6
LSTM-NN,3,val,2020,N211,53.89610682288375,45.41189748774972,6
LSTM-NN,3,val,2020,N217,67.22206303724835,55.81883766883135,7
LSTM-NN,3,val,2020,N28Ht,42.90458914113576,32.704207611300944,7
LSTM-NN,3,val,2020,N501,92.99076295370566,83.86154489095865,7
LSTM-NN,3,val,2020,N523,23.27346402721147,18.858176086404917,7
LSTM-NN,3,val,2020,N527,40.736816161200025,29.93645170396462,7
LSTM-NN,3,val,2020,N534,46.41957375202361,35.346865441984534,7
LSTM-NN,3,val,2020,N542,25.570426661924078,21.273958065271675,7
LSTM-NN,3,val,2020,N6,46.38325684932985,26.796582834845783,7
LSTM-NN,3,val,2020,NC262,33.67647875962901,24.137313059398682,7
LSTM-NN,3,val,2020,NC294,33.90925029955276,28.31695581076786,7
LSTM-NN,3,val,2020,NC310,16.77089133956228,15.293081272826045,7
LSTM-NN,3,val,2020,NC326,24.742095533642793,19.342937125947476,7
LSTM-NN,3,val,2020,NC328,37.935140414342065,28.29560322565436,6
LSTM-NN,3,val,2020,NC368,49.343257879837985,39.06574932185099,7
LSTM-NN,3,val,2020,NC412,35.97630441653076,31.10055848292902,7
LSTM-NN,3,val,2020,ND247,70.00013573356941,63.27058252926887,7
LSTM-NN,3,val,2020,ND265,38.299241712842935,34.05741716233582,7
LSTM-NN,3,val,2020,NK740,60.142724110152535,43.701881948130726,7
LSTM-NN,3,val,2020,NK778,41.46379011897416,33.72222669250287,7
LSTM-NN,3,val,2020,NK807,52.00698798772241,48.41277585042596,6
LSTM-NN,3,val,2020,NKS8326,47.123920533384286,39.18356973363079,6
LSTM-NN,3,val,2020,NORTH 7,66.09431459439836,55.20606219620921,6
LSTM-NN,3,val,2020,NQ508,45.36352654004822,32.0771594073227,7
LSTM-NN,3,val,2020,NS501,71.80807334791774,52.45959953065172,7
LSTM-NN,3,val,2020,NS701,69.1875182377024,60.81805701933235,7
LSTM-NN,3,val,2020,NY 166 (Neveh Yaar),18.25146690580563,17.102216122575847,7
LSTM-NN,3,val,2020,NY6371,21.444749184117693,17.59574601251051,7
LSTM-NN,3,val,2020,Ny821,30.86312541052596,27.436142940959932,7
LSTM-NN,3,val,2020,OH33,53.17646259247125,48.52997986725517,6
LSTM-NN,3,val,2020,OQ403,41.13083049541501,33.982616168951246,7
LSTM-NN,3,val,2020,OQ603,21.63570139890636,18.45874052246913,7
LSTM-NN,3,val,2020,OS602,52.34902744402376,34.523165062891245,7
LSTM-NN,3,val,2020,Oh40B,28.171109091943507,23.826049123943744,7
LSTM-NN,3,val,2020,Oh43,34.73913868082708,29.487172393293683,7
LSTM-NN,3,val,2020,Oh7,83.71405608214042,72.33497389848858,7
LSTM-NN,3,val,2020,Os420,43.257942007237055,37.399621110471905,5
LSTM-NN,3,val,2020,Os426,34.09625495163192,26.1610701768744,7
LSTM-NN,3,val,2020,PHB09,43.11396809938329,41.42308430640203,5
LSTM-NN,3,val,2020,PHB47,43.331345796477194,34.78865922971517,7
LSTM-NN,3,val,2020,PHBA6,41.98623793904373,36.67127741810113,7
LSTM-NN,3,val,2020,PHBB3,27.438684423039426,23.42397871594906,7
LSTM-NN,3,val,2020,PHBW8,67.57257868406727,57.39268911255676,7
LSTM-NN,3,val,2020,PHG29,44.70057522220129,39.128712925731726,5
LSTM-NN,3,val,2020,PHG47,54.04605316026823,52.63403519030281,7
LSTM-NN,3,val,2020,PHG50,42.63418640983039,30.208806891151074,7
LSTM-NN,3,val,2020,PHG71,41.20736134912395,34.56184947008282,7
LSTM-NN,3,val,2020,PHG72,40.501301464197425,34.10932652255506,7
LSTM-NN,3,val,2020,PHG80,46.67347246689654,40.942159033836724,7
LSTM-NN,3,val,2020,PHG83,53.09802303406219,45.56661149554163,7
LSTM-NN,3,val,2020,PHG86,31.750538603836798,24.017282205369025,7
LSTM-NN,3,val,2020,PHGW7,26.825761254678,21.616886673225313,7
LSTM-NN,3,val,2020,PHH93,61.355565402594415,48.13528936532959,7
LSTM-NN,3,val,2020,PHHV4,27.266588474412497,25.19880073761678,5
LSTM-NN,3,val,2020,PHJ70,59.59825818133489,47.120123185851575,7
LSTM-NN,3,val,2020,PHJ89,24.856714756964937,22.660382662513108,7
LSTM-NN,3,val,2020,PHJ90,23.862361871523,21.520156106853783,7
LSTM-NN,3,val,2020,PHJR5,51.031770805698535,42.9242012778309,7
LSTM-NN,3,val,2020,PHK35,55.00775908488254,36.52172321629167,6
LSTM-NN,3,val,2020,PHK42,47.457822606844054,35.21277603561446,7
LSTM-NN,3,val,2020,PHK56,34.00500837070215,19.156258897569554,6
LSTM-NN,3,val,2020,PHK74,19.93030077427664,16.907786878961474,7
LSTM-NN,3,val,2020,PHKE6,31.605319332900983,28.817833569128215,7
LSTM-NN,3,val,2020,PHM10,65.85252706944507,51.38836018333196,7
LSTM-NN,3,val,2020,PHN11,38.920300354783436,33.24019102469445,6
LSTM-NN,3,val,2020,PHN29,26.477832388132725,18.54760798063874,7
LSTM-NN,3,val,2020,PHN66,34.626696457603714,31.035576523027572,6
LSTM-NN,3,val,2020,PHP02,27.77487339116487,21.239832157057826,7
LSTM-NN,3,val,2020,PHP55,19.291692381796615,16.973203247587232,7
LSTM-NN,3,val,2020,PHP76,49.26539503458176,39.697933633264306,7
LSTM-NN,3,val,2020,PHP85,28.408552788907617,23.131746536998005,7
LSTM-NN,3,val,2020,PHPR5,24.270042986303956,17.39009924961269,7
LSTM-NN,3,val,2020,PHR03,83.51259487411122,65.68810198788688,6
LSTM-NN,3,val,2020,PHR30,52.77826290293885,46.718747769757385,5
LSTM-NN,3,val,2020,PHR31,48.10641848028439,32.895775342589914,7
LSTM-NN,3,val,2020,PHR36,46.22358972454893,27.882850862274918,6
LSTM-NN,3,val,2020,PHR47,20.949952589398322,15.236975524329992,7
LSTM-NN,3,val,2020,PHR58,58.75497043056098,41.35307108671403,5
LSTM-NN,3,val,2020,PHR63,40.59328319997775,30.2990292391026,7
LSTM-NN,3,val,2020,PHT10,34.17484007861422,28.091776480165425,7
LSTM-NN,3,val,2020,PHT47,80.00524194063458,58.8713736285992,7
LSTM-NN,3,val,2020,PHT55,80.93077410801367,64.5111221269615,7
LSTM-NN,3,val,2020,PHTM9,31.001492546954562,25.846734816592633,7
LSTM-NN,3,val,2020,PHV37,48.414363319314035,38.475371109751315,7
LSTM-NN,3,val,2020,PHV57,48.23152127443333,38.70586527594969,7
LSTM-NN,3,val,2020,PHV63,58.341024627688036,47.64228216217787,7
LSTM-NN,3,val,2020,PHVA9,66.05588098953913,51.901935088119956,7
LSTM-NN,3,val,2020,PHW03,24.92860014785692,22.068377744886877,7
LSTM-NN,3,val,2020,PHW17,64.24340103955006,47.563169351912585,7
LSTM-NN,3,val,2020,PHW20,30.084463850314417,23.726507777979972,7
LSTM-NN,3,val,2020,PHW30,54.19533436415017,32.17129655361011,7
LSTM-NN,3,val,2020,PHW52,44.760472346592195,34.19365921908081,7
LSTM-NN,3,val,2020,PHW53,42.30626569042272,35.730163807834096,7
LSTM-NN,3,val,2020,PHW79,36.370894116398574,27.65057600817181,7
LSTM-NN,3,val,2020,PHW80,35.234086462462976,30.8561723911652,7
LSTM-NN,3,val,2020,PHW86,38.67917603511687,33.39785765428439,7
LSTM-NN,3,val,2020,PHZ51,25.2698695307444,22.193134655545055,7
LSTM-NN,3,val,2020,Pa392,64.22610461564578,59.419970875032845,7
LSTM-NN,3,val,2020,Pa405,59.0963104262626,41.69044357605458,7
LSTM-NN,3,val,2020,Pa762,25.20996709933691,23.523327370614407,7
LSTM-NN,3,val,2020,Pa875,45.13989568131479,34.445705022675995,7
LSTM-NN,3,val,2020,Pa880,43.52601493002864,33.84588400607765,7
LSTM-NN,3,val,2020,Pa91,53.29204141975439,47.43681226568923,7
LSTM-NN,3,val,2020,Q381,17.278782192020664,15.029830516771227,7
LSTM-NN,3,val,2020,R168,43.635751129403346,36.227710427008866,7
LSTM-NN,3,val,2020,R181B,43.894570154579746,38.32910352023318,7
LSTM-NN,3,val,2020,R226,40.498553106552514,33.59586937356055,7
LSTM-NN,3,val,2020,R227,29.811416678852453,27.40809844459444,7
LSTM-NN,3,val,2020,R71,27.068687682178428,19.350111386029425,7
LSTM-NN,3,val,2020,R78,23.37058740337406,19.48327992347695,7
LSTM-NN,3,val,2020,S8326,16.438638050241664,13.546110776962637,6
LSTM-NN,3,val,2020,SD101,51.0747441223104,45.89919946925104,7
LSTM-NN,3,val,2020,SD102,43.33366624446601,34.01909672759682,7
LSTM-NN,3,val,2020,SD107,52.66786293099833,38.048266192412676,7
LSTM-NN,3,val,2020,SD40,30.3369446472531,19.474266950896382,7
LSTM-NN,3,val,2020,SD44,28.764509107518826,26.294552186760306,7
LSTM-NN,3,val,2020,SG 30A,24.15256217818822,18.978656786183194,7
LSTM-NN,3,val,2020,Seagull Seventeen,68.40613348286298,50.45059857938387,6
LSTM-NN,3,val,2020,T242,62.86616972707243,58.44012631378234,7
LSTM-NN,3,val,2020,TZU-CHIAO-HSI-WU 105,31.996141469256973,25.745394553072305,7
LSTM-NN,3,val,2020,Tr,59.93600539801358,45.83410052928597,7
LSTM-NN,3,val,2020,Va26,15.552144456688104,13.52065970068127,7
LSTM-NN,3,val,2020,Va35,30.403516069360265,24.973640769231768,7
LSTM-NN,3,val,2020,Va52,69.89943254701485,59.57719510588087,7
LSTM-NN,3,val,2020,Va59,42.367608866085675,20.609431403749735,7
LSTM-NN,3,val,2020,Va99,36.187783998125525,30.004250649297237,7
LSTM-NN,3,val,2020,VaW6,62.21405753866358,51.932235794797315,7
LSTM-NN,3,val,2020,W117Ht,56.24389591859233,52.77833770092734,7
LSTM-NN,3,val,2020,W153R,92.98741850138728,71.74659683672122,7
LSTM-NN,3,val,2020,W22,44.597858805359586,34.035717050242866,7
LSTM-NN,3,val,2020,W23,39.718013750027545,30.423199697982966,7
LSTM-NN,3,val,2020,W24,25.109408292859914,16.710769335080084,7
LSTM-NN,3,val,2020,W32,36.13911047031975,32.75800249931615,6
LSTM-NN,3,val,2020,W37A,34.934671932678036,24.547893999740484,7
LSTM-NN,3,val,2020,W552,34.86027863817835,32.31117624041028,7
LSTM-NN,3,val,2020,W603S,56.960399483173724,51.800975552817285,7
LSTM-NN,3,val,2020,W604S,33.06236882604493,29.403407996466907,7
LSTM-NN,3,val,2020,W605S,60.629188897601296,48.529517764974685,6
LSTM-NN,3,val,2020,W607S,30.729553608303497,22.364265007815067,7
LSTM-NN,3,val,2020,W610S,63.29882057541392,50.9026287057285,7
LSTM-NN,3,val,2020,W612S,44.90898473324085,42.60437933536112,7
LSTM-NN,3,val,2020,W614S,41.684781192812316,31.375337670797112,7
LSTM-NN,3,val,2020,W64A,61.917602883826326,59.58331165829211,5
LSTM-NN,3,val,2020,W701BC,55.50242015398138,47.733423480057276,7
LSTM-NN,3,val,2020,W809G,56.92133977052473,48.686753243905756,7
LSTM-NN,3,val,2020,W810G,16.791361050211652,15.67072875690222,7
LSTM-NN,3,val,2020,W812G,40.10549944799077,34.10733409918372,6
LSTM-NN,3,val,2020,W813G,13.880651069880596,10.642447462745011,7
LSTM-NN,3,val,2020,W814G,25.247069859967958,19.523951983301195,7
LSTM-NN,3,val,2020,W8304,20.428722652783154,18.49371065749489,6
LSTM-NN,3,val,2020,W9,27.371975047969038,21.031967117038523,7
LSTM-NN,3,val,2020,WIL900,74.81097498518355,64.39265002452224,7
LSTM-NN,3,val,2020,WR3,35.89062839112262,28.482701046316176,7
LSTM-NN,3,val,2020,WU-TAN-TZAO,34.321468879035514,33.273205001720044,7
LSTM-NN,3,val,2020,YE 4,46.71974216431728,42.18670403511346,6
LSTM-NN,3,val,2020,YING-55,81.0208215590258,73.41549919772832,7
LSTM-NN,3,val,2020,Yu796 NS,43.11707077216558,36.24139709445208,7
LSTM-NN,3,val,2020,ZS635,53.70221481845954,41.97874606265634,6
LSTM-NN,3,test,2021,1538,92.43137264021716,63.85039995498867,10
LSTM-NN,3,test,2021,2369,91.57660683205475,55.782752918591996,10
LSTM-NN,3,test,2021,29MIBZ2,51.83410301758447,41.246471747060454,10
LSTM-NN,3,test,2021,2FACC,71.32632073032775,48.772355282723936,10
LSTM-NN,3,test,2021,2FADB,63.891881551154746,41.20172938609162,10
LSTM-NN,3,test,2021,2MA22,98.4257332165273,62.52542684691703,10
LSTM-NN,3,test,2021,2MCDB,117.41875030205361,90.18865050477956,9
LSTM-NN,3,test,2021,3IJI1,77.49529881118032,49.62726090054618,10
LSTM-NN,3,test,2021,4226,112.93898347591349,86.71052418334732,10
LSTM-NN,3,test,2021,4F-306 108,99.79977057561645,69.61262895886313,9
LSTM-NN,3,test,2021,4N506,69.61886614107044,47.345692087992134,10
LSTM-NN,3,test,2021,6F629,131.92815747273445,109.8353075829034,10
LSTM-NN,3,test,2021,6M502,90.29521199414837,67.20280462673057,10
LSTM-NN,3,test,2021,6M502A,119.23264743039599,89.65442055634408,10
LSTM-NN,3,test,2021,764,93.94599664307975,69.84626207975882,10
LSTM-NN,3,test,2021,78010,105.75199328830394,78.87101307884534,10
LSTM-NN,3,test,2021,78551S,79.11578466497627,50.98209177095658,9
LSTM-NN,3,test,2021,790,80.8447934093443,54.45057264397756,10
LSTM-NN,3,test,2021,793,69.65742629307098,47.17779371335909,10
LSTM-NN,3,test,2021,87916W,113.04972804533793,78.48916885999967,9
LSTM-NN,3,test,2021,911,59.83326985145103,44.12707075064483,10
LSTM-NN,3,test,2021,912,93.29105625906108,72.94122499503686,10
LSTM-NN,3,test,2021,91IFC2,70.42880441668022,48.489485154792625,10
LSTM-NN,3,test,2021,A,102.55532456842283,74.69603420159872,10
LSTM-NN,3,test,2021,A208,86.49810090336653,57.78819319220728,10
LSTM-NN,3,test,2021,A239,76.77214185338761,47.53464978306328,10
LSTM-NN,3,test,2021,A258,120.99849612385879,97.05785458983233,10
LSTM-NN,3,test,2021,A272,97.18136815455969,63.26289679945783,10
LSTM-NN,3,test,2021,A305,81.94562519814451,58.731173115441536,10
LSTM-NN,3,test,2021,A321,113.46283785743364,78.4659386181626,10
LSTM-NN,3,test,2021,A322,50.06480685650193,36.528755207516404,10
LSTM-NN,3,test,2021,A334,73.79411668550753,50.442657099193696,10
LSTM-NN,3,test,2021,A340,71.7981183521249,56.783551122601125,10
LSTM-NN,3,test,2021,A374,59.77429907611632,44.89071762990153,10
LSTM-NN,3,test,2021,A385,65.06417882716192,51.98159029646401,10
LSTM-NN,3,test,2021,A427,49.01684345608461,35.96387833899335,10
LSTM-NN,3,test,2021,A548,57.04195204274263,41.79169075199112,10
LSTM-NN,3,test,2021,A556,85.07463633769187,65.23699383200119,10
LSTM-NN,3,test,2021,A572,72.46009486714091,52.74649772123648,10
LSTM-NN,3,test,2021,A619,59.18596719874135,46.287612858197946,10
LSTM-NN,3,test,2021,A627,146.47038857196765,122.88757025002624,10
LSTM-NN,3,test,2021,A632,139.96509617613583,113.39017358111226,9
LSTM-NN,3,test,2021,A634,75.74669583116028,52.10883387901962,10
LSTM-NN,3,test,2021,A635,95.11316101282935,64.98433639643677,10
LSTM-NN,3,test,2021,A641,69.60977332822704,48.193528681245894,10
LSTM-NN,3,test,2021,A648,155.19834125429608,132.20695454988592,9
LSTM-NN,3,test,2021,A649,71.91751436487061,47.985723403455374,10
LSTM-NN,3,test,2021,A659,97.12976826365467,65.49702003415386,10
LSTM-NN,3,test,2021,A663,88.0507236435454,57.599084648706615,10
LSTM-NN,3,test,2021,A672,78.15621889403528,58.7632409502656,10
LSTM-NN,3,test,2021,A674,60.0848125487798,42.21616308264477,10
LSTM-NN,3,test,2021,A679,112.1707959584032,81.72562738157433,10
LSTM-NN,3,test,2021,A680,95.58873723245692,65.71682248628578,10
LSTM-NN,3,test,2021,A682,64.83865602284533,43.588180863622966,10
LSTM-NN,3,test,2021,A71,73.30941241965252,46.33304820968422,10
LSTM-NN,3,test,2021,A73,95.10581824950549,80.28531582494004,10
LSTM-NN,3,test,2021,AQA3,65.71459600854864,50.954179562390706,10
LSTM-NN,3,test,2021,AS6103,99.61520792615752,61.90942506724325,10
LSTM-NN,3,test,2021,AusTRCF 306238,114.62019957338246,79.52871038529783,9
LSTM-NN,3,test,2021,B-18 INBR.FR.SUPERGOLD,65.4515286477707,45.70617198501702,10
LSTM-NN,3,test,2021,B-28,61.39421152032047,43.045904543390755,10
LSTM-NN,3,test,2021,B103,75.20113506891452,51.648995085194976,10
LSTM-NN,3,test,2021,B104,115.08955084508418,84.55284787014845,10
LSTM-NN,3,test,2021,B105,115.70051346774243,81.71018415142518,10
LSTM-NN,3,test,2021,B107,99.73453503259206,66.71415378286838,10
LSTM-NN,3,test,2021,B108,77.25506386739163,51.3119579904188,10
LSTM-NN,3,test,2021,B110,121.86480462768517,89.61550466618931,9
LSTM-NN,3,test,2021,B111,82.18224440981027,54.837625930237856,10
LSTM-NN,3,test,2021,B114,99.55677535466026,64.83842198121151,10
LSTM-NN,3,test,2021,B115,147.9069245436469,114.91884448768317,9
LSTM-NN,3,test,2021,B119,123.97125710512037,85.00484189402519,10
LSTM-NN,3,test,2021,B120,133.065874496115,106.34364733006677,10
LSTM-NN,3,test,2021,B121,67.87977610796673,46.04744749711409,10
LSTM-NN,3,test,2021,B14,134.85095294164432,91.74715580611995,10
LSTM-NN,3,test,2021,B14A,116.4434138216809,86.39267159145692,9
LSTM-NN,3,test,2021,B164,77.57448169140937,49.376698726861285,10
LSTM-NN,3,test,2021,B2,85.10541161270149,60.41663972416854,9
LSTM-NN,3,test,2021,B37,121.33339258197323,87.95447572024827,10
LSTM-NN,3,test,2021,B46,108.53217271055316,71.1514452096848,10
LSTM-NN,3,test,2021,B57,114.88542533329647,98.10942241295677,10
LSTM-NN,3,test,2021,B65,99.90961769008487,67.02285694870919,10
LSTM-NN,3,test,2021,B66,92.50084166674573,58.605922654414144,10
LSTM-NN,3,test,2021,B68,142.22604584238027,114.17291475104304,9
LSTM-NN,3,test,2021,B70,94.53066643519078,68.19880231568007,10
LSTM-NN,3,test,2021,B75,88.64380333189813,50.102040422228136,9
LSTM-NN,3,test,2021,B76,75.07400239154082,47.54079416866207,10
LSTM-NN,3,test,2021,B77,110.34712010546303,84.25350040209977,10
LSTM-NN,3,test,2021,B79,103.18225523821418,77.22730750211261,10
LSTM-NN,3,test,2021,B84,119.70106922963559,89.99156867875006,9
LSTM-NN,3,test,2021,B85,96.46315112418539,51.802282176687015,10
LSTM-NN,3,test,2021,B87,85.34406848678265,64.370757640025,10
LSTM-NN,3,test,2021,B88,93.03055659081754,57.39398877812961,10
LSTM-NN,3,test,2021,B91,78.62553189436619,58.12408735762981,10
LSTM-NN,3,test,2021,B97,128.7133101175966,94.53584054837381,10
LSTM-NN,3,test,2021,BEI 10 = NORTH 10,84.45330867868829,55.84082076717898,10
LSTM-NN,3,test,2021,BO9,56.063043025119924,38.45540047187743,10
LSTM-NN,3,test,2021,C103,99.85898261346095,63.93637280819682,10
LSTM-NN,3,test,2021,C123,63.023758102653005,41.52987440578668,10
LSTM-NN,3,test,2021,CA-4,66.42242965331302,47.823090139080925,10
LSTM-NN,3,test,2021,CG102,81.60531994180509,52.725127255549594,10
LSTM-NN,3,test,2021,CH157,62.7293208281064,47.181936506459536,10
LSTM-NN,3,test,2021,CH701-30,81.5021424150292,50.78406114197209,10
LSTM-NN,3,test,2021,CH711-10,83.05907689509954,51.67722166087434,10
LSTM-NN,3,test,2021,CH9,108.78433829785426,69.10705427511644,10
LSTM-NN,3,test,2021,CI 40H,84.78806365331586,52.58936660124412,10
LSTM-NN,3,test,2021,CM105,72.40617984320227,47.093478075133056,10
LSTM-NN,3,test,2021,CO257,165.58363299020976,157.58994420650168,9
LSTM-NN,3,test,2021,CO258,103.44776896947803,85.1227415078242,10
LSTM-NN,3,test,2021,CQ702RC,120.36638902901139,81.77268231738701,10
LSTM-NN,3,test,2021,CR 22 INBRED,73.4596479379021,56.462074874136206,10
LSTM-NN,3,test,2021,CS405,68.88069545768653,50.04444933721608,10
LSTM-NN,3,test,2021,DE2,73.78849892797473,49.50355215608137,10
LSTM-NN,3,test,2021,DE4,72.49814767387252,46.44083869805986,10
LSTM-NN,3,test,2021,DE811,118.39577301543183,85.73202124689806,10
LSTM-NN,3,test,2021,DJ7,125.20142818157268,95.20006137063923,10
LSTM-NN,3,test,2021,DK3IIH6,79.45624844013814,59.67771312677367,10
LSTM-NN,3,test,2021,DK4676A,84.40803939803764,54.687612542892204,10
LSTM-NN,3,test,2021,DK78002A,109.18494924834349,68.33770447812701,10
LSTM-NN,3,test,2021,DK78010,96.8767688166404,67.09019187570857,10
LSTM-NN,3,test,2021,DKFAPW,63.018973713450144,49.88619597658557,10
LSTM-NN,3,test,2021,DKFBHJ,116.29269850016627,80.9952632697414,10
LSTM-NN,3,test,2021,DKMBNA,59.127997691645184,44.30804129830867,10
LSTM-NN,3,test,2021,DKPB80,62.143512753849386,43.82642103384286,10
LSTM-NN,3,test,2021,E8501,125.59858504739532,99.15662656424482,9
LSTM-NN,3,test,2021,EAST 028,74.23120352239756,51.522463552839596,10
LSTM-NN,3,test,2021,Eng-Li Chih,75.85469482367567,58.53388910835158,10
LSTM-NN,3,test,2021,F118,83.88801310869374,56.831009406914326,10
LSTM-NN,3,test,2021,F2834T,119.74758931978273,100.14996622386266,10
LSTM-NN,3,test,2021,FBLA,115.97727609816287,88.8976749112861,10
LSTM-NN,3,test,2021,FR19,99.00594040884839,81.33992114246703,10
LSTM-NN,3,test,2021,G80,89.06508369027644,57.40927529533146,10
LSTM-NN,3,test,2021,H110,94.79016647790048,69.0031359975071,10
LSTM-NN,3,test,2021,H113,69.355706317563,39.842974130617094,10
LSTM-NN,3,test,2021,H121,54.913390231837916,37.96693370871216,10
LSTM-NN,3,test,2021,H122w,85.27006342983246,57.32292466943642,10
LSTM-NN,3,test,2021,H42,105.78183955256107,78.8912622813137,10
LSTM-NN,3,test,2021,H5,100.78170524875644,57.91311849830451,10
LSTM-NN,3,test,2021,H71,107.2588599871741,73.1271000862146,10
LSTM-NN,3,test,2021,H84,165.56753656285431,143.87932004008726,10
LSTM-NN,3,test,2021,H91,97.25748397241584,62.32467397756129,10
LSTM-NN,3,test,2021,H95,93.89477187099892,58.06316234856197,10
LSTM-NN,3,test,2021,H96,145.5296882603299,122.23376806940023,10
LSTM-NN,3,test,2021,H99,69.04915568435044,49.49276624901607,10
LSTM-NN,3,test,2021,HP301,134.43213762623185,111.56291860742422,10
LSTM-NN,3,test,2021,HUANYAO,101.10553204903482,74.82949335848282,10
LSTM-NN,3,test,2021,I29,64.06828528864547,46.70296570080328,10
LSTM-NN,3,test,2021,IA2132,81.04150207061673,55.79262941814352,10
LSTM-NN,3,test,2021,IBB14,93.93559510602489,59.920667391867575,10
LSTM-NN,3,test,2021,IBB15,109.07757374142452,74.85896256031806,10
LSTM-NN,3,test,2021,IBC2,111.5126777932151,82.8065049242311,10
LSTM-NN,3,test,2021,ICI 193,99.78676907725968,60.58157671642762,10
LSTM-NN,3,test,2021,ICI 740,104.85562375223553,61.59260459428109,10
LSTM-NN,3,test,2021,ICI 893,103.54760135367013,80.58352622815285,10
LSTM-NN,3,test,2021,ICI 986,92.41649695234796,54.56409374364209,10
LSTM-NN,3,test,2021,IDS28,92.76950661461463,56.91329380424658,10
LSTM-NN,3,test,2021,IDS69,112.14484484120771,95.6544103966119,9
LSTM-NN,3,test,2021,IDS91,106.98366540496905,73.51611049238008,10
LSTM-NN,3,test,2021,INB 101LFY/LFY (A632 X M16 S5),69.99513857684559,51.74074660615717,10
LSTM-NN,3,test,2021,INBRED 141,141.51291843791762,97.88633860022472,10
LSTM-NN,3,test,2021,INBRED 2-687,113.39063806485831,85.4294206005152,10
LSTM-NN,3,test,2021,INBRED 305,115.17476507102214,89.49263626730131,10
LSTM-NN,3,test,2021,INBRED 309,150.99315431097594,129.2343305831478,10
LSTM-NN,3,test,2021,INBRED 321,113.35296930308535,91.09691045552641,9
LSTM-NN,3,test,2021,Ia 453,82.6931326518393,70.03471542630105,10
LSTM-NN,3,test,2021,J47,125.98463826984454,88.49901639595592,10
LSTM-NN,3,test,2021,K150,72.33255471214282,52.606657154493384,10
LSTM-NN,3,test,2021,K41,135.23074120088432,107.08478097718621,10
LSTM-NN,3,test,2021,K47,108.53350739091721,83.97704230984253,10
LSTM-NN,3,test,2021,K55,103.56322293992326,91.37662539144144,10
LSTM-NN,3,test,2021,KUNG-70,73.752055192012,47.16910722220673,10
LSTM-NN,3,test,2021,L 127,65.16073397676641,46.923257840169676,10
LSTM-NN,3,test,2021,L 135,88.37404091015236,60.20643556900093,10
LSTM-NN,3,test,2021,L 139,72.3589738633747,51.577719690958496,10
LSTM-NN,3,test,2021,L 155,93.2139278841434,61.05997247353505,10
LSTM-NN,3,test,2021,L 289,84.06653536007421,54.812190865020895,10
LSTM-NN,3,test,2021,LH1,71.06761604455718,51.2050563022931,10
LSTM-NN,3,test,2021,LH119,50.86001859365307,40.395468314206475,10
LSTM-NN,3,test,2021,LH128,88.0094487730775,69.03116643764744,10
LSTM-NN,3,test,2021,LH143 (Maintainer),63.496851074749415,48.91702967824567,10
LSTM-NN,3,test,2021,LH145,104.32398143324149,68.81549980997602,9
LSTM-NN,3,test,2021,LH146Ht,77.19071702651624,56.809524420227504,10
LSTM-NN,3,test,2021,LH149,48.01056319192838,34.34415652223074,10
LSTM-NN,3,test,2021,LH165,103.5688063744578,81.61237843897558,9
LSTM-NN,3,test,2021,LH166,86.30564974527789,59.34201900656869,10
LSTM-NN,3,test,2021,LH172,137.17063180962342,117.15261563410816,10
LSTM-NN,3,test,2021,LH184,75.91208793028976,50.76123057426171,10
LSTM-NN,3,test,2021,LH185,121.98051506152503,80.8655707623036,10
LSTM-NN,3,test,2021,LH190,86.52525064492036,51.170431211911215,10
LSTM-NN,3,test,2021,LH191,91.25906509694055,65.91073700210563,10
LSTM-NN,3,test,2021,LH192,85.94092571678925,52.84913150654912,10
LSTM-NN,3,test,2021,LH194,116.80690368561831,97.7967839022817,9
LSTM-NN,3,test,2021,LH195,89.72670817946508,68.25335544473032,10
LSTM-NN,3,test,2021,LH197,93.89935386272619,71.98328388714954,10
LSTM-NN,3,test,2021,LH198,73.14841039622753,52.093102310079715,10
LSTM-NN,3,test,2021,LH199,122.80986044928898,108.55546802085684,9
LSTM-NN,3,test,2021,LH202,56.05187985333177,43.352535416713366,10
LSTM-NN,3,test,2021,LH204,118.85098293714604,91.56892757213049,10
LSTM-NN,3,test,2021,LH205,130.20690092595882,99.91494418967316,9
LSTM-NN,3,test,2021,LH206,63.57771972099073,45.41212327168417,10
LSTM-NN,3,test,2021,LH208,91.27981699474381,66.40210018544022,10
LSTM-NN,3,test,2021,LH209,68.08870445843291,46.751365566026415,10
LSTM-NN,3,test,2021,LH213,61.113474218014694,48.182191183702905,10
LSTM-NN,3,test,2021,LH214,62.66296614128337,47.91511004811475,10
LSTM-NN,3,test,2021,LH215,117.7106519148732,85.66311805010284,10
LSTM-NN,3,test,2021,LH222,90.01809748572052,63.63154527409101,10
LSTM-NN,3,test,2021,LH223,61.09452482267902,47.09458451415387,10
LSTM-NN,3,test,2021,LH224,111.89582838461543,70.37421073144591,10
LSTM-NN,3,test,2021,LH295,81.16033516760764,53.14696983868955,10
LSTM-NN,3,test,2021,LH59,93.24399274296486,60.39294385048006,10
LSTM-NN,3,test,2021,LH60,98.96416928021807,60.71467683450106,10
LSTM-NN,3,test,2021,LH61,78.15318419180561,48.37600559546236,10
LSTM-NN,3,test,2021,LH74,113.75488089260425,84.09545392862422,10
LSTM-NN,3,test,2021,LH82,79.170677228225,56.35843809338021,10
LSTM-NN,3,test,2021,LH93,103.16072924657564,74.38154291961413,10
LSTM-NN,3,test,2021,LIBC 4,83.70306339537605,67.95557738680039,10
LSTM-NN,3,test,2021,LP1 NR HT,121.1633319604928,92.04367690240609,10
LSTM-NN,3,test,2021,LP5,43.60300041864348,34.77341315906847,10
LSTM-NN,3,test,2021,Lp215D,67.4703221829148,44.72778568731022,10
LSTM-NN,3,test,2021,M14,68.90859058883883,45.13720771050585,10
LSTM-NN,3,test,2021,MBPM,101.25456001021286,76.11396806161773,10
LSTM-NN,3,test,2021,MBWZ,122.25497433710592,94.83176987137526,9
LSTM-NN,3,test,2021,MEF156-55-2,85.15448746506254,54.44221090049719,10
LSTM-NN,3,test,2021,ML606,73.39660115237832,52.74658715513259,10
LSTM-NN,3,test,2021,MM501D,56.17372420002719,42.815592631045476,10
LSTM-NN,3,test,2021,MQ305,63.971531352551054,47.861006613545804,10
LSTM-NN,3,test,2021,MS116,79.39690684808572,52.24521014478853,10
LSTM-NN,3,test,2021,MS132,67.75138026962733,45.15706317576671,10
LSTM-NN,3,test,2021,MS153,140.0560863017404,117.3164311640447,10
LSTM-NN,3,test,2021,MS200,82.75685427379736,55.46032417469794,10
LSTM-NN,3,test,2021,MS211,67.17938289983883,45.56628189567937,10
LSTM-NN,3,test,2021,MS221,89.61904267225421,65.90183238347261,10
LSTM-NN,3,test,2021,MS224,78.73532021321438,56.410291507961595,10
LSTM-NN,3,test,2021,MS225,68.68642620900746,45.64627799075523,10
LSTM-NN,3,test,2021,MS226,89.7827339193614,57.512436724340866,10
LSTM-NN,3,test,2021,MS24A,60.66003254693465,45.29414302076573,10
LSTM-NN,3,test,2021,MS67,119.12815395063092,99.60973531710887,10
LSTM-NN,3,test,2021,MS71,91.35476118942495,58.3634541668762,10
LSTM-NN,3,test,2021,MS72,79.29765455709592,55.280816661316486,10
LSTM-NN,3,test,2021,Mo46,138.496134491164,111.98013669248955,10
LSTM-NN,3,test,2021,Mo47,50.169162841777215,33.46800147585243,10
LSTM-NN,3,test,2021,Mo5,89.39260057804002,70.03105425672314,10
LSTM-NN,3,test,2021,N192,71.7462247496947,52.1600474095501,10
LSTM-NN,3,test,2021,N193,53.9175369595623,43.429089854369806,10
LSTM-NN,3,test,2021,N201,96.30197951781756,65.5323827505496,10
LSTM-NN,3,test,2021,N211,87.14461890343705,76.7053603698551,10
LSTM-NN,3,test,2021,N217,104.95182166725574,66.1444038258782,10
LSTM-NN,3,test,2021,N28Ht,149.6186373989824,127.80158099638189,10
LSTM-NN,3,test,2021,N501,123.00468584886967,89.08031195941857,10
LSTM-NN,3,test,2021,N523,79.6720536777051,55.6158673135986,10
LSTM-NN,3,test,2021,N527,91.97795440078919,60.07884060408846,10
LSTM-NN,3,test,2021,N534,118.6042334709066,80.67710796737164,10
LSTM-NN,3,test,2021,N542,117.2083089072656,97.05685599277733,10
LSTM-NN,3,test,2021,N6,147.35477366424175,129.1045577643971,8
LSTM-NN,3,test,2021,NC262,93.39986771289291,60.95222006832426,9
LSTM-NN,3,test,2021,NC294,95.61895610940341,64.72784486947162,10
LSTM-NN,3,test,2021,NC310,59.50111617003981,44.071876515769155,10
LSTM-NN,3,test,2021,NC326,101.72298430850876,70.14711216758488,10
LSTM-NN,3,test,2021,NC328,111.56088940338977,75.56456407163925,10
LSTM-NN,3,test,2021,NC368,130.3140054590599,110.7954115360426,9
LSTM-NN,3,test,2021,NC412,110.7293189498224,77.68342411908411,10
LSTM-NN,3,test,2021,ND247,79.64424467368713,49.50224360840157,9
LSTM-NN,3,test,2021,ND265,68.91047699634811,51.72287595435766,10
LSTM-NN,3,test,2021,NK740,141.98234917571315,118.1903199001083,10
LSTM-NN,3,test,2021,NK778,78.75282478246724,52.46229569615643,10
LSTM-NN,3,test,2021,NK807,84.93776192915927,61.307847394851386,10
LSTM-NN,3,test,2021,NKS8326,117.15690316784772,84.28573179180856,10
LSTM-NN,3,test,2021,NORTH 7,107.36572302490575,85.35603577181459,10
LSTM-NN,3,test,2021,NQ508,128.72922721978597,91.28260584968018,10
LSTM-NN,3,test,2021,NS501,111.18974354741435,91.49664494696562,10
LSTM-NN,3,test,2021,NS701,195.87235256725313,181.4465669880188,10
LSTM-NN,3,test,2021,NY 166 (Neveh Yaar),87.46107327692799,58.84933646963729,10
LSTM-NN,3,test,2021,NY6371,118.1680889882679,84.52392960717783,10
LSTM-NN,3,test,2021,Ny821,61.56945471073647,42.36789632128051,10
LSTM-NN,3,test,2021,OH33,141.22535009540087,91.48125400876665,10
LSTM-NN,3,test,2021,OQ403,105.99398184828782,68.07179844528866,10
LSTM-NN,3,test,2021,OQ603,79.66278167630075,52.076951102312115,10
LSTM-NN,3,test,2021,OS602,88.40819657313244,54.27685585319223,10
LSTM-NN,3,test,2021,Oh40B,111.2040101622137,75.78393124622941,10
LSTM-NN,3,test,2021,Oh43,54.27131083590096,39.67902330951347,10
LSTM-NN,3,test,2021,Oh7,135.72570933995308,100.26474558839715,10
LSTM-NN,3,test,2021,Os420,81.32857496950054,59.150299775237116,10
LSTM-NN,3,test,2021,Os426,99.18209754464971,67.56324668615284,10
LSTM-NN,3,test,2021,PHB09,78.68623895961272,47.91793495374783,10
LSTM-NN,3,test,2021,PHB47,71.05492553367993,50.40301507675588,10
LSTM-NN,3,test,2021,PHBA6,95.92500708313048,63.68871813210372,10
LSTM-NN,3,test,2021,PHBB3,104.4601263453386,75.16597267245699,10
LSTM-NN,3,test,2021,PHBW8,105.87119979414783,90.58056849903866,10
LSTM-NN,3,test,2021,PHG29,94.1336343161619,68.34479174786193,10
LSTM-NN,3,test,2021,PHG47,86.86245904763813,62.6326657810157,9
LSTM-NN,3,test,2021,PHG50,75.01453642817829,53.64425781401279,10
LSTM-NN,3,test,2021,PHG71,74.61522995691561,49.92308477082982,10
LSTM-NN,3,test,2021,PHG72,66.15224806204583,44.57301161475487,10
LSTM-NN,3,test,2021,PHG80,106.22658511553938,80.7657380987464,10
LSTM-NN,3,test,2021,PHG83,72.50502665713888,52.014272439525335,10
LSTM-NN,3,test,2021,PHG86,152.83565329144912,128.87179351525108,9
LSTM-NN,3,test,2021,PHGW7,129.97057916301398,83.98517102019287,10
LSTM-NN,3,test,2021,PHH93,130.20335866370587,104.03028953688894,9
LSTM-NN,3,test,2021,PHHV4,100.88117859110184,70.7473305750784,10
LSTM-NN,3,test,2021,PHJ70,140.8752929777713,103.81844233932384,10
LSTM-NN,3,test,2021,PHJ89,46.18239621221067,30.989419075639308,10
LSTM-NN,3,test,2021,PHJ90,110.8192078266661,85.26027845940337,10
LSTM-NN,3,test,2021,PHJR5,118.16003736443909,75.40497620740767,10
LSTM-NN,3,test,2021,PHK35,123.3819684754938,97.13258451084668,10
LSTM-NN,3,test,2021,PHK42,86.44579302043553,54.47332143424559,10
LSTM-NN,3,test,2021,PHK56,146.67245483672895,125.50997788530724,9
LSTM-NN,3,test,2021,PHK74,80.09428894971319,51.46042119023175,10
LSTM-NN,3,test,2021,PHKE6,96.73203495533176,71.17368655626171,10
LSTM-NN,3,test,2021,PHM10,120.00933109513959,91.1381797187444,10
LSTM-NN,3,test,2021,PHN11,92.81724244125915,63.71237690004699,10
LSTM-NN,3,test,2021,PHN29,109.58878506703873,73.6178071675726,9
LSTM-NN,3,test,2021,PHN66,77.2493438950617,49.413301462960575,10
LSTM-NN,3,test,2021,PHP02,67.72083233570036,43.07053584386556,10
LSTM-NN,3,test,2021,PHP55,59.149924284475816,43.36046945765412,10
LSTM-NN,3,test,2021,PHP76,111.76714654344862,84.95552879306138,10
LSTM-NN,3,test,2021,PHP85,125.3323805759459,104.00229334263638,8
LSTM-NN,3,test,2021,PHPR5,110.43602373976944,74.73317777655977,10
LSTM-NN,3,test,2021,PHR03,128.12161729063337,101.84018931851503,10
LSTM-NN,3,test,2021,PHR30,77.39957580749255,50.859064740482744,10
LSTM-NN,3,test,2021,PHR31,122.41650042190032,79.94079625709202,10
LSTM-NN,3,test,2021,PHR36,104.85133250333388,70.02748675652639,10
LSTM-NN,3,test,2021,PHR47,105.39379938867721,67.4589771890899,10
LSTM-NN,3,test,2021,PHR58,81.80382716730627,53.46699005771278,10
LSTM-NN,3,test,2021,PHR63,84.96279306991899,59.91189863456306,10
LSTM-NN,3,test,2021,PHT10,98.57744722469732,64.18844998230774,10
LSTM-NN,3,test,2021,PHT47,93.38345797946477,56.680433025861966,10
LSTM-NN,3,test,2021,PHT55,120.93403490542555,80.50515020611319,10
LSTM-NN,3,test,2021,PHTM9,80.95096118080224,56.88006674974171,10
LSTM-NN,3,test,2021,PHV37,56.533632394711596,33.58709810289127,10
LSTM-NN,3,test,2021,PHV57,100.52499026967968,68.4358804154119,10
LSTM-NN,3,test,2021,PHV63,131.35194012250903,102.36381744963231,10
LSTM-NN,3,test,2021,PHVA9,103.59326488189357,77.41142289743497,10
LSTM-NN,3,test,2021,PHW03,90.74275744898637,55.236957887692895,10
LSTM-NN,3,test,2021,PHW17,99.82798233636694,61.22539194908394,10
LSTM-NN,3,test,2021,PHW20,132.21757204425657,88.26770222123203,10
LSTM-NN,3,test,2021,PHW30,100.73580843364712,70.99029722082093,10
LSTM-NN,3,test,2021,PHW52,99.17183271195816,63.54020345485694,10
LSTM-NN,3,test,2021,PHW53,110.56468099518129,88.5755299448912,10
LSTM-NN,3,test,2021,PHW79,93.00369899822577,71.42640862369915,8
LSTM-NN,3,test,2021,PHW80,71.38942818596577,48.16679820921304,10
LSTM-NN,3,test,2021,PHW86,63.78545558309834,45.86743612391353,10
LSTM-NN,3,test,2021,PHZ51,101.79329450702872,70.3571511750358,10
LSTM-NN,3,test,2021,Pa392,73.76259972304761,53.36446834985101,10
LSTM-NN,3,test,2021,Pa405,94.37725548307657,59.823589748439915,10
LSTM-NN,3,test,2021,Pa762,89.52845579670968,64.6175244932878,10
LSTM-NN,3,test,2021,Pa875,123.4817205172053,98.44661051906574,10
LSTM-NN,3,test,2021,Pa880,84.33764506718998,65.02205730059244,10
LSTM-NN,3,test,2021,Pa91,129.3335212110139,90.55183513128131,10
LSTM-NN,3,test,2021,Q381,81.75301586047999,53.39591796675927,10
LSTM-NN,3,test,2021,R168,77.3948224846484,48.88977172541932,10
LSTM-NN,3,test,2021,R181B,98.3958107498627,65.7412654705786,10
LSTM-NN,3,test,2021,R226,100.59425776215639,75.11237847351511,10
LSTM-NN,3,test,2021,R227,130.6355588158989,112.53811493326626,10
LSTM-NN,3,test,2021,R71,70.904006480527,57.44511531831305,10
LSTM-NN,3,test,2021,R78,109.20955246186682,83.81238228934592,10
LSTM-NN,3,test,2021,S8326,101.7565145031224,65.22469105112225,10
LSTM-NN,3,test,2021,SD101,92.57495766151267,67.98363682372306,10
LSTM-NN,3,test,2021,SD102,86.5933436481797,67.34733517866344,10
LSTM-NN,3,test,2021,SD107,123.71316761689141,75.97514156774045,10
LSTM-NN,3,test,2021,SD40,117.01650605671577,75.61369406932577,10
LSTM-NN,3,test,2021,SD44,64.77212642801643,49.787966281221046,10
LSTM-NN,3,test,2021,SG 30A,86.81843181082604,53.01368335927337,10
LSTM-NN,3,test,2021,Seagull Seventeen,151.58557253023872,122.54005326198046,10
LSTM-NN,3,test,2021,T242,76.01620635470533,51.39869143900214,10
LSTM-NN,3,test,2021,TZU-CHIAO-HSI-WU 105,65.40855950213007,44.506521992831914,10
LSTM-NN,3,test,2021,Tr,55.02391934555904,40.08282272628928,10
LSTM-NN,3,test,2021,Va26,108.07248415380762,80.34213518285337,10
LSTM-NN,3,test,2021,Va35,87.4028178507593,55.606163817321544,10
LSTM-NN,3,test,2021,Va52,62.99501546955482,48.000683462500916,10
LSTM-NN,3,test,2021,Va59,114.51241837344854,89.94740849787325,9
LSTM-NN,3,test,2021,Va99,69.2238839195676,51.30745143431282,10
LSTM-NN,3,test,2021,VaW6,122.01438677905816,104.59197893139739,9
LSTM-NN,3,test,2021,W117Ht,101.33611785066375,77.78943631914606,9
LSTM-NN,3,test,2021,W153R,106.71807423606633,80.17912270495714,8
LSTM-NN,3,test,2021,W22,98.9753060344841,71.31794391940812,10
LSTM-NN,3,test,2021,W23,99.833553482067,64.76749129029778,10
LSTM-NN,3,test,2021,W24,91.4289868255403,54.90761960153327,10
LSTM-NN,3,test,2021,W32,76.51529443639872,56.60400483824102,10
LSTM-NN,3,test,2021,W37A,96.62093913135192,69.41522784242123,10
LSTM-NN,3,test,2021,W552,92.62303529462098,61.281973305317436,10
LSTM-NN,3,test,2021,W603S,91.04385858594445,57.726483152273524,10
LSTM-NN,3,test,2021,W604S,114.32239527579935,86.6580859098201,9
LSTM-NN,3,test,2021,W605S,64.58536919460593,43.705691464409355,10
LSTM-NN,3,test,2021,W607S,126.14747671119524,89.05868850495087,10
LSTM-NN,3,test,2021,W610S,122.13035867301974,86.65196371526697,10
LSTM-NN,3,test,2021,W612S,106.07674552469133,80.19679172549473,9
LSTM-NN,3,test,2021,W614S,103.33004678831774,72.4122201475531,9
LSTM-NN,3,test,2021,W64A,75.3519900284916,50.67755498298986,10
LSTM-NN,3,test,2021,W701BC,80.50008026658912,66.45945966378642,10
LSTM-NN,3,test,2021,W809G,186.49088181095485,163.9210694275205,10
LSTM-NN,3,test,2021,W810G,98.27487607463742,75.82816860705623,10
LSTM-NN,3,test,2021,W812G,93.08210048134093,68.59798603115794,10
LSTM-NN,3,test,2021,W813G,83.48578897235501,48.486963086341476,10
LSTM-NN,3,test,2021,W814G,73.27182081620316,61.000764519251135,9
LSTM-NN,3,test,2021,W8304,120.47167697103212,86.76764100263459,10
LSTM-NN,3,test,2021,W9,83.03456528361201,64.73598221369537,10
LSTM-NN,3,test,2021,WIL900,123.39659598786989,90.37006407694075,10
LSTM-NN,3,test,2021,WR3,79.25552210608438,60.63789889355596,10
LSTM-NN,3,test,2021,WU-TAN-TZAO,99.71190490991607,70.43450090646427,10
LSTM-NN,3,test,2021,YE 4,113.52931200880438,81.89159518953547,10
LSTM-NN,3,test,2021,YING-55,108.09718237453251,77.59696385928727,10
LSTM-NN,3,test,2021,Yu796 NS,88.08580341186772,68.31768138539967,10
LSTM-NN,3,test,2021,ZS635,134.24967716780165,87.07750908977076,10
