model,seed,split,year,genotype,rmse,mae,n_observed
Logi-PINN,2,train,2018,1538,30.1153410214781,24.75667702296723,10
Logi-PINN,2,train,2018,2369,54.89247783803292,43.95491587642774,9
Logi-PINN,2,train,2018,29MIBZ2,39.00458950379904,31.36119627050713,10
Logi-PINN,2,train,2018,2FACC,35.797379790436125,28.981185988335458,9
Logi-PINN,2,train,2018,2FADB,69.71934390399632,58.29665274809137,8
Logi-PINN,2,train,2018,2MA22,33.65361027691024,27.24951704331869,10
Logi-PINN,2,train,2018,2MCDB,36.89182900685858,29.003656865622105,10
Logi-PINN,2,train,2018,3IJI1,31.60333321959464,25.753131248335457,10
Logi-PINN,2,train,2018,4226,38.98278985593748,30.58556427175113,10
Logi-PINN,2,train,2018,4F-306 108,29.728386207563847,22.435889247771755,10
Logi-PINN,2,train,2018,4N506,24.7428438906579,19.0126871399923,10
Logi-PINN,2,train,2018,6F629,31.443224269742863,29.131960785572648,10
Logi-PINN,2,train,2018,6M502,41.973940689584424,33.080908115387324,10
Logi-PINN,2,train,2018,6M502A,30.776612794194087,27.052887907380626,10
Logi-PINN,2,train,2018,764,27.21635844187461,22.164293981075495,10
Logi-PINN,2,train,2018,78010,28.95904120421596,26.324523596110048,10
Logi-PINN,2,train,2018,78551S,25.857344455931838,22.623950974849016,8
Logi-PINN,2,train,2018,790,29.425505616424623,24.10517862040843,10
Logi-PINN,2,train,2018,793,36.49364094514155,30.5248762869435,10
Logi-PINN,2,train,2018,87916W,37.19694905381163,31.444959829545645,10
Logi-PINN,2,train,2018,911,31.535079030857567,25.923545663998606,10
Logi-PINN,2,train,2018,912,34.086481482800174,27.483251309045706,10
Logi-PINN,2,train,2018,91IFC2,34.65497860795889,28.989117097017335,10
Logi-PINN,2,train,2018,A,30.829068349182034,19.533744983290045,10
Logi-PINN,2,train,2018,A208,28.302802695071712,20.96232848178765,10
Logi-PINN,2,train,2018,A239,31.490105446792406,25.518659356594565,10
Logi-PINN,2,train,2018,A258,35.028228151311495,31.493793017471283,10
Logi-PINN,2,train,2018,A272,33.74792011928716,29.403319770123613,9
Logi-PINN,2,train,2018,A305,38.20128882581101,31.826239498053344,10
Logi-PINN,2,train,2018,A321,24.846396381246834,21.821115432959406,10
Logi-PINN,2,train,2018,A322,47.82928512168505,39.115083786415276,10
Logi-PINN,2,train,2018,A334,25.92597959668407,19.420774822490124,10
Logi-PINN,2,train,2018,A340,32.8357426493441,24.93998588419184,10
Logi-PINN,2,train,2018,A374,40.81990014861163,32.56782210658935,10
Logi-PINN,2,train,2018,A385,32.60216422145429,24.364360657807588,10
Logi-PINN,2,train,2018,A427,50.00884355255812,42.43763545621401,10
Logi-PINN,2,train,2018,A548,34.43645801735472,28.586467451532577,10
Logi-PINN,2,train,2018,A556,29.522258437691576,22.820351720400275,10
Logi-PINN,2,train,2018,A572,49.77403284466153,41.33121272572866,10
Logi-PINN,2,train,2018,A619,30.49120065280104,25.150657607949707,10
Logi-PINN,2,train,2018,A627,27.51022413234431,19.221035863096922,10
Logi-PINN,2,train,2018,A632,33.32763217127452,25.38978788164571,8
Logi-PINN,2,train,2018,A634,30.829395655638802,25.947809454692646,10
Logi-PINN,2,train,2018,A635,40.713935483774605,32.591341429332104,10
Logi-PINN,2,train,2018,A641,42.156357081779916,33.74937778078303,10
Logi-PINN,2,train,2018,A648,22.054308303061482,18.08738482818067,8
Logi-PINN,2,train,2018,A649,43.362715760261004,35.87998641217679,8
Logi-PINN,2,train,2018,A659,32.47441993907782,25.90253309679946,10
Logi-PINN,2,train,2018,A663,33.33155033873948,22.63019733789584,10
Logi-PINN,2,train,2018,A672,26.402012065392608,22.761713058749557,10
Logi-PINN,2,train,2018,A674,34.697241006504925,26.651940275277706,10
Logi-PINN,2,train,2018,A679,32.83444917789716,28.32983615356037,10
Logi-PINN,2,train,2018,A680,29.19429280966055,23.837818187161087,10
Logi-PINN,2,train,2018,A682,35.77408247443596,30.026687601331123,9
Logi-PINN,2,train,2018,A71,34.34110611172914,32.09436720570999,10
Logi-PINN,2,train,2018,A73,37.15323471780849,34.440008807249306,10
Logi-PINN,2,train,2018,AQA3,54.227693323093696,44.687573340518476,10
Logi-PINN,2,train,2018,AS6103,25.758160534762617,23.325551581819344,10
Logi-PINN,2,train,2018,AusTRCF 306238,41.224071323746124,32.07083876038402,8
Logi-PINN,2,train,2018,B-18 INBR.FR.SUPERGOLD,36.36512152365521,29.514915751325635,10
Logi-PINN,2,train,2018,B-28,29.129662784986596,22.093266851424964,10
Logi-PINN,2,train,2018,B103,32.17986546617839,26.097261151557774,10
Logi-PINN,2,train,2018,B104,31.620853235407644,24.409442509194463,8
Logi-PINN,2,train,2018,B105,33.81489164571303,27.439242664412227,10
Logi-PINN,2,train,2018,B107,32.794206594549934,27.119127382279835,9
Logi-PINN,2,train,2018,B108,27.650323769330818,24.617888648455516,10
Logi-PINN,2,train,2018,B110,33.53087203221617,28.4526587042276,10
Logi-PINN,2,train,2018,B111,42.123257440737234,31.97511223669115,10
Logi-PINN,2,train,2018,B114,31.930599848603904,28.494308654290982,9
Logi-PINN,2,train,2018,B115,35.692236717738,30.437231720362007,8
Logi-PINN,2,train,2018,B119,33.82960954327788,29.938958831858578,10
Logi-PINN,2,train,2018,B120,35.75847188532405,30.27688798495013,10
Logi-PINN,2,train,2018,B121,33.83216936599721,25.734562881823628,10
Logi-PINN,2,train,2018,B14,28.88884527727629,25.412383289433322,9
Logi-PINN,2,train,2018,B14A,26.268230897107042,20.467078426392316,10
Logi-PINN,2,train,2018,B164,27.774512721405156,23.670593417556166,10
Logi-PINN,2,train,2018,B2,28.145209787931496,21.66699557994287,10
Logi-PINN,2,train,2018,B37,32.735601047752624,28.695506430581865,10
Logi-PINN,2,train,2018,B46,34.22407266705649,26.489619219954953,10
Logi-PINN,2,train,2018,B57,22.45834000164447,18.005465008370297,10
Logi-PINN,2,train,2018,B65,41.52510340369722,33.45554133041311,10
Logi-PINN,2,train,2018,B66,45.086606840253,36.72012615165326,10
Logi-PINN,2,train,2018,B68,47.87993047852539,34.5803281829084,9
Logi-PINN,2,train,2018,B70,49.37911733645474,33.9606796143955,8
Logi-PINN,2,train,2018,B75,30.048207061077676,27.2818789728491,9
Logi-PINN,2,train,2018,B76,33.80881100674097,26.306945681489644,10
Logi-PINN,2,train,2018,B77,30.307417903418095,21.934669764891343,10
Logi-PINN,2,train,2018,B79,29.34137032249008,22.824810708750935,9
Logi-PINN,2,train,2018,B84,29.69181801308888,23.85783639279029,10
Logi-PINN,2,train,2018,B85,32.37062866966267,27.316297610484753,10
Logi-PINN,2,train,2018,B87,24.16822866230017,21.153225051597566,10
Logi-PINN,2,train,2018,B88,36.58058556299201,28.765795934218527,10
Logi-PINN,2,train,2018,B91,30.47657528843585,26.171668198287783,10
Logi-PINN,2,train,2018,B97,35.2853727761762,27.68421937362325,10
Logi-PINN,2,train,2018,BEI 10 = NORTH 10,27.366948141937375,22.591307114056526,10
Logi-PINN,2,train,2018,BO9,52.212021295128444,48.013427711245946,10
Logi-PINN,2,train,2018,C103,55.3733019629784,49.42132665733198,9
Logi-PINN,2,train,2018,C123,38.78815852066579,32.563086472282755,9
Logi-PINN,2,train,2018,CA-4,31.334564168018737,26.92556792319064,10
Logi-PINN,2,train,2018,CG102,25.549319947418585,21.931637157586948,10
Logi-PINN,2,train,2018,CH157,37.816320743201224,30.794111085234043,10
Logi-PINN,2,train,2018,CH701-30,32.517829914875676,28.847592924962107,10
Logi-PINN,2,train,2018,CH711-10,36.24933396357409,31.449093337159617,10
Logi-PINN,2,train,2018,CH9,33.5650549207017,27.664838282689335,10
Logi-PINN,2,train,2018,CI 40H,40.84786775334884,30.94004113917339,10
Logi-PINN,2,train,2018,CM105,40.68305961816315,34.71821762096661,10
Logi-PINN,2,train,2018,CO257,36.82834508366523,33.22446776382138,10
Logi-PINN,2,train,2018,CO258,39.0904214757339,26.7036777027297,8
Logi-PINN,2,train,2018,CQ702RC,24.61237419873531,20.07344091569987,10
Logi-PINN,2,train,2018,CR 22 INBRED,36.31950706783299,31.715498505622207,10
Logi-PINN,2,train,2018,CS405,29.771825794786842,25.12204983861476,10
Logi-PINN,2,train,2018,DE2,29.123808384496666,22.70154864505689,10
Logi-PINN,2,train,2018,DE4,30.330281409688485,26.332094036948565,10
Logi-PINN,2,train,2018,DE811,40.419731633179545,28.131509674134254,9
Logi-PINN,2,train,2018,DJ7,28.228772679695922,23.76948808407542,10
Logi-PINN,2,train,2018,DK3IIH6,51.083307045874776,39.98069052014995,10
Logi-PINN,2,train,2018,DK4676A,48.03716991415173,38.41512328958358,10
Logi-PINN,2,train,2018,DK78002A,28.61543472223499,24.80016144487265,10
Logi-PINN,2,train,2018,DK78010,28.38751956189355,24.351320576721314,10
Logi-PINN,2,train,2018,DKFAPW,23.515632039072987,19.0969374540064,10
Logi-PINN,2,train,2018,DKFBHJ,29.000275565111384,23.982079785792543,10
Logi-PINN,2,train,2018,DKMBNA,46.34379736015529,38.19581736662356,10
Logi-PINN,2,train,2018,DKPB80,37.36145806688137,31.470069088219372,10
Logi-PINN,2,train,2018,E8501,36.131820991926425,30.815219113750352,10
Logi-PINN,2,train,2018,EAST 028,29.814128260856346,23.94899185068163,10
Logi-PINN,2,train,2018,Eng-Li Chih,37.445610583336006,31.153789779925525,10
Logi-PINN,2,train,2018,F118,30.63555022881375,23.929540548437654,10
Logi-PINN,2,train,2018,F2834T,28.105495955044116,21.175319296520236,10
Logi-PINN,2,train,2018,FBLA,29.53478070795119,25.042284577474774,10
Logi-PINN,2,train,2018,FR19,38.263926407979724,31.21242876738279,10
Logi-PINN,2,train,2018,G80,24.31133183754768,20.908164447201667,10
Logi-PINN,2,train,2018,H110,24.76929464571336,20.84766217212367,10
Logi-PINN,2,train,2018,H113,22.884200964287256,19.385458370623514,10
Logi-PINN,2,train,2018,H121,29.336798401426346,27.268798274547102,10
Logi-PINN,2,train,2018,H122w,30.98545592552521,26.771651373457075,10
Logi-PINN,2,train,2018,H42,28.571961236031747,24.28990539170918,10
Logi-PINN,2,train,2018,H5,39.84993653767545,36.94138691387268,10
Logi-PINN,2,train,2018,H71,26.835352176907037,22.997643912191037,10
Logi-PINN,2,train,2018,H84,34.646542670577155,23.849387903317766,10
Logi-PINN,2,train,2018,H91,28.73377725723373,23.386192324678213,10
Logi-PINN,2,train,2018,H95,32.90041703597667,23.564334364736627,9
Logi-PINN,2,train,2018,H96,44.025395903724224,37.159452599924805,9
Logi-PINN,2,train,2018,H99,29.127252809091665,23.041384743845967,10
Logi-PINN,2,train,2018,HP301,52.357679762747615,40.576221548905984,10
Logi-PINN,2,train,2018,HUANYAO,80.67302793026295,70.37863923878442,9
Logi-PINN,2,train,2018,I29,38.908119704266994,28.04415464096752,10
Logi-PINN,2,train,2018,IA2132,38.799686941597116,32.545161284087996,10
Logi-PINN,2,train,2018,IBB14,88.62937202255604,71.94245837244344,10
Logi-PINN,2,train,2018,IBB15,30.05856670572936,25.16067974302603,10
Logi-PINN,2,train,2018,IBC2,30.913541236426457,24.980591479481266,10
Logi-PINN,2,train,2018,ICI 193,25.201222812352864,21.799534659148872,10
Logi-PINN,2,train,2018,ICI 740,36.914181645475225,30.601333308443515,10
Logi-PINN,2,train,2018,ICI 893,25.705387291341783,20.53525214233723,10
Logi-PINN,2,train,2018,ICI 986,21.121953058825767,18.263409632518265,10
Logi-PINN,2,train,2018,IDS28,43.21814607447378,33.209352783764544,10
Logi-PINN,2,train,2018,IDS69,25.302252202051488,20.396505471063044,10
Logi-PINN,2,train,2018,IDS91,34.01978559878001,22.290408698259892,9
Logi-PINN,2,train,2018,INB 101LFY/LFY (A632 X M16 S5),25.19644621997253,21.419894774973258,10
Logi-PINN,2,train,2018,INBRED 141,30.935448106584758,25.168311109688137,10
Logi-PINN,2,train,2018,INBRED 2-687,31.4804328573474,24.89327319005246,9
Logi-PINN,2,train,2018,INBRED 305,25.601109520667073,20.387949139624716,10
Logi-PINN,2,train,2018,INBRED 309,34.27740703829204,23.987633447927735,9
Logi-PINN,2,train,2018,INBRED 321,23.287197936206056,17.645399581312,10
Logi-PINN,2,train,2018,Ia 453,30.04961747514351,23.27397933828476,10
Logi-PINN,2,train,2018,J47,40.01763579768224,27.66044478145386,10
Logi-PINN,2,train,2018,K150,27.506393396846583,19.174203127346725,10
Logi-PINN,2,train,2018,K41,28.779137371741363,21.884317992667707,10
Logi-PINN,2,train,2018,K47,31.88184677559706,21.054363943152264,10
Logi-PINN,2,train,2018,K55,24.432776417079765,18.485753375687374,10
Logi-PINN,2,train,2018,KUNG-70,23.35330716310991,19.919958014475345,10
Logi-PINN,2,train,2018,L 127,37.991381791670996,31.77816283292109,10
Logi-PINN,2,train,2018,L 135,36.66360240006121,28.652815347609227,10
Logi-PINN,2,train,2018,L 139,32.338119270712234,22.981297546304045,10
Logi-PINN,2,train,2018,L 155,30.1964732694716,22.30614298225433,10
Logi-PINN,2,train,2018,L 289,30.931840698722173,27.075664717011364,10
Logi-PINN,2,train,2018,LH1,23.770636033040116,16.902394827214792,10
Logi-PINN,2,train,2018,LH119,35.78295213397514,32.60469754276532,10
Logi-PINN,2,train,2018,LH128,17.945785935566384,15.507786109238774,10
Logi-PINN,2,train,2018,LH143 (Maintainer),38.82697022803172,30.50939461162225,10
Logi-PINN,2,train,2018,LH145,27.552982240760922,22.072011884157657,9
Logi-PINN,2,train,2018,LH146Ht,41.760631584752794,34.51880446811664,10
Logi-PINN,2,train,2018,LH149,43.504398783590894,38.09791119715646,10
Logi-PINN,2,train,2018,LH165,29.235208663932955,24.91233533448091,10
Logi-PINN,2,train,2018,LH166,33.63840796963786,27.01419381908034,10
Logi-PINN,2,train,2018,LH172,27.08725109201262,24.223929349500537,9
Logi-PINN,2,train,2018,LH184,28.439579804376624,21.802268827659667,10
Logi-PINN,2,train,2018,LH185,26.73792702252498,22.437374961809617,9
Logi-PINN,2,train,2018,LH190,35.61685929510894,28.865335697693382,10
Logi-PINN,2,train,2018,LH191,37.25306779262181,32.200655074308244,10
Logi-PINN,2,train,2018,LH192,30.631625631090444,25.421810103553717,10
Logi-PINN,2,train,2018,LH194,46.69110148048535,32.97850429519311,9
Logi-PINN,2,train,2018,LH195,34.591345334879314,24.280153350257187,10
Logi-PINN,2,train,2018,LH197,39.26145066517722,29.49028673149663,10
Logi-PINN,2,train,2018,LH198,32.408584074873616,23.962639235164495,10
Logi-PINN,2,train,2018,LH199,29.416600993181852,26.43585234354517,10
Logi-PINN,2,train,2018,LH202,37.36529724215897,31.920226866418453,10
Logi-PINN,2,train,2018,LH204,23.451764445740064,18.7383453241366,10
Logi-PINN,2,train,2018,LH205,25.467226908842747,23.58221100775644,9
Logi-PINN,2,train,2018,LH206,32.12768650994086,23.868571718389752,10
Logi-PINN,2,train,2018,LH208,32.62637800720568,24.289461643197303,10
Logi-PINN,2,train,2018,LH209,27.13148842517089,23.067500744738275,10
Logi-PINN,2,train,2018,LH213,45.18564174746361,35.0837121434584,9
Logi-PINN,2,train,2018,LH214,30.12582785922471,27.077661911121368,10
Logi-PINN,2,train,2018,LH215,27.976823230636892,22.197159064510835,10
Logi-PINN,2,train,2018,LH222,33.36252373289579,28.89040488216229,10
Logi-PINN,2,train,2018,LH223,51.953795334589884,44.65521847012983,10
Logi-PINN,2,train,2018,LH224,32.622539548516265,26.85903891487668,9
Logi-PINN,2,train,2018,LH295,38.89670555764385,30.511532228352383,10
Logi-PINN,2,train,2018,LH59,29.3543384488231,26.640891523783658,10
Logi-PINN,2,train,2018,LH60,34.31494724537792,30.57989263144657,10
Logi-PINN,2,train,2018,LH61,34.96204590260768,27.148488343941274,8
Logi-PINN,2,train,2018,LH74,27.886907698906185,23.98754779700759,10
Logi-PINN,2,train,2018,LH82,20.637751639695956,19.22595163222119,10
Logi-PINN,2,train,2018,LH93,28.114049666501334,23.081468722859682,10
Logi-PINN,2,train,2018,LIBC 4,32.19127500695786,22.472716790385874,10
Logi-PINN,2,train,2018,LP1 NR HT,26.26665991509259,21.46651410743764,10
Logi-PINN,2,train,2018,LP5,37.930051984019954,30.858817567945902,10
Logi-PINN,2,train,2018,Lp215D,39.82498387421464,30.743890938853877,10
Logi-PINN,2,train,2018,M14,25.91112724039014,19.174038920848936,10
Logi-PINN,2,train,2018,MBPM,26.41622652005776,23.04972083006108,10
Logi-PINN,2,train,2018,MBWZ,22.518544869712247,17.91457052152008,10
Logi-PINN,2,train,2018,MEF156-55-2,35.44749498101611,28.212869160991364,10
Logi-PINN,2,train,2018,ML606,30.860632078182643,23.718158566415546,10
Logi-PINN,2,train,2018,MM501D,52.78660778177634,48.3438167235075,8
Logi-PINN,2,train,2018,MQ305,33.61779840569291,25.977430156570495,10
Logi-PINN,2,train,2018,MS116,47.563698598538195,36.09131170386037,10
Logi-PINN,2,train,2018,MS132,38.742661891627925,33.82222291094479,10
Logi-PINN,2,train,2018,MS153,36.95652066271098,30.27944556631449,10
Logi-PINN,2,train,2018,MS200,34.09040049656843,25.685701674535274,9
Logi-PINN,2,train,2018,MS211,29.828146155806,24.44276958630811,10
Logi-PINN,2,train,2018,MS221,25.68926336594103,21.966452518990064,10
Logi-PINN,2,train,2018,MS224,30.00490746661124,22.769716170677487,10
Logi-PINN,2,train,2018,MS225,39.614881701322645,30.994784783599776,10
Logi-PINN,2,train,2018,MS226,35.96579577078093,28.120971352891267,10
Logi-PINN,2,train,2018,MS24A,30.736516500355194,26.281598584039365,10
Logi-PINN,2,train,2018,MS67,35.54621644837013,27.595917166534242,10
Logi-PINN,2,train,2018,MS71,42.34243599794987,30.203572390139936,10
Logi-PINN,2,train,2018,MS72,36.97066431793753,25.65517360143453,10
Logi-PINN,2,train,2018,Mo46,34.964235793751754,27.016855984345078,8
Logi-PINN,2,train,2018,Mo47,24.049788235447043,20.675275975260885,8
Logi-PINN,2,train,2018,Mo5,64.34321687876759,52.46686087933982,9
Logi-PINN,2,train,2018,N192,30.270624595690492,25.31320379559383,10
Logi-PINN,2,train,2018,N193,31.236311003486964,25.655166433690578,10
Logi-PINN,2,train,2018,N201,33.296128249978864,28.498308762225868,10
Logi-PINN,2,train,2018,N211,39.92302068929529,32.462379380164236,10
Logi-PINN,2,train,2018,N217,34.013864710257806,27.982168642891644,10
Logi-PINN,2,train,2018,N28Ht,41.298902598199184,31.592860687264995,10
Logi-PINN,2,train,2018,N501,28.602470277179457,25.07640687595899,9
Logi-PINN,2,train,2018,N523,34.79078362710372,31.764859500147885,10
Logi-PINN,2,train,2018,N527,31.646252583216544,25.145728806563707,10
Logi-PINN,2,train,2018,N534,33.446687320894114,28.705377391422143,10
Logi-PINN,2,train,2018,N542,40.73617365386389,27.92159794843957,9
Logi-PINN,2,train,2018,N6,30.38545289703806,25.285123181245833,10
Logi-PINN,2,train,2018,NC262,35.88651882206286,33.160504934544456,10
Logi-PINN,2,train,2018,NC294,36.13966494749075,23.754911499331264,10
Logi-PINN,2,train,2018,NC310,27.559100139728603,23.083641852503032,10
Logi-PINN,2,train,2018,NC326,38.20081206265528,32.624008748195706,10
Logi-PINN,2,train,2018,NC328,27.786658266502112,24.553903827236923,10
Logi-PINN,2,train,2018,NC368,28.526591351649195,21.516199677681826,9
Logi-PINN,2,train,2018,NC412,30.568282970676208,19.966586632426207,10
Logi-PINN,2,train,2018,ND247,23.986796718981605,19.814921894616184,10
Logi-PINN,2,train,2018,ND265,39.02644333924129,32.9043359560571,10
Logi-PINN,2,train,2018,NK740,62.72092279649672,53.21853226849062,10
Logi-PINN,2,train,2018,NK778,45.55859347548791,36.94895369843776,9
Logi-PINN,2,train,2018,NK807,38.42287310114318,30.87323450748387,10
Logi-PINN,2,train,2018,NKS8326,30.029669720329206,26.25332085673271,10
Logi-PINN,2,train,2018,NORTH 7,36.727613758245994,31.16205190805532,10
Logi-PINN,2,train,2018,NQ508,27.46848194344448,24.053120599317893,10
Logi-PINN,2,train,2018,NS501,33.20885052349289,25.601786217246158,9
Logi-PINN,2,train,2018,NS701,27.813732177373883,22.957507478323862,10
Logi-PINN,2,train,2018,NY 166 (Neveh Yaar),26.21396030700723,21.555911513221712,10
Logi-PINN,2,train,2018,NY6371,34.9400930598225,25.12135587067768,8
Logi-PINN,2,train,2018,Ny821,30.28701593815423,24.967478743535846,10
Logi-PINN,2,train,2018,OH33,41.53798047755699,31.672513110738844,9
Logi-PINN,2,train,2018,OQ403,39.55493081810964,30.432243622185137,10
Logi-PINN,2,train,2018,OQ603,32.121019594574115,28.386073620987474,10
Logi-PINN,2,train,2018,OS602,26.534704518109308,21.370322657807574,10
Logi-PINN,2,train,2018,Oh40B,32.733697309471495,24.797036960123062,10
Logi-PINN,2,train,2018,Oh43,42.29964218134844,32.42221394951472,10
Logi-PINN,2,train,2018,Oh7,51.80642098912975,44.60689169417455,9
Logi-PINN,2,train,2018,Os420,26.686213583203823,21.83454908834991,10
Logi-PINN,2,train,2018,Os426,30.66932931495546,22.75391650817004,10
Logi-PINN,2,train,2018,PHB09,33.089315250786264,26.776464187713678,10
Logi-PINN,2,train,2018,PHB47,27.215960396441165,22.231313038631196,10
Logi-PINN,2,train,2018,PHBA6,44.774643903415665,37.771330537578734,10
Logi-PINN,2,train,2018,PHBB3,31.99053976927364,24.355387945607006,10
Logi-PINN,2,train,2018,PHBW8,58.20470379366509,49.1334906584702,10
Logi-PINN,2,train,2018,PHG29,29.22213041951834,24.527244706837045,10
Logi-PINN,2,train,2018,PHG47,51.94720836540567,41.13404307673538,10
Logi-PINN,2,train,2018,PHG50,26.096052111069902,22.561177502358156,10
Logi-PINN,2,train,2018,PHG71,32.46000757359971,28.224790259504914,10
Logi-PINN,2,train,2018,PHG72,36.0279993960169,29.784555852955968,10
Logi-PINN,2,train,2018,PHG80,33.38486055117713,25.911013841119768,10
Logi-PINN,2,train,2018,PHG83,51.8511549519741,45.04511116041438,10
Logi-PINN,2,train,2018,PHG86,18.838475080122137,15.721657253251166,10
Logi-PINN,2,train,2018,PHGW7,39.0269055886115,31.85293185072063,10
Logi-PINN,2,train,2018,PHH93,29.052008477738642,24.08430843066868,10
Logi-PINN,2,train,2018,PHHV4,27.95633757826304,24.34617934946912,10
Logi-PINN,2,train,2018,PHJ70,31.311572348280727,26.49946509369139,10
Logi-PINN,2,train,2018,PHJ89,26.109937904033373,22.424868841446965,10
Logi-PINN,2,train,2018,PHJ90,31.1041823913534,26.99898288899651,10
Logi-PINN,2,train,2018,PHJR5,38.233225606317646,31.443621742072594,10
Logi-PINN,2,train,2018,PHK35,32.370392151898024,28.214036037125943,10
Logi-PINN,2,train,2018,PHK42,28.736257565731734,23.388740783459365,10
Logi-PINN,2,train,2018,PHK56,23.966595952070605,19.938157242173684,10
Logi-PINN,2,train,2018,PHK74,29.619073231256817,23.29366261478752,10
Logi-PINN,2,train,2018,PHKE6,32.48181482056503,26.141287389744583,10
Logi-PINN,2,train,2018,PHM10,24.318067595118038,17.485446162138906,10
Logi-PINN,2,train,2018,PHN11,27.942476352257515,22.360245113597095,10
Logi-PINN,2,train,2018,PHN29,30.180662741293663,28.11103707697943,9
Logi-PINN,2,train,2018,PHN66,17.974538623435553,13.843864725208373,10
Logi-PINN,2,train,2018,PHP02,33.31362200151342,26.44003635117334,10
Logi-PINN,2,train,2018,PHP55,31.121134866700228,26.424757001715438,10
Logi-PINN,2,train,2018,PHP76,39.427677845550726,29.009816564128432,10
Logi-PINN,2,train,2018,PHP85,31.28706658737514,25.258506415696576,10
Logi-PINN,2,train,2018,PHPR5,28.121135337518037,22.88153525696017,10
Logi-PINN,2,train,2018,PHR03,28.636625937085707,25.377658918557575,10
Logi-PINN,2,train,2018,PHR30,35.71151646474186,28.41357039001,10
Logi-PINN,2,train,2018,PHR31,27.89153940168145,23.271884402211786,10
Logi-PINN,2,train,2018,PHR36,28.927944108652785,26.76423645094186,9
Logi-PINN,2,train,2018,PHR47,33.6111951081843,27.255722354741067,10
Logi-PINN,2,train,2018,PHR58,43.00212163406358,34.63316859221178,10
Logi-PINN,2,train,2018,PHR63,27.50577621575824,24.299059252347796,8
Logi-PINN,2,train,2018,PHT10,27.97445733197425,24.575119046105954,10
Logi-PINN,2,train,2018,PHT47,55.43190936207581,51.477469669219396,10
Logi-PINN,2,train,2018,PHT55,42.90354368226689,33.898669941044155,9
Logi-PINN,2,train,2018,PHTM9,40.56686657351947,33.16744233326948,10
Logi-PINN,2,train,2018,PHV37,30.189752567083225,26.73223203979155,10
Logi-PINN,2,train,2018,PHV57,31.307423194253097,24.513561809440972,10
Logi-PINN,2,train,2018,PHV63,29.92805347512507,22.92057828406826,10
Logi-PINN,2,train,2018,PHVA9,30.153749365268943,26.075147032435968,10
Logi-PINN,2,train,2018,PHW03,28.669394942235474,26.363351916706144,10
Logi-PINN,2,train,2018,PHW17,43.952297763070696,36.9937749769915,10
Logi-PINN,2,train,2018,PHW20,34.116416833376036,30.099376851162315,8
Logi-PINN,2,train,2018,PHW30,36.43642389334268,31.192622661813232,10
Logi-PINN,2,train,2018,PHW52,25.801980709218054,18.95659939877217,9
Logi-PINN,2,train,2018,PHW53,27.65919329050936,24.423897242291453,10
Logi-PINN,2,train,2018,PHW79,43.1827596450545,32.96386761724209,9
Logi-PINN,2,train,2018,PHW80,47.75763368376208,37.6606325516113,10
Logi-PINN,2,train,2018,PHW86,31.883975326082314,24.572474148588004,10
Logi-PINN,2,train,2018,PHZ51,28.11535769795611,26.203148929720935,10
Logi-PINN,2,train,2018,Pa392,33.22577011369269,30.385638299402114,10
Logi-PINN,2,train,2018,Pa405,39.43699305452547,30.863104856248277,10
Logi-PINN,2,train,2018,Pa762,27.730832048700396,24.162019481553603,10
Logi-PINN,2,train,2018,Pa875,34.270802956806634,29.44956742972362,10
Logi-PINN,2,train,2018,Pa880,51.90489183899803,41.77975124540789,10
Logi-PINN,2,train,2018,Pa91,26.124256586603586,20.635745867370666,10
Logi-PINN,2,train,2018,Q381,33.208603800822665,27.716170406801552,10
Logi-PINN,2,train,2018,R168,27.23433893654766,20.299517750241325,10
Logi-PINN,2,train,2018,R181B,22.756066429534407,19.7791903652135,10
Logi-PINN,2,train,2018,R226,33.947626582459925,29.80923146312066,10
Logi-PINN,2,train,2018,R227,25.32763457082682,16.742153395057485,10
Logi-PINN,2,train,2018,R71,38.00230587932241,29.687300970768796,10
Logi-PINN,2,train,2018,R78,34.18665545756117,28.782325729189353,10
Logi-PINN,2,train,2018,S8326,32.31434647618179,26.81479842268697,10
Logi-PINN,2,train,2018,SD101,29.041429156305497,25.778109532778796,10
Logi-PINN,2,train,2018,SD102,28.371411224523804,23.907132226007313,10
Logi-PINN,2,train,2018,SD107,27.451489498549506,24.23231517551458,10
Logi-PINN,2,train,2018,SD40,25.451034358013697,20.67583896896759,10
Logi-PINN,2,train,2018,SD44,32.73682917099871,26.676934198435127,10
Logi-PINN,2,train,2018,SG 30A,21.449683890420932,19.145333409551025,10
Logi-PINN,2,train,2018,Seagull Seventeen,38.84579274391159,32.67735582287454,10
Logi-PINN,2,train,2018,T242,41.02736108165225,29.826847171300066,10
Logi-PINN,2,train,2018,TZU-CHIAO-HSI-WU 105,28.830816627815274,24.11816005631693,10
Logi-PINN,2,train,2018,Tr,30.535579199386557,26.40067761752486,10
Logi-PINN,2,train,2018,Va26,26.21050664158406,21.22100030614011,10
Logi-PINN,2,train,2018,Va35,28.65450120046689,24.15719461245489,10
Logi-PINN,2,train,2018,Va52,27.899529093509393,23.926282483005345,10
Logi-PINN,2,train,2018,Va59,28.901722994942038,24.087053857605586,9
Logi-PINN,2,train,2018,Va99,32.2857969808035,28.137789160846307,10
Logi-PINN,2,train,2018,VaW6,35.439967370228125,29.441723474292065,10
Logi-PINN,2,train,2018,W117Ht,43.724208197717246,35.100166496114106,10
Logi-PINN,2,train,2018,W153R,29.746526362707808,25.009823168346493,10
Logi-PINN,2,train,2018,W22,29.930484796636904,28.435314392898693,10
Logi-PINN,2,train,2018,W23,34.730167779480325,31.117501121333913,10
Logi-PINN,2,train,2018,W24,34.95042545818984,28.940961749604888,10
Logi-PINN,2,train,2018,W32,26.120748876553275,19.96108392281431,10
Logi-PINN,2,train,2018,W37A,43.012472409727266,36.64668691325991,10
Logi-PINN,2,train,2018,W552,38.120860019316154,31.452293083220688,10
Logi-PINN,2,train,2018,W603S,35.397678842438815,28.85162966803274,10
Logi-PINN,2,train,2018,W604S,34.23737807678929,29.147354167320678,10
Logi-PINN,2,train,2018,W605S,26.74161148313861,24.138535020110965,10
Logi-PINN,2,train,2018,W607S,25.741022593796714,21.3823713095828,10
Logi-PINN,2,train,2018,W610S,34.18412899969002,26.081737121385903,10
Logi-PINN,2,train,2018,W612S,42.16134262342091,34.72901126593731,10
Logi-PINN,2,train,2018,W614S,38.99747981743265,32.32294884095581,10
Logi-PINN,2,train,2018,W64A,40.01104878891341,31.00544680272701,10
Logi-PINN,2,train,2018,W701BC,31.01925716638679,25.088057790346387,10
Logi-PINN,2,train,2018,W809G,35.73993038670967,31.071966073045406,10
Logi-PINN,2,train,2018,W810G,26.185554743743335,18.85087988158822,10
Logi-PINN,2,train,2018,W812G,42.90265459887209,41.29636362524795,9
Logi-PINN,2,train,2018,W813G,21.659682154590428,17.36913648427087,10
Logi-PINN,2,train,2018,W814G,35.20002093589015,29.980802817818823,8
Logi-PINN,2,train,2018,W8304,32.20746581685834,28.28507033452043,10
Logi-PINN,2,train,2018,W9,42.23673415919048,33.81049061732304,10
Logi-PINN,2,train,2018,WIL900,24.13436309739045,20.359977018855616,10
Logi-PINN,2,train,2018,WR3,41.83259481581278,37.37686482665339,10
Logi-PINN,2,train,2018,WU-TAN-TZAO,43.61045794871233,39.392630199229465,9
Logi-PINN,2,train,2018,YE 4,37.28252498881658,29.388269535067053,10
Logi-PINN,2,train,2018,YING-55,39.72310836222001,30.95201257479787,10
Logi-PINN,2,train,2018,Yu796 NS,32.78010576387572,27.214292794703812,10
Logi-PINN,2,train,2018,ZS635,20.383244257635337,15.887284919181166,10
Logi-PINN,2,train,2019,1538,18.595966088623886,14.912478449615756,17
Logi-PINN,2,train,2019,2369,31.35716123938532,22.170107754484548,16
Logi-PINN,2,train,2019,29MIBZ2,16.436257907027844,11.92583784884962,17
Logi-PINN,2,train,2019,2FACC,21.493047406253368,15.112815168190336,17
Logi-PINN,2,train,2019,2FADB,37.49376046687671,29.06096163695465,17
Logi-PINN,2,train,2019,2MA22,29.397701914132504,19.699360613543043,17
Logi-PINN,2,train,2019,2MCDB,30.816503365646295,19.633988680549184,17
Logi-PINN,2,train,2019,3IJI1,19.518514584584018,13.534651394233572,17
Logi-PINN,2,train,2019,4226,19.843303697414456,16.21374968745496,17
Logi-PINN,2,train,2019,4F-306 108,34.071295275552636,23.271934097292174,17
Logi-PINN,2,train,2019,4N506,27.139157237634894,19.427203292229525,17
Logi-PINN,2,train,2019,6F629,28.359417328129155,17.55706707421448,16
Logi-PINN,2,train,2019,6M502,31.216160443008157,25.34407128245226,17
Logi-PINN,2,train,2019,6M502A,22.82987288446361,17.36099933169804,17
Logi-PINN,2,train,2019,764,16.854845994108913,12.519931898264193,17
Logi-PINN,2,train,2019,78010,23.929696607156455,16.062349015848227,17
Logi-PINN,2,train,2019,78551S,35.41220155628236,27.333262574395153,15
Logi-PINN,2,train,2019,790,21.798249544467396,15.698407200033841,17
Logi-PINN,2,train,2019,793,39.28270387284167,24.942620700872038,17
Logi-PINN,2,train,2019,87916W,17.250108929956713,14.10031690624216,17
Logi-PINN,2,train,2019,911,22.10677521916562,15.888309293283267,17
Logi-PINN,2,train,2019,912,18.85433369140323,13.790510914000132,17
Logi-PINN,2,train,2019,91IFC2,21.6546764575196,15.016602387814235,17
Logi-PINN,2,train,2019,A,27.969155618281366,21.1752491139578,17
Logi-PINN,2,train,2019,A208,23.070832586452944,18.318907365771505,17
Logi-PINN,2,train,2019,A239,19.28247110439357,15.109792450072783,17
Logi-PINN,2,train,2019,A258,17.226484905240483,14.262195276715572,16
Logi-PINN,2,train,2019,A272,25.574285312554494,16.453570613527344,17
Logi-PINN,2,train,2019,A305,22.76651782610366,15.231721715858832,17
Logi-PINN,2,train,2019,A321,30.548512387727914,17.410807294470846,17
Logi-PINN,2,train,2019,A322,23.14920667955907,17.420467793866727,16
Logi-PINN,2,train,2019,A334,15.777537504321783,11.404912666310238,17
Logi-PINN,2,train,2019,A340,19.83128769068411,14.819892662669448,17
Logi-PINN,2,train,2019,A374,26.967467979426456,19.25470955764675,16
Logi-PINN,2,train,2019,A385,27.849945695361445,20.934231615442677,17
Logi-PINN,2,train,2019,A427,33.715491908552984,27.825517215538927,17
Logi-PINN,2,train,2019,A548,15.371287910005272,12.182551269235809,17
Logi-PINN,2,train,2019,A556,18.904890461250027,14.304780060512215,17
Logi-PINN,2,train,2019,A572,18.871562685322797,14.364676335419801,17
Logi-PINN,2,train,2019,A619,17.938919191342926,12.666675356986348,17
Logi-PINN,2,train,2019,A627,18.62386845394023,14.696112049114213,17
Logi-PINN,2,train,2019,A632,18.163794767128085,15.357132895337486,17
Logi-PINN,2,train,2019,A634,17.48124476619309,12.946709147307926,17
Logi-PINN,2,train,2019,A635,22.648060123760494,15.4323215711298,17
Logi-PINN,2,train,2019,A641,38.2514958718092,28.635414786738888,17
Logi-PINN,2,train,2019,A648,16.950451978225477,13.456219026827032,17
Logi-PINN,2,train,2019,A649,33.08445335726957,24.380758501128405,16
Logi-PINN,2,train,2019,A659,21.697598155064842,16.849058168762802,17
Logi-PINN,2,train,2019,A663,24.5307269986688,19.207723977901956,16
Logi-PINN,2,train,2019,A672,23.477167964378133,18.2699672941346,17
Logi-PINN,2,train,2019,A674,24.58384378051553,18.028261864685987,17
Logi-PINN,2,train,2019,A679,24.399923728231162,18.967035472126405,17
Logi-PINN,2,train,2019,A680,18.1535480695707,13.916569921459816,16
Logi-PINN,2,train,2019,A682,22.203755909930887,15.580146324273665,17
Logi-PINN,2,train,2019,A71,42.4835968144274,34.112361090516686,16
Logi-PINN,2,train,2019,A73,23.328022955127903,17.583425841707317,16
Logi-PINN,2,train,2019,AQA3,47.18416631789194,31.69846448429991,16
Logi-PINN,2,train,2019,AS6103,18.315518957224764,12.985971135578158,17
Logi-PINN,2,train,2019,AusTRCF 306238,31.460193190529356,24.23076368475571,15
Logi-PINN,2,train,2019,B-18 INBR.FR.SUPERGOLD,20.627292010182913,16.377099218209235,17
Logi-PINN,2,train,2019,B-28,17.933798390102343,13.227793376255063,17
Logi-PINN,2,train,2019,B103,21.236014433304998,15.795272647576398,17
Logi-PINN,2,train,2019,B104,22.633094527718605,17.466676408853193,17
Logi-PINN,2,train,2019,B105,27.501038556395365,20.26427849536037,17
Logi-PINN,2,train,2019,B107,21.102262960630227,15.9334614805533,17
Logi-PINN,2,train,2019,B108,23.77224466202558,18.822622871744702,17
Logi-PINN,2,train,2019,B110,22.040593636684093,16.13371310612482,17
Logi-PINN,2,train,2019,B111,33.86438589718123,21.36990414972025,17
Logi-PINN,2,train,2019,B114,22.044487570343183,15.86643790003617,17
Logi-PINN,2,train,2019,B115,37.70075529079205,27.297081042272627,17
Logi-PINN,2,train,2019,B119,29.598874323956174,24.17286019598725,17
Logi-PINN,2,train,2019,B120,25.634722339083574,20.52665836231152,17
Logi-PINN,2,train,2019,B121,37.24696503071764,25.35029342082434,17
Logi-PINN,2,train,2019,B14,21.11421970947009,16.605808243813456,15
Logi-PINN,2,train,2019,B14A,25.16786487662239,19.20304685727933,17
Logi-PINN,2,train,2019,B164,26.331431383592257,17.41846192755315,17
Logi-PINN,2,train,2019,B2,50.66411872290379,34.95022959664575,17
Logi-PINN,2,train,2019,B37,21.622910064590652,15.474614135204801,17
Logi-PINN,2,train,2019,B46,31.61242195692088,22.787443141791414,16
Logi-PINN,2,train,2019,B57,33.767774267630415,21.40344229197863,17
Logi-PINN,2,train,2019,B65,28.034510481535644,19.711366393010195,17
Logi-PINN,2,train,2019,B66,26.198768234555626,20.318162489639896,17
Logi-PINN,2,train,2019,B68,21.405285704512096,17.31927922888459,17
Logi-PINN,2,train,2019,B70,35.910673676341695,25.82865542820693,17
Logi-PINN,2,train,2019,B75,31.020407237962313,18.34052958888212,16
Logi-PINN,2,train,2019,B76,23.631179213532658,17.61414392470495,17
Logi-PINN,2,train,2019,B77,23.671240186003413,18.116225606689294,17
Logi-PINN,2,train,2019,B79,31.231876033040557,23.427370937016818,17
Logi-PINN,2,train,2019,B84,28.009175967580422,22.466712329114852,17
Logi-PINN,2,train,2019,B85,30.15916524075256,22.316195647320267,17
Logi-PINN,2,train,2019,B87,19.97297675655773,14.460939136682835,17
Logi-PINN,2,train,2019,B88,19.65524561345087,15.906708355383156,17
Logi-PINN,2,train,2019,B91,23.987653587707513,17.911736962848508,17
Logi-PINN,2,train,2019,B97,37.78384869875652,22.002824373240752,17
Logi-PINN,2,train,2019,BEI 10 = NORTH 10,30.542427170430717,22.885510767565766,17
Logi-PINN,2,train,2019,BO9,24.166209141285538,18.374244073932033,17
Logi-PINN,2,train,2019,C103,36.28188481730417,19.919264698151352,17
Logi-PINN,2,train,2019,C123,24.497789741654827,16.910742354989097,17
Logi-PINN,2,train,2019,CA-4,35.41379872796601,21.823067129143904,17
Logi-PINN,2,train,2019,CG102,27.878969059782012,18.454377726446957,17
Logi-PINN,2,train,2019,CH157,29.50616737855028,21.217206492573276,16
Logi-PINN,2,train,2019,CH701-30,16.468337916355097,11.578277011076167,17
Logi-PINN,2,train,2019,CH711-10,31.128783980043654,17.803339556773743,16
Logi-PINN,2,train,2019,CH9,14.285736312365419,11.283851962438261,17
Logi-PINN,2,train,2019,CI 40H,27.907420174252238,22.17771435505809,17
Logi-PINN,2,train,2019,CM105,36.6224400567175,29.356937716389247,17
Logi-PINN,2,train,2019,CO257,27.498495143079346,19.12297599439306,16
Logi-PINN,2,train,2019,CO258,42.12442116009336,26.412453182328136,16
Logi-PINN,2,train,2019,CQ702RC,19.438225163431774,15.672731536267252,17
Logi-PINN,2,train,2019,CR 22 INBRED,30.65293140872454,19.18739702745159,17
Logi-PINN,2,train,2019,CS405,28.526794294559124,19.845987356862356,17
Logi-PINN,2,train,2019,DE2,17.12059467781557,13.282946099544114,17
Logi-PINN,2,train,2019,DE4,19.936593849742092,12.808561998403468,17
Logi-PINN,2,train,2019,DE811,40.380360402437375,23.910180024041786,16
Logi-PINN,2,train,2019,DJ7,24.18459000472469,14.905367625984287,17
Logi-PINN,2,train,2019,DK3IIH6,32.10162444202202,21.36021389652093,17
Logi-PINN,2,train,2019,DK4676A,36.5853447727075,29.310956447292146,17
Logi-PINN,2,train,2019,DK78002A,24.205339839875993,17.69973311196083,17
Logi-PINN,2,train,2019,DK78010,16.01134474037601,11.995238475575983,17
Logi-PINN,2,train,2019,DKFAPW,23.920864783649726,14.904886198903936,17
Logi-PINN,2,train,2019,DKFBHJ,37.172344245607796,27.271734059812886,17
Logi-PINN,2,train,2019,DKMBNA,46.23127210681055,25.715793358518997,17
Logi-PINN,2,train,2019,DKPB80,34.03988936742345,21.069492693326833,17
Logi-PINN,2,train,2019,E8501,23.095658959570493,15.649153300035437,17
Logi-PINN,2,train,2019,EAST 028,27.157015938530034,20.68311708467646,17
Logi-PINN,2,train,2019,Eng-Li Chih,28.84870025551118,21.33229476722783,17
Logi-PINN,2,train,2019,F118,23.870708454829522,16.116601938125235,17
Logi-PINN,2,train,2019,F2834T,16.315728352374677,13.242648621419136,17
Logi-PINN,2,train,2019,FBLA,25.384135552889372,20.265291753709818,17
Logi-PINN,2,train,2019,FR19,138.828897154823,96.89082815975188,17
Logi-PINN,2,train,2019,G80,23.089139871451824,18.12448307770203,17
Logi-PINN,2,train,2019,H110,27.970250647434277,16.805642530368193,17
Logi-PINN,2,train,2019,H113,38.8814692782659,22.938208219133394,15
Logi-PINN,2,train,2019,H121,31.200415381257987,18.35802619081362,17
Logi-PINN,2,train,2019,H122w,27.418618498073037,20.3289160220756,17
Logi-PINN,2,train,2019,H42,23.17505782149738,17.55761890904708,16
Logi-PINN,2,train,2019,H5,29.53907403068985,19.53654684290147,17
Logi-PINN,2,train,2019,H71,24.52453720335718,19.14708632541397,17
Logi-PINN,2,train,2019,H84,20.267403747389576,16.51586616614947,17
Logi-PINN,2,train,2019,H91,21.60212882852167,17.451938262393778,17
Logi-PINN,2,train,2019,H95,31.66083575782442,17.852796080492947,15
Logi-PINN,2,train,2019,H96,47.509561932697615,32.88383045244141,15
Logi-PINN,2,train,2019,H99,14.556403707257534,9.798847394943895,17
Logi-PINN,2,train,2019,HP301,24.296002449272258,20.511718407446207,17
Logi-PINN,2,train,2019,HUANYAO,23.89780864896215,16.479735657886955,17
Logi-PINN,2,train,2019,I29,51.35631060274432,36.038325541379805,16
Logi-PINN,2,train,2019,IA2132,27.724274397685598,18.020449023779307,17
Logi-PINN,2,train,2019,IBB14,28.640156768517475,20.588132499142883,17
Logi-PINN,2,train,2019,IBB15,13.798136767791854,11.60475300903366,17
Logi-PINN,2,train,2019,IBC2,24.51406611454823,19.42283795169932,16
Logi-PINN,2,train,2019,ICI 193,27.64450932502567,20.661902958217606,17
Logi-PINN,2,train,2019,ICI 740,23.51190569015391,17.728895480692714,17
Logi-PINN,2,train,2019,ICI 893,16.518216980208102,12.690850010843182,17
Logi-PINN,2,train,2019,ICI 986,19.365463327482317,14.159579008295896,17
Logi-PINN,2,train,2019,IDS28,32.58160102717974,20.997375031680832,17
Logi-PINN,2,train,2019,IDS69,14.004668571636417,11.264350308709535,16
Logi-PINN,2,train,2019,IDS91,32.15320186843987,22.467837511594443,17
Logi-PINN,2,train,2019,INB 101LFY/LFY (A632 X M16 S5),30.43436223470986,21.68480403144024,17
Logi-PINN,2,train,2019,INBRED 141,33.21829203727649,22.280791106308076,15
Logi-PINN,2,train,2019,INBRED 2-687,20.801451543910705,14.323124885405196,17
Logi-PINN,2,train,2019,INBRED 305,25.722016127849017,20.025880409583728,16
Logi-PINN,2,train,2019,INBRED 309,17.587021118737436,14.16515902030145,17
Logi-PINN,2,train,2019,INBRED 321,31.777881892035968,22.385144335652623,15
Logi-PINN,2,train,2019,Ia 453,18.75783012599983,14.020521709230376,17
Logi-PINN,2,train,2019,J47,35.57798865476444,22.692739660226827,17
Logi-PINN,2,train,2019,K150,24.48842519243628,18.578377971942512,17
Logi-PINN,2,train,2019,K41,17.18723281741465,12.750364517142467,17
Logi-PINN,2,train,2019,K47,43.12288845377419,30.367593422553632,16
Logi-PINN,2,train,2019,K55,39.83047922085448,24.639686735230388,17
Logi-PINN,2,train,2019,KUNG-70,21.424498107818227,14.414726544940045,17
Logi-PINN,2,train,2019,L 127,28.52426667436678,20.396606547751812,17
Logi-PINN,2,train,2019,L 135,21.715978261564896,16.413907883208935,17
Logi-PINN,2,train,2019,L 139,31.46564910277741,21.05558669510901,17
Logi-PINN,2,train,2019,L 155,24.851586247722782,15.720009898708227,17
Logi-PINN,2,train,2019,L 289,37.174162281949144,23.230319306652547,17
Logi-PINN,2,train,2019,LH1,23.117179827670796,18.94650410202652,17
Logi-PINN,2,train,2019,LH119,17.735909789013874,14.538423634634027,16
Logi-PINN,2,train,2019,LH128,23.211656584797662,16.868792846039028,17
Logi-PINN,2,train,2019,LH143 (Maintainer),28.65337358751795,18.866258525381447,17
Logi-PINN,2,train,2019,LH145,32.494641562889015,18.51349513206532,17
Logi-PINN,2,train,2019,LH146Ht,28.791044677447914,24.139490203444083,16
Logi-PINN,2,train,2019,LH149,27.51676943514174,20.820141446737672,17
Logi-PINN,2,train,2019,LH165,28.216562271015494,19.982766884888875,17
Logi-PINN,2,train,2019,LH166,16.609923331554658,13.931061287430008,16
Logi-PINN,2,train,2019,LH172,19.6716310499672,13.277751257950477,16
Logi-PINN,2,train,2019,LH184,34.55593051174484,22.404794712082875,17
Logi-PINN,2,train,2019,LH185,26.27302270944688,22.017483597856344,15
Logi-PINN,2,train,2019,LH190,26.61638965116623,18.100217198013095,17
Logi-PINN,2,train,2019,LH191,37.22000109782623,25.62659059339687,16
Logi-PINN,2,train,2019,LH192,29.22012254584516,22.795151005913354,17
Logi-PINN,2,train,2019,LH194,14.594843480845526,12.279517908457676,17
Logi-PINN,2,train,2019,LH195,21.96059477671266,17.90574173915124,17
Logi-PINN,2,train,2019,LH197,19.973247119831342,14.586260623536646,17
Logi-PINN,2,train,2019,LH198,24.61922024488523,15.662632683332538,17
Logi-PINN,2,train,2019,LH199,20.915404222087542,16.570749044960362,17
Logi-PINN,2,train,2019,LH202,28.83569730890401,18.915930224358817,17
Logi-PINN,2,train,2019,LH204,18.257539980221747,13.009686018907216,17
Logi-PINN,2,train,2019,LH205,36.312697349093376,23.31678050553884,17
Logi-PINN,2,train,2019,LH206,22.30142385527555,18.104924419806423,16
Logi-PINN,2,train,2019,LH208,24.858642038068034,18.413877499628818,16
Logi-PINN,2,train,2019,LH209,17.649613130260995,12.510812189817342,17
Logi-PINN,2,train,2019,LH213,42.26183787220091,26.854121113986608,16
Logi-PINN,2,train,2019,LH214,22.48948131342943,14.723587123253976,17
Logi-PINN,2,train,2019,LH215,36.21013184896066,26.5349663864702,15
Logi-PINN,2,train,2019,LH222,25.79011691891111,19.679053475005265,17
Logi-PINN,2,train,2019,LH223,29.82243542995215,22.8497069103083,16
Logi-PINN,2,train,2019,LH224,19.90569940936457,13.839286776743617,16
Logi-PINN,2,train,2019,LH295,23.384104117676753,16.30270110241153,17
Logi-PINN,2,train,2019,LH59,27.179610100786878,20.203350946917997,17
Logi-PINN,2,train,2019,LH60,18.33226185753764,14.182976709372577,17
Logi-PINN,2,train,2019,LH61,19.32913962037258,13.969563984749058,16
Logi-PINN,2,train,2019,LH74,17.272570750973358,14.462942271970984,17
Logi-PINN,2,train,2019,LH82,17.615245738605662,14.504396171673527,17
Logi-PINN,2,train,2019,LH93,16.326654043504696,14.302121479119448,17
Logi-PINN,2,train,2019,LIBC 4,28.1978728982733,19.975713173227927,17
Logi-PINN,2,train,2019,LP1 NR HT,27.02165963728811,17.00085047899959,17
Logi-PINN,2,train,2019,LP5,45.84703808653096,33.60347092019698,16
Logi-PINN,2,train,2019,Lp215D,31.417170947745607,22.32393767321652,17
Logi-PINN,2,train,2019,M14,25.735158882269648,18.67055975877522,17
Logi-PINN,2,train,2019,MBPM,17.066619170819592,14.494941074138055,17
Logi-PINN,2,train,2019,MBWZ,28.978431837661436,16.098446464329143,17
Logi-PINN,2,train,2019,MEF156-55-2,33.54960216272055,25.924156225460617,16
Logi-PINN,2,train,2019,ML606,40.674786416535525,31.099747443665986,17
Logi-PINN,2,train,2019,MM501D,51.33587365304149,25.767066109179982,17
Logi-PINN,2,train,2019,MQ305,31.94220472878813,26.322858724674134,16
Logi-PINN,2,train,2019,MS116,42.266559830907035,28.883333251141458,16
Logi-PINN,2,train,2019,MS132,24.24907330093881,16.743724146732585,17
Logi-PINN,2,train,2019,MS153,21.661700458531676,16.563781959509726,17
Logi-PINN,2,train,2019,MS200,25.258681162075124,19.595938213492506,17
Logi-PINN,2,train,2019,MS211,17.152753791796126,12.830299044364208,17
Logi-PINN,2,train,2019,MS221,21.720350424284195,18.221566911454005,17
Logi-PINN,2,train,2019,MS224,52.18583256374044,36.30725780114442,15
Logi-PINN,2,train,2019,MS225,29.738980205256727,19.484604080666873,17
Logi-PINN,2,train,2019,MS226,31.712786650707127,20.686328003985455,17
Logi-PINN,2,train,2019,MS24A,20.926400403206625,14.036161094083642,17
Logi-PINN,2,train,2019,MS67,59.3832521567576,40.720783174637944,16
Logi-PINN,2,train,2019,MS71,24.377771852530625,19.024902930524203,17
Logi-PINN,2,train,2019,MS72,23.531104770325637,17.14451525753912,17
Logi-PINN,2,train,2019,Mo46,23.505258375926445,19.237265671693066,16
Logi-PINN,2,train,2019,Mo47,28.796291171057266,20.8307945540977,17
Logi-PINN,2,train,2019,Mo5,37.80492907995729,22.616078470619108,16
Logi-PINN,2,train,2019,N192,16.3086210561467,13.342825892473634,17
Logi-PINN,2,train,2019,N193,13.006872610676881,11.206042460482015,17
Logi-PINN,2,train,2019,N201,26.185853352234542,18.271763350616887,17
Logi-PINN,2,train,2019,N211,47.56869960654092,27.58851192877824,17
Logi-PINN,2,train,2019,N217,40.750771810841485,28.119530981328733,17
Logi-PINN,2,train,2019,N28Ht,32.65544716544588,21.291990389670172,17
Logi-PINN,2,train,2019,N501,22.403073073836186,18.209502007681802,16
Logi-PINN,2,train,2019,N523,22.96394355419045,19.377377122620484,17
Logi-PINN,2,train,2019,N527,32.43616799599312,23.328526693851398,17
Logi-PINN,2,train,2019,N534,30.124855134140343,20.241437731821705,17
Logi-PINN,2,train,2019,N542,25.101337345798143,18.185261713389053,17
Logi-PINN,2,train,2019,N6,24.688179336322836,18.80129787523569,17
Logi-PINN,2,train,2019,NC262,24.399613754658446,15.623272066713888,16
Logi-PINN,2,train,2019,NC294,16.986785035456325,12.579508691108508,17
Logi-PINN,2,train,2019,NC310,22.256657139533228,16.652063650369048,17
Logi-PINN,2,train,2019,NC326,26.125674837867354,18.5969987741427,17
Logi-PINN,2,train,2019,NC328,29.773234444396376,22.24385643722487,17
Logi-PINN,2,train,2019,NC368,34.72269544527575,20.24281177300505,16
Logi-PINN,2,train,2019,NC412,31.639165961244586,24.73983401930618,15
Logi-PINN,2,train,2019,ND247,12.85681196921564,9.033507701548933,15
Logi-PINN,2,train,2019,ND265,21.102161624330503,15.71053007820565,17
Logi-PINN,2,train,2019,NK740,38.973169101255664,25.423800168249947,17
Logi-PINN,2,train,2019,NK778,37.596342878375104,24.432389674921495,16
Logi-PINN,2,train,2019,NK807,19.26539684531995,15.160598147471504,17
Logi-PINN,2,train,2019,NKS8326,21.918512683386524,15.468215103044834,17
Logi-PINN,2,train,2019,NORTH 7,27.711294506115966,22.167650765890404,17
Logi-PINN,2,train,2019,NQ508,28.326952481012807,24.014291301302165,17
Logi-PINN,2,train,2019,NS501,25.63644060761696,17.968579663842394,17
Logi-PINN,2,train,2019,NS701,30.162982135115517,20.117643894353836,17
Logi-PINN,2,train,2019,NY 166 (Neveh Yaar),20.51622386100475,16.630513464043393,17
Logi-PINN,2,train,2019,NY6371,31.14620285224557,20.27189125271932,17
Logi-PINN,2,train,2019,Ny821,26.480503419649406,19.537915038732134,17
Logi-PINN,2,train,2019,OH33,35.951161783877694,28.271306426285637,17
Logi-PINN,2,train,2019,OQ403,34.38053212954493,22.55311603272881,17
Logi-PINN,2,train,2019,OQ603,24.78900323324172,19.564560264441198,17
Logi-PINN,2,train,2019,OS602,20.83833065433715,15.948215629863515,17
Logi-PINN,2,train,2019,Oh40B,24.261486388698223,18.90182835891324,17
Logi-PINN,2,train,2019,Oh43,21.261446103865538,13.185949466955181,17
Logi-PINN,2,train,2019,Oh7,68.35591050077998,47.445202311673725,15
Logi-PINN,2,train,2019,Os420,32.03776496791574,23.40746454052722,17
Logi-PINN,2,train,2019,Os426,30.426851166041715,19.780453287200515,17
Logi-PINN,2,train,2019,PHB09,18.619630632870102,14.311365760656358,17
Logi-PINN,2,train,2019,PHB47,23.914192341425053,17.1227245493242,17
Logi-PINN,2,train,2019,PHBA6,43.29028677049319,32.55476094390321,17
Logi-PINN,2,train,2019,PHBB3,23.053276995895548,17.223215744565646,17
Logi-PINN,2,train,2019,PHBW8,58.29432467994662,41.14864692062699,15
Logi-PINN,2,train,2019,PHG29,32.4559202777367,24.340103977362226,17
Logi-PINN,2,train,2019,PHG47,45.415653151626714,34.93140928585055,17
Logi-PINN,2,train,2019,PHG50,29.725602992278414,21.928994694035527,17
Logi-PINN,2,train,2019,PHG71,23.26321568730107,17.51844668527078,17
Logi-PINN,2,train,2019,PHG72,15.187360874050723,12.309519899816557,17
Logi-PINN,2,train,2019,PHG80,41.380520015799625,34.31038809224157,17
Logi-PINN,2,train,2019,PHG83,30.658749652841447,20.57679778532933,17
Logi-PINN,2,train,2019,PHG86,43.21946613563509,34.955935828741346,16
Logi-PINN,2,train,2019,PHGW7,21.608419808679333,15.663194028841433,17
Logi-PINN,2,train,2019,PHH93,16.199667985785425,12.533349090841716,17
Logi-PINN,2,train,2019,PHHV4,18.017046968168277,12.755946158180738,17
Logi-PINN,2,train,2019,PHJ70,30.222145968941593,17.800078269210548,17
Logi-PINN,2,train,2019,PHJ89,22.754510823521557,17.976935835072634,17
Logi-PINN,2,train,2019,PHJ90,21.434981310148547,15.852675711868274,16
Logi-PINN,2,train,2019,PHJR5,46.28670891752364,30.877836390751373,17
Logi-PINN,2,train,2019,PHK35,23.41176883844272,16.931387949030015,17
Logi-PINN,2,train,2019,PHK42,18.466462365017584,14.723679115689714,17
Logi-PINN,2,train,2019,PHK56,23.88041918429446,16.798547613762064,17
Logi-PINN,2,train,2019,PHK74,29.471030149665594,22.96930552737207,17
Logi-PINN,2,train,2019,PHKE6,23.812199907657867,16.710028467428,17
Logi-PINN,2,train,2019,PHM10,24.472119560731407,15.40972379698584,16
Logi-PINN,2,train,2019,PHN11,20.253064081697847,15.45282745165894,17
Logi-PINN,2,train,2019,PHN29,22.895560849849925,15.367410175267343,17
Logi-PINN,2,train,2019,PHN66,17.090408469687947,13.922728581457786,16
Logi-PINN,2,train,2019,PHP02,21.322103953134608,15.217751706237811,17
Logi-PINN,2,train,2019,PHP55,24.034758301371355,15.251464825775,17
Logi-PINN,2,train,2019,PHP76,23.70399567163677,16.741191479986227,17
Logi-PINN,2,train,2019,PHP85,20.397253960622958,16.91330194868799,17
Logi-PINN,2,train,2019,PHPR5,26.969935781660794,15.452834009713442,16
Logi-PINN,2,train,2019,PHR03,32.546969108618214,19.914905598253828,17
Logi-PINN,2,train,2019,PHR30,24.081705609797645,16.150951530327173,17
Logi-PINN,2,train,2019,PHR31,18.441323163341554,15.3624399006249,17
Logi-PINN,2,train,2019,PHR36,28.5518881837694,16.644985024090083,17
Logi-PINN,2,train,2019,PHR47,28.20131418403807,19.929866634718994,17
Logi-PINN,2,train,2019,PHR58,20.13071604933339,13.58881729502027,16
Logi-PINN,2,train,2019,PHR63,17.47745859370042,11.704169234333355,17
Logi-PINN,2,train,2019,PHT10,22.596878464461447,15.165571105226654,17
Logi-PINN,2,train,2019,PHT47,38.724962676372414,26.826051790272714,17
Logi-PINN,2,train,2019,PHT55,38.37414497728918,28.96842702080072,17
Logi-PINN,2,train,2019,PHTM9,29.90276187178778,21.44594452214675,17
Logi-PINN,2,train,2019,PHV37,20.44963075422473,17.45473732390194,17
Logi-PINN,2,train,2019,PHV57,18.796039833204688,15.130599222527147,17
Logi-PINN,2,train,2019,PHV63,32.209795897873555,21.48391516660034,17
Logi-PINN,2,train,2019,PHVA9,21.761243014139392,15.926617722461822,17
Logi-PINN,2,train,2019,PHW03,23.34786835865715,19.731221810358328,17
Logi-PINN,2,train,2019,PHW17,37.853426939699894,27.749990275894373,17
Logi-PINN,2,train,2019,PHW20,25.116315765414992,16.90061609597457,17
Logi-PINN,2,train,2019,PHW30,45.84858042777735,32.62075980534661,15
Logi-PINN,2,train,2019,PHW52,15.682527269486709,12.458876327015426,17
Logi-PINN,2,train,2019,PHW53,32.748198304737144,17.370247566034926,16
Logi-PINN,2,train,2019,PHW79,49.438966760959836,38.46480987344811,15
Logi-PINN,2,train,2019,PHW80,35.97492349381308,22.334187259590205,17
Logi-PINN,2,train,2019,PHW86,17.600239429191454,13.022304314675647,17
Logi-PINN,2,train,2019,PHZ51,32.11588652933777,17.775598315457614,17
Logi-PINN,2,train,2019,Pa392,39.773712761648156,26.688101275199642,17
Logi-PINN,2,train,2019,Pa405,24.992055867235095,16.384142772372076,17
Logi-PINN,2,train,2019,Pa762,16.843591368139577,12.268329328461308,17
Logi-PINN,2,train,2019,Pa875,27.40696170209486,17.9027414441899,17
Logi-PINN,2,train,2019,Pa880,30.46814945280511,20.310730842388796,17
Logi-PINN,2,train,2019,Pa91,14.609454379512467,11.947531198403386,17
Logi-PINN,2,train,2019,Q381,31.484594174896888,24.71105274201606,17
Logi-PINN,2,train,2019,R168,22.060408136909675,20.140972409452804,17
Logi-PINN,2,train,2019,R181B,26.27932595717444,16.44227854204077,17
Logi-PINN,2,train,2019,R226,30.347159043568787,21.48549973630589,17
Logi-PINN,2,train,2019,R227,21.384583391633722,17.59838236239797,17
Logi-PINN,2,train,2019,R71,33.05275237895336,19.265281081610965,17
Logi-PINN,2,train,2019,R78,17.659196391010603,13.7334741784403,16
Logi-PINN,2,train,2019,S8326,39.29352585340837,24.612633063106657,15
Logi-PINN,2,train,2019,SD101,23.11712888863534,17.840203069867613,17
Logi-PINN,2,train,2019,SD102,20.4957219194372,17.162284171454218,17
Logi-PINN,2,train,2019,SD107,36.25340563031726,24.82331877738079,17
Logi-PINN,2,train,2019,SD40,14.002173625612416,12.20627353112482,17
Logi-PINN,2,train,2019,SD44,24.616081319628773,18.86245655467285,17
Logi-PINN,2,train,2019,SG 30A,19.112237938175863,13.860671628226763,17
Logi-PINN,2,train,2019,Seagull Seventeen,29.10886740331389,14.236984773658534,16
Logi-PINN,2,train,2019,T242,27.571656714500484,21.839597352135094,15
Logi-PINN,2,train,2019,TZU-CHIAO-HSI-WU 105,35.82828773966499,23.214420905597414,17
Logi-PINN,2,train,2019,Tr,20.845237252923482,15.255973413380596,17
Logi-PINN,2,train,2019,Va26,45.738737651355024,32.87272950402408,16
Logi-PINN,2,train,2019,Va35,22.378426941801052,15.377220785236753,17
Logi-PINN,2,train,2019,Va52,31.965882931320913,24.730950645974808,16
Logi-PINN,2,train,2019,Va59,26.633299193822104,19.394608072437432,17
Logi-PINN,2,train,2019,Va99,21.415033467357876,15.144403645763843,17
Logi-PINN,2,train,2019,VaW6,18.582434389697973,14.842039074969213,17
Logi-PINN,2,train,2019,W117Ht,43.21848155966919,27.032893811435624,16
Logi-PINN,2,train,2019,W153R,33.08737036467448,22.023688736792906,17
Logi-PINN,2,train,2019,W22,27.297275434522476,15.620274191345258,17
Logi-PINN,2,train,2019,W23,32.1854243401132,20.57591053745175,17
Logi-PINN,2,train,2019,W24,26.618079927483286,20.808682962372238,16
Logi-PINN,2,train,2019,W32,25.338536378316476,18.329000852480803,17
Logi-PINN,2,train,2019,W37A,24.137303782046494,18.954135577290806,15
Logi-PINN,2,train,2019,W552,38.534082125031055,26.184587577632342,17
Logi-PINN,2,train,2019,W603S,41.122067907019336,25.988674609194845,15
Logi-PINN,2,train,2019,W604S,27.60496913672165,20.363040999413617,17
Logi-PINN,2,train,2019,W605S,23.260462181954903,17.414019267859832,17
Logi-PINN,2,train,2019,W607S,22.956524038847395,17.07781652531068,17
Logi-PINN,2,train,2019,W610S,24.48217853177198,15.467667879812204,16
Logi-PINN,2,train,2019,W612S,37.81364757693501,28.104360662072263,17
Logi-PINN,2,train,2019,W614S,29.740008926578696,21.782246060738863,17
Logi-PINN,2,train,2019,W64A,25.779628359243045,17.261129085397812,17
Logi-PINN,2,train,2019,W701BC,15.983309537352014,11.395506248105344,17
Logi-PINN,2,train,2019,W809G,41.9501152023205,29.657973954742037,17
Logi-PINN,2,train,2019,W810G,19.631933661938064,15.0468010130045,17
Logi-PINN,2,train,2019,W812G,46.804220630690864,25.740374695602146,17
Logi-PINN,2,train,2019,W813G,19.93895924263589,14.689890485694855,17
Logi-PINN,2,train,2019,W814G,61.47692480466447,42.14411607310593,17
Logi-PINN,2,train,2019,W8304,21.663150160761173,15.891173899401899,17
Logi-PINN,2,train,2019,W9,14.270691134083883,10.327244088123194,17
Logi-PINN,2,train,2019,WIL900,35.497925206334855,23.070169675280066,17
Logi-PINN,2,train,2019,WR3,24.5843355106377,15.408179114625474,17
Logi-PINN,2,train,2019,WU-TAN-TZAO,45.44969536726114,30.214067270510494,16
Logi-PINN,2,train,2019,YE 4,40.60948372774953,27.54613331344564,17
Logi-PINN,2,train,2019,YING-55,49.67949505512946,39.409211239523586,17
Logi-PINN,2,train,2019,Yu796 NS,29.83016967644528,20.46622623146577,17
Logi-PINN,2,train,2019,ZS635,23.183070403283956,16.943931692595317,17
Logi-PINN,2,val,2020,1538,24.952926915492565,17.718825950346886,5
Logi-PINN,2,val,2020,2369,114.2286228780516,100.83392625275411,6
Logi-PINN,2,val,2020,29MIBZ2,62.530311857050364,43.417085605372044,7
Logi-PINN,2,val,2020,2FACC,38.79570508844264,33.83064882667825,7
Logi-PINN,2,val,2020,2FADB,48.6796468164343,39.85570219375849,7
Logi-PINN,2,val,2020,2MA22,49.357925064134704,37.75803167300955,7
Logi-PINN,2,val,2020,2MCDB,52.28777317750876,43.16269717515804,6
Logi-PINN,2,val,2020,3IJI1,40.4213676509016,30.96884327538326,7
Logi-PINN,2,val,2020,4226,55.26840883156051,44.92839324694767,7
Logi-PINN,2,val,2020,4F-306 108,28.318375169511963,26.25151314239949,7
Logi-PINN,2,val,2020,4N506,39.02741728192232,27.318350843320193,6
Logi-PINN,2,val,2020,6F629,24.58666703861416,21.60761933882207,7
Logi-PINN,2,val,2020,6M502,41.948752136697536,36.7023253853573,7
Logi-PINN,2,val,2020,6M502A,68.20136929653816,52.468436334979984,7
Logi-PINN,2,val,2020,764,34.72956600890759,23.19355529631436,7
Logi-PINN,2,val,2020,78010,40.97551391657062,28.120219391389494,7
Logi-PINN,2,val,2020,78551S,35.24777847770783,28.201767838284372,7
Logi-PINN,2,val,2020,790,39.11128697601653,28.543804667185395,7
Logi-PINN,2,val,2020,793,53.76651820090277,45.04419001222908,7
Logi-PINN,2,val,2020,87916W,34.367083517995205,32.56207031787515,7
Logi-PINN,2,val,2020,911,23.805320625985964,19.36962719796896,7
Logi-PINN,2,val,2020,912,41.83728088047256,34.83198032945484,7
Logi-PINN,2,val,2020,91IFC2,64.69959946231089,52.03428825590655,6
Logi-PINN,2,val,2020,A,41.13038951765603,28.738410311771037,7
Logi-PINN,2,val,2020,A208,32.341275192638285,28.873068483278008,7
Logi-PINN,2,val,2020,A239,21.57575164576213,18.360776545612513,7
Logi-PINN,2,val,2020,A258,39.374932648110544,28.491451744629444,7
Logi-PINN,2,val,2020,A272,37.54626183058917,29.270678134257942,7
Logi-PINN,2,val,2020,A305,37.73683903683475,29.43046111006513,7
Logi-PINN,2,val,2020,A321,47.01255571033802,33.496742267344594,7
Logi-PINN,2,val,2020,A322,29.02438757238961,24.23703452983707,7
Logi-PINN,2,val,2020,A334,23.785456818306915,19.256640746841875,7
Logi-PINN,2,val,2020,A340,61.08829505870745,47.67922815874234,7
Logi-PINN,2,val,2020,A374,37.23410231132689,29.168138437220602,7
Logi-PINN,2,val,2020,A385,47.80588710876974,31.849132527532426,7
Logi-PINN,2,val,2020,A427,30.455477140180808,28.87313690265208,7
Logi-PINN,2,val,2020,A548,22.29927433044496,18.0628497337237,7
Logi-PINN,2,val,2020,A556,22.04846783769276,19.84667174225405,6
Logi-PINN,2,val,2020,A572,55.740927202185276,41.64328400979772,7
Logi-PINN,2,val,2020,A619,17.96721353953329,16.46769857087508,7
Logi-PINN,2,val,2020,A627,79.71232188543037,58.95940981464565,7
Logi-PINN,2,val,2020,A632,49.796011174929355,38.75118636242688,7
Logi-PINN,2,val,2020,A634,33.884825985695485,29.967210168835226,7
Logi-PINN,2,val,2020,A635,47.892656879213824,40.485354988330904,7
Logi-PINN,2,val,2020,A641,35.810870539337984,27.233150570513608,7
Logi-PINN,2,val,2020,A648,31.493571686584,26.315879948518127,7
Logi-PINN,2,val,2020,A649,84.51087784311787,61.62315198305547,7
Logi-PINN,2,val,2020,A659,20.533741236243994,18.963363659762887,7
Logi-PINN,2,val,2020,A663,43.004014392368354,37.46472060896248,7
Logi-PINN,2,val,2020,A672,44.30944338841441,31.857445248764012,7
Logi-PINN,2,val,2020,A674,21.508237653394502,17.189876234783828,7
Logi-PINN,2,val,2020,A679,59.20424210042561,40.27864423435047,7
Logi-PINN,2,val,2020,A680,58.88392730362884,47.66888023263738,6
Logi-PINN,2,val,2020,A682,33.6987121882907,22.308621904610394,7
Logi-PINN,2,val,2020,A71,30.65579935878812,25.297889491748215,7
Logi-PINN,2,val,2020,A73,36.262256924586545,31.199949027007072,7
Logi-PINN,2,val,2020,AQA3,26.707537955530157,21.868393965148332,7
Logi-PINN,2,val,2020,AS6103,63.43271006864207,51.09899541225329,6
Logi-PINN,2,val,2020,AusTRCF 306238,51.5347948069948,44.012160086073436,7
Logi-PINN,2,val,2020,B-18 INBR.FR.SUPERGOLD,33.999893617920506,29.784975864133987,7
Logi-PINN,2,val,2020,B-28,30.923185725960355,27.776088557291327,7
Logi-PINN,2,val,2020,B103,38.55842690801234,26.27542548092097,7
Logi-PINN,2,val,2020,B104,47.56969329308845,36.57184545004829,7
Logi-PINN,2,val,2020,B105,86.13178986766052,70.77402412236967,6
Logi-PINN,2,val,2020,B107,53.30284010304708,45.724764352610855,6
Logi-PINN,2,val,2020,B108,34.04079444273778,27.502456208455413,7
Logi-PINN,2,val,2020,B110,44.938768609203876,38.289325799370104,7
Logi-PINN,2,val,2020,B111,54.90505082702912,43.28322705620974,7
Logi-PINN,2,val,2020,B114,74.92878100953301,62.616908871566885,6
Logi-PINN,2,val,2020,B115,58.70085970189824,41.0861031572637,7
Logi-PINN,2,val,2020,B119,53.856943260073955,39.31397341469407,7
Logi-PINN,2,val,2020,B120,37.32373872538149,32.42061442556262,7
Logi-PINN,2,val,2020,B121,56.61400871093908,42.00585642511859,7
Logi-PINN,2,val,2020,B14,98.84104984553076,84.98466947329887,6
Logi-PINN,2,val,2020,B14A,44.504015054740286,34.19223358273521,6
Logi-PINN,2,val,2020,B164,34.896345793464455,26.68750838942707,7
Logi-PINN,2,val,2020,B2,25.213452381459714,20.516741769390105,7
Logi-PINN,2,val,2020,B37,60.14054459595864,48.67720199237198,7
Logi-PINN,2,val,2020,B46,37.87253539152654,25.25918344169341,6
Logi-PINN,2,val,2020,B57,50.562605995048884,34.7542498698087,7
Logi-PINN,2,val,2020,B65,45.400024801324406,37.6368339661172,7
Logi-PINN,2,val,2020,B66,26.914101587173146,21.020865491796883,7
Logi-PINN,2,val,2020,B68,71.59838626755518,57.87123271601916,7
Logi-PINN,2,val,2020,B70,75.08921541752399,57.11156216599121,7
Logi-PINN,2,val,2020,B75,39.18901532450618,31.46148138626531,7
Logi-PINN,2,val,2020,B76,21.237288131831292,14.230769490228742,7
Logi-PINN,2,val,2020,B77,47.81928730026096,35.653578790906366,7
Logi-PINN,2,val,2020,B79,29.759875154307196,18.15239246474065,6
Logi-PINN,2,val,2020,B84,37.398014321087715,28.59026421481222,7
Logi-PINN,2,val,2020,B85,44.288734931708326,34.92645957261264,7
Logi-PINN,2,val,2020,B87,23.138592192562392,20.3788371683988,7
Logi-PINN,2,val,2020,B88,78.41933143632988,58.9334002128616,7
Logi-PINN,2,val,2020,B91,32.130586767979366,29.64543385254398,7
Logi-PINN,2,val,2020,B97,56.90439781766263,41.386334817726905,7
Logi-PINN,2,val,2020,BEI 10 = NORTH 10,21.675201629337607,17.901703955689968,7
Logi-PINN,2,val,2020,BO9,31.789307862839827,23.39183203594154,5
Logi-PINN,2,val,2020,C103,43.64222267117028,32.51980017695636,6
Logi-PINN,2,val,2020,C123,36.610011848069,30.122999687298236,7
Logi-PINN,2,val,2020,CA-4,20.72522218628665,15.37957825567469,7
Logi-PINN,2,val,2020,CG102,28.2705803723596,21.468229525431546,7
Logi-PINN,2,val,2020,CH157,51.03109380602442,44.425373543284536,7
Logi-PINN,2,val,2020,CH701-30,26.380356506805263,21.096029061320277,6
Logi-PINN,2,val,2020,CH711-10,28.010515224358286,22.00155761549771,7
Logi-PINN,2,val,2020,CH9,43.30653253874584,35.05763813023791,7
Logi-PINN,2,val,2020,CI 40H,34.113054168577975,27.93368754323706,6
Logi-PINN,2,val,2020,CM105,49.169604782097274,43.3615760828501,7
Logi-PINN,2,val,2020,CO257,45.34042696035272,33.837067681017814,7
Logi-PINN,2,val,2020,CO258,35.01320697069866,30.256595264036356,7
Logi-PINN,2,val,2020,CQ702RC,51.04003595758832,44.440900086821166,7
Logi-PINN,2,val,2020,CR 22 INBRED,42.77118419186521,35.37233159845447,5
Logi-PINN,2,val,2020,CS405,34.2263179624227,27.918626049754394,6
Logi-PINN,2,val,2020,DE2,61.902423950339504,52.63103063339033,6
Logi-PINN,2,val,2020,DE4,38.049294344183735,30.33161780587032,7
Logi-PINN,2,val,2020,DE811,42.83597819792411,36.347118059665114,6
Logi-PINN,2,val,2020,DJ7,53.05935350982003,42.42740913352266,7
Logi-PINN,2,val,2020,DK3IIH6,30.57090015398909,22.69818692660004,7
Logi-PINN,2,val,2020,DK4676A,30.85046734325024,20.30556862936221,6
Logi-PINN,2,val,2020,DK78002A,30.813391748445216,23.70573667997316,7
Logi-PINN,2,val,2020,DK78010,39.0606174030506,27.174056245140285,7
Logi-PINN,2,val,2020,DKFAPW,24.31443084900866,20.728120865697118,7
Logi-PINN,2,val,2020,DKFBHJ,39.36869023882493,27.9605225215973,7
Logi-PINN,2,val,2020,DKMBNA,35.46818193690815,31.452726405923194,5
Logi-PINN,2,val,2020,DKPB80,54.23254068407102,48.891656237009165,7
Logi-PINN,2,val,2020,E8501,40.45718386677944,34.861524932232946,6
Logi-PINN,2,val,2020,EAST 028,26.88364848961275,18.40815067874998,7
Logi-PINN,2,val,2020,Eng-Li Chih,41.63817777200367,36.199300096439124,7
Logi-PINN,2,val,2020,F118,43.797731692269146,31.375045841221958,7
Logi-PINN,2,val,2020,F2834T,79.4189903565175,63.223631479199675,7
Logi-PINN,2,val,2020,FBLA,59.43163312104551,40.38272127283394,7
Logi-PINN,2,val,2020,FR19,32.30038998516655,25.618019554120306,7
Logi-PINN,2,val,2020,G80,29.15183786796855,23.883852789967957,7
Logi-PINN,2,val,2020,H110,46.65163462285156,33.35624890064836,7
Logi-PINN,2,val,2020,H113,25.988634305785247,23.713880912678093,7
Logi-PINN,2,val,2020,H121,20.758555098707145,17.86435116638437,7
Logi-PINN,2,val,2020,H122w,62.52425241576814,51.33718947309002,7
Logi-PINN,2,val,2020,H42,51.93249515037135,45.2524979940012,6
Logi-PINN,2,val,2020,H5,66.9846230606295,51.80640907508255,7
Logi-PINN,2,val,2020,H71,46.741421685299215,37.591566017135754,6
Logi-PINN,2,val,2020,H84,76.34564781226861,58.06952323260874,7
Logi-PINN,2,val,2020,H91,40.53665486526738,31.734168430687934,7
Logi-PINN,2,val,2020,H95,41.876210827985204,30.493175961900203,7
Logi-PINN,2,val,2020,H96,49.85969082608997,34.65949694915459,7
Logi-PINN,2,val,2020,H99,40.81098967024868,34.45517761520147,7
Logi-PINN,2,val,2020,HP301,50.51319127735265,32.22788542666599,7
Logi-PINN,2,val,2020,HUANYAO,78.03868390277258,53.439664709475785,7
Logi-PINN,2,val,2020,I29,27.18396202492905,23.12292509212106,7
Logi-PINN,2,val,2020,IA2132,48.11604201471526,33.89076370226175,6
Logi-PINN,2,val,2020,IBB14,60.77628990358409,41.98940784906462,7
Logi-PINN,2,val,2020,IBB15,72.59647070024916,56.84376268515497,7
Logi-PINN,2,val,2020,IBC2,30.42803078960535,25.53674478472173,7
Logi-PINN,2,val,2020,ICI 193,56.26151060788842,38.07868954198167,7
Logi-PINN,2,val,2020,ICI 740,36.55580330107496,34.38418902381063,5
Logi-PINN,2,val,2020,ICI 893,36.643527539782276,28.35077127188981,7
Logi-PINN,2,val,2020,ICI 986,46.683784368085746,30.006236207459274,7
Logi-PINN,2,val,2020,IDS28,37.19055450855595,35.274609463140514,7
Logi-PINN,2,val,2020,IDS69,47.564197586989195,39.03977974772796,7
Logi-PINN,2,val,2020,IDS91,37.39445948118071,27.030488195551786,7
Logi-PINN,2,val,2020,INB 101LFY/LFY (A632 X M16 S5),46.904066308534574,40.19169251865507,7
Logi-PINN,2,val,2020,INBRED 141,55.73585411725655,40.32637535837174,7
Logi-PINN,2,val,2020,INBRED 2-687,45.6295577308268,33.12744295535483,6
Logi-PINN,2,val,2020,INBRED 305,43.22916584221997,33.97193623046413,7
Logi-PINN,2,val,2020,INBRED 309,52.813804499626386,39.74211998209521,6
Logi-PINN,2,val,2020,INBRED 321,34.21713766640952,26.944391023875475,7
Logi-PINN,2,val,2020,Ia 453,29.66819769472017,26.74218710526377,7
Logi-PINN,2,val,2020,J47,52.56439889845699,37.62954613918304,7
Logi-PINN,2,val,2020,K150,20.752548595334137,18.765236511882843,7
Logi-PINN,2,val,2020,K41,46.47940474926382,38.75207953779324,7
Logi-PINN,2,val,2020,K47,46.60254412465654,33.456801177771986,7
Logi-PINN,2,val,2020,K55,31.232487261840365,23.452412318414748,7
Logi-PINN,2,val,2020,KUNG-70,25.211181417688017,18.53803206089526,7
Logi-PINN,2,val,2020,L 127,64.75372628937735,51.05506614029959,7
Logi-PINN,2,val,2020,L 135,33.68311222238496,27.43293235019535,7
Logi-PINN,2,val,2020,L 139,21.23258571726842,17.90993212236628,6
Logi-PINN,2,val,2020,L 155,60.62688823293438,48.70582642438442,7
Logi-PINN,2,val,2020,L 289,21.177848002249792,17.74209412278861,7
Logi-PINN,2,val,2020,LH1,44.973414435096075,37.56964893339962,7
Logi-PINN,2,val,2020,LH119,21.931180156728196,17.250603781814572,7
Logi-PINN,2,val,2020,LH128,63.92975813453852,49.10651820526332,7
Logi-PINN,2,val,2020,LH143 (Maintainer),18.75713688613076,10.244143998973966,6
Logi-PINN,2,val,2020,LH145,36.51777466376132,28.632881572418512,7
Logi-PINN,2,val,2020,LH146Ht,65.45431975738045,49.24423476933539,7
Logi-PINN,2,val,2020,LH149,29.55109632999793,22.798766819706856,6
Logi-PINN,2,val,2020,LH165,58.82609603730653,51.0000555672267,6
Logi-PINN,2,val,2020,LH166,51.183687926278154,41.61210478904843,7
Logi-PINN,2,val,2020,LH172,59.86388620854085,43.63640367626176,7
Logi-PINN,2,val,2020,LH184,58.066084875259655,39.50697469477326,7
Logi-PINN,2,val,2020,LH185,40.49301973897726,34.64824545290306,7
Logi-PINN,2,val,2020,LH190,35.44345338347607,28.667194586675766,7
Logi-PINN,2,val,2020,LH191,35.63791973579031,25.24246979874462,7
Logi-PINN,2,val,2020,LH192,16.65539732245424,13.418867031503765,7
Logi-PINN,2,val,2020,LH194,41.09903235371996,33.21094057868108,7
Logi-PINN,2,val,2020,LH195,30.541139516859744,22.067538560319097,7
Logi-PINN,2,val,2020,LH197,34.449371296706815,26.055925423804972,7
Logi-PINN,2,val,2020,LH198,39.56332446695877,32.419824111976325,7
Logi-PINN,2,val,2020,LH199,36.99319456551611,29.546488267116395,7
Logi-PINN,2,val,2020,LH202,28.454725244854604,24.547750644861463,5
Logi-PINN,2,val,2020,LH204,29.937197859217406,23.80519424711153,7
Logi-PINN,2,val,2020,LH205,66.08886733719234,52.93064830366552,7
Logi-PINN,2,val,2020,LH206,41.42467199094763,25.6280441560176,7
Logi-PINN,2,val,2020,LH208,31.899337239161824,26.22905436649874,7
Logi-PINN,2,val,2020,LH209,24.711013985135303,18.461339993246195,7
Logi-PINN,2,val,2020,LH213,83.30763982026221,57.230471314636326,7
Logi-PINN,2,val,2020,LH214,45.86192256639692,29.146895850601943,7
Logi-PINN,2,val,2020,LH215,78.52527743719776,62.191953889548635,7
Logi-PINN,2,val,2020,LH222,69.83823368182726,58.385003570171,7
Logi-PINN,2,val,2020,LH223,42.6645079346221,39.121576273033625,7
Logi-PINN,2,val,2020,LH224,62.62932761492665,49.511001288283616,6
Logi-PINN,2,val,2020,LH295,45.102228219465786,36.7622433807011,6
Logi-PINN,2,val,2020,LH59,52.06727674018643,36.666194836026726,7
Logi-PINN,2,val,2020,LH60,64.63710720280764,54.04999252165542,7
Logi-PINN,2,val,2020,LH61,38.68378277417877,28.938456460190714,7
Logi-PINN,2,val,2020,LH74,34.54672685648132,30.891800732981267,7
Logi-PINN,2,val,2020,LH82,43.91971251524146,35.35104367818251,7
Logi-PINN,2,val,2020,LH93,49.30713011523305,38.304061563882534,7
Logi-PINN,2,val,2020,LIBC 4,39.579683526922,34.059522803480924,6
Logi-PINN,2,val,2020,LP1 NR HT,31.433953710516086,19.154154575165215,7
Logi-PINN,2,val,2020,LP5,40.365143110214284,33.77975924093932,7
Logi-PINN,2,val,2020,Lp215D,64.75646777522243,45.2368128912802,7
Logi-PINN,2,val,2020,M14,25.06751666836792,21.553667171576766,7
Logi-PINN,2,val,2020,MBPM,38.85338895515619,29.65913960294187,7
Logi-PINN,2,val,2020,MBWZ,34.38000093529139,27.73493127843663,7
Logi-PINN,2,val,2020,MEF156-55-2,33.940733474997366,25.92687298659325,7
Logi-PINN,2,val,2020,ML606,42.072322737632724,25.4782485470742,7
Logi-PINN,2,val,2020,MM501D,41.097357619944134,32.463788912357835,7
Logi-PINN,2,val,2020,MQ305,54.828739670718086,38.518888624292764,7
Logi-PINN,2,val,2020,MS116,44.25656530062462,39.49658185390912,6
Logi-PINN,2,val,2020,MS132,24.987495686886334,21.367553441821485,7
Logi-PINN,2,val,2020,MS153,57.98558173166331,44.19486533637561,6
Logi-PINN,2,val,2020,MS200,27.658530906678102,20.381133639090656,7
Logi-PINN,2,val,2020,MS211,20.03295769935657,16.912638603828103,7
Logi-PINN,2,val,2020,MS221,42.00415519821186,35.65155506683499,7
Logi-PINN,2,val,2020,MS224,58.43065902193666,43.559683216899636,7
Logi-PINN,2,val,2020,MS225,20.454672848986146,18.80209733330816,7
Logi-PINN,2,val,2020,MS226,30.745501924687897,22.543862606705723,7
Logi-PINN,2,val,2020,MS24A,52.19184182063242,37.76782727945074,7
Logi-PINN,2,val,2020,MS67,25.37540597808072,14.149331817558558,7
Logi-PINN,2,val,2020,MS71,29.87607614567554,25.168136570468544,7
Logi-PINN,2,val,2020,MS72,20.305862320318862,19.420252880407872,5
Logi-PINN,2,val,2020,Mo46,32.88853749346329,28.094843250613064,7
Logi-PINN,2,val,2020,Mo47,37.96262955953301,34.39296113226816,7
Logi-PINN,2,val,2020,Mo5,61.16087324690603,43.41301441989541,7
Logi-PINN,2,val,2020,N192,25.154980496341206,20.73619062833503,7
Logi-PINN,2,val,2020,N193,31.919586885093402,29.174615005862115,7
Logi-PINN,2,val,2020,N201,52.19500087753678,44.141002455637754,6
Logi-PINN,2,val,2020,N211,58.89218463301983,49.808192242822656,6
Logi-PINN,2,val,2020,N217,80.05471224121803,63.95225592372314,7
Logi-PINN,2,val,2020,N28Ht,44.17982731544594,32.212237403832525,7
Logi-PINN,2,val,2020,N501,89.00459253181525,70.65949885590972,7
Logi-PINN,2,val,2020,N523,39.149505637912526,32.73653786002368,7
Logi-PINN,2,val,2020,N527,26.73737308529911,22.921459823486657,7
Logi-PINN,2,val,2020,N534,51.43578939092199,40.23265850252509,7
Logi-PINN,2,val,2020,N542,29.487942940439137,20.077868254272044,7
Logi-PINN,2,val,2020,N6,52.01588611053754,34.64954355925887,7
Logi-PINN,2,val,2020,NC262,48.88783257109281,37.67706176544785,7
Logi-PINN,2,val,2020,NC294,42.782563216742446,37.3966493824473,7
Logi-PINN,2,val,2020,NC310,27.81416979054834,19.053424500756563,7
Logi-PINN,2,val,2020,NC326,24.417121069116483,21.59943414758027,7
Logi-PINN,2,val,2020,NC328,45.02194718131776,36.8077118558526,6
Logi-PINN,2,val,2020,NC368,51.356784468305705,39.63154868832931,7
Logi-PINN,2,val,2020,NC412,21.21043089709594,19.379462832071187,7
Logi-PINN,2,val,2020,ND247,55.89601817041195,52.0536892598261,7
Logi-PINN,2,val,2020,ND265,29.861942803335094,24.82879416168004,7
Logi-PINN,2,val,2020,NK740,73.13730158400438,55.579650053183734,7
Logi-PINN,2,val,2020,NK778,33.41424400397472,28.31318483274892,7
Logi-PINN,2,val,2020,NK807,36.055443751671184,31.30584499687761,6
Logi-PINN,2,val,2020,NKS8326,46.908186713248085,34.70830191602774,6
Logi-PINN,2,val,2020,NORTH 7,74.09657825627167,67.4087726814238,6
Logi-PINN,2,val,2020,NQ508,53.13144162849446,40.14576124306619,7
Logi-PINN,2,val,2020,NS501,71.52480645366924,57.131239019450696,7
Logi-PINN,2,val,2020,NS701,80.3869561570281,65.34633185491339,7
Logi-PINN,2,val,2020,NY 166 (Neveh Yaar),15.76681202850104,13.082108734041006,7
Logi-PINN,2,val,2020,NY6371,16.3208950237435,12.466365551674963,7
Logi-PINN,2,val,2020,Ny821,25.381798499656238,22.75120542538002,7
Logi-PINN,2,val,2020,OH33,48.833291170866076,41.060185014030715,6
Logi-PINN,2,val,2020,OQ403,42.16586516708476,32.760993364596516,7
Logi-PINN,2,val,2020,OQ603,31.16224473290905,21.520426526284666,7
Logi-PINN,2,val,2020,OS602,68.20203275722243,45.910701371102924,7
Logi-PINN,2,val,2020,Oh40B,46.61480632335102,38.76406037526369,7
Logi-PINN,2,val,2020,Oh43,29.873263021171287,22.953486141248344,7
Logi-PINN,2,val,2020,Oh7,67.11281147649665,51.256346164642274,7
Logi-PINN,2,val,2020,Os420,61.990122471731446,53.870594967982285,5
Logi-PINN,2,val,2020,Os426,31.77632557268059,23.709134376781133,7
Logi-PINN,2,val,2020,PHB09,22.07873369117196,20.846137397501348,5
Logi-PINN,2,val,2020,PHB47,38.73058756650889,30.118617123853863,7
Logi-PINN,2,val,2020,PHBA6,49.17148254500772,38.30257216254204,7
Logi-PINN,2,val,2020,PHBB3,37.95947487196402,34.46914214908227,7
Logi-PINN,2,val,2020,PHBW8,88.21306466048827,65.22624654464722,7
Logi-PINN,2,val,2020,PHG29,45.65838999883224,41.919821994473764,5
Logi-PINN,2,val,2020,PHG47,20.121517617702636,17.288028248559684,7
Logi-PINN,2,val,2020,PHG50,42.19656549166634,32.01889216513128,7
Logi-PINN,2,val,2020,PHG71,41.863833302793,39.25214184891969,7
Logi-PINN,2,val,2020,PHG72,22.678369485879962,18.571255950422287,7
Logi-PINN,2,val,2020,PHG80,71.53049041836674,60.537000470252046,7
Logi-PINN,2,val,2020,PHG83,43.89896259643878,37.28647091828496,7
Logi-PINN,2,val,2020,PHG86,36.081256265228454,27.332277211291643,7
Logi-PINN,2,val,2020,PHGW7,36.94904395969923,29.947508647166043,7
Logi-PINN,2,val,2020,PHH93,69.49032582188246,51.77712511753902,7
Logi-PINN,2,val,2020,PHHV4,32.21366316834755,25.662190171149554,5
Logi-PINN,2,val,2020,PHJ70,55.961045194202946,43.53594309040814,7
Logi-PINN,2,val,2020,PHJ89,41.15492338804819,32.86917416921094,7
Logi-PINN,2,val,2020,PHJ90,32.78286946731786,28.95851497274369,7
Logi-PINN,2,val,2020,PHJR5,54.99886079313725,48.41736522345229,7
Logi-PINN,2,val,2020,PHK35,55.37937119947231,38.48442853165314,6
Logi-PINN,2,val,2020,PHK42,48.517757754254816,37.07349071553693,7
Logi-PINN,2,val,2020,PHK56,41.441971399482824,36.78848655474745,6
Logi-PINN,2,val,2020,PHK74,40.63215099025177,26.892531465513553,7
Logi-PINN,2,val,2020,PHKE6,22.364462999857416,20.335187469488382,7
Logi-PINN,2,val,2020,PHM10,64.00967579451154,51.15882109574318,7
Logi-PINN,2,val,2020,PHN11,26.478899724358048,21.60828925913334,6
Logi-PINN,2,val,2020,PHN29,35.13923112250143,27.843382967919858,7
Logi-PINN,2,val,2020,PHN66,41.92957730051876,35.777543060788666,6
Logi-PINN,2,val,2020,PHP02,28.898210674468483,21.994412678004654,7
Logi-PINN,2,val,2020,PHP55,13.30031527404675,12.47081094923839,7
Logi-PINN,2,val,2020,PHP76,35.140185798541296,25.29867189288989,7
Logi-PINN,2,val,2020,PHP85,33.88993438848167,24.650876793676613,7
Logi-PINN,2,val,2020,PHPR5,34.798772440781036,28.183768888522536,7
Logi-PINN,2,val,2020,PHR03,76.50448481423221,60.920224055742615,6
Logi-PINN,2,val,2020,PHR30,55.30284563857293,47.53224761142004,5
Logi-PINN,2,val,2020,PHR31,63.7811250588304,48.286487338722644,7
Logi-PINN,2,val,2020,PHR36,50.48541176742458,37.89203404248878,6
Logi-PINN,2,val,2020,PHR47,26.07171612886501,22.56118480973348,7
Logi-PINN,2,val,2020,PHR58,72.09670715669783,56.09906089786166,5
Logi-PINN,2,val,2020,PHR63,41.59265480727267,33.33123905951411,7
Logi-PINN,2,val,2020,PHT10,47.65808803826427,38.04382265660092,7
Logi-PINN,2,val,2020,PHT47,85.81064095017913,67.05508338150412,7
Logi-PINN,2,val,2020,PHT55,78.01695639490289,55.47164704585433,7
Logi-PINN,2,val,2020,PHTM9,30.568542007606016,25.081685200535954,7
Logi-PINN,2,val,2020,PHV37,38.99467272975603,32.06866469986483,7
Logi-PINN,2,val,2020,PHV57,59.668790998067976,48.6102952915299,7
Logi-PINN,2,val,2020,PHV63,58.704179958757976,42.294885460311775,7
Logi-PINN,2,val,2020,PHVA9,71.9411262537479,52.6815566345416,7
Logi-PINN,2,val,2020,PHW03,46.09969669113219,35.506407320949734,7
Logi-PINN,2,val,2020,PHW17,72.02919275415194,49.53982927181259,7
Logi-PINN,2,val,2020,PHW20,25.789744630423172,17.010697995458095,7
Logi-PINN,2,val,2020,PHW30,76.4912058255542,49.89089420002654,7
Logi-PINN,2,val,2020,PHW52,48.43327374887376,37.32349138491645,7
Logi-PINN,2,val,2020,PHW53,39.142263348955446,33.16189226534933,7
Logi-PINN,2,val,2020,PHW79,55.078141527891404,44.30182351315007,7
Logi-PINN,2,val,2020,PHW80,27.049768485674747,23.48013193911284,7
Logi-PINN,2,val,2020,PHW86,43.81963007539234,33.20876512184814,7
Logi-PINN,2,val,2020,PHZ51,37.14093791720554,31.726767036901567,7
Logi-PINN,2,val,2020,Pa392,64.86726311963999,57.24323874218971,7
Logi-PINN,2,val,2020,Pa405,68.26784643610786,50.687750447147195,7
Logi-PINN,2,val,2020,Pa762,28.603538144175356,22.44951601335481,7
Logi-PINN,2,val,2020,Pa875,48.056110445448645,33.2252011310783,7
Logi-PINN,2,val,2020,Pa880,54.79146362191253,39.97711167490393,7
Logi-PINN,2,val,2020,Pa91,60.114565155293995,49.32586885680735,7
Logi-PINN,2,val,2020,Q381,28.96259461361565,20.264710394370407,7
Logi-PINN,2,val,2020,R168,43.243888954277814,33.30209659509793,7
Logi-PINN,2,val,2020,R181B,43.42857554731864,36.919439142263094,7
Logi-PINN,2,val,2020,R226,43.90547627657332,35.143132094371325,7
Logi-PINN,2,val,2020,R227,38.86366097918749,30.063712670626494,7
Logi-PINN,2,val,2020,R71,19.80037649008216,17.325768747651725,7
Logi-PINN,2,val,2020,R78,31.303767692381715,22.466431423641442,7
Logi-PINN,2,val,2020,S8326,31.46878115371642,22.521215483593792,6
Logi-PINN,2,val,2020,SD101,30.154619580982747,26.99467135137856,7
Logi-PINN,2,val,2020,SD102,28.253145423611933,24.461669298074394,7
Logi-PINN,2,val,2020,SD107,61.24237499870852,43.92188700538873,7
Logi-PINN,2,val,2020,SD40,34.76506137567102,27.953129505693465,7
Logi-PINN,2,val,2020,SD44,27.234998840858193,22.804839233088792,7
Logi-PINN,2,val,2020,SG 30A,23.736942321659388,19.029642019414457,7
Logi-PINN,2,val,2020,Seagull Seventeen,61.898636568592686,50.62065656268873,6
Logi-PINN,2,val,2020,T242,36.75361084870179,31.698641088900267,7
Logi-PINN,2,val,2020,TZU-CHIAO-HSI-WU 105,23.68081379632774,21.20994685372308,7
Logi-PINN,2,val,2020,Tr,72.76462791583819,54.77727790128619,7
Logi-PINN,2,val,2020,Va26,28.03253207139266,24.91303609781161,7
Logi-PINN,2,val,2020,Va35,30.34336164682833,24.68566408917323,7
Logi-PINN,2,val,2020,Va52,50.086759356515344,43.95486142019123,7
Logi-PINN,2,val,2020,Va59,40.525840251263936,27.57449994760841,7
Logi-PINN,2,val,2020,Va99,46.31699690751317,35.507256745151736,7
Logi-PINN,2,val,2020,VaW6,29.13861172690662,22.949418213837145,7
Logi-PINN,2,val,2020,W117Ht,31.029981202308505,19.887762928924264,7
Logi-PINN,2,val,2020,W153R,84.03885861379538,65.18950580620496,7
Logi-PINN,2,val,2020,W22,53.989730683723955,40.92928874450326,7
Logi-PINN,2,val,2020,W23,31.041513879285905,26.299592413984094,7
Logi-PINN,2,val,2020,W24,23.767491672144075,19.63199176022619,7
Logi-PINN,2,val,2020,W32,27.317999619923906,21.095044582548812,6
Logi-PINN,2,val,2020,W37A,39.60953909425428,26.427320214878616,7
Logi-PINN,2,val,2020,W552,39.59467643599281,30.27486440051012,7
Logi-PINN,2,val,2020,W603S,49.812955693565264,35.80553589354515,7
Logi-PINN,2,val,2020,W604S,36.12189900846469,26.168954695220595,7
Logi-PINN,2,val,2020,W605S,69.22484296256457,56.99762730753139,6
Logi-PINN,2,val,2020,W607S,34.228443684090955,28.063683578256367,7
Logi-PINN,2,val,2020,W610S,65.71640684094254,51.63740344691232,7
Logi-PINN,2,val,2020,W612S,39.62941999316786,25.520889176576436,7
Logi-PINN,2,val,2020,W614S,42.16458549080223,33.728852433997396,7
Logi-PINN,2,val,2020,W64A,37.31798056666768,31.51103144167364,5
Logi-PINN,2,val,2020,W701BC,26.31869055840003,21.942281769336013,7
Logi-PINN,2,val,2020,W809G,53.17926560346835,41.1002990137902,7
Logi-PINN,2,val,2020,W810G,35.27559825587747,29.599196318804474,7
Logi-PINN,2,val,2020,W812G,37.13756002720705,26.973377101150902,6
Logi-PINN,2,val,2020,W813G,22.204563549051258,21.617464747120586,7
Logi-PINN,2,val,2020,W814G,89.91310729887354,66.23065971188485,7
Logi-PINN,2,val,2020,W8304,34.75191203155914,28.333059574896918,6
Logi-PINN,2,val,2020,W9,34.77464021010737,19.573536015677604,7
Logi-PINN,2,val,2020,WIL900,69.55061065863313,56.04989454947367,7
Logi-PINN,2,val,2020,WR3,44.63841321931132,35.84525031485125,7
Logi-PINN,2,val,2020,WU-TAN-TZAO,33.560963425405454,23.44911794882476,7
Logi-PINN,2,val,2020,YE 4,50.23776098053907,41.11391105602041,6
Logi-PINN,2,val,2020,YING-55,86.39292921201306,75.22657771622747,7
Logi-PINN,2,val,2020,Yu796 NS,44.634194707946136,37.84430990003631,7
Logi-PINN,2,val,2020,ZS635,67.59201825274818,52.988598427488206,6
Logi-PINN,2,test,2021,1538,152.39127846220504,120.5704246661775,10
Logi-PINN,2,test,2021,2369,148.24845972297763,106.36288848709037,10
Logi-PINN,2,test,2021,29MIBZ2,100.99932002611142,79.46410283917295,10
Logi-PINN,2,test,2021,2FACC,127.78514625466302,98.17674626253368,10
Logi-PINN,2,test,2021,2FADB,91.39843702527962,62.995186775789605,10
Logi-PINN,2,test,2021,2MA22,152.26525421666477,109.08029164478341,10
Logi-PINN,2,test,2021,2MCDB,181.57150998511202,145.45546675212324,9
Logi-PINN,2,test,2021,3IJI1,126.24714678367795,91.26244950207666,10
Logi-PINN,2,test,2021,4226,184.285807684152,143.88918220415084,10
Logi-PINN,2,test,2021,4F-306 108,165.76123785684496,118.40513595549753,9
Logi-PINN,2,test,2021,4N506,133.6769145614038,104.80519241680193,10
Logi-PINN,2,test,2021,6F629,187.90852424263474,155.78241383244628,10
Logi-PINN,2,test,2021,6M502,159.25230421558678,122.72199862282164,10
Logi-PINN,2,test,2021,6M502A,187.70270206653294,151.78784576722222,10
Logi-PINN,2,test,2021,764,145.46131459031125,113.58859211898721,10
Logi-PINN,2,test,2021,78010,166.2970310885381,131.58497917964345,10
Logi-PINN,2,test,2021,78551S,108.50079092075933,78.78648362102514,9
Logi-PINN,2,test,2021,790,136.967661209568,104.52643983196397,10
Logi-PINN,2,test,2021,793,133.3220079137011,100.98951625349589,10
Logi-PINN,2,test,2021,87916W,166.46724389636464,138.28631350673788,9
Logi-PINN,2,test,2021,911,116.04982028104448,84.45515412654757,10
Logi-PINN,2,test,2021,912,144.29285915334117,107.24347482826315,10
Logi-PINN,2,test,2021,91IFC2,136.14590770168826,104.74668733583391,10
Logi-PINN,2,test,2021,A,165.41816030093074,135.8545067899292,10
Logi-PINN,2,test,2021,A208,155.20061054123303,107.04947234467663,10
Logi-PINN,2,test,2021,A239,146.56160411878002,108.63972039831238,10
Logi-PINN,2,test,2021,A258,183.94220119231758,155.35554991886204,10
Logi-PINN,2,test,2021,A272,153.58484173410713,116.83084941781976,10
Logi-PINN,2,test,2021,A305,133.62450109256736,99.56184468751279,10
Logi-PINN,2,test,2021,A321,190.4926164257138,131.99835079265944,10
Logi-PINN,2,test,2021,A322,92.73373511189791,59.20865009809707,10
Logi-PINN,2,test,2021,A334,132.43467470385207,102.60008551284605,10
Logi-PINN,2,test,2021,A340,121.07513702045864,95.15350100915919,10
Logi-PINN,2,test,2021,A374,110.41214825998782,80.84756571530502,10
Logi-PINN,2,test,2021,A385,90.34992220142234,61.67634436944195,10
Logi-PINN,2,test,2021,A427,77.89181283103518,53.91460100616342,10
Logi-PINN,2,test,2021,A548,93.02209475171989,63.112267311938936,10
Logi-PINN,2,test,2021,A556,127.96300565832091,99.3084668936813,10
Logi-PINN,2,test,2021,A572,112.22044738271346,73.97251821749796,10
Logi-PINN,2,test,2021,A619,112.02437893158702,80.76686473777288,10
Logi-PINN,2,test,2021,A627,218.4847766391685,181.10816280898723,10
Logi-PINN,2,test,2021,A632,185.92264881989936,155.4592571100321,9
Logi-PINN,2,test,2021,A634,130.5934552995273,109.17147609945712,10
Logi-PINN,2,test,2021,A635,136.1966781947365,104.86526593046901,10
Logi-PINN,2,test,2021,A641,99.2854770892862,69.47047616118309,10
Logi-PINN,2,test,2021,A648,211.19438930804037,174.44471428036002,9
Logi-PINN,2,test,2021,A649,116.06387654287776,83.17533878278739,10
Logi-PINN,2,test,2021,A659,156.95504306710583,123.12958716969524,10
Logi-PINN,2,test,2021,A663,139.84519570454876,108.24904055941938,10
Logi-PINN,2,test,2021,A672,132.06442346785713,109.53910968670812,10
Logi-PINN,2,test,2021,A674,100.58085661417294,70.29680105161349,10
Logi-PINN,2,test,2021,A679,187.18298502726245,146.16378038571247,10
Logi-PINN,2,test,2021,A680,145.2495185034255,109.54198232299977,10
Logi-PINN,2,test,2021,A682,124.38842108339463,91.15963245058344,10
Logi-PINN,2,test,2021,A71,121.14983625224993,94.50475339124486,10
Logi-PINN,2,test,2021,A73,152.91255125979808,127.33126915122507,10
Logi-PINN,2,test,2021,AQA3,75.27426876806268,52.697834115616594,10
Logi-PINN,2,test,2021,AS6103,139.9670023977258,111.197981395125,10
Logi-PINN,2,test,2021,AusTRCF 306238,151.66765431266694,120.3357887851432,9
Logi-PINN,2,test,2021,B-18 INBR.FR.SUPERGOLD,99.91170402250421,72.7719393508581,10
Logi-PINN,2,test,2021,B-28,96.95034761920223,74.79139256389774,10
Logi-PINN,2,test,2021,B103,113.27827023094726,85.97256095970006,10
Logi-PINN,2,test,2021,B104,152.8449589675524,125.03802962248596,10
Logi-PINN,2,test,2021,B105,187.09585623088296,152.35097989654554,10
Logi-PINN,2,test,2021,B107,140.61974746343478,103.65017857265255,10
Logi-PINN,2,test,2021,B108,129.88135753560107,103.44399744048005,10
Logi-PINN,2,test,2021,B110,172.74649664016417,140.21284958970622,9
Logi-PINN,2,test,2021,B111,135.35888965027462,105.84938740075631,10
Logi-PINN,2,test,2021,B114,157.58157346990478,101.17366243753659,10
Logi-PINN,2,test,2021,B115,205.52090573935942,172.55496103210797,9
Logi-PINN,2,test,2021,B119,180.68761304765007,142.97976980325916,10
Logi-PINN,2,test,2021,B120,214.88896592216125,181.6824691704845,10
Logi-PINN,2,test,2021,B121,107.11290271675851,77.9940884774119,10
Logi-PINN,2,test,2021,B14,179.2561120914183,131.90183223325994,10
Logi-PINN,2,test,2021,B14A,173.26150845378345,142.25992250943736,9
Logi-PINN,2,test,2021,B164,129.63563057032508,106.00916683923533,10
Logi-PINN,2,test,2021,B2,174.60169512857067,126.56038831688755,9
Logi-PINN,2,test,2021,B37,191.39392000433523,157.8497599557278,10
Logi-PINN,2,test,2021,B46,156.7669765266721,121.91948009069861,10
Logi-PINN,2,test,2021,B57,177.4710019262406,150.0756294276756,10
Logi-PINN,2,test,2021,B65,168.03412559172153,121.95784674342295,10
Logi-PINN,2,test,2021,B66,143.81530069408583,110.24267914261918,10
Logi-PINN,2,test,2021,B68,200.10861433360523,168.10697046231877,9
Logi-PINN,2,test,2021,B70,135.9785419697858,103.38020126124998,10
Logi-PINN,2,test,2021,B75,105.91363527977134,80.6204924557522,9
Logi-PINN,2,test,2021,B76,115.68635358938478,79.21768362149177,10
Logi-PINN,2,test,2021,B77,181.7460932228445,152.2635360267947,10
Logi-PINN,2,test,2021,B79,155.9803681783505,124.38404824826118,10
Logi-PINN,2,test,2021,B84,178.213624193355,146.2538745106889,9
Logi-PINN,2,test,2021,B85,156.88632097007172,105.06213876970142,10
Logi-PINN,2,test,2021,B87,103.91534500343988,70.62925795800491,10
Logi-PINN,2,test,2021,B88,137.2148596388375,104.66126476987729,10
Logi-PINN,2,test,2021,B91,119.26797528376953,90.73067816221784,10
Logi-PINN,2,test,2021,B97,189.50317810933032,154.10002996903063,10
Logi-PINN,2,test,2021,BEI 10 = NORTH 10,140.2838971009717,105.55994119355641,10
Logi-PINN,2,test,2021,BO9,82.75881580167764,59.007517012505375,10
Logi-PINN,2,test,2021,C103,172.34457523182874,123.93223439540286,10
Logi-PINN,2,test,2021,C123,110.31094182537669,81.49088409298295,10
Logi-PINN,2,test,2021,CA-4,109.25428859055256,78.17599180920902,10
Logi-PINN,2,test,2021,CG102,129.61477876338384,100.59280084838954,10
Logi-PINN,2,test,2021,CH157,90.74654452525294,59.35732442055005,10
Logi-PINN,2,test,2021,CH701-30,137.78327236197345,99.05013846942539,10
Logi-PINN,2,test,2021,CH711-10,119.31901922026329,82.95764723124907,10
Logi-PINN,2,test,2021,CH9,168.9281777633215,123.09278732063731,10
Logi-PINN,2,test,2021,CI 40H,149.5789872852142,115.86707749841612,10
Logi-PINN,2,test,2021,CM105,108.69502330536277,86.24739246279023,10
Logi-PINN,2,test,2021,CO257,225.80158769592754,197.82193577527545,9
Logi-PINN,2,test,2021,CO258,144.87159665451858,121.67911403278413,10
Logi-PINN,2,test,2021,CQ702RC,191.4470971602361,139.8084014921028,10
Logi-PINN,2,test,2021,CR 22 INBRED,104.26898834615564,79.52751130861657,10
Logi-PINN,2,test,2021,CS405,103.81704270854289,71.31050152054108,10
Logi-PINN,2,test,2021,DE2,108.70452110884061,91.48560385192533,10
Logi-PINN,2,test,2021,DE4,125.42034918963081,90.87536689322746,10
Logi-PINN,2,test,2021,DE811,162.624714257123,132.54751726966788,10
Logi-PINN,2,test,2021,DJ7,192.70050000172986,164.1351272586822,10
Logi-PINN,2,test,2021,DK3IIH6,153.7562810540787,122.97850806914667,10
Logi-PINN,2,test,2021,DK4676A,118.27543061970245,82.56775388935144,10
Logi-PINN,2,test,2021,DK78002A,158.30644276163147,125.30681480774683,10
Logi-PINN,2,test,2021,DK78010,160.80936586944227,127.00265448139798,10
Logi-PINN,2,test,2021,DKFAPW,83.65500971761564,60.89487522065745,10
Logi-PINN,2,test,2021,DKFBHJ,181.75130342349846,141.5109123805331,10
Logi-PINN,2,test,2021,DKMBNA,101.59681369147182,67.06626268833443,10
Logi-PINN,2,test,2021,DKPB80,121.86506304616442,91.87632604566895,10
Logi-PINN,2,test,2021,E8501,194.40680476095477,162.1119935901273,9
Logi-PINN,2,test,2021,EAST 028,130.30908787687403,97.07521095600335,10
Logi-PINN,2,test,2021,Eng-Li Chih,92.8948445721294,71.74409496827577,10
Logi-PINN,2,test,2021,F118,145.50148170539293,120.12145152056962,10
Logi-PINN,2,test,2021,F2834T,187.58468224741046,160.61748523724907,10
Logi-PINN,2,test,2021,FBLA,179.78541082378945,145.9555518852223,10
Logi-PINN,2,test,2021,FR19,158.13256439937706,125.5516874217673,10
Logi-PINN,2,test,2021,G80,140.49955681678998,106.55066806570116,10
Logi-PINN,2,test,2021,H110,135.49128776305764,101.18263026263904,10
Logi-PINN,2,test,2021,H113,109.45743119653572,85.05617434394397,10
Logi-PINN,2,test,2021,H121,98.81849779518507,77.46415370903729,10
Logi-PINN,2,test,2021,H122w,134.1082178485086,106.3923273889171,10
Logi-PINN,2,test,2021,H42,176.8303863562657,125.04320245297284,10
Logi-PINN,2,test,2021,H5,154.9248986494006,112.66112742914818,10
Logi-PINN,2,test,2021,H71,171.68126666786375,131.50996678435612,10
Logi-PINN,2,test,2021,H84,251.59650151834276,206.82301015946032,10
Logi-PINN,2,test,2021,H91,147.65175387094084,111.11318600676407,10
Logi-PINN,2,test,2021,H95,137.97042646516516,99.5607164194536,10
Logi-PINN,2,test,2021,H96,212.39020370342394,177.28254824288646,10
Logi-PINN,2,test,2021,H99,103.59300197162683,73.57234372432212,10
Logi-PINN,2,test,2021,HP301,195.63145761179197,167.81434260942132,10
Logi-PINN,2,test,2021,HUANYAO,170.98902540230964,139.62354798205675,10
Logi-PINN,2,test,2021,I29,90.22433206675922,58.53336325659079,10
Logi-PINN,2,test,2021,IA2132,136.54256725127829,94.43513342005456,10
Logi-PINN,2,test,2021,IBB14,152.3625871744576,97.96034881458509,10
Logi-PINN,2,test,2021,IBB15,167.58195384972257,135.0176345642748,10
Logi-PINN,2,test,2021,IBC2,193.2446943001242,152.0932405305198,10
Logi-PINN,2,test,2021,ICI 193,152.90174803521393,116.4911491803592,10
Logi-PINN,2,test,2021,ICI 740,167.10085455411627,122.71045171312298,10
Logi-PINN,2,test,2021,ICI 893,165.11542156447354,134.32180008150655,10
Logi-PINN,2,test,2021,ICI 986,132.0031841683165,90.29750761137629,10
Logi-PINN,2,test,2021,IDS28,138.93299812787723,107.31021466961131,10
Logi-PINN,2,test,2021,IDS69,154.63253397033716,126.89850165927822,9
Logi-PINN,2,test,2021,IDS91,167.20573892222333,135.47564037048718,10
Logi-PINN,2,test,2021,INB 101LFY/LFY (A632 X M16 S5),92.8405925382744,78.40479857677622,10
Logi-PINN,2,test,2021,INBRED 141,203.95666446197697,160.4025096090551,10
Logi-PINN,2,test,2021,INBRED 2-687,181.4632393411865,144.20579578995807,10
Logi-PINN,2,test,2021,INBRED 305,175.9825659252122,138.72071231204671,10
Logi-PINN,2,test,2021,INBRED 309,222.94501461820082,172.3568433222746,10
Logi-PINN,2,test,2021,INBRED 321,164.61721468671396,136.54716469510163,9
Logi-PINN,2,test,2021,Ia 453,128.23600185656224,111.87647515043629,10
Logi-PINN,2,test,2021,J47,210.56282971457665,165.15075226686065,10
Logi-PINN,2,test,2021,K150,126.10011525208611,97.86165321586374,10
Logi-PINN,2,test,2021,K41,208.43010944753902,175.27067394165547,10
Logi-PINN,2,test,2021,K47,169.4603223555718,144.05619324466343,10
Logi-PINN,2,test,2021,K55,164.20747300132064,129.28464065213387,10
Logi-PINN,2,test,2021,KUNG-70,117.7575226758361,80.12366527948328,10
Logi-PINN,2,test,2021,L 127,106.27684860068952,68.63634331694416,10
Logi-PINN,2,test,2021,L 135,149.4556789674858,111.87633309878342,10
Logi-PINN,2,test,2021,L 139,116.67317341337031,80.6154448435801,10
Logi-PINN,2,test,2021,L 155,153.49304948947952,119.35814282850481,10
Logi-PINN,2,test,2021,L 289,152.28526480442173,113.57366724704835,10
Logi-PINN,2,test,2021,LH1,106.40661537948932,76.45061581757474,10
Logi-PINN,2,test,2021,LH119,111.89927918662926,77.85871846515177,10
Logi-PINN,2,test,2021,LH128,154.73712539450517,134.62795527727604,10
Logi-PINN,2,test,2021,LH143 (Maintainer),106.11538302859846,68.91104514903013,10
Logi-PINN,2,test,2021,LH145,148.3809242684313,125.66129113215818,9
Logi-PINN,2,test,2021,LH146Ht,88.06649004144886,59.211937486118266,10
Logi-PINN,2,test,2021,LH149,93.79581694789356,67.62521183260995,10
Logi-PINN,2,test,2021,LH165,151.76180340514418,130.92285032499137,9
Logi-PINN,2,test,2021,LH166,134.24787146441258,96.75695237295938,10
Logi-PINN,2,test,2021,LH172,195.48680668202164,159.27938831580954,10
Logi-PINN,2,test,2021,LH184,123.08895513089007,85.87920533022228,10
Logi-PINN,2,test,2021,LH185,163.87081581264724,116.44035887252839,10
Logi-PINN,2,test,2021,LH190,160.50936794327353,118.08843107145677,10
Logi-PINN,2,test,2021,LH191,152.12138893705892,116.50028316679868,10
Logi-PINN,2,test,2021,LH192,148.58223975388876,100.12360749709565,10
Logi-PINN,2,test,2021,LH194,169.07391638809258,136.32870271969077,9
Logi-PINN,2,test,2021,LH195,154.39025108007021,119.18431949897982,10
Logi-PINN,2,test,2021,LH197,128.01996885574314,106.43807779533067,10
Logi-PINN,2,test,2021,LH198,112.28882678813629,84.05466034295937,10
Logi-PINN,2,test,2021,LH199,182.37987793457134,163.3164250829401,9
Logi-PINN,2,test,2021,LH202,105.1031052500519,82.72883003787248,10
Logi-PINN,2,test,2021,LH204,184.07772510466714,150.00099138410647,10
Logi-PINN,2,test,2021,LH205,188.4235678032972,151.97138077438856,9
Logi-PINN,2,test,2021,LH206,118.57677692504515,81.96833826918044,10
Logi-PINN,2,test,2021,LH208,157.15046555051975,130.90243467158018,10
Logi-PINN,2,test,2021,LH209,114.5320654892546,77.27287431653909,10
Logi-PINN,2,test,2021,LH213,77.90370874559336,64.45373567948779,10
Logi-PINN,2,test,2021,LH214,115.6088302654876,89.50863287986412,10
Logi-PINN,2,test,2021,LH215,181.07240835812325,146.29865093654183,10
Logi-PINN,2,test,2021,LH222,149.00260128391295,122.12964290463594,10
Logi-PINN,2,test,2021,LH223,107.70508445830802,82.01224167830046,10
Logi-PINN,2,test,2021,LH224,157.66205735530616,124.1271615179591,10
Logi-PINN,2,test,2021,LH295,132.7069156208732,100.94101375921164,10
Logi-PINN,2,test,2021,LH59,157.00910704079536,110.04697236500502,10
Logi-PINN,2,test,2021,LH60,156.54588351013086,121.60942890028517,10
Logi-PINN,2,test,2021,LH61,133.2695671014918,94.24543386348448,10
Logi-PINN,2,test,2021,LH74,173.48725217272752,142.10184171767256,10
Logi-PINN,2,test,2021,LH82,143.6834269663021,109.02009465043643,10
Logi-PINN,2,test,2021,LH93,161.29016127676002,133.00663635683853,10
Logi-PINN,2,test,2021,LIBC 4,143.49377328035825,118.51818097940095,10
Logi-PINN,2,test,2021,LP1 NR HT,192.00724901022423,155.79028043143256,10
Logi-PINN,2,test,2021,LP5,95.14685451254286,70.4560047899306,10
Logi-PINN,2,test,2021,Lp215D,119.40866223744308,90.816718783187,10
Logi-PINN,2,test,2021,M14,109.8041460440659,80.66180157597064,10
Logi-PINN,2,test,2021,MBPM,169.20808875723202,145.57765962734456,10
Logi-PINN,2,test,2021,MBWZ,181.50768929992503,151.5495159640022,9
Logi-PINN,2,test,2021,MEF156-55-2,127.6352626352318,79.37965280574784,10
Logi-PINN,2,test,2021,ML606,112.6443962196674,82.40415925625118,10
Logi-PINN,2,test,2021,MM501D,105.82951828862454,83.94534475415486,10
Logi-PINN,2,test,2021,MQ305,126.14226743417817,96.12209910088768,10
Logi-PINN,2,test,2021,MS116,138.36520712366948,98.78463285282866,10
Logi-PINN,2,test,2021,MS132,127.75037421514415,92.1650854526757,10
Logi-PINN,2,test,2021,MS153,208.13854900560636,174.22559765100164,10
Logi-PINN,2,test,2021,MS200,135.19942707720708,96.81737091575576,10
Logi-PINN,2,test,2021,MS211,117.29698678285821,80.85046637095942,10
Logi-PINN,2,test,2021,MS221,153.34056837393587,126.91842208674373,10
Logi-PINN,2,test,2021,MS224,142.54398906524244,113.30171196412182,10
Logi-PINN,2,test,2021,MS225,118.76205099802995,88.15569872844587,10
Logi-PINN,2,test,2021,MS226,147.27410232541817,104.04560704191313,10
Logi-PINN,2,test,2021,MS24A,87.82741734701105,57.11882951365694,10
Logi-PINN,2,test,2021,MS67,181.88724272723388,152.16915964541695,10
Logi-PINN,2,test,2021,MS71,158.41077235750564,118.54240078621164,10
Logi-PINN,2,test,2021,MS72,124.1131815173537,81.44452182188115,10
Logi-PINN,2,test,2021,Mo46,198.00172002698832,159.4081829004142,10
Logi-PINN,2,test,2021,Mo47,98.27451535907552,68.16990563739293,10
Logi-PINN,2,test,2021,Mo5,148.42982376769515,124.88892621281552,10
Logi-PINN,2,test,2021,N192,134.7947765352455,108.10072918545556,10
Logi-PINN,2,test,2021,N193,97.59756004071542,64.82549593241536,10
Logi-PINN,2,test,2021,N201,164.96708118545138,132.71144227060296,10
Logi-PINN,2,test,2021,N211,94.89595782287903,74.9059161702958,10
Logi-PINN,2,test,2021,N217,160.02274261894345,129.23382167332724,10
Logi-PINN,2,test,2021,N28Ht,217.68415806987136,187.70997949125098,10
Logi-PINN,2,test,2021,N501,175.08281992201512,137.7427694370452,10
Logi-PINN,2,test,2021,N523,135.88986813001338,108.87954985285016,10
Logi-PINN,2,test,2021,N527,148.9607199959632,108.49384866374426,10
Logi-PINN,2,test,2021,N534,175.0507286672246,134.34121228696534,10
Logi-PINN,2,test,2021,N542,175.66972982676603,152.97920007320357,10
Logi-PINN,2,test,2021,N6,202.84904741236568,180.28790639123105,8
Logi-PINN,2,test,2021,NC262,138.17648975395963,99.68256846482998,9
Logi-PINN,2,test,2021,NC294,154.6277733728774,124.44446581363795,10
Logi-PINN,2,test,2021,NC310,120.49079771303359,95.09741145790272,10
Logi-PINN,2,test,2021,NC326,167.4679417750285,128.6538185844216,10
Logi-PINN,2,test,2021,NC328,165.90803902125407,135.0378919119067,10
Logi-PINN,2,test,2021,NC368,191.79222637662528,173.673914282246,9
Logi-PINN,2,test,2021,NC412,170.18943898948444,125.55768975571323,10
Logi-PINN,2,test,2021,ND247,108.61707879089485,75.3618615397281,9
Logi-PINN,2,test,2021,ND265,96.20973882336679,75.30388397575432,10
Logi-PINN,2,test,2021,NK740,229.54179338424518,181.66181238403055,10
Logi-PINN,2,test,2021,NK778,115.6888266751667,81.1203886210562,10
Logi-PINN,2,test,2021,NK807,149.33105434830597,114.8834561411727,10
Logi-PINN,2,test,2021,NKS8326,177.51771953625052,146.58565196563478,10
Logi-PINN,2,test,2021,NORTH 7,173.68567024296036,132.61840951540952,10
Logi-PINN,2,test,2021,NQ508,185.7814026659771,151.26362238755044,10
Logi-PINN,2,test,2021,NS501,174.5812977876591,139.55643346318388,10
Logi-PINN,2,test,2021,NS701,273.1282971096778,242.86110625158204,10
Logi-PINN,2,test,2021,NY 166 (Neveh Yaar),143.9615715680534,108.09117653760805,10
Logi-PINN,2,test,2021,NY6371,177.35551442004183,138.04069769179162,10
Logi-PINN,2,test,2021,Ny821,108.36925758783741,76.18119759020036,10
Logi-PINN,2,test,2021,OH33,190.34216712686487,145.9012679538284,10
Logi-PINN,2,test,2021,OQ403,159.73605271869621,111.79842232848753,10
Logi-PINN,2,test,2021,OQ603,137.76919093606247,103.63831595641349,10
Logi-PINN,2,test,2021,OS602,139.97229788408364,100.0716299502213,10
Logi-PINN,2,test,2021,Oh40B,189.5680160563733,137.5172568994367,10
Logi-PINN,2,test,2021,Oh43,98.48222104907714,67.24756849093124,10
Logi-PINN,2,test,2021,Oh7,180.69433450986955,138.68190419145628,10
Logi-PINN,2,test,2021,Os420,133.03474179185451,102.08910975302858,10
Logi-PINN,2,test,2021,Os426,148.18210624850332,111.11668777549069,10
Logi-PINN,2,test,2021,PHB09,126.45505668702765,88.17226175568412,10
Logi-PINN,2,test,2021,PHB47,104.87123966992277,75.02015176370962,10
Logi-PINN,2,test,2021,PHBA6,152.3828508542598,120.68593057930339,10
Logi-PINN,2,test,2021,PHBB3,162.93602427882678,133.92858025480254,10
Logi-PINN,2,test,2021,PHBW8,125.09585135038783,101.80026628793367,10
Logi-PINN,2,test,2021,PHG29,155.25817751835888,123.54446042506893,10
Logi-PINN,2,test,2021,PHG47,123.2057193355088,88.57533976437176,9
Logi-PINN,2,test,2021,PHG50,111.60937233347887,80.89782593589003,10
Logi-PINN,2,test,2021,PHG71,135.27565259297486,99.80081303535681,10
Logi-PINN,2,test,2021,PHG72,125.78422134163114,91.58304053416364,10
Logi-PINN,2,test,2021,PHG80,185.07305845568402,160.31167311576957,10
Logi-PINN,2,test,2021,PHG83,97.56740378918309,67.11190883665418,10
Logi-PINN,2,test,2021,PHG86,213.41376560643317,181.5657842720808,9
Logi-PINN,2,test,2021,PHGW7,193.9219724184893,138.74289224409026,10
Logi-PINN,2,test,2021,PHH93,185.9739706174623,151.27291489697356,9
Logi-PINN,2,test,2021,PHHV4,163.42632786618984,126.93181566792941,10
Logi-PINN,2,test,2021,PHJ70,211.201501946456,166.09435513220552,10
Logi-PINN,2,test,2021,PHJ89,101.04701383131312,71.31907609714582,10
Logi-PINN,2,test,2021,PHJ90,173.46260328366824,142.7309405945777,10
Logi-PINN,2,test,2021,PHJR5,169.52116113789924,123.30701098732948,10
Logi-PINN,2,test,2021,PHK35,194.04986238133708,157.966681498284,10
Logi-PINN,2,test,2021,PHK42,136.30212653297914,104.47077513243985,10
Logi-PINN,2,test,2021,PHK56,223.14799865638727,196.62904543624572,9
Logi-PINN,2,test,2021,PHK74,139.6136812384584,99.20167891203917,10
Logi-PINN,2,test,2021,PHKE6,165.43914156018135,129.95771331237236,10
Logi-PINN,2,test,2021,PHM10,188.01550595827558,155.6021756978916,10
Logi-PINN,2,test,2021,PHN11,153.08375118783064,116.8604987906734,10
Logi-PINN,2,test,2021,PHN29,150.45507483263745,117.40762202624708,9
Logi-PINN,2,test,2021,PHN66,132.2331802474329,100.48597279254261,10
Logi-PINN,2,test,2021,PHP02,126.61055546320884,94.91824587848836,10
Logi-PINN,2,test,2021,PHP55,95.93129116642565,71.219920785392,10
Logi-PINN,2,test,2021,PHP76,186.71770418810846,150.11809212026145,10
Logi-PINN,2,test,2021,PHP85,120.31989904518161,92.52554526855458,8
Logi-PINN,2,test,2021,PHPR5,170.68909618840843,118.31325420241987,10
Logi-PINN,2,test,2021,PHR03,193.44075409148283,157.01840233162412,10
Logi-PINN,2,test,2021,PHR30,133.05887704521786,98.85569516958587,10
Logi-PINN,2,test,2021,PHR31,186.80457914529458,150.72295555164183,10
Logi-PINN,2,test,2021,PHR36,163.7086852288781,118.28602589798898,10
Logi-PINN,2,test,2021,PHR47,162.59611201571693,122.61054378825429,10
Logi-PINN,2,test,2021,PHR58,125.56727351578233,99.74339060953197,10
Logi-PINN,2,test,2021,PHR63,143.76840781785094,117.73956752496784,10
Logi-PINN,2,test,2021,PHT10,159.15176492934916,126.5584407177736,10
Logi-PINN,2,test,2021,PHT47,148.13010283750916,112.423646388174,10
Logi-PINN,2,test,2021,PHT55,175.19861136493876,140.8839514461647,10
Logi-PINN,2,test,2021,PHTM9,122.15406577275154,84.13698742094877,10
Logi-PINN,2,test,2021,PHV37,119.13984713015265,94.79334956917349,10
Logi-PINN,2,test,2021,PHV57,168.3571674162717,129.2924574027191,10
Logi-PINN,2,test,2021,PHV63,180.6034320941446,151.26786829842183,10
Logi-PINN,2,test,2021,PHVA9,157.014586084472,130.73948546124205,10
Logi-PINN,2,test,2021,PHW03,150.95262861330446,111.08159124304078,10
Logi-PINN,2,test,2021,PHW17,154.24189667699986,107.90263652652531,10
Logi-PINN,2,test,2021,PHW20,195.1157702286168,140.18786087945347,10
Logi-PINN,2,test,2021,PHW30,135.5832699946431,96.56708013892137,10
Logi-PINN,2,test,2021,PHW52,159.29871626285185,125.99441387852183,10
Logi-PINN,2,test,2021,PHW53,176.74942801316413,142.83958046061156,10
Logi-PINN,2,test,2021,PHW79,125.07825805471705,96.59370667866693,8
Logi-PINN,2,test,2021,PHW80,118.14492805645344,86.75211208536457,10
Logi-PINN,2,test,2021,PHW86,120.1024909790933,83.04468319120778,10
Logi-PINN,2,test,2021,PHZ51,149.0565887836363,113.49373647618441,10
Logi-PINN,2,test,2021,Pa392,119.91210089083775,91.8970486450446,10
Logi-PINN,2,test,2021,Pa405,149.23814904836098,116.6620356897035,10
Logi-PINN,2,test,2021,Pa762,142.94249287959295,109.51004024950143,10
Logi-PINN,2,test,2021,Pa875,203.96216725980298,172.18127041161247,10
Logi-PINN,2,test,2021,Pa880,145.5975772982765,113.95639023854255,10
Logi-PINN,2,test,2021,Pa91,199.33218338426377,159.39831226538047,10
Logi-PINN,2,test,2021,Q381,146.40414945368732,106.35878397625875,10
Logi-PINN,2,test,2021,R168,128.66072417458437,92.60037830733987,10
Logi-PINN,2,test,2021,R181B,132.22110269433782,91.55287247729316,10
Logi-PINN,2,test,2021,R226,170.96699387717075,141.50989423508554,10
Logi-PINN,2,test,2021,R227,203.93310270378723,179.0961181109341,10
Logi-PINN,2,test,2021,R71,131.50672587497118,107.8370357048523,10
Logi-PINN,2,test,2021,R78,164.8733996908932,138.94984912164222,10
Logi-PINN,2,test,2021,S8326,143.88069055533853,108.94742936548653,10
Logi-PINN,2,test,2021,SD101,148.58826906068646,117.85246112123009,10
Logi-PINN,2,test,2021,SD102,133.8922112853735,109.0399633108623,10
Logi-PINN,2,test,2021,SD107,174.09920878315364,126.22047507434922,10
Logi-PINN,2,test,2021,SD40,184.25046277064337,140.4600399914752,10
Logi-PINN,2,test,2021,SD44,103.86482398093587,80.6973444633848,10
Logi-PINN,2,test,2021,SG 30A,132.20053414511642,95.86522768349315,10
Logi-PINN,2,test,2021,Seagull Seventeen,226.99883152744712,183.8276928317945,10
Logi-PINN,2,test,2021,T242,113.0587530404658,75.85115914577933,10
Logi-PINN,2,test,2021,TZU-CHIAO-HSI-WU 105,124.43480586995668,90.0946585027214,10
Logi-PINN,2,test,2021,Tr,102.39345801414234,79.99258516197784,10
Logi-PINN,2,test,2021,Va26,170.46749075156913,132.84947738038673,10
Logi-PINN,2,test,2021,Va35,146.70257172827414,118.40986366184488,10
Logi-PINN,2,test,2021,Va52,103.49127416895482,77.75652044609069,10
Logi-PINN,2,test,2021,Va59,163.14843947563102,130.01770037870332,9
Logi-PINN,2,test,2021,Va99,116.58958261803456,81.70583007278144,10
Logi-PINN,2,test,2021,VaW6,166.4970911036392,139.38215367869185,9
Logi-PINN,2,test,2021,W117Ht,126.47272280972608,96.14763516613306,9
Logi-PINN,2,test,2021,W153R,165.43852742799902,118.68434044306113,8
Logi-PINN,2,test,2021,W22,152.22586958569119,119.20766647006121,10
Logi-PINN,2,test,2021,W23,154.1369302241735,118.51329062318705,10
Logi-PINN,2,test,2021,W24,136.0081443038,115.0178197370208,10
Logi-PINN,2,test,2021,W32,141.84959437050054,107.06678993986898,10
Logi-PINN,2,test,2021,W37A,95.25724806345453,71.04334145831783,10
Logi-PINN,2,test,2021,W552,142.9880352025589,99.18076148035067,10
Logi-PINN,2,test,2021,W603S,145.85747224908522,94.80006509364254,10
Logi-PINN,2,test,2021,W604S,167.41153118259749,122.40869454367983,9
Logi-PINN,2,test,2021,W605S,132.2124391858306,105.19973110839294,10
Logi-PINN,2,test,2021,W607S,189.51823210840556,148.49084384654367,10
Logi-PINN,2,test,2021,W610S,188.86293809920394,142.0910066952709,10
Logi-PINN,2,test,2021,W612S,154.8187264098899,108.24490089768182,9
Logi-PINN,2,test,2021,W614S,143.18271241360128,113.34228001925732,9
Logi-PINN,2,test,2021,W64A,113.44926265894509,75.35338311225432,10
Logi-PINN,2,test,2021,W701BC,125.5959608920041,97.48439497751914,10
Logi-PINN,2,test,2021,W809G,275.92711044114054,235.9725068306093,10
Logi-PINN,2,test,2021,W810G,177.4182159180291,147.7965484738857,10
Logi-PINN,2,test,2021,W812G,135.49796733889244,103.77581544024022,10
Logi-PINN,2,test,2021,W813G,138.16330744623662,111.11957376985065,10
Logi-PINN,2,test,2021,W814G,73.27443073358177,56.327418269603555,9
Logi-PINN,2,test,2021,W8304,189.38836049439868,152.82117412554027,10
Logi-PINN,2,test,2021,W9,94.17762408167748,70.99438283487305,10
Logi-PINN,2,test,2021,WIL900,183.4202279304118,145.16023074544577,10
Logi-PINN,2,test,2021,WR3,141.8728812072809,110.12625869052647,10
Logi-PINN,2,test,2021,WU-TAN-TZAO,167.13833896058733,109.75059527521098,10
Logi-PINN,2,test,2021,YE 4,183.1305481078,134.98682401690104,10
Logi-PINN,2,test,2021,YING-55,165.97244377509583,132.74245709867927,10
Logi-PINN,2,test,2021,Yu796 NS,155.36121846260588,123.0017370982594,10
Logi-PINN,2,test,2021,ZS635,180.82184423567682,150.6470035302838,10
