model,seed,split,year,genotype,rmse,mae,n_observed
Latent Neural ODE (ours),2,train,2018,1538,68.02856182156486,56.59348373044372,10
Latent Neural ODE (ours),2,train,2018,2369,55.91726434559934,47.55641326194311,9
Latent Neural ODE (ours),2,train,2018,29MIBZ2,55.606808408123506,47.4178869082936,10
Latent Neural ODE (ours),2,train,2018,2FACC,50.9336365231148,43.67345956789042,9
Latent Neural ODE (ours),2,train,2018,2FADB,72.38774688064547,60.29297043849618,8
Latent Neural ODE (ours),2,train,2018,2MA22,54.52528244740502,43.94568838351036,10
Latent Neural ODE (ours),2,train,2018,2MCDB,58.7019380529439,45.458761012218254,10
Latent Neural ODE (ours),2,train,2018,3IJI1,64.23605054688424,56.00739913660213,10
Latent Neural ODE (ours),2,train,2018,4226,102.21399534507044,89.865322625328,10
Latent Neural ODE (ours),2,train,2018,4F-306 108,69.40402433256692,60.32948455521571,10
Latent Neural ODE (ours),2,train,2018,4N506,94.80491355498351,88.43312984194448,10
Latent Neural ODE (ours),2,train,2018,6F629,63.544094025978865,56.1194524777894,10
Latent Neural ODE (ours),2,train,2018,6M502,46.6886776347338,38.03018970069355,10
Latent Neural ODE (ours),2,train,2018,6M502A,71.26685351049119,65.5486017260782,10
Latent Neural ODE (ours),2,train,2018,764,55.14711174705048,44.128936970524464,10
Latent Neural ODE (ours),2,train,2018,78010,50.39612068672864,41.81195461575392,10
Latent Neural ODE (ours),2,train,2018,78551S,72.31889937187925,66.15084176317245,8
Latent Neural ODE (ours),2,train,2018,790,65.44336179305878,52.38511359219446,10
Latent Neural ODE (ours),2,train,2018,793,57.01825722592918,45.213481140018764,10
Latent Neural ODE (ours),2,train,2018,87916W,74.17484141501217,66.79702756423733,10
Latent Neural ODE (ours),2,train,2018,911,60.14019835020742,51.636186326754384,10
Latent Neural ODE (ours),2,train,2018,912,67.81061866332422,58.156477089318585,10
Latent Neural ODE (ours),2,train,2018,91IFC2,59.437932274374006,53.40703904730593,10
Latent Neural ODE (ours),2,train,2018,A,66.27450530663883,54.73625643721622,10
Latent Neural ODE (ours),2,train,2018,A208,60.98921240224011,52.245886356269,10
Latent Neural ODE (ours),2,train,2018,A239,52.672578306491815,46.08792830849747,10
Latent Neural ODE (ours),2,train,2018,A258,62.049069788461395,52.76692204472181,10
Latent Neural ODE (ours),2,train,2018,A272,57.05036481513225,48.33932493729815,9
Latent Neural ODE (ours),2,train,2018,A305,82.87878740869185,74.49340305752125,10
Latent Neural ODE (ours),2,train,2018,A321,54.336864356832436,41.44328431208235,10
Latent Neural ODE (ours),2,train,2018,A322,64.22563576657744,55.015156612418274,10
Latent Neural ODE (ours),2,train,2018,A334,56.21042999877583,45.584683612144325,10
Latent Neural ODE (ours),2,train,2018,A340,67.91763586721454,56.74442305998525,10
Latent Neural ODE (ours),2,train,2018,A374,63.53511458213873,54.71760922552094,10
Latent Neural ODE (ours),2,train,2018,A385,61.20030172197556,48.34983111229555,10
Latent Neural ODE (ours),2,train,2018,A427,83.26443025386625,73.01115596328808,10
Latent Neural ODE (ours),2,train,2018,A548,59.19680075852484,50.33780620035437,10
Latent Neural ODE (ours),2,train,2018,A556,60.545410566414965,52.186168623347115,10
Latent Neural ODE (ours),2,train,2018,A572,84.05160423506487,72.47419680584139,10
Latent Neural ODE (ours),2,train,2018,A619,62.14755816262678,43.40728459985098,10
Latent Neural ODE (ours),2,train,2018,A627,65.62458923051781,57.732686834663184,10
Latent Neural ODE (ours),2,train,2018,A632,66.98220039354143,57.018178098256584,8
Latent Neural ODE (ours),2,train,2018,A634,70.1017106683151,53.682740453866515,10
Latent Neural ODE (ours),2,train,2018,A635,74.32865997656984,60.90995191844545,10
Latent Neural ODE (ours),2,train,2018,A641,100.43920861628655,87.48118828393213,10
Latent Neural ODE (ours),2,train,2018,A648,68.76221101758337,60.126128165773004,8
Latent Neural ODE (ours),2,train,2018,A649,85.72848333384296,75.86428165592105,8
Latent Neural ODE (ours),2,train,2018,A659,83.5823785666333,77.0056868865662,10
Latent Neural ODE (ours),2,train,2018,A663,70.29805270528033,57.57783684918327,10
Latent Neural ODE (ours),2,train,2018,A672,75.17891434246799,65.61613197410023,10
Latent Neural ODE (ours),2,train,2018,A674,65.1373992172596,57.152478813441846,10
Latent Neural ODE (ours),2,train,2018,A679,65.94111186402526,57.08312502619735,10
Latent Neural ODE (ours),2,train,2018,A680,84.4415239165147,78.51496158839966,10
Latent Neural ODE (ours),2,train,2018,A682,50.91212231417081,39.22925776619171,9
Latent Neural ODE (ours),2,train,2018,A71,50.84132016936662,44.970911652452415,10
Latent Neural ODE (ours),2,train,2018,A73,41.55390462312879,37.47729078392583,10
Latent Neural ODE (ours),2,train,2018,AQA3,86.6910708789512,74.98766005457283,10
Latent Neural ODE (ours),2,train,2018,AS6103,79.44563772176197,71.97668141755096,10
Latent Neural ODE (ours),2,train,2018,AusTRCF 306238,67.58027759295562,54.899142115278394,8
Latent Neural ODE (ours),2,train,2018,B-18 INBR.FR.SUPERGOLD,53.202201849429066,44.81175385285788,10
Latent Neural ODE (ours),2,train,2018,B-28,63.51607926205899,51.59761865139287,10
Latent Neural ODE (ours),2,train,2018,B103,54.66798274481159,45.146702527691964,10
Latent Neural ODE (ours),2,train,2018,B104,56.0257936680287,45.451247587524804,8
Latent Neural ODE (ours),2,train,2018,B105,61.224593707864564,51.01710632686016,10
Latent Neural ODE (ours),2,train,2018,B107,44.48155070448835,36.58041690304746,9
Latent Neural ODE (ours),2,train,2018,B108,63.872624589227954,57.48343407747552,10
Latent Neural ODE (ours),2,train,2018,B110,91.2089893529737,77.69497949975289,10
Latent Neural ODE (ours),2,train,2018,B111,75.83062123869512,67.83042531934905,10
Latent Neural ODE (ours),2,train,2018,B114,41.71741314775893,35.365354342729,9
Latent Neural ODE (ours),2,train,2018,B115,86.2012212550096,74.57938535911917,8
Latent Neural ODE (ours),2,train,2018,B119,70.3677488143141,55.614901948810996,10
Latent Neural ODE (ours),2,train,2018,B120,83.76719920802552,77.69744650689823,10
Latent Neural ODE (ours),2,train,2018,B121,56.024207594404146,43.90432007510323,10
Latent Neural ODE (ours),2,train,2018,B14,81.50201916568668,71.53918603825312,9
Latent Neural ODE (ours),2,train,2018,B14A,69.04847040845304,56.66963807766509,10
Latent Neural ODE (ours),2,train,2018,B164,70.65555337647484,58.85616293123432,10
Latent Neural ODE (ours),2,train,2018,B2,84.87608546423391,73.36246859756247,10
Latent Neural ODE (ours),2,train,2018,B37,86.35275460504056,75.4862339883222,10
Latent Neural ODE (ours),2,train,2018,B46,79.20877297697416,67.42037562984788,10
Latent Neural ODE (ours),2,train,2018,B57,47.946973106444474,38.61621499774427,10
Latent Neural ODE (ours),2,train,2018,B65,64.12309757582892,51.1646295747959,10
Latent Neural ODE (ours),2,train,2018,B66,89.59961262952815,81.20444182211165,10
Latent Neural ODE (ours),2,train,2018,B68,113.8614701474333,97.44185025408586,9
Latent Neural ODE (ours),2,train,2018,B70,50.36385918439927,47.45245889220894,8
Latent Neural ODE (ours),2,train,2018,B75,62.717080381718,40.9920948855645,9
Latent Neural ODE (ours),2,train,2018,B76,53.238806447103364,45.82378195679909,10
Latent Neural ODE (ours),2,train,2018,B77,82.0606209623136,69.04372660569553,10
Latent Neural ODE (ours),2,train,2018,B79,41.41951312831417,31.240540333352392,9
Latent Neural ODE (ours),2,train,2018,B84,75.44823531504252,57.30325914939027,10
Latent Neural ODE (ours),2,train,2018,B85,60.0808501057198,48.288605546691564,10
Latent Neural ODE (ours),2,train,2018,B87,52.67283727538375,44.595751934052764,10
Latent Neural ODE (ours),2,train,2018,B88,67.40849501559354,54.74218937436846,10
Latent Neural ODE (ours),2,train,2018,B91,48.53301379379749,42.872318726835786,10
Latent Neural ODE (ours),2,train,2018,B97,84.47948398421629,72.68268122737126,10
Latent Neural ODE (ours),2,train,2018,BEI 10 = NORTH 10,66.44977658508422,58.459230864776735,10
Latent Neural ODE (ours),2,train,2018,BO9,60.20674682859202,51.961114821351394,10
Latent Neural ODE (ours),2,train,2018,C103,57.76256172105021,48.366210493245575,9
Latent Neural ODE (ours),2,train,2018,C123,80.34617880065039,71.94941521095886,9
Latent Neural ODE (ours),2,train,2018,CA-4,88.13053902097349,78.01397375397148,10
Latent Neural ODE (ours),2,train,2018,CG102,90.16762893507003,85.73363594412629,10
Latent Neural ODE (ours),2,train,2018,CH157,62.70858730304516,54.82748096609473,10
Latent Neural ODE (ours),2,train,2018,CH701-30,45.975920036561234,40.56438076170534,10
Latent Neural ODE (ours),2,train,2018,CH711-10,55.70677805121392,49.23099152459751,10
Latent Neural ODE (ours),2,train,2018,CH9,65.23002476977219,56.742626562705865,10
Latent Neural ODE (ours),2,train,2018,CI 40H,65.39783318424122,57.10995714987168,10
Latent Neural ODE (ours),2,train,2018,CM105,64.77021895597677,56.15220124828882,10
Latent Neural ODE (ours),2,train,2018,CO257,87.94537071346011,77.21144170087689,10
Latent Neural ODE (ours),2,train,2018,CO258,57.806837811274804,49.54417273847177,8
Latent Neural ODE (ours),2,train,2018,CQ702RC,57.75223742794505,48.02420245943714,10
Latent Neural ODE (ours),2,train,2018,CR 22 INBRED,50.42727155123394,41.85490047944337,10
Latent Neural ODE (ours),2,train,2018,CS405,63.03789655260504,50.630860063407454,10
Latent Neural ODE (ours),2,train,2018,DE2,67.3487304298341,48.631910507746426,10
Latent Neural ODE (ours),2,train,2018,DE4,59.07677357615102,47.10947713124496,10
Latent Neural ODE (ours),2,train,2018,DE811,100.29955168558554,90.7343037012302,9
Latent Neural ODE (ours),2,train,2018,DJ7,86.37103002408301,82.09333394949104,10
Latent Neural ODE (ours),2,train,2018,DK3IIH6,54.16660661104197,46.23549977580159,10
Latent Neural ODE (ours),2,train,2018,DK4676A,77.64304679299454,64.34336187103088,10
Latent Neural ODE (ours),2,train,2018,DK78002A,83.50790397067648,73.19559569902422,10
Latent Neural ODE (ours),2,train,2018,DK78010,58.588583500814906,45.13251756241277,10
Latent Neural ODE (ours),2,train,2018,DKFAPW,48.68820093454341,40.4924250834066,10
Latent Neural ODE (ours),2,train,2018,DKFBHJ,78.63360355772718,70.02037928678581,10
Latent Neural ODE (ours),2,train,2018,DKMBNA,64.92103678953852,55.332341011289216,10
Latent Neural ODE (ours),2,train,2018,DKPB80,51.47635657845526,45.21537081796951,10
Latent Neural ODE (ours),2,train,2018,E8501,55.180066425896584,44.98126024568506,10
Latent Neural ODE (ours),2,train,2018,EAST 028,52.90917114507234,45.71627296527681,10
Latent Neural ODE (ours),2,train,2018,Eng-Li Chih,51.935469906457094,45.6218379387213,10
Latent Neural ODE (ours),2,train,2018,F118,67.49541288478004,56.20039455216354,10
Latent Neural ODE (ours),2,train,2018,F2834T,59.20802374689264,46.32119341280222,10
Latent Neural ODE (ours),2,train,2018,FBLA,75.93317652537048,64.37896894233407,10
Latent Neural ODE (ours),2,train,2018,FR19,63.93817987502399,48.07880014253216,10
Latent Neural ODE (ours),2,train,2018,G80,48.8654807030973,36.4095028449499,10
Latent Neural ODE (ours),2,train,2018,H110,75.78396271777936,64.93034438770562,10
Latent Neural ODE (ours),2,train,2018,H113,87.21757775521013,79.9553158256911,10
Latent Neural ODE (ours),2,train,2018,H121,61.634124736074966,42.55046356536108,10
Latent Neural ODE (ours),2,train,2018,H122w,63.45091851504795,39.87965172076969,10
Latent Neural ODE (ours),2,train,2018,H42,68.61707421993306,56.702087757757816,10
Latent Neural ODE (ours),2,train,2018,H5,54.46411624326771,46.09643023024308,10
Latent Neural ODE (ours),2,train,2018,H71,69.21300878607369,59.896216262411166,10
Latent Neural ODE (ours),2,train,2018,H84,66.35397651621334,51.003449493987546,10
Latent Neural ODE (ours),2,train,2018,H91,68.17397389026763,61.39856366552245,10
Latent Neural ODE (ours),2,train,2018,H95,61.2665621472337,56.65116209540864,9
Latent Neural ODE (ours),2,train,2018,H96,87.66498703260505,73.74847296775718,9
Latent Neural ODE (ours),2,train,2018,H99,70.93557576317245,61.039473377448054,10
Latent Neural ODE (ours),2,train,2018,HP301,100.42137017681704,85.72889154924377,10
Latent Neural ODE (ours),2,train,2018,HUANYAO,66.83266387165003,61.07512660467819,9
Latent Neural ODE (ours),2,train,2018,I29,84.5103064073963,74.29011736809845,10
Latent Neural ODE (ours),2,train,2018,IA2132,75.86534269741405,68.73951647498913,10
Latent Neural ODE (ours),2,train,2018,IBB14,105.38583081161423,92.74034382089228,10
Latent Neural ODE (ours),2,train,2018,IBB15,79.01046390262798,69.64781754976187,10
Latent Neural ODE (ours),2,train,2018,IBC2,66.86929920961742,60.93988897847678,10
Latent Neural ODE (ours),2,train,2018,ICI 193,76.83808647629334,69.85832734766775,10
Latent Neural ODE (ours),2,train,2018,ICI 740,65.23857877994982,49.54394467389152,10
Latent Neural ODE (ours),2,train,2018,ICI 893,54.92879469632004,40.103083331986646,10
Latent Neural ODE (ours),2,train,2018,ICI 986,70.44062573071531,53.59424650962683,10
Latent Neural ODE (ours),2,train,2018,IDS28,70.70841081033583,53.47748721872914,10
Latent Neural ODE (ours),2,train,2018,IDS69,68.22783187001816,56.14205954221111,10
Latent Neural ODE (ours),2,train,2018,IDS91,61.99829260226967,52.160274388108554,9
Latent Neural ODE (ours),2,train,2018,INB 101LFY/LFY (A632 X M16 S5),63.45758988810539,55.91072972877315,10
Latent Neural ODE (ours),2,train,2018,INBRED 141,105.22889710975754,97.8764897942294,10
Latent Neural ODE (ours),2,train,2018,INBRED 2-687,50.94804925452866,40.433211409407804,9
Latent Neural ODE (ours),2,train,2018,INBRED 305,60.703589443803864,41.20969503026707,10
Latent Neural ODE (ours),2,train,2018,INBRED 309,50.874538443637505,46.966246203512654,9
Latent Neural ODE (ours),2,train,2018,INBRED 321,64.21119823129463,45.66613980924368,10
Latent Neural ODE (ours),2,train,2018,Ia 453,53.59312601585817,45.03087178544247,10
Latent Neural ODE (ours),2,train,2018,J47,91.23272274506844,78.70443536103528,10
Latent Neural ODE (ours),2,train,2018,K150,86.3697619454335,76.27608092655937,10
Latent Neural ODE (ours),2,train,2018,K41,73.85087375113024,63.99697706072286,10
Latent Neural ODE (ours),2,train,2018,K47,66.66769601062322,51.81107602109537,10
Latent Neural ODE (ours),2,train,2018,K55,85.26120228526284,81.43919651393205,10
Latent Neural ODE (ours),2,train,2018,KUNG-70,65.21718081909539,58.764846524910624,10
Latent Neural ODE (ours),2,train,2018,L 127,72.90432972861393,62.90926540001526,10
Latent Neural ODE (ours),2,train,2018,L 135,59.19666894127865,48.402044217300656,10
Latent Neural ODE (ours),2,train,2018,L 139,56.46935285579004,45.218538960795875,10
Latent Neural ODE (ours),2,train,2018,L 155,55.98747761470063,47.09149130683244,10
Latent Neural ODE (ours),2,train,2018,L 289,84.82306897380006,78.2285339788228,10
Latent Neural ODE (ours),2,train,2018,LH1,63.6536449468191,56.62792441432214,10
Latent Neural ODE (ours),2,train,2018,LH119,55.439359010597094,49.29060402200595,10
Latent Neural ODE (ours),2,train,2018,LH128,71.35145797368455,66.26822986069858,10
Latent Neural ODE (ours),2,train,2018,LH143 (Maintainer),66.73863645562534,57.38082619378307,10
Latent Neural ODE (ours),2,train,2018,LH145,43.19815316402035,38.448947837088014,9
Latent Neural ODE (ours),2,train,2018,LH146Ht,92.46885545989937,78.52662285619498,10
Latent Neural ODE (ours),2,train,2018,LH149,58.36661598285047,49.129860847772065,10
Latent Neural ODE (ours),2,train,2018,LH165,58.80849455215214,48.46044634340099,10
Latent Neural ODE (ours),2,train,2018,LH166,53.89236474387686,46.57222702855517,10
Latent Neural ODE (ours),2,train,2018,LH172,48.95170948997114,40.20777536393544,9
Latent Neural ODE (ours),2,train,2018,LH184,62.998753106688994,53.873519407514344,10
Latent Neural ODE (ours),2,train,2018,LH185,40.15027918334707,29.634456706087988,9
Latent Neural ODE (ours),2,train,2018,LH190,53.73638766504855,39.76025763235688,10
Latent Neural ODE (ours),2,train,2018,LH191,76.71598016151374,67.11366330488947,10
Latent Neural ODE (ours),2,train,2018,LH192,39.420196417149036,31.01994323906153,10
Latent Neural ODE (ours),2,train,2018,LH194,42.46781733734371,30.012926256959588,9
Latent Neural ODE (ours),2,train,2018,LH195,55.540629356133216,42.8967164240191,10
Latent Neural ODE (ours),2,train,2018,LH197,79.99034840350788,63.829850684693994,10
Latent Neural ODE (ours),2,train,2018,LH198,79.3921851851799,73.0248144251934,10
Latent Neural ODE (ours),2,train,2018,LH199,65.85450427161334,47.09267105232547,10
Latent Neural ODE (ours),2,train,2018,LH202,71.47234012810222,65.3464677627857,10
Latent Neural ODE (ours),2,train,2018,LH204,53.60221399929362,42.92226454410656,10
Latent Neural ODE (ours),2,train,2018,LH205,65.88814012737411,59.02451759793118,9
Latent Neural ODE (ours),2,train,2018,LH206,49.30342788642776,39.89690285142723,10
Latent Neural ODE (ours),2,train,2018,LH208,58.03875293224964,42.23134517884952,10
Latent Neural ODE (ours),2,train,2018,LH209,59.69378200472007,53.192999461310684,10
Latent Neural ODE (ours),2,train,2018,LH213,70.06256818449333,62.22593920965331,9
Latent Neural ODE (ours),2,train,2018,LH214,70.45246676801368,62.39444610040731,10
Latent Neural ODE (ours),2,train,2018,LH215,95.72932404052877,87.37525912833796,10
Latent Neural ODE (ours),2,train,2018,LH222,68.47228273431017,55.917833940448304,10
Latent Neural ODE (ours),2,train,2018,LH223,76.16396900976918,67.06287625512408,10
Latent Neural ODE (ours),2,train,2018,LH224,68.30783776646707,59.45531602373293,9
Latent Neural ODE (ours),2,train,2018,LH295,69.21266822683926,58.42869725296475,10
Latent Neural ODE (ours),2,train,2018,LH59,66.70581107507014,49.5176801052155,10
Latent Neural ODE (ours),2,train,2018,LH60,92.75594407950153,81.031167476612,10
Latent Neural ODE (ours),2,train,2018,LH61,57.76812630407547,48.911101302385035,8
Latent Neural ODE (ours),2,train,2018,LH74,66.61466964494936,58.784916207973666,10
Latent Neural ODE (ours),2,train,2018,LH82,51.921909857159136,43.95486765705934,10
Latent Neural ODE (ours),2,train,2018,LH93,66.7934062570084,57.17780896895188,10
Latent Neural ODE (ours),2,train,2018,LIBC 4,57.87891214907001,47.82258359628948,10
Latent Neural ODE (ours),2,train,2018,LP1 NR HT,75.62205626205265,67.59559373718443,10
Latent Neural ODE (ours),2,train,2018,LP5,56.18675589718461,44.80161996613724,10
Latent Neural ODE (ours),2,train,2018,Lp215D,58.55108254509143,46.26031157310136,10
Latent Neural ODE (ours),2,train,2018,M14,56.48614764178337,47.36769054579109,10
Latent Neural ODE (ours),2,train,2018,MBPM,76.06078526290041,69.51505887694573,10
Latent Neural ODE (ours),2,train,2018,MBWZ,74.24819387906358,63.93552082408628,10
Latent Neural ODE (ours),2,train,2018,MEF156-55-2,84.79735505801123,73.89702346562338,10
Latent Neural ODE (ours),2,train,2018,ML606,59.70331523602153,49.02170415284184,10
Latent Neural ODE (ours),2,train,2018,MM501D,91.48117916113301,84.61011847012415,8
Latent Neural ODE (ours),2,train,2018,MQ305,56.74657642885067,49.87531925094634,10
Latent Neural ODE (ours),2,train,2018,MS116,60.00861884199106,47.46298961129925,10
Latent Neural ODE (ours),2,train,2018,MS132,56.82091032463835,47.87891033470943,10
Latent Neural ODE (ours),2,train,2018,MS153,64.29446979407597,55.79486249619082,10
Latent Neural ODE (ours),2,train,2018,MS200,61.77931510889919,51.886380411446886,9
Latent Neural ODE (ours),2,train,2018,MS211,60.55797871553472,47.05159987948578,10
Latent Neural ODE (ours),2,train,2018,MS221,64.42215691313882,57.71854617907387,10
Latent Neural ODE (ours),2,train,2018,MS224,51.86224115242037,44.40186055049746,10
Latent Neural ODE (ours),2,train,2018,MS225,59.686220041737926,52.14949486142139,10
Latent Neural ODE (ours),2,train,2018,MS226,70.17690676446206,56.37526534972501,10
Latent Neural ODE (ours),2,train,2018,MS24A,96.68274638534811,87.20574230970142,10
Latent Neural ODE (ours),2,train,2018,MS67,58.924085356811304,47.49303223265058,10
Latent Neural ODE (ours),2,train,2018,MS71,58.22642538961993,46.225034869633014,10
Latent Neural ODE (ours),2,train,2018,MS72,63.45538159370567,50.324464422409065,10
Latent Neural ODE (ours),2,train,2018,Mo46,48.68225412247831,39.534447633374334,8
Latent Neural ODE (ours),2,train,2018,Mo47,39.038115239767976,33.01479805808723,8
Latent Neural ODE (ours),2,train,2018,Mo5,72.68525985805739,63.76499049369519,9
Latent Neural ODE (ours),2,train,2018,N192,48.488571316508015,41.22093307536274,10
Latent Neural ODE (ours),2,train,2018,N193,52.563866344267694,43.72759152863225,10
Latent Neural ODE (ours),2,train,2018,N201,106.86731500056679,98.73705955880571,10
Latent Neural ODE (ours),2,train,2018,N211,59.75538469887488,47.97429671637118,10
Latent Neural ODE (ours),2,train,2018,N217,108.33666595256665,93.83786747145581,10
Latent Neural ODE (ours),2,train,2018,N28Ht,98.71948161632537,87.15153331381246,10
Latent Neural ODE (ours),2,train,2018,N501,63.343931062954205,54.059549513590184,9
Latent Neural ODE (ours),2,train,2018,N523,114.16743030186208,106.07385018968259,10
Latent Neural ODE (ours),2,train,2018,N527,37.81073553509139,29.963117387039155,10
Latent Neural ODE (ours),2,train,2018,N534,89.35508195921675,79.21561670478152,10
Latent Neural ODE (ours),2,train,2018,N542,65.50404397426567,57.312037137880175,9
Latent Neural ODE (ours),2,train,2018,N6,61.31831335790011,49.429213854531966,10
Latent Neural ODE (ours),2,train,2018,NC262,71.66766494643905,62.6986057310995,10
Latent Neural ODE (ours),2,train,2018,NC294,58.596441021123276,45.96358228643409,10
Latent Neural ODE (ours),2,train,2018,NC310,45.359741608494744,39.6797938419882,10
Latent Neural ODE (ours),2,train,2018,NC326,49.132233238356534,40.249344079567365,10
Latent Neural ODE (ours),2,train,2018,NC328,65.65327890000972,51.89439387678275,10
Latent Neural ODE (ours),2,train,2018,NC368,62.6756080762952,53.809835088530775,9
Latent Neural ODE (ours),2,train,2018,NC412,60.084896698066494,41.008283542984195,10
Latent Neural ODE (ours),2,train,2018,ND247,70.5705947724968,58.78164771673197,10
Latent Neural ODE (ours),2,train,2018,ND265,62.52281985925031,51.40135213813744,10
Latent Neural ODE (ours),2,train,2018,NK740,60.4885634990209,51.503386276507264,10
Latent Neural ODE (ours),2,train,2018,NK778,75.59653506736046,60.80962395654107,9
Latent Neural ODE (ours),2,train,2018,NK807,68.93409122188955,55.72236076612562,10
Latent Neural ODE (ours),2,train,2018,NKS8326,86.50392291794124,78.9542162506295,10
Latent Neural ODE (ours),2,train,2018,NORTH 7,64.76590437517595,57.90822846789716,10
Latent Neural ODE (ours),2,train,2018,NQ508,90.56398378138019,82.8738690109161,10
Latent Neural ODE (ours),2,train,2018,NS501,48.83725608969949,41.11829822212865,9
Latent Neural ODE (ours),2,train,2018,NS701,104.51180254597938,98.34364718043464,10
Latent Neural ODE (ours),2,train,2018,NY 166 (Neveh Yaar),54.4235761363622,36.71683029266194,10
Latent Neural ODE (ours),2,train,2018,NY6371,37.7713712622874,33.563423696233926,8
Latent Neural ODE (ours),2,train,2018,Ny821,57.20023406289943,50.52337387834319,10
Latent Neural ODE (ours),2,train,2018,OH33,128.06904409545623,120.20795496783381,9
Latent Neural ODE (ours),2,train,2018,OQ403,69.25833646482204,59.96528855280233,10
Latent Neural ODE (ours),2,train,2018,OQ603,56.753246257615125,50.56743660686285,10
Latent Neural ODE (ours),2,train,2018,OS602,54.50051367347242,46.31777537635718,10
Latent Neural ODE (ours),2,train,2018,Oh40B,57.32588637092354,45.166585849412265,10
Latent Neural ODE (ours),2,train,2018,Oh43,54.75926117988896,46.51406176381177,10
Latent Neural ODE (ours),2,train,2018,Oh7,112.94397250876744,99.93031393234645,9
Latent Neural ODE (ours),2,train,2018,Os420,91.91077122018164,84.98433204632227,10
Latent Neural ODE (ours),2,train,2018,Os426,74.18167541803535,63.73155810866664,10
Latent Neural ODE (ours),2,train,2018,PHB09,47.90940100635423,40.08211540028394,10
Latent Neural ODE (ours),2,train,2018,PHB47,72.00607916668872,67.00912697226764,10
Latent Neural ODE (ours),2,train,2018,PHBA6,128.0345622874425,119.68596872069074,10
Latent Neural ODE (ours),2,train,2018,PHBB3,66.62012138569403,56.69000945758715,10
Latent Neural ODE (ours),2,train,2018,PHBW8,126.71854087818903,116.04999734662813,10
Latent Neural ODE (ours),2,train,2018,PHG29,56.45108198854122,44.129182302851504,10
Latent Neural ODE (ours),2,train,2018,PHG47,126.3155818013564,114.63889499820758,10
Latent Neural ODE (ours),2,train,2018,PHG50,58.99240375777337,48.747645137065675,10
Latent Neural ODE (ours),2,train,2018,PHG71,76.26616945049194,66.938084203903,10
Latent Neural ODE (ours),2,train,2018,PHG72,57.74813923233544,50.865079780883875,10
Latent Neural ODE (ours),2,train,2018,PHG80,102.06406066425453,96.04542313739061,10
Latent Neural ODE (ours),2,train,2018,PHG83,55.95555325221075,46.141940191427764,10
Latent Neural ODE (ours),2,train,2018,PHG86,94.1707687662204,89.5860940371304,10
Latent Neural ODE (ours),2,train,2018,PHGW7,73.10103715951011,62.99376169796951,10
Latent Neural ODE (ours),2,train,2018,PHH93,72.03336961024802,63.75799730964982,10
Latent Neural ODE (ours),2,train,2018,PHHV4,69.12015455893018,61.80582836069209,10
Latent Neural ODE (ours),2,train,2018,PHJ70,77.25544687612808,70.15977138082212,10
Latent Neural ODE (ours),2,train,2018,PHJ89,56.29754570040568,45.23726436606154,10
Latent Neural ODE (ours),2,train,2018,PHJ90,63.342185692307744,55.15903799481377,10
Latent Neural ODE (ours),2,train,2018,PHJR5,81.58029909972603,74.16199557400554,10
Latent Neural ODE (ours),2,train,2018,PHK35,81.53409777259363,69.91994257789743,10
Latent Neural ODE (ours),2,train,2018,PHK42,67.9185354616146,57.01412376163262,10
Latent Neural ODE (ours),2,train,2018,PHK56,71.12992849095174,54.68408047415704,10
Latent Neural ODE (ours),2,train,2018,PHK74,63.53857367900609,57.51464862496287,10
Latent Neural ODE (ours),2,train,2018,PHKE6,48.58413439490705,40.67774189035713,10
Latent Neural ODE (ours),2,train,2018,PHM10,77.71408467319525,65.73253678747889,10
Latent Neural ODE (ours),2,train,2018,PHN11,59.83056877331522,47.343616048698664,10
Latent Neural ODE (ours),2,train,2018,PHN29,67.5910147733649,50.39751654832796,9
Latent Neural ODE (ours),2,train,2018,PHN66,80.9740352744612,75.2200331005622,10
Latent Neural ODE (ours),2,train,2018,PHP02,57.45508445012836,50.58529080543191,10
Latent Neural ODE (ours),2,train,2018,PHP55,78.85633655977777,69.53329459497692,10
Latent Neural ODE (ours),2,train,2018,PHP76,53.30692019215915,43.58339867518142,10
Latent Neural ODE (ours),2,train,2018,PHP85,58.91232115611705,39.381187909631926,10
Latent Neural ODE (ours),2,train,2018,PHPR5,65.49281144633457,55.505392830919824,10
Latent Neural ODE (ours),2,train,2018,PHR03,101.06346744882036,89.2018620726312,10
Latent Neural ODE (ours),2,train,2018,PHR30,64.33335488291063,52.839817349091234,10
Latent Neural ODE (ours),2,train,2018,PHR31,87.72562255925016,82.2304926396735,10
Latent Neural ODE (ours),2,train,2018,PHR36,45.086388185845124,37.529858438851434,9
Latent Neural ODE (ours),2,train,2018,PHR47,71.9372078046658,61.818992248264784,10
Latent Neural ODE (ours),2,train,2018,PHR58,75.58248353428017,52.26238992381309,10
Latent Neural ODE (ours),2,train,2018,PHR63,45.68208431554232,36.132708031630216,8
Latent Neural ODE (ours),2,train,2018,PHT10,84.86161266616878,77.3202061879135,10
Latent Neural ODE (ours),2,train,2018,PHT47,66.86704475514729,47.73510193297962,10
Latent Neural ODE (ours),2,train,2018,PHT55,103.04364026289848,88.7891445162508,9
Latent Neural ODE (ours),2,train,2018,PHTM9,65.37613299168699,56.50382079232693,10
Latent Neural ODE (ours),2,train,2018,PHV37,45.74066811537981,38.998885534385025,10
Latent Neural ODE (ours),2,train,2018,PHV57,56.27678816574877,46.88590802966675,10
Latent Neural ODE (ours),2,train,2018,PHV63,91.86939854100515,85.89873091635812,10
Latent Neural ODE (ours),2,train,2018,PHVA9,87.02504892738564,78.60113579005153,10
Latent Neural ODE (ours),2,train,2018,PHW03,59.909241953280656,52.54447241442615,10
Latent Neural ODE (ours),2,train,2018,PHW17,64.27224299277201,55.294591761964284,10
Latent Neural ODE (ours),2,train,2018,PHW20,47.42031052339899,42.83454210976124,8
Latent Neural ODE (ours),2,train,2018,PHW30,62.82916617633735,50.83377759143642,10
Latent Neural ODE (ours),2,train,2018,PHW52,49.809696183822055,42.605397661812354,9
Latent Neural ODE (ours),2,train,2018,PHW53,48.8019876630597,36.196827410951165,10
Latent Neural ODE (ours),2,train,2018,PHW79,73.83335611066921,69.07999788793818,9
Latent Neural ODE (ours),2,train,2018,PHW80,71.1487776461281,60.22931956898439,10
Latent Neural ODE (ours),2,train,2018,PHW86,46.75050084461536,41.357873475161256,10
Latent Neural ODE (ours),2,train,2018,PHZ51,84.72133945593714,78.29660408828695,10
Latent Neural ODE (ours),2,train,2018,Pa392,51.42782925926444,44.34791806436088,10
Latent Neural ODE (ours),2,train,2018,Pa405,61.38784659456116,51.17901816916461,10
Latent Neural ODE (ours),2,train,2018,Pa762,80.45166464829651,67.617050378702,10
Latent Neural ODE (ours),2,train,2018,Pa875,98.71255345444358,92.7886622344796,10
Latent Neural ODE (ours),2,train,2018,Pa880,108.3645376279768,91.34517764792079,10
Latent Neural ODE (ours),2,train,2018,Pa91,111.79992277632962,102.27073712668357,10
Latent Neural ODE (ours),2,train,2018,Q381,60.17917401042417,44.40311229923657,10
Latent Neural ODE (ours),2,train,2018,R168,60.7188541863187,51.469009450711326,10
Latent Neural ODE (ours),2,train,2018,R181B,79.02522817212633,71.85961912656805,10
Latent Neural ODE (ours),2,train,2018,R226,67.63868677488342,56.30195333878679,10
Latent Neural ODE (ours),2,train,2018,R227,95.66512124785515,83.68823549798374,10
Latent Neural ODE (ours),2,train,2018,R71,48.5729138235626,37.51244172606848,10
Latent Neural ODE (ours),2,train,2018,R78,49.45093514815645,37.7479952955329,10
Latent Neural ODE (ours),2,train,2018,S8326,68.67509043701544,50.18905775691281,10
Latent Neural ODE (ours),2,train,2018,SD101,42.06636183483457,36.34276854231298,10
Latent Neural ODE (ours),2,train,2018,SD102,57.548931291839125,48.279346124732946,10
Latent Neural ODE (ours),2,train,2018,SD107,74.25774824683305,65.69451581549693,10
Latent Neural ODE (ours),2,train,2018,SD40,67.05560221377196,62.86422720670519,10
Latent Neural ODE (ours),2,train,2018,SD44,56.06970609641592,44.405424874080424,10
Latent Neural ODE (ours),2,train,2018,SG 30A,54.29260601086746,39.075540320456795,10
Latent Neural ODE (ours),2,train,2018,Seagull Seventeen,72.32857863054414,49.69370051116475,10
Latent Neural ODE (ours),2,train,2018,T242,77.78072317309838,61.067698975707785,10
Latent Neural ODE (ours),2,train,2018,TZU-CHIAO-HSI-WU 105,58.40116016882822,40.35857495867063,10
Latent Neural ODE (ours),2,train,2018,Tr,64.71664173012276,48.11614506593692,10
Latent Neural ODE (ours),2,train,2018,Va26,87.89774623924376,74.45483049506159,10
Latent Neural ODE (ours),2,train,2018,Va35,47.826048892995054,35.27574168742204,10
Latent Neural ODE (ours),2,train,2018,Va52,43.01209578672768,38.17395639918584,10
Latent Neural ODE (ours),2,train,2018,Va59,43.610544518468025,32.07598740878525,9
Latent Neural ODE (ours),2,train,2018,Va99,72.84726831639217,62.58947943589662,10
Latent Neural ODE (ours),2,train,2018,VaW6,103.96214652194816,97.53321301544051,10
Latent Neural ODE (ours),2,train,2018,W117Ht,83.23115824275206,72.55147485983034,10
Latent Neural ODE (ours),2,train,2018,W153R,72.62844663044373,56.813798350461596,10
Latent Neural ODE (ours),2,train,2018,W22,61.74269150926086,50.26721206759979,10
Latent Neural ODE (ours),2,train,2018,W23,70.4568821739084,60.79653279622896,10
Latent Neural ODE (ours),2,train,2018,W24,83.83389625572977,70.11471249879654,10
Latent Neural ODE (ours),2,train,2018,W32,56.337935048521565,42.7306410998987,10
Latent Neural ODE (ours),2,train,2018,W37A,74.60254650497336,56.29393051556301,10
Latent Neural ODE (ours),2,train,2018,W552,56.68290494210237,49.901038419468996,10
Latent Neural ODE (ours),2,train,2018,W603S,73.19010122947593,60.71940298421716,10
Latent Neural ODE (ours),2,train,2018,W604S,68.6161391390784,53.46607323810012,10
Latent Neural ODE (ours),2,train,2018,W605S,81.95136231188636,76.15080831068704,10
Latent Neural ODE (ours),2,train,2018,W607S,76.02533126819422,61.77829054004511,10
Latent Neural ODE (ours),2,train,2018,W610S,68.92124967361877,55.16708346159233,10
Latent Neural ODE (ours),2,train,2018,W612S,84.50841642573164,71.24542426998303,10
Latent Neural ODE (ours),2,train,2018,W614S,71.30148271639288,57.90269887924544,10
Latent Neural ODE (ours),2,train,2018,W64A,63.81480054026142,57.172220735122366,10
Latent Neural ODE (ours),2,train,2018,W701BC,76.77211235425035,67.25123120809025,10
Latent Neural ODE (ours),2,train,2018,W809G,116.16629411395104,105.59395474505666,10
Latent Neural ODE (ours),2,train,2018,W810G,78.28836377605766,69.59103631121413,10
Latent Neural ODE (ours),2,train,2018,W812G,99.70279275888396,97.11316376201633,9
Latent Neural ODE (ours),2,train,2018,W813G,64.12760826771844,53.51988768226522,10
Latent Neural ODE (ours),2,train,2018,W814G,236.18788236124774,228.61451523489964,8
Latent Neural ODE (ours),2,train,2018,W8304,79.83206189791477,70.74895406908331,10
Latent Neural ODE (ours),2,train,2018,W9,64.80924805107139,55.54535854215834,10
Latent Neural ODE (ours),2,train,2018,WIL900,77.25067903375265,67.01655177758133,10
Latent Neural ODE (ours),2,train,2018,WR3,54.591879737703074,46.74925433962628,10
Latent Neural ODE (ours),2,train,2018,WU-TAN-TZAO,102.78144486872743,95.49482419761374,9
Latent Neural ODE (ours),2,train,2018,YE 4,60.379762681329396,44.53575661395603,10
Latent Neural ODE (ours),2,train,2018,YING-55,77.99677706711408,71.59093461552902,10
Latent Neural ODE (ours),2,train,2018,Yu796 NS,49.96355095023453,42.391152636691245,10
Latent Neural ODE (ours),2,train,2018,ZS635,79.722313846981,74.58545252856723,10
Latent Neural ODE (ours),2,train,2019,1538,69.97480077610504,57.28553576701446,17
Latent Neural ODE (ours),2,train,2019,2369,80.84225464322728,64.82947581460812,16
Latent Neural ODE (ours),2,train,2019,29MIBZ2,65.01507166760938,52.42412134101196,17
Latent Neural ODE (ours),2,train,2019,2FACC,73.57306811295967,60.444336226643145,17
Latent Neural ODE (ours),2,train,2019,2FADB,79.39192834781551,61.533058360024306,17
Latent Neural ODE (ours),2,train,2019,2MA22,64.9297088234608,51.936649636696544,17
Latent Neural ODE (ours),2,train,2019,2MCDB,72.5288041315708,59.46149594314228,17
Latent Neural ODE (ours),2,train,2019,3IJI1,67.25527726244124,55.77598777450508,17
Latent Neural ODE (ours),2,train,2019,4226,96.65118974473832,70.57749570191581,17
Latent Neural ODE (ours),2,train,2019,4F-306 108,47.46136287612691,37.454492220213915,17
Latent Neural ODE (ours),2,train,2019,4N506,98.73877614505103,72.38012060975103,17
Latent Neural ODE (ours),2,train,2019,6F629,79.37752973204731,61.31962109811889,16
Latent Neural ODE (ours),2,train,2019,6M502,59.25310293002602,45.35942145386968,17
Latent Neural ODE (ours),2,train,2019,6M502A,76.35106269981452,60.10555330888433,17
Latent Neural ODE (ours),2,train,2019,764,53.40248887565888,44.24060611377844,17
Latent Neural ODE (ours),2,train,2019,78010,59.61263873635611,48.94715340409012,17
Latent Neural ODE (ours),2,train,2019,78551S,70.77916813122064,57.922293667878904,15
Latent Neural ODE (ours),2,train,2019,790,51.23858020182979,39.85636013260828,17
Latent Neural ODE (ours),2,train,2019,793,87.39549677899817,66.01122533624608,17
Latent Neural ODE (ours),2,train,2019,87916W,74.39796774499136,56.41306221935951,17
Latent Neural ODE (ours),2,train,2019,911,57.34188497886712,47.239968916922074,17
Latent Neural ODE (ours),2,train,2019,912,44.098846892484964,36.378613450670855,17
Latent Neural ODE (ours),2,train,2019,91IFC2,72.73921356048126,54.260008304310304,17
Latent Neural ODE (ours),2,train,2019,A,65.5198462266718,49.50441308444994,17
Latent Neural ODE (ours),2,train,2019,A208,45.02356956436947,37.35678405508808,17
Latent Neural ODE (ours),2,train,2019,A239,81.16065595711936,60.765318278312755,17
Latent Neural ODE (ours),2,train,2019,A258,69.58442496322894,53.52031054662541,16
Latent Neural ODE (ours),2,train,2019,A272,80.14105050435522,63.275660556318826,17
Latent Neural ODE (ours),2,train,2019,A305,81.80535848638891,59.799932442433736,17
Latent Neural ODE (ours),2,train,2019,A321,66.01129144043009,54.263388424045644,17
Latent Neural ODE (ours),2,train,2019,A322,66.53864232891614,52.6506061200542,16
Latent Neural ODE (ours),2,train,2019,A334,62.300990577968705,48.89586533296037,17
Latent Neural ODE (ours),2,train,2019,A340,76.33513300836789,59.8367756985507,17
Latent Neural ODE (ours),2,train,2019,A374,87.94436707600067,66.71153596869544,16
Latent Neural ODE (ours),2,train,2019,A385,58.98194650078058,46.437159331558114,17
Latent Neural ODE (ours),2,train,2019,A427,53.398739891887764,41.40863725536217,17
Latent Neural ODE (ours),2,train,2019,A548,49.786044050089096,41.75169891776065,17
Latent Neural ODE (ours),2,train,2019,A556,43.58956104055231,35.34494616124101,17
Latent Neural ODE (ours),2,train,2019,A572,44.135532969637595,37.185689727734385,17
Latent Neural ODE (ours),2,train,2019,A619,53.46926741566717,41.99999643696473,17
Latent Neural ODE (ours),2,train,2019,A627,66.85871031170358,51.30831683593337,17
Latent Neural ODE (ours),2,train,2019,A632,87.38878981908377,66.81268074316468,17
Latent Neural ODE (ours),2,train,2019,A634,70.63950081385585,54.958856505613824,17
Latent Neural ODE (ours),2,train,2019,A635,57.161520917108696,47.64772294477199,17
Latent Neural ODE (ours),2,train,2019,A641,50.32457485814227,38.6030133590228,17
Latent Neural ODE (ours),2,train,2019,A648,68.69357833913591,54.100961580865516,17
Latent Neural ODE (ours),2,train,2019,A649,60.011492041578784,47.002585952289294,16
Latent Neural ODE (ours),2,train,2019,A659,61.07149093698324,45.988601934832964,17
Latent Neural ODE (ours),2,train,2019,A663,54.193072238025415,40.64458241915394,16
Latent Neural ODE (ours),2,train,2019,A672,82.05661777020384,61.321299140665175,17
Latent Neural ODE (ours),2,train,2019,A674,43.080909991617524,35.39902916477509,17
Latent Neural ODE (ours),2,train,2019,A679,84.6583376451619,63.07693238945405,17
Latent Neural ODE (ours),2,train,2019,A680,92.69795110102125,70.83338133168547,16
Latent Neural ODE (ours),2,train,2019,A682,59.62368057019633,45.04162721335057,17
Latent Neural ODE (ours),2,train,2019,A71,55.49973071906009,40.74235138962438,16
Latent Neural ODE (ours),2,train,2019,A73,42.89915855178938,34.345753785786314,16
Latent Neural ODE (ours),2,train,2019,AQA3,76.31981767838934,57.3146482655751,16
Latent Neural ODE (ours),2,train,2019,AS6103,74.21541410275778,55.36231468398056,17
Latent Neural ODE (ours),2,train,2019,AusTRCF 306238,82.31265267457175,65.4974499443722,15
Latent Neural ODE (ours),2,train,2019,B-18 INBR.FR.SUPERGOLD,55.39275118691515,44.196257854153835,17
Latent Neural ODE (ours),2,train,2019,B-28,49.516907589139834,41.04771961600897,17
Latent Neural ODE (ours),2,train,2019,B103,62.48382328795101,48.20589818606216,17
Latent Neural ODE (ours),2,train,2019,B104,56.9110895441924,46.313370398676064,17
Latent Neural ODE (ours),2,train,2019,B105,81.90549715466504,59.24697909882953,17
Latent Neural ODE (ours),2,train,2019,B107,67.67191457174273,55.62098590860043,17
Latent Neural ODE (ours),2,train,2019,B108,62.4545231233908,51.52143492199117,17
Latent Neural ODE (ours),2,train,2019,B110,80.29035712048511,59.69927828852158,17
Latent Neural ODE (ours),2,train,2019,B111,102.2898760243964,72.02218890146051,17
Latent Neural ODE (ours),2,train,2019,B114,59.05846361826042,48.820538489216055,17
Latent Neural ODE (ours),2,train,2019,B115,80.58011129032795,62.926425929353144,17
Latent Neural ODE (ours),2,train,2019,B119,83.28094527944744,61.63617408792828,17
Latent Neural ODE (ours),2,train,2019,B120,88.53259980955937,62.474607397517595,17
Latent Neural ODE (ours),2,train,2019,B121,61.37375888861105,48.7320399562098,17
Latent Neural ODE (ours),2,train,2019,B14,77.08829252614416,58.16548040315327,15
Latent Neural ODE (ours),2,train,2019,B14A,80.85886772865665,61.637459677351565,17
Latent Neural ODE (ours),2,train,2019,B164,83.3664644724079,61.680937481760736,17
Latent Neural ODE (ours),2,train,2019,B2,88.75146448526591,67.23792636007704,17
Latent Neural ODE (ours),2,train,2019,B37,80.18819323692041,61.37066650782684,17
Latent Neural ODE (ours),2,train,2019,B46,60.26943027589577,45.916899211860354,16
Latent Neural ODE (ours),2,train,2019,B57,61.793628630231375,48.15028658649147,17
Latent Neural ODE (ours),2,train,2019,B65,57.11033982355187,44.5219872174681,17
Latent Neural ODE (ours),2,train,2019,B66,74.16908902649544,54.13142951638191,17
Latent Neural ODE (ours),2,train,2019,B68,81.33881939850578,56.844692606160585,17
Latent Neural ODE (ours),2,train,2019,B70,70.38341064773803,51.80635146500147,17
Latent Neural ODE (ours),2,train,2019,B75,75.86717975085404,60.75033511732711,16
Latent Neural ODE (ours),2,train,2019,B76,73.85450113653268,52.51994091137029,17
Latent Neural ODE (ours),2,train,2019,B77,70.99518279742458,56.443213836175545,17
Latent Neural ODE (ours),2,train,2019,B79,68.71769047088762,54.81973411823169,17
Latent Neural ODE (ours),2,train,2019,B84,77.01810292760806,58.57619499014335,17
Latent Neural ODE (ours),2,train,2019,B85,51.89235823281185,39.79570390523571,17
Latent Neural ODE (ours),2,train,2019,B87,60.3311475915662,45.844205157255026,17
Latent Neural ODE (ours),2,train,2019,B88,65.86179437782482,55.69298634614518,17
Latent Neural ODE (ours),2,train,2019,B91,59.12296974505171,43.92231847810385,17
Latent Neural ODE (ours),2,train,2019,B97,93.59653283239031,67.34573906094262,17
Latent Neural ODE (ours),2,train,2019,BEI 10 = NORTH 10,43.107505484808755,35.93581131883352,17
Latent Neural ODE (ours),2,train,2019,BO9,60.356322011164714,52.37299262199728,17
Latent Neural ODE (ours),2,train,2019,C103,71.38159465522267,58.01106389931134,17
Latent Neural ODE (ours),2,train,2019,C123,60.457657507576826,47.69321932696582,17
Latent Neural ODE (ours),2,train,2019,CA-4,51.17792713306962,42.087106551226356,17
Latent Neural ODE (ours),2,train,2019,CG102,83.74778727166186,61.93526144242393,17
Latent Neural ODE (ours),2,train,2019,CH157,57.134987111280644,45.92783499916249,16
Latent Neural ODE (ours),2,train,2019,CH701-30,62.2480705291651,49.95922672169961,17
Latent Neural ODE (ours),2,train,2019,CH711-10,64.13390427738982,53.26341411920381,16
Latent Neural ODE (ours),2,train,2019,CH9,56.54495179402227,46.004056586927035,17
Latent Neural ODE (ours),2,train,2019,CI 40H,81.3722547673941,57.112516736570825,17
Latent Neural ODE (ours),2,train,2019,CM105,71.05267500107054,52.52231891209088,17
Latent Neural ODE (ours),2,train,2019,CO257,44.57505484945494,38.21769692937427,16
Latent Neural ODE (ours),2,train,2019,CO258,62.96304751328281,44.10335721363532,16
Latent Neural ODE (ours),2,train,2019,CQ702RC,73.99799669543698,57.50314742003795,17
Latent Neural ODE (ours),2,train,2019,CR 22 INBRED,70.16255880716625,48.14633435735366,17
Latent Neural ODE (ours),2,train,2019,CS405,71.37668218855283,56.37386471563065,17
Latent Neural ODE (ours),2,train,2019,DE2,62.49027638926175,51.7986743971591,17
Latent Neural ODE (ours),2,train,2019,DE4,66.29966783255183,55.285371563067095,17
Latent Neural ODE (ours),2,train,2019,DE811,99.47850957458773,78.62477773389196,16
Latent Neural ODE (ours),2,train,2019,DJ7,90.1620608854178,71.26098697794002,17
Latent Neural ODE (ours),2,train,2019,DK3IIH6,55.4782443649144,41.93769452018491,17
Latent Neural ODE (ours),2,train,2019,DK4676A,75.23796388063327,59.68453072346814,17
Latent Neural ODE (ours),2,train,2019,DK78002A,89.03494303430266,67.20559094105772,17
Latent Neural ODE (ours),2,train,2019,DK78010,66.67075898790425,53.15714665019768,17
Latent Neural ODE (ours),2,train,2019,DKFAPW,63.74553169164334,54.27091867269424,17
Latent Neural ODE (ours),2,train,2019,DKFBHJ,102.05215363131,69.66875920679891,17
Latent Neural ODE (ours),2,train,2019,DKMBNA,89.95120662151506,65.87620448210677,17
Latent Neural ODE (ours),2,train,2019,DKPB80,79.03636819071548,55.7145448501951,17
Latent Neural ODE (ours),2,train,2019,E8501,63.89987579393631,51.619737352576266,17
Latent Neural ODE (ours),2,train,2019,EAST 028,58.35608465465182,46.12906088142188,17
Latent Neural ODE (ours),2,train,2019,Eng-Li Chih,61.50978866161004,45.99589084384746,17
Latent Neural ODE (ours),2,train,2019,F118,77.07204971456056,56.889049000467864,17
Latent Neural ODE (ours),2,train,2019,F2834T,54.32568092520861,45.324001162696405,17
Latent Neural ODE (ours),2,train,2019,FBLA,87.78180274179569,69.18537346802037,17
Latent Neural ODE (ours),2,train,2019,FR19,143.9748068707938,115.17493780371474,17
Latent Neural ODE (ours),2,train,2019,G80,52.44446232578747,43.3856852397953,17
Latent Neural ODE (ours),2,train,2019,H110,79.05722073235334,62.46806297774373,17
Latent Neural ODE (ours),2,train,2019,H113,60.44516219453135,51.33767923086744,15
Latent Neural ODE (ours),2,train,2019,H121,65.10376257777435,54.22212925177199,17
Latent Neural ODE (ours),2,train,2019,H122w,71.19016601100594,58.182827555856605,17
Latent Neural ODE (ours),2,train,2019,H42,51.29527598457902,41.97348336985684,16
Latent Neural ODE (ours),2,train,2019,H5,82.68520948801016,63.96659742873656,17
Latent Neural ODE (ours),2,train,2019,H71,76.30303686109667,55.225692517070684,17
Latent Neural ODE (ours),2,train,2019,H84,55.67852778236403,45.700108024374124,17
Latent Neural ODE (ours),2,train,2019,H91,78.35548097082045,60.004034993168304,17
Latent Neural ODE (ours),2,train,2019,H95,43.849915269755265,39.01630504678515,15
Latent Neural ODE (ours),2,train,2019,H96,91.91873815443267,67.43481750207096,15
Latent Neural ODE (ours),2,train,2019,H99,43.11164313260669,34.26058525687919,17
Latent Neural ODE (ours),2,train,2019,HP301,55.468785955393656,45.70928861267829,17
Latent Neural ODE (ours),2,train,2019,HUANYAO,77.12616579437248,65.18608621734481,17
Latent Neural ODE (ours),2,train,2019,I29,71.55426582472465,56.2574189742742,16
Latent Neural ODE (ours),2,train,2019,IA2132,55.56414570169259,41.46127341769317,17
Latent Neural ODE (ours),2,train,2019,IBB14,73.17708745029584,59.610049991905086,17
Latent Neural ODE (ours),2,train,2019,IBB15,78.23885641050596,61.065910323388806,17
Latent Neural ODE (ours),2,train,2019,IBC2,91.95656500827175,71.65558269614533,16
Latent Neural ODE (ours),2,train,2019,ICI 193,92.99838799372888,70.36978329141748,17
Latent Neural ODE (ours),2,train,2019,ICI 740,78.47665796748294,59.61699788231948,17
Latent Neural ODE (ours),2,train,2019,ICI 893,50.63907871075191,43.85073996190416,17
Latent Neural ODE (ours),2,train,2019,ICI 986,64.54509021335814,49.43812711350944,17
Latent Neural ODE (ours),2,train,2019,IDS28,65.11593118824796,49.56537435184822,17
Latent Neural ODE (ours),2,train,2019,IDS69,51.1544152372191,38.566094317452986,16
Latent Neural ODE (ours),2,train,2019,IDS91,58.78775178083878,47.50322986785335,17
Latent Neural ODE (ours),2,train,2019,INB 101LFY/LFY (A632 X M16 S5),54.59858122754222,45.13756492863287,17
Latent Neural ODE (ours),2,train,2019,INBRED 141,104.42339649364757,76.0552232931968,15
Latent Neural ODE (ours),2,train,2019,INBRED 2-687,70.16362717346342,56.23002792029481,17
Latent Neural ODE (ours),2,train,2019,INBRED 305,54.16601367031398,45.53863185742743,16
Latent Neural ODE (ours),2,train,2019,INBRED 309,44.8482993319097,38.64263885722204,17
Latent Neural ODE (ours),2,train,2019,INBRED 321,71.41825032945103,56.416411731272014,15
Latent Neural ODE (ours),2,train,2019,Ia 453,48.38435016648133,40.9527629430194,17
Latent Neural ODE (ours),2,train,2019,J47,95.92827126032091,72.54784157231524,17
Latent Neural ODE (ours),2,train,2019,K150,75.2491129305701,57.68324758974563,17
Latent Neural ODE (ours),2,train,2019,K41,74.59626884464946,57.01804754842816,17
Latent Neural ODE (ours),2,train,2019,K47,60.347405750559226,48.062344205820665,16
Latent Neural ODE (ours),2,train,2019,K55,71.59734082386896,55.97736634671779,17
Latent Neural ODE (ours),2,train,2019,KUNG-70,44.370407670167374,39.79093487845768,17
Latent Neural ODE (ours),2,train,2019,L 127,63.572982149769295,48.95701589381054,17
Latent Neural ODE (ours),2,train,2019,L 135,73.2610354449997,56.942410945909586,17
Latent Neural ODE (ours),2,train,2019,L 139,75.13285131766638,58.35478433400577,17
Latent Neural ODE (ours),2,train,2019,L 155,68.27843609897569,55.38299089125945,17
Latent Neural ODE (ours),2,train,2019,L 289,87.61162856816946,63.69245339384773,17
Latent Neural ODE (ours),2,train,2019,LH1,46.936363303425615,34.526151998436774,17
Latent Neural ODE (ours),2,train,2019,LH119,62.5152743571038,48.689853050786894,16
Latent Neural ODE (ours),2,train,2019,LH128,80.60507729518802,60.248658906971315,17
Latent Neural ODE (ours),2,train,2019,LH143 (Maintainer),75.64136693458518,55.422367340039806,17
Latent Neural ODE (ours),2,train,2019,LH145,72.39926011659898,57.70794871575819,17
Latent Neural ODE (ours),2,train,2019,LH146Ht,85.28578438577809,64.35920229355955,16
Latent Neural ODE (ours),2,train,2019,LH149,83.68615159906898,62.97657599386248,17
Latent Neural ODE (ours),2,train,2019,LH165,53.24395168320188,40.83327933483019,17
Latent Neural ODE (ours),2,train,2019,LH166,59.00042588665537,49.430574909099356,16
Latent Neural ODE (ours),2,train,2019,LH172,47.98901308609165,39.49729754546412,16
Latent Neural ODE (ours),2,train,2019,LH184,85.5082120916448,69.18330735706743,17
Latent Neural ODE (ours),2,train,2019,LH185,60.98349471560747,50.72035906080485,15
Latent Neural ODE (ours),2,train,2019,LH190,66.09474449643457,51.750185094072066,17
Latent Neural ODE (ours),2,train,2019,LH191,59.10150638683092,52.46303054044582,16
Latent Neural ODE (ours),2,train,2019,LH192,64.12178454846875,48.209560683945575,17
Latent Neural ODE (ours),2,train,2019,LH194,45.97075547390454,37.786305164563764,17
Latent Neural ODE (ours),2,train,2019,LH195,40.42237181300575,35.45612920128221,17
Latent Neural ODE (ours),2,train,2019,LH197,81.25185823127502,60.13510763722411,17
Latent Neural ODE (ours),2,train,2019,LH198,80.91157733160765,59.87342812613693,17
Latent Neural ODE (ours),2,train,2019,LH199,45.38878163622047,38.270381359051896,17
Latent Neural ODE (ours),2,train,2019,LH202,94.28345274311522,69.2659550169418,17
Latent Neural ODE (ours),2,train,2019,LH204,63.667161500176334,54.39374700844893,17
Latent Neural ODE (ours),2,train,2019,LH205,93.44841467421129,77.15467089083361,17
Latent Neural ODE (ours),2,train,2019,LH206,65.12834921983396,51.9273795696085,16
Latent Neural ODE (ours),2,train,2019,LH208,63.71221803528282,53.2242457393009,16
Latent Neural ODE (ours),2,train,2019,LH209,68.09101434057874,49.86517241603582,17
Latent Neural ODE (ours),2,train,2019,LH213,81.66767542203125,61.54432991712004,16
Latent Neural ODE (ours),2,train,2019,LH214,79.50219317553307,64.78543828211889,17
Latent Neural ODE (ours),2,train,2019,LH215,77.60032117952719,61.41959525337547,15
Latent Neural ODE (ours),2,train,2019,LH222,81.43084860962944,60.03861060785767,17
Latent Neural ODE (ours),2,train,2019,LH223,80.62017885451777,63.16679381338354,16
Latent Neural ODE (ours),2,train,2019,LH224,70.7955058457742,58.980127881819584,16
Latent Neural ODE (ours),2,train,2019,LH295,53.19484514388901,46.003674104119646,17
Latent Neural ODE (ours),2,train,2019,LH59,52.30155090955032,42.543130272307764,17
Latent Neural ODE (ours),2,train,2019,LH60,78.05535573427885,58.133416398427684,17
Latent Neural ODE (ours),2,train,2019,LH61,53.31977132574364,45.64258668311755,16
Latent Neural ODE (ours),2,train,2019,LH74,72.75572571186841,54.76165722843828,17
Latent Neural ODE (ours),2,train,2019,LH82,44.42534085201642,36.513989050079,17
Latent Neural ODE (ours),2,train,2019,LH93,61.72798293233551,49.47056640032571,17
Latent Neural ODE (ours),2,train,2019,LIBC 4,72.70493050846211,58.088125430072466,17
Latent Neural ODE (ours),2,train,2019,LP1 NR HT,93.4133299545647,66.23506506320503,17
Latent Neural ODE (ours),2,train,2019,LP5,75.49574243714102,56.572867196051895,16
Latent Neural ODE (ours),2,train,2019,Lp215D,78.1137465443243,57.89565439827079,17
Latent Neural ODE (ours),2,train,2019,M14,45.98406506126341,37.03932446999396,17
Latent Neural ODE (ours),2,train,2019,MBPM,75.7690034638357,57.867163456783885,17
Latent Neural ODE (ours),2,train,2019,MBWZ,85.8671276578029,63.8820889534633,17
Latent Neural ODE (ours),2,train,2019,MEF156-55-2,59.393014180915095,47.040793335725844,16
Latent Neural ODE (ours),2,train,2019,ML606,72.28883980542851,60.0814192902604,17
Latent Neural ODE (ours),2,train,2019,MM501D,65.36186994282215,52.41667199487439,17
Latent Neural ODE (ours),2,train,2019,MQ305,71.70525743862167,58.09470045901358,16
Latent Neural ODE (ours),2,train,2019,MS116,76.67277351819806,59.7817390785139,16
Latent Neural ODE (ours),2,train,2019,MS132,58.01376885321337,46.557583557419605,17
Latent Neural ODE (ours),2,train,2019,MS153,67.25911613058997,53.15155329936382,17
Latent Neural ODE (ours),2,train,2019,MS200,57.8741908254936,46.964842874245264,17
Latent Neural ODE (ours),2,train,2019,MS211,55.45713733831937,47.055322030436095,17
Latent Neural ODE (ours),2,train,2019,MS221,63.20677400901862,46.268622421886455,17
Latent Neural ODE (ours),2,train,2019,MS224,96.41303464697955,73.0130704199294,15
Latent Neural ODE (ours),2,train,2019,MS225,80.4179971344146,60.808044694376164,17
Latent Neural ODE (ours),2,train,2019,MS226,60.694418301050504,50.16519849202482,17
Latent Neural ODE (ours),2,train,2019,MS24A,42.87242689669215,34.14956831528957,17
Latent Neural ODE (ours),2,train,2019,MS67,78.48801426449381,62.995781937960814,16
Latent Neural ODE (ours),2,train,2019,MS71,67.53216794213576,50.923889250956975,17
Latent Neural ODE (ours),2,train,2019,MS72,60.055007085336314,46.42649627209538,17
Latent Neural ODE (ours),2,train,2019,Mo46,72.24873621540004,57.814557676268635,16
Latent Neural ODE (ours),2,train,2019,Mo47,40.1245673053737,31.004833840088743,17
Latent Neural ODE (ours),2,train,2019,Mo5,55.14797672486588,43.33827704686601,16
Latent Neural ODE (ours),2,train,2019,N192,60.23759863051664,49.7468873394824,17
Latent Neural ODE (ours),2,train,2019,N193,46.55861736541218,36.52117520150086,17
Latent Neural ODE (ours),2,train,2019,N201,93.33807045060352,66.47803750223261,17
Latent Neural ODE (ours),2,train,2019,N211,78.39148938096143,62.0824915596973,17
Latent Neural ODE (ours),2,train,2019,N217,98.3202042037396,71.5212448879001,17
Latent Neural ODE (ours),2,train,2019,N28Ht,86.2228000495031,64.27409945889657,17
Latent Neural ODE (ours),2,train,2019,N501,67.31476460879969,50.67766067985048,16
Latent Neural ODE (ours),2,train,2019,N523,107.27477073704668,75.99364784384997,17
Latent Neural ODE (ours),2,train,2019,N527,55.869033712654755,41.957689035291416,17
Latent Neural ODE (ours),2,train,2019,N534,88.03031809078826,61.70375147368891,17
Latent Neural ODE (ours),2,train,2019,N542,59.16736750096792,48.53564785501285,17
Latent Neural ODE (ours),2,train,2019,N6,66.43522226517997,49.92066865448685,17
Latent Neural ODE (ours),2,train,2019,NC262,44.89504890121082,39.9876554894682,16
Latent Neural ODE (ours),2,train,2019,NC294,50.81886713212636,42.63082754393698,17
Latent Neural ODE (ours),2,train,2019,NC310,74.0515585468245,56.45598674930839,17
Latent Neural ODE (ours),2,train,2019,NC326,67.03547467126302,55.136750141898155,17
Latent Neural ODE (ours),2,train,2019,NC328,83.36456980797502,63.5421536081019,17
Latent Neural ODE (ours),2,train,2019,NC368,87.83361275012001,69.6775113605281,16
Latent Neural ODE (ours),2,train,2019,NC412,36.04946899120179,30.243761151592388,15
Latent Neural ODE (ours),2,train,2019,ND247,43.14064153891071,36.898850028603846,15
Latent Neural ODE (ours),2,train,2019,ND265,65.22714708506295,51.05692080329794,17
Latent Neural ODE (ours),2,train,2019,NK740,83.09991969695169,60.963758233467786,17
Latent Neural ODE (ours),2,train,2019,NK778,68.88235493420001,57.55983900429105,16
Latent Neural ODE (ours),2,train,2019,NK807,57.08433811408911,43.903963995053196,17
Latent Neural ODE (ours),2,train,2019,NKS8326,78.23514768253828,59.33588361134393,17
Latent Neural ODE (ours),2,train,2019,NORTH 7,56.3692553231378,45.5324059427932,17
Latent Neural ODE (ours),2,train,2019,NQ508,95.14415799003498,69.62262620221307,17
Latent Neural ODE (ours),2,train,2019,NS501,68.11077071341936,54.940990982352375,17
Latent Neural ODE (ours),2,train,2019,NS701,77.04065957138546,59.4149640373115,17
Latent Neural ODE (ours),2,train,2019,NY 166 (Neveh Yaar),46.355896685244176,39.84639210649745,17
Latent Neural ODE (ours),2,train,2019,NY6371,78.8562283756775,60.3938846196436,17
Latent Neural ODE (ours),2,train,2019,Ny821,37.96661187468565,32.5284075293475,17
Latent Neural ODE (ours),2,train,2019,OH33,125.22022626354915,90.87501410199312,17
Latent Neural ODE (ours),2,train,2019,OQ403,67.01047100202919,55.74692361563389,17
Latent Neural ODE (ours),2,train,2019,OQ603,87.26403035754173,67.66474964838525,17
Latent Neural ODE (ours),2,train,2019,OS602,74.1994326597888,57.67021422153186,17
Latent Neural ODE (ours),2,train,2019,Oh40B,66.48760011432087,49.61197672522858,17
Latent Neural ODE (ours),2,train,2019,Oh43,62.01370133686968,50.18753549815783,17
Latent Neural ODE (ours),2,train,2019,Oh7,123.7857529545077,92.67071305004228,15
Latent Neural ODE (ours),2,train,2019,Os420,108.50623389318125,77.43445575245393,17
Latent Neural ODE (ours),2,train,2019,Os426,84.59475883554103,65.81237014862468,17
Latent Neural ODE (ours),2,train,2019,PHB09,54.90044362064632,42.84725581474174,17
Latent Neural ODE (ours),2,train,2019,PHB47,65.09807778679499,50.36566890282894,17
Latent Neural ODE (ours),2,train,2019,PHBA6,145.6319689375563,103.76076824770837,17
Latent Neural ODE (ours),2,train,2019,PHBB3,66.93344549094088,52.632551037598354,17
Latent Neural ODE (ours),2,train,2019,PHBW8,60.244376444494485,46.57803520131581,15
Latent Neural ODE (ours),2,train,2019,PHG29,64.39003054378014,50.46570927449574,17
Latent Neural ODE (ours),2,train,2019,PHG47,38.92677099808523,32.980433190709036,17
Latent Neural ODE (ours),2,train,2019,PHG50,65.18264514396438,53.7732540541518,17
Latent Neural ODE (ours),2,train,2019,PHG71,84.35682893677564,65.7652442762979,17
Latent Neural ODE (ours),2,train,2019,PHG72,48.128133348474144,38.8031876165827,17
Latent Neural ODE (ours),2,train,2019,PHG80,123.57319029789343,92.16217257433495,17
Latent Neural ODE (ours),2,train,2019,PHG83,86.20378839363734,63.26269805851455,17
Latent Neural ODE (ours),2,train,2019,PHG86,115.25861924661942,81.63145317095186,16
Latent Neural ODE (ours),2,train,2019,PHGW7,90.51506153409116,69.59970341582905,17
Latent Neural ODE (ours),2,train,2019,PHH93,76.16330390668485,61.57131550087456,17
Latent Neural ODE (ours),2,train,2019,PHHV4,71.1198741347629,51.39102121661575,17
Latent Neural ODE (ours),2,train,2019,PHJ70,78.7700469404592,61.72786560965412,17
Latent Neural ODE (ours),2,train,2019,PHJ89,55.780246359584574,43.37070572979219,17
Latent Neural ODE (ours),2,train,2019,PHJ90,83.40545305380844,68.31194817744218,16
Latent Neural ODE (ours),2,train,2019,PHJR5,115.14364531109429,84.6426183653001,17
Latent Neural ODE (ours),2,train,2019,PHK35,83.49841408927728,63.16896815064753,17
Latent Neural ODE (ours),2,train,2019,PHK42,61.07601250929398,45.49101647784771,17
Latent Neural ODE (ours),2,train,2019,PHK56,71.26392752786894,56.5151249999575,17
Latent Neural ODE (ours),2,train,2019,PHK74,99.17615118327912,70.65713603732058,17
Latent Neural ODE (ours),2,train,2019,PHKE6,68.90816072089372,56.38240915168643,17
Latent Neural ODE (ours),2,train,2019,PHM10,83.39103389883678,67.84604219790302,16
Latent Neural ODE (ours),2,train,2019,PHN11,65.91037460674835,52.84460392042434,17
Latent Neural ODE (ours),2,train,2019,PHN29,74.02958482963587,58.49553245935544,17
Latent Neural ODE (ours),2,train,2019,PHN66,77.35324892432281,59.4840380310922,16
Latent Neural ODE (ours),2,train,2019,PHP02,68.9330491923247,57.07138822473663,17
Latent Neural ODE (ours),2,train,2019,PHP55,77.35833419511971,61.42924673345006,17
Latent Neural ODE (ours),2,train,2019,PHP76,76.85112532425845,58.47141511361185,17
Latent Neural ODE (ours),2,train,2019,PHP85,50.101580691540576,41.240175480812326,17
Latent Neural ODE (ours),2,train,2019,PHPR5,80.35815340752228,62.975448010359955,16
Latent Neural ODE (ours),2,train,2019,PHR03,103.76842089088635,75.84020850779648,17
Latent Neural ODE (ours),2,train,2019,PHR30,76.95325317715108,59.64774421698171,17
Latent Neural ODE (ours),2,train,2019,PHR31,85.23294832511186,62.81178075309466,17
Latent Neural ODE (ours),2,train,2019,PHR36,70.88556542784562,55.507660291139985,17
Latent Neural ODE (ours),2,train,2019,PHR47,76.21161718088243,58.71897891603138,17
Latent Neural ODE (ours),2,train,2019,PHR58,70.51046667821323,58.57837202724738,16
Latent Neural ODE (ours),2,train,2019,PHR63,68.89216591917273,55.895977491180744,17
Latent Neural ODE (ours),2,train,2019,PHT10,86.09006920336984,66.00369846226302,17
Latent Neural ODE (ours),2,train,2019,PHT47,88.66621221364635,68.37205191335788,17
Latent Neural ODE (ours),2,train,2019,PHT55,116.81698638968062,89.94884342086348,17
Latent Neural ODE (ours),2,train,2019,PHTM9,93.7811584938808,70.12866329878294,17
Latent Neural ODE (ours),2,train,2019,PHV37,51.52181847120922,39.66121913677233,17
Latent Neural ODE (ours),2,train,2019,PHV57,68.44407736751783,54.299431211591475,17
Latent Neural ODE (ours),2,train,2019,PHV63,78.85669332930793,63.93567854379859,17
Latent Neural ODE (ours),2,train,2019,PHVA9,83.5354213786809,65.17640813285517,17
Latent Neural ODE (ours),2,train,2019,PHW03,84.02658752658999,64.73250105305608,17
Latent Neural ODE (ours),2,train,2019,PHW17,87.39382155155357,68.84581898092547,17
Latent Neural ODE (ours),2,train,2019,PHW20,76.30510046071126,59.77602188914261,17
Latent Neural ODE (ours),2,train,2019,PHW30,101.86410851981238,84.2861320600744,15
Latent Neural ODE (ours),2,train,2019,PHW52,57.24550163204018,46.63300617009578,17
Latent Neural ODE (ours),2,train,2019,PHW53,68.39650896320202,56.73698405428679,16
Latent Neural ODE (ours),2,train,2019,PHW79,84.46924386935208,64.71155479769489,15
Latent Neural ODE (ours),2,train,2019,PHW80,59.453958672042,48.248136853185486,17
Latent Neural ODE (ours),2,train,2019,PHW86,68.64222421927985,54.718036504482114,17
Latent Neural ODE (ours),2,train,2019,PHZ51,87.15416365848009,70.92432015364179,17
Latent Neural ODE (ours),2,train,2019,Pa392,42.336771466344594,33.368286459301146,17
Latent Neural ODE (ours),2,train,2019,Pa405,71.25977373532852,57.05050132049235,17
Latent Neural ODE (ours),2,train,2019,Pa762,55.686606387269364,42.07975650533834,17
Latent Neural ODE (ours),2,train,2019,Pa875,85.33158115103045,64.11570103376364,17
Latent Neural ODE (ours),2,train,2019,Pa880,100.95975425445181,70.87537791638704,17
Latent Neural ODE (ours),2,train,2019,Pa91,82.63400247435564,63.028907150885786,17
Latent Neural ODE (ours),2,train,2019,Q381,78.89593224860285,57.04937145847404,17
Latent Neural ODE (ours),2,train,2019,R168,53.35254863011988,42.43236564662462,17
Latent Neural ODE (ours),2,train,2019,R181B,86.4376857170804,65.24657272333371,17
Latent Neural ODE (ours),2,train,2019,R226,85.2304124759471,61.11384574861463,17
Latent Neural ODE (ours),2,train,2019,R227,81.73977353776158,61.29841015109525,17
Latent Neural ODE (ours),2,train,2019,R71,65.41919201998726,53.14400380140284,17
Latent Neural ODE (ours),2,train,2019,R78,63.196504199227604,53.577355885818406,16
Latent Neural ODE (ours),2,train,2019,S8326,81.03348550505453,66.71332000489534,15
Latent Neural ODE (ours),2,train,2019,SD101,44.65962854242414,37.99687789112007,17
Latent Neural ODE (ours),2,train,2019,SD102,32.301361007693515,26.59278204621926,17
Latent Neural ODE (ours),2,train,2019,SD107,101.15217199827133,78.38224965504754,17
Latent Neural ODE (ours),2,train,2019,SD40,71.30873892745589,56.1995321564677,17
Latent Neural ODE (ours),2,train,2019,SD44,48.239507460681466,40.04645249983607,17
Latent Neural ODE (ours),2,train,2019,SG 30A,65.62700020216838,54.55931170253218,17
Latent Neural ODE (ours),2,train,2019,Seagull Seventeen,78.84663372625313,61.29285433349614,16
Latent Neural ODE (ours),2,train,2019,T242,51.74958023302313,41.693432172688716,15
Latent Neural ODE (ours),2,train,2019,TZU-CHIAO-HSI-WU 105,71.11334352759236,55.31414705870724,17
Latent Neural ODE (ours),2,train,2019,Tr,72.06153097076854,53.436753731644686,17
Latent Neural ODE (ours),2,train,2019,Va26,96.32107983200778,71.84990324534706,16
Latent Neural ODE (ours),2,train,2019,Va35,59.460437751676004,50.27240161068217,17
Latent Neural ODE (ours),2,train,2019,Va52,59.159389839608124,46.312031701387234,16
Latent Neural ODE (ours),2,train,2019,Va59,73.0288440765345,57.92867724663724,17
Latent Neural ODE (ours),2,train,2019,Va99,75.47386989451448,58.07292053579442,17
Latent Neural ODE (ours),2,train,2019,VaW6,37.026921399189426,32.51055686565217,17
Latent Neural ODE (ours),2,train,2019,W117Ht,56.04617373405712,47.39403029623598,16
Latent Neural ODE (ours),2,train,2019,W153R,61.82023155903786,49.387574216501875,17
Latent Neural ODE (ours),2,train,2019,W22,67.85142983996177,54.065234646368204,17
Latent Neural ODE (ours),2,train,2019,W23,69.18078226862238,48.15743429393905,17
Latent Neural ODE (ours),2,train,2019,W24,73.82411035864418,59.840259665518886,16
Latent Neural ODE (ours),2,train,2019,W32,50.5507028961437,41.78131237096695,17
Latent Neural ODE (ours),2,train,2019,W37A,59.288557633438465,45.81710005955301,15
Latent Neural ODE (ours),2,train,2019,W552,65.73064569672805,49.96327032302792,17
Latent Neural ODE (ours),2,train,2019,W603S,38.23665841234366,30.85455458786608,15
Latent Neural ODE (ours),2,train,2019,W604S,65.25949705349561,53.736664601856056,17
Latent Neural ODE (ours),2,train,2019,W605S,79.60636507596098,56.752055073469165,17
Latent Neural ODE (ours),2,train,2019,W607S,77.0328424199189,54.995588685548285,17
Latent Neural ODE (ours),2,train,2019,W610S,75.24499354587641,61.98520275036313,16
Latent Neural ODE (ours),2,train,2019,W612S,68.8132094568714,53.520085647770955,17
Latent Neural ODE (ours),2,train,2019,W614S,71.00159145460562,53.470505027892976,17
Latent Neural ODE (ours),2,train,2019,W64A,53.73317385963378,46.385994805535425,17
Latent Neural ODE (ours),2,train,2019,W701BC,33.55954228832206,28.45199750814656,17
Latent Neural ODE (ours),2,train,2019,W809G,108.16503304826055,75.2893647518274,17
Latent Neural ODE (ours),2,train,2019,W810G,71.51932821230474,52.102639700811835,17
Latent Neural ODE (ours),2,train,2019,W812G,64.47499723589969,52.28704757606313,17
Latent Neural ODE (ours),2,train,2019,W813G,75.74730264686136,61.29544875078727,17
Latent Neural ODE (ours),2,train,2019,W814G,96.86164993554104,76.70431480664898,17
Latent Neural ODE (ours),2,train,2019,W8304,85.55798669549888,66.72337342554746,17
Latent Neural ODE (ours),2,train,2019,W9,52.848764996695415,44.30107102366715,17
Latent Neural ODE (ours),2,train,2019,WIL900,85.37401093626399,68.4629459898805,17
Latent Neural ODE (ours),2,train,2019,WR3,66.3579739937735,53.201643115490604,17
Latent Neural ODE (ours),2,train,2019,WU-TAN-TZAO,55.316795246670374,47.41632963510494,16
Latent Neural ODE (ours),2,train,2019,YE 4,70.21840944248923,55.60976332142315,17
Latent Neural ODE (ours),2,train,2019,YING-55,43.85256441309685,34.53534857761355,17
Latent Neural ODE (ours),2,train,2019,Yu796 NS,65.752256143445,52.57847369450378,17
Latent Neural ODE (ours),2,train,2019,ZS635,92.4758426541653,71.42448411431887,17
Latent Neural ODE (ours),2,val,2020,1538,169.85693212474757,163.08125212484399,5
Latent Neural ODE (ours),2,val,2020,2369,45.039888075844814,35.517902532131544,6
Latent Neural ODE (ours),2,val,2020,29MIBZ2,107.71235290668194,86.10317894989558,7
Latent Neural ODE (ours),2,val,2020,2FACC,177.25758129594203,159.28776193922917,7
Latent Neural ODE (ours),2,val,2020,2FADB,142.63816601457398,115.72087989221622,7
Latent Neural ODE (ours),2,val,2020,2MA22,91.49277842090304,78.50538424761602,7
Latent Neural ODE (ours),2,val,2020,2MCDB,82.58566255210721,67.85601557453741,6
Latent Neural ODE (ours),2,val,2020,3IJI1,117.01219043544327,96.79712527025124,7
Latent Neural ODE (ours),2,val,2020,4226,147.63557678460054,126.97128589723137,7
Latent Neural ODE (ours),2,val,2020,4F-306 108,112.74576326421281,99.34449064682687,7
Latent Neural ODE (ours),2,val,2020,4N506,173.37935873471585,147.83836165246157,6
Latent Neural ODE (ours),2,val,2020,6F629,165.1931651290524,144.56074004404778,7
Latent Neural ODE (ours),2,val,2020,6M502,98.92097894902244,94.21284100705181,7
Latent Neural ODE (ours),2,val,2020,6M502A,101.66250964536201,87.86587732869421,7
Latent Neural ODE (ours),2,val,2020,764,108.89821202499266,94.58059328642648,7
Latent Neural ODE (ours),2,val,2020,78010,100.73285513805047,86.84125717579832,7
Latent Neural ODE (ours),2,val,2020,78551S,101.46553585483802,91.94048265929617,7
Latent Neural ODE (ours),2,val,2020,790,101.26357337091031,85.63398622330666,7
Latent Neural ODE (ours),2,val,2020,793,191.18886105613595,174.12789493608483,7
Latent Neural ODE (ours),2,val,2020,87916W,165.5099495363079,143.89189019968754,7
Latent Neural ODE (ours),2,val,2020,911,119.34010581853714,105.38431725526259,7
Latent Neural ODE (ours),2,val,2020,912,91.91460439928377,74.60187881014488,7
Latent Neural ODE (ours),2,val,2020,91IFC2,113.43593410387876,96.03365143305548,6
Latent Neural ODE (ours),2,val,2020,A,123.11526157864506,99.29395783016149,7
Latent Neural ODE (ours),2,val,2020,A208,133.0716609433891,117.7803220058478,7
Latent Neural ODE (ours),2,val,2020,A239,164.88406407289094,149.80648918927986,7
Latent Neural ODE (ours),2,val,2020,A258,132.97665211803277,124.74957245668243,7
Latent Neural ODE (ours),2,val,2020,A272,157.72743390429977,130.14326791646457,7
Latent Neural ODE (ours),2,val,2020,A305,155.34837792557713,130.6300557536051,7
Latent Neural ODE (ours),2,val,2020,A321,90.09208457894624,73.88165830711715,7
Latent Neural ODE (ours),2,val,2020,A322,140.50604051633476,128.37580121731992,7
Latent Neural ODE (ours),2,val,2020,A334,143.06764009808734,132.95735460148225,7
Latent Neural ODE (ours),2,val,2020,A340,107.15944118103393,87.21798374731713,7
Latent Neural ODE (ours),2,val,2020,A374,153.078708468845,132.5646768770494,7
Latent Neural ODE (ours),2,val,2020,A385,105.66433795953164,84.10273520597418,7
Latent Neural ODE (ours),2,val,2020,A427,150.4720529782552,136.7849639801417,7
Latent Neural ODE (ours),2,val,2020,A548,132.98092196201276,121.02643216613784,7
Latent Neural ODE (ours),2,val,2020,A556,88.01773517469613,80.61805017299636,6
Latent Neural ODE (ours),2,val,2020,A572,152.0603996396125,132.30824483377754,7
Latent Neural ODE (ours),2,val,2020,A619,127.62696989915005,114.3825733042665,7
Latent Neural ODE (ours),2,val,2020,A627,94.04337509587864,76.34395148460654,7
Latent Neural ODE (ours),2,val,2020,A632,132.5416721123448,116.92311708350312,7
Latent Neural ODE (ours),2,val,2020,A634,130.65510309681144,120.87574478359618,7
Latent Neural ODE (ours),2,val,2020,A635,139.65255288813876,124.65147534821793,7
Latent Neural ODE (ours),2,val,2020,A641,117.05891563983025,101.41354237899814,7
Latent Neural ODE (ours),2,val,2020,A648,134.316393810089,116.64463717226552,7
Latent Neural ODE (ours),2,val,2020,A649,165.4754707477426,137.72928257591903,7
Latent Neural ODE (ours),2,val,2020,A659,161.1438099273592,138.1613179134949,7
Latent Neural ODE (ours),2,val,2020,A663,177.40706695709267,154.97192939015727,7
Latent Neural ODE (ours),2,val,2020,A672,128.8088106105251,109.12637860762895,7
Latent Neural ODE (ours),2,val,2020,A674,124.31772180344791,117.15019858536,7
Latent Neural ODE (ours),2,val,2020,A679,153.28170634586772,126.08128134349961,7
Latent Neural ODE (ours),2,val,2020,A680,158.708734658979,127.88137083470453,6
Latent Neural ODE (ours),2,val,2020,A682,122.64462043307852,103.04225163579885,7
Latent Neural ODE (ours),2,val,2020,A71,164.3263906419184,146.40353033290862,7
Latent Neural ODE (ours),2,val,2020,A73,124.19129545437859,115.72412319999388,7
Latent Neural ODE (ours),2,val,2020,AQA3,134.15390721150246,116.6229540370661,7
Latent Neural ODE (ours),2,val,2020,AS6103,131.54469615367205,110.68172423318394,6
Latent Neural ODE (ours),2,val,2020,AusTRCF 306238,167.2568479638714,136.89104657357288,7
Latent Neural ODE (ours),2,val,2020,B-18 INBR.FR.SUPERGOLD,149.71143422675812,133.01557312268685,7
Latent Neural ODE (ours),2,val,2020,B-28,107.95689123999934,97.63507839429339,7
Latent Neural ODE (ours),2,val,2020,B103,116.14380633951029,95.87758667472774,7
Latent Neural ODE (ours),2,val,2020,B104,116.16383213966766,96.82485306520279,7
Latent Neural ODE (ours),2,val,2020,B105,94.27006866745582,82.18596947014737,6
Latent Neural ODE (ours),2,val,2020,B107,121.8238388806703,97.41466469026959,6
Latent Neural ODE (ours),2,val,2020,B108,145.05865573183866,129.27189824705027,7
Latent Neural ODE (ours),2,val,2020,B110,193.76589964983583,166.6505594148068,7
Latent Neural ODE (ours),2,val,2020,B111,216.68423776926812,190.06379969481299,7
Latent Neural ODE (ours),2,val,2020,B114,154.2526567001447,122.19359924365988,6
Latent Neural ODE (ours),2,val,2020,B115,129.90330826604767,101.04628813683237,7
Latent Neural ODE (ours),2,val,2020,B119,124.87279161449285,103.06837222452727,7
Latent Neural ODE (ours),2,val,2020,B120,153.6941876239026,134.85669122946382,7
Latent Neural ODE (ours),2,val,2020,B121,159.32355376017642,132.4514766444682,7
Latent Neural ODE (ours),2,val,2020,B14,77.88725874104482,66.71622962828998,6
Latent Neural ODE (ours),2,val,2020,B14A,122.94887393425176,105.82174329845144,6
Latent Neural ODE (ours),2,val,2020,B164,132.20214383685567,111.90114576405219,7
Latent Neural ODE (ours),2,val,2020,B2,132.743661717521,117.24918479479093,7
Latent Neural ODE (ours),2,val,2020,B37,120.3739563828519,101.99363021324011,7
Latent Neural ODE (ours),2,val,2020,B46,109.3296097173923,89.62249310553547,6
Latent Neural ODE (ours),2,val,2020,B57,75.27501404749057,71.11137984273348,7
Latent Neural ODE (ours),2,val,2020,B65,141.94282279566877,120.16725473527859,7
Latent Neural ODE (ours),2,val,2020,B66,158.68100764052147,133.62774359086055,7
Latent Neural ODE (ours),2,val,2020,B68,119.40807777474038,95.32622139581119,7
Latent Neural ODE (ours),2,val,2020,B70,154.60098954449305,129.5849866259681,7
Latent Neural ODE (ours),2,val,2020,B75,140.23341345144289,115.59928098851921,7
Latent Neural ODE (ours),2,val,2020,B76,142.84404178271075,124.39514668852568,7
Latent Neural ODE (ours),2,val,2020,B77,117.02316840634415,103.91379937294305,7
Latent Neural ODE (ours),2,val,2020,B79,131.38794175945142,117.32148484266678,6
Latent Neural ODE (ours),2,val,2020,B84,143.86064740636638,113.66340207898328,7
Latent Neural ODE (ours),2,val,2020,B85,149.75433703265693,129.90116066965862,7
Latent Neural ODE (ours),2,val,2020,B87,120.3390319771841,107.00023029833652,7
Latent Neural ODE (ours),2,val,2020,B88,80.01027264470336,70.16673740670633,7
Latent Neural ODE (ours),2,val,2020,B91,160.1548067478909,142.92027091233788,7
Latent Neural ODE (ours),2,val,2020,B97,127.6615859812622,99.53625550471038,7
Latent Neural ODE (ours),2,val,2020,BEI 10 = NORTH 10,110.13341423727778,98.93867439809709,7
Latent Neural ODE (ours),2,val,2020,BO9,161.13750085302556,154.7199723432097,5
Latent Neural ODE (ours),2,val,2020,C103,95.70068258797971,83.40276382516764,6
Latent Neural ODE (ours),2,val,2020,C123,96.76530646492833,77.30169069914913,7
Latent Neural ODE (ours),2,val,2020,CA-4,102.81902773495496,95.34288778635702,7
Latent Neural ODE (ours),2,val,2020,CG102,181.70055433399747,156.98702327801334,7
Latent Neural ODE (ours),2,val,2020,CH157,167.42921377439149,148.79288237682482,7
Latent Neural ODE (ours),2,val,2020,CH701-30,164.8078039319881,155.01284056992446,6
Latent Neural ODE (ours),2,val,2020,CH711-10,141.82754836805577,120.28815859448605,7
Latent Neural ODE (ours),2,val,2020,CH9,107.46506570053889,92.46080020685723,7
Latent Neural ODE (ours),2,val,2020,CI 40H,170.83871218131767,146.7118102670804,6
Latent Neural ODE (ours),2,val,2020,CM105,159.059550367179,138.85429162972926,7
Latent Neural ODE (ours),2,val,2020,CO257,71.66014205032704,60.429692616271915,7
Latent Neural ODE (ours),2,val,2020,CO258,93.44434656282694,82.99268611048579,7
Latent Neural ODE (ours),2,val,2020,CQ702RC,116.29971257090133,101.48847106236677,7
Latent Neural ODE (ours),2,val,2020,CR 22 INBRED,202.91139682054083,190.63049673758778,5
Latent Neural ODE (ours),2,val,2020,CS405,163.29367204501182,149.9956271691078,6
Latent Neural ODE (ours),2,val,2020,DE2,83.17605737149357,70.16385032877905,6
Latent Neural ODE (ours),2,val,2020,DE4,111.30559259130176,94.1149734503872,7
Latent Neural ODE (ours),2,val,2020,DE811,206.4551035645176,176.03281388419813,6
Latent Neural ODE (ours),2,val,2020,DJ7,130.6089574141551,109.50018322125436,7
Latent Neural ODE (ours),2,val,2020,DK3IIH6,136.13606111693278,121.57345966046498,7
Latent Neural ODE (ours),2,val,2020,DK4676A,143.77308185294794,128.0818746334425,6
Latent Neural ODE (ours),2,val,2020,DK78002A,149.4318789795907,128.26531040158824,7
Latent Neural ODE (ours),2,val,2020,DK78010,116.1097348013755,103.64118860943186,7
Latent Neural ODE (ours),2,val,2020,DKFAPW,155.012428346053,147.37720193467197,7
Latent Neural ODE (ours),2,val,2020,DKFBHJ,159.77705153719447,139.54215027868605,7
Latent Neural ODE (ours),2,val,2020,DKMBNA,198.80985019183322,189.14314927173388,5
Latent Neural ODE (ours),2,val,2020,DKPB80,195.52481593307044,178.07723620164535,7
Latent Neural ODE (ours),2,val,2020,E8501,164.48984199080382,149.68789242386967,6
Latent Neural ODE (ours),2,val,2020,EAST 028,160.19501823491078,152.46070242217692,7
Latent Neural ODE (ours),2,val,2020,Eng-Li Chih,176.1429882141814,156.2973032837301,7
Latent Neural ODE (ours),2,val,2020,F118,126.15542241484344,110.0453794709979,7
Latent Neural ODE (ours),2,val,2020,F2834T,87.28956246046819,71.91921847526439,7
Latent Neural ODE (ours),2,val,2020,FBLA,138.6544689267983,118.94095069814867,7
Latent Neural ODE (ours),2,val,2020,FR19,123.87195570816034,113.80135553675207,7
Latent Neural ODE (ours),2,val,2020,G80,109.2332182496023,101.16106089494376,7
Latent Neural ODE (ours),2,val,2020,H110,138.24668561054554,112.62545997163849,7
Latent Neural ODE (ours),2,val,2020,H113,98.74977782524498,93.29334146286057,7
Latent Neural ODE (ours),2,val,2020,H121,98.9079168637213,90.3821251884527,7
Latent Neural ODE (ours),2,val,2020,H122w,70.49929169728215,63.650801677842686,7
Latent Neural ODE (ours),2,val,2020,H42,68.31056953270331,52.256287036337945,6
Latent Neural ODE (ours),2,val,2020,H5,100.66960392985739,80.2847669247299,7
Latent Neural ODE (ours),2,val,2020,H71,125.56695484031923,109.69507557741616,6
Latent Neural ODE (ours),2,val,2020,H84,92.12445379404987,79.65764339526064,7
Latent Neural ODE (ours),2,val,2020,H91,137.59640157810801,115.75794864075932,7
Latent Neural ODE (ours),2,val,2020,H95,122.77252477330934,108.06845690048041,7
Latent Neural ODE (ours),2,val,2020,H96,120.52367847116342,104.41081155120933,7
Latent Neural ODE (ours),2,val,2020,H99,81.99551069760358,69.33862452796534,7
Latent Neural ODE (ours),2,val,2020,HP301,101.30495396782732,91.15799356621922,7
Latent Neural ODE (ours),2,val,2020,HUANYAO,72.92738451372254,65.53566540964883,7
Latent Neural ODE (ours),2,val,2020,I29,119.60020045266148,105.86485203486814,7
Latent Neural ODE (ours),2,val,2020,IA2132,112.42751404237993,93.27651315158376,6
Latent Neural ODE (ours),2,val,2020,IBB14,136.50098225161022,108.83958459668631,7
Latent Neural ODE (ours),2,val,2020,IBB15,115.47062139691467,90.53655077200236,7
Latent Neural ODE (ours),2,val,2020,IBC2,152.96426164980386,140.65940823029325,7
Latent Neural ODE (ours),2,val,2020,ICI 193,146.8569117940985,115.54382366981424,7
Latent Neural ODE (ours),2,val,2020,ICI 740,185.35560309959234,170.14680364425644,5
Latent Neural ODE (ours),2,val,2020,ICI 893,106.95773270927525,90.31840180753122,7
Latent Neural ODE (ours),2,val,2020,ICI 986,116.23675690535454,90.97402637251182,7
Latent Neural ODE (ours),2,val,2020,IDS28,155.96656516847173,138.435088859198,7
Latent Neural ODE (ours),2,val,2020,IDS69,65.1368593277622,52.96263576463345,7
Latent Neural ODE (ours),2,val,2020,IDS91,117.42172298335589,92.30842199562508,7
Latent Neural ODE (ours),2,val,2020,INB 101LFY/LFY (A632 X M16 S5),148.78211145115506,135.11775278781292,7
Latent Neural ODE (ours),2,val,2020,INBRED 141,153.16802432476385,123.79720989007312,7
Latent Neural ODE (ours),2,val,2020,INBRED 2-687,119.89865589229319,93.97033020945331,6
Latent Neural ODE (ours),2,val,2020,INBRED 305,97.73555787925298,83.58536380407885,7
Latent Neural ODE (ours),2,val,2020,INBRED 309,73.39627780983969,61.3300308935857,6
Latent Neural ODE (ours),2,val,2020,INBRED 321,113.84775723505965,102.89084793975469,7
Latent Neural ODE (ours),2,val,2020,Ia 453,130.5272136595111,117.75239765064512,7
Latent Neural ODE (ours),2,val,2020,J47,149.3473865514789,115.67684684427266,7
Latent Neural ODE (ours),2,val,2020,K150,152.8726062305937,131.6501930609571,7
Latent Neural ODE (ours),2,val,2020,K41,116.24537897333373,101.28897990673507,7
Latent Neural ODE (ours),2,val,2020,K47,136.29618855555708,122.09023069653406,7
Latent Neural ODE (ours),2,val,2020,K55,83.69048641392351,73.6963399099734,7
Latent Neural ODE (ours),2,val,2020,KUNG-70,100.91629513705733,87.35787092839506,7
Latent Neural ODE (ours),2,val,2020,L 127,90.5160154511691,73.0328305466566,7
Latent Neural ODE (ours),2,val,2020,L 135,135.235852476788,121.31709412572634,7
Latent Neural ODE (ours),2,val,2020,L 139,143.3398249769967,128.41235412595674,6
Latent Neural ODE (ours),2,val,2020,L 155,82.68390282046776,73.16229684090254,7
Latent Neural ODE (ours),2,val,2020,L 289,174.26051428619564,153.950065321762,7
Latent Neural ODE (ours),2,val,2020,LH1,79.80920295746371,64.79847406933716,7
Latent Neural ODE (ours),2,val,2020,LH119,151.4502510618538,138.08793717210284,7
Latent Neural ODE (ours),2,val,2020,LH128,115.66372032136898,104.1948117963269,7
Latent Neural ODE (ours),2,val,2020,LH143 (Maintainer),141.58643211148924,122.48116601078571,6
Latent Neural ODE (ours),2,val,2020,LH145,155.61785874655385,142.5403089327592,7
Latent Neural ODE (ours),2,val,2020,LH146Ht,216.46341987423665,194.57338874584937,7
Latent Neural ODE (ours),2,val,2020,LH149,171.2331358519998,158.84950217385318,6
Latent Neural ODE (ours),2,val,2020,LH165,87.21121538489132,71.10683769794427,6
Latent Neural ODE (ours),2,val,2020,LH166,109.3024800266381,91.66751510853025,7
Latent Neural ODE (ours),2,val,2020,LH172,87.38576333600768,68.4975545511737,7
Latent Neural ODE (ours),2,val,2020,LH184,117.56031307437722,91.1143487907693,7
Latent Neural ODE (ours),2,val,2020,LH185,95.97654359004571,81.22824340240784,7
Latent Neural ODE (ours),2,val,2020,LH190,121.4927366369959,105.26342183302647,7
Latent Neural ODE (ours),2,val,2020,LH191,95.35569644872996,82.28650539149162,7
Latent Neural ODE (ours),2,val,2020,LH192,143.47096475783613,131.53392830148448,7
Latent Neural ODE (ours),2,val,2020,LH194,90.9611147243817,83.26363426793468,7
Latent Neural ODE (ours),2,val,2020,LH195,101.11049077290065,93.50258209555861,7
Latent Neural ODE (ours),2,val,2020,LH197,162.7143354603999,149.1161556078245,7
Latent Neural ODE (ours),2,val,2020,LH198,194.92513141244834,178.4581377258431,7
Latent Neural ODE (ours),2,val,2020,LH199,97.81426584722959,90.43331213720546,7
Latent Neural ODE (ours),2,val,2020,LH202,178.25865569227344,167.33669877054447,5
Latent Neural ODE (ours),2,val,2020,LH204,126.88598033334507,108.39153098404867,7
Latent Neural ODE (ours),2,val,2020,LH205,100.30548932875067,77.99979113042681,7
Latent Neural ODE (ours),2,val,2020,LH206,127.88151413044822,111.07907655032614,7
Latent Neural ODE (ours),2,val,2020,LH208,121.17280132714735,114.44345304995123,7
Latent Neural ODE (ours),2,val,2020,LH209,159.07905326832358,146.03670453316516,7
Latent Neural ODE (ours),2,val,2020,LH213,149.25660935771344,124.48526870301592,7
Latent Neural ODE (ours),2,val,2020,LH214,169.15825540825034,145.67423877221614,7
Latent Neural ODE (ours),2,val,2020,LH215,97.79482919512897,79.03423444127968,7
Latent Neural ODE (ours),2,val,2020,LH222,97.37757645888779,89.2824630014646,7
Latent Neural ODE (ours),2,val,2020,LH223,137.2380371687714,123.66829330119039,7
Latent Neural ODE (ours),2,val,2020,LH224,118.94918461616062,95.8702330901426,6
Latent Neural ODE (ours),2,val,2020,LH295,122.29131314422824,102.79772609144084,6
Latent Neural ODE (ours),2,val,2020,LH59,96.6167252456445,80.68539000851736,7
Latent Neural ODE (ours),2,val,2020,LH60,106.86184466831261,86.22427748214886,7
Latent Neural ODE (ours),2,val,2020,LH61,117.00595723839919,96.7263444968912,7
Latent Neural ODE (ours),2,val,2020,LH74,138.0175307044758,128.02832090162323,7
Latent Neural ODE (ours),2,val,2020,LH82,118.89428105600183,102.68998558685543,7
Latent Neural ODE (ours),2,val,2020,LH93,122.53504583489334,100.20181687745178,7
Latent Neural ODE (ours),2,val,2020,LIBC 4,121.03502078413696,111.264249096127,6
Latent Neural ODE (ours),2,val,2020,LP1 NR HT,159.71238385291622,135.9756447636826,7
Latent Neural ODE (ours),2,val,2020,LP5,174.9524983999454,162.3141382752994,7
Latent Neural ODE (ours),2,val,2020,Lp215D,110.20858528352262,87.08506488185982,7
Latent Neural ODE (ours),2,val,2020,M14,126.76173505242096,112.74830270703922,7
Latent Neural ODE (ours),2,val,2020,MBPM,141.77757730070826,125.23955023532515,7
Latent Neural ODE (ours),2,val,2020,MBWZ,146.63195747789564,129.00857207050782,7
Latent Neural ODE (ours),2,val,2020,MEF156-55-2,105.75381063271745,90.72572467880445,7
Latent Neural ODE (ours),2,val,2020,ML606,104.07917622101853,81.72408349345298,7
Latent Neural ODE (ours),2,val,2020,MM501D,67.3834265177938,56.2747686241624,7
Latent Neural ODE (ours),2,val,2020,MQ305,100.1539604454069,88.73442613455832,7
Latent Neural ODE (ours),2,val,2020,MS116,90.7552859342059,81.77994242091758,6
Latent Neural ODE (ours),2,val,2020,MS132,122.52831855405009,105.95005515393669,7
Latent Neural ODE (ours),2,val,2020,MS153,126.80079980355553,104.60813350910269,6
Latent Neural ODE (ours),2,val,2020,MS200,115.2470516646335,101.03022960275426,7
Latent Neural ODE (ours),2,val,2020,MS211,126.01466175733472,111.20366680511948,7
Latent Neural ODE (ours),2,val,2020,MS221,141.626651144509,132.2075389630497,7
Latent Neural ODE (ours),2,val,2020,MS224,168.23138837099762,142.33316682691495,7
Latent Neural ODE (ours),2,val,2020,MS225,161.5098168348587,141.06525270346933,7
Latent Neural ODE (ours),2,val,2020,MS226,123.80635261480172,108.58083771156063,7
Latent Neural ODE (ours),2,val,2020,MS24A,132.30806177172855,115.76872340676807,7
Latent Neural ODE (ours),2,val,2020,MS67,124.08815227858747,105.66578281155037,7
Latent Neural ODE (ours),2,val,2020,MS71,121.74296985000953,110.32224443526616,7
Latent Neural ODE (ours),2,val,2020,MS72,139.0145973975914,132.82442322119925,5
Latent Neural ODE (ours),2,val,2020,Mo46,160.3923125988098,137.19702579485588,7
Latent Neural ODE (ours),2,val,2020,Mo47,143.73879229826778,137.71823157795978,7
Latent Neural ODE (ours),2,val,2020,Mo5,48.63106330231232,47.33523887231503,7
Latent Neural ODE (ours),2,val,2020,N192,139.26327957824694,127.39374585322639,7
Latent Neural ODE (ours),2,val,2020,N193,154.07777005598675,139.09391758790008,7
Latent Neural ODE (ours),2,val,2020,N201,171.76113395505155,148.15734802962825,6
Latent Neural ODE (ours),2,val,2020,N211,167.32405508848302,146.67972075339443,6
Latent Neural ODE (ours),2,val,2020,N217,106.48869757920154,93.6004942469938,7
Latent Neural ODE (ours),2,val,2020,N28Ht,121.84995042085907,103.4538052723027,7
Latent Neural ODE (ours),2,val,2020,N501,71.80294311221569,62.143932539644936,7
Latent Neural ODE (ours),2,val,2020,N523,172.79804259815603,152.48065782875398,7
Latent Neural ODE (ours),2,val,2020,N527,147.55671895133537,137.53878421552048,7
Latent Neural ODE (ours),2,val,2020,N534,120.37275451770243,100.637521287596,7
Latent Neural ODE (ours),2,val,2020,N542,121.56701563449367,107.11466844480726,7
Latent Neural ODE (ours),2,val,2020,N6,124.50970568790109,99.37065050869782,7
Latent Neural ODE (ours),2,val,2020,NC262,103.83430184132057,82.33410704741053,7
Latent Neural ODE (ours),2,val,2020,NC294,115.13479648168861,104.02607994564944,7
Latent Neural ODE (ours),2,val,2020,NC310,135.59365932798303,118.7434444126354,7
Latent Neural ODE (ours),2,val,2020,NC326,131.18462108744112,119.05081602122443,7
Latent Neural ODE (ours),2,val,2020,NC328,125.80105195896722,105.19856831459738,6
Latent Neural ODE (ours),2,val,2020,NC368,112.84317530806806,93.57970379422386,7
Latent Neural ODE (ours),2,val,2020,NC412,92.89270325251194,84.98898935231581,7
Latent Neural ODE (ours),2,val,2020,ND247,155.03597027687238,145.6265066682299,7
Latent Neural ODE (ours),2,val,2020,ND265,169.94896970439171,154.58970152697592,7
Latent Neural ODE (ours),2,val,2020,NK740,94.19926964804014,77.71134558166284,7
Latent Neural ODE (ours),2,val,2020,NK778,145.13043398230585,131.64184715545642,7
Latent Neural ODE (ours),2,val,2020,NK807,128.05999562109352,117.59859431744296,6
Latent Neural ODE (ours),2,val,2020,NKS8326,139.12531622660316,117.09735898988613,6
Latent Neural ODE (ours),2,val,2020,NORTH 7,69.11586554252617,57.9559669201718,6
Latent Neural ODE (ours),2,val,2020,NQ508,147.88843054976027,119.63989599924558,7
Latent Neural ODE (ours),2,val,2020,NS501,80.20507521805835,63.630476612084344,7
Latent Neural ODE (ours),2,val,2020,NS701,104.32091740285719,91.32792766281325,7
Latent Neural ODE (ours),2,val,2020,NY 166 (Neveh Yaar),115.34274142220016,102.40555245112212,7
Latent Neural ODE (ours),2,val,2020,NY6371,127.85187365562622,112.35433307512004,7
Latent Neural ODE (ours),2,val,2020,Ny821,129.08129525447413,113.59572790407995,7
Latent Neural ODE (ours),2,val,2020,OH33,186.17096432025505,153.52288914999906,6
Latent Neural ODE (ours),2,val,2020,OQ403,124.34344060905805,107.02487854868026,7
Latent Neural ODE (ours),2,val,2020,OQ603,154.21984866059827,137.68362116614443,7
Latent Neural ODE (ours),2,val,2020,OS602,153.56757017672922,118.75024229434429,7
Latent Neural ODE (ours),2,val,2020,Oh40B,155.61450381272135,132.36277797435997,7
Latent Neural ODE (ours),2,val,2020,Oh43,153.2604318353812,141.140426498082,7
Latent Neural ODE (ours),2,val,2020,Oh7,146.6962115221132,110.68639178023591,7
Latent Neural ODE (ours),2,val,2020,Os420,153.2947595389053,142.0896949166762,5
Latent Neural ODE (ours),2,val,2020,Os426,121.68068016718195,100.68747793847977,7
Latent Neural ODE (ours),2,val,2020,PHB09,157.87065541510984,152.18156360449976,5
Latent Neural ODE (ours),2,val,2020,PHB47,179.9181056363754,168.30699107266082,7
Latent Neural ODE (ours),2,val,2020,PHBA6,209.9052572756843,176.8303046304711,7
Latent Neural ODE (ours),2,val,2020,PHBB3,142.48076100419962,134.1959056347566,7
Latent Neural ODE (ours),2,val,2020,PHBW8,158.15244802711132,129.03534123697662,7
Latent Neural ODE (ours),2,val,2020,PHG29,180.17070963003837,174.7345989060804,5
Latent Neural ODE (ours),2,val,2020,PHG47,106.51439575290672,97.7185090144071,7
Latent Neural ODE (ours),2,val,2020,PHG50,107.38446709961187,91.11226968958519,7
Latent Neural ODE (ours),2,val,2020,PHG71,151.40777673870954,135.3769501922995,7
Latent Neural ODE (ours),2,val,2020,PHG72,129.28054318382254,117.1915688920594,7
Latent Neural ODE (ours),2,val,2020,PHG80,129.43265860737972,116.95832720946339,7
Latent Neural ODE (ours),2,val,2020,PHG83,194.33583625274971,174.37222341536128,7
Latent Neural ODE (ours),2,val,2020,PHG86,155.57940777428524,132.2056892863973,7
Latent Neural ODE (ours),2,val,2020,PHGW7,161.45712220357044,138.71300937757755,7
Latent Neural ODE (ours),2,val,2020,PHH93,116.60235290005966,92.6541882794829,7
Latent Neural ODE (ours),2,val,2020,PHHV4,149.81591419155598,140.42083986579723,5
Latent Neural ODE (ours),2,val,2020,PHJ70,172.5658186229627,129.4399275020023,7
Latent Neural ODE (ours),2,val,2020,PHJ89,140.3627496363171,122.29304829867806,7
Latent Neural ODE (ours),2,val,2020,PHJ90,148.35372162650694,130.55425200967753,7
Latent Neural ODE (ours),2,val,2020,PHJR5,191.96009586322884,155.04401034161734,7
Latent Neural ODE (ours),2,val,2020,PHK35,155.59278232578103,125.93499884299895,6
Latent Neural ODE (ours),2,val,2020,PHK42,94.61152506229082,83.39216348929146,7
Latent Neural ODE (ours),2,val,2020,PHK56,131.52903059324075,112.12220338780094,6
Latent Neural ODE (ours),2,val,2020,PHK74,157.3492551655072,135.53766241309367,7
Latent Neural ODE (ours),2,val,2020,PHKE6,139.04558305645676,126.01504436009724,7
Latent Neural ODE (ours),2,val,2020,PHM10,105.22275018329353,83.63986759161897,7
Latent Neural ODE (ours),2,val,2020,PHN11,154.72766293194954,142.29417190733076,6
Latent Neural ODE (ours),2,val,2020,PHN29,134.69447006176225,117.01947306518753,7
Latent Neural ODE (ours),2,val,2020,PHN66,145.00375481848596,127.19865268575319,6
Latent Neural ODE (ours),2,val,2020,PHP02,151.96169889314962,134.60015674666954,7
Latent Neural ODE (ours),2,val,2020,PHP55,154.6369531586389,134.27205065285668,7
Latent Neural ODE (ours),2,val,2020,PHP76,168.8560643076732,159.2154446634839,7
Latent Neural ODE (ours),2,val,2020,PHP85,117.7054913381326,99.75248718676234,7
Latent Neural ODE (ours),2,val,2020,PHPR5,143.28990520636455,116.12377467076242,7
Latent Neural ODE (ours),2,val,2020,PHR03,135.87851853379416,111.28709652618862,6
Latent Neural ODE (ours),2,val,2020,PHR30,204.42134515606654,184.82399710088313,5
Latent Neural ODE (ours),2,val,2020,PHR31,133.48274111422188,108.82849352470404,7
Latent Neural ODE (ours),2,val,2020,PHR36,144.2224996331544,115.8291392892504,6
Latent Neural ODE (ours),2,val,2020,PHR47,140.312065051728,119.39111336521856,7
Latent Neural ODE (ours),2,val,2020,PHR58,82.80231880938284,71.08172491553277,5
Latent Neural ODE (ours),2,val,2020,PHR63,117.59086728437303,97.49985621429778,7
Latent Neural ODE (ours),2,val,2020,PHT10,137.37433419568018,114.05657160255245,7
Latent Neural ODE (ours),2,val,2020,PHT47,87.7912180914058,66.7694145699121,7
Latent Neural ODE (ours),2,val,2020,PHT55,142.49338975571558,112.01591896771583,7
Latent Neural ODE (ours),2,val,2020,PHTM9,158.84124111356627,142.51207577040603,7
Latent Neural ODE (ours),2,val,2020,PHV37,107.47260393791186,100.33054841339958,7
Latent Neural ODE (ours),2,val,2020,PHV57,99.52909442243337,83.41140781911083,7
Latent Neural ODE (ours),2,val,2020,PHV63,112.83471624514213,96.01851564404502,7
Latent Neural ODE (ours),2,val,2020,PHVA9,123.76992220139185,98.27404337484866,7
Latent Neural ODE (ours),2,val,2020,PHW03,139.10633572620722,123.7615008864794,7
Latent Neural ODE (ours),2,val,2020,PHW17,109.02028836574755,89.41609502553709,7
Latent Neural ODE (ours),2,val,2020,PHW20,128.3599491158737,105.48061481346583,7
Latent Neural ODE (ours),2,val,2020,PHW30,130.1776521875069,102.07187456594922,7
Latent Neural ODE (ours),2,val,2020,PHW52,97.05663571555897,87.81558666212865,7
Latent Neural ODE (ours),2,val,2020,PHW53,92.51505544800189,84.99249602250373,7
Latent Neural ODE (ours),2,val,2020,PHW79,105.03125789322527,84.10910992643575,7
Latent Neural ODE (ours),2,val,2020,PHW80,143.85481687669835,130.04834680454593,7
Latent Neural ODE (ours),2,val,2020,PHW86,118.14590242978011,106.26682208372063,7
Latent Neural ODE (ours),2,val,2020,PHZ51,152.6293306445101,138.55827938581118,7
Latent Neural ODE (ours),2,val,2020,Pa392,186.3157100452136,167.60893984508,7
Latent Neural ODE (ours),2,val,2020,Pa405,101.86876708531831,79.51566972689885,7
Latent Neural ODE (ours),2,val,2020,Pa762,89.33651072462213,77.95951924085297,7
Latent Neural ODE (ours),2,val,2020,Pa875,165.6256691833711,132.01203223292572,7
Latent Neural ODE (ours),2,val,2020,Pa880,157.3716222816395,130.87683119319755,7
Latent Neural ODE (ours),2,val,2020,Pa91,152.93235069396397,120.89744021261777,7
Latent Neural ODE (ours),2,val,2020,Q381,130.11723918370654,113.29774645777918,7
Latent Neural ODE (ours),2,val,2020,R168,166.09063711492746,148.74942478468827,7
Latent Neural ODE (ours),2,val,2020,R181B,187.59546959720498,160.50185357443343,7
Latent Neural ODE (ours),2,val,2020,R226,181.77279070317746,160.40626958892148,7
Latent Neural ODE (ours),2,val,2020,R227,137.7814350048667,118.23207398273465,7
Latent Neural ODE (ours),2,val,2020,R71,120.51787866515122,110.44608335826251,7
Latent Neural ODE (ours),2,val,2020,R78,135.85505311835135,119.49031173184346,7
Latent Neural ODE (ours),2,val,2020,S8326,151.48202939642044,129.24508637559188,6
Latent Neural ODE (ours),2,val,2020,SD101,124.91075478061968,116.51352761331181,7
Latent Neural ODE (ours),2,val,2020,SD102,83.61905273869178,75.10035164077864,7
Latent Neural ODE (ours),2,val,2020,SD107,136.57112934902386,109.71767255201648,7
Latent Neural ODE (ours),2,val,2020,SD40,165.18679170468184,147.7128996254767,7
Latent Neural ODE (ours),2,val,2020,SD44,134.25073885323465,121.61574219912268,7
Latent Neural ODE (ours),2,val,2020,SG 30A,115.62194864949052,99.88188290625665,7
Latent Neural ODE (ours),2,val,2020,Seagull Seventeen,104.46762005756835,85.733468453314,6
Latent Neural ODE (ours),2,val,2020,T242,126.57062645396691,118.64831435908971,7
Latent Neural ODE (ours),2,val,2020,TZU-CHIAO-HSI-WU 105,135.1949886081388,122.34917530368752,7
Latent Neural ODE (ours),2,val,2020,Tr,88.69031129120694,76.59412357331709,7
Latent Neural ODE (ours),2,val,2020,Va26,146.31857879827893,129.69713631244096,7
Latent Neural ODE (ours),2,val,2020,Va35,100.98910790690518,87.73927480555663,7
Latent Neural ODE (ours),2,val,2020,Va52,186.60845777260116,172.08286352403223,7
Latent Neural ODE (ours),2,val,2020,Va59,115.29763599022387,91.8183259248444,7
Latent Neural ODE (ours),2,val,2020,Va99,125.89190493269662,112.27793625857161,7
Latent Neural ODE (ours),2,val,2020,VaW6,86.82826671754954,74.77775267660161,7
Latent Neural ODE (ours),2,val,2020,W117Ht,125.27889866367104,108.73096090516557,7
Latent Neural ODE (ours),2,val,2020,W153R,48.39346804012203,39.61628823346918,7
Latent Neural ODE (ours),2,val,2020,W22,100.38830191418101,92.33269122867016,7
Latent Neural ODE (ours),2,val,2020,W23,182.09793896717017,156.7373165890412,7
Latent Neural ODE (ours),2,val,2020,W24,123.91668574473894,104.38242099266056,7
Latent Neural ODE (ours),2,val,2020,W32,111.11276009639933,97.9381224262617,6
Latent Neural ODE (ours),2,val,2020,W37A,133.65122703498267,118.1376584027572,7
Latent Neural ODE (ours),2,val,2020,W552,110.218621335552,92.5189183798283,7
Latent Neural ODE (ours),2,val,2020,W603S,93.53835502038216,72.9847967361753,7
Latent Neural ODE (ours),2,val,2020,W604S,138.38239284565682,119.63270806692478,7
Latent Neural ODE (ours),2,val,2020,W605S,126.08078183907519,100.97465897029412,6
Latent Neural ODE (ours),2,val,2020,W607S,124.86775960393217,107.5440327977971,7
Latent Neural ODE (ours),2,val,2020,W610S,81.72830623205869,71.93668107918577,7
Latent Neural ODE (ours),2,val,2020,W612S,114.0381668928119,97.5030748593201,7
Latent Neural ODE (ours),2,val,2020,W614S,142.4241037817798,119.44550357249784,7
Latent Neural ODE (ours),2,val,2020,W64A,144.5792906553418,139.3853270465134,5
Latent Neural ODE (ours),2,val,2020,W701BC,84.91444137599007,75.68643907070074,7
Latent Neural ODE (ours),2,val,2020,W809G,174.10840707826944,137.59633421151548,7
Latent Neural ODE (ours),2,val,2020,W810G,151.4370091390922,130.8417092146566,7
Latent Neural ODE (ours),2,val,2020,W812G,62.41491738835955,56.318458632087435,6
Latent Neural ODE (ours),2,val,2020,W813G,136.26718898168215,123.64009262904025,7
Latent Neural ODE (ours),2,val,2020,W814G,76.69023288157918,64.8511833682534,7
Latent Neural ODE (ours),2,val,2020,W8304,160.93779538997234,142.716387666443,6
Latent Neural ODE (ours),2,val,2020,W9,129.58496567904226,112.34880279994738,7
Latent Neural ODE (ours),2,val,2020,WIL900,102.05899344196257,84.34885943201132,7
Latent Neural ODE (ours),2,val,2020,WR3,169.05270374248687,142.11605985885754,7
Latent Neural ODE (ours),2,val,2020,WU-TAN-TZAO,84.55246125481212,69.49637615997334,7
Latent Neural ODE (ours),2,val,2020,YE 4,117.97178788681362,98.0982939924299,6
Latent Neural ODE (ours),2,val,2020,YING-55,217.58469399178946,204.34725627384225,7
Latent Neural ODE (ours),2,val,2020,Yu796 NS,93.54726642020222,83.73016409919407,7
Latent Neural ODE (ours),2,val,2020,ZS635,122.43131776428966,104.71934933132178,6
Latent Neural ODE (ours),2,test,2021,1538,79.63005495091925,67.79340300996519,10
Latent Neural ODE (ours),2,test,2021,2369,86.99065892046522,71.99624811258194,10
Latent Neural ODE (ours),2,test,2021,29MIBZ2,107.75569355262857,97.7408917581148,10
Latent Neural ODE (ours),2,test,2021,2FACC,98.79396589859792,90.7281235818372,10
Latent Neural ODE (ours),2,test,2021,2FADB,124.73565262525719,114.58189369388474,10
Latent Neural ODE (ours),2,test,2021,2MA22,83.80204576435031,75.92342850450902,10
Latent Neural ODE (ours),2,test,2021,2MCDB,63.26006630882336,55.54971551686023,9
Latent Neural ODE (ours),2,test,2021,3IJI1,117.0207234083882,101.17408049823885,10
Latent Neural ODE (ours),2,test,2021,4226,123.04213211572264,96.24026642712337,10
Latent Neural ODE (ours),2,test,2021,4F-306 108,76.81427235046306,67.82070527933975,9
Latent Neural ODE (ours),2,test,2021,4N506,133.0822001644207,120.53441258520589,10
Latent Neural ODE (ours),2,test,2021,6F629,61.278944177898936,56.30677961101719,10
Latent Neural ODE (ours),2,test,2021,6M502,62.617690781470905,52.893722110393625,10
Latent Neural ODE (ours),2,test,2021,6M502A,79.09816195383505,69.98652372855076,10
Latent Neural ODE (ours),2,test,2021,764,75.88248813741528,66.32423733034175,10
Latent Neural ODE (ours),2,test,2021,78010,68.13069563143513,61.91076072373496,10
Latent Neural ODE (ours),2,test,2021,78551S,78.5598459840679,69.79206292481126,9
Latent Neural ODE (ours),2,test,2021,790,69.0170275940471,59.75075515608355,10
Latent Neural ODE (ours),2,test,2021,793,96.35529209942146,83.5906540430989,10
Latent Neural ODE (ours),2,test,2021,87916W,84.49591795984557,77.2062190642702,9
Latent Neural ODE (ours),2,test,2021,911,80.76202342699563,70.3891616144556,10
Latent Neural ODE (ours),2,test,2021,912,60.404939205805285,55.646493981359114,10
Latent Neural ODE (ours),2,test,2021,91IFC2,97.1973699972009,84.6414242638065,10
Latent Neural ODE (ours),2,test,2021,A,72.65337031855802,61.640644935801824,10
Latent Neural ODE (ours),2,test,2021,A208,70.92824790480259,59.21678324628888,10
Latent Neural ODE (ours),2,test,2021,A239,109.86891343340167,96.45381326253901,10
Latent Neural ODE (ours),2,test,2021,A258,67.54942576106073,60.78599890179753,10
Latent Neural ODE (ours),2,test,2021,A272,97.62193417390351,82.38452839705778,10
Latent Neural ODE (ours),2,test,2021,A305,132.74215828136613,113.98269064339297,10
Latent Neural ODE (ours),2,test,2021,A321,82.39050526002794,77.7487501942081,10
Latent Neural ODE (ours),2,test,2021,A322,120.98263360531227,110.18032711870956,10
Latent Neural ODE (ours),2,test,2021,A334,88.69992948748572,74.53573511186471,10
Latent Neural ODE (ours),2,test,2021,A340,143.13579788010423,128.63235290288608,10
Latent Neural ODE (ours),2,test,2021,A374,136.7713709010258,125.2858278621779,10
Latent Neural ODE (ours),2,test,2021,A385,130.9992527731608,116.36319217947043,10
Latent Neural ODE (ours),2,test,2021,A427,124.78159622814057,115.3550993184075,10
Latent Neural ODE (ours),2,test,2021,A548,120.53024184714204,108.76064344783431,10
Latent Neural ODE (ours),2,test,2021,A556,62.8620885816987,55.57290107427336,10
Latent Neural ODE (ours),2,test,2021,A572,106.38577060380119,90.22005148120317,10
Latent Neural ODE (ours),2,test,2021,A619,110.92710131745224,97.8909964463808,10
Latent Neural ODE (ours),2,test,2021,A627,68.17715333468958,61.47837441358299,10
Latent Neural ODE (ours),2,test,2021,A632,75.22589193550554,61.93640385830453,9
Latent Neural ODE (ours),2,test,2021,A634,96.17360062296407,86.43953668203115,10
Latent Neural ODE (ours),2,test,2021,A635,82.79385482871255,69.66429288158734,10
Latent Neural ODE (ours),2,test,2021,A641,77.58017796814569,64.28163757197014,10
Latent Neural ODE (ours),2,test,2021,A648,60.46030459425444,52.445353311883885,9
Latent Neural ODE (ours),2,test,2021,A649,87.12665224346975,72.58454067191337,10
Latent Neural ODE (ours),2,test,2021,A659,98.89616952663087,83.6673538401082,10
Latent Neural ODE (ours),2,test,2021,A663,98.1330585959621,81.03710740078736,10
Latent Neural ODE (ours),2,test,2021,A672,108.19608547032475,92.97514256086644,10
Latent Neural ODE (ours),2,test,2021,A674,98.59594311955189,87.97320713511742,10
Latent Neural ODE (ours),2,test,2021,A679,81.49357282525811,68.40195044347146,10
Latent Neural ODE (ours),2,test,2021,A680,136.1042779581149,111.80354462332511,10
Latent Neural ODE (ours),2,test,2021,A682,98.98818704339622,85.06603867029393,10
Latent Neural ODE (ours),2,test,2021,A71,115.31395957630457,102.43552620475175,10
Latent Neural ODE (ours),2,test,2021,A73,41.831306706681886,38.18063406964352,10
Latent Neural ODE (ours),2,test,2021,AQA3,118.51943524324302,105.69513514810576,10
Latent Neural ODE (ours),2,test,2021,AS6103,121.62399721410766,100.58850211995039,10
Latent Neural ODE (ours),2,test,2021,AusTRCF 306238,90.35268806946299,84.11259476811053,9
Latent Neural ODE (ours),2,test,2021,B-18 INBR.FR.SUPERGOLD,121.63639073916039,109.02817191453364,10
Latent Neural ODE (ours),2,test,2021,B-28,113.85346071575998,103.92278315556636,10
Latent Neural ODE (ours),2,test,2021,B103,121.47287716469955,108.5331118548228,10
Latent Neural ODE (ours),2,test,2021,B104,89.46203052894964,78.38226841033479,10
Latent Neural ODE (ours),2,test,2021,B105,77.5632675415731,68.98120696131915,10
Latent Neural ODE (ours),2,test,2021,B107,101.03084995944984,89.96079489201264,10
Latent Neural ODE (ours),2,test,2021,B108,97.157053182101,87.22010835596652,10
Latent Neural ODE (ours),2,test,2021,B110,80.09900986257006,72.17076871024932,9
Latent Neural ODE (ours),2,test,2021,B111,143.63231979952994,128.3430732148059,10
Latent Neural ODE (ours),2,test,2021,B114,93.52598187278177,80.64714657748216,10
Latent Neural ODE (ours),2,test,2021,B115,95.37315987695473,86.53164208730124,9
Latent Neural ODE (ours),2,test,2021,B119,90.68718698138474,81.75945861186024,10
Latent Neural ODE (ours),2,test,2021,B120,73.31255175830772,62.59822427505556,10
Latent Neural ODE (ours),2,test,2021,B121,117.2347965848758,104.81795997725965,10
Latent Neural ODE (ours),2,test,2021,B14,122.57550067146425,104.07829524866693,10
Latent Neural ODE (ours),2,test,2021,B14A,68.72889240705348,63.618726594954325,9
Latent Neural ODE (ours),2,test,2021,B164,104.87954881829782,94.9621060406078,10
Latent Neural ODE (ours),2,test,2021,B2,105.85802729924616,92.34347051896174,9
Latent Neural ODE (ours),2,test,2021,B37,83.92150600225143,74.19586605061677,10
Latent Neural ODE (ours),2,test,2021,B46,77.60205865855309,70.47620215479617,10
Latent Neural ODE (ours),2,test,2021,B57,39.88655622182627,33.90152154966273,10
Latent Neural ODE (ours),2,test,2021,B65,76.04310999323091,66.36981891933137,10
Latent Neural ODE (ours),2,test,2021,B66,120.7337344526562,100.01338753168855,10
Latent Neural ODE (ours),2,test,2021,B68,84.26931790328601,77.20523972501212,9
Latent Neural ODE (ours),2,test,2021,B70,100.20775359214848,84.13187469031497,10
Latent Neural ODE (ours),2,test,2021,B75,91.78940742274185,80.43827478045691,9
Latent Neural ODE (ours),2,test,2021,B76,135.09766913879957,119.28403344550516,10
Latent Neural ODE (ours),2,test,2021,B77,81.0779032331933,71.25829609871604,10
Latent Neural ODE (ours),2,test,2021,B79,73.72704492025912,67.21954000817553,10
Latent Neural ODE (ours),2,test,2021,B84,65.19110269355265,61.93356688651662,9
Latent Neural ODE (ours),2,test,2021,B85,85.44976623800395,76.52250643892475,10
Latent Neural ODE (ours),2,test,2021,B87,138.46727941529073,117.3937219003079,10
Latent Neural ODE (ours),2,test,2021,B88,109.72869853814102,93.89052981532214,10
Latent Neural ODE (ours),2,test,2021,B91,126.07846697844369,105.90358022849554,10
Latent Neural ODE (ours),2,test,2021,B97,84.5787383781273,75.47105791699313,10
Latent Neural ODE (ours),2,test,2021,BEI 10 = NORTH 10,53.470813080490274,49.13648896445447,10
Latent Neural ODE (ours),2,test,2021,BO9,124.37885642905404,114.22388253817023,10
Latent Neural ODE (ours),2,test,2021,C103,85.36049543283073,78.04577624354702,10
Latent Neural ODE (ours),2,test,2021,C123,60.08952699533081,51.21349673568976,10
Latent Neural ODE (ours),2,test,2021,CA-4,74.74582163548939,62.75753531508506,10
Latent Neural ODE (ours),2,test,2021,CG102,136.83483807732716,120.13068604250864,10
Latent Neural ODE (ours),2,test,2021,CH157,124.11224944438372,112.13226159895217,10
Latent Neural ODE (ours),2,test,2021,CH701-30,103.05321841877148,86.12037914400906,10
Latent Neural ODE (ours),2,test,2021,CH711-10,112.94817538330047,93.86753343626222,10
Latent Neural ODE (ours),2,test,2021,CH9,91.1680581716599,81.00636509588495,10
Latent Neural ODE (ours),2,test,2021,CI 40H,91.5211452477144,77.31247688544309,10
Latent Neural ODE (ours),2,test,2021,CM105,111.25208154513449,101.9667793764161,10
Latent Neural ODE (ours),2,test,2021,CO257,82.44946717748111,74.41496198503768,9
Latent Neural ODE (ours),2,test,2021,CO258,41.61434351184449,35.133282325864926,10
Latent Neural ODE (ours),2,test,2021,CQ702RC,99.26145508212372,86.20543999215985,10
Latent Neural ODE (ours),2,test,2021,CR 22 INBRED,150.1202702427208,129.20142458935567,10
Latent Neural ODE (ours),2,test,2021,CS405,127.30529633039262,112.289578191319,10
Latent Neural ODE (ours),2,test,2021,DE2,107.57180422067373,94.1753605070356,10
Latent Neural ODE (ours),2,test,2021,DE4,110.34358629624134,95.4499949109395,10
Latent Neural ODE (ours),2,test,2021,DE811,108.81446371230255,93.84826435119083,10
Latent Neural ODE (ours),2,test,2021,DJ7,85.57109577680066,76.48139099457563,10
Latent Neural ODE (ours),2,test,2021,DK3IIH6,66.06889957099759,55.94609431219311,10
Latent Neural ODE (ours),2,test,2021,DK4676A,100.78087057243592,82.47229888214115,10
Latent Neural ODE (ours),2,test,2021,DK78002A,106.87897804257346,91.9012662069287,10
Latent Neural ODE (ours),2,test,2021,DK78010,74.94995891974953,63.88577654138894,10
Latent Neural ODE (ours),2,test,2021,DKFAPW,144.34090427068068,133.6621639850547,10
Latent Neural ODE (ours),2,test,2021,DKFBHJ,103.24640128573365,88.60450140596149,10
Latent Neural ODE (ours),2,test,2021,DKMBNA,136.50586880699922,123.97388762163204,10
Latent Neural ODE (ours),2,test,2021,DKPB80,126.6048455042752,116.20176092727088,10
Latent Neural ODE (ours),2,test,2021,E8501,59.031677904131406,51.20340372213528,9
Latent Neural ODE (ours),2,test,2021,EAST 028,92.77822284205084,80.12575221038765,10
Latent Neural ODE (ours),2,test,2021,Eng-Li Chih,167.18712345567388,149.85485698328503,10
Latent Neural ODE (ours),2,test,2021,F118,96.90223264793644,87.59841694751725,10
Latent Neural ODE (ours),2,test,2021,F2834T,43.93971743510653,39.32776441486482,10
Latent Neural ODE (ours),2,test,2021,FBLA,84.65399482249066,68.84698819602463,10
Latent Neural ODE (ours),2,test,2021,FR19,65.2831637012851,53.208642367599644,10
Latent Neural ODE (ours),2,test,2021,G80,66.72807964236355,56.465611003999015,10
Latent Neural ODE (ours),2,test,2021,H110,130.84828203616627,107.89196113914834,10
Latent Neural ODE (ours),2,test,2021,H113,57.597454467873526,49.898271206411366,10
Latent Neural ODE (ours),2,test,2021,H121,93.73304101492229,84.30327317282493,10
Latent Neural ODE (ours),2,test,2021,H122w,102.6624473946939,84.9092615620191,10
Latent Neural ODE (ours),2,test,2021,H42,66.80223314284304,60.092416046413994,10
Latent Neural ODE (ours),2,test,2021,H5,108.01333882675117,95.43352023693144,10
Latent Neural ODE (ours),2,test,2021,H71,92.62049352404914,80.71099526883636,10
Latent Neural ODE (ours),2,test,2021,H84,76.57270866790506,55.267922161029716,10
Latent Neural ODE (ours),2,test,2021,H91,128.13424994766086,104.63032982803811,10
Latent Neural ODE (ours),2,test,2021,H95,75.32207373365661,67.5547025902774,10
Latent Neural ODE (ours),2,test,2021,H96,56.01167577685189,43.42086023689683,10
Latent Neural ODE (ours),2,test,2021,H99,73.50625269681879,65.43324477144934,10
Latent Neural ODE (ours),2,test,2021,HP301,46.2641869102726,42.791945858128265,10
Latent Neural ODE (ours),2,test,2021,HUANYAO,69.82087832560046,60.676549438320805,10
Latent Neural ODE (ours),2,test,2021,I29,93.22645375057027,83.22429548957336,10
Latent Neural ODE (ours),2,test,2021,IA2132,79.75064519764165,60.21767251449952,10
Latent Neural ODE (ours),2,test,2021,IBB14,114.87464554073053,98.21866180884672,10
Latent Neural ODE (ours),2,test,2021,IBB15,99.29612713035489,84.92511292086162,10
Latent Neural ODE (ours),2,test,2021,IBC2,82.30106178882127,70.09637297447357,10
Latent Neural ODE (ours),2,test,2021,ICI 193,114.44896821437962,96.96708108363768,10
Latent Neural ODE (ours),2,test,2021,ICI 740,98.93415423942206,87.51579800986285,10
Latent Neural ODE (ours),2,test,2021,ICI 893,55.144599010915904,47.137994868523336,10
Latent Neural ODE (ours),2,test,2021,ICI 986,118.87709079043849,101.48349266922958,10
Latent Neural ODE (ours),2,test,2021,IDS28,86.37179681064478,75.51046679939563,10
Latent Neural ODE (ours),2,test,2021,IDS69,45.062519278553005,34.42729564191916,9
Latent Neural ODE (ours),2,test,2021,IDS91,74.67946454090679,70.88988822839703,10
Latent Neural ODE (ours),2,test,2021,INB 101LFY/LFY (A632 X M16 S5),107.85359063998159,95.53280830848824,10
Latent Neural ODE (ours),2,test,2021,INBRED 141,120.67269500491892,103.7662831813916,10
Latent Neural ODE (ours),2,test,2021,INBRED 2-687,67.00189705070123,62.267061424528265,10
Latent Neural ODE (ours),2,test,2021,INBRED 305,70.43845047764343,62.508965158240564,10
Latent Neural ODE (ours),2,test,2021,INBRED 309,84.14816475567797,65.00184295051545,10
Latent Neural ODE (ours),2,test,2021,INBRED 321,47.20437819941475,44.06528766923949,9
Latent Neural ODE (ours),2,test,2021,Ia 453,68.45457546848415,66.11851293185363,10
Latent Neural ODE (ours),2,test,2021,J47,107.8867070802002,99.61314615590192,10
Latent Neural ODE (ours),2,test,2021,K150,122.9871112424142,108.12029806695386,10
Latent Neural ODE (ours),2,test,2021,K41,72.12162376318179,63.83130358652015,10
Latent Neural ODE (ours),2,test,2021,K47,53.52535841448839,48.00659518913812,10
Latent Neural ODE (ours),2,test,2021,K55,59.74443183225824,51.11870946771715,10
Latent Neural ODE (ours),2,test,2021,KUNG-70,72.0650937017503,58.232142225288456,10
Latent Neural ODE (ours),2,test,2021,L 127,108.10902797734418,94.83969920890829,10
Latent Neural ODE (ours),2,test,2021,L 135,93.8336785555406,76.35679120612285,10
Latent Neural ODE (ours),2,test,2021,L 139,124.11762720819819,107.29242895786847,10
Latent Neural ODE (ours),2,test,2021,L 155,77.34425961034975,66.06286709092858,10
Latent Neural ODE (ours),2,test,2021,L 289,120.4363707076967,105.60932282016324,10
Latent Neural ODE (ours),2,test,2021,LH1,109.28963388413702,90.25039028361059,10
Latent Neural ODE (ours),2,test,2021,LH119,120.04273268729655,110.9761645498611,10
Latent Neural ODE (ours),2,test,2021,LH128,86.61859232455426,77.37585428021268,10
Latent Neural ODE (ours),2,test,2021,LH143 (Maintainer),140.05197884150624,124.90027418198447,10
Latent Neural ODE (ours),2,test,2021,LH145,79.72520598504993,67.96053126624003,9
Latent Neural ODE (ours),2,test,2021,LH146Ht,174.99120708854653,159.88429489937565,10
Latent Neural ODE (ours),2,test,2021,LH149,132.350098360134,124.57017005700058,10
Latent Neural ODE (ours),2,test,2021,LH165,51.095836787841435,50.077912971390965,9
Latent Neural ODE (ours),2,test,2021,LH166,97.49071153728605,78.45150832182904,10
Latent Neural ODE (ours),2,test,2021,LH172,65.48573124639357,54.701732008329394,10
Latent Neural ODE (ours),2,test,2021,LH184,128.43022074303218,109.5814015351242,10
Latent Neural ODE (ours),2,test,2021,LH185,106.78167188075265,97.29328563567358,10
Latent Neural ODE (ours),2,test,2021,LH190,80.74522593320853,72.12171862029417,10
Latent Neural ODE (ours),2,test,2021,LH191,62.03563177345236,54.19187126540813,10
Latent Neural ODE (ours),2,test,2021,LH192,103.6368347711177,85.76185678255605,10
Latent Neural ODE (ours),2,test,2021,LH194,48.63299733536325,41.46750244347815,9
Latent Neural ODE (ours),2,test,2021,LH195,45.985731688117966,39.07465538788688,10
Latent Neural ODE (ours),2,test,2021,LH197,155.23553229275967,130.0091970179788,10
Latent Neural ODE (ours),2,test,2021,LH198,159.64407495630644,145.2407519146738,10
Latent Neural ODE (ours),2,test,2021,LH199,42.762398517360374,38.15590532183157,9
Latent Neural ODE (ours),2,test,2021,LH202,139.45990172212663,128.79668374057368,10
Latent Neural ODE (ours),2,test,2021,LH204,60.851597235842945,53.67423736379901,10
Latent Neural ODE (ours),2,test,2021,LH205,75.74793357734848,71.45687579261191,9
Latent Neural ODE (ours),2,test,2021,LH206,112.60615182868099,100.77791872499179,10
Latent Neural ODE (ours),2,test,2021,LH208,64.24911422179827,53.926938466349,10
Latent Neural ODE (ours),2,test,2021,LH209,134.09840768747378,119.48330431889227,10
Latent Neural ODE (ours),2,test,2021,LH213,103.85710569937723,94.71884368788315,10
Latent Neural ODE (ours),2,test,2021,LH214,132.82272966498837,118.38788232193444,10
Latent Neural ODE (ours),2,test,2021,LH215,90.8646742954894,77.01283513430465,10
Latent Neural ODE (ours),2,test,2021,LH222,118.54537455260807,94.54169645009611,10
Latent Neural ODE (ours),2,test,2021,LH223,114.52477598716084,102.66616604838255,10
Latent Neural ODE (ours),2,test,2021,LH224,99.5098764833963,89.03910562267998,10
Latent Neural ODE (ours),2,test,2021,LH295,65.0560472114787,56.31340887629493,10
Latent Neural ODE (ours),2,test,2021,LH59,76.28476135724571,70.0991945253174,10
Latent Neural ODE (ours),2,test,2021,LH60,117.60714921026718,100.40695729752827,10
Latent Neural ODE (ours),2,test,2021,LH61,71.32501376779427,57.545793468940175,10
Latent Neural ODE (ours),2,test,2021,LH74,80.2290289822922,68.52503868237496,10
Latent Neural ODE (ours),2,test,2021,LH82,82.94589144888482,71.05915481106351,10
Latent Neural ODE (ours),2,test,2021,LH93,80.86337969725363,68.06422361878863,10
Latent Neural ODE (ours),2,test,2021,LIBC 4,70.49485419395805,64.77360549297478,10
Latent Neural ODE (ours),2,test,2021,LP1 NR HT,86.43944736635176,74.55641417534105,10
Latent Neural ODE (ours),2,test,2021,LP5,138.55035831255557,129.198518755159,10
Latent Neural ODE (ours),2,test,2021,Lp215D,107.16838605357253,96.13654189113856,10
Latent Neural ODE (ours),2,test,2021,M14,70.25754957993063,60.021042991666185,10
Latent Neural ODE (ours),2,test,2021,MBPM,83.34357222991768,70.65881878020363,10
Latent Neural ODE (ours),2,test,2021,MBWZ,69.08661141852458,64.05786074015597,9
Latent Neural ODE (ours),2,test,2021,MEF156-55-2,73.38647199766265,65.43543970976819,10
Latent Neural ODE (ours),2,test,2021,ML606,120.16058781439922,102.1894639844996,10
Latent Neural ODE (ours),2,test,2021,MM501D,56.23924098166335,44.80018057701019,10
Latent Neural ODE (ours),2,test,2021,MQ305,90.20358599403365,79.71972172640179,10
Latent Neural ODE (ours),2,test,2021,MS116,104.5766599854102,86.47145680304098,10
Latent Neural ODE (ours),2,test,2021,MS132,88.75307115712698,76.06130084083472,10
Latent Neural ODE (ours),2,test,2021,MS153,64.07326856206494,61.24553639902157,10
Latent Neural ODE (ours),2,test,2021,MS200,80.02512626928063,66.68640135752396,10
Latent Neural ODE (ours),2,test,2021,MS211,95.08779316403768,79.63484239322138,10
Latent Neural ODE (ours),2,test,2021,MS221,85.55718994551675,74.33104115929387,10
Latent Neural ODE (ours),2,test,2021,MS224,116.42021931155624,97.19911599763778,10
Latent Neural ODE (ours),2,test,2021,MS225,125.2271541711067,112.57781341186913,10
Latent Neural ODE (ours),2,test,2021,MS226,83.44993805534773,74.03730271051401,10
Latent Neural ODE (ours),2,test,2021,MS24A,84.86012281940555,73.34094290542065,10
Latent Neural ODE (ours),2,test,2021,MS67,57.21217600089468,49.3988619460473,10
Latent Neural ODE (ours),2,test,2021,MS71,83.87713372799801,74.14487017540203,10
Latent Neural ODE (ours),2,test,2021,MS72,112.52048974761988,91.60013042494468,10
Latent Neural ODE (ours),2,test,2021,Mo46,72.81849800971948,66.75210667400962,10
Latent Neural ODE (ours),2,test,2021,Mo47,93.91559466547224,85.94023285380987,10
Latent Neural ODE (ours),2,test,2021,Mo5,42.421592846117576,32.260367780137,10
Latent Neural ODE (ours),2,test,2021,N192,77.7959024088504,71.01087113723518,10
Latent Neural ODE (ours),2,test,2021,N193,117.85692778620574,106.09099699097612,10
Latent Neural ODE (ours),2,test,2021,N201,124.25237563461096,108.10053627234689,10
Latent Neural ODE (ours),2,test,2021,N211,164.1340865547475,148.06985859277788,10
Latent Neural ODE (ours),2,test,2021,N217,117.10570008568382,101.60301560983493,10
Latent Neural ODE (ours),2,test,2021,N28Ht,51.53289658571331,43.78548943856257,10
Latent Neural ODE (ours),2,test,2021,N501,86.65851116752897,74.65657281661717,10
Latent Neural ODE (ours),2,test,2021,N523,155.41559333936007,140.25910588332104,10
Latent Neural ODE (ours),2,test,2021,N527,76.4870165921235,66.97819313384362,10
Latent Neural ODE (ours),2,test,2021,N534,108.04335907793862,94.18682161252669,10
Latent Neural ODE (ours),2,test,2021,N542,41.5818964017108,38.80272651183521,10
Latent Neural ODE (ours),2,test,2021,N6,39.36125309519811,37.2816404153875,8
Latent Neural ODE (ours),2,test,2021,NC262,66.42515486672092,60.680685341121944,9
Latent Neural ODE (ours),2,test,2021,NC294,73.18888736068297,66.41030963090653,10
Latent Neural ODE (ours),2,test,2021,NC310,129.94942914629993,120.31158770499687,10
Latent Neural ODE (ours),2,test,2021,NC326,65.46074682004999,60.55636054039142,10
Latent Neural ODE (ours),2,test,2021,NC328,86.65992327176626,76.55375551681496,10
Latent Neural ODE (ours),2,test,2021,NC368,58.67122587145934,54.61946373050211,9
Latent Neural ODE (ours),2,test,2021,NC412,66.20489093353024,59.29407972743777,10
Latent Neural ODE (ours),2,test,2021,ND247,58.903089861661975,52.923508735475615,9
Latent Neural ODE (ours),2,test,2021,ND265,163.59369863130092,150.50684150829656,10
Latent Neural ODE (ours),2,test,2021,NK740,66.49440360023934,59.70608804369939,10
Latent Neural ODE (ours),2,test,2021,NK778,101.04938294305279,85.52562391153972,10
Latent Neural ODE (ours),2,test,2021,NK807,67.85952965430491,53.725542400151596,10
Latent Neural ODE (ours),2,test,2021,NKS8326,86.94082680176882,77.33445213883233,10
Latent Neural ODE (ours),2,test,2021,NORTH 7,57.59117450854634,54.3694942259285,10
Latent Neural ODE (ours),2,test,2021,NQ508,101.017724221039,90.92954750831208,10
Latent Neural ODE (ours),2,test,2021,NS501,59.52832568642581,55.44098323942048,10
Latent Neural ODE (ours),2,test,2021,NS701,57.53169530913236,43.51586876123836,10
Latent Neural ODE (ours),2,test,2021,NY 166 (Neveh Yaar),70.71100388082722,57.91514802489589,10
Latent Neural ODE (ours),2,test,2021,NY6371,78.44606954129293,70.11633270928239,10
Latent Neural ODE (ours),2,test,2021,Ny821,91.95459883350097,79.64340442500153,10
Latent Neural ODE (ours),2,test,2021,OH33,148.34529269981556,129.48329075587816,10
Latent Neural ODE (ours),2,test,2021,OQ403,99.76170376967842,83.5230191182707,10
Latent Neural ODE (ours),2,test,2021,OQ603,116.46576775559987,101.49566488902248,10
Latent Neural ODE (ours),2,test,2021,OS602,109.78956122990715,90.35474734627273,10
Latent Neural ODE (ours),2,test,2021,Oh40B,80.56772345502695,71.82019545051222,10
Latent Neural ODE (ours),2,test,2021,Oh43,118.62606001647195,107.4741508217844,10
Latent Neural ODE (ours),2,test,2021,Oh7,135.31623658769715,114.2371877806025,10
Latent Neural ODE (ours),2,test,2021,Os420,153.77895570426156,137.30997731177635,10
Latent Neural ODE (ours),2,test,2021,Os426,109.79558361299077,90.70344532576702,10
Latent Neural ODE (ours),2,test,2021,PHB09,99.72887064242111,84.63744957415554,10
Latent Neural ODE (ours),2,test,2021,PHB47,138.22413858333488,124.08038074342089,10
Latent Neural ODE (ours),2,test,2021,PHBA6,171.84890301590073,151.58030575450127,10
Latent Neural ODE (ours),2,test,2021,PHBB3,74.87194472771638,66.64728485340427,10
Latent Neural ODE (ours),2,test,2021,PHBW8,142.2222783522946,118.65928625332928,10
Latent Neural ODE (ours),2,test,2021,PHG29,65.52811411720423,53.93289418068757,10
Latent Neural ODE (ours),2,test,2021,PHG47,134.90662843525595,112.79578686129699,9
Latent Neural ODE (ours),2,test,2021,PHG50,120.88090157556854,103.43073722489387,10
Latent Neural ODE (ours),2,test,2021,PHG71,119.74610094092407,105.9971635789295,10
Latent Neural ODE (ours),2,test,2021,PHG72,85.93259369626776,73.63711772153128,10
Latent Neural ODE (ours),2,test,2021,PHG80,95.98676099821913,83.53005520010689,10
Latent Neural ODE (ours),2,test,2021,PHG83,158.74616315565245,142.10479421092975,10
Latent Neural ODE (ours),2,test,2021,PHG86,69.32936828710297,65.15783626928409,9
Latent Neural ODE (ours),2,test,2021,PHGW7,120.00949427736357,106.94046217532545,10
Latent Neural ODE (ours),2,test,2021,PHH93,69.95298099855972,62.174692565356246,9
Latent Neural ODE (ours),2,test,2021,PHHV4,92.8803512974387,78.19840908877393,10
Latent Neural ODE (ours),2,test,2021,PHJ70,90.38460482386037,84.35962260125252,10
Latent Neural ODE (ours),2,test,2021,PHJ89,108.95939345298821,103.62642523832605,10
Latent Neural ODE (ours),2,test,2021,PHJ90,80.61349328246921,66.35111622507259,10
Latent Neural ODE (ours),2,test,2021,PHJR5,123.38128881467546,107.0215340326998,10
Latent Neural ODE (ours),2,test,2021,PHK35,84.04522071545125,72.54743034894629,10
Latent Neural ODE (ours),2,test,2021,PHK42,89.27120468696297,73.44104877303654,10
Latent Neural ODE (ours),2,test,2021,PHK56,62.433758577870776,52.71803779114562,9
Latent Neural ODE (ours),2,test,2021,PHK74,136.97268152163838,118.74545401775659,10
Latent Neural ODE (ours),2,test,2021,PHKE6,71.03029385474514,60.49622506048333,10
Latent Neural ODE (ours),2,test,2021,PHM10,76.76783194798976,70.39471606781,10
Latent Neural ODE (ours),2,test,2021,PHN11,82.2270779524674,68.63661934890183,10
Latent Neural ODE (ours),2,test,2021,PHN29,81.46379296261937,70.52523516253326,9
Latent Neural ODE (ours),2,test,2021,PHN66,132.05706771805762,118.441053703844,10
Latent Neural ODE (ours),2,test,2021,PHP02,95.23010667287386,83.55161339845115,10
Latent Neural ODE (ours),2,test,2021,PHP55,137.25074595047406,125.42908987869862,10
Latent Neural ODE (ours),2,test,2021,PHP76,72.15021406930742,62.09378414804242,10
Latent Neural ODE (ours),2,test,2021,PHP85,185.88220129231195,163.89684029195215,8
Latent Neural ODE (ours),2,test,2021,PHPR5,129.0086578073802,107.22799296840306,10
Latent Neural ODE (ours),2,test,2021,PHR03,92.27709518058286,77.84453731346362,10
Latent Neural ODE (ours),2,test,2021,PHR30,123.5387141672749,107.60499922084009,10
Latent Neural ODE (ours),2,test,2021,PHR31,108.65757469143738,98.3148109958956,10
Latent Neural ODE (ours),2,test,2021,PHR36,86.05675399661904,75.94295719598847,10
Latent Neural ODE (ours),2,test,2021,PHR47,106.67953398411932,89.72421989930862,10
Latent Neural ODE (ours),2,test,2021,PHR58,92.3059734609398,79.29162704551078,10
Latent Neural ODE (ours),2,test,2021,PHR63,86.05540790505138,75.95799404356367,10
Latent Neural ODE (ours),2,test,2021,PHT10,112.47126049332401,94.79458008448925,10
Latent Neural ODE (ours),2,test,2021,PHT47,88.10061120740849,75.28099763912707,10
Latent Neural ODE (ours),2,test,2021,PHT55,118.65217101675529,100.54593526217647,10
Latent Neural ODE (ours),2,test,2021,PHTM9,141.74958151838808,122.78423702806273,10
Latent Neural ODE (ours),2,test,2021,PHV37,102.05338974092227,97.2154667110058,10
Latent Neural ODE (ours),2,test,2021,PHV57,85.65300103868529,71.55367135375256,10
Latent Neural ODE (ours),2,test,2021,PHV63,78.8305132022004,70.42930846649605,10
Latent Neural ODE (ours),2,test,2021,PHVA9,98.50163767946516,82.76271463743373,10
Latent Neural ODE (ours),2,test,2021,PHW03,112.37157773029612,96.12787528945755,10
Latent Neural ODE (ours),2,test,2021,PHW17,105.398584223808,91.71494360065769,10
Latent Neural ODE (ours),2,test,2021,PHW20,105.54898089894708,99.08419186827491,10
Latent Neural ODE (ours),2,test,2021,PHW30,134.48533496953183,108.19248544079407,10
Latent Neural ODE (ours),2,test,2021,PHW52,84.38088809406491,76.16658462584668,10
Latent Neural ODE (ours),2,test,2021,PHW53,49.93204692940434,45.25670446552389,10
Latent Neural ODE (ours),2,test,2021,PHW79,103.25750611791246,94.52736016167708,8
Latent Neural ODE (ours),2,test,2021,PHW80,105.84365780467802,90.89363047026346,10
Latent Neural ODE (ours),2,test,2021,PHW86,113.5155372072358,101.02319648453947,10
Latent Neural ODE (ours),2,test,2021,PHZ51,120.32881695726572,101.98659192000567,10
Latent Neural ODE (ours),2,test,2021,Pa392,122.50877851645211,105.79027493748546,10
Latent Neural ODE (ours),2,test,2021,Pa405,86.91376620332478,73.45563224680733,10
Latent Neural ODE (ours),2,test,2021,Pa762,48.66096015921469,42.04538104775021,10
Latent Neural ODE (ours),2,test,2021,Pa875,77.10623894871779,66.42485453987311,10
Latent Neural ODE (ours),2,test,2021,Pa880,143.99477152621668,124.2359860329423,10
Latent Neural ODE (ours),2,test,2021,Pa91,112.1673839564178,94.47277226105079,10
Latent Neural ODE (ours),2,test,2021,Q381,93.30562767470487,74.48986030589498,10
Latent Neural ODE (ours),2,test,2021,R168,110.56642332304675,95.7090897300225,10
Latent Neural ODE (ours),2,test,2021,R181B,137.1569687304841,114.25791869122672,10
Latent Neural ODE (ours),2,test,2021,R226,83.30954551507571,71.59748064423471,10
Latent Neural ODE (ours),2,test,2021,R227,51.77851295274537,43.47438276221724,10
Latent Neural ODE (ours),2,test,2021,R71,58.20089410167018,54.24337107807556,10
Latent Neural ODE (ours),2,test,2021,R78,58.58846609430737,51.37061946489094,10
Latent Neural ODE (ours),2,test,2021,S8326,85.26476303824855,72.475524491686,10
Latent Neural ODE (ours),2,test,2021,SD101,64.64331532475254,57.9059437953293,10
Latent Neural ODE (ours),2,test,2021,SD102,52.40179707569314,46.29342627780145,10
Latent Neural ODE (ours),2,test,2021,SD107,124.33456180105675,110.86228436684208,10
Latent Neural ODE (ours),2,test,2021,SD40,100.12052571006852,88.19182816817971,10
Latent Neural ODE (ours),2,test,2021,SD44,128.19169593827502,113.97037442617582,10
Latent Neural ODE (ours),2,test,2021,SG 30A,86.48106735165653,74.6130728164501,10
Latent Neural ODE (ours),2,test,2021,Seagull Seventeen,81.7763517215258,66.58436103455688,10
Latent Neural ODE (ours),2,test,2021,T242,118.5073018858291,99.00378967729668,10
Latent Neural ODE (ours),2,test,2021,TZU-CHIAO-HSI-WU 105,99.2183460744472,86.65885312243363,10
Latent Neural ODE (ours),2,test,2021,Tr,129.73029646263768,121.33826523944363,10
Latent Neural ODE (ours),2,test,2021,Va26,100.87127774593903,80.42993257815726,10
Latent Neural ODE (ours),2,test,2021,Va35,74.09804782687897,65.98711627865562,10
Latent Neural ODE (ours),2,test,2021,Va52,138.83597368611416,127.05218519822438,10
Latent Neural ODE (ours),2,test,2021,Va59,66.42862901632358,59.70932765609392,9
Latent Neural ODE (ours),2,test,2021,Va99,146.51842749057357,129.86831904056726,10
Latent Neural ODE (ours),2,test,2021,VaW6,65.69298294403823,55.61607206038556,9
Latent Neural ODE (ours),2,test,2021,W117Ht,55.76403467490493,51.168071922857315,9
Latent Neural ODE (ours),2,test,2021,W153R,73.13681652405639,64.73232909128453,8
Latent Neural ODE (ours),2,test,2021,W22,69.82086354146743,57.673541005493334,10
Latent Neural ODE (ours),2,test,2021,W23,114.21567584315896,96.31695393766249,10
Latent Neural ODE (ours),2,test,2021,W24,82.45259200175796,73.21135962589915,10
Latent Neural ODE (ours),2,test,2021,W32,51.676660277547136,43.446193588110894,10
Latent Neural ODE (ours),2,test,2021,W37A,134.03857303795039,117.53590489391937,10
Latent Neural ODE (ours),2,test,2021,W552,118.58469040990906,102.15046976728426,10
Latent Neural ODE (ours),2,test,2021,W603S,76.49540674351282,68.01273863540963,10
Latent Neural ODE (ours),2,test,2021,W604S,69.13641929381444,62.8379594789501,9
Latent Neural ODE (ours),2,test,2021,W605S,114.5338187182634,104.49567975406008,10
Latent Neural ODE (ours),2,test,2021,W607S,88.35793470017259,80.37110734437589,10
Latent Neural ODE (ours),2,test,2021,W610S,84.95766233614235,78.96807913323244,10
Latent Neural ODE (ours),2,test,2021,W612S,67.1308630412068,61.4204427802715,9
Latent Neural ODE (ours),2,test,2021,W614S,75.22185430420483,66.20591359547115,9
Latent Neural ODE (ours),2,test,2021,W64A,82.25253442730805,66.15209709832888,10
Latent Neural ODE (ours),2,test,2021,W701BC,51.576952366668145,47.839173623472306,10
Latent Neural ODE (ours),2,test,2021,W809G,75.83659277467953,66.69968141040151,10
Latent Neural ODE (ours),2,test,2021,W810G,80.49507014468543,68.51094521464543,10
Latent Neural ODE (ours),2,test,2021,W812G,48.701759456445124,41.41554847741801,10
Latent Neural ODE (ours),2,test,2021,W813G,95.22412756459555,81.82813972631604,10
Latent Neural ODE (ours),2,test,2021,W814G,56.20651937142197,51.016663188104275,9
Latent Neural ODE (ours),2,test,2021,W8304,85.22177766487886,68.98052788821363,10
Latent Neural ODE (ours),2,test,2021,W9,144.1756723408675,123.75442494499893,10
Latent Neural ODE (ours),2,test,2021,WIL900,88.88517421530283,78.00721323192799,10
Latent Neural ODE (ours),2,test,2021,WR3,76.11063575358337,65.93332591044864,10
Latent Neural ODE (ours),2,test,2021,WU-TAN-TZAO,73.67322498058482,65.45144989293715,10
Latent Neural ODE (ours),2,test,2021,YE 4,83.68184961579205,77.3207069500251,10
Latent Neural ODE (ours),2,test,2021,YING-55,82.28188730285521,71.6102193619046,10
Latent Neural ODE (ours),2,test,2021,Yu796 NS,64.48162869588747,55.83492153764081,10
Latent Neural ODE (ours),2,test,2021,ZS635,159.20930040395075,120.20825764946576,10
