model,seed,split,year,genotype,rmse,mae,n_observed
Logi-ODE,0,train,2018,1538,39.58844640069692,34.06382034851383,10
Logi-ODE,0,train,2018,2369,36.15451374133098,32.658536228031636,9
Logi-ODE,0,train,2018,29MIBZ2,39.565337263387676,36.29792958019614,10
Logi-ODE,0,train,2018,2FACC,41.767677540785364,34.291313502152576,9
Logi-ODE,0,train,2018,2FADB,64.5061841382418,58.125929029246336,8
Logi-ODE,0,train,2018,2MA22,39.02515509216143,31.934813120300618,10
Logi-ODE,0,train,2018,2MCDB,49.33019811103887,40.04197732142957,10
Logi-ODE,0,train,2018,3IJI1,40.47437234641899,32.670523502157785,10
Logi-ODE,0,train,2018,4226,61.28396938853201,54.8752462254477,10
Logi-ODE,0,train,2018,4F-306 108,52.727207711613865,42.35712307734037,10
Logi-ODE,0,train,2018,4N506,51.26950456179829,43.93028923479467,10
Logi-ODE,0,train,2018,6F629,45.358645511983894,35.45949549762945,10
Logi-ODE,0,train,2018,6M502,53.894397513772354,41.8299238703673,10
Logi-ODE,0,train,2018,6M502A,52.43125765466494,41.2144252265174,10
Logi-ODE,0,train,2018,764,40.7988017890051,35.199191162520904,10
Logi-ODE,0,train,2018,78010,46.5657398931399,38.668969645351304,10
Logi-ODE,0,train,2018,78551S,36.84318533109286,29.875605414332718,8
Logi-ODE,0,train,2018,790,37.7281556452419,31.153346960497764,10
Logi-ODE,0,train,2018,793,40.08575356075256,36.88171884600975,10
Logi-ODE,0,train,2018,87916W,59.72792213634064,48.274648523367816,10
Logi-ODE,0,train,2018,911,33.280508293853174,31.222810958312426,10
Logi-ODE,0,train,2018,912,40.92568101526685,33.64961812948759,10
Logi-ODE,0,train,2018,91IFC2,33.394717169068244,28.860251029985637,10
Logi-ODE,0,train,2018,A,63.69290094974302,53.629024927405155,10
Logi-ODE,0,train,2018,A208,36.117863758849246,31.823565154972222,10
Logi-ODE,0,train,2018,A239,45.55799650258483,34.54338416213469,10
Logi-ODE,0,train,2018,A258,55.54312591844887,47.73807397355828,10
Logi-ODE,0,train,2018,A272,51.36855445533856,44.69148784183166,9
Logi-ODE,0,train,2018,A305,45.594412632181864,38.81252612254899,10
Logi-ODE,0,train,2018,A321,37.87029895691435,31.718444964273857,10
Logi-ODE,0,train,2018,A322,48.01893344621287,42.17063316967331,10
Logi-ODE,0,train,2018,A334,31.781770590511844,26.793121172535685,10
Logi-ODE,0,train,2018,A340,46.7661567891461,35.63294855730648,10
Logi-ODE,0,train,2018,A374,37.17190329817614,31.481355780983506,10
Logi-ODE,0,train,2018,A385,34.21311112657308,29.798255172968133,10
Logi-ODE,0,train,2018,A427,38.74743300047947,32.39797769290168,10
Logi-ODE,0,train,2018,A548,42.502930900928405,34.9301041537065,10
Logi-ODE,0,train,2018,A556,40.13771123046614,32.37825240821222,10
Logi-ODE,0,train,2018,A572,47.90607994879895,37.53726761633774,10
Logi-ODE,0,train,2018,A619,28.798194210181535,25.389052548549095,10
Logi-ODE,0,train,2018,A627,45.36605343692458,38.02865033080585,10
Logi-ODE,0,train,2018,A632,37.288547428126265,31.014998014715864,8
Logi-ODE,0,train,2018,A634,26.307688570933525,20.70687349925937,10
Logi-ODE,0,train,2018,A635,30.738270677124927,26.226095557509517,10
Logi-ODE,0,train,2018,A641,33.989868935419274,29.855467947524055,10
Logi-ODE,0,train,2018,A648,42.02143455888093,33.767774107901595,8
Logi-ODE,0,train,2018,A649,42.39622709834357,34.29493820773612,8
Logi-ODE,0,train,2018,A659,48.490044798827775,37.263988432393205,10
Logi-ODE,0,train,2018,A663,56.817395829639956,46.63714556282526,10
Logi-ODE,0,train,2018,A672,37.08273146893964,31.0944991231873,10
Logi-ODE,0,train,2018,A674,36.57716107721928,32.0380847885355,10
Logi-ODE,0,train,2018,A679,34.13625066317419,29.896746066565253,10
Logi-ODE,0,train,2018,A680,52.8324413875737,46.13419470759835,10
Logi-ODE,0,train,2018,A682,50.72297721983842,45.059085318087256,9
Logi-ODE,0,train,2018,A71,60.664408341894834,48.742554147776985,10
Logi-ODE,0,train,2018,A73,57.691532746310756,46.71998377825956,10
Logi-ODE,0,train,2018,AQA3,42.430372840918835,35.7218705615863,10
Logi-ODE,0,train,2018,AS6103,46.162600658468115,36.988530718807546,10
Logi-ODE,0,train,2018,AusTRCF 306238,69.88232026153611,54.68414408257671,8
Logi-ODE,0,train,2018,B-18 INBR.FR.SUPERGOLD,51.948287405568365,42.057595227910014,10
Logi-ODE,0,train,2018,B-28,47.59849271515899,35.594601881983905,10
Logi-ODE,0,train,2018,B103,49.10730730872359,40.32458266866803,10
Logi-ODE,0,train,2018,B104,57.2178879670337,44.83898033594167,8
Logi-ODE,0,train,2018,B105,51.453039480119635,42.32941952693652,10
Logi-ODE,0,train,2018,B107,55.38317281418499,45.690265626163374,9
Logi-ODE,0,train,2018,B108,54.60701479887349,43.79708605370816,10
Logi-ODE,0,train,2018,B110,53.636927085141224,40.78269779708541,10
Logi-ODE,0,train,2018,B111,53.90453008581611,42.55714775856454,10
Logi-ODE,0,train,2018,B114,45.14630405483223,34.848538088050326,9
Logi-ODE,0,train,2018,B115,71.51516536674137,58.55229036149779,8
Logi-ODE,0,train,2018,B119,55.28597763836062,41.94067612059699,10
Logi-ODE,0,train,2018,B120,64.41313509203994,53.835828061768176,10
Logi-ODE,0,train,2018,B121,52.85604992807362,43.97175677485892,10
Logi-ODE,0,train,2018,B14,55.03298268668147,40.773372991039665,9
Logi-ODE,0,train,2018,B14A,53.11469218322849,43.58496037321258,10
Logi-ODE,0,train,2018,B164,44.81284619360762,35.72763744663588,10
Logi-ODE,0,train,2018,B2,51.172818702731114,35.79913551612906,10
Logi-ODE,0,train,2018,B37,56.368310851456116,46.612128007795,10
Logi-ODE,0,train,2018,B46,56.54456565998214,45.63960679684162,10
Logi-ODE,0,train,2018,B57,44.623181928894645,39.25279485942717,10
Logi-ODE,0,train,2018,B65,48.31389653090582,41.15991158262497,10
Logi-ODE,0,train,2018,B66,63.456071366853976,46.567304870352174,10
Logi-ODE,0,train,2018,B68,59.00465991691172,50.41124040667753,9
Logi-ODE,0,train,2018,B70,67.12392122241216,48.36938205019583,8
Logi-ODE,0,train,2018,B75,48.56941661750584,34.00832522520334,9
Logi-ODE,0,train,2018,B76,45.08540643329035,37.97953527756458,10
Logi-ODE,0,train,2018,B77,60.80707659192232,52.84740095792269,10
Logi-ODE,0,train,2018,B79,58.43714053707615,42.48684637074069,9
Logi-ODE,0,train,2018,B84,57.500306284352014,44.85926158366827,10
Logi-ODE,0,train,2018,B85,38.33435931602606,29.11244457903796,10
Logi-ODE,0,train,2018,B87,41.83569951942081,34.060609313036856,10
Logi-ODE,0,train,2018,B88,68.85994397102364,59.644062900189816,10
Logi-ODE,0,train,2018,B91,51.535664014441075,40.08982359707088,10
Logi-ODE,0,train,2018,B97,65.29021623070896,50.30812935156033,10
Logi-ODE,0,train,2018,BEI 10 = NORTH 10,40.86922011114409,34.94000048496133,10
Logi-ODE,0,train,2018,BO9,61.54461341264865,52.018883619663725,10
Logi-ODE,0,train,2018,C103,60.454949612858506,55.14342971050521,9
Logi-ODE,0,train,2018,C123,51.08534310114004,43.797799333793236,9
Logi-ODE,0,train,2018,CA-4,37.27088983298929,30.613644535923687,10
Logi-ODE,0,train,2018,CG102,50.63144643401936,38.26827014152603,10
Logi-ODE,0,train,2018,CH157,41.85942995454802,36.443757174859215,10
Logi-ODE,0,train,2018,CH701-30,46.05782251469331,35.21873908044436,10
Logi-ODE,0,train,2018,CH711-10,52.93946600423567,41.78919618222016,10
Logi-ODE,0,train,2018,CH9,49.449774533167115,42.12965870299938,10
Logi-ODE,0,train,2018,CI 40H,48.23694295724404,35.8833245519422,10
Logi-ODE,0,train,2018,CM105,29.763666048276168,26.212147111529838,10
Logi-ODE,0,train,2018,CO257,41.54765294553759,33.96703164127079,10
Logi-ODE,0,train,2018,CO258,53.14270609374747,42.757548178799965,8
Logi-ODE,0,train,2018,CQ702RC,34.51948338346682,29.06693187509286,10
Logi-ODE,0,train,2018,CR 22 INBRED,48.76046513699857,39.466624722019574,10
Logi-ODE,0,train,2018,CS405,40.53220847195917,32.46140523752583,10
Logi-ODE,0,train,2018,DE2,60.977598534340956,49.66232086163893,10
Logi-ODE,0,train,2018,DE4,44.58786640450833,33.54898540457099,10
Logi-ODE,0,train,2018,DE811,64.58781737916819,54.83288601842422,9
Logi-ODE,0,train,2018,DJ7,56.862276790200085,46.571412394784794,10
Logi-ODE,0,train,2018,DK3IIH6,62.75446433962426,49.321666243183905,10
Logi-ODE,0,train,2018,DK4676A,36.724315671460204,31.24812813904456,10
Logi-ODE,0,train,2018,DK78002A,40.7121785358508,30.947955749276638,10
Logi-ODE,0,train,2018,DK78010,40.764792912034615,32.40794821365653,10
Logi-ODE,0,train,2018,DKFAPW,35.6229447385639,29.390073466536613,10
Logi-ODE,0,train,2018,DKFBHJ,34.36790570290021,27.923107961364998,10
Logi-ODE,0,train,2018,DKMBNA,48.7581441972623,45.34871095921202,10
Logi-ODE,0,train,2018,DKPB80,50.57820150337136,42.755041436513075,10
Logi-ODE,0,train,2018,E8501,49.49678029212773,39.93660906155303,10
Logi-ODE,0,train,2018,EAST 028,37.06345277086099,31.60787427848918,10
Logi-ODE,0,train,2018,Eng-Li Chih,56.97816884680415,44.94782550022799,10
Logi-ODE,0,train,2018,F118,49.455178780208975,43.439511099894915,10
Logi-ODE,0,train,2018,F2834T,64.29521793839035,57.96931051804678,10
Logi-ODE,0,train,2018,FBLA,30.972698440334987,27.79313547888679,10
Logi-ODE,0,train,2018,FR19,62.39310204805486,42.994468493727084,10
Logi-ODE,0,train,2018,G80,41.14112073823047,33.16568518116548,10
Logi-ODE,0,train,2018,H110,45.059045132488286,33.59480182734885,10
Logi-ODE,0,train,2018,H113,37.424393176813815,30.180077804545,10
Logi-ODE,0,train,2018,H121,48.003110992513214,37.930654893356056,10
Logi-ODE,0,train,2018,H122w,41.05443518392339,34.53840951951779,10
Logi-ODE,0,train,2018,H42,43.12707117836304,37.34618199350504,10
Logi-ODE,0,train,2018,H5,52.828153473081315,44.91944638186724,10
Logi-ODE,0,train,2018,H71,42.7222686444615,35.04787009589907,10
Logi-ODE,0,train,2018,H84,47.053597172177355,34.66515969806334,10
Logi-ODE,0,train,2018,H91,54.930481204396905,45.57536672027367,10
Logi-ODE,0,train,2018,H95,47.80620027442949,40.52170466786328,9
Logi-ODE,0,train,2018,H96,63.60836294012619,50.588451401458414,9
Logi-ODE,0,train,2018,H99,34.27734305449163,28.80712983873776,10
Logi-ODE,0,train,2018,HP301,69.61325015994478,58.15199899109409,10
Logi-ODE,0,train,2018,HUANYAO,60.6474940725107,54.73290913703531,9
Logi-ODE,0,train,2018,I29,36.36205373281418,31.469722833201853,10
Logi-ODE,0,train,2018,IA2132,34.18045858286134,30.56796721648157,10
Logi-ODE,0,train,2018,IBB14,70.87841628631998,57.75278955955048,10
Logi-ODE,0,train,2018,IBB15,33.111458254829074,29.12994406593066,10
Logi-ODE,0,train,2018,IBC2,38.221217438211035,29.98078162266741,10
Logi-ODE,0,train,2018,ICI 193,37.11408590671874,32.636031884084005,10
Logi-ODE,0,train,2018,ICI 740,46.02524116140856,37.09379315924486,10
Logi-ODE,0,train,2018,ICI 893,46.81830632403314,39.00113716010954,10
Logi-ODE,0,train,2018,ICI 986,29.044673614948053,22.878477798800212,10
Logi-ODE,0,train,2018,IDS28,52.70208168481404,43.30337240913664,10
Logi-ODE,0,train,2018,IDS69,45.44145821778733,36.5461255442367,10
Logi-ODE,0,train,2018,IDS91,64.95909953883536,52.2972159561688,9
Logi-ODE,0,train,2018,INB 101LFY/LFY (A632 X M16 S5),41.489475468604546,36.60353967469049,10
Logi-ODE,0,train,2018,INBRED 141,54.29256986724596,41.800710312552305,10
Logi-ODE,0,train,2018,INBRED 2-687,56.56446799423969,46.846410231092754,9
Logi-ODE,0,train,2018,INBRED 305,45.497872616466445,36.31076471219927,10
Logi-ODE,0,train,2018,INBRED 309,48.06081257093302,38.937287087049036,9
Logi-ODE,0,train,2018,INBRED 321,44.56519247157709,34.37592216211592,10
Logi-ODE,0,train,2018,Ia 453,39.2455797670374,33.96090841794464,10
Logi-ODE,0,train,2018,J47,66.93804431830463,52.55211386631777,10
Logi-ODE,0,train,2018,K150,59.49803508044942,50.83142737079375,10
Logi-ODE,0,train,2018,K41,52.37316277176872,43.113371810835766,10
Logi-ODE,0,train,2018,K47,65.14476715838525,46.36448472148651,10
Logi-ODE,0,train,2018,K55,47.04025377147415,38.537193520732785,10
Logi-ODE,0,train,2018,KUNG-70,44.33886081886679,39.19504311177322,10
Logi-ODE,0,train,2018,L 127,29.117929549010288,24.57339229287107,10
Logi-ODE,0,train,2018,L 135,37.15830182881074,33.65693039563135,10
Logi-ODE,0,train,2018,L 139,43.799920556590656,38.0545700969579,10
Logi-ODE,0,train,2018,L 155,35.409932259479525,33.375141491083994,10
Logi-ODE,0,train,2018,L 289,44.48869908559432,35.946018011474486,10
Logi-ODE,0,train,2018,LH1,41.69392884547095,35.681834824581465,10
Logi-ODE,0,train,2018,LH119,44.879487042975796,35.26154498528845,10
Logi-ODE,0,train,2018,LH128,47.10869393192611,40.69212414869814,10
Logi-ODE,0,train,2018,LH143 (Maintainer),39.705553344776455,35.84241631734751,10
Logi-ODE,0,train,2018,LH145,35.65233255400271,29.88829533210513,9
Logi-ODE,0,train,2018,LH146Ht,28.953811374056723,25.680294342874788,10
Logi-ODE,0,train,2018,LH149,40.79447827334396,38.14298345951092,10
Logi-ODE,0,train,2018,LH165,43.20563941691584,36.71050501911155,10
Logi-ODE,0,train,2018,LH166,40.210472164321196,35.36433908091718,10
Logi-ODE,0,train,2018,LH172,35.6743483539263,29.21041921628558,9
Logi-ODE,0,train,2018,LH184,47.30297746993608,38.103954710821014,10
Logi-ODE,0,train,2018,LH185,50.128141396547186,39.32654903990828,9
Logi-ODE,0,train,2018,LH190,51.58777592550566,40.96649749067795,10
Logi-ODE,0,train,2018,LH191,53.71955118374914,41.056342944662845,10
Logi-ODE,0,train,2018,LH192,45.50112320700958,34.90127127509477,10
Logi-ODE,0,train,2018,LH194,60.71871918695981,50.1467886594343,9
Logi-ODE,0,train,2018,LH195,48.38770421272864,37.70979504086601,10
Logi-ODE,0,train,2018,LH197,51.84993124943812,44.32785816298948,10
Logi-ODE,0,train,2018,LH198,51.21880033252117,39.97436970964888,10
Logi-ODE,0,train,2018,LH199,33.62664150186826,24.377706031778008,10
Logi-ODE,0,train,2018,LH202,48.44740358363781,42.66648840211141,10
Logi-ODE,0,train,2018,LH204,44.821612118361784,36.316424391296756,10
Logi-ODE,0,train,2018,LH205,42.884657934183764,34.089632088986974,9
Logi-ODE,0,train,2018,LH206,36.71140155513185,32.299035188967785,10
Logi-ODE,0,train,2018,LH208,58.201538127088405,45.821177099934076,10
Logi-ODE,0,train,2018,LH209,37.96180425781029,32.64417910241005,10
Logi-ODE,0,train,2018,LH213,62.011749718296414,48.188462745171506,9
Logi-ODE,0,train,2018,LH214,56.455433690232404,47.02565260501429,10
Logi-ODE,0,train,2018,LH215,44.861326282211664,35.053527654953385,10
Logi-ODE,0,train,2018,LH222,29.377020595909975,23.86363676639201,10
Logi-ODE,0,train,2018,LH223,30.007150054831143,26.622884193676793,10
Logi-ODE,0,train,2018,LH224,49.41398800420117,41.52222120609474,9
Logi-ODE,0,train,2018,LH295,37.82764859879083,35.16906622960067,10
Logi-ODE,0,train,2018,LH59,35.01346061422968,26.642530017140757,10
Logi-ODE,0,train,2018,LH60,49.562795447699884,41.22372934993842,10
Logi-ODE,0,train,2018,LH61,33.90186118858226,29.719454052539866,8
Logi-ODE,0,train,2018,LH74,45.718132048270206,38.65400597789031,10
Logi-ODE,0,train,2018,LH82,38.380867183360074,32.64492897885985,10
Logi-ODE,0,train,2018,LH93,60.679779036241285,50.217879264907026,10
Logi-ODE,0,train,2018,LIBC 4,38.22361735961559,33.060381008767344,10
Logi-ODE,0,train,2018,LP1 NR HT,37.715490868320565,30.163774169786336,10
Logi-ODE,0,train,2018,LP5,44.588929114987764,40.46293696340477,10
Logi-ODE,0,train,2018,Lp215D,35.992454695307416,31.139073148031247,10
Logi-ODE,0,train,2018,M14,44.35841960336312,37.017882016740494,10
Logi-ODE,0,train,2018,MBPM,50.775283175632794,42.84236367443869,10
Logi-ODE,0,train,2018,MBWZ,48.77671874555181,40.72864887921946,10
Logi-ODE,0,train,2018,MEF156-55-2,30.759147693177805,24.0623546851127,10
Logi-ODE,0,train,2018,ML606,39.53933773074963,34.304587316271565,10
Logi-ODE,0,train,2018,MM501D,63.279665077840626,58.57385076978703,8
Logi-ODE,0,train,2018,MQ305,40.38120696991594,35.72240752325124,10
Logi-ODE,0,train,2018,MS116,55.21614531620013,49.45651605190668,10
Logi-ODE,0,train,2018,MS132,42.130684002402155,36.715548785340026,10
Logi-ODE,0,train,2018,MS153,43.93070621469885,39.04656943238895,10
Logi-ODE,0,train,2018,MS200,31.158285004782726,28.53809982696694,9
Logi-ODE,0,train,2018,MS211,35.089250778751826,30.870586330267038,10
Logi-ODE,0,train,2018,MS221,46.0747733678057,36.19507492270966,10
Logi-ODE,0,train,2018,MS224,44.604304607010036,34.551689999427914,10
Logi-ODE,0,train,2018,MS225,43.32934855383344,33.779993730073684,10
Logi-ODE,0,train,2018,MS226,48.01419986841067,40.568813444759364,10
Logi-ODE,0,train,2018,MS24A,34.92388880971993,29.88360210775097,10
Logi-ODE,0,train,2018,MS67,68.18399011343256,44.367732276504256,10
Logi-ODE,0,train,2018,MS71,52.24292968579903,46.31254029770109,10
Logi-ODE,0,train,2018,MS72,33.180584820256016,27.864047063966655,10
Logi-ODE,0,train,2018,Mo46,57.808892069089076,43.6931846332609,8
Logi-ODE,0,train,2018,Mo47,28.6462118918555,21.763227600786067,8
Logi-ODE,0,train,2018,Mo5,72.9195602606906,63.44102807500508,9
Logi-ODE,0,train,2018,N192,42.78691644479242,36.268062952977516,10
Logi-ODE,0,train,2018,N193,40.810114915897174,35.07951269324142,10
Logi-ODE,0,train,2018,N201,53.468139024158894,45.72000386138608,10
Logi-ODE,0,train,2018,N211,56.823614927468384,51.08357728548307,10
Logi-ODE,0,train,2018,N217,56.57868253728629,44.835755770377446,10
Logi-ODE,0,train,2018,N28Ht,56.61301830187923,44.69008664140874,10
Logi-ODE,0,train,2018,N501,45.65257191025874,38.117987580344284,9
Logi-ODE,0,train,2018,N523,54.252538056059606,42.62730357142094,10
Logi-ODE,0,train,2018,N527,49.79050957178775,39.24013404923952,10
Logi-ODE,0,train,2018,N534,44.76081345199014,34.85596920946398,10
Logi-ODE,0,train,2018,N542,63.37510851210747,53.55381675487763,9
Logi-ODE,0,train,2018,N6,44.03472652554201,37.10210611655775,10
Logi-ODE,0,train,2018,NC262,42.37329121149243,35.20656242929084,10
Logi-ODE,0,train,2018,NC294,59.48421662180712,48.5886634630116,10
Logi-ODE,0,train,2018,NC310,42.616323116873005,32.836434696275994,10
Logi-ODE,0,train,2018,NC326,49.976427045676765,42.92233417661506,10
Logi-ODE,0,train,2018,NC328,43.499103071971014,35.09122763090691,10
Logi-ODE,0,train,2018,NC368,55.937775572216346,48.0137433435426,9
Logi-ODE,0,train,2018,NC412,45.75508300412448,37.02140345811412,10
Logi-ODE,0,train,2018,ND247,29.496870355497496,23.407257293899654,10
Logi-ODE,0,train,2018,ND265,40.81628303821413,37.65015825197428,10
Logi-ODE,0,train,2018,NK740,57.35350528181326,48.64056551620521,10
Logi-ODE,0,train,2018,NK778,36.86032737233534,30.316794762766467,9
Logi-ODE,0,train,2018,NK807,30.775871526709178,26.838713138719005,10
Logi-ODE,0,train,2018,NKS8326,51.477973556047175,39.51407470247595,10
Logi-ODE,0,train,2018,NORTH 7,31.882634985913896,29.663532458836833,10
Logi-ODE,0,train,2018,NQ508,39.37478325527341,28.08991199265055,10
Logi-ODE,0,train,2018,NS501,37.72496489988259,34.87627980563446,9
Logi-ODE,0,train,2018,NS701,51.00439396007882,41.745686119355,10
Logi-ODE,0,train,2018,NY 166 (Neveh Yaar),40.84664907408089,31.57678503788374,10
Logi-ODE,0,train,2018,NY6371,54.02584591613047,43.6379860368761,8
Logi-ODE,0,train,2018,Ny821,43.01797083328815,35.66780428847409,10
Logi-ODE,0,train,2018,OH33,47.031609027762435,35.65451639745734,9
Logi-ODE,0,train,2018,OQ403,39.27081788327143,33.363616589851055,10
Logi-ODE,0,train,2018,OQ603,36.60672746870138,29.425353374171685,10
Logi-ODE,0,train,2018,OS602,36.39447441619121,32.77678255064539,10
Logi-ODE,0,train,2018,Oh40B,37.94566423457025,35.07769744855375,10
Logi-ODE,0,train,2018,Oh43,52.07115926120781,43.73983572717644,10
Logi-ODE,0,train,2018,Oh7,54.07152983148279,41.920980331151696,9
Logi-ODE,0,train,2018,Os420,48.74419230057365,40.92089723631345,10
Logi-ODE,0,train,2018,Os426,57.472035361885276,44.044040946529634,10
Logi-ODE,0,train,2018,PHB09,50.816004532622365,42.32311166930596,10
Logi-ODE,0,train,2018,PHB47,49.253306565765286,41.6573474787295,10
Logi-ODE,0,train,2018,PHBA6,46.46194956091371,35.934424333647286,10
Logi-ODE,0,train,2018,PHBB3,51.51320945499684,39.39754940878001,10
Logi-ODE,0,train,2018,PHBW8,48.146975648712996,42.32980797888121,10
Logi-ODE,0,train,2018,PHG29,49.37737106409395,37.422734583227296,10
Logi-ODE,0,train,2018,PHG47,35.248328357827944,32.31583300550058,10
Logi-ODE,0,train,2018,PHG50,43.45954737460111,34.25951868934856,10
Logi-ODE,0,train,2018,PHG71,29.643605277850494,22.833683533703834,10
Logi-ODE,0,train,2018,PHG72,36.163472176740186,33.043906823506,10
Logi-ODE,0,train,2018,PHG80,46.562069842088746,38.18931072473159,10
Logi-ODE,0,train,2018,PHG83,57.079497564738524,51.27872205932056,10
Logi-ODE,0,train,2018,PHG86,39.59546130927332,32.599303615354685,10
Logi-ODE,0,train,2018,PHGW7,40.49138516177787,35.591065358229194,10
Logi-ODE,0,train,2018,PHH93,42.550187329982656,37.178879277114405,10
Logi-ODE,0,train,2018,PHHV4,46.30647319059123,37.86747373717262,10
Logi-ODE,0,train,2018,PHJ70,60.4356803373034,44.295448458784776,10
Logi-ODE,0,train,2018,PHJ89,38.32898272091641,29.494221666316,10
Logi-ODE,0,train,2018,PHJ90,44.18408721156573,37.32208203229992,10
Logi-ODE,0,train,2018,PHJR5,39.52229839239004,31.718183389718565,10
Logi-ODE,0,train,2018,PHK35,45.65179154260355,35.98487086309766,10
Logi-ODE,0,train,2018,PHK42,28.398222200172565,25.23922580890197,10
Logi-ODE,0,train,2018,PHK56,45.557691557515724,33.98933783769924,10
Logi-ODE,0,train,2018,PHK74,41.41907052618784,34.55837783941289,10
Logi-ODE,0,train,2018,PHKE6,41.23862562469175,33.88509276652904,10
Logi-ODE,0,train,2018,PHM10,54.47399077789329,44.97186461210502,10
Logi-ODE,0,train,2018,PHN11,34.57865160464429,29.904550521723234,10
Logi-ODE,0,train,2018,PHN29,46.87934860543313,32.81544513951633,9
Logi-ODE,0,train,2018,PHN66,37.473125626740355,28.733894417252042,10
Logi-ODE,0,train,2018,PHP02,43.93713426279568,36.475261699762115,10
Logi-ODE,0,train,2018,PHP55,47.1777707183562,35.74232192264043,10
Logi-ODE,0,train,2018,PHP76,40.772788243407675,35.025278483347265,10
Logi-ODE,0,train,2018,PHP85,39.1741651117113,29.61312508526256,10
Logi-ODE,0,train,2018,PHPR5,44.74536553759779,35.63083273730636,10
Logi-ODE,0,train,2018,PHR03,54.42532624858141,46.16512492235614,10
Logi-ODE,0,train,2018,PHR30,47.95456057657834,40.321865211641246,10
Logi-ODE,0,train,2018,PHR31,54.33271461642576,44.10261621334723,10
Logi-ODE,0,train,2018,PHR36,47.882882307996546,39.823860015282975,9
Logi-ODE,0,train,2018,PHR47,54.56525117410438,41.672390148231536,10
Logi-ODE,0,train,2018,PHR58,64.06865862151747,46.75320465830431,10
Logi-ODE,0,train,2018,PHR63,48.5698746981818,40.411664939833656,8
Logi-ODE,0,train,2018,PHT10,51.35803078009295,41.39194093579383,10
Logi-ODE,0,train,2018,PHT47,59.967300542767624,44.900142088521804,10
Logi-ODE,0,train,2018,PHT55,65.36413979469708,55.63056492229049,9
Logi-ODE,0,train,2018,PHTM9,33.014248890957155,29.19822780952483,10
Logi-ODE,0,train,2018,PHV37,45.64159534507079,40.02650420043615,10
Logi-ODE,0,train,2018,PHV57,33.66534849282065,31.04213395900236,10
Logi-ODE,0,train,2018,PHV63,48.224029507408595,32.775177068136976,10
Logi-ODE,0,train,2018,PHVA9,31.238495055455985,25.486026152970744,10
Logi-ODE,0,train,2018,PHW03,43.27957502997108,34.52425491642895,10
Logi-ODE,0,train,2018,PHW17,54.87634741645893,46.65159304132319,10
Logi-ODE,0,train,2018,PHW20,52.33900975460413,40.89352685856072,8
Logi-ODE,0,train,2018,PHW30,40.16865623029,33.43604251726053,10
Logi-ODE,0,train,2018,PHW52,39.29253164248964,29.970407634579008,9
Logi-ODE,0,train,2018,PHW53,46.497810163437975,42.166336234173244,10
Logi-ODE,0,train,2018,PHW79,59.21340980530634,48.708286638136165,9
Logi-ODE,0,train,2018,PHW80,52.18061696000882,43.62755844328675,10
Logi-ODE,0,train,2018,PHW86,40.52148571446366,33.9577680374861,10
Logi-ODE,0,train,2018,PHZ51,51.50198307978026,41.44309172709464,10
Logi-ODE,0,train,2018,Pa392,48.069231703548525,39.36686604981198,10
Logi-ODE,0,train,2018,Pa405,43.06489958667177,35.105374773990164,10
Logi-ODE,0,train,2018,Pa762,35.78434617039289,26.9447381764518,10
Logi-ODE,0,train,2018,Pa875,47.899531899742435,36.5912755253413,10
Logi-ODE,0,train,2018,Pa880,84.27305506405011,76.95929651309135,10
Logi-ODE,0,train,2018,Pa91,64.151924530261,60.24562615548291,10
Logi-ODE,0,train,2018,Q381,33.5824169059738,28.199086349362677,10
Logi-ODE,0,train,2018,R168,45.57086901528343,33.71455793640358,10
Logi-ODE,0,train,2018,R181B,43.610721072125536,33.9461730195048,10
Logi-ODE,0,train,2018,R226,54.98476586315806,46.62283119038191,10
Logi-ODE,0,train,2018,R227,59.72966755778737,54.074943766766026,10
Logi-ODE,0,train,2018,R71,55.06088545489941,45.5364291082786,10
Logi-ODE,0,train,2018,R78,60.7839744257924,50.97996793913819,10
Logi-ODE,0,train,2018,S8326,44.87534289072875,35.7073015361985,10
Logi-ODE,0,train,2018,SD101,46.75671756574504,36.00456006936925,10
Logi-ODE,0,train,2018,SD102,38.635669046064095,30.71545054645682,10
Logi-ODE,0,train,2018,SD107,33.37158117011934,26.811391432533533,10
Logi-ODE,0,train,2018,SD40,48.082834991220295,37.649208712279886,10
Logi-ODE,0,train,2018,SD44,46.78272210011604,40.153728909371935,10
Logi-ODE,0,train,2018,SG 30A,46.526750114871334,39.72595394887692,10
Logi-ODE,0,train,2018,Seagull Seventeen,54.64773357634674,42.697331056220754,10
Logi-ODE,0,train,2018,T242,28.173895614657496,24.88749261778297,10
Logi-ODE,0,train,2018,TZU-CHIAO-HSI-WU 105,37.38762947428662,32.53693094414327,10
Logi-ODE,0,train,2018,Tr,55.7819839050677,47.48564477838661,10
Logi-ODE,0,train,2018,Va26,58.285062379742975,47.52026360699235,10
Logi-ODE,0,train,2018,Va35,47.34871373926032,41.83857620518714,10
Logi-ODE,0,train,2018,Va52,44.70056399956591,35.78349290971763,10
Logi-ODE,0,train,2018,Va59,45.686709447779585,35.695081469778174,9
Logi-ODE,0,train,2018,Va99,53.08614587842641,46.183675829588275,10
Logi-ODE,0,train,2018,VaW6,27.94369846592094,21.71336162530917,10
Logi-ODE,0,train,2018,W117Ht,39.82081166971344,33.463660562845085,10
Logi-ODE,0,train,2018,W153R,35.46908062211101,28.811074465455796,10
Logi-ODE,0,train,2018,W22,51.638020281357015,42.45001731236944,10
Logi-ODE,0,train,2018,W23,52.427923130414825,40.230185424028626,10
Logi-ODE,0,train,2018,W24,50.74029293400771,37.383033292989474,10
Logi-ODE,0,train,2018,W32,42.13871841240232,35.82361896679739,10
Logi-ODE,0,train,2018,W37A,40.73076051406953,31.000671932663767,10
Logi-ODE,0,train,2018,W552,42.399653635611905,37.540379690478964,10
Logi-ODE,0,train,2018,W603S,35.81183462403975,25.929829083808208,10
Logi-ODE,0,train,2018,W604S,34.39665168226953,27.519455745528013,10
Logi-ODE,0,train,2018,W605S,51.916617188983906,41.79492116961869,10
Logi-ODE,0,train,2018,W607S,47.08759080475307,39.655481607442574,10
Logi-ODE,0,train,2018,W610S,51.24383560072318,39.24082012889524,10
Logi-ODE,0,train,2018,W612S,29.318062091044716,26.338871036262095,10
Logi-ODE,0,train,2018,W614S,28.35642326742033,25.37351763088594,10
Logi-ODE,0,train,2018,W64A,47.56493281559024,40.020486859319426,10
Logi-ODE,0,train,2018,W701BC,38.777921276157294,35.170292867717976,10
Logi-ODE,0,train,2018,W809G,60.33918422127091,52.46295916427994,10
Logi-ODE,0,train,2018,W810G,59.55647476494119,52.28935999445737,10
Logi-ODE,0,train,2018,W812G,54.34757139677421,50.22260043018728,9
Logi-ODE,0,train,2018,W813G,34.18429970458282,28.069000094008807,10
Logi-ODE,0,train,2018,W814G,44.35220650447305,41.7249814371994,8
Logi-ODE,0,train,2018,W8304,48.4363767371452,39.471989572240986,10
Logi-ODE,0,train,2018,W9,44.068944362392614,35.108107764937536,10
Logi-ODE,0,train,2018,WIL900,43.6206335049812,37.13682204722004,10
Logi-ODE,0,train,2018,WR3,55.40120943999998,48.316128417051544,10
Logi-ODE,0,train,2018,WU-TAN-TZAO,47.1828453347206,44.03687304451963,9
Logi-ODE,0,train,2018,YE 4,52.46868986997091,42.794820365891766,10
Logi-ODE,0,train,2018,YING-55,61.53262345914574,50.61573963742934,10
Logi-ODE,0,train,2018,Yu796 NS,38.9562024924516,33.28864219215774,10
Logi-ODE,0,train,2018,ZS635,46.90653918075183,41.22782454500914,10
Logi-ODE,0,train,2019,1538,43.12795063684362,39.05126407482968,17
Logi-ODE,0,train,2019,2369,52.31064011319605,43.09146581727896,16
Logi-ODE,0,train,2019,29MIBZ2,42.47931146249936,36.03183560422677,17
Logi-ODE,0,train,2019,2FACC,39.645974375928205,35.04394814422367,17
Logi-ODE,0,train,2019,2FADB,52.42830227059733,44.94997312276957,17
Logi-ODE,0,train,2019,2MA22,53.76106226209487,45.10908739914338,17
Logi-ODE,0,train,2019,2MCDB,47.41876995173153,42.77149627584358,17
Logi-ODE,0,train,2019,3IJI1,40.10511793930821,35.48067986428365,17
Logi-ODE,0,train,2019,4226,55.315469742616095,49.50484575552632,17
Logi-ODE,0,train,2019,4F-306 108,47.786642986985626,41.31331355756266,17
Logi-ODE,0,train,2019,4N506,46.955487169223076,42.552022061044795,17
Logi-ODE,0,train,2019,6F629,49.2650107067252,45.269316681949235,16
Logi-ODE,0,train,2019,6M502,57.68326756586372,51.99769529736994,17
Logi-ODE,0,train,2019,6M502A,50.47423523513192,46.69894323006508,17
Logi-ODE,0,train,2019,764,39.42784286625918,36.397447425251315,17
Logi-ODE,0,train,2019,78010,41.31387746014603,37.28482436588144,17
Logi-ODE,0,train,2019,78551S,41.79004954154151,34.97976671721708,15
Logi-ODE,0,train,2019,790,38.13601326852286,34.48825218938486,17
Logi-ODE,0,train,2019,793,53.120248167478756,43.673305667319056,17
Logi-ODE,0,train,2019,87916W,51.13991104195614,48.067886639481856,17
Logi-ODE,0,train,2019,911,36.13159376009029,33.091767305466405,17
Logi-ODE,0,train,2019,912,37.68691789104188,31.24947715906068,17
Logi-ODE,0,train,2019,91IFC2,42.72531711593417,36.28011029837407,17
Logi-ODE,0,train,2019,A,54.597556214624575,48.12130210963844,17
Logi-ODE,0,train,2019,A208,46.403730044031654,41.277989051088134,17
Logi-ODE,0,train,2019,A239,42.04088833671798,38.60454731142513,17
Logi-ODE,0,train,2019,A258,49.393704849977084,45.664939455230666,16
Logi-ODE,0,train,2019,A272,40.94074994494797,37.89342133687043,17
Logi-ODE,0,train,2019,A305,47.65460845381994,42.929746779626555,17
Logi-ODE,0,train,2019,A321,39.99126878580829,35.47897557118041,17
Logi-ODE,0,train,2019,A322,39.482552786108855,35.041886718076306,16
Logi-ODE,0,train,2019,A334,40.136344685689885,37.59593171117758,17
Logi-ODE,0,train,2019,A340,43.239428073073775,39.452817238984814,17
Logi-ODE,0,train,2019,A374,52.342265556616404,43.51235546082388,16
Logi-ODE,0,train,2019,A385,34.46428799408609,30.923403585447968,17
Logi-ODE,0,train,2019,A427,53.96867000046923,45.25854191449953,17
Logi-ODE,0,train,2019,A548,37.625396302164354,31.1388405854871,17
Logi-ODE,0,train,2019,A556,37.15670559530491,34.39353389682455,17
Logi-ODE,0,train,2019,A572,43.97602278870851,36.5633712464156,17
Logi-ODE,0,train,2019,A619,42.34364812635016,38.2585813584206,17
Logi-ODE,0,train,2019,A627,49.453471729866216,46.75766151713858,17
Logi-ODE,0,train,2019,A632,43.12795493881173,39.20207940364673,17
Logi-ODE,0,train,2019,A634,43.727427855705194,41.07245191474608,17
Logi-ODE,0,train,2019,A635,48.23191623173779,41.32998741927343,17
Logi-ODE,0,train,2019,A641,32.995584846993864,28.292033862499554,17
Logi-ODE,0,train,2019,A648,46.318239468417396,42.572607586059355,17
Logi-ODE,0,train,2019,A649,45.17194659001967,33.17049295307995,16
Logi-ODE,0,train,2019,A659,53.718414511016704,48.99512140751523,17
Logi-ODE,0,train,2019,A663,49.973613352230494,45.33472352792273,16
Logi-ODE,0,train,2019,A672,48.132523599090185,42.82292250087894,17
Logi-ODE,0,train,2019,A674,47.43446983969441,42.01002685471872,17
Logi-ODE,0,train,2019,A679,42.94455086782591,36.35273056971905,17
Logi-ODE,0,train,2019,A680,50.989980160634104,46.52006978459906,16
Logi-ODE,0,train,2019,A682,40.9915593460926,35.12827970139553,17
Logi-ODE,0,train,2019,A71,60.908048560155294,53.474563401034075,16
Logi-ODE,0,train,2019,A73,46.683562205482204,40.16469230980793,16
Logi-ODE,0,train,2019,AQA3,56.11061145558405,44.52277629261583,16
Logi-ODE,0,train,2019,AS6103,47.47757629209071,43.49897284454349,17
Logi-ODE,0,train,2019,AusTRCF 306238,36.3307812227011,34.63507841624938,15
Logi-ODE,0,train,2019,B-18 INBR.FR.SUPERGOLD,43.30308744487244,38.72095146301973,17
Logi-ODE,0,train,2019,B-28,42.57568250377509,37.505593349363835,17
Logi-ODE,0,train,2019,B103,49.026362570053806,43.67655502295241,17
Logi-ODE,0,train,2019,B104,49.75927137112709,43.781936667549964,17
Logi-ODE,0,train,2019,B105,56.70405269520936,49.25414356094761,17
Logi-ODE,0,train,2019,B107,43.433444177820284,38.382624565631716,17
Logi-ODE,0,train,2019,B108,49.85191154504916,44.97128573600338,17
Logi-ODE,0,train,2019,B110,44.44839132785393,38.19269160317557,17
Logi-ODE,0,train,2019,B111,61.974520215611804,54.50707282155046,17
Logi-ODE,0,train,2019,B114,38.46971246246206,35.12527379563147,17
Logi-ODE,0,train,2019,B115,52.69760969547718,44.98136559305631,17
Logi-ODE,0,train,2019,B119,56.41722449377122,51.72361396715626,17
Logi-ODE,0,train,2019,B120,59.03306231201335,52.74334400775474,17
Logi-ODE,0,train,2019,B121,56.35965290085944,46.99092694721292,17
Logi-ODE,0,train,2019,B14,44.21502327547673,41.103967997973726,15
Logi-ODE,0,train,2019,B14A,49.77118401296226,44.67128654096894,17
Logi-ODE,0,train,2019,B164,48.250193778706304,43.37608868779154,17
Logi-ODE,0,train,2019,B2,51.8085419688953,44.33655239876538,17
Logi-ODE,0,train,2019,B37,53.5533037049195,49.2151231668051,17
Logi-ODE,0,train,2019,B46,48.654896103190076,41.77573180484927,16
Logi-ODE,0,train,2019,B57,52.79812474683197,42.733757569972624,17
Logi-ODE,0,train,2019,B65,46.811010695928005,39.28164807172411,17
Logi-ODE,0,train,2019,B66,55.276707003393085,50.871757550769765,17
Logi-ODE,0,train,2019,B68,57.42635124167939,50.2718377960686,17
Logi-ODE,0,train,2019,B70,42.14043002728429,38.88504977982107,17
Logi-ODE,0,train,2019,B75,42.1587767919934,37.206142830308615,16
Logi-ODE,0,train,2019,B76,53.396254976169075,49.05693116264811,17
Logi-ODE,0,train,2019,B77,47.67298997128079,40.74392827827519,17
Logi-ODE,0,train,2019,B79,44.69928883233779,38.37238930708455,17
Logi-ODE,0,train,2019,B84,46.508089429975314,39.62336482875202,17
Logi-ODE,0,train,2019,B85,48.422621525452755,44.12248498005605,17
Logi-ODE,0,train,2019,B87,48.738341799865495,44.475168368289175,17
Logi-ODE,0,train,2019,B88,43.129209219123645,37.21555765193252,17
Logi-ODE,0,train,2019,B91,50.45161703091941,45.253495705107234,17
Logi-ODE,0,train,2019,B97,55.96227884187142,44.63608394506772,17
Logi-ODE,0,train,2019,BEI 10 = NORTH 10,51.90376586709762,44.38902609860605,17
Logi-ODE,0,train,2019,BO9,46.127456031323426,41.0303731938826,17
Logi-ODE,0,train,2019,C103,50.44264220055714,39.659078219730965,17
Logi-ODE,0,train,2019,C123,36.00758217650727,29.082149968717978,17
Logi-ODE,0,train,2019,CA-4,51.944101245599924,42.08047263838609,17
Logi-ODE,0,train,2019,CG102,48.049669368629,43.715755806094435,17
Logi-ODE,0,train,2019,CH157,51.96104366627082,43.89320715834504,16
Logi-ODE,0,train,2019,CH701-30,41.900877532346456,38.231994613884346,17
Logi-ODE,0,train,2019,CH711-10,41.07176014404299,37.99735109450543,16
Logi-ODE,0,train,2019,CH9,46.22538185986809,40.60627138096373,17
Logi-ODE,0,train,2019,CI 40H,54.86301609477557,48.767231607457894,17
Logi-ODE,0,train,2019,CM105,52.056071939566266,43.51112109935661,17
Logi-ODE,0,train,2019,CO257,47.81489611928401,42.19982085936486,16
Logi-ODE,0,train,2019,CO258,49.23402476602298,40.50085006659433,16
Logi-ODE,0,train,2019,CQ702RC,40.90926542560468,36.72791158156963,17
Logi-ODE,0,train,2019,CR 22 INBRED,57.46604453671009,51.3688615151579,17
Logi-ODE,0,train,2019,CS405,39.566492422546865,36.108172979773855,17
Logi-ODE,0,train,2019,DE2,42.632637299140214,38.89382831533198,17
Logi-ODE,0,train,2019,DE4,36.51097682894945,33.62435833103026,17
Logi-ODE,0,train,2019,DE811,44.01909399182891,41.329392046274116,16
Logi-ODE,0,train,2019,DJ7,49.781702804714094,45.03001633583721,17
Logi-ODE,0,train,2019,DK3IIH6,53.56495169997625,44.190323486211916,17
Logi-ODE,0,train,2019,DK4676A,43.93171693505989,40.094948512127594,17
Logi-ODE,0,train,2019,DK78002A,45.78784800930539,40.086997693907165,17
Logi-ODE,0,train,2019,DK78010,41.91837949638228,36.81208335674252,17
Logi-ODE,0,train,2019,DKFAPW,47.61055295712171,43.774901389007184,17
Logi-ODE,0,train,2019,DKFBHJ,56.85089188258465,49.41800388324794,17
Logi-ODE,0,train,2019,DKMBNA,62.726631678934304,47.782154773578725,17
Logi-ODE,0,train,2019,DKPB80,58.251454201844446,48.80616949146108,17
Logi-ODE,0,train,2019,E8501,38.13849590482884,34.99963155698173,17
Logi-ODE,0,train,2019,EAST 028,45.6904264736392,42.4044988262496,17
Logi-ODE,0,train,2019,Eng-Li Chih,52.680542215285655,45.37176553998608,17
Logi-ODE,0,train,2019,F118,56.7107665833343,51.846170004775935,17
Logi-ODE,0,train,2019,F2834T,42.936824504700326,39.09747832411216,17
Logi-ODE,0,train,2019,FBLA,39.00606542848023,35.68647661292697,17
Logi-ODE,0,train,2019,FR19,130.00184667042072,94.36746821789401,17
Logi-ODE,0,train,2019,G80,44.008764363705076,40.87432696894828,17
Logi-ODE,0,train,2019,H110,47.814975490640414,41.96515514859444,17
Logi-ODE,0,train,2019,H113,56.57452060914125,43.130186177377034,15
Logi-ODE,0,train,2019,H121,52.87004978276295,45.31011612919966,17
Logi-ODE,0,train,2019,H122w,42.03107095980206,36.575288465867224,17
Logi-ODE,0,train,2019,H42,39.45225991576259,35.45560696239409,16
Logi-ODE,0,train,2019,H5,48.083611582670535,41.866541565271575,17
Logi-ODE,0,train,2019,H71,51.175968324435175,45.71724310951219,17
Logi-ODE,0,train,2019,H84,42.93676867336926,38.052396024100496,17
Logi-ODE,0,train,2019,H91,51.36030989700093,46.83829898154251,17
Logi-ODE,0,train,2019,H95,46.830252744682205,38.50303481183794,15
Logi-ODE,0,train,2019,H96,58.565963747593955,49.42951208967315,15
Logi-ODE,0,train,2019,H99,35.259166169924455,31.92297311642888,17
Logi-ODE,0,train,2019,HP301,54.167035116567654,47.93578664813069,17
Logi-ODE,0,train,2019,HUANYAO,56.83587748556182,41.21283953484635,17
Logi-ODE,0,train,2019,I29,62.424324660204775,46.58641713444281,16
Logi-ODE,0,train,2019,IA2132,44.169294813882686,38.7794029827545,17
Logi-ODE,0,train,2019,IBB14,48.337924895978496,42.35826088985879,17
Logi-ODE,0,train,2019,IBB15,39.90474993464992,37.22298764916227,17
Logi-ODE,0,train,2019,IBC2,47.89574017816515,42.266282684778204,16
Logi-ODE,0,train,2019,ICI 193,44.890525548635395,39.98867120478444,17
Logi-ODE,0,train,2019,ICI 740,48.50091102409347,41.7140001717699,17
Logi-ODE,0,train,2019,ICI 893,40.60739063110195,38.54947546048427,17
Logi-ODE,0,train,2019,ICI 986,46.741253605650726,43.22891374781375,17
Logi-ODE,0,train,2019,IDS28,57.28840089188357,50.04158726937345,17
Logi-ODE,0,train,2019,IDS69,25.123315806067286,23.167063218219,16
Logi-ODE,0,train,2019,IDS91,47.00019087813941,42.13459161742677,17
Logi-ODE,0,train,2019,INB 101LFY/LFY (A632 X M16 S5),48.32728226335821,40.74362578246913,17
Logi-ODE,0,train,2019,INBRED 141,49.277493950730836,43.41973869378307,15
Logi-ODE,0,train,2019,INBRED 2-687,42.596539869233176,36.5148879634902,17
Logi-ODE,0,train,2019,INBRED 305,29.764471828748707,26.81483104130393,16
Logi-ODE,0,train,2019,INBRED 309,34.3696880836942,31.32479201674618,17
Logi-ODE,0,train,2019,INBRED 321,47.768174180138885,43.37064578800921,15
Logi-ODE,0,train,2019,Ia 453,40.719442529529836,33.468107507738296,17
Logi-ODE,0,train,2019,J47,48.536387780907766,41.45197758635618,17
Logi-ODE,0,train,2019,K150,52.88652652861989,46.92294542958199,17
Logi-ODE,0,train,2019,K41,46.61477337600594,41.43743613452693,17
Logi-ODE,0,train,2019,K47,49.09162052184556,44.44556052119471,16
Logi-ODE,0,train,2019,K55,47.03775264641545,36.83415421883177,17
Logi-ODE,0,train,2019,KUNG-70,39.10023021799669,33.09265649717623,17
Logi-ODE,0,train,2019,L 127,37.979900411644685,33.81675399777923,17
Logi-ODE,0,train,2019,L 135,45.395502875376785,39.617186977264936,17
Logi-ODE,0,train,2019,L 139,49.6882981645262,40.94621060620146,17
Logi-ODE,0,train,2019,L 155,49.137013408421424,42.298471470826634,17
Logi-ODE,0,train,2019,L 289,70.30396025621275,60.24149647855738,17
Logi-ODE,0,train,2019,LH1,37.26941117356524,35.40840593868666,17
Logi-ODE,0,train,2019,LH119,45.924970530939426,40.57075802348146,16
Logi-ODE,0,train,2019,LH128,48.70936452849659,44.17017030173976,17
Logi-ODE,0,train,2019,LH143 (Maintainer),52.73582427058379,43.94424567739518,17
Logi-ODE,0,train,2019,LH145,49.69642369855701,44.46353091555931,17
Logi-ODE,0,train,2019,LH146Ht,50.815862557417844,44.272081710438194,16
Logi-ODE,0,train,2019,LH149,37.78316328906915,34.12194187328748,17
Logi-ODE,0,train,2019,LH165,43.71226297061823,40.09968377570574,17
Logi-ODE,0,train,2019,LH166,33.2949685896251,29.05299006199541,16
Logi-ODE,0,train,2019,LH172,32.47161208060858,29.36020396826978,16
Logi-ODE,0,train,2019,LH184,40.007207107496434,35.483087766033336,17
Logi-ODE,0,train,2019,LH185,49.67932964621295,44.788630373372456,15
Logi-ODE,0,train,2019,LH190,48.897988362957804,42.80699218562701,17
Logi-ODE,0,train,2019,LH191,47.46112062632781,36.5787871921899,16
Logi-ODE,0,train,2019,LH192,46.394616842704295,40.73965831911466,17
Logi-ODE,0,train,2019,LH194,36.95699309909768,32.76124588254711,17
Logi-ODE,0,train,2019,LH195,46.99747893611022,44.20247719419242,17
Logi-ODE,0,train,2019,LH197,54.068266609316126,48.241007834967746,17
Logi-ODE,0,train,2019,LH198,49.340433019443296,46.26123068935863,17
Logi-ODE,0,train,2019,LH199,45.35276125586448,41.59578917120956,17
Logi-ODE,0,train,2019,LH202,51.93778183455861,45.923648843696135,17
Logi-ODE,0,train,2019,LH204,40.04569125992918,36.89542527812709,17
Logi-ODE,0,train,2019,LH205,39.74396151598408,36.42698252979174,17
Logi-ODE,0,train,2019,LH206,46.29258379936869,39.24735185826133,16
Logi-ODE,0,train,2019,LH208,47.103845264786194,43.63067285152182,16
Logi-ODE,0,train,2019,LH209,45.065814827298134,38.95515555732724,17
Logi-ODE,0,train,2019,LH213,47.77196749587909,35.50801464313478,16
Logi-ODE,0,train,2019,LH214,41.92527277569245,38.25600348668708,17
Logi-ODE,0,train,2019,LH215,43.822570998595104,36.16828979831863,15
Logi-ODE,0,train,2019,LH222,41.38712799955692,35.55786837291786,17
Logi-ODE,0,train,2019,LH223,46.393291801845265,40.81744231818129,16
Logi-ODE,0,train,2019,LH224,38.199691737921206,34.052846887060895,16
Logi-ODE,0,train,2019,LH295,44.22662765589797,40.003686196790824,17
Logi-ODE,0,train,2019,LH59,47.81286439936701,40.637236066717456,17
Logi-ODE,0,train,2019,LH60,48.72592193289542,43.0564793644374,17
Logi-ODE,0,train,2019,LH61,35.094417764951196,30.401276252231867,16
Logi-ODE,0,train,2019,LH74,46.526895040660655,41.702405783394155,17
Logi-ODE,0,train,2019,LH82,42.33069617744168,37.20083022563623,17
Logi-ODE,0,train,2019,LH93,43.94403079414999,39.88155809215542,17
Logi-ODE,0,train,2019,LIBC 4,44.78522070585294,38.23920962198172,17
Logi-ODE,0,train,2019,LP1 NR HT,52.67488713909918,48.49602128870138,17
Logi-ODE,0,train,2019,LP5,68.20859342582722,52.821819079570815,16
Logi-ODE,0,train,2019,Lp215D,53.16867816375087,46.74137329999392,17
Logi-ODE,0,train,2019,M14,44.052755132576934,39.57927344845052,17
Logi-ODE,0,train,2019,MBPM,48.321020887143256,44.099585071077115,17
Logi-ODE,0,train,2019,MBWZ,54.26059721027059,45.99876827153234,17
Logi-ODE,0,train,2019,MEF156-55-2,53.027038392792484,44.09865088943246,16
Logi-ODE,0,train,2019,ML606,61.00527643336927,51.2739048685851,17
Logi-ODE,0,train,2019,MM501D,57.61288465640098,41.089210348040204,17
Logi-ODE,0,train,2019,MQ305,47.921822558886184,42.11935584146948,16
Logi-ODE,0,train,2019,MS116,60.22132262625918,49.244147896979925,16
Logi-ODE,0,train,2019,MS132,50.33914649865401,44.96199887548396,17
Logi-ODE,0,train,2019,MS153,45.571268298620176,41.14665929346756,17
Logi-ODE,0,train,2019,MS200,38.0306582682173,32.81044275995203,17
Logi-ODE,0,train,2019,MS211,43.71087463219318,40.52924985588698,17
Logi-ODE,0,train,2019,MS221,47.517381914986245,43.718873071507154,17
Logi-ODE,0,train,2019,MS224,68.29575236620383,51.31498013582023,15
Logi-ODE,0,train,2019,MS225,51.87662658317411,45.142496115497885,17
Logi-ODE,0,train,2019,MS226,45.62123080486784,38.884145594807435,17
Logi-ODE,0,train,2019,MS24A,39.17415327553156,33.22356527076011,17
Logi-ODE,0,train,2019,MS67,56.17020004442524,48.948932792122335,16
Logi-ODE,0,train,2019,MS71,49.72179212525911,43.10678996261914,17
Logi-ODE,0,train,2019,MS72,47.17468748674685,41.35475233221453,17
Logi-ODE,0,train,2019,Mo46,45.1424314602073,38.90754460247487,16
Logi-ODE,0,train,2019,Mo47,47.034584532660176,42.934530850336465,17
Logi-ODE,0,train,2019,Mo5,56.49675042207854,44.51351710770862,16
Logi-ODE,0,train,2019,N192,42.012356353277625,39.220664593397956,17
Logi-ODE,0,train,2019,N193,39.842695073377534,35.69920003675867,17
Logi-ODE,0,train,2019,N201,52.404588059605494,46.56670146805871,17
Logi-ODE,0,train,2019,N211,58.82643952782052,46.72210827064903,17
Logi-ODE,0,train,2019,N217,51.18013609980049,45.47270796822312,17
Logi-ODE,0,train,2019,N28Ht,46.39619674058096,42.028397238884764,17
Logi-ODE,0,train,2019,N501,50.22515835389759,44.33937652204388,16
Logi-ODE,0,train,2019,N523,52.730484814323304,48.17622105381081,17
Logi-ODE,0,train,2019,N527,54.36444262621656,48.4714326420567,17
Logi-ODE,0,train,2019,N534,57.471143827150854,49.99567852909236,17
Logi-ODE,0,train,2019,N542,47.03404894650106,40.4556711985552,17
Logi-ODE,0,train,2019,N6,47.99599183373922,43.14589403414283,17
Logi-ODE,0,train,2019,NC262,49.385592096684036,40.46834527057283,16
Logi-ODE,0,train,2019,NC294,39.09069420365088,35.613208948820365,17
Logi-ODE,0,train,2019,NC310,44.71453891024892,38.31163885809414,17
Logi-ODE,0,train,2019,NC326,46.74158969758592,39.8731112827551,17
Logi-ODE,0,train,2019,NC328,47.328733403364055,37.91068695485187,17
Logi-ODE,0,train,2019,NC368,49.412161844467114,39.92449818456916,16
Logi-ODE,0,train,2019,NC412,51.06735003663831,48.66630226273671,15
Logi-ODE,0,train,2019,ND247,38.52403536144033,32.586199662179595,15
Logi-ODE,0,train,2019,ND265,48.541728539834196,41.45238992025528,17
Logi-ODE,0,train,2019,NK740,66.2595871015796,52.72670953868376,17
Logi-ODE,0,train,2019,NK778,51.16304358103514,38.72789882839872,16
Logi-ODE,0,train,2019,NK807,42.092429601507504,35.57675582199379,17
Logi-ODE,0,train,2019,NKS8326,46.354226133600186,42.33837045175796,17
Logi-ODE,0,train,2019,NORTH 7,44.027813385354165,38.5342694835965,17
Logi-ODE,0,train,2019,NQ508,50.408978148969105,44.696909076992185,17
Logi-ODE,0,train,2019,NS501,31.610058005113277,27.306192637341073,17
Logi-ODE,0,train,2019,NS701,50.28323467419951,44.15844791817104,17
Logi-ODE,0,train,2019,NY 166 (Neveh Yaar),44.378255300998035,41.38715720621271,17
Logi-ODE,0,train,2019,NY6371,52.251520774652654,43.032816089180244,17
Logi-ODE,0,train,2019,Ny821,47.92496142118549,42.03433174966699,17
Logi-ODE,0,train,2019,OH33,54.8708797020253,47.87221015453041,17
Logi-ODE,0,train,2019,OQ403,42.50494703922159,36.35897611023403,17
Logi-ODE,0,train,2019,OQ603,48.87973453616019,41.58932535425958,17
Logi-ODE,0,train,2019,OS602,38.38785242874318,31.343884624366183,17
Logi-ODE,0,train,2019,Oh40B,53.38066055551274,45.726715163960584,17
Logi-ODE,0,train,2019,Oh43,40.25856962919726,34.430385694328336,17
Logi-ODE,0,train,2019,Oh7,64.81884150063864,54.746572327692306,15
Logi-ODE,0,train,2019,Os420,58.86271689515585,53.0345174893651,17
Logi-ODE,0,train,2019,Os426,50.09629502490677,42.155841698279,17
Logi-ODE,0,train,2019,PHB09,42.54650987170097,37.69616426778269,17
Logi-ODE,0,train,2019,PHB47,45.597075377752184,41.0785453239347,17
Logi-ODE,0,train,2019,PHBA6,57.234401908837576,49.00697068778142,17
Logi-ODE,0,train,2019,PHBB3,46.536056758500536,40.75406525445408,17
Logi-ODE,0,train,2019,PHBW8,76.5632621024881,57.15691577621866,15
Logi-ODE,0,train,2019,PHG29,44.08646129439001,39.54534774249887,17
Logi-ODE,0,train,2019,PHG47,51.99314345185992,43.726391788033716,17
Logi-ODE,0,train,2019,PHG50,46.082305670975586,41.321374125274744,17
Logi-ODE,0,train,2019,PHG71,37.02526831205634,31.443150320522484,17
Logi-ODE,0,train,2019,PHG72,42.79918448835035,36.931278065057214,17
Logi-ODE,0,train,2019,PHG80,44.374841764068655,37.68680187556693,17
Logi-ODE,0,train,2019,PHG83,52.54107064543119,44.85927797016591,17
Logi-ODE,0,train,2019,PHG86,56.06278204946865,45.439100721356176,16
Logi-ODE,0,train,2019,PHGW7,48.11681528377665,42.34848384730601,17
Logi-ODE,0,train,2019,PHH93,35.087100647504975,31.716433156028963,17
Logi-ODE,0,train,2019,PHHV4,49.163370489674215,44.35349386438445,17
Logi-ODE,0,train,2019,PHJ70,43.44452887631225,40.049171394568745,17
Logi-ODE,0,train,2019,PHJ89,47.81097405904602,41.604532868921616,17
Logi-ODE,0,train,2019,PHJ90,39.16212247235402,34.25464929572594,16
Logi-ODE,0,train,2019,PHJR5,60.26926697892482,49.05342256761391,17
Logi-ODE,0,train,2019,PHK35,54.225720539161316,48.92105184187323,17
Logi-ODE,0,train,2019,PHK42,41.14837862462541,36.223314907801914,17
Logi-ODE,0,train,2019,PHK56,47.5337366487252,44.08389969381833,17
Logi-ODE,0,train,2019,PHK74,48.295997518957286,41.297531542673184,17
Logi-ODE,0,train,2019,PHKE6,45.514579781855026,40.42733473858783,17
Logi-ODE,0,train,2019,PHM10,42.982502715460704,38.191584043346076,16
Logi-ODE,0,train,2019,PHN11,38.21552738188575,34.985870122002176,17
Logi-ODE,0,train,2019,PHN29,45.73798386179734,41.202742624484564,17
Logi-ODE,0,train,2019,PHN66,47.16338882326492,43.831874538191606,16
Logi-ODE,0,train,2019,PHP02,38.660343736972536,35.84959588372797,17
Logi-ODE,0,train,2019,PHP55,45.45375683083923,42.02917006942672,17
Logi-ODE,0,train,2019,PHP76,52.14553493543384,45.632244889297496,17
Logi-ODE,0,train,2019,PHP85,38.75833250895642,34.59093825172558,17
Logi-ODE,0,train,2019,PHPR5,40.167508477349074,36.17303576897781,16
Logi-ODE,0,train,2019,PHR03,53.89905715630774,45.48137610192268,17
Logi-ODE,0,train,2019,PHR30,48.161302251451794,42.751033354983335,17
Logi-ODE,0,train,2019,PHR31,55.999161884633786,52.097290437652646,17
Logi-ODE,0,train,2019,PHR36,45.86749963138255,43.160122331624834,17
Logi-ODE,0,train,2019,PHR47,50.67193397472225,45.852793477972746,17
Logi-ODE,0,train,2019,PHR58,38.23672150071113,35.664932833752346,16
Logi-ODE,0,train,2019,PHR63,42.989972075346856,40.34011692436576,17
Logi-ODE,0,train,2019,PHT10,46.624541598062024,41.967381083219756,17
Logi-ODE,0,train,2019,PHT47,53.756900686054834,43.529289924729,17
Logi-ODE,0,train,2019,PHT55,53.4071357014546,42.80412215085895,17
Logi-ODE,0,train,2019,PHTM9,43.71531800928371,38.59264271336871,17
Logi-ODE,0,train,2019,PHV37,46.55560106860108,40.904193638919885,17
Logi-ODE,0,train,2019,PHV57,40.84043376844614,36.553138171468106,17
Logi-ODE,0,train,2019,PHV63,45.49087958295554,42.507518347918484,17
Logi-ODE,0,train,2019,PHVA9,41.51927545653759,35.84986256022615,17
Logi-ODE,0,train,2019,PHW03,45.278244022837356,37.28072298696435,17
Logi-ODE,0,train,2019,PHW17,45.234564422513984,37.701377869400254,17
Logi-ODE,0,train,2019,PHW20,46.876752919461396,40.70253251156403,17
Logi-ODE,0,train,2019,PHW30,56.68532836378727,46.38261308380929,15
Logi-ODE,0,train,2019,PHW52,44.12390825502162,40.51614499094813,17
Logi-ODE,0,train,2019,PHW53,47.78975363641124,36.95878217082273,16
Logi-ODE,0,train,2019,PHW79,47.79155503924227,40.41561619842744,15
Logi-ODE,0,train,2019,PHW80,54.65251309019,44.788495365340104,17
Logi-ODE,0,train,2019,PHW86,39.62675517446834,36.078567707736,17
Logi-ODE,0,train,2019,PHZ51,49.61793819781651,45.95778060882438,17
Logi-ODE,0,train,2019,Pa392,58.73985014265832,48.113476478111096,17
Logi-ODE,0,train,2019,Pa405,45.94031619323197,40.26078080247715,17
Logi-ODE,0,train,2019,Pa762,35.85631653101923,34.6961331533451,17
Logi-ODE,0,train,2019,Pa875,48.72475771966138,42.89694596418368,17
Logi-ODE,0,train,2019,Pa880,60.58515721879527,53.17213776403362,17
Logi-ODE,0,train,2019,Pa91,54.18274018533034,48.54734218757457,17
Logi-ODE,0,train,2019,Q381,49.42596471008252,43.21465697212299,17
Logi-ODE,0,train,2019,R168,48.12729987778318,43.933302517497175,17
Logi-ODE,0,train,2019,R181B,48.93633959103897,41.615302211297205,17
Logi-ODE,0,train,2019,R226,60.60925274683409,52.456352693222016,17
Logi-ODE,0,train,2019,R227,54.199424156800106,48.260163604978224,17
Logi-ODE,0,train,2019,R71,51.90345941519615,43.08808464094048,17
Logi-ODE,0,train,2019,R78,40.69623644129434,36.64502976222581,16
Logi-ODE,0,train,2019,S8326,52.02689869185436,48.28383304912378,15
Logi-ODE,0,train,2019,SD101,42.022295291582594,36.78311818822382,17
Logi-ODE,0,train,2019,SD102,43.5840659618259,37.6883509956772,17
Logi-ODE,0,train,2019,SD107,47.138954072018095,40.998331647938706,17
Logi-ODE,0,train,2019,SD40,46.355637535268805,43.366400613418556,17
Logi-ODE,0,train,2019,SD44,50.9072462372457,46.310103210964115,17
Logi-ODE,0,train,2019,SG 30A,35.30431788142856,30.678200660488287,17
Logi-ODE,0,train,2019,Seagull Seventeen,51.355167030716586,41.550458280896734,16
Logi-ODE,0,train,2019,T242,46.88452380637126,40.9702008860887,15
Logi-ODE,0,train,2019,TZU-CHIAO-HSI-WU 105,53.376523735182374,45.73284688752636,17
Logi-ODE,0,train,2019,Tr,49.48777339942347,44.61109282897025,17
Logi-ODE,0,train,2019,Va26,51.46403465917379,45.053886188168896,16
Logi-ODE,0,train,2019,Va35,47.4418125465813,42.17408935118242,17
Logi-ODE,0,train,2019,Va52,50.98976560300719,42.98919467000272,16
Logi-ODE,0,train,2019,Va59,41.70551877995092,37.82676450141468,17
Logi-ODE,0,train,2019,Va99,53.67232041558526,50.10050721508428,17
Logi-ODE,0,train,2019,VaW6,41.21911204027265,38.278550573997165,17
Logi-ODE,0,train,2019,W117Ht,65.34674292144261,50.49680991004887,16
Logi-ODE,0,train,2019,W153R,46.94005800933056,38.10827461468045,17
Logi-ODE,0,train,2019,W22,50.16995430897134,44.28052248468753,17
Logi-ODE,0,train,2019,W23,56.47304324786327,51.7730872545386,17
Logi-ODE,0,train,2019,W24,49.158613205011754,43.50598826625955,16
Logi-ODE,0,train,2019,W32,45.44306731882509,39.76481191887575,17
Logi-ODE,0,train,2019,W37A,53.5988083469299,43.70427804880863,15
Logi-ODE,0,train,2019,W552,53.92870326467766,43.752454659136525,17
Logi-ODE,0,train,2019,W603S,67.25104220067662,56.47553883261511,15
Logi-ODE,0,train,2019,W604S,44.739729365363594,39.57342618971012,17
Logi-ODE,0,train,2019,W605S,51.9228551935136,45.69481187109676,17
Logi-ODE,0,train,2019,W607S,51.93304570572404,45.337637225931395,17
Logi-ODE,0,train,2019,W610S,41.95921155196246,38.34160827658065,16
Logi-ODE,0,train,2019,W612S,46.20661979418295,39.2810260876657,17
Logi-ODE,0,train,2019,W614S,48.91678372564966,39.83249280761644,17
Logi-ODE,0,train,2019,W64A,49.26836055458816,42.68114786304285,17
Logi-ODE,0,train,2019,W701BC,35.87079779280699,32.30676161275796,17
Logi-ODE,0,train,2019,W809G,57.97615712304451,54.5803877651362,17
Logi-ODE,0,train,2019,W810G,50.675428235040414,45.29155932272346,17
Logi-ODE,0,train,2019,W812G,55.40669370496625,41.792942644784056,17
Logi-ODE,0,train,2019,W813G,35.24912968260661,32.55592359803832,17
Logi-ODE,0,train,2019,W814G,62.39950020115774,46.015999115108876,17
Logi-ODE,0,train,2019,W8304,46.56574230414439,41.16853884758827,17
Logi-ODE,0,train,2019,W9,42.4627751939745,35.416116489547036,17
Logi-ODE,0,train,2019,WIL900,45.72003921949906,40.4203421099958,17
Logi-ODE,0,train,2019,WR3,45.43223490987736,40.008053975386005,17
Logi-ODE,0,train,2019,WU-TAN-TZAO,61.698702889820495,46.919739892673405,16
Logi-ODE,0,train,2019,YE 4,53.56626003409461,43.08136769640119,17
Logi-ODE,0,train,2019,YING-55,64.88806053866821,56.1022515386219,17
Logi-ODE,0,train,2019,Yu796 NS,51.63297620122637,43.51078014650632,17
Logi-ODE,0,train,2019,ZS635,41.79230823282428,37.18894499583571,17
Logi-ODE,0,val,2020,1538,131.75756505433415,109.34814809689547,5
Logi-ODE,0,val,2020,2369,202.7796649549598,170.67973703524024,6
Logi-ODE,0,val,2020,29MIBZ2,173.46694937793293,122.42446882264085,7
Logi-ODE,0,val,2020,2FACC,102.0641378471884,83.80225175121008,7
Logi-ODE,0,val,2020,2FADB,148.3697365774198,114.59463055419941,7
Logi-ODE,0,val,2020,2MA22,144.48086421545338,102.71746660672144,7
Logi-ODE,0,val,2020,2MCDB,152.70026809471113,114.868078741611,6
Logi-ODE,0,val,2020,3IJI1,138.07844257050056,95.97584116321812,7
Logi-ODE,0,val,2020,4226,139.87997757277543,100.64552726678059,7
Logi-ODE,0,val,2020,4F-306 108,98.63759389576187,76.48457507401096,7
Logi-ODE,0,val,2020,4N506,140.02422981083396,104.99373661697132,6
Logi-ODE,0,val,2020,6F629,105.9098472776676,82.76030504490583,7
Logi-ODE,0,val,2020,6M502,133.5022981547098,92.95310350138948,7
Logi-ODE,0,val,2020,6M502A,149.04475539019583,115.5390042534141,7
Logi-ODE,0,val,2020,764,134.50279982174516,89.40157363424994,7
Logi-ODE,0,val,2020,78010,139.58110125129275,95.05785860800309,7
Logi-ODE,0,val,2020,78551S,71.08121919123332,57.6802964588086,7
Logi-ODE,0,val,2020,790,133.90590705147955,91.55631100822549,7
Logi-ODE,0,val,2020,793,76.85237038782333,67.26192441822776,7
Logi-ODE,0,val,2020,87916W,123.62622165352887,91.25331969525078,7
Logi-ODE,0,val,2020,911,113.79289515516584,79.59486182091506,7
Logi-ODE,0,val,2020,912,129.7701533152621,91.00016488296603,7
Logi-ODE,0,val,2020,91IFC2,182.2061974370357,132.369040267374,6
Logi-ODE,0,val,2020,A,111.55727308882405,82.121685243744,7
Logi-ODE,0,val,2020,A208,120.5952480413562,94.17304116428564,7
Logi-ODE,0,val,2020,A239,105.5919232918735,80.18494136286823,7
Logi-ODE,0,val,2020,A258,113.80031393014731,88.53920115036077,7
Logi-ODE,0,val,2020,A272,114.1319389742328,86.10224594539591,7
Logi-ODE,0,val,2020,A305,137.9572289689574,98.93385876193814,7
Logi-ODE,0,val,2020,A321,139.9407186153709,96.62848650591584,7
Logi-ODE,0,val,2020,A322,126.35335330522481,96.00784657122826,7
Logi-ODE,0,val,2020,A334,94.81184314328604,72.02148563594601,7
Logi-ODE,0,val,2020,A340,168.25196727903432,118.54290178615106,7
Logi-ODE,0,val,2020,A374,144.80639412735266,108.17151616513853,7
Logi-ODE,0,val,2020,A385,157.03005021670944,107.95859774029915,7
Logi-ODE,0,val,2020,A427,109.58684621582934,93.65211236676298,7
Logi-ODE,0,val,2020,A548,100.8657452432073,73.99326295113721,7
Logi-ODE,0,val,2020,A556,122.28073039059869,87.0809363913496,6
Logi-ODE,0,val,2020,A572,92.41107764403122,74.62420073257017,7
Logi-ODE,0,val,2020,A619,97.71788175925943,71.00581748759605,7
Logi-ODE,0,val,2020,A627,164.12401145289203,125.98257013222532,7
Logi-ODE,0,val,2020,A632,149.3317968897614,103.05130726121875,7
Logi-ODE,0,val,2020,A634,114.82705693573625,84.00684834557241,7
Logi-ODE,0,val,2020,A635,96.15688915511274,71.64596622260913,7
Logi-ODE,0,val,2020,A641,94.38284603991386,74.91397831624681,7
Logi-ODE,0,val,2020,A648,128.3921409190341,87.7460515413832,7
Logi-ODE,0,val,2020,A649,116.9596194170045,91.49121267542083,7
Logi-ODE,0,val,2020,A659,117.92584947497856,86.1328657069583,7
Logi-ODE,0,val,2020,A663,105.7225779303984,89.24809367217564,7
Logi-ODE,0,val,2020,A672,145.2285388227078,100.02176221713681,7
Logi-ODE,0,val,2020,A674,101.49158295902505,76.64373107301357,7
Logi-ODE,0,val,2020,A679,170.2216674406902,126.7883952630456,7
Logi-ODE,0,val,2020,A680,163.68589051324932,115.01286157964076,6
Logi-ODE,0,val,2020,A682,132.02650043300943,97.19985510828857,7
Logi-ODE,0,val,2020,A71,100.6565694220832,84.18180868551796,7
Logi-ODE,0,val,2020,A73,84.78497325756,60.22749048849624,7
Logi-ODE,0,val,2020,AQA3,122.62402097290561,90.78482503377052,7
Logi-ODE,0,val,2020,AS6103,164.11757214139655,120.56223240541067,6
Logi-ODE,0,val,2020,AusTRCF 306238,87.61782767674933,72.72072350862898,7
Logi-ODE,0,val,2020,B-18 INBR.FR.SUPERGOLD,104.57812520369721,83.17721573620679,7
Logi-ODE,0,val,2020,B-28,113.28635077990883,81.91935715038066,7
Logi-ODE,0,val,2020,B103,146.70082665602922,102.92033491759375,7
Logi-ODE,0,val,2020,B104,120.98180834407417,89.47858774900158,7
Logi-ODE,0,val,2020,B105,167.11520965644056,126.76649771550844,6
Logi-ODE,0,val,2020,B107,133.03348781420735,93.24754940508514,6
Logi-ODE,0,val,2020,B108,90.12018934595596,60.39525966617561,7
Logi-ODE,0,val,2020,B110,87.8145037771205,72.78806880253535,7
Logi-ODE,0,val,2020,B111,117.82388355514682,98.26381870865609,7
Logi-ODE,0,val,2020,B114,174.02409348771357,141.82943083327893,6
Logi-ODE,0,val,2020,B115,136.63420301707365,94.8419681155059,7
Logi-ODE,0,val,2020,B119,142.7059824823622,93.76573824072236,7
Logi-ODE,0,val,2020,B120,122.3752734049446,85.92758064795156,7
Logi-ODE,0,val,2020,B121,124.68208400783995,106.22979394592825,7
Logi-ODE,0,val,2020,B14,170.81812275766154,141.68331268560277,6
Logi-ODE,0,val,2020,B14A,145.64709207356526,105.74775835792451,6
Logi-ODE,0,val,2020,B164,122.22412386943712,86.04942259852795,7
Logi-ODE,0,val,2020,B2,82.81349099825302,59.57722199656896,7
Logi-ODE,0,val,2020,B37,119.75499527865429,97.09865771226688,7
Logi-ODE,0,val,2020,B46,107.59156976280119,81.06362320501857,6
Logi-ODE,0,val,2020,B57,111.6021800846724,86.91376287856284,7
Logi-ODE,0,val,2020,B65,137.30709117698802,111.38017836162246,7
Logi-ODE,0,val,2020,B66,110.69960198876298,76.64057327862143,7
Logi-ODE,0,val,2020,B68,140.276157067736,109.29426078767973,7
Logi-ODE,0,val,2020,B70,91.55701469644619,76.3181159638615,7
Logi-ODE,0,val,2020,B75,87.80234960071422,70.69725942869533,7
Logi-ODE,0,val,2020,B76,127.65001011549766,96.73231720103104,7
Logi-ODE,0,val,2020,B77,121.37565336259726,96.39551061328156,7
Logi-ODE,0,val,2020,B79,73.98580221639833,55.25550381141272,6
Logi-ODE,0,val,2020,B84,129.6979491403382,93.07495956646888,7
Logi-ODE,0,val,2020,B85,110.00964365816813,88.89447256915398,7
Logi-ODE,0,val,2020,B87,116.1032747635403,78.14978904798151,7
Logi-ODE,0,val,2020,B88,161.53758323333415,122.6461159215107,7
Logi-ODE,0,val,2020,B91,95.49209917534905,79.51519358283679,7
Logi-ODE,0,val,2020,B97,128.62353263341183,92.05341572990993,7
Logi-ODE,0,val,2020,BEI 10 = NORTH 10,112.60317781803995,86.00704240255676,7
Logi-ODE,0,val,2020,BO9,108.69130567070584,90.19902100895365,5
Logi-ODE,0,val,2020,C103,86.46159146493558,64.82812928916178,6
Logi-ODE,0,val,2020,C123,121.80169096474789,91.86022605996688,7
Logi-ODE,0,val,2020,CA-4,95.22635473022277,71.14726672002548,7
Logi-ODE,0,val,2020,CG102,90.83393628626496,65.02399833907762,7
Logi-ODE,0,val,2020,CH157,107.40836014182715,94.11206611472416,7
Logi-ODE,0,val,2020,CH701-30,103.68986751808377,81.02212922078147,6
Logi-ODE,0,val,2020,CH711-10,111.5948319566342,83.16304833824071,7
Logi-ODE,0,val,2020,CH9,150.4035390132646,106.86354411363628,7
Logi-ODE,0,val,2020,CI 40H,143.71272150682796,118.1211475174667,6
Logi-ODE,0,val,2020,CM105,126.5483871207863,90.38966141641446,7
Logi-ODE,0,val,2020,CO257,135.82596270697732,93.15821350332946,7
Logi-ODE,0,val,2020,CO258,82.0139501475536,63.29489017881808,7
Logi-ODE,0,val,2020,CQ702RC,144.70754299006782,107.81691625419849,7
Logi-ODE,0,val,2020,CR 22 INBRED,136.81793824026326,129.96594621103577,5
Logi-ODE,0,val,2020,CS405,101.89851556660018,79.93016151563381,6
Logi-ODE,0,val,2020,DE2,145.01701234685842,111.45569183818243,6
Logi-ODE,0,val,2020,DE4,138.256218401216,95.9076805292477,7
Logi-ODE,0,val,2020,DE811,114.17927829313356,92.63829579739082,6
Logi-ODE,0,val,2020,DJ7,140.32275155104986,99.414083930913,7
Logi-ODE,0,val,2020,DK3IIH6,124.18500767788628,103.09766942279894,7
Logi-ODE,0,val,2020,DK4676A,143.62797819436028,108.41035114324256,6
Logi-ODE,0,val,2020,DK78002A,136.94298015296167,96.2806599312506,7
Logi-ODE,0,val,2020,DK78010,144.80516690556257,98.29047135805631,7
Logi-ODE,0,val,2020,DKFAPW,109.05263875954515,91.80574075593532,7
Logi-ODE,0,val,2020,DKFBHJ,153.496648967681,108.34218477867019,7
Logi-ODE,0,val,2020,DKMBNA,123.69221907459682,112.32010979789683,5
Logi-ODE,0,val,2020,DKPB80,102.21931841783906,88.8877994906212,7
Logi-ODE,0,val,2020,E8501,108.48746942812357,87.65425364856749,6
Logi-ODE,0,val,2020,EAST 028,117.60824662874656,90.1139366802056,7
Logi-ODE,0,val,2020,Eng-Li Chih,84.2506578313484,69.75476013165589,7
Logi-ODE,0,val,2020,F118,129.659277091943,93.68514945935803,7
Logi-ODE,0,val,2020,F2834T,125.94198280907275,103.49871774854388,7
Logi-ODE,0,val,2020,FBLA,171.4862401758835,117.0517068446349,7
Logi-ODE,0,val,2020,FR19,57.655239466782476,50.09951681743657,7
Logi-ODE,0,val,2020,G80,105.62718849781889,78.12874397328366,7
Logi-ODE,0,val,2020,H110,129.54711069313908,96.45456124140985,7
Logi-ODE,0,val,2020,H113,93.65118491071068,79.4860766197625,7
Logi-ODE,0,val,2020,H121,105.65905857938186,75.36971391391054,7
Logi-ODE,0,val,2020,H122w,152.2599160071487,116.09879314271666,7
Logi-ODE,0,val,2020,H42,139.8082493437112,111.90958845295154,6
Logi-ODE,0,val,2020,H5,155.7425781929782,113.45164750476602,7
Logi-ODE,0,val,2020,H71,159.1451673067071,113.37940966358936,6
Logi-ODE,0,val,2020,H84,161.6302811121225,123.39097297280851,7
Logi-ODE,0,val,2020,H91,129.86652241024308,89.54636981930538,7
Logi-ODE,0,val,2020,H95,81.26301044669742,66.80406587011566,7
Logi-ODE,0,val,2020,H96,85.90932030614651,72.37796371106239,7
Logi-ODE,0,val,2020,H99,121.78686831811751,88.48109523045979,7
Logi-ODE,0,val,2020,HP301,98.64018141122762,78.59960639999163,7
Logi-ODE,0,val,2020,HUANYAO,115.80031479439144,94.07343188524975,7
Logi-ODE,0,val,2020,I29,120.06121337245588,92.94698508528693,7
Logi-ODE,0,val,2020,IA2132,168.00674374241328,131.89406767134065,6
Logi-ODE,0,val,2020,IBB14,169.1906623367654,128.5874056754536,7
Logi-ODE,0,val,2020,IBB15,179.8013173133337,126.16447271563025,7
Logi-ODE,0,val,2020,IBC2,134.47874958055428,98.18652544807112,7
Logi-ODE,0,val,2020,ICI 193,168.2401276802994,120.46678011196072,7
Logi-ODE,0,val,2020,ICI 740,157.52182774178343,140.68877220751952,5
Logi-ODE,0,val,2020,ICI 893,124.74795690419519,84.8787372373041,7
Logi-ODE,0,val,2020,ICI 986,145.6144754065049,99.46029559461014,7
Logi-ODE,0,val,2020,IDS28,87.12345777309511,70.4190809850967,7
Logi-ODE,0,val,2020,IDS69,105.41989500877374,82.06986550981154,7
Logi-ODE,0,val,2020,IDS91,101.22535532279116,69.29137834495627,7
Logi-ODE,0,val,2020,INB 101LFY/LFY (A632 X M16 S5),71.66397428694431,62.745212271604764,7
Logi-ODE,0,val,2020,INBRED 141,125.3030241738087,91.12345023323492,7
Logi-ODE,0,val,2020,INBRED 2-687,147.0422127807236,107.38276326644534,6
Logi-ODE,0,val,2020,INBRED 305,122.15638438818391,88.39017452318093,7
Logi-ODE,0,val,2020,INBRED 309,133.1919587815004,109.29967743440689,6
Logi-ODE,0,val,2020,INBRED 321,89.45561899919961,65.34611764700875,7
Logi-ODE,0,val,2020,Ia 453,92.93151278744216,63.733634434704236,7
Logi-ODE,0,val,2020,J47,113.75644568192482,86.07583802355624,7
Logi-ODE,0,val,2020,K150,98.01354032459571,73.04494184911367,7
Logi-ODE,0,val,2020,K41,132.58484173761698,93.76850454646932,7
Logi-ODE,0,val,2020,K47,51.259347812836715,40.33301782758265,7
Logi-ODE,0,val,2020,K55,84.56277554332024,63.70925483917798,7
Logi-ODE,0,val,2020,KUNG-70,117.66241665170814,85.26154056010549,7
Logi-ODE,0,val,2020,L 127,174.4514376996471,118.03778155689263,7
Logi-ODE,0,val,2020,L 135,131.81588403394798,95.26077097292351,7
Logi-ODE,0,val,2020,L 139,133.92888605882263,106.85906156096523,6
Logi-ODE,0,val,2020,L 155,160.84769219487504,121.31907594750032,7
Logi-ODE,0,val,2020,L 289,115.57678044042909,88.40576974160467,7
Logi-ODE,0,val,2020,LH1,112.05793920518475,83.9521565788041,7
Logi-ODE,0,val,2020,LH119,122.40716733866765,91.5247634749021,7
Logi-ODE,0,val,2020,LH128,137.5779694958196,113.466233015935,7
Logi-ODE,0,val,2020,LH143 (Maintainer),99.04168602312484,70.75967188051197,6
Logi-ODE,0,val,2020,LH145,97.58516238056156,77.16037080920422,7
Logi-ODE,0,val,2020,LH146Ht,87.12748797647485,70.53747446381034,7
Logi-ODE,0,val,2020,LH149,130.17699622152583,106.71208291068213,6
Logi-ODE,0,val,2020,LH165,152.59745497310067,111.70236970678103,6
Logi-ODE,0,val,2020,LH166,149.31899586519103,106.77431195282202,7
Logi-ODE,0,val,2020,LH172,152.15282006840619,105.60753563994642,7
Logi-ODE,0,val,2020,LH184,160.18232905777054,105.99396638588189,7
Logi-ODE,0,val,2020,LH185,112.82939916807797,83.25905575706186,7
Logi-ODE,0,val,2020,LH190,138.53261742461854,102.39904244118159,7
Logi-ODE,0,val,2020,LH191,130.5186287514576,92.74917180347568,7
Logi-ODE,0,val,2020,LH192,107.88496344422823,78.69104522041968,7
Logi-ODE,0,val,2020,LH194,124.26964382349904,94.3777075660265,7
Logi-ODE,0,val,2020,LH195,104.55655922166609,79.65596067872139,7
Logi-ODE,0,val,2020,LH197,94.12864455355798,71.23757341699208,7
Logi-ODE,0,val,2020,LH198,114.10584038652843,90.99076444648902,7
Logi-ODE,0,val,2020,LH199,93.82744955086628,74.4894362929638,7
Logi-ODE,0,val,2020,LH202,152.99673440907998,117.3253603682067,5
Logi-ODE,0,val,2020,LH204,123.438939332387,86.18377731923296,7
Logi-ODE,0,val,2020,LH205,136.6109056598367,104.37993132168994,7
Logi-ODE,0,val,2020,LH206,139.71955179787628,99.31875427067492,7
Logi-ODE,0,val,2020,LH208,88.29581584962995,68.42428343115505,7
Logi-ODE,0,val,2020,LH209,103.78965966290704,78.03550876771706,7
Logi-ODE,0,val,2020,LH213,80.26019930011304,65.75665451961633,7
Logi-ODE,0,val,2020,LH214,92.77212293721728,68.26467569126933,7
Logi-ODE,0,val,2020,LH215,146.92903758779653,115.50145103286799,7
Logi-ODE,0,val,2020,LH222,162.56910492414326,129.24090943505448,7
Logi-ODE,0,val,2020,LH223,124.32282715531277,89.3455372099664,7
Logi-ODE,0,val,2020,LH224,136.53442282707175,104.55550437714129,6
Logi-ODE,0,val,2020,LH295,148.49382720394343,111.16048946469357,6
Logi-ODE,0,val,2020,LH59,145.9911810000672,99.47590195227772,7
Logi-ODE,0,val,2020,LH60,141.71572552766708,107.45184964676544,7
Logi-ODE,0,val,2020,LH61,129.68797378766243,97.84731209161366,7
Logi-ODE,0,val,2020,LH74,119.89027696317116,86.85085325201443,7
Logi-ODE,0,val,2020,LH82,136.53620056335183,98.25958432029317,7
Logi-ODE,0,val,2020,LH93,128.39904505543583,84.77021383507766,7
Logi-ODE,0,val,2020,LIBC 4,141.17034127753217,104.86381634045188,6
Logi-ODE,0,val,2020,LP1 NR HT,134.93418529238735,92.26645807011175,7
Logi-ODE,0,val,2020,LP5,103.29912230707097,86.26773769566239,7
Logi-ODE,0,val,2020,Lp215D,166.9833813567663,110.52413324732717,7
Logi-ODE,0,val,2020,M14,88.52487196810844,71.7963065209581,7
Logi-ODE,0,val,2020,MBPM,118.52457429464765,85.81429134186918,7
Logi-ODE,0,val,2020,MBWZ,115.62714798031337,88.49185709400952,7
Logi-ODE,0,val,2020,MEF156-55-2,110.95520187347103,82.0458955900477,7
Logi-ODE,0,val,2020,ML606,146.21273354324174,102.00327109184433,7
Logi-ODE,0,val,2020,MM501D,94.00216304256594,73.52357125468406,7
Logi-ODE,0,val,2020,MQ305,135.65065018254109,104.25875877245856,7
Logi-ODE,0,val,2020,MS116,154.98944526070548,111.76671096111215,6
Logi-ODE,0,val,2020,MS132,131.3585522815668,101.65105624332453,7
Logi-ODE,0,val,2020,MS153,173.03110952966114,119.42766022525893,6
Logi-ODE,0,val,2020,MS200,131.39504241681487,95.90856805557141,7
Logi-ODE,0,val,2020,MS211,112.43273971928572,88.60013132278446,7
Logi-ODE,0,val,2020,MS221,102.28961268084505,80.03086082744137,7
Logi-ODE,0,val,2020,MS224,154.38281559082392,130.43761457371897,7
Logi-ODE,0,val,2020,MS225,114.66927088721391,89.2480546092738,7
Logi-ODE,0,val,2020,MS226,91.51363088866049,71.92614809802457,7
Logi-ODE,0,val,2020,MS24A,52.8275678574485,43.80415010248721,7
Logi-ODE,0,val,2020,MS67,50.884034599019465,38.21526253989157,7
Logi-ODE,0,val,2020,MS71,113.79951488482499,79.87243641493053,7
Logi-ODE,0,val,2020,MS72,141.2303725513128,115.48168420906852,5
Logi-ODE,0,val,2020,Mo46,104.40055117389596,80.55857123076564,7
Logi-ODE,0,val,2020,Mo47,95.32792824332363,81.96875351081057,7
Logi-ODE,0,val,2020,Mo5,111.49937008620134,88.9609991109238,7
Logi-ODE,0,val,2020,N192,104.07616337278392,77.37191839844785,7
Logi-ODE,0,val,2020,N193,94.7746718186665,79.1056165902276,7
Logi-ODE,0,val,2020,N201,177.73278395111808,125.07544261646366,6
Logi-ODE,0,val,2020,N211,116.51340852539157,95.02291740524163,6
Logi-ODE,0,val,2020,N217,139.55446383751445,117.94910358570209,7
Logi-ODE,0,val,2020,N28Ht,105.74511917867507,84.33624383553729,7
Logi-ODE,0,val,2020,N501,173.09473467969084,136.07368522819533,7
Logi-ODE,0,val,2020,N523,122.70725058480315,87.18033429499458,7
Logi-ODE,0,val,2020,N527,88.84484112286117,70.65183458157016,7
Logi-ODE,0,val,2020,N534,128.34335226845167,97.64636292054969,7
Logi-ODE,0,val,2020,N542,76.31645797385832,59.136268333522594,7
Logi-ODE,0,val,2020,N6,150.5298023135229,98.45206811001137,7
Logi-ODE,0,val,2020,NC262,148.28652276435233,112.97690149189934,7
Logi-ODE,0,val,2020,NC294,108.92072650618402,80.62838154891244,7
Logi-ODE,0,val,2020,NC310,135.19696024524688,98.85681444562599,7
Logi-ODE,0,val,2020,NC326,118.20777235628152,88.77133569704907,7
Logi-ODE,0,val,2020,NC328,138.95051870968055,103.12702428725261,6
Logi-ODE,0,val,2020,NC368,118.14528409382666,90.9143836186713,7
Logi-ODE,0,val,2020,NC412,104.03067612302156,72.9288287077252,7
Logi-ODE,0,val,2020,ND247,88.55810169395707,80.28895500766899,7
Logi-ODE,0,val,2020,ND265,104.75906728599743,85.8866632762364,7
Logi-ODE,0,val,2020,NK740,167.55884609479133,115.8220907132929,7
Logi-ODE,0,val,2020,NK778,109.65508842054649,88.64746772373958,7
Logi-ODE,0,val,2020,NK807,110.10717006702015,83.86035952550581,6
Logi-ODE,0,val,2020,NKS8326,139.5305071427615,103.85642015512013,6
Logi-ODE,0,val,2020,NORTH 7,191.8152082691375,147.1582510625956,6
Logi-ODE,0,val,2020,NQ508,157.73268878390098,105.87937452285574,7
Logi-ODE,0,val,2020,NS501,167.1000212187202,126.47312551306916,7
Logi-ODE,0,val,2020,NS701,148.10115684938356,123.32674179225,7
Logi-ODE,0,val,2020,NY 166 (Neveh Yaar),104.93807502491391,74.64930996806393,7
Logi-ODE,0,val,2020,NY6371,114.82885465350405,81.49241494812243,7
Logi-ODE,0,val,2020,Ny821,95.57189013506986,77.27676279657037,7
Logi-ODE,0,val,2020,OH33,123.1786839752136,84.10714516801549,6
Logi-ODE,0,val,2020,OQ403,141.60119753884106,96.17443695430867,7
Logi-ODE,0,val,2020,OQ603,140.4529599868457,104.35526609326169,7
Logi-ODE,0,val,2020,OS602,165.7403887708399,121.1170979029896,7
Logi-ODE,0,val,2020,Oh40B,150.09828486874966,120.94971700343088,7
Logi-ODE,0,val,2020,Oh43,99.35570156075613,78.7318888673744,7
Logi-ODE,0,val,2020,Oh7,107.69154571657064,82.25194778055219,7
Logi-ODE,0,val,2020,Os420,174.98534635945418,143.3743231430637,5
Logi-ODE,0,val,2020,Os426,111.63327925748557,77.99636296839121,7
Logi-ODE,0,val,2020,PHB09,117.60483540967644,92.5454027018135,5
Logi-ODE,0,val,2020,PHB47,88.7076990667853,74.1753392513498,7
Logi-ODE,0,val,2020,PHBA6,152.26671620799542,107.05778539792188,7
Logi-ODE,0,val,2020,PHBB3,89.20601109777277,68.5047082401726,7
Logi-ODE,0,val,2020,PHBW8,151.39565504770385,121.75961088941234,7
Logi-ODE,0,val,2020,PHG29,88.24091706832523,76.31367249843784,5
Logi-ODE,0,val,2020,PHG47,110.26788400971402,91.20238984193159,7
Logi-ODE,0,val,2020,PHG50,140.96687883769502,98.99973948658665,7
Logi-ODE,0,val,2020,PHG71,132.67076876941314,88.65216439815102,7
Logi-ODE,0,val,2020,PHG72,111.22169754000913,84.55012077615106,7
Logi-ODE,0,val,2020,PHG80,161.6917368479698,125.51709012301625,7
Logi-ODE,0,val,2020,PHG83,90.2886358061254,78.73840293230468,7
Logi-ODE,0,val,2020,PHG86,153.08356267994998,102.22519819706902,7
Logi-ODE,0,val,2020,PHGW7,139.07585074286547,104.48965408093002,7
Logi-ODE,0,val,2020,PHH93,177.80501794004547,120.61253084243401,7
Logi-ODE,0,val,2020,PHHV4,150.26613253113393,116.60696403935178,5
Logi-ODE,0,val,2020,PHJ70,117.23985443483456,88.93734829993166,7
Logi-ODE,0,val,2020,PHJ89,140.90097603629732,110.59859089974101,7
Logi-ODE,0,val,2020,PHJ90,122.70765117348063,83.49212424250456,7
Logi-ODE,0,val,2020,PHJR5,147.6664806619666,121.82469916920311,7
Logi-ODE,0,val,2020,PHK35,157.40534290447337,109.9284514556759,6
Logi-ODE,0,val,2020,PHK42,149.54390233247204,112.44776866666575,7
Logi-ODE,0,val,2020,PHK56,110.16853058109284,84.63868702892984,6
Logi-ODE,0,val,2020,PHK74,148.41158080785428,104.97697072679166,7
Logi-ODE,0,val,2020,PHKE6,113.03463201861713,80.42840606069096,7
Logi-ODE,0,val,2020,PHM10,145.32708087550077,103.16066567519928,7
Logi-ODE,0,val,2020,PHN11,109.21771935657796,83.47255296911065,6
Logi-ODE,0,val,2020,PHN29,106.3075177559462,79.28677719769897,7
Logi-ODE,0,val,2020,PHN66,150.70982415393982,107.26230518481732,6
Logi-ODE,0,val,2020,PHP02,98.38017087749893,74.61381243417956,7
Logi-ODE,0,val,2020,PHP55,103.93325545084721,77.4756471884897,7
Logi-ODE,0,val,2020,PHP76,96.08690199991507,78.60124621451152,7
Logi-ODE,0,val,2020,PHP85,120.236908187732,80.31908136895046,7
Logi-ODE,0,val,2020,PHPR5,127.23814935216215,86.27612746843327,7
Logi-ODE,0,val,2020,PHR03,166.7541843821516,123.80274955636953,6
Logi-ODE,0,val,2020,PHR30,162.33752426702668,143.9154164450012,5
Logi-ODE,0,val,2020,PHR31,152.71204781014058,105.59063080278712,7
Logi-ODE,0,val,2020,PHR36,144.9133262793184,106.41533257165332,6
Logi-ODE,0,val,2020,PHR47,105.5954341399344,74.15909621690778,7
Logi-ODE,0,val,2020,PHR58,108.20531919107252,89.82110634175912,5
Logi-ODE,0,val,2020,PHR63,129.426463422897,85.15124601445031,7
Logi-ODE,0,val,2020,PHT10,126.41521638849107,91.3283303070738,7
Logi-ODE,0,val,2020,PHT47,163.85918672686356,129.46518060898794,7
Logi-ODE,0,val,2020,PHT55,171.01533430470252,117.95543547645869,7
Logi-ODE,0,val,2020,PHTM9,138.73421228457156,100.50896926839832,7
Logi-ODE,0,val,2020,PHV37,130.8615594847712,99.03595491843426,7
Logi-ODE,0,val,2020,PHV57,164.39007394539854,111.49400841238428,7
Logi-ODE,0,val,2020,PHV63,129.9996999164993,104.37989066134323,7
Logi-ODE,0,val,2020,PHVA9,167.286671313756,119.79401632193104,7
Logi-ODE,0,val,2020,PHW03,161.69555814151843,114.84326544450379,7
Logi-ODE,0,val,2020,PHW17,178.16834501516453,123.84447495855808,7
Logi-ODE,0,val,2020,PHW20,136.6435968800327,99.56779243567219,7
Logi-ODE,0,val,2020,PHW30,194.48956241036942,137.7964810762535,7
Logi-ODE,0,val,2020,PHW52,136.90004453090762,104.61147826490999,7
Logi-ODE,0,val,2020,PHW53,125.23471386566867,97.08559143138076,7
Logi-ODE,0,val,2020,PHW79,83.32778438518783,62.62258596911321,7
Logi-ODE,0,val,2020,PHW80,108.22347195603687,92.02254007796829,7
Logi-ODE,0,val,2020,PHW86,145.7122303471551,98.6619996260516,7
Logi-ODE,0,val,2020,PHZ51,99.26093170083976,73.43667613276958,7
Logi-ODE,0,val,2020,Pa392,83.97669140950285,75.03493447226656,7
Logi-ODE,0,val,2020,Pa405,160.21409721967729,116.50275565008505,7
Logi-ODE,0,val,2020,Pa762,107.7756215804048,81.32466612852227,7
Logi-ODE,0,val,2020,Pa875,122.5465428975234,80.1063788023019,7
Logi-ODE,0,val,2020,Pa880,132.93337061676445,99.58732682650346,7
Logi-ODE,0,val,2020,Pa91,145.77880898160024,105.95585837773767,7
Logi-ODE,0,val,2020,Q381,132.74691550297175,97.6187427000327,7
Logi-ODE,0,val,2020,R168,77.6915640633097,64.0721911908727,7
Logi-ODE,0,val,2020,R181B,109.76321667882812,89.54708660253475,7
Logi-ODE,0,val,2020,R226,85.53938158802077,66.44922129001034,7
Logi-ODE,0,val,2020,R227,118.68798425455313,87.02809937135352,7
Logi-ODE,0,val,2020,R71,97.03126446661516,69.6393033792,7
Logi-ODE,0,val,2020,R78,72.21835833819136,54.644495753513446,7
Logi-ODE,0,val,2020,S8326,76.04847099809729,58.57186640761902,6
Logi-ODE,0,val,2020,SD101,91.53096896079002,67.41455563254785,7
Logi-ODE,0,val,2020,SD102,117.90897001939615,81.75080783296661,7
Logi-ODE,0,val,2020,SD107,158.71217070405487,107.4786716586361,7
Logi-ODE,0,val,2020,SD40,111.14459730633257,80.29162306343507,7
Logi-ODE,0,val,2020,SD44,112.04111978150681,91.55106484025858,7
Logi-ODE,0,val,2020,SG 30A,97.64771427848264,69.27190928912023,7
Logi-ODE,0,val,2020,Seagull Seventeen,158.17570458913698,113.26320073636965,6
Logi-ODE,0,val,2020,T242,97.47121565811497,72.37672089118857,7
Logi-ODE,0,val,2020,TZU-CHIAO-HSI-WU 105,107.1228864531486,82.36906440951358,7
Logi-ODE,0,val,2020,Tr,151.10163838905538,116.09240115827295,7
Logi-ODE,0,val,2020,Va26,83.73529705954812,65.36560465638632,7
Logi-ODE,0,val,2020,Va35,130.23790488406817,90.14621608415385,7
Logi-ODE,0,val,2020,Va52,88.56621064037905,77.94420071136483,7
Logi-ODE,0,val,2020,Va59,114.62843467158525,80.96438517232652,7
Logi-ODE,0,val,2020,Va99,143.79597835939123,100.28292326235795,7
Logi-ODE,0,val,2020,VaW6,90.96282032569863,64.94682101448103,7
Logi-ODE,0,val,2020,W117Ht,110.54327133085899,82.53641147149234,7
Logi-ODE,0,val,2020,W153R,160.1252367713219,130.44149276239546,7
Logi-ODE,0,val,2020,W22,98.44518602880274,79.33163076427432,7
Logi-ODE,0,val,2020,W23,100.99654787083642,82.82747249261192,7
Logi-ODE,0,val,2020,W24,93.07290209059005,69.23734338648931,7
Logi-ODE,0,val,2020,W32,121.07163549504808,89.4439039238364,6
Logi-ODE,0,val,2020,W37A,106.19866373160318,81.00695655272287,7
Logi-ODE,0,val,2020,W552,138.3434181190255,99.82171856610664,7
Logi-ODE,0,val,2020,W603S,147.89165270771932,97.73668348333433,7
Logi-ODE,0,val,2020,W604S,136.21577017054895,99.3060162464866,7
Logi-ODE,0,val,2020,W605S,177.160233226753,128.37792283081413,6
Logi-ODE,0,val,2020,W607S,125.28729646967207,89.17437287304188,7
Logi-ODE,0,val,2020,W610S,150.78971861642654,117.47729228226835,7
Logi-ODE,0,val,2020,W612S,145.58530574374092,98.21694333252692,7
Logi-ODE,0,val,2020,W614S,143.23150571383363,101.97374018177437,7
Logi-ODE,0,val,2020,W64A,101.31785630105405,82.17040613166986,5
Logi-ODE,0,val,2020,W701BC,120.36739227914173,84.71493764236519,7
Logi-ODE,0,val,2020,W809G,131.20147911962812,94.8241631242491,7
Logi-ODE,0,val,2020,W810G,105.76910979331402,74.6746503367772,7
Logi-ODE,0,val,2020,W812G,118.17637998956572,81.22185062220917,6
Logi-ODE,0,val,2020,W813G,109.93593862426066,76.03400936081593,7
Logi-ODE,0,val,2020,W814G,94.1278813827773,70.61771232876707,7
Logi-ODE,0,val,2020,W8304,146.23000602485055,111.8260879032694,6
Logi-ODE,0,val,2020,W9,103.29690960684852,72.6987331584631,7
Logi-ODE,0,val,2020,WIL900,159.80472677207146,116.5945727660551,7
Logi-ODE,0,val,2020,WR3,105.84988289730533,89.35734748367072,7
Logi-ODE,0,val,2020,WU-TAN-TZAO,114.95143850793905,82.83901640130682,7
Logi-ODE,0,val,2020,YE 4,131.71876655256634,96.79208547020714,6
Logi-ODE,0,val,2020,YING-55,57.958195576237905,54.168676015956386,7
Logi-ODE,0,val,2020,Yu796 NS,146.27655648702336,106.31679468890879,7
Logi-ODE,0,val,2020,ZS635,168.01494150947102,128.39436638660018,6
Logi-ODE,0,test,2021,1538,135.5801880335664,103.12301909428705,10
Logi-ODE,0,test,2021,2369,125.8219953235744,89.07953684170351,10
Logi-ODE,0,test,2021,29MIBZ2,88.16777356415689,53.93681983850511,10
Logi-ODE,0,test,2021,2FACC,110.38647117183935,79.26300056503294,10
Logi-ODE,0,test,2021,2FADB,83.38988097184253,63.014424341419854,10
Logi-ODE,0,test,2021,2MA22,135.3886975178878,97.67603437386208,10
Logi-ODE,0,test,2021,2MCDB,164.07130543982746,126.55866387719455,9
Logi-ODE,0,test,2021,3IJI1,107.926516015219,79.96745117165719,10
Logi-ODE,0,test,2021,4226,164.8058318760639,132.27773228789664,10
Logi-ODE,0,test,2021,4F-306 108,137.49602255772064,101.28834461393437,9
Logi-ODE,0,test,2021,4N506,120.1608413814161,89.33448652380932,10
Logi-ODE,0,test,2021,6F629,170.37699015974712,138.28012766772844,10
Logi-ODE,0,test,2021,6M502,133.51415210569954,98.06261695010907,10
Logi-ODE,0,test,2021,6M502A,162.07070084019438,125.67493719616505,10
Logi-ODE,0,test,2021,764,124.0689018417885,94.72701931306676,10
Logi-ODE,0,test,2021,78010,144.37432985474945,111.62015976356244,10
Logi-ODE,0,test,2021,78551S,87.09213352066641,65.94450842581519,9
Logi-ODE,0,test,2021,790,115.97154954743931,84.39556291776876,10
Logi-ODE,0,test,2021,793,115.30414405095117,80.58088419554102,10
Logi-ODE,0,test,2021,87916W,133.23606741297738,104.55424092959107,9
Logi-ODE,0,test,2021,911,104.13765410847687,70.84477868533293,10
Logi-ODE,0,test,2021,912,134.7296656558032,95.60646749037258,10
Logi-ODE,0,test,2021,91IFC2,120.89567901255447,83.37188684649777,10
Logi-ODE,0,test,2021,A,133.78382021645135,107.56581886548709,10
Logi-ODE,0,test,2021,A208,142.14698760735456,99.75341003470007,10
Logi-ODE,0,test,2021,A239,128.37386882941573,96.16937024589323,10
Logi-ODE,0,test,2021,A258,159.33339058312728,131.47137128445752,10
Logi-ODE,0,test,2021,A272,131.77732298109882,98.28967437683471,10
Logi-ODE,0,test,2021,A305,116.83388512522069,75.65950877245545,10
Logi-ODE,0,test,2021,A321,168.93258359828945,119.13968897072382,10
Logi-ODE,0,test,2021,A322,85.5191244771721,56.82714974595533,10
Logi-ODE,0,test,2021,A334,113.02093436551567,81.60155454826689,10
Logi-ODE,0,test,2021,A340,113.46492048193709,86.25411145867727,10
Logi-ODE,0,test,2021,A374,104.60286363176348,78.24144536098326,10
Logi-ODE,0,test,2021,A385,88.64474386042238,66.77370264251506,10
Logi-ODE,0,test,2021,A427,86.79834325228921,69.25038271983726,10
Logi-ODE,0,test,2021,A548,85.95286937559536,58.84762093686354,10
Logi-ODE,0,test,2021,A556,112.15002013879962,84.16863514634008,10
Logi-ODE,0,test,2021,A572,112.26234108866986,84.6693792159283,10
Logi-ODE,0,test,2021,A619,98.02079669229005,74.21639222125282,10
Logi-ODE,0,test,2021,A627,196.1446618700008,154.58783662865872,10
Logi-ODE,0,test,2021,A632,155.40604621148572,122.29872754883286,9
Logi-ODE,0,test,2021,A634,108.89921973955794,87.94066500168897,10
Logi-ODE,0,test,2021,A635,129.73789235936178,94.26333117172241,10
Logi-ODE,0,test,2021,A641,116.47270813570665,90.00916309413614,10
Logi-ODE,0,test,2021,A648,187.73038386255894,146.74810924453308,9
Logi-ODE,0,test,2021,A649,109.33059254000341,83.2514279782664,10
Logi-ODE,0,test,2021,A659,136.6571307496747,104.32038486239423,10
Logi-ODE,0,test,2021,A663,121.77775994684657,97.94600686107496,10
Logi-ODE,0,test,2021,A672,116.49400014468507,89.85092440213572,10
Logi-ODE,0,test,2021,A674,96.18579495001711,73.91943897337538,10
Logi-ODE,0,test,2021,A679,171.79134907849377,123.5086285528951,10
Logi-ODE,0,test,2021,A680,123.93138584470151,88.53298056707884,10
Logi-ODE,0,test,2021,A682,108.58081169899718,76.95775252709858,10
Logi-ODE,0,test,2021,A71,99.5469536592979,80.79340239426793,10
Logi-ODE,0,test,2021,A73,136.5300556992659,108.78211257198188,10
Logi-ODE,0,test,2021,AQA3,72.59422370094636,49.65891786775777,10
Logi-ODE,0,test,2021,AS6103,110.48134781679197,86.20756400521478,10
Logi-ODE,0,test,2021,AusTRCF 306238,127.06714527722741,103.45813648471787,9
Logi-ODE,0,test,2021,B-18 INBR.FR.SUPERGOLD,84.97728336731278,66.18191859357823,10
Logi-ODE,0,test,2021,B-28,86.1334685001948,65.5733958792314,10
Logi-ODE,0,test,2021,B103,100.17068014363333,81.82876550342203,10
Logi-ODE,0,test,2021,B104,124.91055573109672,101.30133994675157,10
Logi-ODE,0,test,2021,B105,158.48445740956237,123.26900712937955,10
Logi-ODE,0,test,2021,B107,108.02130630342143,77.05617291897757,10
Logi-ODE,0,test,2021,B108,108.48239034313663,80.90056315159346,10
Logi-ODE,0,test,2021,B110,147.8061146456919,115.61055861794307,9
Logi-ODE,0,test,2021,B111,118.65041515191338,94.11513902210768,10
Logi-ODE,0,test,2021,B114,140.0993111521958,91.97048668226823,10
Logi-ODE,0,test,2021,B115,169.44666822613354,138.25647527237993,9
Logi-ODE,0,test,2021,B119,153.68493111751212,112.38926080778181,10
Logi-ODE,0,test,2021,B120,183.18340351818193,143.4324789417452,10
Logi-ODE,0,test,2021,B121,87.79809649783607,69.46510610316544,10
Logi-ODE,0,test,2021,B14,137.47394718473447,101.52790964416756,10
Logi-ODE,0,test,2021,B14A,148.51940555247361,117.67981431124294,9
Logi-ODE,0,test,2021,B164,104.39837369154985,82.23185377455275,10
Logi-ODE,0,test,2021,B2,141.42204422356994,112.31879259449812,9
Logi-ODE,0,test,2021,B37,158.66353492403374,129.6168275724363,10
Logi-ODE,0,test,2021,B46,112.7489481830448,93.08557739477911,10
Logi-ODE,0,test,2021,B57,151.8245151300914,126.11514618322997,10
Logi-ODE,0,test,2021,B65,155.00926572264896,113.85928035983356,10
Logi-ODE,0,test,2021,B66,119.25757470082785,90.3339979685476,10
Logi-ODE,0,test,2021,B68,178.70973431844106,149.33228460385524,9
Logi-ODE,0,test,2021,B70,104.64479152608125,85.29843568863814,10
Logi-ODE,0,test,2021,B75,78.96160032080323,60.19922678694336,9
Logi-ODE,0,test,2021,B76,97.02524237059198,72.43390078664159,10
Logi-ODE,0,test,2021,B77,151.4739160007763,126.31903436872497,10
Logi-ODE,0,test,2021,B79,125.3534160864339,102.12994432234117,10
Logi-ODE,0,test,2021,B84,155.68138574701487,121.07081545828964,9
Logi-ODE,0,test,2021,B85,136.73471208247108,96.0629056248473,10
Logi-ODE,0,test,2021,B87,86.75090992481701,63.58925229605345,10
Logi-ODE,0,test,2021,B88,117.19641454966111,94.7180561339898,10
Logi-ODE,0,test,2021,B91,103.18128434060569,79.42739314082635,10
Logi-ODE,0,test,2021,B97,154.8373129454213,125.97198771087392,10
Logi-ODE,0,test,2021,BEI 10 = NORTH 10,121.31224195370429,95.11041443048664,10
Logi-ODE,0,test,2021,BO9,75.98909645084811,55.69316999269323,10
Logi-ODE,0,test,2021,C103,144.92946379662675,98.26284754508147,10
Logi-ODE,0,test,2021,C123,91.69708896444388,70.27397878749079,10
Logi-ODE,0,test,2021,CA-4,98.2550503393279,76.19340819390553,10
Logi-ODE,0,test,2021,CG102,106.65222212313205,81.06817092225633,10
Logi-ODE,0,test,2021,CH157,84.41187624941789,63.503820887135575,10
Logi-ODE,0,test,2021,CH701-30,119.36546364187976,87.68677641557883,10
Logi-ODE,0,test,2021,CH711-10,100.45149228479869,73.76026316114073,10
Logi-ODE,0,test,2021,CH9,153.63894261255012,109.70206488062486,10
Logi-ODE,0,test,2021,CI 40H,131.13373677714205,96.57859729746772,10
Logi-ODE,0,test,2021,CM105,108.32472415692301,73.05638217990087,10
Logi-ODE,0,test,2021,CO257,204.29556750244922,174.97366932532563,9
Logi-ODE,0,test,2021,CO258,115.48628775941964,100.92508489501066,10
Logi-ODE,0,test,2021,CQ702RC,171.35573836429484,117.11023089305286,10
Logi-ODE,0,test,2021,CR 22 INBRED,96.17165234224109,71.15483931784107,10
Logi-ODE,0,test,2021,CS405,92.86804341846074,67.2787779658669,10
Logi-ODE,0,test,2021,DE2,87.36855841510067,75.63021256547275,10
Logi-ODE,0,test,2021,DE4,113.32412488308422,83.67542391968841,10
Logi-ODE,0,test,2021,DE811,133.0921487104723,108.29779338188925,10
Logi-ODE,0,test,2021,DJ7,164.55138425396754,135.45099420571827,10
Logi-ODE,0,test,2021,DK3IIH6,137.40817234511297,110.84521726695118,10
Logi-ODE,0,test,2021,DK4676A,106.97541452398944,68.91702874026058,10
Logi-ODE,0,test,2021,DK78002A,137.20224953130807,101.84640277127198,10
Logi-ODE,0,test,2021,DK78010,138.4944904817293,101.50289533524959,10
Logi-ODE,0,test,2021,DKFAPW,76.55535577657278,59.56734975660081,10
Logi-ODE,0,test,2021,DKFBHJ,168.85209664179877,122.10332660633044,10
Logi-ODE,0,test,2021,DKMBNA,92.02320820259649,64.27594954046222,10
Logi-ODE,0,test,2021,DKPB80,112.39437037381414,86.50378337960127,10
Logi-ODE,0,test,2021,E8501,174.21400818295788,140.90450826797996,9
Logi-ODE,0,test,2021,EAST 028,127.56888345181349,84.3771118847771,10
Logi-ODE,0,test,2021,Eng-Li Chih,87.28746227447583,70.98739423952182,10
Logi-ODE,0,test,2021,F118,118.1981659496928,88.79679447293009,10
Logi-ODE,0,test,2021,F2834T,158.53154997491276,131.61821540545628,10
Logi-ODE,0,test,2021,FBLA,164.56052595603975,125.99764210582157,10
Logi-ODE,0,test,2021,FR19,115.03330376809211,90.19169516455744,10
Logi-ODE,0,test,2021,G80,117.10312263873514,84.49967108614393,10
Logi-ODE,0,test,2021,H110,108.22423105559679,82.98907018786221,10
Logi-ODE,0,test,2021,H113,89.97902677163445,73.91929507424365,10
Logi-ODE,0,test,2021,H121,81.30361509688827,63.651667719767545,10
Logi-ODE,0,test,2021,H122w,114.25247297523998,92.97990576300508,10
Logi-ODE,0,test,2021,H42,157.67179163974515,110.37417505359,10
Logi-ODE,0,test,2021,H5,131.1934085397271,94.67741920914315,10
Logi-ODE,0,test,2021,H71,152.42013253436468,115.75778971730469,10
Logi-ODE,0,test,2021,H84,227.97686001600718,181.5388705473684,10
Logi-ODE,0,test,2021,H91,122.17871911535622,88.9475337791076,10
Logi-ODE,0,test,2021,H95,107.07692554416273,83.94155700596059,10
Logi-ODE,0,test,2021,H96,175.85845283313384,143.686462215718,10
Logi-ODE,0,test,2021,H99,90.773604707437,64.18114872726821,10
Logi-ODE,0,test,2021,HP301,160.9622929884692,139.2540941601746,10
Logi-ODE,0,test,2021,HUANYAO,119.81551938841984,90.32136037404189,10
Logi-ODE,0,test,2021,I29,91.70446163983388,65.52256424702782,10
Logi-ODE,0,test,2021,IA2132,129.19371226866204,96.66736268705783,10
Logi-ODE,0,test,2021,IBB14,144.0744586975049,100.9818856454971,10
Logi-ODE,0,test,2021,IBB15,146.61153278809255,111.22392997216507,10
Logi-ODE,0,test,2021,IBC2,178.50679125389544,131.23396973788346,10
Logi-ODE,0,test,2021,ICI 193,135.17896108108755,97.40763200689187,10
Logi-ODE,0,test,2021,ICI 740,144.60899874881693,96.88550306225602,10
Logi-ODE,0,test,2021,ICI 893,141.47819120881047,108.20018287492789,10
Logi-ODE,0,test,2021,ICI 986,108.66414653612983,78.96702616211044,10
Logi-ODE,0,test,2021,IDS28,115.74280965707347,93.80616324862667,10
Logi-ODE,0,test,2021,IDS69,133.6541293673541,108.2506056693564,9
Logi-ODE,0,test,2021,IDS91,131.34259724311408,106.67606502459837,10
Logi-ODE,0,test,2021,INB 101LFY/LFY (A632 X M16 S5),72.68632245822775,61.89335063018973,10
Logi-ODE,0,test,2021,INBRED 141,165.59033117470213,128.24377630683585,10
Logi-ODE,0,test,2021,INBRED 2-687,155.64224532153807,118.3779774696807,10
Logi-ODE,0,test,2021,INBRED 305,153.89370796685185,114.44545279631593,10
Logi-ODE,0,test,2021,INBRED 309,205.49476372794777,157.6764935466617,10
Logi-ODE,0,test,2021,INBRED 321,141.38956760235556,114.90294114721274,9
Logi-ODE,0,test,2021,Ia 453,108.85006766126072,92.43866148146158,10
Logi-ODE,0,test,2021,J47,177.4548907970558,136.22286229774235,10
Logi-ODE,0,test,2021,K150,103.24013420405271,85.57463704217994,10
Logi-ODE,0,test,2021,K41,174.4146638242913,144.34553408475085,10
Logi-ODE,0,test,2021,K47,123.24110425856158,107.02046879377153,10
Logi-ODE,0,test,2021,K55,138.60919914205854,111.27092606573777,10
Logi-ODE,0,test,2021,KUNG-70,96.43571481095901,68.06359505619986,10
Logi-ODE,0,test,2021,L 127,101.34512913579802,68.3823682844808,10
Logi-ODE,0,test,2021,L 135,131.57717505716494,86.26839119128553,10
Logi-ODE,0,test,2021,L 139,97.91953206396535,73.65704766838766,10
Logi-ODE,0,test,2021,L 155,134.11559596831967,101.75216200048195,10
Logi-ODE,0,test,2021,L 289,138.5109891197779,101.26302487704797,10
Logi-ODE,0,test,2021,LH1,82.91642316166764,66.36352261055883,10
Logi-ODE,0,test,2021,LH119,102.80284216649319,68.9686001276533,10
Logi-ODE,0,test,2021,LH128,130.00040086935917,109.32392990193284,10
Logi-ODE,0,test,2021,LH143 (Maintainer),94.78837354304974,56.29734692988541,10
Logi-ODE,0,test,2021,LH145,126.63340844766037,103.94008779425144,9
Logi-ODE,0,test,2021,LH146Ht,83.75541694369099,61.00321404407964,10
Logi-ODE,0,test,2021,LH149,86.98643667614208,58.04208032435899,10
Logi-ODE,0,test,2021,LH165,127.04380114129498,110.07483396454654,9
Logi-ODE,0,test,2021,LH166,117.9015928494202,76.72297486704875,10
Logi-ODE,0,test,2021,LH172,176.16827073058028,140.42971941385386,10
Logi-ODE,0,test,2021,LH184,109.60912762557327,76.86456082028644,10
Logi-ODE,0,test,2021,LH185,141.9427650231757,101.94152766652519,10
Logi-ODE,0,test,2021,LH190,137.92807568767785,104.71827101984181,10
Logi-ODE,0,test,2021,LH191,136.43779092592706,107.3249589680839,10
Logi-ODE,0,test,2021,LH192,132.62594269609966,92.94879565593672,10
Logi-ODE,0,test,2021,LH194,149.51847557883997,120.5987099363856,9
Logi-ODE,0,test,2021,LH195,133.07529037263777,102.13243595426823,10
Logi-ODE,0,test,2021,LH197,115.0656981221013,93.2728889808146,10
Logi-ODE,0,test,2021,LH198,100.74322283700474,75.61680399487848,10
Logi-ODE,0,test,2021,LH199,153.516476092325,136.62296210282364,9
Logi-ODE,0,test,2021,LH202,95.15953797873394,65.47220214002789,10
Logi-ODE,0,test,2021,LH204,160.26196997718827,125.42637298848413,10
Logi-ODE,0,test,2021,LH205,164.58293552455265,127.58721991433092,9
Logi-ODE,0,test,2021,LH206,103.94852156496938,72.18231365129033,10
Logi-ODE,0,test,2021,LH208,127.0988360128137,101.72773834338383,10
Logi-ODE,0,test,2021,LH209,97.99516251547877,69.83898677089869,10
Logi-ODE,0,test,2021,LH213,64.92510301699114,57.4125481387296,10
Logi-ODE,0,test,2021,LH214,107.85268973213623,84.84817174766377,10
Logi-ODE,0,test,2021,LH215,147.44933322752706,119.61347429598462,10
Logi-ODE,0,test,2021,LH222,134.10112344453663,105.94690303660896,10
Logi-ODE,0,test,2021,LH223,98.42171464951798,60.51131917293708,10
Logi-ODE,0,test,2021,LH224,117.03388639625138,95.57735033384334,10
Logi-ODE,0,test,2021,LH295,117.89115349993341,88.29185808940483,10
Logi-ODE,0,test,2021,LH59,134.53448060399515,97.18140422702645,10
Logi-ODE,0,test,2021,LH60,123.56456849629198,95.80788264014657,10
Logi-ODE,0,test,2021,LH61,117.24320687040019,85.7144557461928,10
Logi-ODE,0,test,2021,LH74,151.44990281815362,116.97777517097965,10
Logi-ODE,0,test,2021,LH82,125.95549770690666,88.42905168575274,10
Logi-ODE,0,test,2021,LH93,133.41689739296197,104.94796103342597,10
Logi-ODE,0,test,2021,LIBC 4,123.42352506072427,97.23868772471715,10
Logi-ODE,0,test,2021,LP1 NR HT,169.63510929608918,131.51640890756323,10
Logi-ODE,0,test,2021,LP5,103.1175240858159,79.07643591418892,10
Logi-ODE,0,test,2021,Lp215D,99.1044272360779,67.84661697001994,10
Logi-ODE,0,test,2021,M14,81.77238669236367,60.88572164091029,10
Logi-ODE,0,test,2021,MBPM,139.98474647311227,116.46194349446262,10
Logi-ODE,0,test,2021,MBWZ,159.40074861192608,126.70653827007997,9
Logi-ODE,0,test,2021,MEF156-55-2,120.82518368650207,79.41644383779837,10
Logi-ODE,0,test,2021,ML606,102.43463467625142,78.82648285018725,10
Logi-ODE,0,test,2021,MM501D,92.63571226893603,77.07347274136104,10
Logi-ODE,0,test,2021,MQ305,111.00734748370456,75.69023581476117,10
Logi-ODE,0,test,2021,MS116,123.25430953342503,93.66395283860007,10
Logi-ODE,0,test,2021,MS132,113.7633586099022,82.73095434478549,10
Logi-ODE,0,test,2021,MS153,189.94717103769528,150.53189585801755,10
Logi-ODE,0,test,2021,MS200,121.69393967317092,75.7023766885712,10
Logi-ODE,0,test,2021,MS211,101.10988115518488,71.93115326096674,10
Logi-ODE,0,test,2021,MS221,128.87178847903903,102.16166090530348,10
Logi-ODE,0,test,2021,MS224,135.179812034286,104.28953775328105,10
Logi-ODE,0,test,2021,MS225,99.04613888802669,67.69509007255809,10
Logi-ODE,0,test,2021,MS226,126.29278156311875,92.2303111355886,10
Logi-ODE,0,test,2021,MS24A,81.42526793782199,62.18768797155076,10
Logi-ODE,0,test,2021,MS67,140.6684219887609,116.95741251300183,10
Logi-ODE,0,test,2021,MS71,133.21013250807073,97.42452988935386,10
Logi-ODE,0,test,2021,MS72,110.91228190602222,81.03494680428346,10
Logi-ODE,0,test,2021,Mo46,175.82262230968294,137.14302293877523,10
Logi-ODE,0,test,2021,Mo47,84.88186834950491,61.23892599016456,10
Logi-ODE,0,test,2021,Mo5,110.40096541335193,90.70075483679497,10
Logi-ODE,0,test,2021,N192,116.01990655358551,86.2163676766719,10
Logi-ODE,0,test,2021,N193,89.13128275309118,63.16251153547876,10
Logi-ODE,0,test,2021,N201,153.22798727640523,113.08049391270495,10
Logi-ODE,0,test,2021,N211,90.63385606779902,72.84677138699438,10
Logi-ODE,0,test,2021,N217,122.92692162111409,104.5349702983552,10
Logi-ODE,0,test,2021,N28Ht,188.70277450946728,164.2065876637582,10
Logi-ODE,0,test,2021,N501,149.96895821117263,113.2716753863667,10
Logi-ODE,0,test,2021,N523,122.84881010244496,89.9271729270123,10
Logi-ODE,0,test,2021,N527,122.89159277129565,89.57416233480326,10
Logi-ODE,0,test,2021,N534,139.96929318004476,107.09060068585418,10
Logi-ODE,0,test,2021,N542,141.70352867332306,124.58022397226846,10
Logi-ODE,0,test,2021,N6,177.80446690468253,153.97100779409647,8
Logi-ODE,0,test,2021,NC262,120.17369755459086,91.48513613130106,9
Logi-ODE,0,test,2021,NC294,129.75697073526214,101.69467772860311,10
Logi-ODE,0,test,2021,NC310,113.63767879897912,84.47395166531757,10
Logi-ODE,0,test,2021,NC326,142.39907914578916,108.10818340470027,10
Logi-ODE,0,test,2021,NC328,138.2809758031236,107.74463921849978,10
Logi-ODE,0,test,2021,NC368,155.78664860992444,138.7439225778134,9
Logi-ODE,0,test,2021,NC412,144.67896173941335,107.61524191379297,10
Logi-ODE,0,test,2021,ND247,93.69932740900437,66.51230109346174,9
Logi-ODE,0,test,2021,ND265,94.16815674967656,76.48270812591268,10
Logi-ODE,0,test,2021,NK740,195.60839312420723,145.87447166253637,10
Logi-ODE,0,test,2021,NK778,105.99320303558588,77.48771576173024,10
Logi-ODE,0,test,2021,NK807,128.87653887410414,92.67900116455232,10
Logi-ODE,0,test,2021,NKS8326,147.5358273302475,122.12147031291738,10
Logi-ODE,0,test,2021,NORTH 7,163.53628529385213,115.99480434630509,10
Logi-ODE,0,test,2021,NQ508,166.85137341543617,129.45108011382467,10
Logi-ODE,0,test,2021,NS501,157.24897268253065,122.13649220049724,10
Logi-ODE,0,test,2021,NS701,244.2909338720535,209.84198518026133,10
Logi-ODE,0,test,2021,NY 166 (Neveh Yaar),122.3408033496681,94.17811421529488,10
Logi-ODE,0,test,2021,NY6371,151.77975202235646,115.53595229098357,10
Logi-ODE,0,test,2021,Ny821,92.28741012894652,69.20598566818289,10
Logi-ODE,0,test,2021,OH33,169.13903393443084,120.39899508092158,10
Logi-ODE,0,test,2021,OQ403,144.07303110419724,94.34545326678901,10
Logi-ODE,0,test,2021,OQ603,124.1447361962393,84.69437462445002,10
Logi-ODE,0,test,2021,OS602,116.26609957878594,79.97466894724334,10
Logi-ODE,0,test,2021,Oh40B,173.58240806839004,124.7751103955779,10
Logi-ODE,0,test,2021,Oh43,91.95308703069138,65.37059211152913,10
Logi-ODE,0,test,2021,Oh7,119.55266214471929,98.17751479662383,10
Logi-ODE,0,test,2021,Os420,116.39544296491906,91.89456514784756,10
Logi-ODE,0,test,2021,Os426,115.27163595428492,85.65915338092296,10
Logi-ODE,0,test,2021,PHB09,108.43385709169154,77.52710754667858,10
Logi-ODE,0,test,2021,PHB47,88.14066325454162,59.56511192624551,10
Logi-ODE,0,test,2021,PHBA6,144.06285955819644,102.28741226605528,10
Logi-ODE,0,test,2021,PHBB3,135.09380195808254,109.8210305624721,10
Logi-ODE,0,test,2021,PHBW8,142.70346639134019,121.43348311335748,10
Logi-ODE,0,test,2021,PHG29,130.01025520796009,100.42947023526659,10
Logi-ODE,0,test,2021,PHG47,146.7102326666937,108.24886129247862,9
Logi-ODE,0,test,2021,PHG50,98.01285195548617,70.41581129272754,10
Logi-ODE,0,test,2021,PHG71,125.4509461767099,84.51041384169568,10
Logi-ODE,0,test,2021,PHG72,111.74233582669795,76.63453246566317,10
Logi-ODE,0,test,2021,PHG80,167.6919957832736,137.03411655140962,10
Logi-ODE,0,test,2021,PHG83,84.98721276861237,63.18488030827816,10
Logi-ODE,0,test,2021,PHG86,197.34282859330085,160.1542922486905,9
Logi-ODE,0,test,2021,PHGW7,181.4880628420695,114.782853975974,10
Logi-ODE,0,test,2021,PHH93,162.15589010374543,125.16564022289225,9
Logi-ODE,0,test,2021,PHHV4,138.55568624828862,105.1652941231029,10
Logi-ODE,0,test,2021,PHJ70,183.31704305451754,140.13595230586787,10
Logi-ODE,0,test,2021,PHJ89,90.20015322034754,64.6692596404142,10
Logi-ODE,0,test,2021,PHJ90,153.0507408342628,121.42568652494374,10
Logi-ODE,0,test,2021,PHJR5,152.96397556635574,105.95099886227717,10
Logi-ODE,0,test,2021,PHK35,170.54886352138246,134.49243301351183,10
Logi-ODE,0,test,2021,PHK42,119.76089348590668,84.85019707447204,10
Logi-ODE,0,test,2021,PHK56,192.3233521665409,164.84895498387516,9
Logi-ODE,0,test,2021,PHK74,124.85445235726984,80.4935773679576,10
Logi-ODE,0,test,2021,PHKE6,144.3418465555375,109.02359683997638,10
Logi-ODE,0,test,2021,PHM10,158.2125279315321,128.26184881073218,10
Logi-ODE,0,test,2021,PHN11,132.8438697947254,97.12603704828751,10
Logi-ODE,0,test,2021,PHN29,125.69597470901972,94.70737694851107,9
Logi-ODE,0,test,2021,PHN66,113.20591648114635,84.75524089834695,10
Logi-ODE,0,test,2021,PHP02,111.4145999082656,81.20631954983965,10
Logi-ODE,0,test,2021,PHP55,84.9945967056851,67.43302055057674,10
Logi-ODE,0,test,2021,PHP76,159.05288076901888,116.76323184728656,10
Logi-ODE,0,test,2021,PHP85,103.58177326833099,88.91244892762789,8
Logi-ODE,0,test,2021,PHPR5,151.70038871603106,106.06604904939392,10
Logi-ODE,0,test,2021,PHR03,167.1259289017292,127.49671100326353,10
Logi-ODE,0,test,2021,PHR30,123.42064734744271,93.76501877766523,10
Logi-ODE,0,test,2021,PHR31,158.00790195364695,117.05078178715425,10
Logi-ODE,0,test,2021,PHR36,143.2296791028712,104.52998143055602,10
Logi-ODE,0,test,2021,PHR47,135.7320157601096,101.23463286945984,10
Logi-ODE,0,test,2021,PHR58,105.01004671011502,84.28621862821754,10
Logi-ODE,0,test,2021,PHR63,122.50212645907308,89.51142410923526,10
Logi-ODE,0,test,2021,PHT10,130.9023597571109,98.37953329901534,10
Logi-ODE,0,test,2021,PHT47,119.40583918686299,87.17234186327178,10
Logi-ODE,0,test,2021,PHT55,149.78117761596968,111.35818780565907,10
Logi-ODE,0,test,2021,PHTM9,111.50979442084434,74.17113885586777,10
Logi-ODE,0,test,2021,PHV37,107.35974451678904,86.72180825047687,10
Logi-ODE,0,test,2021,PHV57,146.35488652965137,102.7352555283733,10
Logi-ODE,0,test,2021,PHV63,150.02238267207133,125.63102839791966,10
Logi-ODE,0,test,2021,PHVA9,135.9057863115399,107.58444716873353,10
Logi-ODE,0,test,2021,PHW03,139.55821116772955,96.03014212014554,10
Logi-ODE,0,test,2021,PHW17,139.68692389959259,95.43381592172476,10
Logi-ODE,0,test,2021,PHW20,176.1980518554332,123.36941018570276,10
Logi-ODE,0,test,2021,PHW30,126.5663714285399,91.77369218493779,10
Logi-ODE,0,test,2021,PHW52,135.53716155771377,105.29635684163392,10
Logi-ODE,0,test,2021,PHW53,152.43733225375215,119.94657700248531,10
Logi-ODE,0,test,2021,PHW79,98.12798912707557,77.26974048897519,8
Logi-ODE,0,test,2021,PHW80,105.42983025583105,83.45666029810431,10
Logi-ODE,0,test,2021,PHW86,108.618619974277,72.04146620583896,10
Logi-ODE,0,test,2021,PHZ51,129.20307443505925,101.12290530038452,10
Logi-ODE,0,test,2021,Pa392,108.82886259369393,85.73374368052063,10
Logi-ODE,0,test,2021,Pa405,122.68565783045547,94.15256368595198,10
Logi-ODE,0,test,2021,Pa762,120.52459632603271,98.14839340100318,10
Logi-ODE,0,test,2021,Pa875,175.09240290103415,142.9374703610799,10
Logi-ODE,0,test,2021,Pa880,120.0634640799923,90.9165650784256,10
Logi-ODE,0,test,2021,Pa91,174.22002377785446,136.02765114680568,10
Logi-ODE,0,test,2021,Q381,126.90894943101955,81.93347530418166,10
Logi-ODE,0,test,2021,R168,109.18895554497576,81.21211679709583,10
Logi-ODE,0,test,2021,R181B,109.84904275448329,77.82512450063216,10
Logi-ODE,0,test,2021,R226,145.5327003679954,110.39984247802713,10
Logi-ODE,0,test,2021,R227,177.3270774869458,152.26806338432687,10
Logi-ODE,0,test,2021,R71,109.74928715155954,85.66538119634018,10
Logi-ODE,0,test,2021,R78,133.8146826926792,110.96851864182766,10
Logi-ODE,0,test,2021,S8326,116.89594066797562,88.54021180981573,10
Logi-ODE,0,test,2021,SD101,123.04131433379193,94.79736017037393,10
Logi-ODE,0,test,2021,SD102,115.3215729823363,91.27408640470314,10
Logi-ODE,0,test,2021,SD107,152.65295548451567,108.33301854431674,10
Logi-ODE,0,test,2021,SD40,163.76704062560782,114.91552273094575,10
Logi-ODE,0,test,2021,SD44,99.81716296235719,78.06075859558743,10
Logi-ODE,0,test,2021,SG 30A,107.39052344343227,79.92131088879435,10
Logi-ODE,0,test,2021,Seagull Seventeen,196.42470980392588,149.57701369423785,10
Logi-ODE,0,test,2021,T242,103.13721058176091,80.46531841127694,10
Logi-ODE,0,test,2021,TZU-CHIAO-HSI-WU 105,105.67829064476223,78.89134832662585,10
Logi-ODE,0,test,2021,Tr,89.82320008997117,74.28892736800778,10
Logi-ODE,0,test,2021,Va26,135.01292175049903,103.13355724258398,10
Logi-ODE,0,test,2021,Va35,123.03367372895713,94.62712493343282,10
Logi-ODE,0,test,2021,Va52,96.1438160113029,73.91792939190637,10
Logi-ODE,0,test,2021,Va59,139.4379177750145,105.98039938197286,9
Logi-ODE,0,test,2021,Va99,109.15559218771557,74.09835639088476,10
Logi-ODE,0,test,2021,VaW6,139.7600852694459,111.34425007085426,9
Logi-ODE,0,test,2021,W117Ht,114.74054020502193,79.16253376264574,9
Logi-ODE,0,test,2021,W153R,147.95511346730174,103.37465879638734,8
Logi-ODE,0,test,2021,W22,131.29975971488744,98.66699292127268,10
Logi-ODE,0,test,2021,W23,125.11026716595987,102.50451986466184,10
Logi-ODE,0,test,2021,W24,103.46738835676264,88.2391345411386,10
Logi-ODE,0,test,2021,W32,122.02985375881512,88.2551802836255,10
Logi-ODE,0,test,2021,W37A,91.33541586420876,78.34635421273154,10
Logi-ODE,0,test,2021,W552,134.69368311226964,98.69486109396091,10
Logi-ODE,0,test,2021,W603S,142.562612201076,93.85159384289182,10
Logi-ODE,0,test,2021,W604S,150.47894792656635,102.1597876077042,9
Logi-ODE,0,test,2021,W605S,119.45910741517216,86.66438853247674,10
Logi-ODE,0,test,2021,W607S,163.9241729922878,124.96142074228615,10
Logi-ODE,0,test,2021,W610S,167.506801914016,122.84821027362666,10
Logi-ODE,0,test,2021,W612S,142.31277735776035,94.69678845337566,9
Logi-ODE,0,test,2021,W614S,126.03771595984787,89.67054869999008,9
Logi-ODE,0,test,2021,W64A,99.79335097644228,68.3121022139899,10
Logi-ODE,0,test,2021,W701BC,117.89337445100549,82.8150958889822,10
Logi-ODE,0,test,2021,W809G,247.96418204817329,208.35722479450442,10
Logi-ODE,0,test,2021,W810G,152.2122434442764,118.15180480039908,10
Logi-ODE,0,test,2021,W812G,112.44562654012822,90.42535215030922,10
Logi-ODE,0,test,2021,W813G,115.49702047239853,91.30483202888271,10
Logi-ODE,0,test,2021,W814G,59.97954672186695,48.62662804884074,9
Logi-ODE,0,test,2021,W8304,172.4244881379586,130.02444462541172,10
Logi-ODE,0,test,2021,W9,89.45816162187685,71.89748146877162,10
Logi-ODE,0,test,2021,WIL900,152.51410155403138,119.7610071024847,10
Logi-ODE,0,test,2021,WR3,127.42557182607965,92.58504836078423,10
Logi-ODE,0,test,2021,WU-TAN-TZAO,149.51253344167262,98.68337104369472,10
Logi-ODE,0,test,2021,YE 4,167.46835854577517,123.80324212710757,10
Logi-ODE,0,test,2021,YING-55,131.76842393175838,104.12201561306799,10
Logi-ODE,0,test,2021,Yu796 NS,136.6180656639765,102.81138753468454,10
Logi-ODE,0,test,2021,ZS635,169.57387896817835,136.092247045034,10
