model,seed,split,year,genotype,rmse,mae
Latent Neural ODE (tuned),1,train,2018,1538,56.67747732019813,46.98499141453545
Latent Neural ODE (tuned),1,train,2018,2369,32.04324618297727,26.19250569877103
Latent Neural ODE (tuned),1,train,2018,29MIBZ2,53.47673026343187,41.312340055905466
Latent Neural ODE (tuned),1,train,2018,2FACC,52.53782272106606,47.178367940108956
Latent Neural ODE (tuned),1,train,2018,2FADB,60.57741172738574,47.855787844336334
Latent Neural ODE (tuned),1,train,2018,2MA22,53.87280981325924,43.825042949798586
Latent Neural ODE (tuned),1,train,2018,2MCDB,57.50370218843389,44.69827788758106
Latent Neural ODE (tuned),1,train,2018,3IJI1,58.15969223122377,48.403870953499826
Latent Neural ODE (tuned),1,train,2018,4226,63.59911101473435,55.7045296947304
Latent Neural ODE (tuned),1,train,2018,4F-306 108,50.092466713648044,39.95441446679327
Latent Neural ODE (tuned),1,train,2018,4N506,52.747459083940605,45.467488585539414
Latent Neural ODE (tuned),1,train,2018,6F629,54.84037755367313,48.206927032443005
Latent Neural ODE (tuned),1,train,2018,6M502,40.56124369520251,33.75958595139554
Latent Neural ODE (tuned),1,train,2018,6M502A,50.22908010766559,44.866726350927266
Latent Neural ODE (tuned),1,train,2018,764,63.12591378538667,55.56471796695712
Latent Neural ODE (tuned),1,train,2018,78010,56.03512160533207,48.80131014038733
Latent Neural ODE (tuned),1,train,2018,78551S,43.30756108995077,36.69304315694064
Latent Neural ODE (tuned),1,train,2018,790,46.98205132294095,39.063890833876975
Latent Neural ODE (tuned),1,train,2018,793,46.834867065258955,38.869836194517205
Latent Neural ODE (tuned),1,train,2018,87916W,53.48078255623422,42.78082230476086
Latent Neural ODE (tuned),1,train,2018,911,49.29141274378012,38.38572640343777
Latent Neural ODE (tuned),1,train,2018,912,63.89287883262279,52.831945771691856
Latent Neural ODE (tuned),1,train,2018,91IFC2,51.37315659618342,42.918328801064334
Latent Neural ODE (tuned),1,train,2018,A,54.98413238341741,48.13899229050681
Latent Neural ODE (tuned),1,train,2018,A208,50.98312279857249,41.056262446586
Latent Neural ODE (tuned),1,train,2018,A239,42.647849870400414,35.78295890986706
Latent Neural ODE (tuned),1,train,2018,A258,63.0997113667933,51.766178035322184
Latent Neural ODE (tuned),1,train,2018,A272,54.945943104247974,47.11672386405113
Latent Neural ODE (tuned),1,train,2018,A305,66.40643616654488,55.81776710089277
Latent Neural ODE (tuned),1,train,2018,A321,49.65026225243277,41.5178528404984
Latent Neural ODE (tuned),1,train,2018,A322,60.876221965981955,48.78197048542776
Latent Neural ODE (tuned),1,train,2018,A334,52.99919768357948,45.87118777225933
Latent Neural ODE (tuned),1,train,2018,A340,50.57770112008475,45.32464683400582
Latent Neural ODE (tuned),1,train,2018,A374,51.88709163437316,43.260970094190625
Latent Neural ODE (tuned),1,train,2018,A385,58.86685856741532,50.76107670225839
Latent Neural ODE (tuned),1,train,2018,A427,44.354626492907734,30.373874076739135
Latent Neural ODE (tuned),1,train,2018,A548,65.7895063088686,55.75255087348112
Latent Neural ODE (tuned),1,train,2018,A556,65.29344187758262,57.84395671547388
Latent Neural ODE (tuned),1,train,2018,A572,67.13466081537379,46.98728925172395
Latent Neural ODE (tuned),1,train,2018,A619,47.77579992479089,40.56807707511875
Latent Neural ODE (tuned),1,train,2018,A627,52.82797823343791,46.430787533111456
Latent Neural ODE (tuned),1,train,2018,A632,52.426972179970406,43.65423227574527
Latent Neural ODE (tuned),1,train,2018,A634,48.349717836620485,42.903264256114916
Latent Neural ODE (tuned),1,train,2018,A635,66.7583867179402,54.887479686797256
Latent Neural ODE (tuned),1,train,2018,A641,59.17713397872876,46.64660442688975
Latent Neural ODE (tuned),1,train,2018,A648,56.52016005937471,49.58664162138194
Latent Neural ODE (tuned),1,train,2018,A649,64.15996236909079,45.364781789016725
Latent Neural ODE (tuned),1,train,2018,A659,64.40899462610787,56.10830084778861
Latent Neural ODE (tuned),1,train,2018,A663,68.13296989431159,56.137062242544765
Latent Neural ODE (tuned),1,train,2018,A672,51.23873715659213,44.416663115169094
Latent Neural ODE (tuned),1,train,2018,A674,48.81683668081465,39.40998106288996
Latent Neural ODE (tuned),1,train,2018,A679,54.968737365886454,46.60890860983792
Latent Neural ODE (tuned),1,train,2018,A680,57.701204429974524,47.914997385230244
Latent Neural ODE (tuned),1,train,2018,A682,56.24611117926114,44.7948487790909
Latent Neural ODE (tuned),1,train,2018,A71,70.2908471439254,62.278039775082654
Latent Neural ODE (tuned),1,train,2018,A73,71.62305330727087,65.95581923147901
Latent Neural ODE (tuned),1,train,2018,AQA3,55.05594350625641,39.46664338204944
Latent Neural ODE (tuned),1,train,2018,AS6103,55.70951808608082,47.63706678993795
Latent Neural ODE (tuned),1,train,2018,AusTRCF 306238,61.199894452380626,52.299994352129545
Latent Neural ODE (tuned),1,train,2018,B-18 INBR.FR.SUPERGOLD,58.055006815500654,50.96678104296303
Latent Neural ODE (tuned),1,train,2018,B-28,63.01761888385072,56.58144177806555
Latent Neural ODE (tuned),1,train,2018,B103,51.65785571785059,41.870717865317694
Latent Neural ODE (tuned),1,train,2018,B104,58.24981429358466,50.328767023618965
Latent Neural ODE (tuned),1,train,2018,B105,41.51362784087152,34.94587567102327
Latent Neural ODE (tuned),1,train,2018,B107,46.351242076795124,41.62893797358551
Latent Neural ODE (tuned),1,train,2018,B108,56.384251153269744,52.028614056663095
Latent Neural ODE (tuned),1,train,2018,B110,52.76799807389712,44.03389521073382
Latent Neural ODE (tuned),1,train,2018,B111,48.58987658003735,44.45173895126743
Latent Neural ODE (tuned),1,train,2018,B114,55.07867624280384,45.861760052130904
Latent Neural ODE (tuned),1,train,2018,B115,72.1709661034996,62.6008178294076
Latent Neural ODE (tuned),1,train,2018,B119,41.496789509093205,36.34299570583452
Latent Neural ODE (tuned),1,train,2018,B120,56.636372078523415,48.16977650354855
Latent Neural ODE (tuned),1,train,2018,B121,45.72624581159782,35.64640752308117
Latent Neural ODE (tuned),1,train,2018,B14,58.08624823270153,52.181870373012075
Latent Neural ODE (tuned),1,train,2018,B14A,44.9618939663329,38.24015254577425
Latent Neural ODE (tuned),1,train,2018,B164,49.6093267078307,42.66105872372903
Latent Neural ODE (tuned),1,train,2018,B2,51.31995410578127,46.98188525004051
Latent Neural ODE (tuned),1,train,2018,B37,57.73408870915659,50.3355763803725
Latent Neural ODE (tuned),1,train,2018,B46,57.72853098598326,52.15683908306828
Latent Neural ODE (tuned),1,train,2018,B57,47.60091577125359,43.069017661735
Latent Neural ODE (tuned),1,train,2018,B65,54.90564497205345,45.056091792250925
Latent Neural ODE (tuned),1,train,2018,B66,67.47306134105155,58.03617218326053
Latent Neural ODE (tuned),1,train,2018,B68,75.33507087862185,61.864997767989365
Latent Neural ODE (tuned),1,train,2018,B70,65.00025301957433,50.43168279449478
Latent Neural ODE (tuned),1,train,2018,B75,50.1171640301449,42.73881688929454
Latent Neural ODE (tuned),1,train,2018,B76,48.69938387451882,41.263420522246115
Latent Neural ODE (tuned),1,train,2018,B77,58.36494490056119,49.81159109401362
Latent Neural ODE (tuned),1,train,2018,B79,57.83603369753939,52.000180451288415
Latent Neural ODE (tuned),1,train,2018,B84,44.04048126277856,34.74891772501291
Latent Neural ODE (tuned),1,train,2018,B85,57.06999948525826,46.39085860619527
Latent Neural ODE (tuned),1,train,2018,B87,53.32159621419763,47.965664074931546
Latent Neural ODE (tuned),1,train,2018,B88,61.9602710609139,49.02840123360613
Latent Neural ODE (tuned),1,train,2018,B91,56.8604774273789,50.3726743424175
Latent Neural ODE (tuned),1,train,2018,B97,51.66069977865658,45.76363837436229
Latent Neural ODE (tuned),1,train,2018,BEI 10 = NORTH 10,52.19983158907489,43.30597819557566
Latent Neural ODE (tuned),1,train,2018,BO9,71.4820737288297,59.10013300004131
Latent Neural ODE (tuned),1,train,2018,C103,42.23588882635099,35.68901561390738
Latent Neural ODE (tuned),1,train,2018,C123,56.608741618362444,45.92992416724706
Latent Neural ODE (tuned),1,train,2018,CA-4,49.87900661537677,38.617470276902715
Latent Neural ODE (tuned),1,train,2018,CG102,58.03958208601797,51.77094789529506
Latent Neural ODE (tuned),1,train,2018,CH157,50.57582644942828,40.499803298384606
Latent Neural ODE (tuned),1,train,2018,CH701-30,51.49588388016516,44.97935663695923
Latent Neural ODE (tuned),1,train,2018,CH711-10,67.64445314008873,60.305949873748865
Latent Neural ODE (tuned),1,train,2018,CH9,66.58883588295667,55.132321779362556
Latent Neural ODE (tuned),1,train,2018,CI 40H,47.06276018263792,42.91361071760552
Latent Neural ODE (tuned),1,train,2018,CM105,59.55738315830973,44.1593640435968
Latent Neural ODE (tuned),1,train,2018,CO257,46.521298066707736,35.317521924750444
Latent Neural ODE (tuned),1,train,2018,CO258,44.96618496789535,40.59005757537737
Latent Neural ODE (tuned),1,train,2018,CQ702RC,44.63446460536721,38.285669395985565
Latent Neural ODE (tuned),1,train,2018,CR 22 INBRED,56.51691988027376,47.93527815657088
Latent Neural ODE (tuned),1,train,2018,CS405,58.273922904660836,49.21906760327571
Latent Neural ODE (tuned),1,train,2018,DE2,53.29817473789722,44.328035984778026
Latent Neural ODE (tuned),1,train,2018,DE4,59.77451670749155,49.62292257006716
Latent Neural ODE (tuned),1,train,2018,DE811,65.03692277581658,57.4620000636749
Latent Neural ODE (tuned),1,train,2018,DJ7,62.25163247540726,55.71626844848502
Latent Neural ODE (tuned),1,train,2018,DK3IIH6,56.16351650633765,36.39068795997158
Latent Neural ODE (tuned),1,train,2018,DK4676A,53.843093123491855,42.18188025203656
Latent Neural ODE (tuned),1,train,2018,DK78002A,47.4263459467958,42.06409023904963
Latent Neural ODE (tuned),1,train,2018,DK78010,46.7906640388615,39.35793841961373
Latent Neural ODE (tuned),1,train,2018,DKFAPW,48.01675400488339,40.89400380278376
Latent Neural ODE (tuned),1,train,2018,DKFBHJ,47.15526538256026,43.51721970979744
Latent Neural ODE (tuned),1,train,2018,DKMBNA,54.53730498190886,44.89519356019243
Latent Neural ODE (tuned),1,train,2018,DKPB80,50.708865127144264,41.400426416159576
Latent Neural ODE (tuned),1,train,2018,E8501,58.726386706283456,48.95392408756205
Latent Neural ODE (tuned),1,train,2018,EAST 028,53.747892487871894,44.01615317106727
Latent Neural ODE (tuned),1,train,2018,Eng-Li Chih,68.18073439114103,61.00355301006383
Latent Neural ODE (tuned),1,train,2018,F118,43.78959229117492,37.03289966954594
Latent Neural ODE (tuned),1,train,2018,F2834T,55.54139315488519,49.96514425745549
Latent Neural ODE (tuned),1,train,2018,FBLA,56.2237370495695,48.68904589800668
Latent Neural ODE (tuned),1,train,2018,FR19,74.30272703062678,62.82333645942025
Latent Neural ODE (tuned),1,train,2018,G80,55.334716813665956,48.016354047073875
Latent Neural ODE (tuned),1,train,2018,H110,55.4567065816303,49.33652083411148
Latent Neural ODE (tuned),1,train,2018,H113,43.73054820278002,35.642579573642834
Latent Neural ODE (tuned),1,train,2018,H121,38.51796272870078,31.190991190638726
Latent Neural ODE (tuned),1,train,2018,H122w,39.692450060214206,33.59199202770496
Latent Neural ODE (tuned),1,train,2018,H42,56.18551691797524,45.34693228155281
Latent Neural ODE (tuned),1,train,2018,H5,50.73172155709292,42.35877571581757
Latent Neural ODE (tuned),1,train,2018,H71,45.82640152231553,38.90166786032323
Latent Neural ODE (tuned),1,train,2018,H84,53.436620626240845,45.39539908220304
Latent Neural ODE (tuned),1,train,2018,H91,50.621819656762554,44.54687028240382
Latent Neural ODE (tuned),1,train,2018,H95,48.73474291255638,41.262384078674394
Latent Neural ODE (tuned),1,train,2018,H96,56.22699033993374,48.59972879222279
Latent Neural ODE (tuned),1,train,2018,H99,55.434040096463185,45.64028045259252
Latent Neural ODE (tuned),1,train,2018,HP301,64.96229656657484,54.61244426508246
Latent Neural ODE (tuned),1,train,2018,HUANYAO,37.71130878155907,36.17637121046314
Latent Neural ODE (tuned),1,train,2018,I29,56.44510645512971,41.962328019329846
Latent Neural ODE (tuned),1,train,2018,IA2132,51.62720871158329,36.71906499974195
Latent Neural ODE (tuned),1,train,2018,IBB14,85.34138710767299,66.5918756549349
Latent Neural ODE (tuned),1,train,2018,IBB15,51.98944911758312,45.994519793999764
Latent Neural ODE (tuned),1,train,2018,IBC2,43.20075234356579,38.50036666194145
Latent Neural ODE (tuned),1,train,2018,ICI 193,50.60214261757866,44.39136026186557
Latent Neural ODE (tuned),1,train,2018,ICI 740,49.02187241384265,41.08418328511884
Latent Neural ODE (tuned),1,train,2018,ICI 893,55.99296229626434,46.60610718263886
Latent Neural ODE (tuned),1,train,2018,ICI 986,49.36293502659786,46.1675280726403
Latent Neural ODE (tuned),1,train,2018,IDS28,65.16386945350334,53.795875589864046
Latent Neural ODE (tuned),1,train,2018,IDS69,49.164764760122196,42.66642168015143
Latent Neural ODE (tuned),1,train,2018,IDS91,59.52880589411423,52.71405016793647
Latent Neural ODE (tuned),1,train,2018,INB 101LFY/LFY (A632 X M16 S5),39.56021933736327,33.23920962411605
Latent Neural ODE (tuned),1,train,2018,INBRED 141,60.08427054923312,52.885562349152494
Latent Neural ODE (tuned),1,train,2018,INBRED 2-687,53.149397194168294,46.93516724019202
Latent Neural ODE (tuned),1,train,2018,INBRED 305,48.561458160744294,40.82534250207472
Latent Neural ODE (tuned),1,train,2018,INBRED 309,49.09304659950461,39.088142046373875
Latent Neural ODE (tuned),1,train,2018,INBRED 321,48.25517454306564,43.64759118788987
Latent Neural ODE (tuned),1,train,2018,Ia 453,51.87427420688644,42.83789310816921
Latent Neural ODE (tuned),1,train,2018,J47,52.4296177273104,45.35074149202419
Latent Neural ODE (tuned),1,train,2018,K150,58.00033550072409,54.00319449448352
Latent Neural ODE (tuned),1,train,2018,K41,47.224536426440814,41.74255201352594
Latent Neural ODE (tuned),1,train,2018,K47,64.95468093521002,58.71042298541297
Latent Neural ODE (tuned),1,train,2018,K55,52.92323588420393,46.43790389380716
Latent Neural ODE (tuned),1,train,2018,KUNG-70,47.347579532374944,37.26464502377616
Latent Neural ODE (tuned),1,train,2018,L 127,48.24692553416429,37.529840121283556
Latent Neural ODE (tuned),1,train,2018,L 135,50.29940631608169,42.1698954583438
Latent Neural ODE (tuned),1,train,2018,L 139,48.25891947851462,41.761783417988816
Latent Neural ODE (tuned),1,train,2018,L 155,51.78894727917343,42.34372407872523
Latent Neural ODE (tuned),1,train,2018,L 289,56.497405134168666,50.550870026297
Latent Neural ODE (tuned),1,train,2018,LH1,49.79385311388293,45.57533646677393
Latent Neural ODE (tuned),1,train,2018,LH119,58.38006595790871,46.14525071171352
Latent Neural ODE (tuned),1,train,2018,LH128,44.88827293043394,41.7989653452162
Latent Neural ODE (tuned),1,train,2018,LH143 (Maintainer),57.97332817859962,45.56765826542124
Latent Neural ODE (tuned),1,train,2018,LH145,57.977505632354124,53.13351106727706
Latent Neural ODE (tuned),1,train,2018,LH146Ht,66.9883157790875,56.24313906740927
Latent Neural ODE (tuned),1,train,2018,LH149,53.38253233831291,39.03433198306239
Latent Neural ODE (tuned),1,train,2018,LH165,57.79504179235337,48.50121381872585
Latent Neural ODE (tuned),1,train,2018,LH166,56.49277997930572,46.47927116370593
Latent Neural ODE (tuned),1,train,2018,LH172,60.98177421081219,53.859908585695074
Latent Neural ODE (tuned),1,train,2018,LH184,60.773482092483356,49.861448968971374
Latent Neural ODE (tuned),1,train,2018,LH185,56.792098895642305,51.28629584143502
Latent Neural ODE (tuned),1,train,2018,LH190,44.12530290380762,35.488613165326704
Latent Neural ODE (tuned),1,train,2018,LH191,52.09748724769947,36.13071207456693
Latent Neural ODE (tuned),1,train,2018,LH192,44.84186449565666,35.089953216956815
Latent Neural ODE (tuned),1,train,2018,LH194,56.34594104291341,46.398976189771375
Latent Neural ODE (tuned),1,train,2018,LH195,47.795665669129896,36.65954802728478
Latent Neural ODE (tuned),1,train,2018,LH197,50.68493189380462,42.55826552229293
Latent Neural ODE (tuned),1,train,2018,LH198,59.91624408227645,50.00219077515639
Latent Neural ODE (tuned),1,train,2018,LH199,36.252402708010706,30.167430492123867
Latent Neural ODE (tuned),1,train,2018,LH202,58.045177700325354,48.613090435953396
Latent Neural ODE (tuned),1,train,2018,LH204,47.57435371602963,42.39114821794
Latent Neural ODE (tuned),1,train,2018,LH205,45.97812813043633,42.860052343525325
Latent Neural ODE (tuned),1,train,2018,LH206,42.11323692523754,34.09491386504594
Latent Neural ODE (tuned),1,train,2018,LH208,55.89698827546563,48.273136577825504
Latent Neural ODE (tuned),1,train,2018,LH209,53.71082326769558,45.988876797944684
Latent Neural ODE (tuned),1,train,2018,LH213,58.70198720047382,43.36286048626108
Latent Neural ODE (tuned),1,train,2018,LH214,48.960834824412025,42.363028791887544
Latent Neural ODE (tuned),1,train,2018,LH215,58.16243040244352,54.50021087950863
Latent Neural ODE (tuned),1,train,2018,LH222,52.01026298626114,45.15231519701221
Latent Neural ODE (tuned),1,train,2018,LH223,55.959064739494664,41.9069757682807
Latent Neural ODE (tuned),1,train,2018,LH224,51.38450075948464,45.217086669079244
Latent Neural ODE (tuned),1,train,2018,LH295,60.823493096423796,44.71050262761145
Latent Neural ODE (tuned),1,train,2018,LH59,39.53649373892524,34.257463114762494
Latent Neural ODE (tuned),1,train,2018,LH60,54.63478131576112,44.326569234264774
Latent Neural ODE (tuned),1,train,2018,LH61,53.02122531778363,42.2592915609017
Latent Neural ODE (tuned),1,train,2018,LH74,53.00466907128243,44.67008558267746
Latent Neural ODE (tuned),1,train,2018,LH82,57.03730472958893,51.217503936633896
Latent Neural ODE (tuned),1,train,2018,LH93,56.06310867236167,49.67310908455782
Latent Neural ODE (tuned),1,train,2018,LIBC 4,45.635554954323126,37.0968888382456
Latent Neural ODE (tuned),1,train,2018,LP1 NR HT,49.14028353626515,41.589095355000325
Latent Neural ODE (tuned),1,train,2018,LP5,50.73347158474523,36.335331030544104
Latent Neural ODE (tuned),1,train,2018,Lp215D,46.3369255894532,40.14625991888867
Latent Neural ODE (tuned),1,train,2018,M14,48.13566825024956,41.988229461341255
Latent Neural ODE (tuned),1,train,2018,MBPM,49.80470746976346,43.312616015820524
Latent Neural ODE (tuned),1,train,2018,MBWZ,49.57725333846185,43.509631537955954
Latent Neural ODE (tuned),1,train,2018,MEF156-55-2,63.179794564702846,51.174499212047095
Latent Neural ODE (tuned),1,train,2018,ML606,57.337335354630675,47.4161597823543
Latent Neural ODE (tuned),1,train,2018,MM501D,36.31158109370257,29.160682587197723
Latent Neural ODE (tuned),1,train,2018,MQ305,49.019618868996155,39.264426989701505
Latent Neural ODE (tuned),1,train,2018,MS116,49.23409232322407,39.64859979422312
Latent Neural ODE (tuned),1,train,2018,MS132,54.937100368800245,46.04646253175395
Latent Neural ODE (tuned),1,train,2018,MS153,62.71481668784182,51.80437238188354
Latent Neural ODE (tuned),1,train,2018,MS200,42.38150996944064,32.47362325357695
Latent Neural ODE (tuned),1,train,2018,MS211,48.5597605033468,40.52464483571289
Latent Neural ODE (tuned),1,train,2018,MS221,55.04702448504587,48.86689155620812
Latent Neural ODE (tuned),1,train,2018,MS224,48.89314295316099,42.313723408466224
Latent Neural ODE (tuned),1,train,2018,MS225,47.508124309018406,40.11549386319832
Latent Neural ODE (tuned),1,train,2018,MS226,52.52215809208768,42.99631514320609
Latent Neural ODE (tuned),1,train,2018,MS24A,51.466379764582946,37.755823266080924
Latent Neural ODE (tuned),1,train,2018,MS67,74.43016082654849,67.26200349236944
Latent Neural ODE (tuned),1,train,2018,MS71,54.40405019813548,47.29409982708171
Latent Neural ODE (tuned),1,train,2018,MS72,45.877313169388806,39.80382969622242
Latent Neural ODE (tuned),1,train,2018,Mo46,49.32232631798474,42.124498877836174
Latent Neural ODE (tuned),1,train,2018,Mo47,62.669112985478364,58.764615202264935
Latent Neural ODE (tuned),1,train,2018,Mo5,55.154883194716206,48.10742350985535
Latent Neural ODE (tuned),1,train,2018,N192,52.29360143470681,42.493133590404135
Latent Neural ODE (tuned),1,train,2018,N193,57.501338244837356,46.36790299367908
Latent Neural ODE (tuned),1,train,2018,N201,70.30760172984021,60.10282007639357
Latent Neural ODE (tuned),1,train,2018,N211,50.728191678630694,39.89622456038468
Latent Neural ODE (tuned),1,train,2018,N217,57.23370749606426,50.8971659626889
Latent Neural ODE (tuned),1,train,2018,N28Ht,54.55628959762271,48.45756273022871
Latent Neural ODE (tuned),1,train,2018,N501,57.57189465636838,51.09493051746104
Latent Neural ODE (tuned),1,train,2018,N523,62.97676272693302,54.91819602517273
Latent Neural ODE (tuned),1,train,2018,N527,47.475093612273824,41.50281860255725
Latent Neural ODE (tuned),1,train,2018,N534,54.662174698002644,45.80052083574184
Latent Neural ODE (tuned),1,train,2018,N542,60.91017876002729,52.917041491147465
Latent Neural ODE (tuned),1,train,2018,N6,51.773838342294745,43.04547812625975
Latent Neural ODE (tuned),1,train,2018,NC262,45.45342761308392,33.16237650986914
Latent Neural ODE (tuned),1,train,2018,NC294,55.146230508858814,47.15874180921129
Latent Neural ODE (tuned),1,train,2018,NC310,50.27758249298783,42.23551550260287
Latent Neural ODE (tuned),1,train,2018,NC326,47.96128760048364,40.43459044612512
Latent Neural ODE (tuned),1,train,2018,NC328,37.13063651546844,32.22803735796591
Latent Neural ODE (tuned),1,train,2018,NC368,46.53338954519343,39.28408899375205
Latent Neural ODE (tuned),1,train,2018,NC412,50.19530180018538,43.75336841072961
Latent Neural ODE (tuned),1,train,2018,ND247,55.081590168841984,49.79730655538235
Latent Neural ODE (tuned),1,train,2018,ND265,60.029552389466566,48.13510471274401
Latent Neural ODE (tuned),1,train,2018,NK740,39.29428880728086,29.39752388666135
Latent Neural ODE (tuned),1,train,2018,NK778,66.68774638601633,53.421883843236614
Latent Neural ODE (tuned),1,train,2018,NK807,55.471751351140576,49.12108549606675
Latent Neural ODE (tuned),1,train,2018,NKS8326,57.50134390605108,52.125458560055435
Latent Neural ODE (tuned),1,train,2018,NORTH 7,49.922339099559366,39.76075644217457
Latent Neural ODE (tuned),1,train,2018,NQ508,49.36388278237807,44.56726697342171
Latent Neural ODE (tuned),1,train,2018,NS501,59.425958673530296,50.549766307987085
Latent Neural ODE (tuned),1,train,2018,NS701,63.463719167871474,58.89105096276878
Latent Neural ODE (tuned),1,train,2018,NY 166 (Neveh Yaar),51.85125615379675,46.253007614016205
Latent Neural ODE (tuned),1,train,2018,NY6371,46.99609584086876,42.28044943781912
Latent Neural ODE (tuned),1,train,2018,Ny821,57.95026443661805,49.36251518189499
Latent Neural ODE (tuned),1,train,2018,OH33,70.77753562812305,61.36765526758357
Latent Neural ODE (tuned),1,train,2018,OQ403,70.78047766627581,57.49276094138861
Latent Neural ODE (tuned),1,train,2018,OQ603,44.09099447696066,35.17740154363936
Latent Neural ODE (tuned),1,train,2018,OS602,46.76767357024548,40.37899606927074
Latent Neural ODE (tuned),1,train,2018,Oh40B,53.59973736946634,42.0737564635672
Latent Neural ODE (tuned),1,train,2018,Oh43,68.06119058447563,56.161245044859186
Latent Neural ODE (tuned),1,train,2018,Oh7,61.90231808408516,52.94992499849033
Latent Neural ODE (tuned),1,train,2018,Os420,53.516169607364105,44.06419069868851
Latent Neural ODE (tuned),1,train,2018,Os426,50.8388925235465,46.898657501497915
Latent Neural ODE (tuned),1,train,2018,PHB09,59.05696763014641,48.517543157402905
Latent Neural ODE (tuned),1,train,2018,PHB47,64.94869178733042,58.12660706652888
Latent Neural ODE (tuned),1,train,2018,PHBA6,68.39629668653455,63.199358228843565
Latent Neural ODE (tuned),1,train,2018,PHBB3,52.79393448146809,46.58556403648906
Latent Neural ODE (tuned),1,train,2018,PHBW8,48.91342436557243,40.30884775759037
Latent Neural ODE (tuned),1,train,2018,PHG29,57.93079157494294,48.21761526881551
Latent Neural ODE (tuned),1,train,2018,PHG47,42.404393857138196,31.05373980340397
Latent Neural ODE (tuned),1,train,2018,PHG50,58.85306650301663,51.575581106990185
Latent Neural ODE (tuned),1,train,2018,PHG71,58.0477249920243,51.55012778642536
Latent Neural ODE (tuned),1,train,2018,PHG72,52.76021149356337,41.168244292804516
Latent Neural ODE (tuned),1,train,2018,PHG80,59.29616713787769,53.337472899102025
Latent Neural ODE (tuned),1,train,2018,PHG83,54.28313912880315,42.65820355372252
Latent Neural ODE (tuned),1,train,2018,PHG86,53.937534447085234,49.308299761508266
Latent Neural ODE (tuned),1,train,2018,PHGW7,56.17056900797766,43.70103666632621
Latent Neural ODE (tuned),1,train,2018,PHH93,58.20083663133022,48.06849514119685
Latent Neural ODE (tuned),1,train,2018,PHHV4,57.082800224976516,48.856884003519966
Latent Neural ODE (tuned),1,train,2018,PHJ70,60.97137612339962,55.20509781562888
Latent Neural ODE (tuned),1,train,2018,PHJ89,51.53254902585566,45.355521715445015
Latent Neural ODE (tuned),1,train,2018,PHJ90,50.08985364871001,41.863512060544416
Latent Neural ODE (tuned),1,train,2018,PHJR5,50.124822545001436,46.74479918204787
Latent Neural ODE (tuned),1,train,2018,PHK35,47.37647435753508,38.9421904614865
Latent Neural ODE (tuned),1,train,2018,PHK42,59.89511023616047,53.45173162478041
Latent Neural ODE (tuned),1,train,2018,PHK56,45.45231793730598,39.930817653000496
Latent Neural ODE (tuned),1,train,2018,PHK74,50.4411249961102,44.22142367395145
Latent Neural ODE (tuned),1,train,2018,PHKE6,50.13958108960759,40.59372867187341
Latent Neural ODE (tuned),1,train,2018,PHM10,53.2877121699347,47.678394520158264
Latent Neural ODE (tuned),1,train,2018,PHN11,52.923183778436886,45.28511256190071
Latent Neural ODE (tuned),1,train,2018,PHN29,50.07617404824943,41.80389474108602
Latent Neural ODE (tuned),1,train,2018,PHN66,56.68974019503974,48.74002096869188
Latent Neural ODE (tuned),1,train,2018,PHP02,56.98459161989864,47.082111550263356
Latent Neural ODE (tuned),1,train,2018,PHP55,57.64879878639724,49.74532754619659
Latent Neural ODE (tuned),1,train,2018,PHP76,48.95223441385664,40.22104445799739
Latent Neural ODE (tuned),1,train,2018,PHP85,47.19706549927603,40.22727993611486
Latent Neural ODE (tuned),1,train,2018,PHPR5,48.14711725035976,39.920252347509326
Latent Neural ODE (tuned),1,train,2018,PHR03,51.47882984911674,45.067434615330946
Latent Neural ODE (tuned),1,train,2018,PHR30,63.651291391675755,50.528152391279676
Latent Neural ODE (tuned),1,train,2018,PHR31,53.087916617483735,45.572384018060625
Latent Neural ODE (tuned),1,train,2018,PHR36,58.8222735791423,51.079394121347065
Latent Neural ODE (tuned),1,train,2018,PHR47,57.19845487341259,50.79013374322609
Latent Neural ODE (tuned),1,train,2018,PHR58,55.27198640279417,38.90842006348207
Latent Neural ODE (tuned),1,train,2018,PHR63,53.03705346024474,46.22753054775417
Latent Neural ODE (tuned),1,train,2018,PHT10,49.61445196274732,43.38942198121907
Latent Neural ODE (tuned),1,train,2018,PHT47,45.79656481296042,31.486418620538707
Latent Neural ODE (tuned),1,train,2018,PHT55,64.49905565874025,51.24477084157478
Latent Neural ODE (tuned),1,train,2018,PHTM9,50.57810129257979,43.55676529349846
Latent Neural ODE (tuned),1,train,2018,PHV37,55.748086178137456,47.25665046295327
Latent Neural ODE (tuned),1,train,2018,PHV57,49.43539664782086,42.809808818793414
Latent Neural ODE (tuned),1,train,2018,PHV63,56.53477476346563,51.79841886451193
Latent Neural ODE (tuned),1,train,2018,PHVA9,56.25960532159124,50.75277993141156
Latent Neural ODE (tuned),1,train,2018,PHW03,52.387988093802726,42.94710045109051
Latent Neural ODE (tuned),1,train,2018,PHW17,61.25656815268964,48.488722598055695
Latent Neural ODE (tuned),1,train,2018,PHW20,56.731725228491115,48.55843526773006
Latent Neural ODE (tuned),1,train,2018,PHW30,56.717468010906835,48.79974127752176
Latent Neural ODE (tuned),1,train,2018,PHW52,55.843218003704045,51.59268514334673
Latent Neural ODE (tuned),1,train,2018,PHW53,45.73386094807207,39.65435205192057
Latent Neural ODE (tuned),1,train,2018,PHW79,47.71771186283447,35.99011822103608
Latent Neural ODE (tuned),1,train,2018,PHW80,54.41744248187457,43.20068560106021
Latent Neural ODE (tuned),1,train,2018,PHW86,46.83359008429849,38.319245265848096
Latent Neural ODE (tuned),1,train,2018,PHZ51,57.12706955310252,50.80047313751462
Latent Neural ODE (tuned),1,train,2018,Pa392,69.60388150222774,60.69441603281069
Latent Neural ODE (tuned),1,train,2018,Pa405,51.66649723043145,44.93504770050744
Latent Neural ODE (tuned),1,train,2018,Pa762,54.429436355158956,46.35471109692511
Latent Neural ODE (tuned),1,train,2018,Pa875,60.65739327557185,54.92428806282332
Latent Neural ODE (tuned),1,train,2018,Pa880,71.63749984519899,60.64668641019034
Latent Neural ODE (tuned),1,train,2018,Pa91,66.51322245061674,55.892311289269216
Latent Neural ODE (tuned),1,train,2018,Q381,41.6839430001667,35.69907060001221
Latent Neural ODE (tuned),1,train,2018,R168,57.95915574922714,50.396712036097355
Latent Neural ODE (tuned),1,train,2018,R181B,50.67347271449089,43.54997804577333
Latent Neural ODE (tuned),1,train,2018,R226,45.42679519517518,38.256004148971705
Latent Neural ODE (tuned),1,train,2018,R227,56.60788641448857,48.64287185654453
Latent Neural ODE (tuned),1,train,2018,R71,41.06914017353823,37.14419464509657
Latent Neural ODE (tuned),1,train,2018,R78,56.35574927659226,49.77366977810807
Latent Neural ODE (tuned),1,train,2018,S8326,44.89298717392359,37.3539501143125
Latent Neural ODE (tuned),1,train,2018,SD101,60.08135962422905,55.61991003827372
Latent Neural ODE (tuned),1,train,2018,SD102,60.81352391742777,53.63910616095122
Latent Neural ODE (tuned),1,train,2018,SD107,44.347054408193806,39.216171482230656
Latent Neural ODE (tuned),1,train,2018,SD40,53.11630875186508,47.28564355706895
Latent Neural ODE (tuned),1,train,2018,SD44,55.5405245458733,46.28843394286684
Latent Neural ODE (tuned),1,train,2018,SG 30A,43.192110911007035,37.22076981728506
Latent Neural ODE (tuned),1,train,2018,Seagull Seventeen,42.12616685423992,32.09275690687008
Latent Neural ODE (tuned),1,train,2018,T242,57.881711741917314,52.12335735729723
Latent Neural ODE (tuned),1,train,2018,TZU-CHIAO-HSI-WU 105,36.93871279306863,31.118378752528287
Latent Neural ODE (tuned),1,train,2018,Tr,44.266305552353174,33.26747812193422
Latent Neural ODE (tuned),1,train,2018,Va26,58.208506404211754,50.60873640426281
Latent Neural ODE (tuned),1,train,2018,Va35,43.91689391431379,38.621998674773906
Latent Neural ODE (tuned),1,train,2018,Va52,51.66470101310747,44.8376063411635
Latent Neural ODE (tuned),1,train,2018,Va59,43.52428395079479,37.140437132940036
Latent Neural ODE (tuned),1,train,2018,Va99,50.94029789592598,41.344891374912855
Latent Neural ODE (tuned),1,train,2018,VaW6,35.13847939929585,31.633955598165805
Latent Neural ODE (tuned),1,train,2018,W117Ht,56.35939017209907,42.69486949629119
Latent Neural ODE (tuned),1,train,2018,W153R,54.07606701373588,46.18896855364425
Latent Neural ODE (tuned),1,train,2018,W22,51.97745033144179,44.913642498243256
Latent Neural ODE (tuned),1,train,2018,W23,54.46216283504986,47.275539489283084
Latent Neural ODE (tuned),1,train,2018,W24,49.2432514194314,41.74863662889622
Latent Neural ODE (tuned),1,train,2018,W32,42.54188663562156,35.1348589953607
Latent Neural ODE (tuned),1,train,2018,W37A,63.7351737708524,53.30775094393209
Latent Neural ODE (tuned),1,train,2018,W552,48.82661330484121,40.66659539690012
Latent Neural ODE (tuned),1,train,2018,W603S,70.16788234121118,58.90895193188228
Latent Neural ODE (tuned),1,train,2018,W604S,49.62035676371305,40.84746136066358
Latent Neural ODE (tuned),1,train,2018,W605S,60.835520589334244,52.80300138533622
Latent Neural ODE (tuned),1,train,2018,W607S,45.28692002255951,36.66950790531235
Latent Neural ODE (tuned),1,train,2018,W610S,54.59322916047122,46.65564940196347
Latent Neural ODE (tuned),1,train,2018,W612S,47.680705939155025,37.38757050385742
Latent Neural ODE (tuned),1,train,2018,W614S,61.61626519164078,50.1287977189997
Latent Neural ODE (tuned),1,train,2018,W64A,61.09888769845038,48.20672058818131
Latent Neural ODE (tuned),1,train,2018,W701BC,55.7380211401366,43.78093974363399
Latent Neural ODE (tuned),1,train,2018,W809G,66.7214904812608,58.95911010680648
Latent Neural ODE (tuned),1,train,2018,W810G,51.51490013965348,44.88248678938134
Latent Neural ODE (tuned),1,train,2018,W812G,24.574761670511442,19.92145383530368
Latent Neural ODE (tuned),1,train,2018,W813G,46.42271116700686,40.89941074563486
Latent Neural ODE (tuned),1,train,2018,W814G,34.64839308374721,28.92524238313817
Latent Neural ODE (tuned),1,train,2018,W8304,57.65821915141293,47.37608104678965
Latent Neural ODE (tuned),1,train,2018,W9,72.71784090277045,61.33362677140509
Latent Neural ODE (tuned),1,train,2018,WIL900,50.78998715044228,45.09496882156158
Latent Neural ODE (tuned),1,train,2018,WR3,65.99521922102839,58.37121460383669
Latent Neural ODE (tuned),1,train,2018,WU-TAN-TZAO,38.26262790451773,26.77453245809341
Latent Neural ODE (tuned),1,train,2018,YE 4,41.645601520929695,32.356940471784554
Latent Neural ODE (tuned),1,train,2018,YING-55,77.71101086200628,72.07006173705585
Latent Neural ODE (tuned),1,train,2018,Yu796 NS,48.53744641188374,41.869112682022305
Latent Neural ODE (tuned),1,train,2018,ZS635,47.44538857100344,41.135670220791724
Latent Neural ODE (tuned),1,train,2019,1538,61.6690271218404,54.67512650331906
Latent Neural ODE (tuned),1,train,2019,2369,79.73579893997253,65.17007058496965
Latent Neural ODE (tuned),1,train,2019,29MIBZ2,65.91488646749275,56.673982938648805
Latent Neural ODE (tuned),1,train,2019,2FACC,60.646978296342326,52.02650651984239
Latent Neural ODE (tuned),1,train,2019,2FADB,78.02950541184077,65.05463884654145
Latent Neural ODE (tuned),1,train,2019,2MA22,67.7159837661098,54.843161701783686
Latent Neural ODE (tuned),1,train,2019,2MCDB,61.678197567754346,55.14371756498378
Latent Neural ODE (tuned),1,train,2019,3IJI1,54.69910285481498,47.148310061943754
Latent Neural ODE (tuned),1,train,2019,4226,67.62878578594247,57.60686241862012
Latent Neural ODE (tuned),1,train,2019,4F-306 108,60.55643990794342,52.32506566572027
Latent Neural ODE (tuned),1,train,2019,4N506,70.80220123954177,59.69964853561633
Latent Neural ODE (tuned),1,train,2019,6F629,62.610754265519894,53.43577307900548
Latent Neural ODE (tuned),1,train,2019,6M502,65.88322395825661,59.16692442033838
Latent Neural ODE (tuned),1,train,2019,6M502A,56.81961615466606,50.89460882451726
Latent Neural ODE (tuned),1,train,2019,764,53.48473089873543,48.63930609947268
Latent Neural ODE (tuned),1,train,2019,78010,56.961800444581385,51.987190852847974
Latent Neural ODE (tuned),1,train,2019,78551S,66.85060717129745,56.49052056998806
Latent Neural ODE (tuned),1,train,2019,790,60.95873413826829,51.76569117710966
Latent Neural ODE (tuned),1,train,2019,793,80.74643888306494,67.89268666456748
Latent Neural ODE (tuned),1,train,2019,87916W,58.1911454309518,52.54870396439343
Latent Neural ODE (tuned),1,train,2019,911,62.1298284984879,54.0625218764299
Latent Neural ODE (tuned),1,train,2019,912,48.777994529583765,44.24195128679518
Latent Neural ODE (tuned),1,train,2019,91IFC2,62.314656013125365,49.36476119518075
Latent Neural ODE (tuned),1,train,2019,A,61.945371499035154,51.79793238623235
Latent Neural ODE (tuned),1,train,2019,A208,58.80950715758101,53.373616462459665
Latent Neural ODE (tuned),1,train,2019,A239,65.57179659077109,57.67818859982312
Latent Neural ODE (tuned),1,train,2019,A258,57.1452976645337,50.39438361668314
Latent Neural ODE (tuned),1,train,2019,A272,60.173501959715054,51.381676813949525
Latent Neural ODE (tuned),1,train,2019,A305,59.28523287861215,50.00342573842023
Latent Neural ODE (tuned),1,train,2019,A321,61.52113669485761,53.77252450427723
Latent Neural ODE (tuned),1,train,2019,A322,68.12119605628537,56.0353539453192
Latent Neural ODE (tuned),1,train,2019,A334,61.830076790480305,51.66400448596454
Latent Neural ODE (tuned),1,train,2019,A340,64.39126467271105,57.70034024509103
Latent Neural ODE (tuned),1,train,2019,A374,72.40244497058201,61.22016457448727
Latent Neural ODE (tuned),1,train,2019,A385,61.30623810598559,50.30480800098976
Latent Neural ODE (tuned),1,train,2019,A427,73.49740407955805,63.02248962843714
Latent Neural ODE (tuned),1,train,2019,A548,44.73196631117048,39.809873291411
Latent Neural ODE (tuned),1,train,2019,A556,43.607707795178634,38.65808327227538
Latent Neural ODE (tuned),1,train,2019,A572,53.057716295100924,44.30185607818997
Latent Neural ODE (tuned),1,train,2019,A619,60.490612136855205,52.1850880350392
Latent Neural ODE (tuned),1,train,2019,A627,57.0035020759106,51.262400152443554
Latent Neural ODE (tuned),1,train,2019,A632,62.07658764106342,53.668043524929374
Latent Neural ODE (tuned),1,train,2019,A634,64.29684401962895,55.897647444360246
Latent Neural ODE (tuned),1,train,2019,A635,51.13267964796608,46.50028736414962
Latent Neural ODE (tuned),1,train,2019,A641,59.71925856604758,49.67986864868365
Latent Neural ODE (tuned),1,train,2019,A648,52.66610682155592,45.60908214630309
Latent Neural ODE (tuned),1,train,2019,A649,63.88969314048512,51.766447774186474
Latent Neural ODE (tuned),1,train,2019,A659,51.66474567158188,45.57951696928667
Latent Neural ODE (tuned),1,train,2019,A663,49.64697565951204,41.03703163407924
Latent Neural ODE (tuned),1,train,2019,A672,62.10600103976987,52.95927058516654
Latent Neural ODE (tuned),1,train,2019,A674,60.75005193918393,52.816981186372175
Latent Neural ODE (tuned),1,train,2019,A679,68.91887636171326,56.12439841037092
Latent Neural ODE (tuned),1,train,2019,A680,64.41518630900343,52.73192659009296
Latent Neural ODE (tuned),1,train,2019,A682,61.512164874330225,50.093884938445605
Latent Neural ODE (tuned),1,train,2019,A71,52.7778911352335,43.52252739277388
Latent Neural ODE (tuned),1,train,2019,A73,35.9926305766783,32.51880133968267
Latent Neural ODE (tuned),1,train,2019,AQA3,84.8513531842563,66.88686754064638
Latent Neural ODE (tuned),1,train,2019,AS6103,56.11530941315577,46.984898970096474
Latent Neural ODE (tuned),1,train,2019,AusTRCF 306238,56.8081875827515,49.31095290770125
Latent Neural ODE (tuned),1,train,2019,B-18 INBR.FR.SUPERGOLD,57.33877110554271,51.25038983324552
Latent Neural ODE (tuned),1,train,2019,B-28,39.91001667563462,37.13916242199327
Latent Neural ODE (tuned),1,train,2019,B103,58.51157363667586,49.23502567349344
Latent Neural ODE (tuned),1,train,2019,B104,51.9652114089768,45.959992399614585
Latent Neural ODE (tuned),1,train,2019,B105,69.45917251911104,60.691159303731716
Latent Neural ODE (tuned),1,train,2019,B107,59.85533330138847,54.71415019015546
Latent Neural ODE (tuned),1,train,2019,B108,50.26573818605338,46.25108348007706
Latent Neural ODE (tuned),1,train,2019,B110,64.36593261685309,53.15877237955591
Latent Neural ODE (tuned),1,train,2019,B111,78.42408267092893,65.32142861211022
Latent Neural ODE (tuned),1,train,2019,B114,56.671063440283056,48.225320734007106
Latent Neural ODE (tuned),1,train,2019,B115,59.1381832621927,49.24489239675246
Latent Neural ODE (tuned),1,train,2019,B119,77.28583180300805,67.08693521352025
Latent Neural ODE (tuned),1,train,2019,B120,65.85836075680237,55.7597988830783
Latent Neural ODE (tuned),1,train,2019,B121,71.66855394844845,61.489104133730294
Latent Neural ODE (tuned),1,train,2019,B14,58.89703273072369,51.39966934734164
Latent Neural ODE (tuned),1,train,2019,B14A,69.4148400536537,59.381618975107706
Latent Neural ODE (tuned),1,train,2019,B164,66.85883104539874,54.42858930893251
Latent Neural ODE (tuned),1,train,2019,B2,55.796836857490355,45.92523819042268
Latent Neural ODE (tuned),1,train,2019,B37,60.47872367852307,52.918086002902164
Latent Neural ODE (tuned),1,train,2019,B46,45.148482041045206,41.138185289492924
Latent Neural ODE (tuned),1,train,2019,B57,62.98332949368502,52.94529178356012
Latent Neural ODE (tuned),1,train,2019,B65,62.61130715818735,52.439258390120024
Latent Neural ODE (tuned),1,train,2019,B66,54.52007641107844,44.80110668547819
Latent Neural ODE (tuned),1,train,2019,B68,63.84048120151145,56.38713376579965
Latent Neural ODE (tuned),1,train,2019,B70,46.98349630351606,44.333341964134185
Latent Neural ODE (tuned),1,train,2019,B75,62.1279360099741,54.748292750838445
Latent Neural ODE (tuned),1,train,2019,B76,67.0304906190701,56.10077639987395
Latent Neural ODE (tuned),1,train,2019,B77,52.45263422292087,46.21264068265033
Latent Neural ODE (tuned),1,train,2019,B79,47.22436154841023,41.78611527372736
Latent Neural ODE (tuned),1,train,2019,B84,71.42785466155028,62.418308897511345
Latent Neural ODE (tuned),1,train,2019,B85,57.469986927855324,50.16645905865213
Latent Neural ODE (tuned),1,train,2019,B87,56.09242103568372,46.861472566324515
Latent Neural ODE (tuned),1,train,2019,B88,50.790677860491215,45.37160061751746
Latent Neural ODE (tuned),1,train,2019,B91,56.04001638393872,44.61203352432856
Latent Neural ODE (tuned),1,train,2019,B97,72.51717557473522,59.482331106414
Latent Neural ODE (tuned),1,train,2019,BEI 10 = NORTH 10,60.372970727754286,51.73922620387531
Latent Neural ODE (tuned),1,train,2019,BO9,50.18707972344832,45.61649521689158
Latent Neural ODE (tuned),1,train,2019,C103,69.29932741643289,61.49159828482044
Latent Neural ODE (tuned),1,train,2019,C123,63.43997327147375,55.783407687629904
Latent Neural ODE (tuned),1,train,2019,CA-4,70.96523773299593,62.40380921119667
Latent Neural ODE (tuned),1,train,2019,CG102,57.68665022676892,48.60287800526311
Latent Neural ODE (tuned),1,train,2019,CH157,68.28356754642626,57.17855765377526
Latent Neural ODE (tuned),1,train,2019,CH701-30,55.18334730252705,48.605689550656884
Latent Neural ODE (tuned),1,train,2019,CH711-10,49.492611071639566,44.65930784352493
Latent Neural ODE (tuned),1,train,2019,CH9,47.43283607162431,42.79538728321775
Latent Neural ODE (tuned),1,train,2019,CI 40H,71.79347548358221,58.246386002990796
Latent Neural ODE (tuned),1,train,2019,CM105,70.15186904913499,59.50618090000397
Latent Neural ODE (tuned),1,train,2019,CO257,66.51475886462661,59.11079542133599
Latent Neural ODE (tuned),1,train,2019,CO258,66.18536235210415,57.41396747414746
Latent Neural ODE (tuned),1,train,2019,CQ702RC,63.40489118717836,55.31630149976686
Latent Neural ODE (tuned),1,train,2019,CR 22 INBRED,65.84861362273686,51.76380080442438
Latent Neural ODE (tuned),1,train,2019,CS405,63.430620826923374,55.50598112524144
Latent Neural ODE (tuned),1,train,2019,DE2,55.05564289799383,49.33300309757022
Latent Neural ODE (tuned),1,train,2019,DE4,54.260822591115385,48.697116137461784
Latent Neural ODE (tuned),1,train,2019,DE811,64.1439805343871,55.77048087170608
Latent Neural ODE (tuned),1,train,2019,DJ7,62.41684063619224,55.26601512766687
Latent Neural ODE (tuned),1,train,2019,DK3IIH6,65.84163215107907,57.616641918631345
Latent Neural ODE (tuned),1,train,2019,DK4676A,75.8740486428732,65.54617037438642
Latent Neural ODE (tuned),1,train,2019,DK78002A,66.76809575059741,57.14365559793297
Latent Neural ODE (tuned),1,train,2019,DK78010,59.88256627634691,52.744311326056305
Latent Neural ODE (tuned),1,train,2019,DKFAPW,63.30490347718491,57.34692502682435
Latent Neural ODE (tuned),1,train,2019,DKFBHJ,79.83896501695297,66.68550787410442
Latent Neural ODE (tuned),1,train,2019,DKMBNA,83.67155185334241,64.91504798011911
Latent Neural ODE (tuned),1,train,2019,DKPB80,72.72660760685517,59.01654392822423
Latent Neural ODE (tuned),1,train,2019,E8501,55.2898371865076,48.609105138536975
Latent Neural ODE (tuned),1,train,2019,EAST 028,62.66550759189932,57.571118822472016
Latent Neural ODE (tuned),1,train,2019,Eng-Li Chih,56.38189454224843,44.44765952364672
Latent Neural ODE (tuned),1,train,2019,F118,66.17769539978303,59.087990069794365
Latent Neural ODE (tuned),1,train,2019,F2834T,53.67117720550649,48.222661418950715
Latent Neural ODE (tuned),1,train,2019,FBLA,63.291601697496795,54.05123220656877
Latent Neural ODE (tuned),1,train,2019,FR19,105.9729135890634,87.96397695234958
Latent Neural ODE (tuned),1,train,2019,G80,58.11682341021956,52.78165047627693
Latent Neural ODE (tuned),1,train,2019,H110,61.499533487764666,51.02904021567617
Latent Neural ODE (tuned),1,train,2019,H113,77.56123065170443,64.81332278690553
Latent Neural ODE (tuned),1,train,2019,H121,69.46256566062947,58.40204257647029
Latent Neural ODE (tuned),1,train,2019,H122w,65.66996548854908,58.70406504440545
Latent Neural ODE (tuned),1,train,2019,H42,56.744127410972496,49.99470949729185
Latent Neural ODE (tuned),1,train,2019,H5,67.26727214114128,56.75643223496747
Latent Neural ODE (tuned),1,train,2019,H71,65.18555954060594,55.97425053828926
Latent Neural ODE (tuned),1,train,2019,H84,57.57844383007611,51.0631563291597
Latent Neural ODE (tuned),1,train,2019,H91,63.11197625161336,56.85886581215931
Latent Neural ODE (tuned),1,train,2019,H95,74.42389578708902,66.31188694649663
Latent Neural ODE (tuned),1,train,2019,H96,69.37223018188458,55.45609249071228
Latent Neural ODE (tuned),1,train,2019,H99,46.9198106309742,43.3376842156829
Latent Neural ODE (tuned),1,train,2019,HP301,57.58486801561595,51.906078045364275
Latent Neural ODE (tuned),1,train,2019,HUANYAO,69.86699335128898,55.8007674373378
Latent Neural ODE (tuned),1,train,2019,I29,87.88601485351147,72.96822519201402
Latent Neural ODE (tuned),1,train,2019,IA2132,67.90699827994555,56.00709481741967
Latent Neural ODE (tuned),1,train,2019,IBB14,71.53455126938432,61.79770412613908
Latent Neural ODE (tuned),1,train,2019,IBB15,57.02102924025092,50.15665255869632
Latent Neural ODE (tuned),1,train,2019,IBC2,66.88736502346572,59.628852404536175
Latent Neural ODE (tuned),1,train,2019,ICI 193,69.46497483508679,57.56383304252356
Latent Neural ODE (tuned),1,train,2019,ICI 740,67.31304995810632,57.37083378226527
Latent Neural ODE (tuned),1,train,2019,ICI 893,51.75630292066074,47.39285771927297
Latent Neural ODE (tuned),1,train,2019,ICI 986,59.608786898412674,48.914423219386684
Latent Neural ODE (tuned),1,train,2019,IDS28,59.293566798796,47.765858488699166
Latent Neural ODE (tuned),1,train,2019,IDS69,47.1146435547594,43.18287503511431
Latent Neural ODE (tuned),1,train,2019,IDS91,45.183387298335965,41.21943384571025
Latent Neural ODE (tuned),1,train,2019,INB 101LFY/LFY (A632 X M16 S5),65.82666201461527,59.19978348262719
Latent Neural ODE (tuned),1,train,2019,INBRED 141,67.50885577230899,55.728212160008965
Latent Neural ODE (tuned),1,train,2019,INBRED 2-687,58.909861855561246,49.26916188636592
Latent Neural ODE (tuned),1,train,2019,INBRED 305,53.407376580805824,48.880847772204234
Latent Neural ODE (tuned),1,train,2019,INBRED 309,57.65636329509543,51.448779024492026
Latent Neural ODE (tuned),1,train,2019,INBRED 321,57.25628680914379,51.041746553341866
Latent Neural ODE (tuned),1,train,2019,Ia 453,54.74330169248536,47.11404175068853
Latent Neural ODE (tuned),1,train,2019,J47,73.35917766429758,63.82056630200136
Latent Neural ODE (tuned),1,train,2019,K150,59.55242912682283,51.322870894958136
Latent Neural ODE (tuned),1,train,2019,K41,64.52480193295506,55.7825926951391
Latent Neural ODE (tuned),1,train,2019,K47,41.43598419426533,35.51140542348513
Latent Neural ODE (tuned),1,train,2019,K55,64.17381286432024,52.68199223817866
Latent Neural ODE (tuned),1,train,2019,KUNG-70,62.704817540073336,56.36373612461387
Latent Neural ODE (tuned),1,train,2019,L 127,68.3825641362441,58.171577385921346
Latent Neural ODE (tuned),1,train,2019,L 135,69.7450509462273,60.112083292516125
Latent Neural ODE (tuned),1,train,2019,L 139,72.04749560855808,59.14939074743168
Latent Neural ODE (tuned),1,train,2019,L 155,66.07423788810603,57.16696254182391
Latent Neural ODE (tuned),1,train,2019,L 289,68.8628499500845,59.79422641696177
Latent Neural ODE (tuned),1,train,2019,LH1,56.85556248030857,51.73543750169339
Latent Neural ODE (tuned),1,train,2019,LH119,57.491563835646005,51.23124673534468
Latent Neural ODE (tuned),1,train,2019,LH128,62.261233293142425,55.7880537368491
Latent Neural ODE (tuned),1,train,2019,LH143 (Maintainer),63.554388728352926,50.413772578461554
Latent Neural ODE (tuned),1,train,2019,LH145,62.96805945248585,51.652188734361545
Latent Neural ODE (tuned),1,train,2019,LH146Ht,59.9683657273044,48.069984215742195
Latent Neural ODE (tuned),1,train,2019,LH149,72.40489900918459,58.10097732457507
Latent Neural ODE (tuned),1,train,2019,LH165,56.618023919049115,52.31231133299322
Latent Neural ODE (tuned),1,train,2019,LH166,53.426379719570726,45.74872326763139
Latent Neural ODE (tuned),1,train,2019,LH172,44.567275163892525,41.45170801607664
Latent Neural ODE (tuned),1,train,2019,LH184,63.2047489347687,52.68978360931754
Latent Neural ODE (tuned),1,train,2019,LH185,53.071588961605265,50.058814907922404
Latent Neural ODE (tuned),1,train,2019,LH190,68.57500423324223,60.633269234082825
Latent Neural ODE (tuned),1,train,2019,LH191,76.26842406968082,66.65764875063569
Latent Neural ODE (tuned),1,train,2019,LH192,68.45034740316467,59.95551982843827
Latent Neural ODE (tuned),1,train,2019,LH194,54.37865797121954,49.09810900426967
Latent Neural ODE (tuned),1,train,2019,LH195,60.671427683233816,57.09557898999653
Latent Neural ODE (tuned),1,train,2019,LH197,67.58250094869086,57.50205998866969
Latent Neural ODE (tuned),1,train,2019,LH198,60.37829744637478,52.552816107685025
Latent Neural ODE (tuned),1,train,2019,LH199,60.08351392732584,54.82523006810646
Latent Neural ODE (tuned),1,train,2019,LH202,70.02007914219331,55.41998938872922
Latent Neural ODE (tuned),1,train,2019,LH204,57.76634177597004,52.812714514616744
Latent Neural ODE (tuned),1,train,2019,LH205,71.96875118133825,62.463168188292485
Latent Neural ODE (tuned),1,train,2019,LH206,65.73472422003391,58.2409973194179
Latent Neural ODE (tuned),1,train,2019,LH208,51.36287886569955,44.06240467621677
Latent Neural ODE (tuned),1,train,2019,LH209,58.53853198151445,50.6170656380596
Latent Neural ODE (tuned),1,train,2019,LH213,64.41760391174152,55.14230111542231
Latent Neural ODE (tuned),1,train,2019,LH214,60.82223519609425,53.986537442112116
Latent Neural ODE (tuned),1,train,2019,LH215,52.199164350905235,43.824197058148435
Latent Neural ODE (tuned),1,train,2019,LH222,68.7801239868674,57.03937048178894
Latent Neural ODE (tuned),1,train,2019,LH223,74.96643800591198,62.222732832778604
Latent Neural ODE (tuned),1,train,2019,LH224,52.42292511703873,47.94398431053787
Latent Neural ODE (tuned),1,train,2019,LH295,59.881266573366645,54.1812011845154
Latent Neural ODE (tuned),1,train,2019,LH59,69.5050591918193,62.711767750192834
Latent Neural ODE (tuned),1,train,2019,LH60,62.7902825066029,54.43272567603792
Latent Neural ODE (tuned),1,train,2019,LH61,60.00447385988824,51.73052115109391
Latent Neural ODE (tuned),1,train,2019,LH74,57.68489343086711,52.32807515543336
Latent Neural ODE (tuned),1,train,2019,LH82,47.351338100378605,44.367920137475465
Latent Neural ODE (tuned),1,train,2019,LH93,51.5905870250611,46.224129600581016
Latent Neural ODE (tuned),1,train,2019,LIBC 4,71.4453009524739,59.83000129300853
Latent Neural ODE (tuned),1,train,2019,LP1 NR HT,71.35876297561963,58.91052154872496
Latent Neural ODE (tuned),1,train,2019,LP5,83.27653272762947,69.22337501211214
Latent Neural ODE (tuned),1,train,2019,Lp215D,73.4548200252117,59.40181051670535
Latent Neural ODE (tuned),1,train,2019,M14,61.71816065749672,53.70833346278896
Latent Neural ODE (tuned),1,train,2019,MBPM,59.911284784714006,53.41989168512021
Latent Neural ODE (tuned),1,train,2019,MBWZ,69.06179162022227,58.174697327945495
Latent Neural ODE (tuned),1,train,2019,MEF156-55-2,42.333997944420815,36.390036673328005
Latent Neural ODE (tuned),1,train,2019,ML606,70.07419773204151,56.874302286613954
Latent Neural ODE (tuned),1,train,2019,MM501D,78.49905930052876,63.81100114893209
Latent Neural ODE (tuned),1,train,2019,MQ305,74.95670298551482,64.54502947343744
Latent Neural ODE (tuned),1,train,2019,MS116,83.2185525241739,64.95399308269054
Latent Neural ODE (tuned),1,train,2019,MS132,62.655219459863666,51.06223564718235
Latent Neural ODE (tuned),1,train,2019,MS153,55.98753909007464,48.53782124667893
Latent Neural ODE (tuned),1,train,2019,MS200,63.58397346747431,52.46680202419034
Latent Neural ODE (tuned),1,train,2019,MS211,63.20797577055926,52.171861341218104
Latent Neural ODE (tuned),1,train,2019,MS221,55.75423005879741,48.609584586222795
Latent Neural ODE (tuned),1,train,2019,MS224,91.38669844900272,75.49426413031485
Latent Neural ODE (tuned),1,train,2019,MS225,69.0077183259773,56.511162447498634
Latent Neural ODE (tuned),1,train,2019,MS226,68.3296296777386,57.907784870609824
Latent Neural ODE (tuned),1,train,2019,MS24A,59.99766229748085,51.70845534844799
Latent Neural ODE (tuned),1,train,2019,MS67,41.73933480269974,35.8110973644216
Latent Neural ODE (tuned),1,train,2019,MS71,68.99513731028571,59.31459142382332
Latent Neural ODE (tuned),1,train,2019,MS72,70.19929148343307,60.012047749553844
Latent Neural ODE (tuned),1,train,2019,Mo46,66.750214262693,59.44358688777615
Latent Neural ODE (tuned),1,train,2019,Mo47,42.60565107233981,38.79759675758495
Latent Neural ODE (tuned),1,train,2019,Mo5,66.78496131735297,57.71485514955693
Latent Neural ODE (tuned),1,train,2019,N192,56.870719934676636,50.332619262264494
Latent Neural ODE (tuned),1,train,2019,N193,53.884458714799095,47.01022318724979
Latent Neural ODE (tuned),1,train,2019,N201,59.94464834069687,48.63713774313475
Latent Neural ODE (tuned),1,train,2019,N211,77.38112715050872,61.01261090106121
Latent Neural ODE (tuned),1,train,2019,N217,69.7513188950592,57.594867469300844
Latent Neural ODE (tuned),1,train,2019,N28Ht,63.56472080170216,53.450580693327595
Latent Neural ODE (tuned),1,train,2019,N501,52.240348292351406,43.402358920989805
Latent Neural ODE (tuned),1,train,2019,N523,68.9585916599424,58.21623302365658
Latent Neural ODE (tuned),1,train,2019,N527,63.07750091214401,53.017064305877575
Latent Neural ODE (tuned),1,train,2019,N534,70.70814326635563,56.86140526903743
Latent Neural ODE (tuned),1,train,2019,N542,52.8778042089269,48.168555320733596
Latent Neural ODE (tuned),1,train,2019,N6,60.62984480202279,53.120023162273085
Latent Neural ODE (tuned),1,train,2019,NC262,62.51588163060501,54.14151998650778
Latent Neural ODE (tuned),1,train,2019,NC294,53.463137852817205,46.7843797586593
Latent Neural ODE (tuned),1,train,2019,NC310,68.97389368771883,59.397481806952165
Latent Neural ODE (tuned),1,train,2019,NC326,65.35115265950922,56.61930874451554
Latent Neural ODE (tuned),1,train,2019,NC328,72.71520534870844,63.14634013926822
Latent Neural ODE (tuned),1,train,2019,NC368,72.91498032195642,64.21575115286296
Latent Neural ODE (tuned),1,train,2019,NC412,52.86152715979322,50.4030809813107
Latent Neural ODE (tuned),1,train,2019,ND247,49.239643273432975,45.246475222959575
Latent Neural ODE (tuned),1,train,2019,ND265,57.77405533717478,49.87770243447645
Latent Neural ODE (tuned),1,train,2019,NK740,80.79423737424996,67.52506254288743
Latent Neural ODE (tuned),1,train,2019,NK778,66.83895648088398,58.087746725258455
Latent Neural ODE (tuned),1,train,2019,NK807,62.41648508778171,52.18203671452094
Latent Neural ODE (tuned),1,train,2019,NKS8326,56.990664724385965,49.36191557597745
Latent Neural ODE (tuned),1,train,2019,NORTH 7,66.17575930258943,56.41911005590994
Latent Neural ODE (tuned),1,train,2019,NQ508,72.63103580400653,61.34038561526786
Latent Neural ODE (tuned),1,train,2019,NS501,58.62305226069721,51.02511552100932
Latent Neural ODE (tuned),1,train,2019,NS701,53.46960056149144,50.04285799504658
Latent Neural ODE (tuned),1,train,2019,NY 166 (Neveh Yaar),51.23591998618273,45.741093264240774
Latent Neural ODE (tuned),1,train,2019,NY6371,70.42339622012288,57.356112596911196
Latent Neural ODE (tuned),1,train,2019,Ny821,51.76505790721273,42.94342324122997
Latent Neural ODE (tuned),1,train,2019,OH33,84.25053242355041,70.58787802507187
Latent Neural ODE (tuned),1,train,2019,OQ403,56.6088659160647,48.42931153541811
Latent Neural ODE (tuned),1,train,2019,OQ603,67.29975999150157,58.97875704096309
Latent Neural ODE (tuned),1,train,2019,OS602,62.14040259381974,51.83031736348133
Latent Neural ODE (tuned),1,train,2019,Oh40B,67.30590576095032,57.526894155223836
Latent Neural ODE (tuned),1,train,2019,Oh43,53.85282661447687,45.98918376752445
Latent Neural ODE (tuned),1,train,2019,Oh7,90.15149445686984,68.68076868681243
Latent Neural ODE (tuned),1,train,2019,Os420,79.91529777374137,68.75752217884126
Latent Neural ODE (tuned),1,train,2019,Os426,73.08073379043132,59.47825153535458
Latent Neural ODE (tuned),1,train,2019,PHB09,54.90560899731923,47.463913718737125
Latent Neural ODE (tuned),1,train,2019,PHB47,49.085017428858706,43.90412999393616
Latent Neural ODE (tuned),1,train,2019,PHBA6,88.27978314497423,70.55906009045309
Latent Neural ODE (tuned),1,train,2019,PHBB3,60.17493259162985,54.14186248048297
Latent Neural ODE (tuned),1,train,2019,PHBW8,94.82661232787034,73.60491866854618
Latent Neural ODE (tuned),1,train,2019,PHG29,50.8892534404765,45.39211510137563
Latent Neural ODE (tuned),1,train,2019,PHG47,79.57154508680563,69.68758412619954
Latent Neural ODE (tuned),1,train,2019,PHG50,46.80711557914441,41.7778868018926
Latent Neural ODE (tuned),1,train,2019,PHG71,62.18350331918005,53.69209224242935
Latent Neural ODE (tuned),1,train,2019,PHG72,55.2845217335615,49.57235346751082
Latent Neural ODE (tuned),1,train,2019,PHG80,79.83565900476223,62.21685746987984
Latent Neural ODE (tuned),1,train,2019,PHG83,71.35535973051222,55.1390603438642
Latent Neural ODE (tuned),1,train,2019,PHG86,89.13409316607617,72.16023424901492
Latent Neural ODE (tuned),1,train,2019,PHGW7,63.95663452893658,53.625735583863566
Latent Neural ODE (tuned),1,train,2019,PHH93,53.374766634823786,46.515027140577544
Latent Neural ODE (tuned),1,train,2019,PHHV4,57.62173937343603,48.909604847178876
Latent Neural ODE (tuned),1,train,2019,PHJ70,55.01525813088119,48.90633580374302
Latent Neural ODE (tuned),1,train,2019,PHJ89,58.6269395970407,51.273880276517254
Latent Neural ODE (tuned),1,train,2019,PHJ90,61.268200162305035,53.52993981826985
Latent Neural ODE (tuned),1,train,2019,PHJR5,88.0326944745253,70.77670142316504
Latent Neural ODE (tuned),1,train,2019,PHK35,68.23235015799372,60.62392496467387
Latent Neural ODE (tuned),1,train,2019,PHK42,58.275010117565884,48.59294139530274
Latent Neural ODE (tuned),1,train,2019,PHK56,64.35466523176851,54.2038542694108
Latent Neural ODE (tuned),1,train,2019,PHK74,73.84177718158509,60.43562717630734
Latent Neural ODE (tuned),1,train,2019,PHKE6,65.36343327438168,55.25428050054558
Latent Neural ODE (tuned),1,train,2019,PHM10,61.41190421906548,54.15753288732966
Latent Neural ODE (tuned),1,train,2019,PHN11,65.12143379090934,56.93271184457714
Latent Neural ODE (tuned),1,train,2019,PHN29,59.84387372569214,51.33093883819579
Latent Neural ODE (tuned),1,train,2019,PHN66,55.671487740648544,49.60322127883292
Latent Neural ODE (tuned),1,train,2019,PHP02,57.69379565983587,50.876932732526996
Latent Neural ODE (tuned),1,train,2019,PHP55,54.196182307435016,46.97318317415076
Latent Neural ODE (tuned),1,train,2019,PHP76,70.6466075972243,60.24209857961063
Latent Neural ODE (tuned),1,train,2019,PHP85,60.46279341556793,54.22662935957356
Latent Neural ODE (tuned),1,train,2019,PHPR5,63.917092683267086,56.58109333242196
Latent Neural ODE (tuned),1,train,2019,PHR03,78.17879980607489,64.25774417929591
Latent Neural ODE (tuned),1,train,2019,PHR30,60.880423173089206,50.6365310667722
Latent Neural ODE (tuned),1,train,2019,PHR31,63.90116814014553,56.59774699770045
Latent Neural ODE (tuned),1,train,2019,PHR36,60.01114880684983,54.38028951752487
Latent Neural ODE (tuned),1,train,2019,PHR47,56.418186282041354,50.02710037356138
Latent Neural ODE (tuned),1,train,2019,PHR58,59.63074990261849,52.04494426267281
Latent Neural ODE (tuned),1,train,2019,PHR63,54.19376781249476,50.15023172325106
Latent Neural ODE (tuned),1,train,2019,PHT10,59.70765339767606,53.19220656766682
Latent Neural ODE (tuned),1,train,2019,PHT47,85.20333890798162,72.52659026782618
Latent Neural ODE (tuned),1,train,2019,PHT55,85.0802221311944,71.76374484960785
Latent Neural ODE (tuned),1,train,2019,PHTM9,74.56638843626969,63.204859215525026
Latent Neural ODE (tuned),1,train,2019,PHV37,53.36676403469068,46.77680835297823
Latent Neural ODE (tuned),1,train,2019,PHV57,62.69172742604362,54.63143846909357
Latent Neural ODE (tuned),1,train,2019,PHV63,56.00715844064195,51.01673676641468
Latent Neural ODE (tuned),1,train,2019,PHVA9,56.58383330417539,49.15426493920824
Latent Neural ODE (tuned),1,train,2019,PHW03,64.49946072774279,56.75153921809996
Latent Neural ODE (tuned),1,train,2019,PHW17,72.9437865393003,59.56500274249071
Latent Neural ODE (tuned),1,train,2019,PHW20,64.5201845700824,54.16364178546888
Latent Neural ODE (tuned),1,train,2019,PHW30,89.85707145455238,71.99329375283084
Latent Neural ODE (tuned),1,train,2019,PHW52,52.11873282645649,48.005773585739085
Latent Neural ODE (tuned),1,train,2019,PHW53,67.79154678071261,55.562443417618546
Latent Neural ODE (tuned),1,train,2019,PHW79,71.33944165133889,58.62830190539815
Latent Neural ODE (tuned),1,train,2019,PHW80,64.53158483843299,54.90970988408264
Latent Neural ODE (tuned),1,train,2019,PHW86,62.88087296311591,54.858240457666625
Latent Neural ODE (tuned),1,train,2019,PHZ51,60.49057384020688,55.660446113693624
Latent Neural ODE (tuned),1,train,2019,Pa392,37.251500422368686,33.0710863788849
Latent Neural ODE (tuned),1,train,2019,Pa405,64.94568906375736,55.168742677043106
Latent Neural ODE (tuned),1,train,2019,Pa762,53.09884977567749,50.52109288996458
Latent Neural ODE (tuned),1,train,2019,Pa875,56.645598589139105,47.22158226908461
Latent Neural ODE (tuned),1,train,2019,Pa880,70.08778494057296,57.59824928132868
Latent Neural ODE (tuned),1,train,2019,Pa91,55.02397532834965,49.79439637999317
Latent Neural ODE (tuned),1,train,2019,Q381,77.85956744617394,64.84059951178857
Latent Neural ODE (tuned),1,train,2019,R168,52.49361429192615,46.435312978211115
Latent Neural ODE (tuned),1,train,2019,R181B,63.19353206238482,50.36793101052373
Latent Neural ODE (tuned),1,train,2019,R226,75.05611144347488,63.38496653817238
Latent Neural ODE (tuned),1,train,2019,R227,65.30141839824445,58.7323894000785
Latent Neural ODE (tuned),1,train,2019,R71,71.24851412820416,59.50614178824605
Latent Neural ODE (tuned),1,train,2019,R78,51.73640026582835,44.62435145259154
Latent Neural ODE (tuned),1,train,2019,S8326,82.69267607792585,71.36892103995949
Latent Neural ODE (tuned),1,train,2019,SD101,48.02425960634858,44.96149303566723
Latent Neural ODE (tuned),1,train,2019,SD102,45.143850343381274,42.084750777519254
Latent Neural ODE (tuned),1,train,2019,SD107,73.68061154921413,63.01749388078755
Latent Neural ODE (tuned),1,train,2019,SD40,54.233692976530484,48.91440551376248
Latent Neural ODE (tuned),1,train,2019,SD44,60.15239201997942,51.412345382138405
Latent Neural ODE (tuned),1,train,2019,SG 30A,59.73878481825171,50.82177759563431
Latent Neural ODE (tuned),1,train,2019,Seagull Seventeen,68.3108507494854,57.537504959389146
Latent Neural ODE (tuned),1,train,2019,T242,65.98649952074919,55.18819741232131
Latent Neural ODE (tuned),1,train,2019,TZU-CHIAO-HSI-WU 105,79.9412110926916,68.56443377171402
Latent Neural ODE (tuned),1,train,2019,Tr,67.57010472435265,60.566399754371
Latent Neural ODE (tuned),1,train,2019,Va26,71.22054518734397,56.62309872052562
Latent Neural ODE (tuned),1,train,2019,Va35,62.130288225202044,55.0038926815735
Latent Neural ODE (tuned),1,train,2019,Va52,61.45349533648657,51.44277336274517
Latent Neural ODE (tuned),1,train,2019,Va59,65.94707568051264,59.17439584862831
Latent Neural ODE (tuned),1,train,2019,Va99,59.30711276688372,54.49949070450772
Latent Neural ODE (tuned),1,train,2019,VaW6,68.5159399294889,62.423787634738964
Latent Neural ODE (tuned),1,train,2019,W117Ht,76.64956776608079,60.690885627311566
Latent Neural ODE (tuned),1,train,2019,W153R,63.13720900430475,54.8579425348332
Latent Neural ODE (tuned),1,train,2019,W22,57.746579671326955,48.203761968308775
Latent Neural ODE (tuned),1,train,2019,W23,60.58001882967268,52.4986692402291
Latent Neural ODE (tuned),1,train,2019,W24,59.86163591899136,50.89476223662391
Latent Neural ODE (tuned),1,train,2019,W32,66.28373023736005,57.84456209929199
Latent Neural ODE (tuned),1,train,2019,W37A,49.4481013612638,43.1482354796431
Latent Neural ODE (tuned),1,train,2019,W552,73.50475196602378,56.512022164274136
Latent Neural ODE (tuned),1,train,2019,W603S,38.07925518711806,34.86924935399514
Latent Neural ODE (tuned),1,train,2019,W604S,66.95276486452961,59.14280085492393
Latent Neural ODE (tuned),1,train,2019,W605S,61.52479965553279,49.56935226894539
Latent Neural ODE (tuned),1,train,2019,W607S,69.01654509495297,60.45880239201624
Latent Neural ODE (tuned),1,train,2019,W610S,58.44315625413761,52.41235892001724
Latent Neural ODE (tuned),1,train,2019,W612S,77.24878522493803,64.2334054902293
Latent Neural ODE (tuned),1,train,2019,W614S,70.16539415452138,57.61757475546861
Latent Neural ODE (tuned),1,train,2019,W64A,61.93785778593237,52.89121444196283
Latent Neural ODE (tuned),1,train,2019,W701BC,50.96306965247139,46.12047874216749
Latent Neural ODE (tuned),1,train,2019,W809G,74.70777910033225,62.59041460039407
Latent Neural ODE (tuned),1,train,2019,W810G,55.08396591504664,49.08136241319305
Latent Neural ODE (tuned),1,train,2019,W812G,78.22385284485085,65.43154853911231
Latent Neural ODE (tuned),1,train,2019,W813G,60.358650846519154,52.503569171502036
Latent Neural ODE (tuned),1,train,2019,W814G,85.37747473796989,66.53591586451897
Latent Neural ODE (tuned),1,train,2019,W8304,61.83300307083682,53.10200610085877
Latent Neural ODE (tuned),1,train,2019,W9,45.16831428013018,40.50484727111096
Latent Neural ODE (tuned),1,train,2019,WIL900,63.67485822645877,57.15542113400358
Latent Neural ODE (tuned),1,train,2019,WR3,58.02040633200738,48.718978824442345
Latent Neural ODE (tuned),1,train,2019,WU-TAN-TZAO,84.79127906199155,69.85615358741056
Latent Neural ODE (tuned),1,train,2019,YE 4,78.63859702497282,68.17676364652613
Latent Neural ODE (tuned),1,train,2019,YING-55,44.46595357947664,38.318652963926326
Latent Neural ODE (tuned),1,train,2019,Yu796 NS,64.83101171883037,54.695313454278555
Latent Neural ODE (tuned),1,train,2019,ZS635,63.712721034307314,54.03072143969012
Latent Neural ODE (tuned),1,val,2020,1538,29.834181669594074,25.05264522554952
Latent Neural ODE (tuned),1,val,2020,2369,124.16025145287078,114.6430379107015
Latent Neural ODE (tuned),1,val,2020,29MIBZ2,66.50965879912808,52.056502208431766
Latent Neural ODE (tuned),1,val,2020,2FACC,45.24137638624758,39.188820376368334
Latent Neural ODE (tuned),1,val,2020,2FADB,52.671100401069175,44.0440660681338
Latent Neural ODE (tuned),1,val,2020,2MA22,61.19840362146515,50.61561548943456
Latent Neural ODE (tuned),1,val,2020,2MCDB,59.62968056029613,48.8104633095355
Latent Neural ODE (tuned),1,val,2020,3IJI1,42.492968723515496,36.802551761395605
Latent Neural ODE (tuned),1,val,2020,4226,48.417970524145254,43.808935062119865
Latent Neural ODE (tuned),1,val,2020,4F-306 108,42.804420691312615,38.945402275480106
Latent Neural ODE (tuned),1,val,2020,4N506,39.06010694531658,37.43851384573666
Latent Neural ODE (tuned),1,val,2020,6F629,42.07668957128195,38.03967885553647
Latent Neural ODE (tuned),1,val,2020,6M502,54.74071473010052,52.75765601427198
Latent Neural ODE (tuned),1,val,2020,6M502A,58.30960177217756,51.43460281507117
Latent Neural ODE (tuned),1,val,2020,764,46.395249550364916,37.34274290084273
Latent Neural ODE (tuned),1,val,2020,78010,51.79149534185807,42.37415273778638
Latent Neural ODE (tuned),1,val,2020,78551S,44.824392202296146,35.79065133434803
Latent Neural ODE (tuned),1,val,2020,790,54.98609555818336,44.04528267740089
Latent Neural ODE (tuned),1,val,2020,793,66.0915377961545,60.27896445155072
Latent Neural ODE (tuned),1,val,2020,87916W,42.59056009915217,39.2880141602024
Latent Neural ODE (tuned),1,val,2020,911,40.576942608726654,35.959195800810235
Latent Neural ODE (tuned),1,val,2020,912,61.448749063025666,51.0236465754087
Latent Neural ODE (tuned),1,val,2020,91IFC2,74.15649566204229,63.339579279085775
Latent Neural ODE (tuned),1,val,2020,A,38.87397625078259,34.5967300131575
Latent Neural ODE (tuned),1,val,2020,A208,41.378461445294526,37.95111220116689
Latent Neural ODE (tuned),1,val,2020,A239,37.54837990897932,32.46464380909161
Latent Neural ODE (tuned),1,val,2020,A258,52.84077059111701,44.867657060225554
Latent Neural ODE (tuned),1,val,2020,A272,46.41069885361922,45.32280388493126
Latent Neural ODE (tuned),1,val,2020,A305,34.238154951973755,25.628824164517475
Latent Neural ODE (tuned),1,val,2020,A321,53.78969017597697,43.03926427296069
Latent Neural ODE (tuned),1,val,2020,A322,44.98972248038174,36.98501984956373
Latent Neural ODE (tuned),1,val,2020,A334,43.27880545817275,37.71288290764936
Latent Neural ODE (tuned),1,val,2020,A340,59.004005462182455,49.81753786412627
Latent Neural ODE (tuned),1,val,2020,A374,39.27156163984369,31.620795853354203
Latent Neural ODE (tuned),1,val,2020,A385,61.15057058076517,46.03197495528475
Latent Neural ODE (tuned),1,val,2020,A427,33.77069240845865,27.93337812398723
Latent Neural ODE (tuned),1,val,2020,A548,33.185888229321336,29.37828725747601
Latent Neural ODE (tuned),1,val,2020,A556,46.61281448559677,38.66410099817238
Latent Neural ODE (tuned),1,val,2020,A572,51.377240460621444,40.17777565579861
Latent Neural ODE (tuned),1,val,2020,A619,33.274764060215865,29.671842123722975
Latent Neural ODE (tuned),1,val,2020,A627,77.40885041379697,62.68253789926262
Latent Neural ODE (tuned),1,val,2020,A632,53.19693012829864,44.84657156981323
Latent Neural ODE (tuned),1,val,2020,A634,48.88913670809753,43.30674492518625
Latent Neural ODE (tuned),1,val,2020,A635,56.34451601142892,53.2968066999775
Latent Neural ODE (tuned),1,val,2020,A641,36.0300986952581,33.78352680930733
Latent Neural ODE (tuned),1,val,2020,A648,36.038586735983216,30.69418417777072
Latent Neural ODE (tuned),1,val,2020,A649,71.55527840255853,60.00766001955606
Latent Neural ODE (tuned),1,val,2020,A659,41.66904487145705,36.31494872155791
Latent Neural ODE (tuned),1,val,2020,A663,54.51250857289605,51.42588633371742
Latent Neural ODE (tuned),1,val,2020,A672,45.74930123111925,35.414556856612954
Latent Neural ODE (tuned),1,val,2020,A674,44.625510489923634,38.03786853293279
Latent Neural ODE (tuned),1,val,2020,A679,57.900934784203756,40.54886234151489
Latent Neural ODE (tuned),1,val,2020,A680,46.01816968106706,35.03995948660973
Latent Neural ODE (tuned),1,val,2020,A682,40.34977426716756,30.877499327497958
Latent Neural ODE (tuned),1,val,2020,A71,44.61169598699942,39.33770386153134
Latent Neural ODE (tuned),1,val,2020,A73,46.17014370272887,41.97308218134733
Latent Neural ODE (tuned),1,val,2020,AQA3,39.41608808543504,36.1192420617577
Latent Neural ODE (tuned),1,val,2020,AS6103,55.801758348788994,42.119784609877435
Latent Neural ODE (tuned),1,val,2020,AusTRCF 306238,76.01775122450218,72.13163553312928
Latent Neural ODE (tuned),1,val,2020,B-18 INBR.FR.SUPERGOLD,38.97371389288843,34.83962649631552
Latent Neural ODE (tuned),1,val,2020,B-28,44.691418429066,40.681081145616425
Latent Neural ODE (tuned),1,val,2020,B103,44.07081734371224,30.964492681705945
Latent Neural ODE (tuned),1,val,2020,B104,41.92370036276787,40.10900062351597
Latent Neural ODE (tuned),1,val,2020,B105,82.5497021581393,77.40111362328263
Latent Neural ODE (tuned),1,val,2020,B107,45.61061347465082,33.37770181672325
Latent Neural ODE (tuned),1,val,2020,B108,49.140594935709075,41.0326942578843
Latent Neural ODE (tuned),1,val,2020,B110,76.16804618152776,73.82502347763474
Latent Neural ODE (tuned),1,val,2020,B111,69.08161642612684,64.0420805258831
Latent Neural ODE (tuned),1,val,2020,B114,71.88141120220735,53.03935348288136
Latent Neural ODE (tuned),1,val,2020,B115,42.20350087533098,31.43480649188346
Latent Neural ODE (tuned),1,val,2020,B119,54.48909980225503,43.70964060188219
Latent Neural ODE (tuned),1,val,2020,B120,40.05734063294475,33.93314211082811
Latent Neural ODE (tuned),1,val,2020,B121,48.279797995973716,41.74165236493626
Latent Neural ODE (tuned),1,val,2020,B14,72.60183588414262,68.41187839203357
Latent Neural ODE (tuned),1,val,2020,B14A,41.33624159887819,34.03691741221156
Latent Neural ODE (tuned),1,val,2020,B164,33.67741507342296,29.922069425006672
Latent Neural ODE (tuned),1,val,2020,B2,53.023273052055,46.2536055726557
Latent Neural ODE (tuned),1,val,2020,B37,47.99117409335114,43.266481792572336
Latent Neural ODE (tuned),1,val,2020,B46,29.83012598975868,23.28691653577356
Latent Neural ODE (tuned),1,val,2020,B57,56.670688021074035,49.961325698590805
Latent Neural ODE (tuned),1,val,2020,B65,39.47190551491331,34.46993199723065
Latent Neural ODE (tuned),1,val,2020,B66,42.12044213204197,39.4612175947806
Latent Neural ODE (tuned),1,val,2020,B68,43.21515387402836,38.866711748311694
Latent Neural ODE (tuned),1,val,2020,B70,80.14321245347811,73.50027867102143
Latent Neural ODE (tuned),1,val,2020,B75,54.845554575905496,51.11042835535643
Latent Neural ODE (tuned),1,val,2020,B76,30.119140198967603,25.182569407620438
Latent Neural ODE (tuned),1,val,2020,B77,42.36276209792374,37.2867423172263
Latent Neural ODE (tuned),1,val,2020,B79,49.18408188431483,43.5365527595384
Latent Neural ODE (tuned),1,val,2020,B84,42.054471156123455,40.300552906265885
Latent Neural ODE (tuned),1,val,2020,B85,44.98486803536168,41.622480687487496
Latent Neural ODE (tuned),1,val,2020,B87,30.210853172486377,25.243449029218716
Latent Neural ODE (tuned),1,val,2020,B88,67.98577435705242,64.81359010026556
Latent Neural ODE (tuned),1,val,2020,B91,44.34348378981793,40.98443273826457
Latent Neural ODE (tuned),1,val,2020,B97,44.236254981732294,37.52890931121614
Latent Neural ODE (tuned),1,val,2020,BEI 10 = NORTH 10,33.23299915173545,27.543426853977103
Latent Neural ODE (tuned),1,val,2020,BO9,32.22776983343975,29.44315816340518
Latent Neural ODE (tuned),1,val,2020,C103,55.27959974610912,49.05952079321393
Latent Neural ODE (tuned),1,val,2020,C123,39.645707187620374,34.73735109892767
Latent Neural ODE (tuned),1,val,2020,CA-4,46.08744602139097,41.9432697299556
Latent Neural ODE (tuned),1,val,2020,CG102,54.256849556850085,49.824151086068014
Latent Neural ODE (tuned),1,val,2020,CH157,46.35611913474381,43.5203952294512
Latent Neural ODE (tuned),1,val,2020,CH701-30,38.615258608150256,34.03239504770061
Latent Neural ODE (tuned),1,val,2020,CH711-10,33.343323286998384,31.251929570138035
Latent Neural ODE (tuned),1,val,2020,CH9,51.59045007434618,44.168422773088274
Latent Neural ODE (tuned),1,val,2020,CI 40H,46.912492253691326,34.08630248078634
Latent Neural ODE (tuned),1,val,2020,CM105,63.774165424054864,58.13032220254263
Latent Neural ODE (tuned),1,val,2020,CO257,62.42229063025948,53.789364835534634
Latent Neural ODE (tuned),1,val,2020,CO258,59.363960923544965,55.66385877959254
Latent Neural ODE (tuned),1,val,2020,CQ702RC,58.81952919702136,53.4715876054774
Latent Neural ODE (tuned),1,val,2020,CR 22 INBRED,42.577617671714634,32.40786217128539
Latent Neural ODE (tuned),1,val,2020,CS405,44.11486743370531,42.284371724372356
Latent Neural ODE (tuned),1,val,2020,DE2,48.29486707374963,44.450264453515764
Latent Neural ODE (tuned),1,val,2020,DE4,40.1503646983092,36.21019850712189
Latent Neural ODE (tuned),1,val,2020,DE811,71.63039399152935,65.28192075219532
Latent Neural ODE (tuned),1,val,2020,DJ7,40.46087014121188,35.733099921130936
Latent Neural ODE (tuned),1,val,2020,DK3IIH6,30.649292605303238,24.97063908009563
Latent Neural ODE (tuned),1,val,2020,DK4676A,44.49915404551168,41.43665213299961
Latent Neural ODE (tuned),1,val,2020,DK78002A,31.050412028598995,23.237933812826036
Latent Neural ODE (tuned),1,val,2020,DK78010,47.645090235761124,39.15928904220715
Latent Neural ODE (tuned),1,val,2020,DKFAPW,54.272928061901084,42.341312481827785
Latent Neural ODE (tuned),1,val,2020,DKFBHJ,50.939296405367514,37.71805627920782
Latent Neural ODE (tuned),1,val,2020,DKMBNA,31.07634719780788,25.302997579820573
Latent Neural ODE (tuned),1,val,2020,DKPB80,59.96187853941122,58.919941051836766
Latent Neural ODE (tuned),1,val,2020,E8501,50.93429149720994,44.61701293383185
Latent Neural ODE (tuned),1,val,2020,EAST 028,54.96730725732972,43.40173898268093
Latent Neural ODE (tuned),1,val,2020,Eng-Li Chih,41.44447605534905,37.57950262140236
Latent Neural ODE (tuned),1,val,2020,F118,35.2304482841319,32.49894546011842
Latent Neural ODE (tuned),1,val,2020,F2834T,72.56569823576018,69.0207389381426
Latent Neural ODE (tuned),1,val,2020,FBLA,71.08124355015813,53.306745155861236
Latent Neural ODE (tuned),1,val,2020,FR19,54.67818545823172,46.898399430898635
Latent Neural ODE (tuned),1,val,2020,G80,47.4120170969249,41.58809243591789
Latent Neural ODE (tuned),1,val,2020,H110,53.20403609355121,49.633698500397934
Latent Neural ODE (tuned),1,val,2020,H113,42.93463958942876,37.16778763066247
Latent Neural ODE (tuned),1,val,2020,H121,42.58522436787707,35.874688055992166
Latent Neural ODE (tuned),1,val,2020,H122w,67.61279025525008,66.07274826194957
Latent Neural ODE (tuned),1,val,2020,H42,67.77715667956751,53.757373566217915
Latent Neural ODE (tuned),1,val,2020,H5,63.08591015440099,49.92194609441515
Latent Neural ODE (tuned),1,val,2020,H71,41.97104971871547,38.691370293139
Latent Neural ODE (tuned),1,val,2020,H84,75.53935965371019,62.7081028551123
Latent Neural ODE (tuned),1,val,2020,H91,35.84693536481274,30.951096323892177
Latent Neural ODE (tuned),1,val,2020,H95,45.28558546839787,42.913980470215265
Latent Neural ODE (tuned),1,val,2020,H96,46.302712491868334,44.210289161157355
Latent Neural ODE (tuned),1,val,2020,H99,64.14998374683508,54.461632420532325
Latent Neural ODE (tuned),1,val,2020,HP301,48.09798596346607,45.100481310460495
Latent Neural ODE (tuned),1,val,2020,HUANYAO,72.22786010696912,65.19439961772159
Latent Neural ODE (tuned),1,val,2020,I29,35.88614897679147,31.43529683800349
Latent Neural ODE (tuned),1,val,2020,IA2132,57.65003800730709,43.05239085192676
Latent Neural ODE (tuned),1,val,2020,IBB14,61.62999024225176,45.17155896321531
Latent Neural ODE (tuned),1,val,2020,IBB15,70.5304720323225,56.65136397991402
Latent Neural ODE (tuned),1,val,2020,IBC2,43.290039743076036,35.84402616948974
Latent Neural ODE (tuned),1,val,2020,ICI 193,56.287018186392665,42.8139742481307
Latent Neural ODE (tuned),1,val,2020,ICI 740,32.23701354630798,29.452181701426507
Latent Neural ODE (tuned),1,val,2020,ICI 893,43.40819200528184,39.82994558657323
Latent Neural ODE (tuned),1,val,2020,ICI 986,45.308756039951476,29.40313957696458
Latent Neural ODE (tuned),1,val,2020,IDS28,58.73307340372626,55.642994539458435
Latent Neural ODE (tuned),1,val,2020,IDS69,52.37727557946521,47.30785337422674
Latent Neural ODE (tuned),1,val,2020,IDS91,36.54282634457495,32.787074789269425
Latent Neural ODE (tuned),1,val,2020,INB 101LFY/LFY (A632 X M16 S5),64.19655859241458,61.935396754381706
Latent Neural ODE (tuned),1,val,2020,INBRED 141,41.06110363373986,37.610964330242325
Latent Neural ODE (tuned),1,val,2020,INBRED 2-687,38.3159152118238,25.62234701407856
Latent Neural ODE (tuned),1,val,2020,INBRED 305,46.549903824351325,44.01488536326548
Latent Neural ODE (tuned),1,val,2020,INBRED 309,70.17785612985001,57.25915306823746
Latent Neural ODE (tuned),1,val,2020,INBRED 321,47.23854465662974,42.03067354586455
Latent Neural ODE (tuned),1,val,2020,Ia 453,44.45364037732233,40.0011029306063
Latent Neural ODE (tuned),1,val,2020,J47,48.25577206604113,45.241253205388865
Latent Neural ODE (tuned),1,val,2020,K150,50.15182408401209,46.61315859038211
Latent Neural ODE (tuned),1,val,2020,K41,48.15577809063866,44.013754938192406
Latent Neural ODE (tuned),1,val,2020,K47,66.17362192304368,53.50055152718064
Latent Neural ODE (tuned),1,val,2020,K55,38.615837347196475,33.077957078259956
Latent Neural ODE (tuned),1,val,2020,KUNG-70,34.94752320786119,31.211140721758486
Latent Neural ODE (tuned),1,val,2020,L 127,74.74297384102266,64.03604206522769
Latent Neural ODE (tuned),1,val,2020,L 135,38.71566609692911,33.95769366833334
Latent Neural ODE (tuned),1,val,2020,L 139,21.506364333155968,17.345832115788827
Latent Neural ODE (tuned),1,val,2020,L 155,71.84147088535885,64.08111791319264
Latent Neural ODE (tuned),1,val,2020,L 289,42.490495878904994,40.04712043947835
Latent Neural ODE (tuned),1,val,2020,LH1,57.89409848298035,51.930151161083586
Latent Neural ODE (tuned),1,val,2020,LH119,39.63935093976901,32.91655906378217
Latent Neural ODE (tuned),1,val,2020,LH128,60.230798877439625,54.31273925207886
Latent Neural ODE (tuned),1,val,2020,LH143 (Maintainer),29.45880661800486,23.560722997177635
Latent Neural ODE (tuned),1,val,2020,LH145,41.6938084678537,34.86800374443068
Latent Neural ODE (tuned),1,val,2020,LH146Ht,71.62541445206816,61.87370557631961
Latent Neural ODE (tuned),1,val,2020,LH149,30.547048506498587,26.26474836915106
Latent Neural ODE (tuned),1,val,2020,LH165,67.71498015221928,55.169314416806365
Latent Neural ODE (tuned),1,val,2020,LH166,61.44290521813515,54.28361487065308
Latent Neural ODE (tuned),1,val,2020,LH172,73.07904110293559,59.880181784291906
Latent Neural ODE (tuned),1,val,2020,LH184,52.66861046028975,35.408970794342245
Latent Neural ODE (tuned),1,val,2020,LH185,47.89149692008702,46.968456938277306
Latent Neural ODE (tuned),1,val,2020,LH190,35.684687191261666,27.914434531606638
Latent Neural ODE (tuned),1,val,2020,LH191,47.42638032625582,43.23752801959747
Latent Neural ODE (tuned),1,val,2020,LH192,34.41559183651606,28.311573363041738
Latent Neural ODE (tuned),1,val,2020,LH194,51.903361251062634,47.26300225641568
Latent Neural ODE (tuned),1,val,2020,LH195,47.36351547110402,38.60705391845443
Latent Neural ODE (tuned),1,val,2020,LH197,61.160564746167786,55.546290692132445
Latent Neural ODE (tuned),1,val,2020,LH198,61.36435108020439,54.66846368657142
Latent Neural ODE (tuned),1,val,2020,LH199,57.28508921376414,49.97893733332483
Latent Neural ODE (tuned),1,val,2020,LH202,26.131254688779812,19.547746193678854
Latent Neural ODE (tuned),1,val,2020,LH204,38.300572526837385,33.41986327546381
Latent Neural ODE (tuned),1,val,2020,LH205,48.9564569911403,44.61604822692984
Latent Neural ODE (tuned),1,val,2020,LH206,51.32097268166823,41.258184501016565
Latent Neural ODE (tuned),1,val,2020,LH208,52.892416087397535,46.84907665009879
Latent Neural ODE (tuned),1,val,2020,LH209,41.21117815366852,34.29465916021281
Latent Neural ODE (tuned),1,val,2020,LH213,87.08881524536542,76.82441061236909
Latent Neural ODE (tuned),1,val,2020,LH214,56.280664642149006,46.76791361489063
Latent Neural ODE (tuned),1,val,2020,LH215,48.859976656944376,44.94856845351388
Latent Neural ODE (tuned),1,val,2020,LH222,79.8179073454806,72.21638159125243
Latent Neural ODE (tuned),1,val,2020,LH223,57.31193798791676,51.17910733834292
Latent Neural ODE (tuned),1,val,2020,LH224,40.372834352486464,34.13029188331931
Latent Neural ODE (tuned),1,val,2020,LH295,46.15131182129555,39.20315952232164
Latent Neural ODE (tuned),1,val,2020,LH59,61.506285767295346,51.32367287957136
Latent Neural ODE (tuned),1,val,2020,LH60,44.88004459706565,42.959139453164994
Latent Neural ODE (tuned),1,val,2020,LH61,45.37568280857188,37.08773044867785
Latent Neural ODE (tuned),1,val,2020,LH74,47.04143681046993,41.69742689386652
Latent Neural ODE (tuned),1,val,2020,LH82,53.656516869405884,47.279321618903666
Latent Neural ODE (tuned),1,val,2020,LH93,50.67292979742432,43.889316459795445
Latent Neural ODE (tuned),1,val,2020,LIBC 4,49.81379016493487,41.884323045974845
Latent Neural ODE (tuned),1,val,2020,LP1 NR HT,38.201190418423565,32.233193011611846
Latent Neural ODE (tuned),1,val,2020,LP5,55.745399825091816,50.632170767131434
Latent Neural ODE (tuned),1,val,2020,Lp215D,69.18787217669536,51.125730823261215
Latent Neural ODE (tuned),1,val,2020,M14,42.91080568131674,38.103647704961986
Latent Neural ODE (tuned),1,val,2020,MBPM,36.08288593482962,31.169954665749962
Latent Neural ODE (tuned),1,val,2020,MBWZ,47.47442794279038,39.694688629183595
Latent Neural ODE (tuned),1,val,2020,MEF156-55-2,45.512069380303,42.58488479538897
Latent Neural ODE (tuned),1,val,2020,ML606,50.584038207864566,34.75793521452303
Latent Neural ODE (tuned),1,val,2020,MM501D,55.0411473852386,51.42418571264948
Latent Neural ODE (tuned),1,val,2020,MQ305,72.71382292715177,59.45580775849021
Latent Neural ODE (tuned),1,val,2020,MS116,57.32804543383819,52.416988049805184
Latent Neural ODE (tuned),1,val,2020,MS132,36.213734280572986,29.797186420671043
Latent Neural ODE (tuned),1,val,2020,MS153,63.45480439247303,46.53152822883766
Latent Neural ODE (tuned),1,val,2020,MS200,47.15618865925001,42.474504498436566
Latent Neural ODE (tuned),1,val,2020,MS211,33.297409560359384,29.726674448617846
Latent Neural ODE (tuned),1,val,2020,MS221,53.3328701517607,48.12147932047554
Latent Neural ODE (tuned),1,val,2020,MS224,54.927466718693886,46.508496449163545
Latent Neural ODE (tuned),1,val,2020,MS225,31.2900523868189,27.267132672955455
Latent Neural ODE (tuned),1,val,2020,MS226,37.702205644481054,33.491423715517776
Latent Neural ODE (tuned),1,val,2020,MS24A,65.73341925385802,61.83929600005724
Latent Neural ODE (tuned),1,val,2020,MS67,56.40069214990794,50.67026068646863
Latent Neural ODE (tuned),1,val,2020,MS71,40.87884688942587,33.92776076851705
Latent Neural ODE (tuned),1,val,2020,MS72,28.74262511709424,23.999479484233795
Latent Neural ODE (tuned),1,val,2020,Mo46,48.46446512932857,44.36689753764154
Latent Neural ODE (tuned),1,val,2020,Mo47,55.555203109686914,44.521270128538774
Latent Neural ODE (tuned),1,val,2020,Mo5,64.88374903055136,57.80852673057204
Latent Neural ODE (tuned),1,val,2020,N192,36.07185422738163,31.980110612319066
Latent Neural ODE (tuned),1,val,2020,N193,37.419733672227274,34.86353868575141
Latent Neural ODE (tuned),1,val,2020,N201,41.894834717868626,33.092634870297836
Latent Neural ODE (tuned),1,val,2020,N211,52.24882513364839,49.778400747045964
Latent Neural ODE (tuned),1,val,2020,N217,58.72298881551057,53.39208800539283
Latent Neural ODE (tuned),1,val,2020,N28Ht,35.95480486149396,32.288802028761424
Latent Neural ODE (tuned),1,val,2020,N501,79.67352953484024,67.0501257986008
Latent Neural ODE (tuned),1,val,2020,N523,34.0506284639383,28.378847796202088
Latent Neural ODE (tuned),1,val,2020,N527,40.23132405674414,32.65845547113111
Latent Neural ODE (tuned),1,val,2020,N534,39.40892767322285,34.619228496730706
Latent Neural ODE (tuned),1,val,2020,N542,43.80378499036974,40.547854886594486
Latent Neural ODE (tuned),1,val,2020,N6,56.75581909004868,39.77205355279664
Latent Neural ODE (tuned),1,val,2020,NC262,45.8815231985097,33.920629663257145
Latent Neural ODE (tuned),1,val,2020,NC294,51.18951419092674,48.8093235563108
Latent Neural ODE (tuned),1,val,2020,NC310,29.366310948092032,24.565258159451258
Latent Neural ODE (tuned),1,val,2020,NC326,32.95969682284089,27.436188466606374
Latent Neural ODE (tuned),1,val,2020,NC328,35.171708889777925,31.94624473845252
Latent Neural ODE (tuned),1,val,2020,NC368,38.97630893932761,38.41016254824764
Latent Neural ODE (tuned),1,val,2020,NC412,45.78088635249091,40.43734467473751
Latent Neural ODE (tuned),1,val,2020,ND247,59.24203691840595,54.16188079019401
Latent Neural ODE (tuned),1,val,2020,ND265,45.54193263027929,38.99591422016382
Latent Neural ODE (tuned),1,val,2020,NK740,68.35861410662669,56.30267177421348
Latent Neural ODE (tuned),1,val,2020,NK778,42.09999940986239,37.38601073703056
Latent Neural ODE (tuned),1,val,2020,NK807,48.86478609231735,40.24208078775676
Latent Neural ODE (tuned),1,val,2020,NKS8326,34.70261537060919,27.118272213636583
Latent Neural ODE (tuned),1,val,2020,NORTH 7,88.91336753308181,81.19051320135704
Latent Neural ODE (tuned),1,val,2020,NQ508,52.57910820286555,41.94382039392094
Latent Neural ODE (tuned),1,val,2020,NS501,86.1810264326751,73.84335881174378
Latent Neural ODE (tuned),1,val,2020,NS701,60.36030135312196,53.16053907323684
Latent Neural ODE (tuned),1,val,2020,NY 166 (Neveh Yaar),28.25102727904388,23.349871305060795
Latent Neural ODE (tuned),1,val,2020,NY6371,29.911855066726268,23.48995517365801
Latent Neural ODE (tuned),1,val,2020,Ny821,26.231766511203542,21.351686801343018
Latent Neural ODE (tuned),1,val,2020,OH33,35.61656845205922,31.355938597111646
Latent Neural ODE (tuned),1,val,2020,OQ403,52.452011972935175,45.46068979204491
Latent Neural ODE (tuned),1,val,2020,OQ603,37.4286918716316,30.30840724773412
Latent Neural ODE (tuned),1,val,2020,OS602,66.88308713549429,50.33119271878552
Latent Neural ODE (tuned),1,val,2020,Oh40B,47.84426163821762,42.5453394007721
Latent Neural ODE (tuned),1,val,2020,Oh43,46.02541218263132,38.33510998203167
Latent Neural ODE (tuned),1,val,2020,Oh7,40.20586031609005,38.037544444510004
Latent Neural ODE (tuned),1,val,2020,Os420,36.5658258499771,34.328705472724565
Latent Neural ODE (tuned),1,val,2020,Os426,31.64066957775521,26.31477061496435
Latent Neural ODE (tuned),1,val,2020,PHB09,29.920958005905725,26.484866028295755
Latent Neural ODE (tuned),1,val,2020,PHB47,62.252221873384144,55.882583835302526
Latent Neural ODE (tuned),1,val,2020,PHBA6,38.73696878220563,36.303047197617836
Latent Neural ODE (tuned),1,val,2020,PHBB3,57.20625764634662,53.059017594371774
Latent Neural ODE (tuned),1,val,2020,PHBW8,72.08365335671459,65.09137316264626
Latent Neural ODE (tuned),1,val,2020,PHG29,66.38672702321358,55.67923182524885
Latent Neural ODE (tuned),1,val,2020,PHG47,41.95428015791855,33.460343682134365
Latent Neural ODE (tuned),1,val,2020,PHG50,49.62320341120919,42.50883409391968
Latent Neural ODE (tuned),1,val,2020,PHG71,51.11927341269145,49.2434201766164
Latent Neural ODE (tuned),1,val,2020,PHG72,33.874855790277074,30.241271505983015
Latent Neural ODE (tuned),1,val,2020,PHG80,55.11863052587182,49.23558746369233
Latent Neural ODE (tuned),1,val,2020,PHG83,52.72212607192843,49.66408741846963
Latent Neural ODE (tuned),1,val,2020,PHG86,33.423137954350345,28.081899691169713
Latent Neural ODE (tuned),1,val,2020,PHGW7,31.43818205718056,30.69482067366993
Latent Neural ODE (tuned),1,val,2020,PHH93,65.71887189959801,50.59898488351949
Latent Neural ODE (tuned),1,val,2020,PHHV4,30.383951959655466,23.656624136208595
Latent Neural ODE (tuned),1,val,2020,PHJ70,66.29896704763297,62.94000922404524
Latent Neural ODE (tuned),1,val,2020,PHJ89,42.8425148348686,32.673877657486535
Latent Neural ODE (tuned),1,val,2020,PHJ90,43.91151737976708,39.72000589206328
Latent Neural ODE (tuned),1,val,2020,PHJR5,59.90074942149063,54.17940333879222
Latent Neural ODE (tuned),1,val,2020,PHK35,48.535031118739944,33.979470990395434
Latent Neural ODE (tuned),1,val,2020,PHK42,59.492484654609875,52.3040604214253
Latent Neural ODE (tuned),1,val,2020,PHK56,45.14114293055751,41.90523381262872
Latent Neural ODE (tuned),1,val,2020,PHK74,39.87187923509352,29.57954294087003
Latent Neural ODE (tuned),1,val,2020,PHKE6,41.36662143423953,35.80604685347426
Latent Neural ODE (tuned),1,val,2020,PHM10,42.84913302076894,36.82030777256307
Latent Neural ODE (tuned),1,val,2020,PHN11,34.346231416662036,30.194804739220135
Latent Neural ODE (tuned),1,val,2020,PHN29,50.29115176316953,42.667968801975455
Latent Neural ODE (tuned),1,val,2020,PHN66,32.32643856452235,27.659504384986462
Latent Neural ODE (tuned),1,val,2020,PHP02,41.55170301488874,36.47597838737581
Latent Neural ODE (tuned),1,val,2020,PHP55,44.62435963308512,41.60289045638821
Latent Neural ODE (tuned),1,val,2020,PHP76,55.810141950104494,47.52014769602152
Latent Neural ODE (tuned),1,val,2020,PHP85,41.180299021633324,39.49440252569932
Latent Neural ODE (tuned),1,val,2020,PHPR5,33.79748416139595,31.497975180801706
Latent Neural ODE (tuned),1,val,2020,PHR03,49.727060004370045,37.93390561340302
Latent Neural ODE (tuned),1,val,2020,PHR30,52.751276548075595,47.85102715912664
Latent Neural ODE (tuned),1,val,2020,PHR31,51.04838470036255,40.9684329170891
Latent Neural ODE (tuned),1,val,2020,PHR36,51.522709189965035,38.456848872015904
Latent Neural ODE (tuned),1,val,2020,PHR47,42.0742414518097,37.3425596492071
Latent Neural ODE (tuned),1,val,2020,PHR58,66.3962819649155,57.700118861341636
Latent Neural ODE (tuned),1,val,2020,PHR63,44.41185862029286,41.029622338529684
Latent Neural ODE (tuned),1,val,2020,PHT10,38.244411373579865,34.82936676463579
Latent Neural ODE (tuned),1,val,2020,PHT47,91.08503047473867,76.77962751758264
Latent Neural ODE (tuned),1,val,2020,PHT55,60.610882932497724,35.899500384182055
Latent Neural ODE (tuned),1,val,2020,PHTM9,43.74018510010001,37.09278601535368
Latent Neural ODE (tuned),1,val,2020,PHV37,60.52486196969824,52.124837350973785
Latent Neural ODE (tuned),1,val,2020,PHV57,64.02614769617003,54.22532273480546
Latent Neural ODE (tuned),1,val,2020,PHV63,47.60614741263256,46.2676814098332
Latent Neural ODE (tuned),1,val,2020,PHVA9,65.27483146735946,49.77565719656729
Latent Neural ODE (tuned),1,val,2020,PHW03,49.031359751532875,41.540229640236625
Latent Neural ODE (tuned),1,val,2020,PHW17,74.35504989121038,56.65755434423397
Latent Neural ODE (tuned),1,val,2020,PHW20,31.902029055885556,27.263528118082395
Latent Neural ODE (tuned),1,val,2020,PHW30,79.19410844614312,53.4589743269629
Latent Neural ODE (tuned),1,val,2020,PHW52,56.64822322435938,50.873556806064315
Latent Neural ODE (tuned),1,val,2020,PHW53,53.40972883161843,45.970853324149815
Latent Neural ODE (tuned),1,val,2020,PHW79,47.26909985178411,41.30229037272231
Latent Neural ODE (tuned),1,val,2020,PHW80,35.896279672178665,29.932407524795988
Latent Neural ODE (tuned),1,val,2020,PHW86,53.03014312966702,45.9583178955816
Latent Neural ODE (tuned),1,val,2020,PHZ51,52.681609852210705,44.95952425123755
Latent Neural ODE (tuned),1,val,2020,Pa392,66.46003366798075,65.39566402719592
Latent Neural ODE (tuned),1,val,2020,Pa405,72.1656319121296,56.28027545426347
Latent Neural ODE (tuned),1,val,2020,Pa762,41.229798956132164,36.14475090324829
Latent Neural ODE (tuned),1,val,2020,Pa875,49.17998650793819,47.17700160492781
Latent Neural ODE (tuned),1,val,2020,Pa880,45.228822143588744,40.18851302496143
Latent Neural ODE (tuned),1,val,2020,Pa91,37.0941693079855,30.101568052887362
Latent Neural ODE (tuned),1,val,2020,Q381,37.634097924642155,31.85932458890222
Latent Neural ODE (tuned),1,val,2020,R168,55.41242115314091,49.432605611188514
Latent Neural ODE (tuned),1,val,2020,R181B,59.00687389955022,54.49503808538408
Latent Neural ODE (tuned),1,val,2020,R226,62.21425301668561,58.47437576667379
Latent Neural ODE (tuned),1,val,2020,R227,30.57340805986229,26.416075816555356
Latent Neural ODE (tuned),1,val,2020,R71,31.79239533015463,24.628650802187526
Latent Neural ODE (tuned),1,val,2020,R78,44.93528334418947,40.3672170301484
Latent Neural ODE (tuned),1,val,2020,S8326,45.32564444425004,42.7289621576927
Latent Neural ODE (tuned),1,val,2020,SD101,50.460239596378315,44.20008294392961
Latent Neural ODE (tuned),1,val,2020,SD102,45.39833306851356,38.57182484601187
Latent Neural ODE (tuned),1,val,2020,SD107,60.680317626200384,45.4895414486676
Latent Neural ODE (tuned),1,val,2020,SD40,47.42964048613064,43.353226890194094
Latent Neural ODE (tuned),1,val,2020,SD44,34.894849775357216,27.66159538544245
Latent Neural ODE (tuned),1,val,2020,SG 30A,38.81132894621325,35.655613984568035
Latent Neural ODE (tuned),1,val,2020,Seagull Seventeen,49.62218614089507,41.86584954771047
Latent Neural ODE (tuned),1,val,2020,T242,57.13109613891535,49.73277750651396
Latent Neural ODE (tuned),1,val,2020,TZU-CHIAO-HSI-WU 105,42.965150181546214,38.17277213749049
Latent Neural ODE (tuned),1,val,2020,Tr,64.71740524988381,58.54993010041998
Latent Neural ODE (tuned),1,val,2020,Va26,49.91303280430644,44.32515128164469
Latent Neural ODE (tuned),1,val,2020,Va35,42.07912897712217,37.461469590551154
Latent Neural ODE (tuned),1,val,2020,Va52,58.50626221232214,54.47711790735378
Latent Neural ODE (tuned),1,val,2020,Va59,44.318799498235286,38.2878349244459
Latent Neural ODE (tuned),1,val,2020,Va99,45.53578905027182,40.984829640449924
Latent Neural ODE (tuned),1,val,2020,VaW6,54.07585895555925,47.348160945253206
Latent Neural ODE (tuned),1,val,2020,W117Ht,41.878208341822024,36.401303922653156
Latent Neural ODE (tuned),1,val,2020,W153R,95.99954690835015,75.99654155673633
Latent Neural ODE (tuned),1,val,2020,W22,55.46047192389381,51.24727765950001
Latent Neural ODE (tuned),1,val,2020,W23,52.05549417227943,49.13782579960861
Latent Neural ODE (tuned),1,val,2020,W24,34.569501843527696,29.332451960276746
Latent Neural ODE (tuned),1,val,2020,W32,43.51808413584324,36.87470779471901
Latent Neural ODE (tuned),1,val,2020,W37A,50.16400074327233,40.98246352133698
Latent Neural ODE (tuned),1,val,2020,W552,49.38196004177141,40.779692542982
Latent Neural ODE (tuned),1,val,2020,W603S,67.37543463045225,56.32797497577729
Latent Neural ODE (tuned),1,val,2020,W604S,48.620255120283844,41.21721665903109
Latent Neural ODE (tuned),1,val,2020,W605S,55.05503584692997,39.94531045455577
Latent Neural ODE (tuned),1,val,2020,W607S,37.38648061089173,32.49755969143957
Latent Neural ODE (tuned),1,val,2020,W610S,61.721952881677076,57.50135939786759
Latent Neural ODE (tuned),1,val,2020,W612S,60.26939008466418,51.61037239888949
Latent Neural ODE (tuned),1,val,2020,W614S,44.961518948995675,38.036508949682165
Latent Neural ODE (tuned),1,val,2020,W64A,32.96724329035073,30.375079560949086
Latent Neural ODE (tuned),1,val,2020,W701BC,47.17816768529614,40.60617225972239
Latent Neural ODE (tuned),1,val,2020,W809G,46.01787659808665,42.724221221595705
Latent Neural ODE (tuned),1,val,2020,W810G,35.37828623220187,30.270000865156298
Latent Neural ODE (tuned),1,val,2020,W812G,45.343050694558855,41.3301394387963
Latent Neural ODE (tuned),1,val,2020,W813G,42.23243637778682,34.51053917210002
Latent Neural ODE (tuned),1,val,2020,W814G,62.789727743611394,56.85118140923136
Latent Neural ODE (tuned),1,val,2020,W8304,21.31472719651185,17.358829921779208
Latent Neural ODE (tuned),1,val,2020,W9,40.18735906401828,36.149415972964505
Latent Neural ODE (tuned),1,val,2020,WIL900,56.77543545825165,48.42880245852333
Latent Neural ODE (tuned),1,val,2020,WR3,43.5073909256654,38.95271735234993
Latent Neural ODE (tuned),1,val,2020,WU-TAN-TZAO,46.157280209564945,36.60736121406774
Latent Neural ODE (tuned),1,val,2020,YE 4,59.74419138878615,56.726391782166125
Latent Neural ODE (tuned),1,val,2020,YING-55,115.10400061537013,105.87304543854385
Latent Neural ODE (tuned),1,val,2020,Yu796 NS,59.028386057892135,55.23649459151567
Latent Neural ODE (tuned),1,val,2020,ZS635,53.251623119234246,45.37365493507708
Latent Neural ODE (tuned),1,test,2021,1538,59.26998720361493,48.031596435306675
Latent Neural ODE (tuned),1,test,2021,2369,56.36168040849411,47.59399462021499
Latent Neural ODE (tuned),1,test,2021,29MIBZ2,47.977113118208685,39.73179265792097
Latent Neural ODE (tuned),1,test,2021,2FACC,39.17232012273448,30.751766213712084
Latent Neural ODE (tuned),1,test,2021,2FADB,40.76980083607322,33.79028154696653
Latent Neural ODE (tuned),1,test,2021,2MA22,59.52524676300423,44.117878686643664
Latent Neural ODE (tuned),1,test,2021,2MCDB,77.29927293466899,64.96219482811371
Latent Neural ODE (tuned),1,test,2021,3IJI1,41.805603010317625,37.03624744377364
Latent Neural ODE (tuned),1,test,2021,4226,63.30586283377844,55.80671580148974
Latent Neural ODE (tuned),1,test,2021,4F-306 108,63.73822442335831,49.325063222556224
Latent Neural ODE (tuned),1,test,2021,4N506,45.47275048084896,37.098505184869474
Latent Neural ODE (tuned),1,test,2021,6F629,83.05900495379134,78.30256095694794
Latent Neural ODE (tuned),1,test,2021,6M502,62.43053113247228,57.71639313362215
Latent Neural ODE (tuned),1,test,2021,6M502A,71.65061438084503,65.68074143264167
Latent Neural ODE (tuned),1,test,2021,764,64.80391632987558,52.96520929924611
Latent Neural ODE (tuned),1,test,2021,78010,77.46022931450909,64.58138505154761
Latent Neural ODE (tuned),1,test,2021,78551S,52.37737692335139,46.94173840181809
Latent Neural ODE (tuned),1,test,2021,790,59.88696873869521,51.183752904392215
Latent Neural ODE (tuned),1,test,2021,793,44.8539541156466,32.37128808325364
Latent Neural ODE (tuned),1,test,2021,87916W,62.366508704218056,59.41914349367979
Latent Neural ODE (tuned),1,test,2021,911,45.32304162399281,36.54412766892086
Latent Neural ODE (tuned),1,test,2021,912,74.14844151164876,60.52659571048034
Latent Neural ODE (tuned),1,test,2021,91IFC2,53.88508096563725,42.74920120034217
Latent Neural ODE (tuned),1,test,2021,A,52.5247601532048,48.17828229933759
Latent Neural ODE (tuned),1,test,2021,A208,68.79200056005492,56.66632723793619
Latent Neural ODE (tuned),1,test,2021,A239,46.60873229344985,36.68891063947312
Latent Neural ODE (tuned),1,test,2021,A258,88.11540614662557,82.01215802492511
Latent Neural ODE (tuned),1,test,2021,A272,48.8724051362109,39.817305645374816
Latent Neural ODE (tuned),1,test,2021,A305,45.14304467249295,37.9179291312726
Latent Neural ODE (tuned),1,test,2021,A321,91.73090398929276,67.335746878807
Latent Neural ODE (tuned),1,test,2021,A322,48.105916214510394,41.578937195692205
Latent Neural ODE (tuned),1,test,2021,A334,54.2859728280248,43.776600178653595
Latent Neural ODE (tuned),1,test,2021,A340,49.59592921990284,44.46315984510403
Latent Neural ODE (tuned),1,test,2021,A374,40.29685442093912,36.48303114052554
Latent Neural ODE (tuned),1,test,2021,A385,61.12025786913438,55.29205467077706
Latent Neural ODE (tuned),1,test,2021,A427,48.781298551708986,43.35844701353701
Latent Neural ODE (tuned),1,test,2021,A548,46.11901335780708,39.954521949862816
Latent Neural ODE (tuned),1,test,2021,A556,64.00707322083086,53.54345126633596
Latent Neural ODE (tuned),1,test,2021,A572,62.57116311054981,55.80574216554307
Latent Neural ODE (tuned),1,test,2021,A619,52.25220191837316,46.469504173333405
Latent Neural ODE (tuned),1,test,2021,A627,114.52005710806775,102.62423391202579
Latent Neural ODE (tuned),1,test,2021,A632,89.83473760001193,81.51303176282542
Latent Neural ODE (tuned),1,test,2021,A634,56.219041336207745,39.34913188020433
Latent Neural ODE (tuned),1,test,2021,A635,58.78488415851061,44.410802588521086
Latent Neural ODE (tuned),1,test,2021,A641,57.0408811011745,53.211229386094274
Latent Neural ODE (tuned),1,test,2021,A648,110.7131986518953,99.53568242548516
Latent Neural ODE (tuned),1,test,2021,A649,58.074907345399765,54.234103042606456
Latent Neural ODE (tuned),1,test,2021,A659,52.49467062067202,43.1285563435985
Latent Neural ODE (tuned),1,test,2021,A663,43.22001262223842,37.499348686146746
Latent Neural ODE (tuned),1,test,2021,A672,62.72921869817173,47.551552707977734
Latent Neural ODE (tuned),1,test,2021,A674,40.95688188127773,36.884858053218466
Latent Neural ODE (tuned),1,test,2021,A679,84.9332900945253,72.73393813042055
Latent Neural ODE (tuned),1,test,2021,A680,46.8290747537603,41.55781740759596
Latent Neural ODE (tuned),1,test,2021,A682,56.431257054940446,45.27951094454931
Latent Neural ODE (tuned),1,test,2021,A71,41.89665901998271,33.90041930667385
Latent Neural ODE (tuned),1,test,2021,A73,73.97462883072943,66.53283807117097
Latent Neural ODE (tuned),1,test,2021,AQA3,43.28986581770259,36.705533694021575
Latent Neural ODE (tuned),1,test,2021,AS6103,53.90155234057928,43.558673425335435
Latent Neural ODE (tuned),1,test,2021,AusTRCF 306238,45.00498978051376,33.367264366543566
Latent Neural ODE (tuned),1,test,2021,B-18 INBR.FR.SUPERGOLD,48.99483142796538,40.38010785928223
Latent Neural ODE (tuned),1,test,2021,B-28,47.28421931758978,41.237253315637545
Latent Neural ODE (tuned),1,test,2021,B103,44.291301582106456,33.738329675811336
Latent Neural ODE (tuned),1,test,2021,B104,47.21329994551218,35.76487482678275
Latent Neural ODE (tuned),1,test,2021,B105,73.85428511611951,68.65519146982498
Latent Neural ODE (tuned),1,test,2021,B107,52.27015579466226,42.96812567383758
Latent Neural ODE (tuned),1,test,2021,B108,37.37208704749954,32.152492116258585
Latent Neural ODE (tuned),1,test,2021,B110,59.8192416031822,54.103724367074165
Latent Neural ODE (tuned),1,test,2021,B111,40.25584156013437,33.44010900205633
Latent Neural ODE (tuned),1,test,2021,B114,70.00994750321857,56.99258214315064
Latent Neural ODE (tuned),1,test,2021,B115,65.11527758417907,54.13220430485433
Latent Neural ODE (tuned),1,test,2021,B119,70.75423327992544,53.453521311939426
Latent Neural ODE (tuned),1,test,2021,B120,86.88773574798316,78.87402510943022
Latent Neural ODE (tuned),1,test,2021,B121,45.55242030796061,37.48691164242763
Latent Neural ODE (tuned),1,test,2021,B14,66.20564133985742,55.745892612057375
Latent Neural ODE (tuned),1,test,2021,B14A,72.9831316767968,66.9924937676575
Latent Neural ODE (tuned),1,test,2021,B164,39.4480512976983,26.84811904984921
Latent Neural ODE (tuned),1,test,2021,B2,56.405265069121825,50.75501342293906
Latent Neural ODE (tuned),1,test,2021,B37,67.0179022320716,60.31238556603239
Latent Neural ODE (tuned),1,test,2021,B46,42.014934269847004,34.817344638458465
Latent Neural ODE (tuned),1,test,2021,B57,78.78105687450316,72.87930355191628
Latent Neural ODE (tuned),1,test,2021,B65,75.22248443579582,59.66332524001605
Latent Neural ODE (tuned),1,test,2021,B66,40.79433785688983,34.93261575197196
Latent Neural ODE (tuned),1,test,2021,B68,88.26815408669094,77.03470011083147
Latent Neural ODE (tuned),1,test,2021,B70,61.27270900878538,49.86560232533084
Latent Neural ODE (tuned),1,test,2021,B75,44.780819444413034,38.462180085208615
Latent Neural ODE (tuned),1,test,2021,B76,46.694285817797784,42.24417416274942
Latent Neural ODE (tuned),1,test,2021,B77,67.48301716244818,57.90704026161545
Latent Neural ODE (tuned),1,test,2021,B79,48.43951243203096,42.13504727193145
Latent Neural ODE (tuned),1,test,2021,B84,73.70551146508326,67.93066203505843
Latent Neural ODE (tuned),1,test,2021,B85,67.07917313890415,53.06988400292501
Latent Neural ODE (tuned),1,test,2021,B87,55.07501754770918,47.97621594344817
Latent Neural ODE (tuned),1,test,2021,B88,40.259164119935654,32.69177737461139
Latent Neural ODE (tuned),1,test,2021,B91,48.16620747714732,40.53363061071956
Latent Neural ODE (tuned),1,test,2021,B97,63.84264523014436,56.37744440497486
Latent Neural ODE (tuned),1,test,2021,BEI 10 = NORTH 10,51.68205621863765,45.82144275490642
Latent Neural ODE (tuned),1,test,2021,BO9,50.166852776346104,45.79681089190625
Latent Neural ODE (tuned),1,test,2021,C103,78.1575373729313,59.35693940375832
Latent Neural ODE (tuned),1,test,2021,C123,46.31510627773601,33.06056074842564
Latent Neural ODE (tuned),1,test,2021,CA-4,46.905823954344804,40.47227446287121
Latent Neural ODE (tuned),1,test,2021,CG102,40.23091865393626,33.185463120796676
Latent Neural ODE (tuned),1,test,2021,CH157,52.25394254799293,45.99481595023853
Latent Neural ODE (tuned),1,test,2021,CH701-30,45.18801926343212,39.9902844945212
Latent Neural ODE (tuned),1,test,2021,CH711-10,44.28721150995214,40.876587350759166
Latent Neural ODE (tuned),1,test,2021,CH9,66.22761619856315,50.23002200666297
Latent Neural ODE (tuned),1,test,2021,CI 40H,48.954209510570855,42.06659276419891
Latent Neural ODE (tuned),1,test,2021,CM105,52.5428975533008,40.469915150060594
Latent Neural ODE (tuned),1,test,2021,CO257,137.18074989331953,128.2844179966961
Latent Neural ODE (tuned),1,test,2021,CO258,66.14526217146141,54.97872627888762
Latent Neural ODE (tuned),1,test,2021,CQ702RC,86.73829948557223,66.04962961943902
Latent Neural ODE (tuned),1,test,2021,CR 22 INBRED,57.59994378498752,47.959377062427734
Latent Neural ODE (tuned),1,test,2021,CS405,53.923941712991414,47.08634670442809
Latent Neural ODE (tuned),1,test,2021,DE2,45.28998043531083,36.65167478744478
Latent Neural ODE (tuned),1,test,2021,DE4,45.485248859450344,39.01031269490686
Latent Neural ODE (tuned),1,test,2021,DE811,41.01026155332892,33.721135953284865
Latent Neural ODE (tuned),1,test,2021,DJ7,73.92911196095827,63.240551184605614
Latent Neural ODE (tuned),1,test,2021,DK3IIH6,57.97921906662059,50.68358611136175
Latent Neural ODE (tuned),1,test,2021,DK4676A,47.87777217434665,40.59427774753185
Latent Neural ODE (tuned),1,test,2021,DK78002A,51.63131105381393,42.715487020511304
Latent Neural ODE (tuned),1,test,2021,DK78010,62.44763871440165,52.66600797961303
Latent Neural ODE (tuned),1,test,2021,DKFAPW,59.615702619002604,54.23402717804379
Latent Neural ODE (tuned),1,test,2021,DKFBHJ,76.48270498587775,61.19048165325391
Latent Neural ODE (tuned),1,test,2021,DKMBNA,47.865714871361995,42.43971212293961
Latent Neural ODE (tuned),1,test,2021,DKPB80,43.26331257393526,36.59340764197717
Latent Neural ODE (tuned),1,test,2021,E8501,83.08071246486239,75.06835701834936
Latent Neural ODE (tuned),1,test,2021,EAST 028,50.91606245788194,42.57449132957746
Latent Neural ODE (tuned),1,test,2021,Eng-Li Chih,69.47761418184162,57.896325194565044
Latent Neural ODE (tuned),1,test,2021,F118,39.2917415201557,32.3547025066391
Latent Neural ODE (tuned),1,test,2021,F2834T,81.49924574532314,76.23205567597364
Latent Neural ODE (tuned),1,test,2021,FBLA,83.77201104086987,72.59897604497466
Latent Neural ODE (tuned),1,test,2021,FR19,73.8594595233792,66.29918964783202
Latent Neural ODE (tuned),1,test,2021,G80,49.91454396402528,41.180156480000036
Latent Neural ODE (tuned),1,test,2021,H110,53.65188623904238,45.038279211013375
Latent Neural ODE (tuned),1,test,2021,H113,36.18398596282109,28.920928215795982
Latent Neural ODE (tuned),1,test,2021,H121,49.90234083173287,42.576233844785214
Latent Neural ODE (tuned),1,test,2021,H122w,47.03911854340469,38.503598021418675
Latent Neural ODE (tuned),1,test,2021,H42,85.41177318581667,66.80400783706713
Latent Neural ODE (tuned),1,test,2021,H5,54.062567210922026,42.08173808244472
Latent Neural ODE (tuned),1,test,2021,H71,57.58301364120682,50.32796823251733
Latent Neural ODE (tuned),1,test,2021,H84,142.22312788001526,126.05278208510659
Latent Neural ODE (tuned),1,test,2021,H91,50.25594455186812,45.047484905436725
Latent Neural ODE (tuned),1,test,2021,H95,52.939399157583395,44.32119615493126
Latent Neural ODE (tuned),1,test,2021,H96,78.92752402076673,73.95479135838002
Latent Neural ODE (tuned),1,test,2021,H99,46.887822167015734,36.029491888757136
Latent Neural ODE (tuned),1,test,2021,HP301,75.06921895127002,66.89149387840244
Latent Neural ODE (tuned),1,test,2021,HUANYAO,62.59225221663613,51.20901718334643
Latent Neural ODE (tuned),1,test,2021,I29,48.828039550301405,43.15627790768171
Latent Neural ODE (tuned),1,test,2021,IA2132,60.51398587941718,51.97961634661458
Latent Neural ODE (tuned),1,test,2021,IBB14,69.14754691731272,61.054467035293364
Latent Neural ODE (tuned),1,test,2021,IBB15,66.57404124309616,54.01389440643895
Latent Neural ODE (tuned),1,test,2021,IBC2,86.97953422945444,77.63824883439852
Latent Neural ODE (tuned),1,test,2021,ICI 193,56.59631576875603,45.81755272404943
Latent Neural ODE (tuned),1,test,2021,ICI 740,66.62349565446098,49.86538113832308
Latent Neural ODE (tuned),1,test,2021,ICI 893,65.05144877550893,58.5602449028597
Latent Neural ODE (tuned),1,test,2021,ICI 986,50.42169947771005,46.93971853360897
Latent Neural ODE (tuned),1,test,2021,IDS28,35.479241462815715,30.051671870207162
Latent Neural ODE (tuned),1,test,2021,IDS69,76.09155106250986,66.06516319472445
Latent Neural ODE (tuned),1,test,2021,IDS91,48.08595521678062,40.05529612560515
Latent Neural ODE (tuned),1,test,2021,INB 101LFY/LFY (A632 X M16 S5),51.63845033920351,44.94060277588508
Latent Neural ODE (tuned),1,test,2021,INBRED 141,69.82110478814995,52.52693983782253
Latent Neural ODE (tuned),1,test,2021,INBRED 2-687,69.49122176888085,61.16959011045877
Latent Neural ODE (tuned),1,test,2021,INBRED 305,72.0344802919767,57.15830365409191
Latent Neural ODE (tuned),1,test,2021,INBRED 309,135.05033870360208,116.92047488818409
Latent Neural ODE (tuned),1,test,2021,INBRED 321,69.2561820023903,60.30410249012565
Latent Neural ODE (tuned),1,test,2021,Ia 453,69.10844276032817,58.12587079464845
Latent Neural ODE (tuned),1,test,2021,J47,93.496232299006,69.52217709830225
Latent Neural ODE (tuned),1,test,2021,K150,48.39623096360294,38.65177546853032
Latent Neural ODE (tuned),1,test,2021,K41,92.30355024017734,80.90664908761508
Latent Neural ODE (tuned),1,test,2021,K47,56.90117591525678,49.12805269272731
Latent Neural ODE (tuned),1,test,2021,K55,74.03445379061765,66.57912054257794
Latent Neural ODE (tuned),1,test,2021,KUNG-70,39.848551385308404,33.67463787685256
Latent Neural ODE (tuned),1,test,2021,L 127,47.2475032393423,40.87733852319822
Latent Neural ODE (tuned),1,test,2021,L 135,62.002937997301636,51.45888902387348
Latent Neural ODE (tuned),1,test,2021,L 139,48.87036182604853,42.19005591416421
Latent Neural ODE (tuned),1,test,2021,L 155,65.8659003084152,55.16959967697983
Latent Neural ODE (tuned),1,test,2021,L 289,50.554012178801514,40.64559347950236
Latent Neural ODE (tuned),1,test,2021,LH1,59.4877588319466,49.14593503283654
Latent Neural ODE (tuned),1,test,2021,LH119,48.061188433817755,40.67979475258739
Latent Neural ODE (tuned),1,test,2021,LH128,60.833395026135875,51.14372934976545
Latent Neural ODE (tuned),1,test,2021,LH143 (Maintainer),59.171690612865525,52.4488242484796
Latent Neural ODE (tuned),1,test,2021,LH145,58.468077565764375,48.96833880358349
Latent Neural ODE (tuned),1,test,2021,LH146Ht,58.07054007015586,50.40611064442483
Latent Neural ODE (tuned),1,test,2021,LH149,46.4750556947749,38.83774811387092
Latent Neural ODE (tuned),1,test,2021,LH165,66.03298034055915,57.37229276156714
Latent Neural ODE (tuned),1,test,2021,LH166,53.934270412415444,44.70793739384999
Latent Neural ODE (tuned),1,test,2021,LH172,115.96519450263926,102.3718607668513
Latent Neural ODE (tuned),1,test,2021,LH184,49.68334471141184,47.354149211338054
Latent Neural ODE (tuned),1,test,2021,LH185,73.32837781253761,61.13485234701094
Latent Neural ODE (tuned),1,test,2021,LH190,55.98278493480268,46.71913796890946
Latent Neural ODE (tuned),1,test,2021,LH191,53.2694054086207,45.63439064376327
Latent Neural ODE (tuned),1,test,2021,LH192,62.137316615378914,51.03847679254704
Latent Neural ODE (tuned),1,test,2021,LH194,88.81231883449584,83.88732918846789
Latent Neural ODE (tuned),1,test,2021,LH195,61.6156762220978,58.23450467907778
Latent Neural ODE (tuned),1,test,2021,LH197,68.83531234911084,52.44045551415803
Latent Neural ODE (tuned),1,test,2021,LH198,42.51882804798895,35.18494977872567
Latent Neural ODE (tuned),1,test,2021,LH199,89.01642950564263,80.64653951235988
Latent Neural ODE (tuned),1,test,2021,LH202,52.90705458897449,42.286842048550724
Latent Neural ODE (tuned),1,test,2021,LH204,76.20102164629247,68.84009166693056
Latent Neural ODE (tuned),1,test,2021,LH205,78.46071124005351,65.08065978414157
Latent Neural ODE (tuned),1,test,2021,LH206,46.825641155555324,39.232983292274966
Latent Neural ODE (tuned),1,test,2021,LH208,54.23485252710196,47.92211180381351
Latent Neural ODE (tuned),1,test,2021,LH209,47.15293228140822,42.45074388031346
Latent Neural ODE (tuned),1,test,2021,LH213,80.39082637599105,76.5207012441379
Latent Neural ODE (tuned),1,test,2021,LH214,52.633173541412965,44.47043973777617
Latent Neural ODE (tuned),1,test,2021,LH215,49.111070964937404,42.192389080999746
Latent Neural ODE (tuned),1,test,2021,LH222,70.87780950978147,57.778153667206695
Latent Neural ODE (tuned),1,test,2021,LH223,52.812832735828685,42.75158674439757
Latent Neural ODE (tuned),1,test,2021,LH224,48.054979491021214,34.76483482550701
Latent Neural ODE (tuned),1,test,2021,LH295,43.925467352400126,37.043360394954775
Latent Neural ODE (tuned),1,test,2021,LH59,60.649769604935976,45.74316242835738
Latent Neural ODE (tuned),1,test,2021,LH60,47.29783616071327,39.331095275787604
Latent Neural ODE (tuned),1,test,2021,LH61,49.70448558147151,42.02841734909765
Latent Neural ODE (tuned),1,test,2021,LH74,71.94814620631034,64.50448186853102
Latent Neural ODE (tuned),1,test,2021,LH82,50.84650877166565,41.5414565229549
Latent Neural ODE (tuned),1,test,2021,LH93,55.11556038532606,44.003348546297204
Latent Neural ODE (tuned),1,test,2021,LIBC 4,66.15408276074928,56.9165911611844
Latent Neural ODE (tuned),1,test,2021,LP1 NR HT,80.31115059834922,71.32612226943976
Latent Neural ODE (tuned),1,test,2021,LP5,58.474002862951295,50.9617782771283
Latent Neural ODE (tuned),1,test,2021,Lp215D,44.96955355073019,37.23640355262891
Latent Neural ODE (tuned),1,test,2021,M14,34.43774750677569,23.987175237225408
Latent Neural ODE (tuned),1,test,2021,MBPM,61.16304163944097,51.49930474521839
Latent Neural ODE (tuned),1,test,2021,MBWZ,73.22833394318265,67.4902293627079
Latent Neural ODE (tuned),1,test,2021,MEF156-55-2,60.17064937638559,53.086288482008776
Latent Neural ODE (tuned),1,test,2021,ML606,57.33674136617245,47.94958670307182
Latent Neural ODE (tuned),1,test,2021,MM501D,46.52576103603997,41.14082847652652
Latent Neural ODE (tuned),1,test,2021,MQ305,58.31718948927686,46.95001914801007
Latent Neural ODE (tuned),1,test,2021,MS116,57.12180596572909,49.19769530110898
Latent Neural ODE (tuned),1,test,2021,MS132,48.1053757241934,40.96516673012873
Latent Neural ODE (tuned),1,test,2021,MS153,112.6798975547156,99.12399995946217
Latent Neural ODE (tuned),1,test,2021,MS200,62.06224135657755,49.86023543632165
Latent Neural ODE (tuned),1,test,2021,MS211,50.154939361051035,44.317119251113446
Latent Neural ODE (tuned),1,test,2021,MS221,56.86362984702832,48.764347599322946
Latent Neural ODE (tuned),1,test,2021,MS224,51.61446406633862,42.63967215098117
Latent Neural ODE (tuned),1,test,2021,MS225,49.22995125707923,39.673599783618386
Latent Neural ODE (tuned),1,test,2021,MS226,60.027170702170864,49.98932108325614
Latent Neural ODE (tuned),1,test,2021,MS24A,52.65814388353728,46.411585029979776
Latent Neural ODE (tuned),1,test,2021,MS67,69.1426307124549,62.3898226510225
Latent Neural ODE (tuned),1,test,2021,MS71,60.32905670880363,49.12805154731369
Latent Neural ODE (tuned),1,test,2021,MS72,54.227764272030264,51.00958120622088
Latent Neural ODE (tuned),1,test,2021,Mo46,89.11103393353784,77.31576485420491
Latent Neural ODE (tuned),1,test,2021,Mo47,41.22812802621326,34.9752041066143
Latent Neural ODE (tuned),1,test,2021,Mo5,61.193757893183516,53.629295942668364
Latent Neural ODE (tuned),1,test,2021,N192,52.43179440200893,43.20884326937611
Latent Neural ODE (tuned),1,test,2021,N193,47.256231372850365,43.304706552910865
Latent Neural ODE (tuned),1,test,2021,N201,50.62536797989915,41.3000413552444
Latent Neural ODE (tuned),1,test,2021,N211,86.5474807322004,78.23677241470804
Latent Neural ODE (tuned),1,test,2021,N217,42.14590979125413,31.99753994461081
Latent Neural ODE (tuned),1,test,2021,N28Ht,93.81281057084638,85.98156098874301
Latent Neural ODE (tuned),1,test,2021,N501,64.75489996011825,52.28295362122876
Latent Neural ODE (tuned),1,test,2021,N523,42.74389469381626,35.055439829857356
Latent Neural ODE (tuned),1,test,2021,N527,59.912979948662006,48.51445052660633
Latent Neural ODE (tuned),1,test,2021,N534,50.13096653228084,41.46947417942688
Latent Neural ODE (tuned),1,test,2021,N542,69.73217800663586,60.23898041514864
Latent Neural ODE (tuned),1,test,2021,N6,108.16901296069398,102.51615823092884
Latent Neural ODE (tuned),1,test,2021,NC262,58.57334860627846,47.11036158910456
Latent Neural ODE (tuned),1,test,2021,NC294,53.94143023204067,45.799577386535006
Latent Neural ODE (tuned),1,test,2021,NC310,42.361127960732524,37.48655318459623
Latent Neural ODE (tuned),1,test,2021,NC326,59.58790958797776,54.81017012375205
Latent Neural ODE (tuned),1,test,2021,NC328,57.079257546719376,45.21965660959806
Latent Neural ODE (tuned),1,test,2021,NC368,64.39322111578083,59.30123243705722
Latent Neural ODE (tuned),1,test,2021,NC412,59.51976012302131,46.7048354332847
Latent Neural ODE (tuned),1,test,2021,ND247,46.972994104593624,37.692572700249144
Latent Neural ODE (tuned),1,test,2021,ND265,67.5576615469039,56.14884351659864
Latent Neural ODE (tuned),1,test,2021,NK740,116.6817942431664,103.08643115832815
Latent Neural ODE (tuned),1,test,2021,NK778,42.903050018537485,39.344337748916686
Latent Neural ODE (tuned),1,test,2021,NK807,60.2805533479619,50.49812613661642
Latent Neural ODE (tuned),1,test,2021,NKS8326,60.00455900895826,51.75725615021504
Latent Neural ODE (tuned),1,test,2021,NORTH 7,90.68555594575473,77.87814791799444
Latent Neural ODE (tuned),1,test,2021,NQ508,80.16646281449191,65.58083366813086
Latent Neural ODE (tuned),1,test,2021,NS501,90.4935608368643,80.85714564054179
Latent Neural ODE (tuned),1,test,2021,NS701,146.89214842803665,133.04483469993892
Latent Neural ODE (tuned),1,test,2021,NY 166 (Neveh Yaar),48.8581938862718,44.89620300558718
Latent Neural ODE (tuned),1,test,2021,NY6371,68.35463103277641,57.89858426841098
Latent Neural ODE (tuned),1,test,2021,Ny821,40.33148071157783,35.3606964868157
Latent Neural ODE (tuned),1,test,2021,OH33,70.53246050940878,55.62485791716006
Latent Neural ODE (tuned),1,test,2021,OQ403,70.34388525596185,56.69558858410562
Latent Neural ODE (tuned),1,test,2021,OQ603,45.02411437766141,37.504920492199446
Latent Neural ODE (tuned),1,test,2021,OS602,47.93882151816898,39.733581328207215
Latent Neural ODE (tuned),1,test,2021,Oh40B,86.26801632268304,66.60254114634574
Latent Neural ODE (tuned),1,test,2021,Oh43,46.61415046795454,40.97231127054506
Latent Neural ODE (tuned),1,test,2021,Oh7,43.91256922062734,37.92292983918084
Latent Neural ODE (tuned),1,test,2021,Os420,48.494108975422364,38.07262131438961
Latent Neural ODE (tuned),1,test,2021,Os426,46.11925390445272,41.75536399439686
Latent Neural ODE (tuned),1,test,2021,PHB09,39.96299245080759,35.534904688046694
Latent Neural ODE (tuned),1,test,2021,PHB47,43.99345020151225,39.82589676175237
Latent Neural ODE (tuned),1,test,2021,PHBA6,45.20882059406991,38.62770393424114
Latent Neural ODE (tuned),1,test,2021,PHBB3,57.38630680434784,49.72963055347608
Latent Neural ODE (tuned),1,test,2021,PHBW8,104.09974311396893,93.38263617013146
Latent Neural ODE (tuned),1,test,2021,PHG29,55.38161532515672,46.66622157484569
Latent Neural ODE (tuned),1,test,2021,PHG47,105.54576569881577,83.57791569196137
Latent Neural ODE (tuned),1,test,2021,PHG50,46.247263967844574,41.3485911907466
Latent Neural ODE (tuned),1,test,2021,PHG71,48.34385676872501,37.13788306219774
Latent Neural ODE (tuned),1,test,2021,PHG72,47.986885863687434,38.21180736314999
Latent Neural ODE (tuned),1,test,2021,PHG80,66.29484395425173,62.54673452357416
Latent Neural ODE (tuned),1,test,2021,PHG83,57.34659677265142,46.34100400202979
Latent Neural ODE (tuned),1,test,2021,PHG86,109.69904855704952,101.72064486472615
Latent Neural ODE (tuned),1,test,2021,PHGW7,97.45747459506207,70.0177994385805
Latent Neural ODE (tuned),1,test,2021,PHH93,90.66108935560166,80.87269551676007
Latent Neural ODE (tuned),1,test,2021,PHHV4,58.344387182822224,52.20475614881089
Latent Neural ODE (tuned),1,test,2021,PHJ70,88.42521246078577,70.31213092144849
Latent Neural ODE (tuned),1,test,2021,PHJ89,42.36470555924537,32.24282144584301
Latent Neural ODE (tuned),1,test,2021,PHJ90,76.34396537361334,65.94607766801634
Latent Neural ODE (tuned),1,test,2021,PHJR5,70.28670145147582,55.30241350146218
Latent Neural ODE (tuned),1,test,2021,PHK35,78.89939389483247,69.43414419068412
Latent Neural ODE (tuned),1,test,2021,PHK42,50.09935365786283,42.247277084451106
Latent Neural ODE (tuned),1,test,2021,PHK56,97.69577016745541,87.59747450372905
Latent Neural ODE (tuned),1,test,2021,PHK74,52.13221687164334,45.39705235250792
Latent Neural ODE (tuned),1,test,2021,PHKE6,72.83788389605462,63.72564068805102
Latent Neural ODE (tuned),1,test,2021,PHM10,66.57264158105133,56.38396178815839
Latent Neural ODE (tuned),1,test,2021,PHN11,63.60423223933444,53.74356616320887
Latent Neural ODE (tuned),1,test,2021,PHN29,49.08193010795364,45.0541725259329
Latent Neural ODE (tuned),1,test,2021,PHN66,45.945967652461334,38.22408540118554
Latent Neural ODE (tuned),1,test,2021,PHP02,41.33803401357706,34.11451924833123
Latent Neural ODE (tuned),1,test,2021,PHP55,56.980620477544434,51.22660139010569
Latent Neural ODE (tuned),1,test,2021,PHP76,80.76439244779124,70.01399459086238
Latent Neural ODE (tuned),1,test,2021,PHP85,98.24030199976279,85.39663231579098
Latent Neural ODE (tuned),1,test,2021,PHPR5,69.81314338800685,55.46126944129439
Latent Neural ODE (tuned),1,test,2021,PHR03,60.64456986560049,52.27498713199259
Latent Neural ODE (tuned),1,test,2021,PHR30,50.42831298089037,39.997059099425236
Latent Neural ODE (tuned),1,test,2021,PHR31,63.07692507540814,51.60234034672264
Latent Neural ODE (tuned),1,test,2021,PHR36,61.45495980298488,49.69467471345482
Latent Neural ODE (tuned),1,test,2021,PHR47,56.93589685316727,47.36821780259258
Latent Neural ODE (tuned),1,test,2021,PHR58,33.61611094920491,29.05186173562912
Latent Neural ODE (tuned),1,test,2021,PHR63,46.97222199756367,37.324720670457985
Latent Neural ODE (tuned),1,test,2021,PHT10,42.54196004082606,35.076097323922376
Latent Neural ODE (tuned),1,test,2021,PHT47,44.45329844352222,34.55701646709285
Latent Neural ODE (tuned),1,test,2021,PHT55,51.46388332324145,39.09721115941362
Latent Neural ODE (tuned),1,test,2021,PHTM9,48.93854972234559,44.84277052377748
Latent Neural ODE (tuned),1,test,2021,PHV37,44.32263616337072,35.65969196034755
Latent Neural ODE (tuned),1,test,2021,PHV57,70.17048390737581,57.60702896909835
Latent Neural ODE (tuned),1,test,2021,PHV63,57.834628220983845,50.63166180204016
Latent Neural ODE (tuned),1,test,2021,PHVA9,58.20625192874335,43.83402353099079
Latent Neural ODE (tuned),1,test,2021,PHW03,53.33379675707377,43.44410534125351
Latent Neural ODE (tuned),1,test,2021,PHW17,56.79038189708101,42.513495976840645
Latent Neural ODE (tuned),1,test,2021,PHW20,88.6936754583515,62.95911294079671
Latent Neural ODE (tuned),1,test,2021,PHW30,64.30293384630818,56.5528501361545
Latent Neural ODE (tuned),1,test,2021,PHW52,66.32299268162727,55.44572917933874
Latent Neural ODE (tuned),1,test,2021,PHW53,75.30111113724038,69.20562662733134
Latent Neural ODE (tuned),1,test,2021,PHW79,67.55434395478,62.65395331309952
Latent Neural ODE (tuned),1,test,2021,PHW80,44.756235079538015,38.988991451461644
Latent Neural ODE (tuned),1,test,2021,PHW86,44.43146671309282,37.63541291578961
Latent Neural ODE (tuned),1,test,2021,PHZ51,46.8366531125116,38.890343232138704
Latent Neural ODE (tuned),1,test,2021,Pa392,54.335238054157955,45.459943483795726
Latent Neural ODE (tuned),1,test,2021,Pa405,56.98466230633131,46.64933216326667
Latent Neural ODE (tuned),1,test,2021,Pa762,50.095346048384016,45.49288791894189
Latent Neural ODE (tuned),1,test,2021,Pa875,75.90406389886897,68.92600825233056
Latent Neural ODE (tuned),1,test,2021,Pa880,39.64263899869786,33.7923163392789
Latent Neural ODE (tuned),1,test,2021,Pa91,71.75812117576648,60.08766492159005
Latent Neural ODE (tuned),1,test,2021,Q381,56.532499332297604,47.73039224413003
Latent Neural ODE (tuned),1,test,2021,R168,44.44391920743697,37.80598406476296
Latent Neural ODE (tuned),1,test,2021,R181B,48.980296495156516,44.887681408180796
Latent Neural ODE (tuned),1,test,2021,R226,59.26840158287801,50.69767020260804
Latent Neural ODE (tuned),1,test,2021,R227,86.47114705270727,79.50032644845191
Latent Neural ODE (tuned),1,test,2021,R71,54.7589304577418,49.14822887889489
Latent Neural ODE (tuned),1,test,2021,R78,65.87500265092686,59.43163825606433
Latent Neural ODE (tuned),1,test,2021,S8326,39.43461221408422,34.57995611636112
Latent Neural ODE (tuned),1,test,2021,SD101,63.91104420687323,55.188743060223395
Latent Neural ODE (tuned),1,test,2021,SD102,66.2636460097196,57.78688274738313
Latent Neural ODE (tuned),1,test,2021,SD107,80.10965566660683,62.341862362460255
Latent Neural ODE (tuned),1,test,2021,SD40,78.70409371379048,62.00618140178519
Latent Neural ODE (tuned),1,test,2021,SD44,61.9950777387341,54.00130723717359
Latent Neural ODE (tuned),1,test,2021,SG 30A,45.07148223895072,39.53537060258549
Latent Neural ODE (tuned),1,test,2021,Seagull Seventeen,108.33603661239685,90.01838360707904
Latent Neural ODE (tuned),1,test,2021,T242,59.070751192600206,54.55913282485794
Latent Neural ODE (tuned),1,test,2021,TZU-CHIAO-HSI-WU 105,42.77650146630398,36.18941691567174
Latent Neural ODE (tuned),1,test,2021,Tr,47.88262910574822,39.69543193499457
Latent Neural ODE (tuned),1,test,2021,Va26,45.59059123274197,42.26799264207832
Latent Neural ODE (tuned),1,test,2021,Va35,55.87479335104124,45.61818240966916
Latent Neural ODE (tuned),1,test,2021,Va52,45.006080192043314,35.731638494427486
Latent Neural ODE (tuned),1,test,2021,Va59,77.60735056142796,61.100954024687375
Latent Neural ODE (tuned),1,test,2021,Va99,55.61906362047389,49.571653094989685
Latent Neural ODE (tuned),1,test,2021,VaW6,88.17166933155723,72.40437732791935
Latent Neural ODE (tuned),1,test,2021,W117Ht,72.15777679278841,62.18360731255676
Latent Neural ODE (tuned),1,test,2021,W153R,81.63772656989171,59.87048749786768
Latent Neural ODE (tuned),1,test,2021,W22,48.80895941727117,43.18982649888235
Latent Neural ODE (tuned),1,test,2021,W23,42.46385234573256,35.81030926193813
Latent Neural ODE (tuned),1,test,2021,W24,42.05960740684374,29.29974762237191
Latent Neural ODE (tuned),1,test,2021,W32,52.051821667612955,44.676407209581136
Latent Neural ODE (tuned),1,test,2021,W37A,73.02149474955806,62.641530640503376
Latent Neural ODE (tuned),1,test,2021,W552,75.00493295623929,65.85963076437876
Latent Neural ODE (tuned),1,test,2021,W603S,71.37119096634456,57.47075952587712
Latent Neural ODE (tuned),1,test,2021,W604S,90.77583857018216,76.81143584737382
Latent Neural ODE (tuned),1,test,2021,W605S,49.05716519670497,40.46077945568212
Latent Neural ODE (tuned),1,test,2021,W607S,71.8264071554848,59.865970083240505
Latent Neural ODE (tuned),1,test,2021,W610S,72.62076560666512,56.50639451638737
Latent Neural ODE (tuned),1,test,2021,W612S,87.97816867885993,70.5445723981247
Latent Neural ODE (tuned),1,test,2021,W614S,70.50687221719886,58.851220588513875
Latent Neural ODE (tuned),1,test,2021,W64A,45.26602182990204,41.49155629760093
Latent Neural ODE (tuned),1,test,2021,W701BC,61.71615012689756,54.219243110529604
Latent Neural ODE (tuned),1,test,2021,W809G,137.29302586116816,123.85675689091215
Latent Neural ODE (tuned),1,test,2021,W810G,62.22146544193152,57.872376242442385
Latent Neural ODE (tuned),1,test,2021,W812G,56.12037933493309,48.395727693851036
Latent Neural ODE (tuned),1,test,2021,W813G,44.020297160474676,31.518500113783936
Latent Neural ODE (tuned),1,test,2021,W814G,36.83323461199216,32.18272171153682
Latent Neural ODE (tuned),1,test,2021,W8304,80.78391161654562,69.79563472865225
Latent Neural ODE (tuned),1,test,2021,W9,70.40181479273373,57.76569786415771
Latent Neural ODE (tuned),1,test,2021,WIL900,66.15609737233856,52.503631546086694
Latent Neural ODE (tuned),1,test,2021,WR3,57.93163153378033,53.50827334333894
Latent Neural ODE (tuned),1,test,2021,WU-TAN-TZAO,89.44681523968922,60.89363412935582
Latent Neural ODE (tuned),1,test,2021,YE 4,79.46864575078027,60.610648021931205
Latent Neural ODE (tuned),1,test,2021,YING-55,56.73123725855243,47.11645803532495
Latent Neural ODE (tuned),1,test,2021,Yu796 NS,65.66226156160462,58.03358586474091
Latent Neural ODE (tuned),1,test,2021,ZS635,86.73095373093182,58.727498720154244
Latent Neural ODE (tuned),2,train,2018,1538,41.875154565773414,36.69209538570638
Latent Neural ODE (tuned),2,train,2018,2369,54.95077453436573,49.705179816005675
Latent Neural ODE (tuned),2,train,2018,29MIBZ2,32.98335999394542,27.96092475304681
Latent Neural ODE (tuned),2,train,2018,2FACC,37.6308873086916,30.273714122408876
Latent Neural ODE (tuned),2,train,2018,2FADB,72.81878725856843,63.44566026052907
Latent Neural ODE (tuned),2,train,2018,2MA22,41.40301514984969,34.167751827463746
Latent Neural ODE (tuned),2,train,2018,2MCDB,41.796536231299704,34.54146268416564
Latent Neural ODE (tuned),2,train,2018,3IJI1,36.22411206175895,28.972096637392404
Latent Neural ODE (tuned),2,train,2018,4226,50.29953683115787,42.65776534392187
Latent Neural ODE (tuned),2,train,2018,4F-306 108,46.89354120198307,37.020632839382756
Latent Neural ODE (tuned),2,train,2018,4N506,33.41996588442297,28.066902453815906
Latent Neural ODE (tuned),2,train,2018,6F629,30.634179900041687,24.817777153052067
Latent Neural ODE (tuned),2,train,2018,6M502,45.68254620264073,36.58554068154922
Latent Neural ODE (tuned),2,train,2018,6M502A,29.522557298815855,24.176916659936296
Latent Neural ODE (tuned),2,train,2018,764,31.34261266181768,26.074929719471633
Latent Neural ODE (tuned),2,train,2018,78010,29.22554489893959,25.881652807056874
Latent Neural ODE (tuned),2,train,2018,78551S,28.914211020114383,23.44685359334931
Latent Neural ODE (tuned),2,train,2018,790,33.738057748797395,28.901497943346214
Latent Neural ODE (tuned),2,train,2018,793,39.89025886307222,35.37940290366876
Latent Neural ODE (tuned),2,train,2018,87916W,39.581903748382466,35.650758050942656
Latent Neural ODE (tuned),2,train,2018,911,29.70200558364708,26.05710940478307
Latent Neural ODE (tuned),2,train,2018,912,36.89160703132906,22.78030748978484
Latent Neural ODE (tuned),2,train,2018,91IFC2,31.921947959476004,27.477580646160767
Latent Neural ODE (tuned),2,train,2018,A,37.47291739658918,32.57604155406197
Latent Neural ODE (tuned),2,train,2018,A208,33.46085667725386,26.90215188112208
Latent Neural ODE (tuned),2,train,2018,A239,32.29313481783919,25.12609505265552
Latent Neural ODE (tuned),2,train,2018,A258,36.923032097260425,30.002324946451573
Latent Neural ODE (tuned),2,train,2018,A272,37.168709063404734,33.215568376193396
Latent Neural ODE (tuned),2,train,2018,A305,40.35200257277195,33.12246213352409
Latent Neural ODE (tuned),2,train,2018,A321,28.047601507626588,24.364941896680712
Latent Neural ODE (tuned),2,train,2018,A322,44.86155011315285,39.07840904706994
Latent Neural ODE (tuned),2,train,2018,A334,29.249553328666643,25.779048507236393
Latent Neural ODE (tuned),2,train,2018,A340,40.91425726430788,31.498738760797533
Latent Neural ODE (tuned),2,train,2018,A374,40.35888938760806,35.92934870992863
Latent Neural ODE (tuned),2,train,2018,A385,33.709641938300415,26.160656588739663
Latent Neural ODE (tuned),2,train,2018,A427,44.914613475788066,39.13923647707808
Latent Neural ODE (tuned),2,train,2018,A548,33.26043288105058,26.836273798080775
Latent Neural ODE (tuned),2,train,2018,A556,33.318352644612325,19.635957663645566
Latent Neural ODE (tuned),2,train,2018,A572,53.404956995837495,35.65474461980564
Latent Neural ODE (tuned),2,train,2018,A619,31.33051661606103,28.83567622483689
Latent Neural ODE (tuned),2,train,2018,A627,35.62488839958188,29.736775671778055
Latent Neural ODE (tuned),2,train,2018,A632,33.419702742994296,25.69479167709142
Latent Neural ODE (tuned),2,train,2018,A634,42.596416462320924,32.85542815843307
Latent Neural ODE (tuned),2,train,2018,A635,42.13998816268295,33.62918481472622
Latent Neural ODE (tuned),2,train,2018,A641,34.460067528022925,23.784455636671453
Latent Neural ODE (tuned),2,train,2018,A648,27.148101572566645,21.045750595568865
Latent Neural ODE (tuned),2,train,2018,A649,46.070856948670446,35.59795849415973
Latent Neural ODE (tuned),2,train,2018,A659,34.59955388671449,29.781734368291588
Latent Neural ODE (tuned),2,train,2018,A663,45.00377840538248,35.432089079774656
Latent Neural ODE (tuned),2,train,2018,A672,34.02870187316997,27.69965787957752
Latent Neural ODE (tuned),2,train,2018,A674,31.646407155535556,25.383400118559123
Latent Neural ODE (tuned),2,train,2018,A679,38.98498196162454,32.88543005396649
Latent Neural ODE (tuned),2,train,2018,A680,37.351777255061144,30.742789386931214
Latent Neural ODE (tuned),2,train,2018,A682,47.59050496837187,40.769075962635625
Latent Neural ODE (tuned),2,train,2018,A71,34.3202106879886,27.016941997272493
Latent Neural ODE (tuned),2,train,2018,A73,34.45819409268596,26.505571034118088
Latent Neural ODE (tuned),2,train,2018,AQA3,44.46559307912231,34.788970421507734
Latent Neural ODE (tuned),2,train,2018,AS6103,36.07476362924031,30.98373407726647
Latent Neural ODE (tuned),2,train,2018,AusTRCF 306238,42.74206027323531,36.244195772658436
Latent Neural ODE (tuned),2,train,2018,B-18 INBR.FR.SUPERGOLD,36.201378184193835,25.275153501022967
Latent Neural ODE (tuned),2,train,2018,B-28,33.40518789325061,25.326108341158125
Latent Neural ODE (tuned),2,train,2018,B103,35.36004361618741,29.91385739254189
Latent Neural ODE (tuned),2,train,2018,B104,30.712809831460003,26.80557044105977
Latent Neural ODE (tuned),2,train,2018,B105,36.92865552758714,29.201129514700597
Latent Neural ODE (tuned),2,train,2018,B107,39.884754758990866,33.314608135226564
Latent Neural ODE (tuned),2,train,2018,B108,27.915295174247824,21.598954793067588
Latent Neural ODE (tuned),2,train,2018,B110,42.79076178048318,35.14807504507005
Latent Neural ODE (tuned),2,train,2018,B111,47.151760726666396,37.550021230184385
Latent Neural ODE (tuned),2,train,2018,B114,34.35891841450374,26.974593445578964
Latent Neural ODE (tuned),2,train,2018,B115,47.9409762862284,37.67707665946126
Latent Neural ODE (tuned),2,train,2018,B119,49.102652015948756,41.310060713329015
Latent Neural ODE (tuned),2,train,2018,B120,37.821195754342625,31.451422528137176
Latent Neural ODE (tuned),2,train,2018,B121,45.05481381137168,40.895540958054724
Latent Neural ODE (tuned),2,train,2018,B14,34.96030604753804,27.77256932947119
Latent Neural ODE (tuned),2,train,2018,B14A,39.57857465298974,34.17491501012322
Latent Neural ODE (tuned),2,train,2018,B164,33.20829406579446,24.885514939842135
Latent Neural ODE (tuned),2,train,2018,B2,31.124484375331892,23.562245799991608
Latent Neural ODE (tuned),2,train,2018,B37,31.960784630818527,26.99309621637342
Latent Neural ODE (tuned),2,train,2018,B46,34.61062258593339,29.751301430701467
Latent Neural ODE (tuned),2,train,2018,B57,22.700772023166763,18.83713247449659
Latent Neural ODE (tuned),2,train,2018,B65,45.20351783529239,35.81178076719063
Latent Neural ODE (tuned),2,train,2018,B66,40.42161256767116,35.078463219043314
Latent Neural ODE (tuned),2,train,2018,B68,46.766496703478545,37.762692102891506
Latent Neural ODE (tuned),2,train,2018,B70,45.72254197484575,35.77568922155768
Latent Neural ODE (tuned),2,train,2018,B75,35.34754405929712,28.439405907669318
Latent Neural ODE (tuned),2,train,2018,B76,37.80562260354621,31.82162672901428
Latent Neural ODE (tuned),2,train,2018,B77,35.250045304085305,31.586093033749002
Latent Neural ODE (tuned),2,train,2018,B79,32.68893773484381,22.458063677304786
Latent Neural ODE (tuned),2,train,2018,B84,41.65816877229593,35.67745887458007
Latent Neural ODE (tuned),2,train,2018,B85,37.05818371974768,29.870478857763025
Latent Neural ODE (tuned),2,train,2018,B87,24.35202375492112,19.06350383815312
Latent Neural ODE (tuned),2,train,2018,B88,47.91150397327753,39.55752646567065
Latent Neural ODE (tuned),2,train,2018,B91,31.725453846586653,22.976203235194085
Latent Neural ODE (tuned),2,train,2018,B97,49.894437082050416,41.16002370500898
Latent Neural ODE (tuned),2,train,2018,BEI 10 = NORTH 10,36.23384095104017,25.76721586519933
Latent Neural ODE (tuned),2,train,2018,BO9,54.683368324094666,44.01019579842429
Latent Neural ODE (tuned),2,train,2018,C103,61.66633988048654,55.08360436786676
Latent Neural ODE (tuned),2,train,2018,C123,50.89529742294041,39.738635300111724
Latent Neural ODE (tuned),2,train,2018,CA-4,40.28614167107183,31.531858624949678
Latent Neural ODE (tuned),2,train,2018,CG102,33.244564029640564,26.271028442357316
Latent Neural ODE (tuned),2,train,2018,CH157,37.460397232958485,30.333867639682712
Latent Neural ODE (tuned),2,train,2018,CH701-30,29.94220775238735,25.716280573456764
Latent Neural ODE (tuned),2,train,2018,CH711-10,32.81085550640155,23.991017962499548
Latent Neural ODE (tuned),2,train,2018,CH9,38.70591201782936,30.875766024324776
Latent Neural ODE (tuned),2,train,2018,CI 40H,44.89201874815538,34.71523844593531
Latent Neural ODE (tuned),2,train,2018,CM105,35.75629652869103,28.603518211166026
Latent Neural ODE (tuned),2,train,2018,CO257,48.42328815762503,45.03209502610903
Latent Neural ODE (tuned),2,train,2018,CO258,38.832987356157126,30.726720608219058
Latent Neural ODE (tuned),2,train,2018,CQ702RC,26.555387464908453,20.826072275729924
Latent Neural ODE (tuned),2,train,2018,CR 22 INBRED,35.066232204245516,27.268026764652735
Latent Neural ODE (tuned),2,train,2018,CS405,34.80048196796019,31.340404600144296
Latent Neural ODE (tuned),2,train,2018,DE2,41.74644854652511,37.29200525440344
Latent Neural ODE (tuned),2,train,2018,DE4,33.4278287053456,29.16945460256768
Latent Neural ODE (tuned),2,train,2018,DE811,38.741714731636,30.863548858165245
Latent Neural ODE (tuned),2,train,2018,DJ7,31.653819101866585,26.628059307271958
Latent Neural ODE (tuned),2,train,2018,DK3IIH6,50.10430055255997,43.85597950667095
Latent Neural ODE (tuned),2,train,2018,DK4676A,50.656950742167126,44.82492914365962
Latent Neural ODE (tuned),2,train,2018,DK78002A,43.328694832185256,30.572206203478665
Latent Neural ODE (tuned),2,train,2018,DK78010,38.69811116191529,33.64461077712858
Latent Neural ODE (tuned),2,train,2018,DKFAPW,26.168000596432456,22.90513896359763
Latent Neural ODE (tuned),2,train,2018,DKFBHJ,39.632047113412845,28.75674144457559
Latent Neural ODE (tuned),2,train,2018,DKMBNA,52.77625128433796,47.75516249345943
Latent Neural ODE (tuned),2,train,2018,DKPB80,39.86444872930475,33.376220469398085
Latent Neural ODE (tuned),2,train,2018,E8501,35.81787542432006,33.47354768063785
Latent Neural ODE (tuned),2,train,2018,EAST 028,28.908187246965003,27.348120438788293
Latent Neural ODE (tuned),2,train,2018,Eng-Li Chih,36.30049420497251,25.37641091659373
Latent Neural ODE (tuned),2,train,2018,F118,41.58031790884751,35.23480474687815
Latent Neural ODE (tuned),2,train,2018,F2834T,40.15574555403666,34.01046480904046
Latent Neural ODE (tuned),2,train,2018,FBLA,37.95526306680515,30.890452080067455
Latent Neural ODE (tuned),2,train,2018,FR19,38.55518017019533,29.211276107876436
Latent Neural ODE (tuned),2,train,2018,G80,28.018029993806877,22.68474321775049
Latent Neural ODE (tuned),2,train,2018,H110,30.094516798553272,23.671228088702378
Latent Neural ODE (tuned),2,train,2018,H113,37.92757567159823,33.199108774432275
Latent Neural ODE (tuned),2,train,2018,H121,38.916811564542186,35.794451768769264
Latent Neural ODE (tuned),2,train,2018,H122w,38.458831381323954,33.96460395420872
Latent Neural ODE (tuned),2,train,2018,H42,34.4326654886763,29.00387645923224
Latent Neural ODE (tuned),2,train,2018,H5,38.11717127093887,32.91840916969197
Latent Neural ODE (tuned),2,train,2018,H71,34.02616490632831,29.395965737231258
Latent Neural ODE (tuned),2,train,2018,H84,35.87354936575142,26.456159539578216
Latent Neural ODE (tuned),2,train,2018,H91,32.96323528947018,29.34885411108005
Latent Neural ODE (tuned),2,train,2018,H95,36.245752803785656,30.881901902752716
Latent Neural ODE (tuned),2,train,2018,H96,34.596680814824865,29.34823276180138
Latent Neural ODE (tuned),2,train,2018,H99,34.23856687336384,21.7831778674525
Latent Neural ODE (tuned),2,train,2018,HP301,49.00263100141395,43.58430148511271
Latent Neural ODE (tuned),2,train,2018,HUANYAO,85.93064420505523,77.18841773078238
Latent Neural ODE (tuned),2,train,2018,I29,39.40719920457462,30.503698861633485
Latent Neural ODE (tuned),2,train,2018,IA2132,41.22623815014951,34.602428256148116
Latent Neural ODE (tuned),2,train,2018,IBB14,83.39110890499343,75.44298773099987
Latent Neural ODE (tuned),2,train,2018,IBB15,39.98951789847335,32.64923757787081
Latent Neural ODE (tuned),2,train,2018,IBC2,33.572295949114306,27.68176034873821
Latent Neural ODE (tuned),2,train,2018,ICI 193,31.601566014812978,26.515376507843165
Latent Neural ODE (tuned),2,train,2018,ICI 740,50.69675959180612,42.7224249104915
Latent Neural ODE (tuned),2,train,2018,ICI 893,35.520068483076706,29.59776868107583
Latent Neural ODE (tuned),2,train,2018,ICI 986,31.84016737335011,23.225794505380158
Latent Neural ODE (tuned),2,train,2018,IDS28,47.28725028551873,41.82558831636196
Latent Neural ODE (tuned),2,train,2018,IDS69,30.67323519408572,25.24698622213447
Latent Neural ODE (tuned),2,train,2018,IDS91,35.17458780019941,29.219494288323617
Latent Neural ODE (tuned),2,train,2018,INB 101LFY/LFY (A632 X M16 S5),35.59581826053116,30.48535334679723
Latent Neural ODE (tuned),2,train,2018,INBRED 141,34.32833802832457,29.81002480205342
Latent Neural ODE (tuned),2,train,2018,INBRED 2-687,37.447666309490224,33.11426064161206
Latent Neural ODE (tuned),2,train,2018,INBRED 305,32.78260888408273,29.351112276231184
Latent Neural ODE (tuned),2,train,2018,INBRED 309,33.72790996756404,31.286912740657726
Latent Neural ODE (tuned),2,train,2018,INBRED 321,28.517272347138316,24.135763058041157
Latent Neural ODE (tuned),2,train,2018,Ia 453,30.39781063849692,23.99726269651365
Latent Neural ODE (tuned),2,train,2018,J47,52.539982983910306,41.895541913452554
Latent Neural ODE (tuned),2,train,2018,K150,33.26814687964088,27.626589246127104
Latent Neural ODE (tuned),2,train,2018,K41,37.43027195617985,28.77972807362017
Latent Neural ODE (tuned),2,train,2018,K47,33.94545964565691,27.244678164538623
Latent Neural ODE (tuned),2,train,2018,K55,34.477643120283034,22.679787700227944
Latent Neural ODE (tuned),2,train,2018,KUNG-70,38.18332265867941,30.218292329763113
Latent Neural ODE (tuned),2,train,2018,L 127,42.60263562464828,37.40953149390391
Latent Neural ODE (tuned),2,train,2018,L 135,37.26499873938323,32.399746981906596
Latent Neural ODE (tuned),2,train,2018,L 139,39.206743482046434,30.126632523342845
Latent Neural ODE (tuned),2,train,2018,L 155,33.41264814650645,29.58485273228252
Latent Neural ODE (tuned),2,train,2018,L 289,39.9274954052387,31.677473623961713
Latent Neural ODE (tuned),2,train,2018,LH1,25.890448231151552,20.394585167297244
Latent Neural ODE (tuned),2,train,2018,LH119,34.877566397259734,32.04649254063454
Latent Neural ODE (tuned),2,train,2018,LH128,26.362401592663844,21.73062918170786
Latent Neural ODE (tuned),2,train,2018,LH143 (Maintainer),41.38708284668936,36.94785058988383
Latent Neural ODE (tuned),2,train,2018,LH145,26.901660623258262,21.01183522044033
Latent Neural ODE (tuned),2,train,2018,LH146Ht,48.22674073872732,36.499889399399216
Latent Neural ODE (tuned),2,train,2018,LH149,39.47776759581542,36.37725321007472
Latent Neural ODE (tuned),2,train,2018,LH165,32.079200867180205,25.043935113422783
Latent Neural ODE (tuned),2,train,2018,LH166,28.819659416387335,23.722366357921377
Latent Neural ODE (tuned),2,train,2018,LH172,29.711508534944663,23.808794616275527
Latent Neural ODE (tuned),2,train,2018,LH184,33.489157969610545,26.85975858532995
Latent Neural ODE (tuned),2,train,2018,LH185,31.165179943664167,24.87692385570586
Latent Neural ODE (tuned),2,train,2018,LH190,45.98464067847631,41.60136825331038
Latent Neural ODE (tuned),2,train,2018,LH191,50.539862273179075,45.00660506248954
Latent Neural ODE (tuned),2,train,2018,LH192,29.58298603485376,25.75717841721547
Latent Neural ODE (tuned),2,train,2018,LH194,42.78507290152978,34.605767519811145
Latent Neural ODE (tuned),2,train,2018,LH195,35.96612434336331,32.84251937738371
Latent Neural ODE (tuned),2,train,2018,LH197,46.32493168897177,37.54408959625832
Latent Neural ODE (tuned),2,train,2018,LH198,35.61364628694872,30.24988513864714
Latent Neural ODE (tuned),2,train,2018,LH199,30.596146488141105,24.70998764209606
Latent Neural ODE (tuned),2,train,2018,LH202,38.061954948529724,33.742176152951444
Latent Neural ODE (tuned),2,train,2018,LH204,27.83624425336885,24.057322200499403
Latent Neural ODE (tuned),2,train,2018,LH205,25.137477129111357,21.478047369462203
Latent Neural ODE (tuned),2,train,2018,LH206,35.80733367358678,32.784763651465155
Latent Neural ODE (tuned),2,train,2018,LH208,34.22976440600614,27.827750676888048
Latent Neural ODE (tuned),2,train,2018,LH209,26.01535194029289,21.940356066490352
Latent Neural ODE (tuned),2,train,2018,LH213,47.679748019912594,39.58197031878092
Latent Neural ODE (tuned),2,train,2018,LH214,36.9014655307777,31.696417319611346
Latent Neural ODE (tuned),2,train,2018,LH215,25.234129827706475,21.279640922630087
Latent Neural ODE (tuned),2,train,2018,LH222,41.45345991138561,32.149557205100606
Latent Neural ODE (tuned),2,train,2018,LH223,50.7429002916017,45.91341296587465
Latent Neural ODE (tuned),2,train,2018,LH224,28.997826788109712,25.098344878543813
Latent Neural ODE (tuned),2,train,2018,LH295,42.39507144051337,34.98473812494551
Latent Neural ODE (tuned),2,train,2018,LH59,41.220072937997436,35.885268387855646
Latent Neural ODE (tuned),2,train,2018,LH60,39.19433832315374,33.83204467499703
Latent Neural ODE (tuned),2,train,2018,LH61,32.64340778144935,26.72615183808178
Latent Neural ODE (tuned),2,train,2018,LH74,34.04686643434584,30.10511821406713
Latent Neural ODE (tuned),2,train,2018,LH82,26.23090095771079,22.744995925016372
Latent Neural ODE (tuned),2,train,2018,LH93,38.65121557402831,32.90668241478145
Latent Neural ODE (tuned),2,train,2018,LIBC 4,37.75627216604896,31.062479889732685
Latent Neural ODE (tuned),2,train,2018,LP1 NR HT,33.634759851147216,25.480349720015287
Latent Neural ODE (tuned),2,train,2018,LP5,44.23897827897292,38.182807911352334
Latent Neural ODE (tuned),2,train,2018,Lp215D,41.62392079647889,35.04650518102433
Latent Neural ODE (tuned),2,train,2018,M14,33.22213382779396,27.970431787978292
Latent Neural ODE (tuned),2,train,2018,MBPM,32.957134015748046,28.837557431817505
Latent Neural ODE (tuned),2,train,2018,MBWZ,32.67951750429045,26.662162781378118
Latent Neural ODE (tuned),2,train,2018,MEF156-55-2,35.91163115386531,23.935809229232696
Latent Neural ODE (tuned),2,train,2018,ML606,33.178955739049,26.695419810084967
Latent Neural ODE (tuned),2,train,2018,MM501D,49.23993505639749,42.89073396427229
Latent Neural ODE (tuned),2,train,2018,MQ305,39.71233635497144,32.019383481398464
Latent Neural ODE (tuned),2,train,2018,MS116,46.637355147984685,38.383896361447604
Latent Neural ODE (tuned),2,train,2018,MS132,34.540276105309665,28.33250776721486
Latent Neural ODE (tuned),2,train,2018,MS153,34.316757983126934,28.148881244610607
Latent Neural ODE (tuned),2,train,2018,MS200,34.82028873430648,31.023056501585742
Latent Neural ODE (tuned),2,train,2018,MS211,31.6490125459299,28.37379234334038
Latent Neural ODE (tuned),2,train,2018,MS221,22.597929534147497,18.865314414679528
Latent Neural ODE (tuned),2,train,2018,MS224,34.43192538870587,26.095217041305546
Latent Neural ODE (tuned),2,train,2018,MS225,42.17313059358631,34.30752837322108
Latent Neural ODE (tuned),2,train,2018,MS226,40.42368717126382,31.05627457831031
Latent Neural ODE (tuned),2,train,2018,MS24A,39.335282541073866,31.123644203706533
Latent Neural ODE (tuned),2,train,2018,MS67,45.43511183598022,28.154380207447264
Latent Neural ODE (tuned),2,train,2018,MS71,50.020863050607744,41.11232676740286
Latent Neural ODE (tuned),2,train,2018,MS72,36.92932750294299,32.27711209580827
Latent Neural ODE (tuned),2,train,2018,Mo46,34.50651947079551,29.307754918877635
Latent Neural ODE (tuned),2,train,2018,Mo47,31.2704574606641,23.15475173701555
Latent Neural ODE (tuned),2,train,2018,Mo5,57.41913553518625,48.83149047354654
Latent Neural ODE (tuned),2,train,2018,N192,33.5950720262309,26.727592554615946
Latent Neural ODE (tuned),2,train,2018,N193,34.12077540368214,27.49117622740325
Latent Neural ODE (tuned),2,train,2018,N201,36.98728490998452,30.928168748738052
Latent Neural ODE (tuned),2,train,2018,N211,48.411498243579594,37.070535650189825
Latent Neural ODE (tuned),2,train,2018,N217,41.51368189124125,33.11393382144848
Latent Neural ODE (tuned),2,train,2018,N28Ht,37.98764327917449,33.067811343962525
Latent Neural ODE (tuned),2,train,2018,N501,32.05737300572619,26.286201868487947
Latent Neural ODE (tuned),2,train,2018,N523,32.86753514489632,25.81474843340439
Latent Neural ODE (tuned),2,train,2018,N527,29.592689388750095,23.586749710108013
Latent Neural ODE (tuned),2,train,2018,N534,32.815541339664755,24.454776860652345
Latent Neural ODE (tuned),2,train,2018,N542,35.05624456314913,31.88461534242585
Latent Neural ODE (tuned),2,train,2018,N6,39.50017465262586,32.347623147894325
Latent Neural ODE (tuned),2,train,2018,NC262,49.34990933916838,45.41960753669201
Latent Neural ODE (tuned),2,train,2018,NC294,36.025961448394874,28.64158544767714
Latent Neural ODE (tuned),2,train,2018,NC310,28.687600882549038,25.69792463281113
Latent Neural ODE (tuned),2,train,2018,NC326,37.99422626558103,32.162049605387715
Latent Neural ODE (tuned),2,train,2018,NC328,33.11034669733519,29.909573688111482
Latent Neural ODE (tuned),2,train,2018,NC368,30.441990652289274,26.939088858533996
Latent Neural ODE (tuned),2,train,2018,NC412,33.57674931299605,28.238157939070412
Latent Neural ODE (tuned),2,train,2018,ND247,28.99494378304651,22.549711392682223
Latent Neural ODE (tuned),2,train,2018,ND265,39.9232437328393,35.61230440787127
Latent Neural ODE (tuned),2,train,2018,NK740,76.66300886448161,71.15000237540809
Latent Neural ODE (tuned),2,train,2018,NK778,45.30515607300538,38.21882669352398
Latent Neural ODE (tuned),2,train,2018,NK807,39.45668526864293,34.03752564890814
Latent Neural ODE (tuned),2,train,2018,NKS8326,29.226554871521046,25.565311921326355
Latent Neural ODE (tuned),2,train,2018,NORTH 7,33.11874047831805,30.300064885015946
Latent Neural ODE (tuned),2,train,2018,NQ508,41.46809633182182,29.175164362237798
Latent Neural ODE (tuned),2,train,2018,NS501,29.671683606595458,25.644529139659898
Latent Neural ODE (tuned),2,train,2018,NS701,28.996735924899795,24.95087531628625
Latent Neural ODE (tuned),2,train,2018,NY 166 (Neveh Yaar),32.92295905163747,28.231827680838705
Latent Neural ODE (tuned),2,train,2018,NY6371,41.3089804210694,32.43894802518815
Latent Neural ODE (tuned),2,train,2018,Ny821,35.8761221479811,26.11059054885444
Latent Neural ODE (tuned),2,train,2018,OH33,57.74013311514037,42.42818786287631
Latent Neural ODE (tuned),2,train,2018,OQ403,35.79127554821919,27.688939495918305
Latent Neural ODE (tuned),2,train,2018,OQ603,31.109002195442404,28.052421656195463
Latent Neural ODE (tuned),2,train,2018,OS602,33.26568007540291,29.161197687342572
Latent Neural ODE (tuned),2,train,2018,Oh40B,40.308417532556525,35.17560309152073
Latent Neural ODE (tuned),2,train,2018,Oh43,42.38281424723653,29.73279236098051
Latent Neural ODE (tuned),2,train,2018,Oh7,31.557867101162692,27.44641127718076
Latent Neural ODE (tuned),2,train,2018,Os420,35.551572556587814,25.897769805137425
Latent Neural ODE (tuned),2,train,2018,Os426,38.41153446550641,30.910619505093457
Latent Neural ODE (tuned),2,train,2018,PHB09,37.2661664555817,28.081329819163262
Latent Neural ODE (tuned),2,train,2018,PHB47,27.536180638686744,24.173292713755934
Latent Neural ODE (tuned),2,train,2018,PHBA6,48.69362098539742,40.088530531120156
Latent Neural ODE (tuned),2,train,2018,PHBB3,29.39899818466069,25.815276891617504
Latent Neural ODE (tuned),2,train,2018,PHBW8,69.31738310897921,63.75121760129173
Latent Neural ODE (tuned),2,train,2018,PHG29,36.725963599059114,29.34807706247444
Latent Neural ODE (tuned),2,train,2018,PHG47,50.656363160788885,48.482139194662395
Latent Neural ODE (tuned),2,train,2018,PHG50,30.05531729309512,24.930558020250366
Latent Neural ODE (tuned),2,train,2018,PHG71,39.9621211792672,31.218278623866503
Latent Neural ODE (tuned),2,train,2018,PHG72,34.940572650443265,30.354570039052696
Latent Neural ODE (tuned),2,train,2018,PHG80,33.20638107691525,26.82534754984698
Latent Neural ODE (tuned),2,train,2018,PHG83,43.821463017663945,36.869604564654935
Latent Neural ODE (tuned),2,train,2018,PHG86,31.73998003727669,21.996386320955956
Latent Neural ODE (tuned),2,train,2018,PHGW7,37.121626352268244,32.50677084748601
Latent Neural ODE (tuned),2,train,2018,PHH93,32.229587014996326,28.449848296985685
Latent Neural ODE (tuned),2,train,2018,PHHV4,28.96050313184507,25.138637952956827
Latent Neural ODE (tuned),2,train,2018,PHJ70,34.45667520797294,25.752432067493675
Latent Neural ODE (tuned),2,train,2018,PHJ89,33.84686984285383,28.10233912829697
Latent Neural ODE (tuned),2,train,2018,PHJ90,32.60407767776171,27.37124032270906
Latent Neural ODE (tuned),2,train,2018,PHJR5,46.79604196358958,34.56210904481019
Latent Neural ODE (tuned),2,train,2018,PHK35,38.39523131772596,30.969330495796772
Latent Neural ODE (tuned),2,train,2018,PHK42,35.656880877589565,28.617802873247445
Latent Neural ODE (tuned),2,train,2018,PHK56,34.37512856311712,27.55684253619146
Latent Neural ODE (tuned),2,train,2018,PHK74,31.74302203081407,27.37361023950451
Latent Neural ODE (tuned),2,train,2018,PHKE6,31.609227688377043,26.64410332468683
Latent Neural ODE (tuned),2,train,2018,PHM10,32.324116076582115,26.393932118853808
Latent Neural ODE (tuned),2,train,2018,PHN11,34.59170913038728,28.979323678134353
Latent Neural ODE (tuned),2,train,2018,PHN29,34.97865903538587,29.434268495672395
Latent Neural ODE (tuned),2,train,2018,PHN66,26.165196154698805,21.82554835678661
Latent Neural ODE (tuned),2,train,2018,PHP02,35.32512559176348,29.657762372139835
Latent Neural ODE (tuned),2,train,2018,PHP55,33.254819421888016,28.609799435512976
Latent Neural ODE (tuned),2,train,2018,PHP76,43.136312050930215,37.373121961084756
Latent Neural ODE (tuned),2,train,2018,PHP85,34.08813330287883,29.552265236022016
Latent Neural ODE (tuned),2,train,2018,PHPR5,32.958255108343,29.68277030497863
Latent Neural ODE (tuned),2,train,2018,PHR03,40.052863429266324,31.27496391238728
Latent Neural ODE (tuned),2,train,2018,PHR30,37.99551365026166,31.79326331458676
Latent Neural ODE (tuned),2,train,2018,PHR31,35.15901658106171,29.94348167829171
Latent Neural ODE (tuned),2,train,2018,PHR36,34.69326544083152,28.897327366187774
Latent Neural ODE (tuned),2,train,2018,PHR47,36.8995341707969,30.875075966066213
Latent Neural ODE (tuned),2,train,2018,PHR58,49.12711486359642,44.04588383265345
Latent Neural ODE (tuned),2,train,2018,PHR63,33.28943810486474,30.509713902034612
Latent Neural ODE (tuned),2,train,2018,PHT10,34.13119973095649,28.053265495142433
Latent Neural ODE (tuned),2,train,2018,PHT47,62.6645888259592,58.30580269905147
Latent Neural ODE (tuned),2,train,2018,PHT55,51.1126987391153,44.03482137918423
Latent Neural ODE (tuned),2,train,2018,PHTM9,41.81586713611127,36.05439195799452
Latent Neural ODE (tuned),2,train,2018,PHV37,30.06734784563649,24.505326723254264
Latent Neural ODE (tuned),2,train,2018,PHV57,33.36434881925302,28.571881092592122
Latent Neural ODE (tuned),2,train,2018,PHV63,33.86100664987703,28.89426406066686
Latent Neural ODE (tuned),2,train,2018,PHVA9,36.48135054886336,27.611628535468476
Latent Neural ODE (tuned),2,train,2018,PHW03,34.70356521664213,30.803095526470184
Latent Neural ODE (tuned),2,train,2018,PHW17,47.376994797417595,39.94570085224619
Latent Neural ODE (tuned),2,train,2018,PHW20,37.25286209279054,29.400469686884882
Latent Neural ODE (tuned),2,train,2018,PHW30,40.71405234435771,35.475667659771055
Latent Neural ODE (tuned),2,train,2018,PHW52,23.293292788295005,19.44652411001767
Latent Neural ODE (tuned),2,train,2018,PHW53,29.300568383206777,26.527915498465955
Latent Neural ODE (tuned),2,train,2018,PHW79,42.992546554204544,36.58709412714735
Latent Neural ODE (tuned),2,train,2018,PHW80,54.422985417049034,42.568324280061006
Latent Neural ODE (tuned),2,train,2018,PHW86,25.915578666870516,22.288645867656648
Latent Neural ODE (tuned),2,train,2018,PHZ51,30.88602390921618,27.715086774238767
Latent Neural ODE (tuned),2,train,2018,Pa392,35.73336597645595,26.32545866088912
Latent Neural ODE (tuned),2,train,2018,Pa405,40.92427166843021,35.10834717260809
Latent Neural ODE (tuned),2,train,2018,Pa762,30.460453286161638,26.276544998747305
Latent Neural ODE (tuned),2,train,2018,Pa875,28.805883154911722,27.545595042706044
Latent Neural ODE (tuned),2,train,2018,Pa880,61.793004237312736,49.17626742856371
Latent Neural ODE (tuned),2,train,2018,Pa91,42.94893600641138,38.18735682230893
Latent Neural ODE (tuned),2,train,2018,Q381,36.881755402356944,30.12416486458442
Latent Neural ODE (tuned),2,train,2018,R168,34.190625623752595,27.52213729739995
Latent Neural ODE (tuned),2,train,2018,R181B,32.21782279273822,24.3391122797399
Latent Neural ODE (tuned),2,train,2018,R226,43.44307113598699,38.46014975385811
Latent Neural ODE (tuned),2,train,2018,R227,39.588770212649806,34.13960702922674
Latent Neural ODE (tuned),2,train,2018,R71,41.24695369566366,33.16679300082882
Latent Neural ODE (tuned),2,train,2018,R78,37.6411248492485,32.11544721486358
Latent Neural ODE (tuned),2,train,2018,S8326,39.505377956443,33.44667727469469
Latent Neural ODE (tuned),2,train,2018,SD101,26.281966423742375,20.8472901010513
Latent Neural ODE (tuned),2,train,2018,SD102,28.056690923363792,22.672960098308
Latent Neural ODE (tuned),2,train,2018,SD107,37.04877667430438,30.9827191898843
Latent Neural ODE (tuned),2,train,2018,SD40,25.756620038407046,22.010951176664562
Latent Neural ODE (tuned),2,train,2018,SD44,38.384965771501726,29.447982706697342
Latent Neural ODE (tuned),2,train,2018,SG 30A,32.524586534611956,28.05960406144099
Latent Neural ODE (tuned),2,train,2018,Seagull Seventeen,46.514372474405754,43.32309374553101
Latent Neural ODE (tuned),2,train,2018,T242,39.958712043817954,31.540189498260094
Latent Neural ODE (tuned),2,train,2018,TZU-CHIAO-HSI-WU 105,34.651316753594365,29.496508007439626
Latent Neural ODE (tuned),2,train,2018,Tr,43.71371094829006,39.70826868225351
Latent Neural ODE (tuned),2,train,2018,Va26,35.66874291350638,31.410416190799584
Latent Neural ODE (tuned),2,train,2018,Va35,31.26820187081074,25.646368353797165
Latent Neural ODE (tuned),2,train,2018,Va52,31.714373175950016,21.405130851466748
Latent Neural ODE (tuned),2,train,2018,Va59,32.31152378305607,29.931937085439586
Latent Neural ODE (tuned),2,train,2018,Va99,42.49233420044016,37.28842496629988
Latent Neural ODE (tuned),2,train,2018,VaW6,40.09982447144496,37.10120919591212
Latent Neural ODE (tuned),2,train,2018,W117Ht,42.45224866184026,30.060528330560537
Latent Neural ODE (tuned),2,train,2018,W153R,33.99255589731951,28.254009241914957
Latent Neural ODE (tuned),2,train,2018,W22,35.06616685249735,28.608853944924515
Latent Neural ODE (tuned),2,train,2018,W23,33.73890306886476,29.934006898208008
Latent Neural ODE (tuned),2,train,2018,W24,41.272895533725524,34.73607719534364
Latent Neural ODE (tuned),2,train,2018,W32,30.746503209146262,25.806898450551778
Latent Neural ODE (tuned),2,train,2018,W37A,46.06615942512507,39.05892988836651
Latent Neural ODE (tuned),2,train,2018,W552,32.06557987664018,27.599953257991793
Latent Neural ODE (tuned),2,train,2018,W603S,40.93970708338979,28.757857983599244
Latent Neural ODE (tuned),2,train,2018,W604S,45.36295894279364,36.869064377406254
Latent Neural ODE (tuned),2,train,2018,W605S,31.06565893341729,25.740902425541815
Latent Neural ODE (tuned),2,train,2018,W607S,34.78860179284743,28.818745362011345
Latent Neural ODE (tuned),2,train,2018,W610S,38.37157418739551,31.84612412299982
Latent Neural ODE (tuned),2,train,2018,W612S,47.20955428537883,40.22862962535529
Latent Neural ODE (tuned),2,train,2018,W614S,45.73167939953863,37.96567772448801
Latent Neural ODE (tuned),2,train,2018,W64A,38.55990447287706,28.949182663206965
Latent Neural ODE (tuned),2,train,2018,W701BC,34.501157766262644,25.448204994847032
Latent Neural ODE (tuned),2,train,2018,W809G,42.142038902369116,32.4966034026914
Latent Neural ODE (tuned),2,train,2018,W810G,35.603112799777705,32.42116224599317
Latent Neural ODE (tuned),2,train,2018,W812G,42.87521935815974,39.17187436475061
Latent Neural ODE (tuned),2,train,2018,W813G,23.65152597444709,20.25371749542662
Latent Neural ODE (tuned),2,train,2018,W814G,83.83766835204487,78.29100202358791
Latent Neural ODE (tuned),2,train,2018,W8304,39.280475390933,34.922906233364586
Latent Neural ODE (tuned),2,train,2018,W9,40.01168626737635,29.778489986734094
Latent Neural ODE (tuned),2,train,2018,WIL900,32.23025852630137,26.84862349510194
Latent Neural ODE (tuned),2,train,2018,WR3,39.41848084601298,28.559258695494258
Latent Neural ODE (tuned),2,train,2018,WU-TAN-TZAO,52.725567691272616,49.66191053502098
Latent Neural ODE (tuned),2,train,2018,YE 4,39.2784305415376,35.619594655082615
Latent Neural ODE (tuned),2,train,2018,YING-55,36.27822763253101,29.671092421049593
Latent Neural ODE (tuned),2,train,2018,Yu796 NS,30.133506582331663,25.45949028189147
Latent Neural ODE (tuned),2,train,2018,ZS635,29.906017376101765,25.675443981328193
Latent Neural ODE (tuned),2,train,2019,1538,24.848155401555132,19.80876089288369
Latent Neural ODE (tuned),2,train,2019,2369,32.041334510057865,24.158183761120142
Latent Neural ODE (tuned),2,train,2019,29MIBZ2,23.083790398868047,19.01533284244406
Latent Neural ODE (tuned),2,train,2019,2FACC,22.721779345182167,18.085007590320533
Latent Neural ODE (tuned),2,train,2019,2FADB,37.06131291172589,27.88324936839583
Latent Neural ODE (tuned),2,train,2019,2MA22,31.172100560072874,22.231727809525825
Latent Neural ODE (tuned),2,train,2019,2MCDB,39.0083639684575,29.907849558214888
Latent Neural ODE (tuned),2,train,2019,3IJI1,27.17102065893595,22.880832377255874
Latent Neural ODE (tuned),2,train,2019,4226,26.08989571124256,18.880939080743072
Latent Neural ODE (tuned),2,train,2019,4F-306 108,18.89527058441348,16.278621028277684
Latent Neural ODE (tuned),2,train,2019,4N506,29.65819237295495,21.246903172057873
Latent Neural ODE (tuned),2,train,2019,6F629,30.355377160202966,22.201691848043538
Latent Neural ODE (tuned),2,train,2019,6M502,25.90515479181227,19.94767847843744
Latent Neural ODE (tuned),2,train,2019,6M502A,22.253055352338126,16.49355531737082
Latent Neural ODE (tuned),2,train,2019,764,20.51750839780159,14.288598591066282
Latent Neural ODE (tuned),2,train,2019,78010,29.245356775489,21.18560190434533
Latent Neural ODE (tuned),2,train,2019,78551S,34.838385403224706,28.775630139477855
Latent Neural ODE (tuned),2,train,2019,790,23.635653829903593,19.03759903656119
Latent Neural ODE (tuned),2,train,2019,793,40.907265316499355,32.90799752331066
Latent Neural ODE (tuned),2,train,2019,87916W,17.699276645031663,12.444293417791314
Latent Neural ODE (tuned),2,train,2019,911,25.366263462718777,20.137143032664394
Latent Neural ODE (tuned),2,train,2019,912,30.922221825835308,21.87388125918257
Latent Neural ODE (tuned),2,train,2019,91IFC2,27.351433753158044,20.163141244908783
Latent Neural ODE (tuned),2,train,2019,A,18.565557167087814,15.186658454610013
Latent Neural ODE (tuned),2,train,2019,A208,24.43779986624734,19.182802580239308
Latent Neural ODE (tuned),2,train,2019,A239,20.035349931131236,15.127767197062841
Latent Neural ODE (tuned),2,train,2019,A258,19.902666609099303,14.801779579658518
Latent Neural ODE (tuned),2,train,2019,A272,30.06352090695412,22.375260348938983
Latent Neural ODE (tuned),2,train,2019,A305,28.694716562754934,23.111671679360462
Latent Neural ODE (tuned),2,train,2019,A321,35.14784246984602,21.88143134669468
Latent Neural ODE (tuned),2,train,2019,A322,28.458892651514713,23.074446736610877
Latent Neural ODE (tuned),2,train,2019,A334,23.58216200509206,18.948199254305862
Latent Neural ODE (tuned),2,train,2019,A340,20.954701389350603,18.786957787711746
Latent Neural ODE (tuned),2,train,2019,A374,30.104071301310505,24.052761723410526
Latent Neural ODE (tuned),2,train,2019,A385,33.10961053948118,26.55299140988173
Latent Neural ODE (tuned),2,train,2019,A427,29.85149627492273,23.8309383028735
Latent Neural ODE (tuned),2,train,2019,A548,25.233193017894475,20.531612442452257
Latent Neural ODE (tuned),2,train,2019,A556,31.173377549426238,22.82394138023323
Latent Neural ODE (tuned),2,train,2019,A572,29.780016645709605,22.78150718613738
Latent Neural ODE (tuned),2,train,2019,A619,22.80181797790437,19.45263134302326
Latent Neural ODE (tuned),2,train,2019,A627,16.780026035334735,12.881329548277758
Latent Neural ODE (tuned),2,train,2019,A632,22.99951788747408,17.667506820166214
Latent Neural ODE (tuned),2,train,2019,A634,20.984544356269407,17.481384082818266
Latent Neural ODE (tuned),2,train,2019,A635,33.83304239415536,24.986904517878905
Latent Neural ODE (tuned),2,train,2019,A641,29.41152994359053,21.045908324265973
Latent Neural ODE (tuned),2,train,2019,A648,21.610626272483056,16.468371813135416
Latent Neural ODE (tuned),2,train,2019,A649,43.78267804745749,34.86737532629422
Latent Neural ODE (tuned),2,train,2019,A659,26.01266075804228,19.882267831960206
Latent Neural ODE (tuned),2,train,2019,A663,24.740689141655217,19.89090446033763
Latent Neural ODE (tuned),2,train,2019,A672,25.787480525055066,21.099874440959486
Latent Neural ODE (tuned),2,train,2019,A674,24.097965662676433,18.033026881206197
Latent Neural ODE (tuned),2,train,2019,A679,28.542723850202584,24.184172199168227
Latent Neural ODE (tuned),2,train,2019,A680,24.07923226548091,17.535013025674083
Latent Neural ODE (tuned),2,train,2019,A682,27.425042831269657,22.02796571427644
Latent Neural ODE (tuned),2,train,2019,A71,41.112274012747726,33.70656415382431
Latent Neural ODE (tuned),2,train,2019,A73,25.312249093028154,20.601869521150952
Latent Neural ODE (tuned),2,train,2019,AQA3,50.48076506608164,32.20080808120611
Latent Neural ODE (tuned),2,train,2019,AS6103,22.56542916549987,18.365263120742412
Latent Neural ODE (tuned),2,train,2019,AusTRCF 306238,21.989350594956136,16.304331847209127
Latent Neural ODE (tuned),2,train,2019,B-18 INBR.FR.SUPERGOLD,19.59114294834593,15.304761984974903
Latent Neural ODE (tuned),2,train,2019,B-28,19.362703616877795,16.471141168752887
Latent Neural ODE (tuned),2,train,2019,B103,20.796892157373,14.781235237187818
Latent Neural ODE (tuned),2,train,2019,B104,18.479683198944006,13.898551813451874
Latent Neural ODE (tuned),2,train,2019,B105,27.621675342463714,19.665738719837954
Latent Neural ODE (tuned),2,train,2019,B107,23.37160969513702,17.3497915866109
Latent Neural ODE (tuned),2,train,2019,B108,20.962929506589465,17.45400790054692
Latent Neural ODE (tuned),2,train,2019,B110,26.26642432104209,19.124830480445862
Latent Neural ODE (tuned),2,train,2019,B111,37.799833647488754,20.771224085733337
Latent Neural ODE (tuned),2,train,2019,B114,21.58568612899238,17.54782542787755
Latent Neural ODE (tuned),2,train,2019,B115,22.934893021589684,15.993711543036655
Latent Neural ODE (tuned),2,train,2019,B119,30.966828236638367,23.400349308924866
Latent Neural ODE (tuned),2,train,2019,B120,27.616776845034856,18.710303174125798
Latent Neural ODE (tuned),2,train,2019,B121,30.332260081283675,22.612929131142415
Latent Neural ODE (tuned),2,train,2019,B14,15.575640177587923,10.908355807258367
Latent Neural ODE (tuned),2,train,2019,B14A,26.48580258565963,17.93952404466614
Latent Neural ODE (tuned),2,train,2019,B164,25.105327556583173,17.596723719616563
Latent Neural ODE (tuned),2,train,2019,B2,32.011673994284166,23.52451916547381
Latent Neural ODE (tuned),2,train,2019,B37,17.800698461224115,13.203372450981727
Latent Neural ODE (tuned),2,train,2019,B46,29.569431371012364,23.058414611134836
Latent Neural ODE (tuned),2,train,2019,B57,27.287734066366454,19.684968205321265
Latent Neural ODE (tuned),2,train,2019,B65,26.2046233561598,19.016837110419246
Latent Neural ODE (tuned),2,train,2019,B66,20.736721905846107,17.184264039115117
Latent Neural ODE (tuned),2,train,2019,B68,20.237642559234317,15.180905669311093
Latent Neural ODE (tuned),2,train,2019,B70,36.27834448322638,28.077447316743218
Latent Neural ODE (tuned),2,train,2019,B75,32.87368605131906,23.37968246558955
Latent Neural ODE (tuned),2,train,2019,B76,25.84866782037711,19.315833991462313
Latent Neural ODE (tuned),2,train,2019,B77,18.215841053759686,14.424468543884466
Latent Neural ODE (tuned),2,train,2019,B79,27.17001908603978,18.67285726985772
Latent Neural ODE (tuned),2,train,2019,B84,29.375903081739512,21.132432384650013
Latent Neural ODE (tuned),2,train,2019,B85,34.627176252774994,27.985683137238567
Latent Neural ODE (tuned),2,train,2019,B87,22.72713777405578,18.134838742853177
Latent Neural ODE (tuned),2,train,2019,B88,17.971603623947807,14.932865506582075
Latent Neural ODE (tuned),2,train,2019,B91,25.648071308793845,20.174029699583564
Latent Neural ODE (tuned),2,train,2019,B97,33.294075655324235,21.96326762587435
Latent Neural ODE (tuned),2,train,2019,BEI 10 = NORTH 10,28.757590589915015,22.946374112954025
Latent Neural ODE (tuned),2,train,2019,BO9,26.20911641778186,16.963555212345028
Latent Neural ODE (tuned),2,train,2019,C103,32.050960447740884,23.326841986546537
Latent Neural ODE (tuned),2,train,2019,C123,32.82452035659934,26.42845467978063
Latent Neural ODE (tuned),2,train,2019,CA-4,36.90605547133427,26.955035342672446
Latent Neural ODE (tuned),2,train,2019,CG102,26.913547495693845,20.033987889804763
Latent Neural ODE (tuned),2,train,2019,CH157,29.999240275570596,22.773891829512987
Latent Neural ODE (tuned),2,train,2019,CH701-30,15.643480795027376,12.792491878134957
Latent Neural ODE (tuned),2,train,2019,CH711-10,42.4885586792548,30.50686757462131
Latent Neural ODE (tuned),2,train,2019,CH9,19.68376381487418,14.95493257540602
Latent Neural ODE (tuned),2,train,2019,CI 40H,30.63938270481393,22.278070053107733
Latent Neural ODE (tuned),2,train,2019,CM105,33.85771861777012,26.755138462931228
Latent Neural ODE (tuned),2,train,2019,CO257,23.850652220971558,20.746700914700703
Latent Neural ODE (tuned),2,train,2019,CO258,35.393669375761895,29.201098990700075
Latent Neural ODE (tuned),2,train,2019,CQ702RC,21.58829191597072,18.192782478312274
Latent Neural ODE (tuned),2,train,2019,CR 22 INBRED,30.850837997977244,19.960313256183934
Latent Neural ODE (tuned),2,train,2019,CS405,36.825823027522034,28.322866844959208
Latent Neural ODE (tuned),2,train,2019,DE2,14.948637759762955,10.95501905972245
Latent Neural ODE (tuned),2,train,2019,DE4,25.254444903481254,19.900839571528007
Latent Neural ODE (tuned),2,train,2019,DE811,34.931405670746585,22.65824068812045
Latent Neural ODE (tuned),2,train,2019,DJ7,25.250088359006,18.280896857929097
Latent Neural ODE (tuned),2,train,2019,DK3IIH6,26.201504836965,17.5958640694697
Latent Neural ODE (tuned),2,train,2019,DK4676A,33.650639524814366,27.123669743034288
Latent Neural ODE (tuned),2,train,2019,DK78002A,26.031350059639117,22.099280933571556
Latent Neural ODE (tuned),2,train,2019,DK78010,17.018682749366814,14.301971991411378
Latent Neural ODE (tuned),2,train,2019,DKFAPW,22.657183317785993,17.595154769459995
Latent Neural ODE (tuned),2,train,2019,DKFBHJ,36.86041111339527,24.62754181720418
Latent Neural ODE (tuned),2,train,2019,DKMBNA,46.28395109848213,30.860410531961207
Latent Neural ODE (tuned),2,train,2019,DKPB80,35.33996221974192,24.61173061731209
Latent Neural ODE (tuned),2,train,2019,E8501,29.85709351182207,21.49073353094653
Latent Neural ODE (tuned),2,train,2019,EAST 028,22.057128425092348,16.904366800065333
Latent Neural ODE (tuned),2,train,2019,Eng-Li Chih,39.8887374208784,30.780314251373298
Latent Neural ODE (tuned),2,train,2019,F118,22.217137798512212,16.08490881915608
Latent Neural ODE (tuned),2,train,2019,F2834T,13.296266155651653,11.37184771014317
Latent Neural ODE (tuned),2,train,2019,FBLA,27.575242285604297,22.95811464756481
Latent Neural ODE (tuned),2,train,2019,FR19,143.5163513165806,107.52699683759221
Latent Neural ODE (tuned),2,train,2019,G80,27.09005891044869,21.191146940060214
Latent Neural ODE (tuned),2,train,2019,H110,30.181117272992335,23.611591730755922
Latent Neural ODE (tuned),2,train,2019,H113,33.28968162481282,26.22639142550413
Latent Neural ODE (tuned),2,train,2019,H121,25.80582315124268,19.9447646180355
Latent Neural ODE (tuned),2,train,2019,H122w,33.08835410594135,25.651559448615558
Latent Neural ODE (tuned),2,train,2019,H42,23.814766329590352,16.97353513391328
Latent Neural ODE (tuned),2,train,2019,H5,31.644848618683383,22.079035506626088
Latent Neural ODE (tuned),2,train,2019,H71,25.311312443357917,19.910586936697847
Latent Neural ODE (tuned),2,train,2019,H84,23.331869547834106,16.029690359605656
Latent Neural ODE (tuned),2,train,2019,H91,23.371803661921735,18.042477762421694
Latent Neural ODE (tuned),2,train,2019,H95,22.220306049058802,18.40970111451623
Latent Neural ODE (tuned),2,train,2019,H96,29.4118167242024,20.79144501330443
Latent Neural ODE (tuned),2,train,2019,H99,20.802156141407504,15.707937616376071
Latent Neural ODE (tuned),2,train,2019,HP301,20.5214962583893,16.176229901761932
Latent Neural ODE (tuned),2,train,2019,HUANYAO,24.42752765519492,18.429823699618172
Latent Neural ODE (tuned),2,train,2019,I29,52.43467427159778,37.774963606342304
Latent Neural ODE (tuned),2,train,2019,IA2132,29.652256101936747,21.551415191274216
Latent Neural ODE (tuned),2,train,2019,IBB14,32.179767045878876,25.4924617890759
Latent Neural ODE (tuned),2,train,2019,IBB15,16.7737824204562,13.747562903820512
Latent Neural ODE (tuned),2,train,2019,IBC2,23.57231067254297,19.7136337310529
Latent Neural ODE (tuned),2,train,2019,ICI 193,33.15030369783666,28.216382917482296
Latent Neural ODE (tuned),2,train,2019,ICI 740,22.686960497180987,18.932807194949092
Latent Neural ODE (tuned),2,train,2019,ICI 893,15.43849177387704,11.638092984253396
Latent Neural ODE (tuned),2,train,2019,ICI 986,27.971147047538505,21.990059656178772
Latent Neural ODE (tuned),2,train,2019,IDS28,25.152053372464444,18.88922386201017
Latent Neural ODE (tuned),2,train,2019,IDS69,18.740747563481584,15.196288745031563
Latent Neural ODE (tuned),2,train,2019,IDS91,28.212317503346725,20.34791955113863
Latent Neural ODE (tuned),2,train,2019,INB 101LFY/LFY (A632 X M16 S5),25.28629944983503,21.31117828690649
Latent Neural ODE (tuned),2,train,2019,INBRED 141,28.60863432407728,19.186910016941457
Latent Neural ODE (tuned),2,train,2019,INBRED 2-687,25.397718493536814,19.069574648968423
Latent Neural ODE (tuned),2,train,2019,INBRED 305,28.95283090448146,22.93901893441513
Latent Neural ODE (tuned),2,train,2019,INBRED 309,18.83267661923862,15.205630265447807
Latent Neural ODE (tuned),2,train,2019,INBRED 321,30.891372361940082,25.47529928418648
Latent Neural ODE (tuned),2,train,2019,Ia 453,20.816430266546966,16.162423178714338
Latent Neural ODE (tuned),2,train,2019,J47,31.822676589578364,22.983905685177884
Latent Neural ODE (tuned),2,train,2019,K150,19.322651457609574,14.955228676058546
Latent Neural ODE (tuned),2,train,2019,K41,22.534157746999817,18.58365622959376
Latent Neural ODE (tuned),2,train,2019,K47,40.76049205858123,30.872414981850195
Latent Neural ODE (tuned),2,train,2019,K55,35.16151188662679,26.68270131922195
Latent Neural ODE (tuned),2,train,2019,KUNG-70,19.764893546907537,14.993067464687579
Latent Neural ODE (tuned),2,train,2019,L 127,26.075160517790795,20.39939430185642
Latent Neural ODE (tuned),2,train,2019,L 135,25.832259398637667,20.078032334827807
Latent Neural ODE (tuned),2,train,2019,L 139,30.178761678906564,23.0770899979092
Latent Neural ODE (tuned),2,train,2019,L 155,26.433855704616324,20.997400712902476
Latent Neural ODE (tuned),2,train,2019,L 289,38.65835921106538,25.475759987415337
Latent Neural ODE (tuned),2,train,2019,LH1,25.122145984870997,19.388198691128448
Latent Neural ODE (tuned),2,train,2019,LH119,20.7741696060282,16.550912936441193
Latent Neural ODE (tuned),2,train,2019,LH128,21.339598502482158,16.411511288607112
Latent Neural ODE (tuned),2,train,2019,LH143 (Maintainer),34.20571492262697,23.942251449924726
Latent Neural ODE (tuned),2,train,2019,LH145,40.339400164296755,27.80099030731359
Latent Neural ODE (tuned),2,train,2019,LH146Ht,32.250176532454226,24.929243635203335
Latent Neural ODE (tuned),2,train,2019,LH149,30.50724966098278,24.628060999513366
Latent Neural ODE (tuned),2,train,2019,LH165,32.388020989896525,24.484119477062997
Latent Neural ODE (tuned),2,train,2019,LH166,22.784394360241162,18.271617737850608
Latent Neural ODE (tuned),2,train,2019,LH172,29.526446544293858,22.444674499032526
Latent Neural ODE (tuned),2,train,2019,LH184,37.580229098499366,27.264848809299874
Latent Neural ODE (tuned),2,train,2019,LH185,30.291861968337322,23.91468550770122
Latent Neural ODE (tuned),2,train,2019,LH190,22.75679441214662,15.981139051835184
Latent Neural ODE (tuned),2,train,2019,LH191,31.636236712262033,27.744063926742093
Latent Neural ODE (tuned),2,train,2019,LH192,28.927584829622397,24.429016583009965
Latent Neural ODE (tuned),2,train,2019,LH194,21.661749479759266,16.079752643133087
Latent Neural ODE (tuned),2,train,2019,LH195,19.714025633763438,14.713882496236574
Latent Neural ODE (tuned),2,train,2019,LH197,25.012936210587533,16.43646806981861
Latent Neural ODE (tuned),2,train,2019,LH198,31.43962230505097,22.928417572800214
Latent Neural ODE (tuned),2,train,2019,LH199,21.26574942714987,16.097171219188755
Latent Neural ODE (tuned),2,train,2019,LH202,36.611545519411706,27.258368517155006
Latent Neural ODE (tuned),2,train,2019,LH204,20.112929642583683,15.694719644917186
Latent Neural ODE (tuned),2,train,2019,LH205,38.04423943966887,27.936586007682735
Latent Neural ODE (tuned),2,train,2019,LH206,20.71733460103083,15.896869740424847
Latent Neural ODE (tuned),2,train,2019,LH208,18.865563106687596,14.273059194085063
Latent Neural ODE (tuned),2,train,2019,LH209,25.654775509477894,20.425667341502574
Latent Neural ODE (tuned),2,train,2019,LH213,40.45169848558273,30.324492409774372
Latent Neural ODE (tuned),2,train,2019,LH214,25.731045109554618,18.628746705271485
Latent Neural ODE (tuned),2,train,2019,LH215,26.254971694811644,20.65190847836727
Latent Neural ODE (tuned),2,train,2019,LH222,27.831065058432785,22.17276410793551
Latent Neural ODE (tuned),2,train,2019,LH223,30.482325373431376,24.08542311666762
Latent Neural ODE (tuned),2,train,2019,LH224,18.137875556847874,13.966374135061734
Latent Neural ODE (tuned),2,train,2019,LH295,26.19594410541062,20.52356032538721
Latent Neural ODE (tuned),2,train,2019,LH59,22.87113048564102,18.263032885163742
Latent Neural ODE (tuned),2,train,2019,LH60,18.234316885767,13.460978485470914
Latent Neural ODE (tuned),2,train,2019,LH61,25.242675331567014,20.19026854452001
Latent Neural ODE (tuned),2,train,2019,LH74,18.85073176465833,12.764323411010837
Latent Neural ODE (tuned),2,train,2019,LH82,21.290407263236627,16.755908161543978
Latent Neural ODE (tuned),2,train,2019,LH93,14.046599554366452,12.425654983707606
Latent Neural ODE (tuned),2,train,2019,LIBC 4,28.56150307477452,21.766729044990218
Latent Neural ODE (tuned),2,train,2019,LP1 NR HT,31.935755282213872,22.046930529856102
Latent Neural ODE (tuned),2,train,2019,LP5,41.7803836062394,31.987898290488253
Latent Neural ODE (tuned),2,train,2019,Lp215D,31.813894444147206,23.740925716840533
Latent Neural ODE (tuned),2,train,2019,M14,27.577582184054233,23.001003437613925
Latent Neural ODE (tuned),2,train,2019,MBPM,18.225668641243036,15.202326874575807
Latent Neural ODE (tuned),2,train,2019,MBWZ,27.80839012008753,19.646551397554358
Latent Neural ODE (tuned),2,train,2019,MEF156-55-2,43.22866078094206,37.164804710685395
Latent Neural ODE (tuned),2,train,2019,ML606,51.63342552573869,41.786408278019906
Latent Neural ODE (tuned),2,train,2019,MM501D,40.81958040145878,28.75859974927273
Latent Neural ODE (tuned),2,train,2019,MQ305,37.99242740593018,30.112517239938093
Latent Neural ODE (tuned),2,train,2019,MS116,42.26213630638618,32.31660807546308
Latent Neural ODE (tuned),2,train,2019,MS132,26.718257036786703,20.95608077718447
Latent Neural ODE (tuned),2,train,2019,MS153,29.530722499620648,23.105519301918815
Latent Neural ODE (tuned),2,train,2019,MS200,24.63041325396704,19.28673898802452
Latent Neural ODE (tuned),2,train,2019,MS211,26.81393545788504,20.715827774140493
Latent Neural ODE (tuned),2,train,2019,MS221,25.711877642119266,17.19230820266749
Latent Neural ODE (tuned),2,train,2019,MS224,52.01308904940272,37.151488367577706
Latent Neural ODE (tuned),2,train,2019,MS225,28.240838800749064,21.443468200767285
Latent Neural ODE (tuned),2,train,2019,MS226,31.17140754898606,24.036873240289868
Latent Neural ODE (tuned),2,train,2019,MS24A,27.113354992614557,22.447228427051456
Latent Neural ODE (tuned),2,train,2019,MS67,44.828669321276934,33.86618696080766
Latent Neural ODE (tuned),2,train,2019,MS71,22.33424541550432,18.45374297864038
Latent Neural ODE (tuned),2,train,2019,MS72,26.53100301479806,20.30094629694285
Latent Neural ODE (tuned),2,train,2019,Mo46,24.593164080227517,20.340625820672045
Latent Neural ODE (tuned),2,train,2019,Mo47,29.754804446087025,24.468491687089653
Latent Neural ODE (tuned),2,train,2019,Mo5,27.192766347111267,19.227435884654696
Latent Neural ODE (tuned),2,train,2019,N192,17.657362512776032,14.438847344891787
Latent Neural ODE (tuned),2,train,2019,N193,18.052047037617893,14.667734299198793
Latent Neural ODE (tuned),2,train,2019,N201,31.294643508049983,22.5363958325811
Latent Neural ODE (tuned),2,train,2019,N211,41.88413454041615,28.67004898053888
Latent Neural ODE (tuned),2,train,2019,N217,28.59830728853155,20.123875231969492
Latent Neural ODE (tuned),2,train,2019,N28Ht,21.692800585920708,15.963298843782395
Latent Neural ODE (tuned),2,train,2019,N501,25.166288578717957,20.742603490161393
Latent Neural ODE (tuned),2,train,2019,N523,26.239545118585337,19.329786944152545
Latent Neural ODE (tuned),2,train,2019,N527,24.56827568985997,18.498045864912573
Latent Neural ODE (tuned),2,train,2019,N534,29.37980198809191,19.97671799893743
Latent Neural ODE (tuned),2,train,2019,N542,21.781093619625267,17.319310659633462
Latent Neural ODE (tuned),2,train,2019,N6,23.709496281613617,18.460149868487566
Latent Neural ODE (tuned),2,train,2019,NC262,18.755196769245977,15.2359758509498
Latent Neural ODE (tuned),2,train,2019,NC294,22.232449014033694,14.479947265367658
Latent Neural ODE (tuned),2,train,2019,NC310,22.594348694480303,18.094342906038637
Latent Neural ODE (tuned),2,train,2019,NC326,21.80872587182796,16.799057405176768
Latent Neural ODE (tuned),2,train,2019,NC328,29.25162327187227,24.28702261708449
Latent Neural ODE (tuned),2,train,2019,NC368,32.17917370113171,23.95128744285942
Latent Neural ODE (tuned),2,train,2019,NC412,28.780181350363282,23.102573384708375
Latent Neural ODE (tuned),2,train,2019,ND247,28.783826978788095,22.511182379697175
Latent Neural ODE (tuned),2,train,2019,ND265,25.15401344862744,17.240279383140106
Latent Neural ODE (tuned),2,train,2019,NK740,33.101215234110256,25.980478977541686
Latent Neural ODE (tuned),2,train,2019,NK778,45.854965801029344,31.133362605632932
Latent Neural ODE (tuned),2,train,2019,NK807,26.936083320747752,22.31086583557482
Latent Neural ODE (tuned),2,train,2019,NKS8326,19.830644297158354,14.564650642127765
Latent Neural ODE (tuned),2,train,2019,NORTH 7,28.452954806841678,24.598958138388348
Latent Neural ODE (tuned),2,train,2019,NQ508,28.98551479177617,22.614413850725015
Latent Neural ODE (tuned),2,train,2019,NS501,32.75754667761383,23.304866335205602
Latent Neural ODE (tuned),2,train,2019,NS701,26.330688385653367,20.093369582024955
Latent Neural ODE (tuned),2,train,2019,NY 166 (Neveh Yaar),17.286671366488665,12.986081143199224
Latent Neural ODE (tuned),2,train,2019,NY6371,29.042412641188246,21.42216447750904
Latent Neural ODE (tuned),2,train,2019,Ny821,23.72258622413949,19.616321341615215
Latent Neural ODE (tuned),2,train,2019,OH33,37.49062632702004,26.75532474761359
Latent Neural ODE (tuned),2,train,2019,OQ403,44.97013456281454,33.137760897218946
Latent Neural ODE (tuned),2,train,2019,OQ603,25.48308197042498,22.192625466461777
Latent Neural ODE (tuned),2,train,2019,OS602,23.024410234641344,17.58438389261714
Latent Neural ODE (tuned),2,train,2019,Oh40B,26.147653407266,19.870324913990803
Latent Neural ODE (tuned),2,train,2019,Oh43,28.38326290546975,18.689247638793134
Latent Neural ODE (tuned),2,train,2019,Oh7,49.01887097578751,31.493799968010876
Latent Neural ODE (tuned),2,train,2019,Os420,33.61641181077263,25.972404916447697
Latent Neural ODE (tuned),2,train,2019,Os426,35.899519190611215,26.18591744328145
Latent Neural ODE (tuned),2,train,2019,PHB09,22.89484545438502,17.503334436239374
Latent Neural ODE (tuned),2,train,2019,PHB47,29.54431197197361,20.35975054497789
Latent Neural ODE (tuned),2,train,2019,PHBA6,45.195767329106644,32.36489296451538
Latent Neural ODE (tuned),2,train,2019,PHBB3,25.077609139537145,18.53352131037228
Latent Neural ODE (tuned),2,train,2019,PHBW8,48.9786312332614,38.4654688714829
Latent Neural ODE (tuned),2,train,2019,PHG29,32.939188828951174,25.66321201545967
Latent Neural ODE (tuned),2,train,2019,PHG47,31.768542734273527,25.035689256455058
Latent Neural ODE (tuned),2,train,2019,PHG50,28.24670026886978,20.245592915153345
Latent Neural ODE (tuned),2,train,2019,PHG71,23.510459469680118,20.81413223252414
Latent Neural ODE (tuned),2,train,2019,PHG72,16.145239495595895,12.461825834486206
Latent Neural ODE (tuned),2,train,2019,PHG80,42.05642153593518,32.45114871362852
Latent Neural ODE (tuned),2,train,2019,PHG83,33.07487636100286,23.15938211877304
Latent Neural ODE (tuned),2,train,2019,PHG86,43.792153611347935,32.28637353369488
Latent Neural ODE (tuned),2,train,2019,PHGW7,27.46347053598031,22.16608277398838
Latent Neural ODE (tuned),2,train,2019,PHH93,20.133162325828035,16.465853616032604
Latent Neural ODE (tuned),2,train,2019,PHHV4,23.172514505685,17.50511563977631
Latent Neural ODE (tuned),2,train,2019,PHJ70,28.30043029024912,19.4647524963369
Latent Neural ODE (tuned),2,train,2019,PHJ89,23.304491668339633,17.46418513870292
Latent Neural ODE (tuned),2,train,2019,PHJ90,21.43252967018955,18.957770085033275
Latent Neural ODE (tuned),2,train,2019,PHJR5,48.13549278205938,34.47742565723976
Latent Neural ODE (tuned),2,train,2019,PHK35,26.11235052343676,18.131912233491327
Latent Neural ODE (tuned),2,train,2019,PHK42,27.24974087798608,20.832731761473568
Latent Neural ODE (tuned),2,train,2019,PHK56,24.780531869347115,18.37750923044793
Latent Neural ODE (tuned),2,train,2019,PHK74,34.98908451642104,26.73822124565032
Latent Neural ODE (tuned),2,train,2019,PHKE6,23.463180338897516,18.563634842559495
Latent Neural ODE (tuned),2,train,2019,PHM10,24.74968735492754,18.43073198118288
Latent Neural ODE (tuned),2,train,2019,PHN11,27.3802236958161,22.92438255458775
Latent Neural ODE (tuned),2,train,2019,PHN29,22.26703155371912,15.09414300354686
Latent Neural ODE (tuned),2,train,2019,PHN66,18.68193000636128,15.179067934745454
Latent Neural ODE (tuned),2,train,2019,PHP02,25.180564395178262,18.7560604033117
Latent Neural ODE (tuned),2,train,2019,PHP55,25.50514321242099,19.278219051093576
Latent Neural ODE (tuned),2,train,2019,PHP76,24.26617482814066,19.01022457914801
Latent Neural ODE (tuned),2,train,2019,PHP85,21.339296000364094,18.424766990416316
Latent Neural ODE (tuned),2,train,2019,PHPR5,28.336124527374036,20.70000947717572
Latent Neural ODE (tuned),2,train,2019,PHR03,35.563424309631465,23.26668027513167
Latent Neural ODE (tuned),2,train,2019,PHR30,27.108044334644916,19.206025304037183
Latent Neural ODE (tuned),2,train,2019,PHR31,21.79311339487866,16.773140069615465
Latent Neural ODE (tuned),2,train,2019,PHR36,32.96048084431335,23.434265770075214
Latent Neural ODE (tuned),2,train,2019,PHR47,27.03859463767258,21.7541283811053
Latent Neural ODE (tuned),2,train,2019,PHR58,24.596859522026325,18.544483874057466
Latent Neural ODE (tuned),2,train,2019,PHR63,18.88980238240209,14.862773020078619
Latent Neural ODE (tuned),2,train,2019,PHT10,21.765205006520155,17.65912439276161
Latent Neural ODE (tuned),2,train,2019,PHT47,37.051858799783965,26.68000689910943
Latent Neural ODE (tuned),2,train,2019,PHT55,42.26779750938985,33.50949408903834
Latent Neural ODE (tuned),2,train,2019,PHTM9,29.689106156107457,22.616262132079672
Latent Neural ODE (tuned),2,train,2019,PHV37,20.320170203273474,15.326914146801903
Latent Neural ODE (tuned),2,train,2019,PHV57,20.683200637249016,16.370534982966763
Latent Neural ODE (tuned),2,train,2019,PHV63,23.824381744167084,14.566446219482783
Latent Neural ODE (tuned),2,train,2019,PHVA9,23.09674859031691,16.30456347010791
Latent Neural ODE (tuned),2,train,2019,PHW03,22.60105220464864,18.865754483493983
Latent Neural ODE (tuned),2,train,2019,PHW17,39.504653479474555,31.354714445155
Latent Neural ODE (tuned),2,train,2019,PHW20,28.96639614181662,21.061660304027562
Latent Neural ODE (tuned),2,train,2019,PHW30,46.38844197732576,36.23060442690101
Latent Neural ODE (tuned),2,train,2019,PHW52,21.447583389693843,16.16984965139093
Latent Neural ODE (tuned),2,train,2019,PHW53,26.016755295108947,17.516103417534048
Latent Neural ODE (tuned),2,train,2019,PHW79,47.060784115008474,39.52736372585265
Latent Neural ODE (tuned),2,train,2019,PHW80,32.52374642981997,20.49348167366521
Latent Neural ODE (tuned),2,train,2019,PHW86,19.65882740796304,15.20770689885909
Latent Neural ODE (tuned),2,train,2019,PHZ51,28.670124792883737,20.199407729490368
Latent Neural ODE (tuned),2,train,2019,Pa392,43.01039698858927,33.313304504457285
Latent Neural ODE (tuned),2,train,2019,Pa405,24.44036339243517,16.134874702276896
Latent Neural ODE (tuned),2,train,2019,Pa762,31.582182381161065,27.356125045593302
Latent Neural ODE (tuned),2,train,2019,Pa875,24.697352871045112,17.602729388288303
Latent Neural ODE (tuned),2,train,2019,Pa880,29.114119463766677,20.210232364412853
Latent Neural ODE (tuned),2,train,2019,Pa91,19.587328064251928,15.442596167946947
Latent Neural ODE (tuned),2,train,2019,Q381,34.9311509622403,26.278306979698186
Latent Neural ODE (tuned),2,train,2019,R168,26.82754785748145,21.806405957475793
Latent Neural ODE (tuned),2,train,2019,R181B,31.04312084663471,22.669726602522065
Latent Neural ODE (tuned),2,train,2019,R226,28.664429357495514,19.937206672836176
Latent Neural ODE (tuned),2,train,2019,R227,22.51642524635107,16.768185893649274
Latent Neural ODE (tuned),2,train,2019,R71,24.25219084813004,17.755160662651644
Latent Neural ODE (tuned),2,train,2019,R78,16.52659422993249,11.701746000255348
Latent Neural ODE (tuned),2,train,2019,S8326,43.91970533129378,33.278817996846826
Latent Neural ODE (tuned),2,train,2019,SD101,33.839393444244244,25.090321455878573
Latent Neural ODE (tuned),2,train,2019,SD102,29.879067209820374,24.65797885612373
Latent Neural ODE (tuned),2,train,2019,SD107,37.206659742969386,28.830903887252
Latent Neural ODE (tuned),2,train,2019,SD40,16.05975942351807,12.908098963775066
Latent Neural ODE (tuned),2,train,2019,SD44,21.062269822789833,17.133682956580316
Latent Neural ODE (tuned),2,train,2019,SG 30A,25.69499875318294,20.17780388091053
Latent Neural ODE (tuned),2,train,2019,Seagull Seventeen,28.633600295624863,17.20827671202033
Latent Neural ODE (tuned),2,train,2019,T242,28.925614180418673,25.515607200897577
Latent Neural ODE (tuned),2,train,2019,TZU-CHIAO-HSI-WU 105,34.57494283446757,27.072339497100963
Latent Neural ODE (tuned),2,train,2019,Tr,19.40914531687819,13.845937889738222
Latent Neural ODE (tuned),2,train,2019,Va26,33.54615460114543,22.22375281997298
Latent Neural ODE (tuned),2,train,2019,Va35,18.58560472476817,13.482269176467428
Latent Neural ODE (tuned),2,train,2019,Va52,27.596611444413405,22.19802265547949
Latent Neural ODE (tuned),2,train,2019,Va59,31.29555518371474,21.66280902335762
Latent Neural ODE (tuned),2,train,2019,Va99,19.150894095269397,13.938084796105711
Latent Neural ODE (tuned),2,train,2019,VaW6,22.838374059916383,19.805263455467557
Latent Neural ODE (tuned),2,train,2019,W117Ht,47.13621916002023,34.44076634818814
Latent Neural ODE (tuned),2,train,2019,W153R,37.53932327683692,26.581797863600475
Latent Neural ODE (tuned),2,train,2019,W22,21.84867311599567,14.522493766895472
Latent Neural ODE (tuned),2,train,2019,W23,37.83076297908323,24.15272420171013
Latent Neural ODE (tuned),2,train,2019,W24,17.482040815065467,15.013401925457895
Latent Neural ODE (tuned),2,train,2019,W32,24.08568409285793,18.517738283163634
Latent Neural ODE (tuned),2,train,2019,W37A,32.00355284124448,26.58505762206143
Latent Neural ODE (tuned),2,train,2019,W552,36.645788108601366,25.44543448932412
Latent Neural ODE (tuned),2,train,2019,W603S,55.08095804369319,45.07673839618982
Latent Neural ODE (tuned),2,train,2019,W604S,24.360051127429422,20.201888842142523
Latent Neural ODE (tuned),2,train,2019,W605S,28.68096855461818,21.564459431185195
Latent Neural ODE (tuned),2,train,2019,W607S,26.21166104731681,19.28390245876388
Latent Neural ODE (tuned),2,train,2019,W610S,28.03902894020878,21.860053143102395
Latent Neural ODE (tuned),2,train,2019,W612S,35.921120171121125,25.753211090103633
Latent Neural ODE (tuned),2,train,2019,W614S,32.27190611797824,24.668458711063113
Latent Neural ODE (tuned),2,train,2019,W64A,32.520157668133514,24.47658567987805
Latent Neural ODE (tuned),2,train,2019,W701BC,21.533366078380062,17.082884350265186
Latent Neural ODE (tuned),2,train,2019,W809G,31.990694816386828,20.8830675308464
Latent Neural ODE (tuned),2,train,2019,W810G,16.640308530017094,12.427334995565232
Latent Neural ODE (tuned),2,train,2019,W812G,37.97672628918362,28.64391220468817
Latent Neural ODE (tuned),2,train,2019,W813G,23.501848592301457,19.612385406922073
Latent Neural ODE (tuned),2,train,2019,W814G,42.37363998429862,35.9907391150773
Latent Neural ODE (tuned),2,train,2019,W8304,24.275318700343487,19.44433784163986
Latent Neural ODE (tuned),2,train,2019,W9,33.56101238848067,27.928379707462376
Latent Neural ODE (tuned),2,train,2019,WIL900,32.2254028751132,22.610153642695906
Latent Neural ODE (tuned),2,train,2019,WR3,34.04834902380318,24.994833499235703
Latent Neural ODE (tuned),2,train,2019,WU-TAN-TZAO,38.43475740161144,28.07271740827368
Latent Neural ODE (tuned),2,train,2019,YE 4,37.14882330457774,30.826260256703367
Latent Neural ODE (tuned),2,train,2019,YING-55,49.13299468714348,38.81720561005112
Latent Neural ODE (tuned),2,train,2019,Yu796 NS,28.193126855326494,20.052197217505945
Latent Neural ODE (tuned),2,train,2019,ZS635,22.79164480641866,18.142212319879217
Latent Neural ODE (tuned),2,val,2020,1538,19.23626823539496,16.479867072914423
Latent Neural ODE (tuned),2,val,2020,2369,124.26117690852918,110.42794610116862
Latent Neural ODE (tuned),2,val,2020,29MIBZ2,67.02910360544713,47.644225327308824
Latent Neural ODE (tuned),2,val,2020,2FACC,39.26399776975572,36.68842580733793
Latent Neural ODE (tuned),2,val,2020,2FADB,50.579315840618655,42.05152039025643
Latent Neural ODE (tuned),2,val,2020,2MA22,58.14929109559757,50.3026874570615
Latent Neural ODE (tuned),2,val,2020,2MCDB,58.97360100011651,47.0123386487482
Latent Neural ODE (tuned),2,val,2020,3IJI1,41.73537157192348,37.048477114536986
Latent Neural ODE (tuned),2,val,2020,4226,38.53204360416808,32.27483089148014
Latent Neural ODE (tuned),2,val,2020,4F-306 108,32.04167461613558,29.296357702377037
Latent Neural ODE (tuned),2,val,2020,4N506,34.84141589897536,30.765083524773832
Latent Neural ODE (tuned),2,val,2020,6F629,37.06299635087745,34.99476266175422
Latent Neural ODE (tuned),2,val,2020,6M502,50.27368135359347,45.820592347966794
Latent Neural ODE (tuned),2,val,2020,6M502A,55.659796692616176,45.69262570287708
Latent Neural ODE (tuned),2,val,2020,764,41.428675329165756,34.54592931515238
Latent Neural ODE (tuned),2,val,2020,78010,45.40732088890406,38.66554796345302
Latent Neural ODE (tuned),2,val,2020,78551S,41.170597722214296,34.18370085845358
Latent Neural ODE (tuned),2,val,2020,790,50.90627165145826,41.30785423942226
Latent Neural ODE (tuned),2,val,2020,793,58.804753300798666,57.00490397607627
Latent Neural ODE (tuned),2,val,2020,87916W,36.01323785799781,29.894024784782687
Latent Neural ODE (tuned),2,val,2020,911,31.942681250500833,25.47623764799922
Latent Neural ODE (tuned),2,val,2020,912,58.516913106508675,48.331122329708805
Latent Neural ODE (tuned),2,val,2020,91IFC2,69.63203958736821,57.41520160775065
Latent Neural ODE (tuned),2,val,2020,A,36.6466902021178,29.363339842342434
Latent Neural ODE (tuned),2,val,2020,A208,36.624732176523004,30.801567549053182
Latent Neural ODE (tuned),2,val,2020,A239,30.1869395408019,24.86045652517032
Latent Neural ODE (tuned),2,val,2020,A258,44.14009419132787,36.48164037920686
Latent Neural ODE (tuned),2,val,2020,A272,38.84443545052287,36.224319637226884
Latent Neural ODE (tuned),2,val,2020,A305,28.200434179505276,22.998737224771663
Latent Neural ODE (tuned),2,val,2020,A321,51.87851928723651,43.032972294088836
Latent Neural ODE (tuned),2,val,2020,A322,39.35717597126344,30.329058679106623
Latent Neural ODE (tuned),2,val,2020,A334,35.01688264796658,28.910990706787512
Latent Neural ODE (tuned),2,val,2020,A340,55.37394873164605,45.93964127639136
Latent Neural ODE (tuned),2,val,2020,A374,34.37762440210214,28.324250377461258
Latent Neural ODE (tuned),2,val,2020,A385,58.81688682103907,42.84217480801213
Latent Neural ODE (tuned),2,val,2020,A427,28.03359312201425,23.76207853458039
Latent Neural ODE (tuned),2,val,2020,A548,25.992089878321796,21.066864255883992
Latent Neural ODE (tuned),2,val,2020,A556,43.41312191993516,38.3181444741407
Latent Neural ODE (tuned),2,val,2020,A572,42.2777741383564,34.076270805202334
Latent Neural ODE (tuned),2,val,2020,A619,23.011615152746895,19.394891317292515
Latent Neural ODE (tuned),2,val,2020,A627,74.53467185294991,60.05203052362669
Latent Neural ODE (tuned),2,val,2020,A632,45.07670966862067,37.348561956381275
Latent Neural ODE (tuned),2,val,2020,A634,39.07820481102249,33.91064172368654
Latent Neural ODE (tuned),2,val,2020,A635,47.2907571117407,45.692855814884204
Latent Neural ODE (tuned),2,val,2020,A641,25.046394885702615,22.034774207103613
Latent Neural ODE (tuned),2,val,2020,A648,28.93599143682052,23.70801360227242
Latent Neural ODE (tuned),2,val,2020,A649,70.67747469113884,61.14818825898398
Latent Neural ODE (tuned),2,val,2020,A659,29.668231063757577,26.22717006835582
Latent Neural ODE (tuned),2,val,2020,A663,49.78819249096249,46.29783030920622
Latent Neural ODE (tuned),2,val,2020,A672,37.4149651602919,29.81766742176808
Latent Neural ODE (tuned),2,val,2020,A674,35.82642820175424,31.301365771431684
Latent Neural ODE (tuned),2,val,2020,A679,58.09643214528152,43.31128855014986
Latent Neural ODE (tuned),2,val,2020,A680,39.082456503554475,27.296041783283346
Latent Neural ODE (tuned),2,val,2020,A682,35.647629536406924,25.998616351021802
Latent Neural ODE (tuned),2,val,2020,A71,35.232224069111076,32.76368286943008
Latent Neural ODE (tuned),2,val,2020,A73,44.35855893179643,42.46700834985325
Latent Neural ODE (tuned),2,val,2020,AQA3,36.002721938341345,26.100674617984247
Latent Neural ODE (tuned),2,val,2020,AS6103,50.37803069325939,40.523829793313
Latent Neural ODE (tuned),2,val,2020,AusTRCF 306238,66.07432000404053,61.66964614035505
Latent Neural ODE (tuned),2,val,2020,B-18 INBR.FR.SUPERGOLD,32.06580974484424,28.800676000219337
Latent Neural ODE (tuned),2,val,2020,B-28,35.19228118517963,32.048146520095905
Latent Neural ODE (tuned),2,val,2020,B103,38.723212553856776,29.022405952223625
Latent Neural ODE (tuned),2,val,2020,B104,42.416546362006336,36.72304902687755
Latent Neural ODE (tuned),2,val,2020,B105,75.69977552196745,69.32778970652616
Latent Neural ODE (tuned),2,val,2020,B107,46.960166115521815,34.41552618316039
Latent Neural ODE (tuned),2,val,2020,B108,37.51793384155983,31.292881917222477
Latent Neural ODE (tuned),2,val,2020,B110,62.86928562534882,59.601891586390934
Latent Neural ODE (tuned),2,val,2020,B111,68.25062374438113,58.406858858993395
Latent Neural ODE (tuned),2,val,2020,B114,71.24591522484504,52.193328004930244
Latent Neural ODE (tuned),2,val,2020,B115,42.014819720325995,32.60062579876319
Latent Neural ODE (tuned),2,val,2020,B119,50.01010742307548,37.03069863235406
Latent Neural ODE (tuned),2,val,2020,B120,29.61083828308961,23.597476285474595
Latent Neural ODE (tuned),2,val,2020,B121,44.802563457399366,37.528217231620694
Latent Neural ODE (tuned),2,val,2020,B14,79.43213516979283,66.93153342894264
Latent Neural ODE (tuned),2,val,2020,B14A,34.13047535297875,27.738938854064344
Latent Neural ODE (tuned),2,val,2020,B164,26.873627044379937,22.351424990127498
Latent Neural ODE (tuned),2,val,2020,B2,40.18632523155454,33.189078494192366
Latent Neural ODE (tuned),2,val,2020,B37,49.34461610024282,40.16635035484671
Latent Neural ODE (tuned),2,val,2020,B46,33.20811181351365,28.460317438639326
Latent Neural ODE (tuned),2,val,2020,B57,54.99057710372148,44.12612905846614
Latent Neural ODE (tuned),2,val,2020,B65,41.50907876286599,34.15380094109542
Latent Neural ODE (tuned),2,val,2020,B66,32.59678899471955,25.612425306829486
Latent Neural ODE (tuned),2,val,2020,B68,48.05387802293178,41.12462838468701
Latent Neural ODE (tuned),2,val,2020,B70,62.80041235574019,57.39033963284942
Latent Neural ODE (tuned),2,val,2020,B75,47.54275697792231,44.26418851938003
Latent Neural ODE (tuned),2,val,2020,B76,23.081765300852016,17.94359476470485
Latent Neural ODE (tuned),2,val,2020,B77,40.94283671243947,34.37550990975838
Latent Neural ODE (tuned),2,val,2020,B79,36.99624830556406,29.089064335875587
Latent Neural ODE (tuned),2,val,2020,B84,38.75764523955198,35.06196482295085
Latent Neural ODE (tuned),2,val,2020,B85,39.76046056186843,37.740590968760394
Latent Neural ODE (tuned),2,val,2020,B87,22.211941813476187,17.672236172826732
Latent Neural ODE (tuned),2,val,2020,B88,68.64220216670523,59.683997850631975
Latent Neural ODE (tuned),2,val,2020,B91,37.63581026902939,36.11365222144014
Latent Neural ODE (tuned),2,val,2020,B97,45.20045964866753,39.06715661976076
Latent Neural ODE (tuned),2,val,2020,BEI 10 = NORTH 10,28.252824750521953,22.38685542810407
Latent Neural ODE (tuned),2,val,2020,BO9,29.121342428519178,25.020740945610164
Latent Neural ODE (tuned),2,val,2020,C103,53.83358641544345,43.34259214888031
Latent Neural ODE (tuned),2,val,2020,C123,37.95960581150856,26.658398970194074
Latent Neural ODE (tuned),2,val,2020,CA-4,38.49688334931293,33.405492865172796
Latent Neural ODE (tuned),2,val,2020,CG102,42.782185804156015,39.00860352323529
Latent Neural ODE (tuned),2,val,2020,CH157,45.699736158241,39.380052790544724
Latent Neural ODE (tuned),2,val,2020,CH701-30,27.24006179909206,23.31450771742344
Latent Neural ODE (tuned),2,val,2020,CH711-10,24.94795344958003,22.03460262777829
Latent Neural ODE (tuned),2,val,2020,CH9,45.491299149005435,41.057192555473925
Latent Neural ODE (tuned),2,val,2020,CI 40H,39.85403793685861,28.79655142028645
Latent Neural ODE (tuned),2,val,2020,CM105,46.22260991119987,43.13759931292568
Latent Neural ODE (tuned),2,val,2020,CO257,64.62018734771195,55.316273814338736
Latent Neural ODE (tuned),2,val,2020,CO258,55.929422108187936,54.31394197297844
Latent Neural ODE (tuned),2,val,2020,CQ702RC,50.99180583287157,45.713208502383104
Latent Neural ODE (tuned),2,val,2020,CR 22 INBRED,39.56315548233193,31.60037541518462
Latent Neural ODE (tuned),2,val,2020,CS405,35.574715562356715,33.03731074721359
Latent Neural ODE (tuned),2,val,2020,DE2,56.56244294990303,48.01519141066663
Latent Neural ODE (tuned),2,val,2020,DE4,34.011173665960385,28.188434194593945
Latent Neural ODE (tuned),2,val,2020,DE811,57.18621367342825,45.017037605208166
Latent Neural ODE (tuned),2,val,2020,DJ7,34.08914412816373,29.731512406703533
Latent Neural ODE (tuned),2,val,2020,DK3IIH6,28.589000648253368,24.72347918832765
Latent Neural ODE (tuned),2,val,2020,DK4676A,40.831714029688214,29.007807662194228
Latent Neural ODE (tuned),2,val,2020,DK78002A,24.063890977947228,18.947848324007705
Latent Neural ODE (tuned),2,val,2020,DK78010,41.295186927154624,34.37864748176773
Latent Neural ODE (tuned),2,val,2020,DKFAPW,43.53365630072812,32.124348984325685
Latent Neural ODE (tuned),2,val,2020,DKFBHJ,45.22007076450166,35.24281480255803
Latent Neural ODE (tuned),2,val,2020,DKMBNA,23.788747361911867,19.133027044800105
Latent Neural ODE (tuned),2,val,2020,DKPB80,57.01215682497069,55.50053074496876
Latent Neural ODE (tuned),2,val,2020,E8501,39.69031671521912,35.74148387860566
Latent Neural ODE (tuned),2,val,2020,EAST 028,43.64996770864752,30.34337746760533
Latent Neural ODE (tuned),2,val,2020,Eng-Li Chih,37.95535842428916,36.74065179624644
Latent Neural ODE (tuned),2,val,2020,F118,30.797256345728574,24.54315023783534
Latent Neural ODE (tuned),2,val,2020,F2834T,75.09800531346572,66.01561182845386
Latent Neural ODE (tuned),2,val,2020,FBLA,63.979417167869656,46.588301438338895
Latent Neural ODE (tuned),2,val,2020,FR19,39.89794262226673,33.75851946149311
Latent Neural ODE (tuned),2,val,2020,G80,39.47944726783582,31.436524772320563
Latent Neural ODE (tuned),2,val,2020,H110,47.33126051838819,39.02470248086936
Latent Neural ODE (tuned),2,val,2020,H113,35.89892876235325,27.495105045147422
Latent Neural ODE (tuned),2,val,2020,H121,35.978646685651135,29.72793495813489
Latent Neural ODE (tuned),2,val,2020,H122w,70.07441435193032,63.98838552399669
Latent Neural ODE (tuned),2,val,2020,H42,67.16289082840412,59.213593995186244
Latent Neural ODE (tuned),2,val,2020,H5,58.91642879297532,48.662714064460786
Latent Neural ODE (tuned),2,val,2020,H71,34.406792266035296,29.745465692501295
Latent Neural ODE (tuned),2,val,2020,H84,74.39410288659403,62.48447620358991
Latent Neural ODE (tuned),2,val,2020,H91,31.043879431439347,25.578039795929026
Latent Neural ODE (tuned),2,val,2020,H95,28.05128775250016,24.92222237147418
Latent Neural ODE (tuned),2,val,2020,H96,47.687266501787995,38.716989242211426
Latent Neural ODE (tuned),2,val,2020,H99,57.3981260409077,50.54833831091772
Latent Neural ODE (tuned),2,val,2020,HP301,47.437203626313895,35.691412377582196
Latent Neural ODE (tuned),2,val,2020,HUANYAO,73.68774551352676,59.815833439331975
Latent Neural ODE (tuned),2,val,2020,I29,33.61767906534761,24.175510749431503
Latent Neural ODE (tuned),2,val,2020,IA2132,62.6006221807369,46.538267452338935
Latent Neural ODE (tuned),2,val,2020,IBB14,65.39259203635399,45.47969666034695
Latent Neural ODE (tuned),2,val,2020,IBB15,67.33993948156863,54.32234299810106
Latent Neural ODE (tuned),2,val,2020,IBC2,34.68217821648785,22.179392750075074
Latent Neural ODE (tuned),2,val,2020,ICI 193,53.485792350217295,43.78389395210261
Latent Neural ODE (tuned),2,val,2020,ICI 740,31.46688563640161,29.47452421093511
Latent Neural ODE (tuned),2,val,2020,ICI 893,41.49051691467533,32.65964662130766
Latent Neural ODE (tuned),2,val,2020,ICI 986,42.44111438821752,29.437315203402385
Latent Neural ODE (tuned),2,val,2020,IDS28,48.056214977527375,46.269005180726765
Latent Neural ODE (tuned),2,val,2020,IDS69,57.92328265076906,47.78983311312398
Latent Neural ODE (tuned),2,val,2020,IDS91,36.70746581703657,30.025079461605998
Latent Neural ODE (tuned),2,val,2020,INB 101LFY/LFY (A632 X M16 S5),48.655358917255285,46.597741077496096
Latent Neural ODE (tuned),2,val,2020,INBRED 141,37.8870981697227,33.18431613340616
Latent Neural ODE (tuned),2,val,2020,INBRED 2-687,37.32943407814748,22.917666116582676
Latent Neural ODE (tuned),2,val,2020,INBRED 305,43.95881302451222,38.52659128549896
Latent Neural ODE (tuned),2,val,2020,INBRED 309,68.89290496729669,53.313166927066305
Latent Neural ODE (tuned),2,val,2020,INBRED 321,42.47334467581497,39.69773673257079
Latent Neural ODE (tuned),2,val,2020,Ia 453,34.45185589201251,29.810668986314347
Latent Neural ODE (tuned),2,val,2020,J47,45.6765268832777,39.67474883006035
Latent Neural ODE (tuned),2,val,2020,K150,37.49782942683286,34.06709963009132
Latent Neural ODE (tuned),2,val,2020,K41,39.3682367730452,35.1796915720159
Latent Neural ODE (tuned),2,val,2020,K47,56.78055239873533,46.68732936991579
Latent Neural ODE (tuned),2,val,2020,K55,35.58334850257125,34.109576872248326
Latent Neural ODE (tuned),2,val,2020,KUNG-70,35.27974447156634,30.107683801690946
Latent Neural ODE (tuned),2,val,2020,L 127,77.88169980403714,60.85963222325777
Latent Neural ODE (tuned),2,val,2020,L 135,32.02324216395232,25.5920332242322
Latent Neural ODE (tuned),2,val,2020,L 139,19.225489302687595,18.138298616691383
Latent Neural ODE (tuned),2,val,2020,L 155,65.1064134788377,58.78467202033299
Latent Neural ODE (tuned),2,val,2020,L 289,34.10858654205644,32.77900985191369
Latent Neural ODE (tuned),2,val,2020,LH1,63.06227707682677,50.84101812842352
Latent Neural ODE (tuned),2,val,2020,LH119,29.430449137459494,21.208573271881612
Latent Neural ODE (tuned),2,val,2020,LH128,57.705312898112815,50.025347410673376
Latent Neural ODE (tuned),2,val,2020,LH143 (Maintainer),25.280345949280054,19.96430484375533
Latent Neural ODE (tuned),2,val,2020,LH145,37.579547407700076,32.52611888578245
Latent Neural ODE (tuned),2,val,2020,LH146Ht,63.843196459712516,58.99188870533127
Latent Neural ODE (tuned),2,val,2020,LH149,19.326649189685472,17.936583097602576
Latent Neural ODE (tuned),2,val,2020,LH165,66.82813918487362,53.67328522217542
Latent Neural ODE (tuned),2,val,2020,LH166,53.36788704734018,46.232648761283016
Latent Neural ODE (tuned),2,val,2020,LH172,68.2013939714913,55.32293629633898
Latent Neural ODE (tuned),2,val,2020,LH184,50.994128529901865,36.69098361233067
Latent Neural ODE (tuned),2,val,2020,LH185,44.96235982594252,41.312837254144355
Latent Neural ODE (tuned),2,val,2020,LH190,35.234535589052776,31.983392973247117
Latent Neural ODE (tuned),2,val,2020,LH191,47.331431934650354,38.848161023260595
Latent Neural ODE (tuned),2,val,2020,LH192,27.495660749100754,21.23273097072914
Latent Neural ODE (tuned),2,val,2020,LH194,53.27810993778321,46.03934077761455
Latent Neural ODE (tuned),2,val,2020,LH195,47.10970449316643,37.40018296803737
Latent Neural ODE (tuned),2,val,2020,LH197,45.421538788978964,42.76795931643932
Latent Neural ODE (tuned),2,val,2020,LH198,51.42159271376776,46.90202893760763
Latent Neural ODE (tuned),2,val,2020,LH199,50.651724325429996,42.43075844296824
Latent Neural ODE (tuned),2,val,2020,LH202,15.489816876043005,11.592675092164814
Latent Neural ODE (tuned),2,val,2020,LH204,32.62489513924057,25.815625931512606
Latent Neural ODE (tuned),2,val,2020,LH205,50.97455552765988,43.82787312560704
Latent Neural ODE (tuned),2,val,2020,LH206,46.710311611807505,34.862301319044015
Latent Neural ODE (tuned),2,val,2020,LH208,42.64266525113254,40.30658931244924
Latent Neural ODE (tuned),2,val,2020,LH209,34.71198064898541,27.445540541618847
Latent Neural ODE (tuned),2,val,2020,LH213,77.05659171918482,65.15460855281813
Latent Neural ODE (tuned),2,val,2020,LH214,48.62904682304158,39.50072267083774
Latent Neural ODE (tuned),2,val,2020,LH215,54.440421531708964,45.41012534560031
Latent Neural ODE (tuned),2,val,2020,LH222,72.89812409538845,65.90663909122006
Latent Neural ODE (tuned),2,val,2020,LH223,44.07884041349645,37.84490990405727
Latent Neural ODE (tuned),2,val,2020,LH224,49.95761893560842,40.09392100037791
Latent Neural ODE (tuned),2,val,2020,LH295,37.3857528326206,26.251540758382678
Latent Neural ODE (tuned),2,val,2020,LH59,59.730153474024526,48.715707298688734
Latent Neural ODE (tuned),2,val,2020,LH60,48.22358880070903,42.62270582296799
Latent Neural ODE (tuned),2,val,2020,LH61,42.91202285057789,28.57020955666701
Latent Neural ODE (tuned),2,val,2020,LH74,35.75049151686701,30.596525409102245
Latent Neural ODE (tuned),2,val,2020,LH82,45.206894717355944,38.06393461997179
Latent Neural ODE (tuned),2,val,2020,LH93,44.31580616478173,35.890973111523856
Latent Neural ODE (tuned),2,val,2020,LIBC 4,42.10207582984866,36.35373410453632
Latent Neural ODE (tuned),2,val,2020,LP1 NR HT,29.46984207524644,23.7535645023583
Latent Neural ODE (tuned),2,val,2020,LP5,45.95854984953209,39.61764106877903
Latent Neural ODE (tuned),2,val,2020,Lp215D,66.63158367117688,47.70844444052159
Latent Neural ODE (tuned),2,val,2020,M14,31.304637125557054,26.99028236452728
Latent Neural ODE (tuned),2,val,2020,MBPM,25.933427240227015,20.87858767339097
Latent Neural ODE (tuned),2,val,2020,MBWZ,37.177438429945255,31.84275102004056
Latent Neural ODE (tuned),2,val,2020,MEF156-55-2,39.033709147401304,35.50411555918057
Latent Neural ODE (tuned),2,val,2020,ML606,52.47336456194633,36.83248299399874
Latent Neural ODE (tuned),2,val,2020,MM501D,56.697362480915416,49.65084995316166
Latent Neural ODE (tuned),2,val,2020,MQ305,64.5097875500606,57.365524010231766
Latent Neural ODE (tuned),2,val,2020,MS116,52.820562345343106,48.66959665920414
Latent Neural ODE (tuned),2,val,2020,MS132,33.93477281834108,30.108114219042683
Latent Neural ODE (tuned),2,val,2020,MS153,54.08417757212721,37.867038707503006
Latent Neural ODE (tuned),2,val,2020,MS200,43.12671125516333,36.91738950275383
Latent Neural ODE (tuned),2,val,2020,MS211,29.393912531932614,26.92312343269549
Latent Neural ODE (tuned),2,val,2020,MS221,46.94097389439879,43.17012104299007
Latent Neural ODE (tuned),2,val,2020,MS224,61.30748048042447,50.592780501518455
Latent Neural ODE (tuned),2,val,2020,MS225,24.90268611575651,20.59798708529537
Latent Neural ODE (tuned),2,val,2020,MS226,27.95413405967243,23.962046767601578
Latent Neural ODE (tuned),2,val,2020,MS24A,49.88581856375497,48.34912980643877
Latent Neural ODE (tuned),2,val,2020,MS67,48.44688406738825,40.17957510242718
Latent Neural ODE (tuned),2,val,2020,MS71,34.31964744038805,28.368606871123273
Latent Neural ODE (tuned),2,val,2020,MS72,23.946161553133443,19.74644257213372
Latent Neural ODE (tuned),2,val,2020,Mo46,39.06576265160148,32.50488708059684
Latent Neural ODE (tuned),2,val,2020,Mo47,49.3915468156337,38.39750083146347
Latent Neural ODE (tuned),2,val,2020,Mo5,69.41877568921075,54.83633685337767
Latent Neural ODE (tuned),2,val,2020,N192,29.729295114527268,25.072569951608944
Latent Neural ODE (tuned),2,val,2020,N193,28.818071866152547,25.436001565328105
Latent Neural ODE (tuned),2,val,2020,N201,32.8898264762271,24.9262270738712
Latent Neural ODE (tuned),2,val,2020,N211,47.68311474330125,43.723883198557196
Latent Neural ODE (tuned),2,val,2020,N217,63.13933995307839,52.83695751234234
Latent Neural ODE (tuned),2,val,2020,N28Ht,36.19927675450811,31.71745174375697
Latent Neural ODE (tuned),2,val,2020,N501,78.60264043559889,67.3623379220024
Latent Neural ODE (tuned),2,val,2020,N523,21.138439227363254,16.813906654405294
Latent Neural ODE (tuned),2,val,2020,N527,34.68179424468579,26.81583159723406
Latent Neural ODE (tuned),2,val,2020,N534,35.96926157947174,32.65631129408987
Latent Neural ODE (tuned),2,val,2020,N542,36.34087214473066,32.15990577960665
Latent Neural ODE (tuned),2,val,2020,N6,52.56659144906013,37.86457383797828
Latent Neural ODE (tuned),2,val,2020,NC262,46.41305587534043,37.53750307081744
Latent Neural ODE (tuned),2,val,2020,NC294,44.35391623274213,40.56307591559028
Latent Neural ODE (tuned),2,val,2020,NC310,23.29491936406372,20.59351722496945
Latent Neural ODE (tuned),2,val,2020,NC326,28.459362487686075,24.18915612198623
Latent Neural ODE (tuned),2,val,2020,NC328,33.995112371150995,30.70577111597885
Latent Neural ODE (tuned),2,val,2020,NC368,41.08118905547532,38.628779131468896
Latent Neural ODE (tuned),2,val,2020,NC412,38.430230327716174,34.26937472343322
Latent Neural ODE (tuned),2,val,2020,ND247,54.84683060153038,50.72672662573417
Latent Neural ODE (tuned),2,val,2020,ND265,39.735092434613385,36.88663766491921
Latent Neural ODE (tuned),2,val,2020,NK740,71.38146656231528,60.62878203523189
Latent Neural ODE (tuned),2,val,2020,NK778,37.208716281672146,33.58113852159991
Latent Neural ODE (tuned),2,val,2020,NK807,34.68519053283894,26.059672199052127
Latent Neural ODE (tuned),2,val,2020,NKS8326,29.201007113016534,23.975808661448436
Latent Neural ODE (tuned),2,val,2020,NORTH 7,89.93215303886552,76.27793704643615
Latent Neural ODE (tuned),2,val,2020,NQ508,46.848880379979136,33.44936068720043
Latent Neural ODE (tuned),2,val,2020,NS501,80.46423002882783,69.2919934337393
Latent Neural ODE (tuned),2,val,2020,NS701,63.13147524445816,52.975361993658545
Latent Neural ODE (tuned),2,val,2020,NY 166 (Neveh Yaar),24.327756204485166,18.670376744136465
Latent Neural ODE (tuned),2,val,2020,NY6371,21.61376953726388,16.201770634091908
Latent Neural ODE (tuned),2,val,2020,Ny821,21.095132397486694,17.10316963760493
Latent Neural ODE (tuned),2,val,2020,OH33,31.295617469786126,26.579997737842877
Latent Neural ODE (tuned),2,val,2020,OQ403,46.310676404686006,35.51205842453338
Latent Neural ODE (tuned),2,val,2020,OQ603,29.773979036574254,22.807171820672288
Latent Neural ODE (tuned),2,val,2020,OS602,67.12966548097145,48.78839732566389
Latent Neural ODE (tuned),2,val,2020,Oh40B,47.39801180536008,39.92557851760946
Latent Neural ODE (tuned),2,val,2020,Oh43,39.183372097446664,31.91074235940949
Latent Neural ODE (tuned),2,val,2020,Oh7,40.30394886424374,34.540210330357255
Latent Neural ODE (tuned),2,val,2020,Os420,33.16785401518114,29.773769701535763
Latent Neural ODE (tuned),2,val,2020,Os426,23.429660143629064,20.425408048412198
Latent Neural ODE (tuned),2,val,2020,PHB09,22.574037553964274,19.90304995810783
Latent Neural ODE (tuned),2,val,2020,PHB47,55.6003242288081,51.730683814715
Latent Neural ODE (tuned),2,val,2020,PHBA6,30.706583670823886,25.735472812955084
Latent Neural ODE (tuned),2,val,2020,PHBB3,48.106622169065915,46.054382410291545
Latent Neural ODE (tuned),2,val,2020,PHBW8,72.81002286667072,63.54110306926601
Latent Neural ODE (tuned),2,val,2020,PHG29,43.05869334924854,37.79944959709883
Latent Neural ODE (tuned),2,val,2020,PHG47,41.24731393276452,34.94480603723315
Latent Neural ODE (tuned),2,val,2020,PHG50,44.27329088355857,36.64384454352342
Latent Neural ODE (tuned),2,val,2020,PHG71,38.28196652029682,35.66861926817008
Latent Neural ODE (tuned),2,val,2020,PHG72,25.0217789390226,21.746874715196817
Latent Neural ODE (tuned),2,val,2020,PHG80,46.44368540317763,39.955770415446466
Latent Neural ODE (tuned),2,val,2020,PHG83,48.841215125132784,47.57032045191278
Latent Neural ODE (tuned),2,val,2020,PHG86,23.58053975093024,19.476836577739544
Latent Neural ODE (tuned),2,val,2020,PHGW7,23.32806260562955,17.751760579297898
Latent Neural ODE (tuned),2,val,2020,PHH93,61.01202033712599,46.81204003313513
Latent Neural ODE (tuned),2,val,2020,PHHV4,21.521274962646032,17.5387722222957
Latent Neural ODE (tuned),2,val,2020,PHJ70,62.44538308119481,54.91929790435642
Latent Neural ODE (tuned),2,val,2020,PHJ89,40.36211614513925,33.90258426788172
Latent Neural ODE (tuned),2,val,2020,PHJ90,34.56084421816382,29.04212655684748
Latent Neural ODE (tuned),2,val,2020,PHJR5,60.911359938878036,51.221264060586016
Latent Neural ODE (tuned),2,val,2020,PHK35,43.98125505441911,28.63010880358964
Latent Neural ODE (tuned),2,val,2020,PHK42,52.58652648119677,47.73883889657726
Latent Neural ODE (tuned),2,val,2020,PHK56,42.06690873784492,37.09887551873118
Latent Neural ODE (tuned),2,val,2020,PHK74,34.76292129941093,25.73916049576771
Latent Neural ODE (tuned),2,val,2020,PHKE6,31.2437925639416,24.952117988985922
Latent Neural ODE (tuned),2,val,2020,PHM10,44.88390809855868,36.01291555635783
Latent Neural ODE (tuned),2,val,2020,PHN11,21.000774607307356,18.74539892719537
Latent Neural ODE (tuned),2,val,2020,PHN29,41.60129408413564,31.863861924999565
Latent Neural ODE (tuned),2,val,2020,PHN66,24.06121796113662,20.91068097694159
Latent Neural ODE (tuned),2,val,2020,PHP02,31.184831551258377,28.011447127903384
Latent Neural ODE (tuned),2,val,2020,PHP55,33.703610789764284,31.931802865259787
Latent Neural ODE (tuned),2,val,2020,PHP76,46.972050864102435,38.69612339940731
Latent Neural ODE (tuned),2,val,2020,PHP85,34.5393742997127,30.30101258098017
Latent Neural ODE (tuned),2,val,2020,PHPR5,28.69604606130036,24.384318355780085
Latent Neural ODE (tuned),2,val,2020,PHR03,47.450183341241164,33.73391934632853
Latent Neural ODE (tuned),2,val,2020,PHR30,52.28375093180004,45.40661534916759
Latent Neural ODE (tuned),2,val,2020,PHR31,45.09914221103366,36.172877185783086
Latent Neural ODE (tuned),2,val,2020,PHR36,45.39875967236564,33.519855759251264
Latent Neural ODE (tuned),2,val,2020,PHR47,31.25226586458793,25.021132359991547
Latent Neural ODE (tuned),2,val,2020,PHR58,66.4986757964702,52.09579379793333
Latent Neural ODE (tuned),2,val,2020,PHR63,36.3115667661492,30.295266154892584
Latent Neural ODE (tuned),2,val,2020,PHT10,33.95969573521616,30.910647319736217
Latent Neural ODE (tuned),2,val,2020,PHT47,87.73900958271734,73.03630199083014
Latent Neural ODE (tuned),2,val,2020,PHT55,59.74470904574737,37.919002446385775
Latent Neural ODE (tuned),2,val,2020,PHTM9,35.68092400022611,25.44435798318056
Latent Neural ODE (tuned),2,val,2020,PHV37,53.52181313215683,46.55041585352057
Latent Neural ODE (tuned),2,val,2020,PHV57,59.73638486822316,50.158895326386805
Latent Neural ODE (tuned),2,val,2020,PHV63,48.95897726857669,45.247769783510236
Latent Neural ODE (tuned),2,val,2020,PHVA9,60.49095970697621,47.25005146450342
Latent Neural ODE (tuned),2,val,2020,PHW03,44.726383524448444,35.42510402938823
Latent Neural ODE (tuned),2,val,2020,PHW17,68.4320139314769,50.81037092321482
Latent Neural ODE (tuned),2,val,2020,PHW20,28.737864415880708,25.21370271910062
Latent Neural ODE (tuned),2,val,2020,PHW30,81.7224318388949,57.03520573362518
Latent Neural ODE (tuned),2,val,2020,PHW52,51.52424497172741,47.44218137116469
Latent Neural ODE (tuned),2,val,2020,PHW53,49.9952054122014,42.46355506048571
Latent Neural ODE (tuned),2,val,2020,PHW79,44.96113335814822,36.78006213568779
Latent Neural ODE (tuned),2,val,2020,PHW80,29.897563121553937,23.69205492689984
Latent Neural ODE (tuned),2,val,2020,PHW86,48.62468980920923,40.480145658056976
Latent Neural ODE (tuned),2,val,2020,PHZ51,44.601870214622444,39.01646603691298
Latent Neural ODE (tuned),2,val,2020,Pa392,63.417017914067905,62.86282059731627
Latent Neural ODE (tuned),2,val,2020,Pa405,70.6123807519725,57.18085436525397
Latent Neural ODE (tuned),2,val,2020,Pa762,37.16073443725847,29.120156812602367
Latent Neural ODE (tuned),2,val,2020,Pa875,40.68148883068429,34.84622840775221
Latent Neural ODE (tuned),2,val,2020,Pa880,38.81663196502321,33.63739760643661
Latent Neural ODE (tuned),2,val,2020,Pa91,37.76023704388923,32.09113697346523
Latent Neural ODE (tuned),2,val,2020,Q381,33.799691715806524,27.03681239872706
Latent Neural ODE (tuned),2,val,2020,R168,47.347316094767265,41.64633495535612
Latent Neural ODE (tuned),2,val,2020,R181B,53.48214792452036,47.92680048941338
Latent Neural ODE (tuned),2,val,2020,R226,48.30468814891782,44.27659471140011
Latent Neural ODE (tuned),2,val,2020,R227,27.367145921154528,22.60437698316962
Latent Neural ODE (tuned),2,val,2020,R71,24.431245169734353,20.361879924152024
Latent Neural ODE (tuned),2,val,2020,R78,35.360243739876005,32.25712583667423
Latent Neural ODE (tuned),2,val,2020,S8326,37.741124240213004,31.701175309280956
Latent Neural ODE (tuned),2,val,2020,SD101,44.77950363796282,41.967079730314666
Latent Neural ODE (tuned),2,val,2020,SD102,43.905841734035135,39.31014367877411
Latent Neural ODE (tuned),2,val,2020,SD107,53.37706115226136,37.80556969483797
Latent Neural ODE (tuned),2,val,2020,SD40,38.593270115638994,31.839917247633306
Latent Neural ODE (tuned),2,val,2020,SD44,28.99634794590144,23.366754240143887
Latent Neural ODE (tuned),2,val,2020,SG 30A,30.371164228795347,27.07345176260883
Latent Neural ODE (tuned),2,val,2020,Seagull Seventeen,52.533470208307605,41.66954968001016
Latent Neural ODE (tuned),2,val,2020,T242,49.49084820264058,46.21863874539057
Latent Neural ODE (tuned),2,val,2020,TZU-CHIAO-HSI-WU 105,33.41907957521609,26.440473490466776
Latent Neural ODE (tuned),2,val,2020,Tr,64.04404689442185,56.05568547169902
Latent Neural ODE (tuned),2,val,2020,Va26,40.5394451718655,35.346087155241335
Latent Neural ODE (tuned),2,val,2020,Va35,38.76821464796212,34.22110194148855
Latent Neural ODE (tuned),2,val,2020,Va52,55.84364462937201,52.03611458218097
Latent Neural ODE (tuned),2,val,2020,Va59,42.69308467911207,31.833789161088635
Latent Neural ODE (tuned),2,val,2020,Va99,38.664518212310064,33.14610181851268
Latent Neural ODE (tuned),2,val,2020,VaW6,54.07047264011906,46.667982715569906
Latent Neural ODE (tuned),2,val,2020,W117Ht,29.16950021728543,24.72975848492528
Latent Neural ODE (tuned),2,val,2020,W153R,95.4545953562786,78.0763439539591
Latent Neural ODE (tuned),2,val,2020,W22,53.83381328345285,46.0260651863958
Latent Neural ODE (tuned),2,val,2020,W23,42.856742636829246,40.646553267216454
Latent Neural ODE (tuned),2,val,2020,W24,28.498950565518953,23.998259403999793
Latent Neural ODE (tuned),2,val,2020,W32,38.214274384706734,30.7519883162023
Latent Neural ODE (tuned),2,val,2020,W37A,40.910724818995796,36.275270828265114
Latent Neural ODE (tuned),2,val,2020,W552,45.16852683372637,33.64541156197718
Latent Neural ODE (tuned),2,val,2020,W603S,64.64182411104468,49.84485103025299
Latent Neural ODE (tuned),2,val,2020,W604S,42.69363295560141,32.56590388820359
Latent Neural ODE (tuned),2,val,2020,W605S,49.33763715504379,35.5884558033155
Latent Neural ODE (tuned),2,val,2020,W607S,30.58954308123492,25.97499924831743
Latent Neural ODE (tuned),2,val,2020,W610S,61.80221679309281,54.86653342195691
Latent Neural ODE (tuned),2,val,2020,W612S,58.54970097108768,46.361605561911084
Latent Neural ODE (tuned),2,val,2020,W614S,37.47698084593545,25.514059878717067
Latent Neural ODE (tuned),2,val,2020,W64A,23.06497416271203,20.65567610523319
Latent Neural ODE (tuned),2,val,2020,W701BC,46.27764063383873,42.32290070681305
Latent Neural ODE (tuned),2,val,2020,W809G,34.66865648497344,29.267503847651035
Latent Neural ODE (tuned),2,val,2020,W810G,29.073718097756117,23.43456355601513
Latent Neural ODE (tuned),2,val,2020,W812G,44.013044220968034,36.57617689289458
Latent Neural ODE (tuned),2,val,2020,W813G,32.47597711859725,25.845395395349044
Latent Neural ODE (tuned),2,val,2020,W814G,50.739370193935734,44.6839547425107
Latent Neural ODE (tuned),2,val,2020,W8304,12.403707232894785,11.268207722428665
Latent Neural ODE (tuned),2,val,2020,W9,32.46436699525219,27.65699556066826
Latent Neural ODE (tuned),2,val,2020,WIL900,58.90733855525634,50.128843974438254
Latent Neural ODE (tuned),2,val,2020,WR3,39.32967283597506,31.960396969264707
Latent Neural ODE (tuned),2,val,2020,WU-TAN-TZAO,44.403717752250756,33.49808244856103
Latent Neural ODE (tuned),2,val,2020,YE 4,53.140189461783685,47.50972265024722
Latent Neural ODE (tuned),2,val,2020,YING-55,103.80894813266752,93.62804191383451
Latent Neural ODE (tuned),2,val,2020,Yu796 NS,53.35265226836459,51.016255803061085
Latent Neural ODE (tuned),2,val,2020,ZS635,46.172132504193044,37.99392352275341
Latent Neural ODE (tuned),2,test,2021,1538,47.9142695385007,43.07917963399784
Latent Neural ODE (tuned),2,test,2021,2369,45.75990294048085,37.887350311257386
Latent Neural ODE (tuned),2,test,2021,29MIBZ2,39.43668021258244,29.237507874451502
Latent Neural ODE (tuned),2,test,2021,2FACC,29.26035008903603,26.454834405460623
Latent Neural ODE (tuned),2,test,2021,2FADB,35.70546545416035,33.0620781389481
Latent Neural ODE (tuned),2,test,2021,2MA22,48.08361754005081,38.575090418085125
Latent Neural ODE (tuned),2,test,2021,2MCDB,73.00448103864886,65.06016767818872
Latent Neural ODE (tuned),2,test,2021,3IJI1,31.150306037761563,25.520129759704616
Latent Neural ODE (tuned),2,test,2021,4226,55.7940329364487,53.07212828311761
Latent Neural ODE (tuned),2,test,2021,4F-306 108,55.829796974032234,42.10564743408301
Latent Neural ODE (tuned),2,test,2021,4N506,37.65232605461644,27.284941324424295
Latent Neural ODE (tuned),2,test,2021,6F629,74.99171559483766,71.54217780887487
Latent Neural ODE (tuned),2,test,2021,6M502,53.47546453809844,51.16639388213427
Latent Neural ODE (tuned),2,test,2021,6M502A,62.80490698413372,58.29072953295547
Latent Neural ODE (tuned),2,test,2021,764,52.91628367700949,44.54548411555737
Latent Neural ODE (tuned),2,test,2021,78010,65.14958130008597,58.82047729982842
Latent Neural ODE (tuned),2,test,2021,78551S,41.12260205731146,34.00034230462026
Latent Neural ODE (tuned),2,test,2021,790,49.772299058354285,44.66090597059511
Latent Neural ODE (tuned),2,test,2021,793,34.335103410344985,30.15423193415331
Latent Neural ODE (tuned),2,test,2021,87916W,56.12811635077566,54.70608304413233
Latent Neural ODE (tuned),2,test,2021,911,37.20897109544321,32.8522370666083
Latent Neural ODE (tuned),2,test,2021,912,69.84036143654451,61.435729135701365
Latent Neural ODE (tuned),2,test,2021,91IFC2,41.189632305408274,36.316510072328185
Latent Neural ODE (tuned),2,test,2021,A,50.03392401803605,47.5202016959107
Latent Neural ODE (tuned),2,test,2021,A208,59.69255412035492,48.64975923123834
Latent Neural ODE (tuned),2,test,2021,A239,36.75682090730284,32.067893912126486
Latent Neural ODE (tuned),2,test,2021,A258,78.12587731144369,74.54366653617167
Latent Neural ODE (tuned),2,test,2021,A272,38.31175398750485,33.04733594012008
Latent Neural ODE (tuned),2,test,2021,A305,28.049069653143206,25.839322600647403
Latent Neural ODE (tuned),2,test,2021,A321,84.72688576712159,63.119110916559954
Latent Neural ODE (tuned),2,test,2021,A322,39.96357660802369,32.67234186125794
Latent Neural ODE (tuned),2,test,2021,A334,41.418745659473785,34.65588759663473
Latent Neural ODE (tuned),2,test,2021,A340,49.100570331035236,40.128335461920315
Latent Neural ODE (tuned),2,test,2021,A374,38.677987622130836,32.59608235742939
Latent Neural ODE (tuned),2,test,2021,A385,54.065197079174695,47.12116017462604
Latent Neural ODE (tuned),2,test,2021,A427,42.856681494891184,37.7310390325238
Latent Neural ODE (tuned),2,test,2021,A548,40.77371478923608,34.733118342495466
Latent Neural ODE (tuned),2,test,2021,A556,57.14521136036639,49.19773347774522
Latent Neural ODE (tuned),2,test,2021,A572,52.771674846334015,45.46562300709142
Latent Neural ODE (tuned),2,test,2021,A619,43.12139600665919,37.33964726560803
Latent Neural ODE (tuned),2,test,2021,A627,105.53349071475442,96.41839532575224
Latent Neural ODE (tuned),2,test,2021,A632,82.92978366737728,76.24737660196655
Latent Neural ODE (tuned),2,test,2021,A634,45.92440026439044,38.06683970419524
Latent Neural ODE (tuned),2,test,2021,A635,44.79310830903427,36.163327708390476
Latent Neural ODE (tuned),2,test,2021,A641,54.565430523413575,47.37313065473014
Latent Neural ODE (tuned),2,test,2021,A648,107.92327392775,96.36073614618277
Latent Neural ODE (tuned),2,test,2021,A649,52.16833347559147,48.10393124328927
Latent Neural ODE (tuned),2,test,2021,A659,40.401087388927834,36.124361818685955
Latent Neural ODE (tuned),2,test,2021,A663,34.47875763098497,29.808620535126284
Latent Neural ODE (tuned),2,test,2021,A672,51.47383055537011,41.32948842768834
Latent Neural ODE (tuned),2,test,2021,A674,31.757427907249937,25.97168097430864
Latent Neural ODE (tuned),2,test,2021,A679,72.8318580463306,63.91549963274556
Latent Neural ODE (tuned),2,test,2021,A680,28.359212879826188,21.23255349652349
Latent Neural ODE (tuned),2,test,2021,A682,47.47805496407213,35.7440031403692
Latent Neural ODE (tuned),2,test,2021,A71,32.043259963426905,24.830767476097634
Latent Neural ODE (tuned),2,test,2021,A73,67.92533852491948,63.71704443003896
Latent Neural ODE (tuned),2,test,2021,AQA3,31.3920911215007,27.353626347922262
Latent Neural ODE (tuned),2,test,2021,AS6103,36.22064117497618,28.392193283469435
Latent Neural ODE (tuned),2,test,2021,AusTRCF 306238,41.7714152482334,36.9891802065014
Latent Neural ODE (tuned),2,test,2021,B-18 INBR.FR.SUPERGOLD,40.88164897871621,35.00353476475741
Latent Neural ODE (tuned),2,test,2021,B-28,41.31156644733279,36.47252190939491
Latent Neural ODE (tuned),2,test,2021,B103,39.858435015305204,34.339879489198395
Latent Neural ODE (tuned),2,test,2021,B104,42.4309668300952,37.8663113422741
Latent Neural ODE (tuned),2,test,2021,B105,63.584574129465324,59.94913383879634
Latent Neural ODE (tuned),2,test,2021,B107,39.738925753917414,32.12715178947552
Latent Neural ODE (tuned),2,test,2021,B108,31.505098097123454,27.91204960098387
Latent Neural ODE (tuned),2,test,2021,B110,59.040506459715246,56.60599831442323
Latent Neural ODE (tuned),2,test,2021,B111,34.30682029144246,27.226523102717117
Latent Neural ODE (tuned),2,test,2021,B114,55.98175652512959,44.41872428444829
Latent Neural ODE (tuned),2,test,2021,B115,59.176250753158065,55.374026930451535
Latent Neural ODE (tuned),2,test,2021,B119,60.74865632471169,50.3998050614253
Latent Neural ODE (tuned),2,test,2021,B120,77.99928118542722,69.61930349498832
Latent Neural ODE (tuned),2,test,2021,B121,35.197249051198575,30.315937098022623
Latent Neural ODE (tuned),2,test,2021,B14,53.359042231528335,41.25500177916554
Latent Neural ODE (tuned),2,test,2021,B14A,69.68086396723572,66.80826332840438
Latent Neural ODE (tuned),2,test,2021,B164,34.64937450215393,31.177516394536053
Latent Neural ODE (tuned),2,test,2021,B2,45.50349301339209,41.09076496164201
Latent Neural ODE (tuned),2,test,2021,B37,57.46695496698487,55.59686376054176
Latent Neural ODE (tuned),2,test,2021,B46,46.163792785781844,41.3648884412972
Latent Neural ODE (tuned),2,test,2021,B57,79.4616335165397,74.57412083190793
Latent Neural ODE (tuned),2,test,2021,B65,66.44671742797837,53.70151350324841
Latent Neural ODE (tuned),2,test,2021,B66,25.171690202308067,20.106440530511247
Latent Neural ODE (tuned),2,test,2021,B68,84.54853505468617,78.97399287431283
Latent Neural ODE (tuned),2,test,2021,B70,50.78325627284715,41.755564996671126
Latent Neural ODE (tuned),2,test,2021,B75,34.08160407973354,26.426836043689523
Latent Neural ODE (tuned),2,test,2021,B76,32.805816026805175,27.761234234468645
Latent Neural ODE (tuned),2,test,2021,B77,62.87044406308264,57.41082479179793
Latent Neural ODE (tuned),2,test,2021,B79,45.25013570400488,40.984666407008284
Latent Neural ODE (tuned),2,test,2021,B84,69.02906808418466,65.84188664423098
Latent Neural ODE (tuned),2,test,2021,B85,57.300407370462594,42.640029413128005
Latent Neural ODE (tuned),2,test,2021,B87,45.15314152736182,38.68431616318996
Latent Neural ODE (tuned),2,test,2021,B88,30.603768943684994,24.668987846342958
Latent Neural ODE (tuned),2,test,2021,B91,36.52892430574052,30.546222271323085
Latent Neural ODE (tuned),2,test,2021,B97,59.60367667916438,56.10112892180509
Latent Neural ODE (tuned),2,test,2021,BEI 10 = NORTH 10,46.65504147005768,42.58762375645584
Latent Neural ODE (tuned),2,test,2021,BO9,47.30107331257615,44.26966330598941
Latent Neural ODE (tuned),2,test,2021,C103,69.8497996948763,56.365345869163434
Latent Neural ODE (tuned),2,test,2021,C123,44.74773055697652,34.3411494691044
Latent Neural ODE (tuned),2,test,2021,CA-4,39.69225550005929,32.07430834044235
Latent Neural ODE (tuned),2,test,2021,CG102,32.306989198459696,26.04387630113747
Latent Neural ODE (tuned),2,test,2021,CH157,44.608630722309115,40.05011226860307
Latent Neural ODE (tuned),2,test,2021,CH701-30,31.994577748301328,28.811505431548028
Latent Neural ODE (tuned),2,test,2021,CH711-10,30.22501390152656,24.892226475726424
Latent Neural ODE (tuned),2,test,2021,CH9,51.96709840303844,42.89471388719086
Latent Neural ODE (tuned),2,test,2021,CI 40H,36.78548618250004,30.969366230156616
Latent Neural ODE (tuned),2,test,2021,CM105,39.106008563961566,30.531555959966
Latent Neural ODE (tuned),2,test,2021,CO257,142.47924352295354,133.75934058101316
Latent Neural ODE (tuned),2,test,2021,CO258,68.60232799896994,59.789472875221506
Latent Neural ODE (tuned),2,test,2021,CQ702RC,71.04147067160692,54.60707747725148
Latent Neural ODE (tuned),2,test,2021,CR 22 INBRED,46.039513818359445,36.28788938781824
Latent Neural ODE (tuned),2,test,2021,CS405,45.744468672992056,37.3213174556653
Latent Neural ODE (tuned),2,test,2021,DE2,35.853828365296714,28.711497316076553
Latent Neural ODE (tuned),2,test,2021,DE4,36.472830501491266,29.699402349751388
Latent Neural ODE (tuned),2,test,2021,DE811,36.742500683370345,30.716779794328648
Latent Neural ODE (tuned),2,test,2021,DJ7,61.83029724170175,57.55239303936959
Latent Neural ODE (tuned),2,test,2021,DK3IIH6,57.33998428127634,49.83260068313734
Latent Neural ODE (tuned),2,test,2021,DK4676A,32.61571112803692,26.464802456650773
Latent Neural ODE (tuned),2,test,2021,DK78002A,35.1252988799951,32.54238597231967
Latent Neural ODE (tuned),2,test,2021,DK78010,48.546159083603854,45.18358952236413
Latent Neural ODE (tuned),2,test,2021,DKFAPW,54.389820638268134,49.586620965756175
Latent Neural ODE (tuned),2,test,2021,DKFBHJ,60.804216553182776,51.433760075539475
Latent Neural ODE (tuned),2,test,2021,DKMBNA,38.82469810227203,32.27062142876129
Latent Neural ODE (tuned),2,test,2021,DKPB80,39.89833339204564,34.37915602796488
Latent Neural ODE (tuned),2,test,2021,E8501,79.33145724349181,74.10381721704297
Latent Neural ODE (tuned),2,test,2021,EAST 028,39.25561832813216,32.42382051430621
Latent Neural ODE (tuned),2,test,2021,Eng-Li Chih,61.486084328975245,55.62787581226272
Latent Neural ODE (tuned),2,test,2021,F118,36.89609405697629,31.77313164937424
Latent Neural ODE (tuned),2,test,2021,F2834T,80.8446612041877,76.57757886033373
Latent Neural ODE (tuned),2,test,2021,FBLA,66.83267261514592,61.53894274466495
Latent Neural ODE (tuned),2,test,2021,FR19,74.90273942114143,62.91211280539005
Latent Neural ODE (tuned),2,test,2021,G80,38.61551393369232,36.555165437170885
Latent Neural ODE (tuned),2,test,2021,H110,41.66701865808732,35.62025720050582
Latent Neural ODE (tuned),2,test,2021,H113,30.779860964665744,22.1242487959487
Latent Neural ODE (tuned),2,test,2021,H121,40.9015723475338,33.4576867792271
Latent Neural ODE (tuned),2,test,2021,H122w,39.92412855832751,31.627705174945838
Latent Neural ODE (tuned),2,test,2021,H42,81.5521459121667,67.72628837464194
Latent Neural ODE (tuned),2,test,2021,H5,38.77578381498921,29.46459117631227
Latent Neural ODE (tuned),2,test,2021,H71,47.39239698444901,42.54527384384123
Latent Neural ODE (tuned),2,test,2021,H84,138.82924817549096,123.01376807757504
Latent Neural ODE (tuned),2,test,2021,H91,32.95649902875893,28.780667777324435
Latent Neural ODE (tuned),2,test,2021,H95,48.33156102860784,37.87159983281116
Latent Neural ODE (tuned),2,test,2021,H96,82.33993211736993,70.91499780269582
Latent Neural ODE (tuned),2,test,2021,H99,36.67292304498652,24.597176342530325
Latent Neural ODE (tuned),2,test,2021,HP301,84.19027625747302,73.45176931707313
Latent Neural ODE (tuned),2,test,2021,HUANYAO,57.20766775834151,51.32245879894121
Latent Neural ODE (tuned),2,test,2021,I29,39.54531342830757,31.956304819809684
Latent Neural ODE (tuned),2,test,2021,IA2132,55.839394640266036,46.907160090128805
Latent Neural ODE (tuned),2,test,2021,IBB14,60.391957631369486,51.75122904733571
Latent Neural ODE (tuned),2,test,2021,IBB15,51.46329170201756,47.118389607415494
Latent Neural ODE (tuned),2,test,2021,IBC2,75.84233164254758,67.00253741657137
Latent Neural ODE (tuned),2,test,2021,ICI 193,36.03065880925871,29.63621477714408
Latent Neural ODE (tuned),2,test,2021,ICI 740,50.90599089758224,40.87381037686839
Latent Neural ODE (tuned),2,test,2021,ICI 893,62.72642658821754,59.57710291826495
Latent Neural ODE (tuned),2,test,2021,ICI 986,34.51708918087601,29.54051382417412
Latent Neural ODE (tuned),2,test,2021,IDS28,28.058458771615676,23.439969848344013
Latent Neural ODE (tuned),2,test,2021,IDS69,82.6256128200994,76.90141151777362
Latent Neural ODE (tuned),2,test,2021,IDS91,46.93391278407566,45.5077543404233
Latent Neural ODE (tuned),2,test,2021,INB 101LFY/LFY (A632 X M16 S5),40.528088038126405,36.15191672508621
Latent Neural ODE (tuned),2,test,2021,INBRED 141,56.69720233293566,46.17787678295967
Latent Neural ODE (tuned),2,test,2021,INBRED 2-687,64.06173371862866,58.86831729959674
Latent Neural ODE (tuned),2,test,2021,INBRED 305,67.43809499856405,59.76658709189267
Latent Neural ODE (tuned),2,test,2021,INBRED 309,130.44627445163903,112.63503628118625
Latent Neural ODE (tuned),2,test,2021,INBRED 321,67.4805256946046,62.95674133486966
Latent Neural ODE (tuned),2,test,2021,Ia 453,63.5034334809834,57.3226219366144
Latent Neural ODE (tuned),2,test,2021,J47,84.61215591019153,67.36678004877356
Latent Neural ODE (tuned),2,test,2021,K150,39.669350516002446,31.051428245432884
Latent Neural ODE (tuned),2,test,2021,K41,85.6463596122294,79.03014844996832
Latent Neural ODE (tuned),2,test,2021,K47,60.675112176208515,55.39533450755666
Latent Neural ODE (tuned),2,test,2021,K55,81.73857397133466,76.98182111374493
Latent Neural ODE (tuned),2,test,2021,KUNG-70,32.81676155729219,26.871273929974365
Latent Neural ODE (tuned),2,test,2021,L 127,37.81270457401235,31.589646343543563
Latent Neural ODE (tuned),2,test,2021,L 135,45.57321907285673,37.44016370801175
Latent Neural ODE (tuned),2,test,2021,L 139,36.68367720955748,30.239336161663584
Latent Neural ODE (tuned),2,test,2021,L 155,50.47797323937652,46.73345162777322
Latent Neural ODE (tuned),2,test,2021,L 289,37.5729811656522,32.0907940980772
Latent Neural ODE (tuned),2,test,2021,LH1,45.46606007785928,36.63244031200069
Latent Neural ODE (tuned),2,test,2021,LH119,39.724035016233245,32.650125856321196
Latent Neural ODE (tuned),2,test,2021,LH128,56.67105604390057,47.487260751730744
Latent Neural ODE (tuned),2,test,2021,LH143 (Maintainer),49.04820883100835,43.367701724027576
Latent Neural ODE (tuned),2,test,2021,LH145,44.56953525699147,41.67626972843884
Latent Neural ODE (tuned),2,test,2021,LH146Ht,52.09570193750593,49.946600065534646
Latent Neural ODE (tuned),2,test,2021,LH149,43.2701081890806,31.93809847527466
Latent Neural ODE (tuned),2,test,2021,LH165,62.13226794838277,58.05616239837447
Latent Neural ODE (tuned),2,test,2021,LH166,37.496255147832564,30.13904546501386
Latent Neural ODE (tuned),2,test,2021,LH172,109.23603697060825,97.3965015609181
Latent Neural ODE (tuned),2,test,2021,LH184,39.66416601144459,35.87746842139815
Latent Neural ODE (tuned),2,test,2021,LH185,59.96659853180354,47.290697442713906
Latent Neural ODE (tuned),2,test,2021,LH190,48.65281827499146,42.42919032916683
Latent Neural ODE (tuned),2,test,2021,LH191,54.0412024700659,47.90490799019297
Latent Neural ODE (tuned),2,test,2021,LH192,46.078257366747025,36.76884138488343
Latent Neural ODE (tuned),2,test,2021,LH194,90.9425589787591,86.83405442824917
Latent Neural ODE (tuned),2,test,2021,LH195,59.88869845800289,57.108738607946364
Latent Neural ODE (tuned),2,test,2021,LH197,61.33430477581023,46.055054948812305
Latent Neural ODE (tuned),2,test,2021,LH198,37.07447333242805,33.92230819165974
Latent Neural ODE (tuned),2,test,2021,LH199,90.0355402195999,84.69527658241662
Latent Neural ODE (tuned),2,test,2021,LH202,46.73627490903818,37.240870385790245
Latent Neural ODE (tuned),2,test,2021,LH204,71.23267608993433,67.51906072385357
Latent Neural ODE (tuned),2,test,2021,LH205,78.32860722477372,70.77744292468634
Latent Neural ODE (tuned),2,test,2021,LH206,33.850699190585196,26.65938052331247
Latent Neural ODE (tuned),2,test,2021,LH208,48.99347366063405,44.71666248138495
Latent Neural ODE (tuned),2,test,2021,LH209,36.72303013301089,30.68171306617768
Latent Neural ODE (tuned),2,test,2021,LH213,69.02365103407693,68.14660706767343
Latent Neural ODE (tuned),2,test,2021,LH214,48.41395068859923,35.08889516529839
Latent Neural ODE (tuned),2,test,2021,LH215,43.5426987227553,40.37207442698286
Latent Neural ODE (tuned),2,test,2021,LH222,59.121441180965824,50.13679564347657
Latent Neural ODE (tuned),2,test,2021,LH223,44.29753782528452,34.55863461583418
Latent Neural ODE (tuned),2,test,2021,LH224,43.53209027150818,36.33978073977168
Latent Neural ODE (tuned),2,test,2021,LH295,34.99682155050621,32.831607138831274
Latent Neural ODE (tuned),2,test,2021,LH59,53.67245617227499,43.451975325573436
Latent Neural ODE (tuned),2,test,2021,LH60,32.87856851636195,25.539546891714693
Latent Neural ODE (tuned),2,test,2021,LH61,41.330798882361854,35.03828418087989
Latent Neural ODE (tuned),2,test,2021,LH74,58.539950584281385,55.81139079194247
Latent Neural ODE (tuned),2,test,2021,LH82,40.61182857109627,35.907816883460484
Latent Neural ODE (tuned),2,test,2021,LH93,46.576837524883686,43.932098744419235
Latent Neural ODE (tuned),2,test,2021,LIBC 4,56.19426275873442,51.75570154902182
Latent Neural ODE (tuned),2,test,2021,LP1 NR HT,68.41144822871306,63.56462268072573
Latent Neural ODE (tuned),2,test,2021,LP5,55.3762855409471,47.840369426391746
Latent Neural ODE (tuned),2,test,2021,Lp215D,31.30253472583923,25.2645277253283
Latent Neural ODE (tuned),2,test,2021,M14,33.01904323614446,24.29626161519516
Latent Neural ODE (tuned),2,test,2021,MBPM,55.29166720319825,50.12781684531158
Latent Neural ODE (tuned),2,test,2021,MBWZ,74.02611644403493,70.26380720106084
Latent Neural ODE (tuned),2,test,2021,MEF156-55-2,49.4700274990539,40.27282446079213
Latent Neural ODE (tuned),2,test,2021,ML606,49.572030195533806,43.63513749812902
Latent Neural ODE (tuned),2,test,2021,MM501D,39.77183103704054,32.951128279069124
Latent Neural ODE (tuned),2,test,2021,MQ305,48.64764148635444,42.793598678540114
Latent Neural ODE (tuned),2,test,2021,MS116,46.9537038092823,40.01603104097494
Latent Neural ODE (tuned),2,test,2021,MS132,36.172168972362435,29.739061947924995
Latent Neural ODE (tuned),2,test,2021,MS153,99.20274122001692,90.18031439707029
Latent Neural ODE (tuned),2,test,2021,MS200,50.96319282040301,40.06413654762236
Latent Neural ODE (tuned),2,test,2021,MS211,37.9758899692613,31.946837296557664
Latent Neural ODE (tuned),2,test,2021,MS221,45.535296524618765,41.61340819866935
Latent Neural ODE (tuned),2,test,2021,MS224,50.82716140312131,43.22373924125644
Latent Neural ODE (tuned),2,test,2021,MS225,35.998258833703,28.1422246249464
Latent Neural ODE (tuned),2,test,2021,MS226,51.86428569968137,40.008587417788014
Latent Neural ODE (tuned),2,test,2021,MS24A,41.26802189324861,34.48155848490477
Latent Neural ODE (tuned),2,test,2021,MS67,71.21164244441547,62.63877582774141
Latent Neural ODE (tuned),2,test,2021,MS71,50.09749604746966,44.58586298767317
Latent Neural ODE (tuned),2,test,2021,MS72,40.79146503695643,36.81401486426986
Latent Neural ODE (tuned),2,test,2021,Mo46,81.22805196156357,74.25687282440013
Latent Neural ODE (tuned),2,test,2021,Mo47,36.398302805440814,30.32867610840932
Latent Neural ODE (tuned),2,test,2021,Mo5,60.9160352012114,50.8335405468133
Latent Neural ODE (tuned),2,test,2021,N192,45.39113366539883,41.267985600716074
Latent Neural ODE (tuned),2,test,2021,N193,36.94599003604471,32.88852187915548
Latent Neural ODE (tuned),2,test,2021,N201,37.00439114459742,32.76308354547572
Latent Neural ODE (tuned),2,test,2021,N211,84.35930504822545,80.12120521863524
Latent Neural ODE (tuned),2,test,2021,N217,36.84240469089084,30.74939192143656
Latent Neural ODE (tuned),2,test,2021,N28Ht,97.49242629569613,89.44853749770549
Latent Neural ODE (tuned),2,test,2021,N501,50.73258169660288,46.569099911899606
Latent Neural ODE (tuned),2,test,2021,N523,36.12796682977801,29.48663651223209
Latent Neural ODE (tuned),2,test,2021,N527,46.70760462739695,42.62931168108188
Latent Neural ODE (tuned),2,test,2021,N534,39.62265460222663,35.09404842193904
Latent Neural ODE (tuned),2,test,2021,N542,76.40877891153877,63.45261834160618
Latent Neural ODE (tuned),2,test,2021,N6,109.09179224527375,104.0718800491059
Latent Neural ODE (tuned),2,test,2021,NC262,57.88961835404578,47.76324754969244
Latent Neural ODE (tuned),2,test,2021,NC294,47.99318861834908,45.351611448947246
Latent Neural ODE (tuned),2,test,2021,NC310,47.18228249303407,35.24052833296345
Latent Neural ODE (tuned),2,test,2021,NC326,53.11543086959562,50.827705626523304
Latent Neural ODE (tuned),2,test,2021,NC328,49.111061344684,42.369297090878035
Latent Neural ODE (tuned),2,test,2021,NC368,65.28323869839373,60.80142485387702
Latent Neural ODE (tuned),2,test,2021,NC412,59.23653116069075,50.187726048120986
Latent Neural ODE (tuned),2,test,2021,ND247,42.98275289520177,39.13900863058599
Latent Neural ODE (tuned),2,test,2021,ND265,64.19271361649567,59.48206365038529
Latent Neural ODE (tuned),2,test,2021,NK740,116.88479004287285,104.36609421807373
Latent Neural ODE (tuned),2,test,2021,NK778,35.43999050493004,30.471332822189275
Latent Neural ODE (tuned),2,test,2021,NK807,50.72731059556202,45.484737007930065
Latent Neural ODE (tuned),2,test,2021,NKS8326,53.04024669185896,50.36587482476703
Latent Neural ODE (tuned),2,test,2021,NORTH 7,82.90390195032369,70.99323862774686
Latent Neural ODE (tuned),2,test,2021,NQ508,63.26361857104124,56.353332600487875
Latent Neural ODE (tuned),2,test,2021,NS501,79.47323343768856,73.10068406840324
Latent Neural ODE (tuned),2,test,2021,NS701,147.65753456272202,132.5007124877373
Latent Neural ODE (tuned),2,test,2021,NY 166 (Neveh Yaar),40.698778829721434,38.93956405858061
Latent Neural ODE (tuned),2,test,2021,NY6371,60.432846538410374,53.987267684699894
Latent Neural ODE (tuned),2,test,2021,Ny821,27.41873454143814,23.355666282777637
Latent Neural ODE (tuned),2,test,2021,OH33,53.306884245698896,39.78911887918246
Latent Neural ODE (tuned),2,test,2021,OQ403,56.86740412216332,45.055309424471695
Latent Neural ODE (tuned),2,test,2021,OQ603,27.97269995702147,24.280840188630773
Latent Neural ODE (tuned),2,test,2021,OS602,31.27854181294119,25.416863016275478
Latent Neural ODE (tuned),2,test,2021,Oh40B,78.45200055415759,60.90721181923742
Latent Neural ODE (tuned),2,test,2021,Oh43,39.16189519905758,31.00948720603053
Latent Neural ODE (tuned),2,test,2021,Oh7,32.3471144561343,27.32205565458913
Latent Neural ODE (tuned),2,test,2021,Os420,38.58558805024808,31.554532453622777
Latent Neural ODE (tuned),2,test,2021,Os426,30.333736885055053,26.422729846130274
Latent Neural ODE (tuned),2,test,2021,PHB09,25.453027618923507,21.96951155480492
Latent Neural ODE (tuned),2,test,2021,PHB47,36.1972528254473,32.993243946960604
Latent Neural ODE (tuned),2,test,2021,PHBA6,25.53386889837748,20.140401992735868
Latent Neural ODE (tuned),2,test,2021,PHBB3,49.24771368410493,45.354376896158875
Latent Neural ODE (tuned),2,test,2021,PHBW8,94.77712669426668,86.13940938202174
Latent Neural ODE (tuned),2,test,2021,PHG29,55.333151473092045,51.76559622931023
Latent Neural ODE (tuned),2,test,2021,PHG47,107.98106334430742,82.73000854405626
Latent Neural ODE (tuned),2,test,2021,PHG50,36.46666110870437,31.558447396589848
Latent Neural ODE (tuned),2,test,2021,PHG71,34.280466473542546,29.804572091019093
Latent Neural ODE (tuned),2,test,2021,PHG72,37.046144073995166,31.961537115081434
Latent Neural ODE (tuned),2,test,2021,PHG80,56.97287892021607,52.956773244511204
Latent Neural ODE (tuned),2,test,2021,PHG83,50.12098226091717,42.26615573206077
Latent Neural ODE (tuned),2,test,2021,PHG86,103.11752734417978,95.75602624180293
Latent Neural ODE (tuned),2,test,2021,PHGW7,80.28387699676438,53.53439844008815
Latent Neural ODE (tuned),2,test,2021,PHH93,82.20775734023108,75.02643847416363
Latent Neural ODE (tuned),2,test,2021,PHHV4,45.196486044184304,41.502518742814416
Latent Neural ODE (tuned),2,test,2021,PHJ70,78.254945117771,68.66832395270136
Latent Neural ODE (tuned),2,test,2021,PHJ89,36.065922494118475,26.43609592975278
Latent Neural ODE (tuned),2,test,2021,PHJ90,63.39430447317924,58.963385393719385
Latent Neural ODE (tuned),2,test,2021,PHJR5,50.80659123684134,39.758383840020485
Latent Neural ODE (tuned),2,test,2021,PHK35,69.98760329011367,65.0479784691719
Latent Neural ODE (tuned),2,test,2021,PHK42,33.82947081723272,29.44028874445313
Latent Neural ODE (tuned),2,test,2021,PHK56,99.78832618987371,94.61177517132302
Latent Neural ODE (tuned),2,test,2021,PHK74,34.14649041533291,28.12684462672027
Latent Neural ODE (tuned),2,test,2021,PHKE6,62.21973350768838,58.35841000452026
Latent Neural ODE (tuned),2,test,2021,PHM10,60.40360140401354,57.39898188049135
Latent Neural ODE (tuned),2,test,2021,PHN11,50.031510181979364,44.656072760339825
Latent Neural ODE (tuned),2,test,2021,PHN29,46.86806119438706,44.47734126667143
Latent Neural ODE (tuned),2,test,2021,PHN66,33.2096391564483,23.397513710069493
Latent Neural ODE (tuned),2,test,2021,PHP02,32.52435644499185,28.359664249120527
Latent Neural ODE (tuned),2,test,2021,PHP55,52.030356057982665,45.17964482727805
Latent Neural ODE (tuned),2,test,2021,PHP76,72.44183689010943,66.43603899615584
Latent Neural ODE (tuned),2,test,2021,PHP85,89.68538032524054,81.56011909065269
Latent Neural ODE (tuned),2,test,2021,PHPR5,56.63811661162105,41.12524942577467
Latent Neural ODE (tuned),2,test,2021,PHR03,54.83296814221975,47.93680306864284
Latent Neural ODE (tuned),2,test,2021,PHR30,37.915166700122356,30.102770294304065
Latent Neural ODE (tuned),2,test,2021,PHR31,52.080726446601695,44.049682013427926
Latent Neural ODE (tuned),2,test,2021,PHR36,50.02250424124534,41.853148472574695
Latent Neural ODE (tuned),2,test,2021,PHR47,41.80413699179961,34.91708545256949
Latent Neural ODE (tuned),2,test,2021,PHR58,28.631015163509854,21.810512802256135
Latent Neural ODE (tuned),2,test,2021,PHR63,38.265892709344485,35.407585951084876
Latent Neural ODE (tuned),2,test,2021,PHT10,33.18811248406722,28.677159598519943
Latent Neural ODE (tuned),2,test,2021,PHT47,33.85131049122639,30.32624427309846
Latent Neural ODE (tuned),2,test,2021,PHT55,36.38024520626303,29.81206359504106
Latent Neural ODE (tuned),2,test,2021,PHTM9,33.24777361082311,29.192557531821365
Latent Neural ODE (tuned),2,test,2021,PHV37,41.757759760989174,35.080823829989384
Latent Neural ODE (tuned),2,test,2021,PHV57,55.89675213245744,47.345339656945455
Latent Neural ODE (tuned),2,test,2021,PHV63,54.71639741366387,50.3695844835219
Latent Neural ODE (tuned),2,test,2021,PHVA9,45.427708739527475,38.93610560939739
Latent Neural ODE (tuned),2,test,2021,PHW03,39.896584519217235,32.40950960570783
Latent Neural ODE (tuned),2,test,2021,PHW17,40.23719075363607,29.78175945539541
Latent Neural ODE (tuned),2,test,2021,PHW20,78.47704574035981,58.14126717483483
Latent Neural ODE (tuned),2,test,2021,PHW30,51.66684844967944,43.02117905682595
Latent Neural ODE (tuned),2,test,2021,PHW52,52.66857407224929,48.785367423353776
Latent Neural ODE (tuned),2,test,2021,PHW53,70.03814549934566,66.58013262242403
Latent Neural ODE (tuned),2,test,2021,PHW79,55.57255579675674,50.74751532402136
Latent Neural ODE (tuned),2,test,2021,PHW80,34.94854862463309,28.431196328005797
Latent Neural ODE (tuned),2,test,2021,PHW86,33.14725229888533,27.588023421244934
Latent Neural ODE (tuned),2,test,2021,PHZ51,35.61620738346787,28.413658826123577
Latent Neural ODE (tuned),2,test,2021,Pa392,46.42093961878123,37.65811423502613
Latent Neural ODE (tuned),2,test,2021,Pa405,46.142373878138976,42.86630706158682
Latent Neural ODE (tuned),2,test,2021,Pa762,53.200165455812,49.30940307100451
Latent Neural ODE (tuned),2,test,2021,Pa875,68.49838755065338,63.80833836843799
Latent Neural ODE (tuned),2,test,2021,Pa880,28.25466775296955,25.30919099278163
Latent Neural ODE (tuned),2,test,2021,Pa91,60.10202280310461,53.080030929543476
Latent Neural ODE (tuned),2,test,2021,Q381,41.71499403747012,34.42074225004215
Latent Neural ODE (tuned),2,test,2021,R168,31.10923672067603,23.046309047574454
Latent Neural ODE (tuned),2,test,2021,R181B,32.47476741555385,27.38511122320739
Latent Neural ODE (tuned),2,test,2021,R226,53.095523355834885,49.14303718090018
Latent Neural ODE (tuned),2,test,2021,R227,85.2599554058311,76.0909429352211
Latent Neural ODE (tuned),2,test,2021,R71,53.76327762122896,48.846748462312945
Latent Neural ODE (tuned),2,test,2021,R78,60.440862809231476,57.66952797121213
Latent Neural ODE (tuned),2,test,2021,S8326,32.915047505885944,29.843591789869613
Latent Neural ODE (tuned),2,test,2021,SD101,58.67178729661344,55.81609727617926
Latent Neural ODE (tuned),2,test,2021,SD102,62.4237993279076,57.9401466786116
Latent Neural ODE (tuned),2,test,2021,SD107,60.73607208566018,43.3318989218982
Latent Neural ODE (tuned),2,test,2021,SD40,59.834991674973004,49.246313932699074
Latent Neural ODE (tuned),2,test,2021,SD44,54.86595293530447,47.96472061045254
Latent Neural ODE (tuned),2,test,2021,SG 30A,33.38008623935312,27.722866511259816
Latent Neural ODE (tuned),2,test,2021,Seagull Seventeen,106.95403037436799,91.61789847186401
Latent Neural ODE (tuned),2,test,2021,T242,48.76109869696238,41.73588543130852
Latent Neural ODE (tuned),2,test,2021,TZU-CHIAO-HSI-WU 105,33.551374047434145,27.596607212065987
Latent Neural ODE (tuned),2,test,2021,Tr,41.98715110695561,33.562294436755586
Latent Neural ODE (tuned),2,test,2021,Va26,38.83607532987992,33.960866717711724
Latent Neural ODE (tuned),2,test,2021,Va35,47.57663900215291,44.1341526496625
Latent Neural ODE (tuned),2,test,2021,Va52,41.913323331934215,35.84970888430779
Latent Neural ODE (tuned),2,test,2021,Va59,78.07205639388863,69.12235664710545
Latent Neural ODE (tuned),2,test,2021,Va99,43.58036325132288,33.41824080705862
Latent Neural ODE (tuned),2,test,2021,VaW6,92.53405165848693,83.74115566710458
Latent Neural ODE (tuned),2,test,2021,W117Ht,66.98677802289643,60.672591591058094
Latent Neural ODE (tuned),2,test,2021,W153R,79.78015326687459,59.52619299870693
Latent Neural ODE (tuned),2,test,2021,W22,40.20643068645966,36.855774232161956
Latent Neural ODE (tuned),2,test,2021,W23,34.56095176702495,31.89620276498032
Latent Neural ODE (tuned),2,test,2021,W24,42.090437486037196,37.34801829330222
Latent Neural ODE (tuned),2,test,2021,W32,45.86310614983592,41.504757920825625
Latent Neural ODE (tuned),2,test,2021,W37A,65.08224795642984,60.63163531112425
Latent Neural ODE (tuned),2,test,2021,W552,64.5274831805752,59.133704075711464
Latent Neural ODE (tuned),2,test,2021,W603S,64.45755668246026,48.88024558498853
Latent Neural ODE (tuned),2,test,2021,W604S,85.19941919756998,71.2707804085649
Latent Neural ODE (tuned),2,test,2021,W605S,41.28864784419704,32.288377339386884
Latent Neural ODE (tuned),2,test,2021,W607S,61.87067488202151,55.61281442738225
Latent Neural ODE (tuned),2,test,2021,W610S,66.83071709128444,55.16913161133662
Latent Neural ODE (tuned),2,test,2021,W612S,85.27707156162141,65.65148585186222
Latent Neural ODE (tuned),2,test,2021,W614S,61.73175951131095,55.227061375361345
Latent Neural ODE (tuned),2,test,2021,W64A,30.370196509885528,27.452409939863912
Latent Neural ODE (tuned),2,test,2021,W701BC,57.948069605677766,53.86009587758031
Latent Neural ODE (tuned),2,test,2021,W809G,135.2815089762015,122.85739144153982
Latent Neural ODE (tuned),2,test,2021,W810G,58.8801665544855,53.35298781941749
Latent Neural ODE (tuned),2,test,2021,W812G,50.46120436729115,45.5286623631752
Latent Neural ODE (tuned),2,test,2021,W813G,34.973101654104866,25.85879325529097
Latent Neural ODE (tuned),2,test,2021,W814G,37.55468643096887,31.59510266955988
Latent Neural ODE (tuned),2,test,2021,W8304,67.800937323636,58.55597263983877
Latent Neural ODE (tuned),2,test,2021,W9,63.15534721092151,55.69904537027992
Latent Neural ODE (tuned),2,test,2021,WIL900,56.82342868393022,51.920502890651925
Latent Neural ODE (tuned),2,test,2021,WR3,53.01938945514445,47.75880327722013
Latent Neural ODE (tuned),2,test,2021,WU-TAN-TZAO,83.6649496067219,60.01028689335423
Latent Neural ODE (tuned),2,test,2021,YE 4,71.85367172490305,56.31831645062103
Latent Neural ODE (tuned),2,test,2021,YING-55,50.06156474114131,46.74381931250569
Latent Neural ODE (tuned),2,test,2021,Yu796 NS,56.0107821071198,51.920989777986414
Latent Neural ODE (tuned),2,test,2021,ZS635,93.4450918915983,54.72255989412579
Latent Neural ODE (tuned),3,train,2018,1538,40.07395846566727,34.63217634838436
Latent Neural ODE (tuned),3,train,2018,2369,44.838721791191496,39.186985453229305
Latent Neural ODE (tuned),3,train,2018,29MIBZ2,28.378555038978956,25.745633136549532
Latent Neural ODE (tuned),3,train,2018,2FACC,32.26814462702798,27.566371074354798
Latent Neural ODE (tuned),3,train,2018,2FADB,59.08455816849908,50.56838144583821
Latent Neural ODE (tuned),3,train,2018,2MA22,31.1452112129592,25.582662748786124
Latent Neural ODE (tuned),3,train,2018,2MCDB,36.284781798768265,30.99311991216387
Latent Neural ODE (tuned),3,train,2018,3IJI1,31.974592605909912,26.60115094486651
Latent Neural ODE (tuned),3,train,2018,4226,50.58281211155954,43.120974280629696
Latent Neural ODE (tuned),3,train,2018,4F-306 108,39.2028088866912,30.613191689197492
Latent Neural ODE (tuned),3,train,2018,4N506,33.22947119007651,25.69036005649039
Latent Neural ODE (tuned),3,train,2018,6F629,27.797367057528806,25.418654992989065
Latent Neural ODE (tuned),3,train,2018,6M502,40.01929211657545,29.09751325975683
Latent Neural ODE (tuned),3,train,2018,6M502A,26.54567749103311,19.821800648163425
Latent Neural ODE (tuned),3,train,2018,764,30.606247505961615,24.306460925396927
Latent Neural ODE (tuned),3,train,2018,78010,26.07497585421988,24.347850085422817
Latent Neural ODE (tuned),3,train,2018,78551S,24.80655198665336,22.30468336894065
Latent Neural ODE (tuned),3,train,2018,790,32.217699220920366,27.19693088982158
Latent Neural ODE (tuned),3,train,2018,793,33.83267335508818,31.047308382240594
Latent Neural ODE (tuned),3,train,2018,87916W,36.68746681667534,30.449796775508254
Latent Neural ODE (tuned),3,train,2018,911,26.087200496228103,22.985528470074446
Latent Neural ODE (tuned),3,train,2018,912,32.57671701265636,21.134616285074383
Latent Neural ODE (tuned),3,train,2018,91IFC2,29.822057347487462,25.87443716954394
Latent Neural ODE (tuned),3,train,2018,A,35.62672741837037,29.335894830016493
Latent Neural ODE (tuned),3,train,2018,A208,29.90322648955697,25.397562928993374
Latent Neural ODE (tuned),3,train,2018,A239,29.79757346134516,23.34676126197714
Latent Neural ODE (tuned),3,train,2018,A258,33.094510953798604,29.066789702730148
Latent Neural ODE (tuned),3,train,2018,A272,31.7596576929355,28.423744025128933
Latent Neural ODE (tuned),3,train,2018,A305,37.565688220705,31.958050399635226
Latent Neural ODE (tuned),3,train,2018,A321,23.357241718970435,20.750357441535385
Latent Neural ODE (tuned),3,train,2018,A322,41.11861488779322,35.97390210310239
Latent Neural ODE (tuned),3,train,2018,A334,26.75272319641306,20.187510999389737
Latent Neural ODE (tuned),3,train,2018,A340,41.77864736517512,29.641469438525945
Latent Neural ODE (tuned),3,train,2018,A374,36.1294491483151,29.240071867586824
Latent Neural ODE (tuned),3,train,2018,A385,33.665550512735486,26.23893943010795
Latent Neural ODE (tuned),3,train,2018,A427,38.82312630875797,34.126936738567025
Latent Neural ODE (tuned),3,train,2018,A548,32.4820105399326,26.58059841650641
Latent Neural ODE (tuned),3,train,2018,A556,28.183266969909596,19.891595251660913
Latent Neural ODE (tuned),3,train,2018,A572,46.06928323545019,30.570699022409677
Latent Neural ODE (tuned),3,train,2018,A619,30.15304523280836,24.162462904258938
Latent Neural ODE (tuned),3,train,2018,A627,34.60491086529793,26.642317904829916
Latent Neural ODE (tuned),3,train,2018,A632,28.319378790287928,23.974213838419317
Latent Neural ODE (tuned),3,train,2018,A634,41.529104311444975,29.296091370436507
Latent Neural ODE (tuned),3,train,2018,A635,43.71545540511128,33.30221383890971
Latent Neural ODE (tuned),3,train,2018,A641,31.42582785601452,21.191167830009164
Latent Neural ODE (tuned),3,train,2018,A648,28.5618732222091,18.149643200526683
Latent Neural ODE (tuned),3,train,2018,A649,41.552975408777996,29.69929944833636
Latent Neural ODE (tuned),3,train,2018,A659,34.10131043480341,29.534315576135782
Latent Neural ODE (tuned),3,train,2018,A663,45.85330941980434,35.67086422433853
Latent Neural ODE (tuned),3,train,2018,A672,32.77150901830285,27.69088065130287
Latent Neural ODE (tuned),3,train,2018,A674,24.709940927015545,21.903932849796384
Latent Neural ODE (tuned),3,train,2018,A679,36.504550238847145,29.20857680066577
Latent Neural ODE (tuned),3,train,2018,A680,33.89142702176512,28.980565001064065
Latent Neural ODE (tuned),3,train,2018,A682,42.156183541872444,38.12062498132145
Latent Neural ODE (tuned),3,train,2018,A71,32.65827735594325,28.80115311190304
Latent Neural ODE (tuned),3,train,2018,A73,30.309206273908572,26.1431490483326
Latent Neural ODE (tuned),3,train,2018,AQA3,45.521348438417874,37.45864943674833
Latent Neural ODE (tuned),3,train,2018,AS6103,35.55510044639667,29.450197213771684
Latent Neural ODE (tuned),3,train,2018,AusTRCF 306238,42.129698125749,36.93929751651093
Latent Neural ODE (tuned),3,train,2018,B-18 INBR.FR.SUPERGOLD,34.4887696088085,27.45640615310964
Latent Neural ODE (tuned),3,train,2018,B-28,32.28770230704035,27.55642420058996
Latent Neural ODE (tuned),3,train,2018,B103,31.354203568838145,25.575972637227416
Latent Neural ODE (tuned),3,train,2018,B104,32.363366602799296,24.622937020842883
Latent Neural ODE (tuned),3,train,2018,B105,35.32119236552246,28.744123934575885
Latent Neural ODE (tuned),3,train,2018,B107,34.10575392172846,28.09842872576366
Latent Neural ODE (tuned),3,train,2018,B108,24.47367651186822,20.300106808471487
Latent Neural ODE (tuned),3,train,2018,B110,42.5107938150389,32.84891039853572
Latent Neural ODE (tuned),3,train,2018,B111,46.67650927308041,38.13859335698355
Latent Neural ODE (tuned),3,train,2018,B114,29.669537364240348,23.517233598803532
Latent Neural ODE (tuned),3,train,2018,B115,46.11903003367917,38.8334031781733
Latent Neural ODE (tuned),3,train,2018,B119,46.2411517001665,36.31070917845905
Latent Neural ODE (tuned),3,train,2018,B120,33.980921451377924,27.645396754641656
Latent Neural ODE (tuned),3,train,2018,B121,39.70067133901405,32.797569803453385
Latent Neural ODE (tuned),3,train,2018,B14,32.81006614991805,25.50548287116885
Latent Neural ODE (tuned),3,train,2018,B14A,36.391313694810705,29.013875462044002
Latent Neural ODE (tuned),3,train,2018,B164,29.489737912232016,22.970744672368795
Latent Neural ODE (tuned),3,train,2018,B2,26.555745891960246,22.297101850679667
Latent Neural ODE (tuned),3,train,2018,B37,31.965023377622526,25.030513838680925
Latent Neural ODE (tuned),3,train,2018,B46,35.973128043708,31.385993406512437
Latent Neural ODE (tuned),3,train,2018,B57,20.32090602018422,15.122681797720087
Latent Neural ODE (tuned),3,train,2018,B65,39.601785490483046,32.4259307505599
Latent Neural ODE (tuned),3,train,2018,B66,36.80580285637775,29.565340178408416
Latent Neural ODE (tuned),3,train,2018,B68,49.23451120303405,39.69431293997784
Latent Neural ODE (tuned),3,train,2018,B70,42.68513734353297,33.096634145615994
Latent Neural ODE (tuned),3,train,2018,B75,29.700194012365642,24.16465464107598
Latent Neural ODE (tuned),3,train,2018,B76,31.319885631363807,25.57434034644583
Latent Neural ODE (tuned),3,train,2018,B77,34.4496029526271,29.589766220760986
Latent Neural ODE (tuned),3,train,2018,B79,30.222803601494455,22.38766846754521
Latent Neural ODE (tuned),3,train,2018,B84,41.59076500484113,31.067518487923756
Latent Neural ODE (tuned),3,train,2018,B85,32.952691358530934,25.370569205273597
Latent Neural ODE (tuned),3,train,2018,B87,20.895355479758393,19.330502300330938
Latent Neural ODE (tuned),3,train,2018,B88,43.97708734542141,37.45765507517838
Latent Neural ODE (tuned),3,train,2018,B91,27.090027084655524,21.636213051931854
Latent Neural ODE (tuned),3,train,2018,B97,46.79162990406206,36.990401087333076
Latent Neural ODE (tuned),3,train,2018,BEI 10 = NORTH 10,26.481045982140827,20.366794520772725
Latent Neural ODE (tuned),3,train,2018,BO9,45.14264970470769,38.31931922393341
Latent Neural ODE (tuned),3,train,2018,C103,52.68677062140329,46.562702581073985
Latent Neural ODE (tuned),3,train,2018,C123,43.276758673970164,34.693010547928466
Latent Neural ODE (tuned),3,train,2018,CA-4,35.069469207804694,28.22368935919534
Latent Neural ODE (tuned),3,train,2018,CG102,29.79206444343982,26.24352841526936
Latent Neural ODE (tuned),3,train,2018,CH157,30.980843572551372,26.907961663400975
Latent Neural ODE (tuned),3,train,2018,CH701-30,23.92376951396789,20.19498630471763
Latent Neural ODE (tuned),3,train,2018,CH711-10,29.918351232015986,25.591085173735188
Latent Neural ODE (tuned),3,train,2018,CH9,32.9836337005662,27.779636869809867
Latent Neural ODE (tuned),3,train,2018,CI 40H,40.437287165987875,30.168550141581864
Latent Neural ODE (tuned),3,train,2018,CM105,35.18316440317288,28.731798673045454
Latent Neural ODE (tuned),3,train,2018,CO257,41.1942443361215,37.358189106885575
Latent Neural ODE (tuned),3,train,2018,CO258,35.566396736081494,27.515059801861348
Latent Neural ODE (tuned),3,train,2018,CQ702RC,24.59133723503106,21.380437973555267
Latent Neural ODE (tuned),3,train,2018,CR 22 INBRED,29.286067211841484,22.285770950719176
Latent Neural ODE (tuned),3,train,2018,CS405,33.58315529060483,26.736401711931826
Latent Neural ODE (tuned),3,train,2018,DE2,39.26476250875621,36.047514181866916
Latent Neural ODE (tuned),3,train,2018,DE4,30.225065664387735,24.908726701208085
Latent Neural ODE (tuned),3,train,2018,DE811,37.66043654110901,29.14101835227738
Latent Neural ODE (tuned),3,train,2018,DJ7,28.709026743002443,25.362467699769617
Latent Neural ODE (tuned),3,train,2018,DK3IIH6,46.34600414348324,35.8813046254507
Latent Neural ODE (tuned),3,train,2018,DK4676A,48.59878667159819,42.17563584382899
Latent Neural ODE (tuned),3,train,2018,DK78002A,45.038746903181455,34.62328867169157
Latent Neural ODE (tuned),3,train,2018,DK78010,35.73062541572614,28.372807430160197
Latent Neural ODE (tuned),3,train,2018,DKFAPW,22.055892256154678,18.764098702346296
Latent Neural ODE (tuned),3,train,2018,DKFBHJ,39.85123418324187,32.158603549579965
Latent Neural ODE (tuned),3,train,2018,DKMBNA,47.05782278093839,41.87149771636865
Latent Neural ODE (tuned),3,train,2018,DKPB80,35.00968064994166,30.064764467235626
Latent Neural ODE (tuned),3,train,2018,E8501,31.167820487352323,27.790887295554178
Latent Neural ODE (tuned),3,train,2018,EAST 028,28.978113503318042,27.071081270561187
Latent Neural ODE (tuned),3,train,2018,Eng-Li Chih,29.48704450493797,21.626158010394665
Latent Neural ODE (tuned),3,train,2018,F118,36.02174351785141,29.531642007642027
Latent Neural ODE (tuned),3,train,2018,F2834T,39.89480029296146,32.523913158758106
Latent Neural ODE (tuned),3,train,2018,FBLA,39.431997948753775,29.92366351788005
Latent Neural ODE (tuned),3,train,2018,FR19,36.04200911516858,27.133996143091814
Latent Neural ODE (tuned),3,train,2018,G80,24.649943736649842,20.16907686517373
Latent Neural ODE (tuned),3,train,2018,H110,28.327196835215105,24.773498088987708
Latent Neural ODE (tuned),3,train,2018,H113,29.657927638253614,25.80055890683359
Latent Neural ODE (tuned),3,train,2018,H121,32.544913702554574,28.41963690784496
Latent Neural ODE (tuned),3,train,2018,H122w,33.28747473013442,29.0908123965822
Latent Neural ODE (tuned),3,train,2018,H42,29.086968549451623,25.222406724900036
Latent Neural ODE (tuned),3,train,2018,H5,31.185244621031902,27.500630807481276
Latent Neural ODE (tuned),3,train,2018,H71,30.29744654615597,25.012930711155832
Latent Neural ODE (tuned),3,train,2018,H84,38.87010306112029,29.634505975277467
Latent Neural ODE (tuned),3,train,2018,H91,30.3736137892174,25.073285721676292
Latent Neural ODE (tuned),3,train,2018,H95,32.59617288030631,26.542734338475366
Latent Neural ODE (tuned),3,train,2018,H96,37.715245763312645,31.224472278654773
Latent Neural ODE (tuned),3,train,2018,H99,26.850304418344482,19.00817080969003
Latent Neural ODE (tuned),3,train,2018,HP301,51.15739022728961,44.57922279069503
Latent Neural ODE (tuned),3,train,2018,HUANYAO,78.98275729262012,69.5276777987738
Latent Neural ODE (tuned),3,train,2018,I29,35.97544685541243,27.946999781389117
Latent Neural ODE (tuned),3,train,2018,IA2132,38.644197011484266,30.937631148173104
Latent Neural ODE (tuned),3,train,2018,IBB14,80.64189633140374,71.31103095617384
Latent Neural ODE (tuned),3,train,2018,IBB15,39.59561012055504,31.23512119311883
Latent Neural ODE (tuned),3,train,2018,IBC2,32.531432830768054,25.9173100525677
Latent Neural ODE (tuned),3,train,2018,ICI 193,33.163341696321794,27.48853393633765
Latent Neural ODE (tuned),3,train,2018,ICI 740,46.77944291312602,36.432306044910646
Latent Neural ODE (tuned),3,train,2018,ICI 893,33.111785930684654,25.694862377111303
Latent Neural ODE (tuned),3,train,2018,ICI 986,33.3355408703472,24.49147408064917
Latent Neural ODE (tuned),3,train,2018,IDS28,42.609319014678114,36.61490041238594
Latent Neural ODE (tuned),3,train,2018,IDS69,28.935899102392273,24.836489526055992
Latent Neural ODE (tuned),3,train,2018,IDS91,35.96975927861833,30.48240877966096
Latent Neural ODE (tuned),3,train,2018,INB 101LFY/LFY (A632 X M16 S5),31.301447037028083,26.6042415457356
Latent Neural ODE (tuned),3,train,2018,INBRED 141,32.78300785192655,28.379255141650738
Latent Neural ODE (tuned),3,train,2018,INBRED 2-687,36.12582065311218,28.052484573059033
Latent Neural ODE (tuned),3,train,2018,INBRED 305,32.44288327976921,28.34707294873001
Latent Neural ODE (tuned),3,train,2018,INBRED 309,31.6195961745044,23.235890598541793
Latent Neural ODE (tuned),3,train,2018,INBRED 321,24.71942775182557,20.743603471894204
Latent Neural ODE (tuned),3,train,2018,Ia 453,23.670893822186216,19.60640961662686
Latent Neural ODE (tuned),3,train,2018,J47,51.41392901944869,39.73510569302599
Latent Neural ODE (tuned),3,train,2018,K150,33.34620788887203,26.42669587645421
Latent Neural ODE (tuned),3,train,2018,K41,37.791302866903166,31.45886003990605
Latent Neural ODE (tuned),3,train,2018,K47,31.193250665548852,25.569491041856377
Latent Neural ODE (tuned),3,train,2018,K55,29.06044330332184,22.400165537726103
Latent Neural ODE (tuned),3,train,2018,KUNG-70,31.640714941655517,26.743841178539963
Latent Neural ODE (tuned),3,train,2018,L 127,42.67543565075223,34.997106067133096
Latent Neural ODE (tuned),3,train,2018,L 135,34.290440553819174,30.068660461879585
Latent Neural ODE (tuned),3,train,2018,L 139,34.374895002705465,27.324461019231943
Latent Neural ODE (tuned),3,train,2018,L 155,29.104859102403697,25.446539471798033
Latent Neural ODE (tuned),3,train,2018,L 289,36.03509824358322,30.728946518522413
Latent Neural ODE (tuned),3,train,2018,LH1,23.11113593406543,18.871733455194267
Latent Neural ODE (tuned),3,train,2018,LH119,33.389812584630434,29.375050911995082
Latent Neural ODE (tuned),3,train,2018,LH128,22.820046968095408,18.69658181239253
Latent Neural ODE (tuned),3,train,2018,LH143 (Maintainer),39.123452750238066,33.391034892918796
Latent Neural ODE (tuned),3,train,2018,LH145,20.73572045785918,18.73252377662142
Latent Neural ODE (tuned),3,train,2018,LH146Ht,51.089880754684856,38.33597152216449
Latent Neural ODE (tuned),3,train,2018,LH149,35.658426297841906,33.618119447098465
Latent Neural ODE (tuned),3,train,2018,LH165,28.913778889200177,24.85331743401387
Latent Neural ODE (tuned),3,train,2018,LH166,27.51474855575018,23.948121621404663
Latent Neural ODE (tuned),3,train,2018,LH172,28.619986265459694,23.12967983749211
Latent Neural ODE (tuned),3,train,2018,LH184,29.493395729806778,24.250101606322648
Latent Neural ODE (tuned),3,train,2018,LH185,26.836328824384697,22.317079221888783
Latent Neural ODE (tuned),3,train,2018,LH190,41.66912572009067,33.18020417556784
Latent Neural ODE (tuned),3,train,2018,LH191,44.91015875675565,36.945715905412584
Latent Neural ODE (tuned),3,train,2018,LH192,27.748341343796323,20.401053730406552
Latent Neural ODE (tuned),3,train,2018,LH194,43.76116021965947,34.60216047937031
Latent Neural ODE (tuned),3,train,2018,LH195,34.22467255222161,26.155183038813384
Latent Neural ODE (tuned),3,train,2018,LH197,43.45373817397062,37.33439203406471
Latent Neural ODE (tuned),3,train,2018,LH198,37.052617436268854,30.232878037090483
Latent Neural ODE (tuned),3,train,2018,LH199,29.961792251947056,24.89133677696313
Latent Neural ODE (tuned),3,train,2018,LH202,34.025637198227095,30.93076738172686
Latent Neural ODE (tuned),3,train,2018,LH204,25.589404543039215,19.775427299639183
Latent Neural ODE (tuned),3,train,2018,LH205,23.71713950554522,19.037744776429285
Latent Neural ODE (tuned),3,train,2018,LH206,29.871347633550076,26.30902954014015
Latent Neural ODE (tuned),3,train,2018,LH208,29.904952894636438,24.003361795002938
Latent Neural ODE (tuned),3,train,2018,LH209,24.26455559750931,21.921640435420993
Latent Neural ODE (tuned),3,train,2018,LH213,39.618351593738524,30.05425680800843
Latent Neural ODE (tuned),3,train,2018,LH214,34.76983000763323,29.827950026448907
Latent Neural ODE (tuned),3,train,2018,LH215,26.34708117901195,22.61659393729632
Latent Neural ODE (tuned),3,train,2018,LH222,43.84786483962808,32.4635389256516
Latent Neural ODE (tuned),3,train,2018,LH223,48.16717941723842,40.84451867596512
Latent Neural ODE (tuned),3,train,2018,LH224,28.56947877531287,22.981634068262476
Latent Neural ODE (tuned),3,train,2018,LH295,40.297631351295266,33.827988709340346
Latent Neural ODE (tuned),3,train,2018,LH59,37.13564142268603,28.532894430016018
Latent Neural ODE (tuned),3,train,2018,LH60,40.08243568517525,34.322552290349094
Latent Neural ODE (tuned),3,train,2018,LH61,26.26809245394443,23.507482932979165
Latent Neural ODE (tuned),3,train,2018,LH74,31.882510058685444,28.20782681602505
Latent Neural ODE (tuned),3,train,2018,LH82,27.750164132046834,22.02259680574581
Latent Neural ODE (tuned),3,train,2018,LH93,36.742282437839506,27.82286227551341
Latent Neural ODE (tuned),3,train,2018,LIBC 4,34.55633930495829,28.506695022648636
Latent Neural ODE (tuned),3,train,2018,LP1 NR HT,32.827804552664944,26.464692738751978
Latent Neural ODE (tuned),3,train,2018,LP5,37.437900576338016,32.89280044958746
Latent Neural ODE (tuned),3,train,2018,Lp215D,37.35037834269467,31.974760039817916
Latent Neural ODE (tuned),3,train,2018,M14,27.617030513079698,24.11855916933239
Latent Neural ODE (tuned),3,train,2018,MBPM,30.77712193135075,25.18871767671687
Latent Neural ODE (tuned),3,train,2018,MBWZ,29.865996901773098,22.803257954303113
Latent Neural ODE (tuned),3,train,2018,MEF156-55-2,32.865676309510974,22.778094123033398
Latent Neural ODE (tuned),3,train,2018,ML606,30.377698000768724,25.37713681357205
Latent Neural ODE (tuned),3,train,2018,MM501D,46.06658151473627,41.876100711211414
Latent Neural ODE (tuned),3,train,2018,MQ305,34.85078395117294,27.454752359096197
Latent Neural ODE (tuned),3,train,2018,MS116,40.16399676833469,32.42167636871839
Latent Neural ODE (tuned),3,train,2018,MS132,28.39541230051758,24.650107983322176
Latent Neural ODE (tuned),3,train,2018,MS153,31.714211208918776,27.560307162972187
Latent Neural ODE (tuned),3,train,2018,MS200,26.266873994997418,22.49909720138838
Latent Neural ODE (tuned),3,train,2018,MS211,26.290898871468826,21.575768444612013
Latent Neural ODE (tuned),3,train,2018,MS221,25.447200246226746,21.46506426832026
Latent Neural ODE (tuned),3,train,2018,MS224,31.89466290840376,24.22230118560183
Latent Neural ODE (tuned),3,train,2018,MS225,37.39909254578876,31.106009924554154
Latent Neural ODE (tuned),3,train,2018,MS226,32.082474672341995,26.9796729867923
Latent Neural ODE (tuned),3,train,2018,MS24A,33.2062805920579,26.329606178184452
Latent Neural ODE (tuned),3,train,2018,MS67,38.462313035295196,29.120213504849907
Latent Neural ODE (tuned),3,train,2018,MS71,44.49543170985353,36.71715414436591
Latent Neural ODE (tuned),3,train,2018,MS72,30.762223203926673,22.93131882257241
Latent Neural ODE (tuned),3,train,2018,Mo46,34.502039390869854,24.069626284604517
Latent Neural ODE (tuned),3,train,2018,Mo47,21.924754172290488,16.10930253000051
Latent Neural ODE (tuned),3,train,2018,Mo5,62.06449339871054,48.687943006657115
Latent Neural ODE (tuned),3,train,2018,N192,25.893674356861986,24.097765544130294
Latent Neural ODE (tuned),3,train,2018,N193,27.578500509446272,22.90933339703518
Latent Neural ODE (tuned),3,train,2018,N201,39.53383758665212,34.715483452455814
Latent Neural ODE (tuned),3,train,2018,N211,38.428585306559064,30.181601951703698
Latent Neural ODE (tuned),3,train,2018,N217,40.26698883474221,31.300349292106393
Latent Neural ODE (tuned),3,train,2018,N28Ht,38.24870658597243,31.936395993545922
Latent Neural ODE (tuned),3,train,2018,N501,30.32966671365162,26.092398380297873
Latent Neural ODE (tuned),3,train,2018,N523,36.670752558232486,31.458117852600576
Latent Neural ODE (tuned),3,train,2018,N527,22.448095009086835,14.39304488609165
Latent Neural ODE (tuned),3,train,2018,N534,33.72574743440267,30.020593245137082
Latent Neural ODE (tuned),3,train,2018,N542,39.66709770649732,33.265986576751125
Latent Neural ODE (tuned),3,train,2018,N6,33.96048817462653,29.669901923940632
Latent Neural ODE (tuned),3,train,2018,NC262,40.434539009093726,37.690685272965474
Latent Neural ODE (tuned),3,train,2018,NC294,37.79682262948018,27.44547925326276
Latent Neural ODE (tuned),3,train,2018,NC310,24.803271569455546,20.59024242231685
Latent Neural ODE (tuned),3,train,2018,NC326,30.720239371274037,26.018857110155402
Latent Neural ODE (tuned),3,train,2018,NC328,30.137784795942625,25.931136304842802
Latent Neural ODE (tuned),3,train,2018,NC368,31.231254474056996,25.19822123637855
Latent Neural ODE (tuned),3,train,2018,NC412,30.688305520961563,25.892653176279254
Latent Neural ODE (tuned),3,train,2018,ND247,27.297608942589264,19.78221352412814
Latent Neural ODE (tuned),3,train,2018,ND265,34.80133540610898,30.438407881983075
Latent Neural ODE (tuned),3,train,2018,NK740,66.48303515916466,59.63598284729701
Latent Neural ODE (tuned),3,train,2018,NK778,44.41350336911227,34.886486057531684
Latent Neural ODE (tuned),3,train,2018,NK807,38.21374863324179,30.15897338405013
Latent Neural ODE (tuned),3,train,2018,NKS8326,28.390576933940572,23.518311113443453
Latent Neural ODE (tuned),3,train,2018,NORTH 7,30.91394876136305,27.522861239539015
Latent Neural ODE (tuned),3,train,2018,NQ508,44.481691945820224,34.06422516931938
Latent Neural ODE (tuned),3,train,2018,NS501,25.998658236062063,23.607756050782104
Latent Neural ODE (tuned),3,train,2018,NS701,30.189095765494816,25.80744026683317
Latent Neural ODE (tuned),3,train,2018,NY 166 (Neveh Yaar),27.732393693433917,21.8340440882079
Latent Neural ODE (tuned),3,train,2018,NY6371,36.93558786459278,26.38469354851395
Latent Neural ODE (tuned),3,train,2018,Ny821,26.949522592912267,19.46410187983516
Latent Neural ODE (tuned),3,train,2018,OH33,61.0165043589649,45.14275440400108
Latent Neural ODE (tuned),3,train,2018,OQ403,40.273518996404654,30.137498823172688
Latent Neural ODE (tuned),3,train,2018,OQ603,26.276443723775174,23.913433324553402
Latent Neural ODE (tuned),3,train,2018,OS602,29.52460497094971,25.213726261168734
Latent Neural ODE (tuned),3,train,2018,Oh40B,35.038433628002295,29.342890548112745
Latent Neural ODE (tuned),3,train,2018,Oh43,34.87474501737281,24.765257138283225
Latent Neural ODE (tuned),3,train,2018,Oh7,36.3830776058291,30.805533935041183
Latent Neural ODE (tuned),3,train,2018,Os420,34.88063023201511,27.10740218400058
Latent Neural ODE (tuned),3,train,2018,Os426,36.54592516814677,26.155845077709227
Latent Neural ODE (tuned),3,train,2018,PHB09,31.48114951185704,24.429544772911818
Latent Neural ODE (tuned),3,train,2018,PHB47,27.257302404748224,22.75531291501433
Latent Neural ODE (tuned),3,train,2018,PHBA6,51.356343278401994,43.23583346776727
Latent Neural ODE (tuned),3,train,2018,PHBB3,28.993712477703088,20.24623958364639
Latent Neural ODE (tuned),3,train,2018,PHBW8,63.86954680092426,59.47512205690102
Latent Neural ODE (tuned),3,train,2018,PHG29,31.37974455854509,27.03542923795505
Latent Neural ODE (tuned),3,train,2018,PHG47,46.76909997076785,44.261236581921196
Latent Neural ODE (tuned),3,train,2018,PHG50,27.058821101601634,24.040487776410657
Latent Neural ODE (tuned),3,train,2018,PHG71,41.24912124793271,28.520124768360613
Latent Neural ODE (tuned),3,train,2018,PHG72,27.21478567790589,23.247919376117885
Latent Neural ODE (tuned),3,train,2018,PHG80,34.96956042822816,28.717534862582806
Latent Neural ODE (tuned),3,train,2018,PHG83,38.303280332888775,32.00436868685366
Latent Neural ODE (tuned),3,train,2018,PHG86,34.07408466738031,24.846872980588763
Latent Neural ODE (tuned),3,train,2018,PHGW7,34.132588818102235,29.605228999302728
Latent Neural ODE (tuned),3,train,2018,PHH93,31.35181898613548,28.42775731012845
Latent Neural ODE (tuned),3,train,2018,PHHV4,26.856881138936004,24.93309246935016
Latent Neural ODE (tuned),3,train,2018,PHJ70,30.163554718247177,23.388961028682587
Latent Neural ODE (tuned),3,train,2018,PHJ89,33.33943460249522,26.695878545697838
Latent Neural ODE (tuned),3,train,2018,PHJ90,28.791275129084564,26.103835927600176
Latent Neural ODE (tuned),3,train,2018,PHJR5,45.56394180649333,33.19848615812816
Latent Neural ODE (tuned),3,train,2018,PHK35,37.19677107512829,28.45399776912028
Latent Neural ODE (tuned),3,train,2018,PHK42,37.232693328661455,29.46636340864027
Latent Neural ODE (tuned),3,train,2018,PHK56,31.518100238417546,22.61728692781377
Latent Neural ODE (tuned),3,train,2018,PHK74,30.57908002752904,25.082842930815428
Latent Neural ODE (tuned),3,train,2018,PHKE6,25.69962310619335,21.010600630845847
Latent Neural ODE (tuned),3,train,2018,PHM10,30.425777266575125,23.219010561536997
Latent Neural ODE (tuned),3,train,2018,PHN11,32.98226287429659,27.195517215230495
Latent Neural ODE (tuned),3,train,2018,PHN29,32.451952238682544,25.440499308092345
Latent Neural ODE (tuned),3,train,2018,PHN66,25.782709571549045,21.24604798737717
Latent Neural ODE (tuned),3,train,2018,PHP02,30.06206512246982,24.918534129772425
Latent Neural ODE (tuned),3,train,2018,PHP55,31.457871728450215,28.456765495705024
Latent Neural ODE (tuned),3,train,2018,PHP76,34.73429792958912,27.75748528293559
Latent Neural ODE (tuned),3,train,2018,PHP85,33.21093344718038,24.69126419166966
Latent Neural ODE (tuned),3,train,2018,PHPR5,29.116421618788504,23.165364885161296
Latent Neural ODE (tuned),3,train,2018,PHR03,40.010367029576386,32.72316617769208
Latent Neural ODE (tuned),3,train,2018,PHR30,32.285495544112116,25.884686717587442
Latent Neural ODE (tuned),3,train,2018,PHR31,32.890707789630184,25.075735135268303
Latent Neural ODE (tuned),3,train,2018,PHR36,27.99221971540579,25.789620929564236
Latent Neural ODE (tuned),3,train,2018,PHR47,30.95129845101644,25.065770016337034
Latent Neural ODE (tuned),3,train,2018,PHR58,46.42690856976903,38.37317357940005
Latent Neural ODE (tuned),3,train,2018,PHR63,26.729622090822637,24.186594091689884
Latent Neural ODE (tuned),3,train,2018,PHT10,31.569063982121644,23.944530907491718
Latent Neural ODE (tuned),3,train,2018,PHT47,58.94536067503204,53.24490891461751
Latent Neural ODE (tuned),3,train,2018,PHT55,51.806922754883175,45.725383747050266
Latent Neural ODE (tuned),3,train,2018,PHTM9,40.12378144350387,31.798889993588357
Latent Neural ODE (tuned),3,train,2018,PHV37,24.166469966377573,22.68357226903412
Latent Neural ODE (tuned),3,train,2018,PHV57,29.234780040405298,24.327169840897767
Latent Neural ODE (tuned),3,train,2018,PHV63,29.8742740080409,24.216735106617268
Latent Neural ODE (tuned),3,train,2018,PHVA9,35.79803539332508,28.325435484580947
Latent Neural ODE (tuned),3,train,2018,PHW03,32.749783333845166,28.897877255231293
Latent Neural ODE (tuned),3,train,2018,PHW17,42.57334960658767,37.32405745051342
Latent Neural ODE (tuned),3,train,2018,PHW20,32.57221097341366,26.186336008864043
Latent Neural ODE (tuned),3,train,2018,PHW30,40.609958896657034,32.64977092318207
Latent Neural ODE (tuned),3,train,2018,PHW52,22.570042656169168,17.212349904697987
Latent Neural ODE (tuned),3,train,2018,PHW53,24.876966030250145,22.40574660381165
Latent Neural ODE (tuned),3,train,2018,PHW79,36.5675180986578,29.99387019425328
Latent Neural ODE (tuned),3,train,2018,PHW80,44.80990671447921,36.1891005829719
Latent Neural ODE (tuned),3,train,2018,PHW86,22.004018598552943,21.474309354790982
Latent Neural ODE (tuned),3,train,2018,PHZ51,29.465735390137887,25.11476936559972
Latent Neural ODE (tuned),3,train,2018,Pa392,33.608496512168536,27.379808383182944
Latent Neural ODE (tuned),3,train,2018,Pa405,38.968603484403246,30.359980708316137
Latent Neural ODE (tuned),3,train,2018,Pa762,28.518734197370712,24.721705600229903
Latent Neural ODE (tuned),3,train,2018,Pa875,28.812557837345526,23.985576667421043
Latent Neural ODE (tuned),3,train,2018,Pa880,60.36095239801489,45.45893988001048
Latent Neural ODE (tuned),3,train,2018,Pa91,46.09591784086307,39.68639142448863
Latent Neural ODE (tuned),3,train,2018,Q381,36.18858421451662,30.45032067242977
Latent Neural ODE (tuned),3,train,2018,R168,30.78425428453381,23.74781706185241
Latent Neural ODE (tuned),3,train,2018,R181B,32.1651945750438,26.442494561542013
Latent Neural ODE (tuned),3,train,2018,R226,37.96858531734458,31.01768181584497
Latent Neural ODE (tuned),3,train,2018,R227,40.93076217501621,34.19008163051717
Latent Neural ODE (tuned),3,train,2018,R71,36.038995942555935,25.28761788194736
Latent Neural ODE (tuned),3,train,2018,R78,35.10917672374015,30.09543165973033
Latent Neural ODE (tuned),3,train,2018,S8326,38.18612640107537,29.708056313702052
Latent Neural ODE (tuned),3,train,2018,SD101,19.397109106317906,16.774697233241202
Latent Neural ODE (tuned),3,train,2018,SD102,25.191517964992272,19.506623543405322
Latent Neural ODE (tuned),3,train,2018,SD107,36.32898049284107,26.372183880480055
Latent Neural ODE (tuned),3,train,2018,SD40,24.303918915071833,20.85328885112527
Latent Neural ODE (tuned),3,train,2018,SD44,31.628116231107427,27.05350726561931
Latent Neural ODE (tuned),3,train,2018,SG 30A,26.75229550000785,24.416211791743173
Latent Neural ODE (tuned),3,train,2018,Seagull Seventeen,41.636869536165946,35.511666187635925
Latent Neural ODE (tuned),3,train,2018,T242,40.18403768380983,30.13967032378332
Latent Neural ODE (tuned),3,train,2018,TZU-CHIAO-HSI-WU 105,29.89755017939523,21.995680949789865
Latent Neural ODE (tuned),3,train,2018,Tr,42.22191217441326,35.718245618307535
Latent Neural ODE (tuned),3,train,2018,Va26,33.409187313075435,28.649133407864166
Latent Neural ODE (tuned),3,train,2018,Va35,27.03547121410921,21.63000578567022
Latent Neural ODE (tuned),3,train,2018,Va52,27.69938907473757,21.320852518089918
Latent Neural ODE (tuned),3,train,2018,Va59,27.919471137528816,22.870549422329688
Latent Neural ODE (tuned),3,train,2018,Va99,39.96718661067354,33.226315901437864
Latent Neural ODE (tuned),3,train,2018,VaW6,34.10032600027464,26.4382276361486
Latent Neural ODE (tuned),3,train,2018,W117Ht,39.264372362374125,28.37968716112706
Latent Neural ODE (tuned),3,train,2018,W153R,31.390776804629674,27.3614192102699
Latent Neural ODE (tuned),3,train,2018,W22,30.91257093330623,25.479335484246207
Latent Neural ODE (tuned),3,train,2018,W23,32.35134923953684,26.2150561814564
Latent Neural ODE (tuned),3,train,2018,W24,38.60124595702415,32.069453593865475
Latent Neural ODE (tuned),3,train,2018,W32,27.652474013449904,23.123718012159706
Latent Neural ODE (tuned),3,train,2018,W37A,43.117357454019576,36.0136767288033
Latent Neural ODE (tuned),3,train,2018,W552,23.85166209671089,21.629558779092907
Latent Neural ODE (tuned),3,train,2018,W603S,42.021093177664305,29.0850146691454
Latent Neural ODE (tuned),3,train,2018,W604S,43.929441823089206,34.18071599562545
Latent Neural ODE (tuned),3,train,2018,W605S,31.27107618236364,28.32061452516076
Latent Neural ODE (tuned),3,train,2018,W607S,34.044831234707885,26.45131381886074
Latent Neural ODE (tuned),3,train,2018,W610S,35.91827974522165,25.915730216639577
Latent Neural ODE (tuned),3,train,2018,W612S,46.57656771791321,36.07738705800922
Latent Neural ODE (tuned),3,train,2018,W614S,45.4439561002897,35.547621709037074
Latent Neural ODE (tuned),3,train,2018,W64A,31.33422664132634,22.133966604805384
Latent Neural ODE (tuned),3,train,2018,W701BC,30.732878885345183,24.738662853385442
Latent Neural ODE (tuned),3,train,2018,W809G,40.521323752687536,32.66706408288369
Latent Neural ODE (tuned),3,train,2018,W810G,34.313937951207876,27.647203677730413
Latent Neural ODE (tuned),3,train,2018,W812G,38.80275761179095,35.48629644663088
Latent Neural ODE (tuned),3,train,2018,W813G,23.212876506072398,18.630591651900353
Latent Neural ODE (tuned),3,train,2018,W814G,79.55369337593937,73.67671637097304
Latent Neural ODE (tuned),3,train,2018,W8304,38.81063423740761,33.597670525219115
Latent Neural ODE (tuned),3,train,2018,W9,38.51509689978009,31.199662037986275
Latent Neural ODE (tuned),3,train,2018,WIL900,30.741129058230715,25.586742824127004
Latent Neural ODE (tuned),3,train,2018,WR3,33.111511113558926,27.852961587203264
Latent Neural ODE (tuned),3,train,2018,WU-TAN-TZAO,45.07453815340848,42.497819237295644
Latent Neural ODE (tuned),3,train,2018,YE 4,37.62707583581217,31.109920580492552
Latent Neural ODE (tuned),3,train,2018,YING-55,36.807810981335614,32.668246109022526
Latent Neural ODE (tuned),3,train,2018,Yu796 NS,21.143191987167853,18.98581526791969
Latent Neural ODE (tuned),3,train,2018,ZS635,28.310422987892434,23.945817191724394
Latent Neural ODE (tuned),3,train,2019,1538,27.474593570832265,21.88956002829738
Latent Neural ODE (tuned),3,train,2019,2369,36.29889754410199,29.509675967594127
Latent Neural ODE (tuned),3,train,2019,29MIBZ2,28.41443491264355,23.059088419792054
Latent Neural ODE (tuned),3,train,2019,2FACC,28.706967362444296,22.993416553127517
Latent Neural ODE (tuned),3,train,2019,2FADB,43.131471158649724,33.822782761576605
Latent Neural ODE (tuned),3,train,2019,2MA22,40.533537495324495,29.977845452660826
Latent Neural ODE (tuned),3,train,2019,2MCDB,46.90887285179179,32.13674654931604
Latent Neural ODE (tuned),3,train,2019,3IJI1,35.59489549195881,26.60168683913485
Latent Neural ODE (tuned),3,train,2019,4226,26.75613293104703,22.411568517593007
Latent Neural ODE (tuned),3,train,2019,4F-306 108,27.949871254433955,22.293396567854046
Latent Neural ODE (tuned),3,train,2019,4N506,33.82243486966073,23.358258361604854
Latent Neural ODE (tuned),3,train,2019,6F629,38.57316705892969,29.000617090573762
Latent Neural ODE (tuned),3,train,2019,6M502,28.828385657151983,22.09850762215865
Latent Neural ODE (tuned),3,train,2019,6M502A,28.013339054857166,22.37942070684514
Latent Neural ODE (tuned),3,train,2019,764,27.69903212563817,19.7085962707891
Latent Neural ODE (tuned),3,train,2019,78010,34.75341404444098,22.23252028602951
Latent Neural ODE (tuned),3,train,2019,78551S,40.65233093876854,29.20494297168693
Latent Neural ODE (tuned),3,train,2019,790,26.11611447729575,20.284795299991256
Latent Neural ODE (tuned),3,train,2019,793,43.74976728691622,31.741474409700935
Latent Neural ODE (tuned),3,train,2019,87916W,22.42046596620514,16.795239335791916
Latent Neural ODE (tuned),3,train,2019,911,31.350803417391777,22.797446983788593
Latent Neural ODE (tuned),3,train,2019,912,33.93624981314642,24.522068656614913
Latent Neural ODE (tuned),3,train,2019,91IFC2,32.26769312640585,25.723236121522746
Latent Neural ODE (tuned),3,train,2019,A,27.021080513898596,23.088809834221944
Latent Neural ODE (tuned),3,train,2019,A208,26.75284072517901,20.067577777808246
Latent Neural ODE (tuned),3,train,2019,A239,23.238659276981256,18.99754782985271
Latent Neural ODE (tuned),3,train,2019,A258,27.6080918803362,21.30911000228788
Latent Neural ODE (tuned),3,train,2019,A272,37.670320213242356,24.88069580110557
Latent Neural ODE (tuned),3,train,2019,A305,35.71053172323793,27.721274645428533
Latent Neural ODE (tuned),3,train,2019,A321,42.779148231179285,26.96894574886114
Latent Neural ODE (tuned),3,train,2019,A322,32.040228944222235,25.787633713279618
Latent Neural ODE (tuned),3,train,2019,A334,28.033815740269063,21.196267085712545
Latent Neural ODE (tuned),3,train,2019,A340,22.352959381638303,18.958767460313737
Latent Neural ODE (tuned),3,train,2019,A374,33.49380641033943,27.22426850234773
Latent Neural ODE (tuned),3,train,2019,A385,34.66607157518432,27.192184750915786
Latent Neural ODE (tuned),3,train,2019,A427,33.176669500430485,26.315605696069092
Latent Neural ODE (tuned),3,train,2019,A548,31.292915627325183,24.72622009068346
Latent Neural ODE (tuned),3,train,2019,A556,38.006803938269385,28.514043033443574
Latent Neural ODE (tuned),3,train,2019,A572,35.2980036447354,26.741675369961285
Latent Neural ODE (tuned),3,train,2019,A619,26.0137686775109,19.601555597425076
Latent Neural ODE (tuned),3,train,2019,A627,21.063067925749397,17.1890382548789
Latent Neural ODE (tuned),3,train,2019,A632,30.4870518914227,23.636122471999418
Latent Neural ODE (tuned),3,train,2019,A634,25.47806015405113,19.076663624396403
Latent Neural ODE (tuned),3,train,2019,A635,36.324726747883986,23.662200027719628
Latent Neural ODE (tuned),3,train,2019,A641,33.20746571509776,27.95888535740691
Latent Neural ODE (tuned),3,train,2019,A648,25.953261571256448,21.576810278111815
Latent Neural ODE (tuned),3,train,2019,A649,46.62416871176581,33.63317561907425
Latent Neural ODE (tuned),3,train,2019,A659,30.40910190583782,23.35174453055113
Latent Neural ODE (tuned),3,train,2019,A663,28.199895539740428,24.335014855200594
Latent Neural ODE (tuned),3,train,2019,A672,31.581926540064178,24.035711835788703
Latent Neural ODE (tuned),3,train,2019,A674,28.59654454298412,20.964266954059514
Latent Neural ODE (tuned),3,train,2019,A679,32.44609973555094,26.064740215657533
Latent Neural ODE (tuned),3,train,2019,A680,28.64020538703938,22.957733873145592
Latent Neural ODE (tuned),3,train,2019,A682,31.41056174573465,24.901909448437156
Latent Neural ODE (tuned),3,train,2019,A71,43.72204411483329,35.1004728764422
Latent Neural ODE (tuned),3,train,2019,A73,32.498811364132884,28.02780334725657
Latent Neural ODE (tuned),3,train,2019,AQA3,49.98762806384943,34.43598635894076
Latent Neural ODE (tuned),3,train,2019,AS6103,27.213221112879673,21.671160786616984
Latent Neural ODE (tuned),3,train,2019,AusTRCF 306238,31.44792930049642,23.1243103284553
Latent Neural ODE (tuned),3,train,2019,B-18 INBR.FR.SUPERGOLD,24.993172748994372,20.18543637831299
Latent Neural ODE (tuned),3,train,2019,B-28,26.49714831352112,22.9783434008813
Latent Neural ODE (tuned),3,train,2019,B103,25.239993643847804,21.12802527620009
Latent Neural ODE (tuned),3,train,2019,B104,24.781240263252467,19.697146662256333
Latent Neural ODE (tuned),3,train,2019,B105,26.866379230534477,20.104096091682656
Latent Neural ODE (tuned),3,train,2019,B107,30.576190075139053,20.717209960487427
Latent Neural ODE (tuned),3,train,2019,B108,28.74862765994598,22.401032221461282
Latent Neural ODE (tuned),3,train,2019,B110,29.578095589772566,21.43018008507616
Latent Neural ODE (tuned),3,train,2019,B111,36.732257601055515,23.620690932555647
Latent Neural ODE (tuned),3,train,2019,B114,28.978748017461825,23.196756633077968
Latent Neural ODE (tuned),3,train,2019,B115,32.9481691812137,24.55039293592706
Latent Neural ODE (tuned),3,train,2019,B119,32.75088019222574,23.494157445361022
Latent Neural ODE (tuned),3,train,2019,B120,31.23537610733225,24.807179279483663
Latent Neural ODE (tuned),3,train,2019,B121,33.92476411668918,25.065896697587082
Latent Neural ODE (tuned),3,train,2019,B14,24.437337883190665,19.087093535109222
Latent Neural ODE (tuned),3,train,2019,B14A,30.578220054717153,21.276839810457204
Latent Neural ODE (tuned),3,train,2019,B164,30.51061865994199,21.91582434782723
Latent Neural ODE (tuned),3,train,2019,B2,40.320612807353115,29.2127725373295
Latent Neural ODE (tuned),3,train,2019,B37,23.525113196978246,18.941900455570668
Latent Neural ODE (tuned),3,train,2019,B46,32.10111189097761,25.986569966801937
Latent Neural ODE (tuned),3,train,2019,B57,35.79175425740806,23.93163494788809
Latent Neural ODE (tuned),3,train,2019,B65,31.134744822588186,23.839920022666746
Latent Neural ODE (tuned),3,train,2019,B66,30.884907705118042,26.20519790790623
Latent Neural ODE (tuned),3,train,2019,B68,23.292260255605274,18.536113197249136
Latent Neural ODE (tuned),3,train,2019,B70,41.73614796261169,31.431355068224683
Latent Neural ODE (tuned),3,train,2019,B75,41.07354498554696,26.828396447478536
Latent Neural ODE (tuned),3,train,2019,B76,29.175047885691367,21.654615563748084
Latent Neural ODE (tuned),3,train,2019,B77,23.71071857332129,18.907963296122283
Latent Neural ODE (tuned),3,train,2019,B79,36.17724006583878,27.52029340485108
Latent Neural ODE (tuned),3,train,2019,B84,25.661156284254343,20.82250411912882
Latent Neural ODE (tuned),3,train,2019,B85,36.638464953463796,24.790499134375683
Latent Neural ODE (tuned),3,train,2019,B87,27.444836700625764,22.55600555346545
Latent Neural ODE (tuned),3,train,2019,B88,25.339406492615772,20.053220058400782
Latent Neural ODE (tuned),3,train,2019,B91,32.53670558180216,24.984160076879455
Latent Neural ODE (tuned),3,train,2019,B97,36.223746505086275,24.90906243526834
Latent Neural ODE (tuned),3,train,2019,BEI 10 = NORTH 10,35.979074479491224,28.43951612823584
Latent Neural ODE (tuned),3,train,2019,BO9,38.65988764466842,27.041067435176203
Latent Neural ODE (tuned),3,train,2019,C103,39.97671187220761,26.353423403098272
Latent Neural ODE (tuned),3,train,2019,C123,36.76287136966192,25.660147134142406
Latent Neural ODE (tuned),3,train,2019,CA-4,40.940572841919945,25.505569177960993
Latent Neural ODE (tuned),3,train,2019,CG102,36.10134127770857,26.5589423622193
Latent Neural ODE (tuned),3,train,2019,CH157,33.81946883971546,26.449196524313734
Latent Neural ODE (tuned),3,train,2019,CH701-30,24.01607107623426,19.440968043728315
Latent Neural ODE (tuned),3,train,2019,CH711-10,48.33060061300072,33.572641170600114
Latent Neural ODE (tuned),3,train,2019,CH9,28.542419671044605,22.134490655047625
Latent Neural ODE (tuned),3,train,2019,CI 40H,33.78743707657107,25.860560992207365
Latent Neural ODE (tuned),3,train,2019,CM105,37.71248789328003,28.113268021313296
Latent Neural ODE (tuned),3,train,2019,CO257,29.172152993507147,22.955290934958626
Latent Neural ODE (tuned),3,train,2019,CO258,42.08297501831723,27.9398656158749
Latent Neural ODE (tuned),3,train,2019,CQ702RC,25.373621748832004,18.57700460153734
Latent Neural ODE (tuned),3,train,2019,CR 22 INBRED,36.23967602201717,26.99623319676219
Latent Neural ODE (tuned),3,train,2019,CS405,39.807581975543705,28.438052873554916
Latent Neural ODE (tuned),3,train,2019,DE2,23.3835524796883,17.682034917230702
Latent Neural ODE (tuned),3,train,2019,DE4,31.960304199297525,21.522831033331112
Latent Neural ODE (tuned),3,train,2019,DE811,40.983981810922764,27.021607261890836
Latent Neural ODE (tuned),3,train,2019,DJ7,31.684404742890408,24.6858579303771
Latent Neural ODE (tuned),3,train,2019,DK3IIH6,29.356262822967288,20.220156048417856
Latent Neural ODE (tuned),3,train,2019,DK4676A,37.16525939958032,27.699174037695727
Latent Neural ODE (tuned),3,train,2019,DK78002A,28.03571217694621,22.58783052825916
Latent Neural ODE (tuned),3,train,2019,DK78010,21.67014339267457,18.791504897149803
Latent Neural ODE (tuned),3,train,2019,DKFAPW,27.891122295584754,20.43086798053617
Latent Neural ODE (tuned),3,train,2019,DKFBHJ,37.26042682852029,25.87427543534286
Latent Neural ODE (tuned),3,train,2019,DKMBNA,49.974911835932396,36.53088176598916
Latent Neural ODE (tuned),3,train,2019,DKPB80,36.83920111347988,26.611867335356283
Latent Neural ODE (tuned),3,train,2019,E8501,34.93515703176064,24.795388915636856
Latent Neural ODE (tuned),3,train,2019,EAST 028,21.42308868298736,18.403743269134345
Latent Neural ODE (tuned),3,train,2019,Eng-Li Chih,47.00873891557132,39.050178945013876
Latent Neural ODE (tuned),3,train,2019,F118,25.437676968150797,17.257703517072095
Latent Neural ODE (tuned),3,train,2019,F2834T,20.306850956459144,15.910723058599391
Latent Neural ODE (tuned),3,train,2019,FBLA,33.65751647728294,26.162858581009726
Latent Neural ODE (tuned),3,train,2019,FR19,148.34685055463456,109.06774153840799
Latent Neural ODE (tuned),3,train,2019,G80,29.01405954487058,20.729884984924556
Latent Neural ODE (tuned),3,train,2019,H110,34.94031386731843,25.314447993287153
Latent Neural ODE (tuned),3,train,2019,H113,36.50133626720969,26.880008222207024
Latent Neural ODE (tuned),3,train,2019,H121,32.14553816931733,23.600391843355997
Latent Neural ODE (tuned),3,train,2019,H122w,37.10738944361637,25.78438311025453
Latent Neural ODE (tuned),3,train,2019,H42,33.3609059396718,25.680735771929164
Latent Neural ODE (tuned),3,train,2019,H5,38.73022722391441,27.818867120689767
Latent Neural ODE (tuned),3,train,2019,H71,25.797700196800964,21.462582504055018
Latent Neural ODE (tuned),3,train,2019,H84,22.460282044691265,16.40805179807072
Latent Neural ODE (tuned),3,train,2019,H91,27.84344865132857,19.282577192736557
Latent Neural ODE (tuned),3,train,2019,H95,29.338633787060523,21.12898417596373
Latent Neural ODE (tuned),3,train,2019,H96,33.73225517360113,26.571112341795878
Latent Neural ODE (tuned),3,train,2019,H99,27.13773460235168,18.760668266087524
Latent Neural ODE (tuned),3,train,2019,HP301,21.56360365549316,18.604927947150404
Latent Neural ODE (tuned),3,train,2019,HUANYAO,32.51952117929448,24.328226124876014
Latent Neural ODE (tuned),3,train,2019,I29,55.75155044119327,39.242768103772235
Latent Neural ODE (tuned),3,train,2019,IA2132,32.774280320228875,24.70383152746171
Latent Neural ODE (tuned),3,train,2019,IBB14,36.45207165219574,28.762746883266246
Latent Neural ODE (tuned),3,train,2019,IBB15,24.078760505565924,18.434203401988285
Latent Neural ODE (tuned),3,train,2019,IBC2,25.171104756783308,22.105900855380924
Latent Neural ODE (tuned),3,train,2019,ICI 193,36.79153539069802,29.373822544666737
Latent Neural ODE (tuned),3,train,2019,ICI 740,27.77752904980967,23.416085764962926
Latent Neural ODE (tuned),3,train,2019,ICI 893,23.227001805528356,17.26894192630449
Latent Neural ODE (tuned),3,train,2019,ICI 986,30.02083851045874,23.45796953765163
Latent Neural ODE (tuned),3,train,2019,IDS28,33.12951164875814,24.472158160606448
Latent Neural ODE (tuned),3,train,2019,IDS69,21.94041047629722,16.8527653680975
Latent Neural ODE (tuned),3,train,2019,IDS91,32.583633643201935,25.067769701908848
Latent Neural ODE (tuned),3,train,2019,INB 101LFY/LFY (A632 X M16 S5),32.45135465980584,23.345563405473314
Latent Neural ODE (tuned),3,train,2019,INBRED 141,34.46844003386731,26.242834990343184
Latent Neural ODE (tuned),3,train,2019,INBRED 2-687,30.120143214978718,24.294508884844305
Latent Neural ODE (tuned),3,train,2019,INBRED 305,29.228710891205534,18.598618871135283
Latent Neural ODE (tuned),3,train,2019,INBRED 309,19.285218620982015,15.416061620637132
Latent Neural ODE (tuned),3,train,2019,INBRED 321,36.5624989167856,24.82896817340332
Latent Neural ODE (tuned),3,train,2019,Ia 453,29.325099224707536,24.358979100317043
Latent Neural ODE (tuned),3,train,2019,J47,35.70981082813621,24.533805741509354
Latent Neural ODE (tuned),3,train,2019,K150,21.433649751379466,18.85089559696266
Latent Neural ODE (tuned),3,train,2019,K41,24.367937934950618,18.804095786838417
Latent Neural ODE (tuned),3,train,2019,K47,46.75667974142319,36.5350153766155
Latent Neural ODE (tuned),3,train,2019,K55,43.095507090332774,31.0314716161174
Latent Neural ODE (tuned),3,train,2019,KUNG-70,27.964913697200465,19.395269651371102
Latent Neural ODE (tuned),3,train,2019,L 127,29.312152073471015,23.319939487451823
Latent Neural ODE (tuned),3,train,2019,L 135,28.614959332978152,21.95301564386432
Latent Neural ODE (tuned),3,train,2019,L 139,35.999710028110606,28.68947912452264
Latent Neural ODE (tuned),3,train,2019,L 155,30.50416727658862,21.215204686863302
Latent Neural ODE (tuned),3,train,2019,L 289,43.090528662029406,27.938360695088804
Latent Neural ODE (tuned),3,train,2019,LH1,28.201500627929057,19.756277291787327
Latent Neural ODE (tuned),3,train,2019,LH119,21.68889374286564,18.319635208006538
Latent Neural ODE (tuned),3,train,2019,LH128,26.153176261503617,19.3751760119446
Latent Neural ODE (tuned),3,train,2019,LH143 (Maintainer),37.013759670346964,29.391789817271395
Latent Neural ODE (tuned),3,train,2019,LH145,48.289217937265114,32.232898768005285
Latent Neural ODE (tuned),3,train,2019,LH146Ht,35.65763611490211,27.88769533406731
Latent Neural ODE (tuned),3,train,2019,LH149,35.09311463785844,27.65414105729034
Latent Neural ODE (tuned),3,train,2019,LH165,37.72368757189466,26.0918705098142
Latent Neural ODE (tuned),3,train,2019,LH166,28.842351440138884,22.469525698561107
Latent Neural ODE (tuned),3,train,2019,LH172,32.9153171315174,23.472232904921555
Latent Neural ODE (tuned),3,train,2019,LH184,46.3987439350509,32.17077052662565
Latent Neural ODE (tuned),3,train,2019,LH185,36.36559273607615,24.711021860666452
Latent Neural ODE (tuned),3,train,2019,LH190,24.038867693398828,18.421465324402487
Latent Neural ODE (tuned),3,train,2019,LH191,36.07287796674549,24.44747512876036
Latent Neural ODE (tuned),3,train,2019,LH192,27.539021307586022,23.084639127166774
Latent Neural ODE (tuned),3,train,2019,LH194,20.781124883045496,15.41891808159218
Latent Neural ODE (tuned),3,train,2019,LH195,19.403202796294078,13.145040430783464
Latent Neural ODE (tuned),3,train,2019,LH197,28.03738015110195,21.073048584269838
Latent Neural ODE (tuned),3,train,2019,LH198,32.49185926472174,24.11152615596947
Latent Neural ODE (tuned),3,train,2019,LH199,23.909284154508462,17.70391953439044
Latent Neural ODE (tuned),3,train,2019,LH202,41.49656145062504,30.78015479781802
Latent Neural ODE (tuned),3,train,2019,LH204,24.80656571387128,16.317074537193434
Latent Neural ODE (tuned),3,train,2019,LH205,43.07298615529528,29.827717438907218
Latent Neural ODE (tuned),3,train,2019,LH206,24.69083907188492,18.750038683876433
Latent Neural ODE (tuned),3,train,2019,LH208,31.361717017944432,25.326571128989873
Latent Neural ODE (tuned),3,train,2019,LH209,28.460071454195813,23.11057160314979
Latent Neural ODE (tuned),3,train,2019,LH213,48.77850816847496,31.48655848317884
Latent Neural ODE (tuned),3,train,2019,LH214,28.937189936441943,20.02593126894338
Latent Neural ODE (tuned),3,train,2019,LH215,34.01925956683602,26.37476904679841
Latent Neural ODE (tuned),3,train,2019,LH222,30.733307048319467,23.620787907914988
Latent Neural ODE (tuned),3,train,2019,LH223,35.14318696973407,27.233904129049243
Latent Neural ODE (tuned),3,train,2019,LH224,26.397656252038693,19.47225180833663
Latent Neural ODE (tuned),3,train,2019,LH295,29.174924780779044,21.809819643445227
Latent Neural ODE (tuned),3,train,2019,LH59,24.870907317399574,18.52589897046794
Latent Neural ODE (tuned),3,train,2019,LH60,22.21699847609647,16.513277920639855
Latent Neural ODE (tuned),3,train,2019,LH61,33.6155320794405,27.303237085037885
Latent Neural ODE (tuned),3,train,2019,LH74,24.783245580923325,17.229362180829153
Latent Neural ODE (tuned),3,train,2019,LH82,21.972153845017953,18.951729272376316
Latent Neural ODE (tuned),3,train,2019,LH93,22.186517194697437,17.70350365192055
Latent Neural ODE (tuned),3,train,2019,LIBC 4,33.89071817857995,25.682349125205434
Latent Neural ODE (tuned),3,train,2019,LP1 NR HT,33.999388503081605,21.42989854989262
Latent Neural ODE (tuned),3,train,2019,LP5,43.48379620474965,31.89632058731688
Latent Neural ODE (tuned),3,train,2019,Lp215D,35.28576850040986,27.28201929325542
Latent Neural ODE (tuned),3,train,2019,M14,30.72482699114844,24.354418000362717
Latent Neural ODE (tuned),3,train,2019,MBPM,22.468379478554112,17.905928215484515
Latent Neural ODE (tuned),3,train,2019,MBWZ,32.291216940668775,21.428800198540117
Latent Neural ODE (tuned),3,train,2019,MEF156-55-2,48.403478285726116,39.34019871786366
Latent Neural ODE (tuned),3,train,2019,ML606,55.79547030858032,45.2316810001651
Latent Neural ODE (tuned),3,train,2019,MM501D,45.89548216857111,28.532022763357233
Latent Neural ODE (tuned),3,train,2019,MQ305,40.451981002603375,31.181413165515913
Latent Neural ODE (tuned),3,train,2019,MS116,46.261425792254144,35.13585974324796
Latent Neural ODE (tuned),3,train,2019,MS132,32.95201216111336,25.07898089671233
Latent Neural ODE (tuned),3,train,2019,MS153,33.957139221530724,24.95268754810516
Latent Neural ODE (tuned),3,train,2019,MS200,28.140736311899314,24.29959961208229
Latent Neural ODE (tuned),3,train,2019,MS211,33.95306578553807,26.66177074028116
Latent Neural ODE (tuned),3,train,2019,MS221,26.000450448291257,19.62724218529341
Latent Neural ODE (tuned),3,train,2019,MS224,51.70087233449809,37.24982329845569
Latent Neural ODE (tuned),3,train,2019,MS225,33.318218489378545,25.187260593195173
Latent Neural ODE (tuned),3,train,2019,MS226,41.693956287787934,30.575649192871893
Latent Neural ODE (tuned),3,train,2019,MS24A,31.298974791566188,24.29896888894478
Latent Neural ODE (tuned),3,train,2019,MS67,53.31392062475886,39.6825057334766
Latent Neural ODE (tuned),3,train,2019,MS71,27.667263023612193,22.03242466429692
Latent Neural ODE (tuned),3,train,2019,MS72,29.619840095519667,23.344886302816114
Latent Neural ODE (tuned),3,train,2019,Mo46,23.775230649948714,19.27843458649574
Latent Neural ODE (tuned),3,train,2019,Mo47,32.18896404319509,25.01490260734601
Latent Neural ODE (tuned),3,train,2019,Mo5,29.238068482139,19.726554404041085
Latent Neural ODE (tuned),3,train,2019,N192,22.28206725856362,18.235349869789033
Latent Neural ODE (tuned),3,train,2019,N193,24.05824003720423,19.221486741022574
Latent Neural ODE (tuned),3,train,2019,N201,35.20520205321825,28.386790855344763
Latent Neural ODE (tuned),3,train,2019,N211,48.95999576951467,32.78941505732722
Latent Neural ODE (tuned),3,train,2019,N217,33.10789620770225,22.490496398421623
Latent Neural ODE (tuned),3,train,2019,N28Ht,25.938987587403343,18.802943198279014
Latent Neural ODE (tuned),3,train,2019,N501,32.101272959857084,26.506345231916438
Latent Neural ODE (tuned),3,train,2019,N523,28.83392282079495,21.093579379416994
Latent Neural ODE (tuned),3,train,2019,N527,31.52689528437484,25.049228530660837
Latent Neural ODE (tuned),3,train,2019,N534,31.125797981548924,23.318471633149116
Latent Neural ODE (tuned),3,train,2019,N542,23.809603997261505,17.237931084567037
Latent Neural ODE (tuned),3,train,2019,N6,30.442348113346522,22.445327729173524
Latent Neural ODE (tuned),3,train,2019,NC262,26.552766428713298,19.164914423525026
Latent Neural ODE (tuned),3,train,2019,NC294,23.09137733354026,15.555775036585446
Latent Neural ODE (tuned),3,train,2019,NC310,25.81182543124206,19.534498286348175
Latent Neural ODE (tuned),3,train,2019,NC326,28.797023275782287,20.95095507365582
Latent Neural ODE (tuned),3,train,2019,NC328,31.04475526957461,23.04995165441441
Latent Neural ODE (tuned),3,train,2019,NC368,33.102622989962484,21.743748963219776
Latent Neural ODE (tuned),3,train,2019,NC412,26.658624023735506,21.09148036756805
Latent Neural ODE (tuned),3,train,2019,ND247,30.222365983588737,21.93606606313345
Latent Neural ODE (tuned),3,train,2019,ND265,31.050604323898526,23.168273475163264
Latent Neural ODE (tuned),3,train,2019,NK740,37.033185270349776,25.432248906868654
Latent Neural ODE (tuned),3,train,2019,NK778,52.00388921979896,31.671497273087596
Latent Neural ODE (tuned),3,train,2019,NK807,30.430543196545656,24.41989055008316
Latent Neural ODE (tuned),3,train,2019,NKS8326,27.935354814879833,21.974636741025854
Latent Neural ODE (tuned),3,train,2019,NORTH 7,32.6815518336966,27.170420969653406
Latent Neural ODE (tuned),3,train,2019,NQ508,30.885213402564247,25.06726604332319
Latent Neural ODE (tuned),3,train,2019,NS501,41.36159322614166,28.37404664492992
Latent Neural ODE (tuned),3,train,2019,NS701,32.48930566544012,24.04175276822748
Latent Neural ODE (tuned),3,train,2019,NY 166 (Neveh Yaar),25.05280323198866,19.462176899787206
Latent Neural ODE (tuned),3,train,2019,NY6371,34.67338970292631,25.530062547277467
Latent Neural ODE (tuned),3,train,2019,Ny821,34.10358647926186,26.176709767067923
Latent Neural ODE (tuned),3,train,2019,OH33,40.28475645099329,29.18239299368228
Latent Neural ODE (tuned),3,train,2019,OQ403,48.87616771091718,36.41007825763543
Latent Neural ODE (tuned),3,train,2019,OQ603,29.027696776195157,24.585049744534178
Latent Neural ODE (tuned),3,train,2019,OS602,28.916077640191666,23.169096903288555
Latent Neural ODE (tuned),3,train,2019,Oh40B,28.20515089108901,21.434958325509
Latent Neural ODE (tuned),3,train,2019,Oh43,39.53581250624055,27.14967427975863
Latent Neural ODE (tuned),3,train,2019,Oh7,50.85304053204037,32.013691206679496
Latent Neural ODE (tuned),3,train,2019,Os420,37.448455098642306,27.473550515046455
Latent Neural ODE (tuned),3,train,2019,Os426,38.51839968558668,26.42520280089203
Latent Neural ODE (tuned),3,train,2019,PHB09,29.154195760239784,22.10230001032186
Latent Neural ODE (tuned),3,train,2019,PHB47,35.443688346217314,27.26865001340484
Latent Neural ODE (tuned),3,train,2019,PHBA6,46.53423937852146,33.58462066993655
Latent Neural ODE (tuned),3,train,2019,PHBB3,28.20735979226813,19.552025528468562
Latent Neural ODE (tuned),3,train,2019,PHBW8,50.21626955498532,37.882954357139845
Latent Neural ODE (tuned),3,train,2019,PHG29,41.61514112301777,32.26583416815869
Latent Neural ODE (tuned),3,train,2019,PHG47,37.14547049541789,28.313581358477123
Latent Neural ODE (tuned),3,train,2019,PHG50,37.70714942206622,28.442406415576112
Latent Neural ODE (tuned),3,train,2019,PHG71,27.991531531337095,22.549145600872265
Latent Neural ODE (tuned),3,train,2019,PHG72,22.890492212651505,18.710951337495917
Latent Neural ODE (tuned),3,train,2019,PHG80,46.834712814252526,37.46428761480439
Latent Neural ODE (tuned),3,train,2019,PHG83,38.29611248291104,30.079786774496007
Latent Neural ODE (tuned),3,train,2019,PHG86,43.83000437108299,34.913983349202205
Latent Neural ODE (tuned),3,train,2019,PHGW7,33.51195844940017,26.013501962159953
Latent Neural ODE (tuned),3,train,2019,PHH93,28.492047401175682,21.385870682673097
Latent Neural ODE (tuned),3,train,2019,PHHV4,26.528100471295957,21.309094849887984
Latent Neural ODE (tuned),3,train,2019,PHJ70,38.144748372525065,27.05125061451034
Latent Neural ODE (tuned),3,train,2019,PHJ89,23.377946004447,18.19667989117295
Latent Neural ODE (tuned),3,train,2019,PHJ90,29.929976322879465,23.443402080281952
Latent Neural ODE (tuned),3,train,2019,PHJR5,51.530422208014286,38.88277590173453
Latent Neural ODE (tuned),3,train,2019,PHK35,28.026106052542783,19.981689231834412
Latent Neural ODE (tuned),3,train,2019,PHK42,29.363719100392768,23.745553032183498
Latent Neural ODE (tuned),3,train,2019,PHK56,29.961124725798687,21.301984409558326
Latent Neural ODE (tuned),3,train,2019,PHK74,38.20196822222362,27.40728453056779
Latent Neural ODE (tuned),3,train,2019,PHKE6,29.41170425519879,23.57759554282794
Latent Neural ODE (tuned),3,train,2019,PHM10,30.71259944022601,19.699087079784906
Latent Neural ODE (tuned),3,train,2019,PHN11,29.067747325064293,21.370735339707302
Latent Neural ODE (tuned),3,train,2019,PHN29,29.609194776432727,21.995773536343417
Latent Neural ODE (tuned),3,train,2019,PHN66,25.648986001736098,19.040635415795016
Latent Neural ODE (tuned),3,train,2019,PHP02,33.75909605300295,23.54400910454079
Latent Neural ODE (tuned),3,train,2019,PHP55,33.22607386535518,24.86004177442471
Latent Neural ODE (tuned),3,train,2019,PHP76,31.079157403719183,23.701669382272076
Latent Neural ODE (tuned),3,train,2019,PHP85,21.3009422745969,14.646592808433986
Latent Neural ODE (tuned),3,train,2019,PHPR5,33.00838806755595,20.277653626552727
Latent Neural ODE (tuned),3,train,2019,PHR03,35.741328372399344,25.736874575073305
Latent Neural ODE (tuned),3,train,2019,PHR30,34.50769546880828,26.069373184702286
Latent Neural ODE (tuned),3,train,2019,PHR31,25.36494509368256,19.616313483927996
Latent Neural ODE (tuned),3,train,2019,PHR36,39.43635069138606,25.676681432909557
Latent Neural ODE (tuned),3,train,2019,PHR47,36.25275159063558,27.136434460096265
Latent Neural ODE (tuned),3,train,2019,PHR58,29.610828640860976,19.82717283152894
Latent Neural ODE (tuned),3,train,2019,PHR63,26.130404224618335,20.584710955486237
Latent Neural ODE (tuned),3,train,2019,PHT10,27.002129539759324,19.68945226161066
Latent Neural ODE (tuned),3,train,2019,PHT47,38.398057799611124,27.494293276097615
Latent Neural ODE (tuned),3,train,2019,PHT55,42.59710506439346,35.5732792234627
Latent Neural ODE (tuned),3,train,2019,PHTM9,32.748107896611344,25.091222023494243
Latent Neural ODE (tuned),3,train,2019,PHV37,26.49027008881687,21.321653350573182
Latent Neural ODE (tuned),3,train,2019,PHV57,26.40815310420664,19.93633044488579
Latent Neural ODE (tuned),3,train,2019,PHV63,34.637161541437635,23.227780507077142
Latent Neural ODE (tuned),3,train,2019,PHVA9,32.06789535259574,23.760216530614336
Latent Neural ODE (tuned),3,train,2019,PHW03,25.312156820532415,20.779125469359414
Latent Neural ODE (tuned),3,train,2019,PHW17,44.45260421559492,33.46695391199049
Latent Neural ODE (tuned),3,train,2019,PHW20,33.84868697050588,23.966664517510843
Latent Neural ODE (tuned),3,train,2019,PHW30,49.716727459122126,40.30878574574498
Latent Neural ODE (tuned),3,train,2019,PHW52,25.103459996827937,17.31831235005482
Latent Neural ODE (tuned),3,train,2019,PHW53,33.307741847194386,23.24288973760676
Latent Neural ODE (tuned),3,train,2019,PHW79,55.60157372336804,41.40608904248311
Latent Neural ODE (tuned),3,train,2019,PHW80,40.764091678697646,27.909879645334087
Latent Neural ODE (tuned),3,train,2019,PHW86,25.439525982059823,20.795855252052515
Latent Neural ODE (tuned),3,train,2019,PHZ51,36.2732431086418,23.9877716069377
Latent Neural ODE (tuned),3,train,2019,Pa392,48.256363954103726,37.75877380008188
Latent Neural ODE (tuned),3,train,2019,Pa405,29.794844163495934,21.91390889282939
Latent Neural ODE (tuned),3,train,2019,Pa762,27.7529517241838,19.449329581183974
Latent Neural ODE (tuned),3,train,2019,Pa875,31.63340112270093,24.02160240013227
Latent Neural ODE (tuned),3,train,2019,Pa880,31.07503928213149,25.658864222965708
Latent Neural ODE (tuned),3,train,2019,Pa91,20.765942651967965,19.085722004552764
Latent Neural ODE (tuned),3,train,2019,Q381,36.87422419384822,27.77063625323711
Latent Neural ODE (tuned),3,train,2019,R168,31.27013046440508,23.281687116163795
Latent Neural ODE (tuned),3,train,2019,R181B,35.79860303250932,28.34415734430482
Latent Neural ODE (tuned),3,train,2019,R226,33.344437697963365,21.97603809246356
Latent Neural ODE (tuned),3,train,2019,R227,22.971307509090146,18.49145757748117
Latent Neural ODE (tuned),3,train,2019,R71,30.855835918602892,21.4852070853697
Latent Neural ODE (tuned),3,train,2019,R78,27.032225585906055,21.61130310541095
Latent Neural ODE (tuned),3,train,2019,S8326,43.92874149212151,31.823250331621377
Latent Neural ODE (tuned),3,train,2019,SD101,39.79741157812088,29.185693222314306
Latent Neural ODE (tuned),3,train,2019,SD102,30.35864957627878,23.66215154003996
Latent Neural ODE (tuned),3,train,2019,SD107,42.24916436136567,30.918311529267868
Latent Neural ODE (tuned),3,train,2019,SD40,20.480441555696682,15.071860710753473
Latent Neural ODE (tuned),3,train,2019,SD44,26.320081270358354,20.86724885656891
Latent Neural ODE (tuned),3,train,2019,SG 30A,32.30334956506414,22.267805326312335
Latent Neural ODE (tuned),3,train,2019,Seagull Seventeen,33.749944379996016,20.566995188763507
Latent Neural ODE (tuned),3,train,2019,T242,32.83645594491718,25.84841684717316
Latent Neural ODE (tuned),3,train,2019,TZU-CHIAO-HSI-WU 105,37.58640316942762,26.905049719508128
Latent Neural ODE (tuned),3,train,2019,Tr,21.153789606075915,16.34017594596668
Latent Neural ODE (tuned),3,train,2019,Va26,41.61955545945946,30.974978474401134
Latent Neural ODE (tuned),3,train,2019,Va35,25.74596326338129,18.876950921177567
Latent Neural ODE (tuned),3,train,2019,Va52,30.79419323168781,25.011219615916602
Latent Neural ODE (tuned),3,train,2019,Va59,37.119070592522164,25.024909851146806
Latent Neural ODE (tuned),3,train,2019,Va99,22.60144096235616,16.82606580935608
Latent Neural ODE (tuned),3,train,2019,VaW6,24.054506048971618,18.561458263199803
Latent Neural ODE (tuned),3,train,2019,W117Ht,49.84568771299764,35.98606067386014
Latent Neural ODE (tuned),3,train,2019,W153R,42.70608586857494,28.575540647511147
Latent Neural ODE (tuned),3,train,2019,W22,31.24123852634505,22.26422835376947
Latent Neural ODE (tuned),3,train,2019,W23,38.89110040147698,26.607996945273605
Latent Neural ODE (tuned),3,train,2019,W24,25.520583794646537,20.839468422642135
Latent Neural ODE (tuned),3,train,2019,W32,27.531448796599772,21.936664755015908
Latent Neural ODE (tuned),3,train,2019,W37A,34.655926254132744,25.25330035294229
Latent Neural ODE (tuned),3,train,2019,W552,41.403694781579176,32.62974167846058
Latent Neural ODE (tuned),3,train,2019,W603S,50.3191411792822,37.65295394300043
Latent Neural ODE (tuned),3,train,2019,W604S,28.452584317354766,22.05277818235438
Latent Neural ODE (tuned),3,train,2019,W605S,33.24782335863999,25.99909585089827
Latent Neural ODE (tuned),3,train,2019,W607S,24.780530416734898,19.25873409495019
Latent Neural ODE (tuned),3,train,2019,W610S,33.717931603234256,23.9492672386623
Latent Neural ODE (tuned),3,train,2019,W612S,38.08578498857537,26.54187105760853
Latent Neural ODE (tuned),3,train,2019,W614S,34.550778652174436,25.17055802493098
Latent Neural ODE (tuned),3,train,2019,W64A,41.32346861057572,30.103574772646393
Latent Neural ODE (tuned),3,train,2019,W701BC,24.764436525095913,18.848751598257287
Latent Neural ODE (tuned),3,train,2019,W809G,36.48667271400734,24.52915820699562
Latent Neural ODE (tuned),3,train,2019,W810G,19.187720530931795,17.279035604664696
Latent Neural ODE (tuned),3,train,2019,W812G,42.693081090948965,29.088870417098725
Latent Neural ODE (tuned),3,train,2019,W813G,28.941170106778053,20.93725548346568
Latent Neural ODE (tuned),3,train,2019,W814G,42.86369834871895,37.38739755714244
Latent Neural ODE (tuned),3,train,2019,W8304,26.48587221864129,21.26972227904396
Latent Neural ODE (tuned),3,train,2019,W9,38.22391220270304,29.38569972637477
Latent Neural ODE (tuned),3,train,2019,WIL900,40.44322436919332,27.797076220823936
Latent Neural ODE (tuned),3,train,2019,WR3,42.62935146187023,32.50745900840058
Latent Neural ODE (tuned),3,train,2019,WU-TAN-TZAO,43.39444935162417,30.120577693817626
Latent Neural ODE (tuned),3,train,2019,YE 4,36.70932991991555,26.585244532803433
Latent Neural ODE (tuned),3,train,2019,YING-55,51.426628143272396,40.21272396073075
Latent Neural ODE (tuned),3,train,2019,Yu796 NS,35.14893555736706,25.238179556280393
Latent Neural ODE (tuned),3,train,2019,ZS635,27.24705996887332,22.48061008634364
Latent Neural ODE (tuned),3,val,2020,1538,37.23478679212246,34.7524598886602
Latent Neural ODE (tuned),3,val,2020,2369,104.94032663309726,95.17002699287222
Latent Neural ODE (tuned),3,val,2020,29MIBZ2,55.33746394047445,39.09475073676033
Latent Neural ODE (tuned),3,val,2020,2FACC,58.29625646181424,56.831531038462224
Latent Neural ODE (tuned),3,val,2020,2FADB,55.247825256933126,50.182556337522655
Latent Neural ODE (tuned),3,val,2020,2MA22,47.08908554034516,42.08830692706265
Latent Neural ODE (tuned),3,val,2020,2MCDB,48.05851999454446,38.812308612933634
Latent Neural ODE (tuned),3,val,2020,3IJI1,34.14735606462289,27.586256625813633
Latent Neural ODE (tuned),3,val,2020,4226,44.00319251469724,40.46744461722301
Latent Neural ODE (tuned),3,val,2020,4F-306 108,42.86918683042609,38.837634968821824
Latent Neural ODE (tuned),3,val,2020,4N506,37.63148985042062,35.95667299153706
Latent Neural ODE (tuned),3,val,2020,6F629,52.729671025467844,50.83150738816986
Latent Neural ODE (tuned),3,val,2020,6M502,43.79303459750874,42.638558394403574
Latent Neural ODE (tuned),3,val,2020,6M502A,47.34705163591955,41.743032399274504
Latent Neural ODE (tuned),3,val,2020,764,36.71128967578037,29.1219060232982
Latent Neural ODE (tuned),3,val,2020,78010,40.080512384741326,32.812491583139085
Latent Neural ODE (tuned),3,val,2020,78551S,47.16069799889459,42.57781078627128
Latent Neural ODE (tuned),3,val,2020,790,43.90283217859042,36.130715077368755
Latent Neural ODE (tuned),3,val,2020,793,76.12539237796636,74.49841202622531
Latent Neural ODE (tuned),3,val,2020,87916W,47.749419357857256,42.97831401024952
Latent Neural ODE (tuned),3,val,2020,911,34.553760410050494,32.93760243024472
Latent Neural ODE (tuned),3,val,2020,912,47.57874528605635,41.161204219929076
Latent Neural ODE (tuned),3,val,2020,91IFC2,56.74988553040983,41.56706595915503
Latent Neural ODE (tuned),3,val,2020,A,36.585883920150636,34.471346913959174
Latent Neural ODE (tuned),3,val,2020,A208,46.94246085198948,45.3658190610538
Latent Neural ODE (tuned),3,val,2020,A239,46.454646671038056,44.769732492870226
Latent Neural ODE (tuned),3,val,2020,A258,49.14337756315034,42.233620627019626
Latent Neural ODE (tuned),3,val,2020,A272,50.208967700266534,48.05321115554092
Latent Neural ODE (tuned),3,val,2020,A305,31.496047563628977,28.948796668995602
Latent Neural ODE (tuned),3,val,2020,A321,42.42019357155736,29.823346144365107
Latent Neural ODE (tuned),3,val,2020,A322,47.487463448832855,45.195695516454585
Latent Neural ODE (tuned),3,val,2020,A334,47.96469392955294,43.04006947328793
Latent Neural ODE (tuned),3,val,2020,A340,45.989112259887264,35.50521422538814
Latent Neural ODE (tuned),3,val,2020,A374,42.09595030413525,40.68869767353588
Latent Neural ODE (tuned),3,val,2020,A385,51.04060184546491,35.98939775101541
Latent Neural ODE (tuned),3,val,2020,A427,45.05432928209971,41.29254824800698
Latent Neural ODE (tuned),3,val,2020,A548,38.32842093392942,34.94509191065743
Latent Neural ODE (tuned),3,val,2020,A556,33.40445128930595,29.31130935796519
Latent Neural ODE (tuned),3,val,2020,A572,58.08934922629822,51.92478747905074
Latent Neural ODE (tuned),3,val,2020,A619,35.166214992680985,32.42405031009735
Latent Neural ODE (tuned),3,val,2020,A627,63.16758072324652,51.08994045450587
Latent Neural ODE (tuned),3,val,2020,A632,43.708733972993834,37.30275306392059
Latent Neural ODE (tuned),3,val,2020,A634,42.62271886940489,34.80193550090963
Latent Neural ODE (tuned),3,val,2020,A635,54.38239331063678,49.68290952064468
Latent Neural ODE (tuned),3,val,2020,A641,25.589240702838474,18.776669507105332
Latent Neural ODE (tuned),3,val,2020,A648,31.288404195060135,26.502574497525163
Latent Neural ODE (tuned),3,val,2020,A649,84.79241646544133,71.50703059459906
Latent Neural ODE (tuned),3,val,2020,A659,42.95032799746896,38.43430809662012
Latent Neural ODE (tuned),3,val,2020,A663,68.37433945802132,64.7627542435164
Latent Neural ODE (tuned),3,val,2020,A672,36.21780421414267,30.13507004520716
Latent Neural ODE (tuned),3,val,2020,A674,42.97626668814981,31.004266137266843
Latent Neural ODE (tuned),3,val,2020,A679,59.05535273732667,49.78703828091689
Latent Neural ODE (tuned),3,val,2020,A680,39.615879916010314,31.64628452162603
Latent Neural ODE (tuned),3,val,2020,A682,37.21727047205826,32.95209477799802
Latent Neural ODE (tuned),3,val,2020,A71,54.955213389182994,52.19735230602108
Latent Neural ODE (tuned),3,val,2020,A73,53.45500924826593,48.64629691455692
Latent Neural ODE (tuned),3,val,2020,AQA3,32.48476247017996,28.65286224775202
Latent Neural ODE (tuned),3,val,2020,AS6103,43.476198258369685,31.80792622618651
Latent Neural ODE (tuned),3,val,2020,AusTRCF 306238,76.18822890033157,72.56095666948112
Latent Neural ODE (tuned),3,val,2020,B-18 INBR.FR.SUPERGOLD,52.57038313670624,48.74379315539492
Latent Neural ODE (tuned),3,val,2020,B-28,37.346592555377086,32.090967939503535
Latent Neural ODE (tuned),3,val,2020,B103,37.88419307039674,30.94233330238276
Latent Neural ODE (tuned),3,val,2020,B104,36.594085218646356,35.58489749163899
Latent Neural ODE (tuned),3,val,2020,B105,66.77229357567536,63.48810810600893
Latent Neural ODE (tuned),3,val,2020,B107,40.69296448279912,29.8459793358535
Latent Neural ODE (tuned),3,val,2020,B108,50.809679056448374,43.45850217678237
Latent Neural ODE (tuned),3,val,2020,B110,78.15608607719773,75.95819739193594
Latent Neural ODE (tuned),3,val,2020,B111,83.4570252420481,76.98370986363788
Latent Neural ODE (tuned),3,val,2020,B114,74.60235437569507,59.07896954368683
Latent Neural ODE (tuned),3,val,2020,B115,37.00450009455847,29.3680223005284
Latent Neural ODE (tuned),3,val,2020,B119,48.292996589586366,39.682204780591
Latent Neural ODE (tuned),3,val,2020,B120,40.167907227011234,33.766911267172325
Latent Neural ODE (tuned),3,val,2020,B121,62.78544998197657,50.97854121577068
Latent Neural ODE (tuned),3,val,2020,B14,69.09123036299074,62.44520814876278
Latent Neural ODE (tuned),3,val,2020,B14A,33.437241552867725,26.203019798333816
Latent Neural ODE (tuned),3,val,2020,B164,29.892540194831977,24.94681875283274
Latent Neural ODE (tuned),3,val,2020,B2,50.7111353990669,43.58004698400273
Latent Neural ODE (tuned),3,val,2020,B37,46.77845203956769,41.461683802445016
Latent Neural ODE (tuned),3,val,2020,B46,31.869075209160684,26.990714804079506
Latent Neural ODE (tuned),3,val,2020,B57,47.20710648971212,41.4213337347548
Latent Neural ODE (tuned),3,val,2020,B65,51.90885783808097,46.861481668780094
Latent Neural ODE (tuned),3,val,2020,B66,41.89489811523439,38.43615870687555
Latent Neural ODE (tuned),3,val,2020,B68,40.51595818177496,36.68977551730489
Latent Neural ODE (tuned),3,val,2020,B70,82.57121266060038,73.08316863300549
Latent Neural ODE (tuned),3,val,2020,B75,59.382522811000136,54.869798618043596
Latent Neural ODE (tuned),3,val,2020,B76,30.370366872556605,25.851501584494127
Latent Neural ODE (tuned),3,val,2020,B77,39.40870447655146,33.72952385001281
Latent Neural ODE (tuned),3,val,2020,B79,49.93383129440629,45.57860721278356
Latent Neural ODE (tuned),3,val,2020,B84,43.776679270976146,42.55047875900014
Latent Neural ODE (tuned),3,val,2020,B85,56.38764410395871,52.39313368678845
Latent Neural ODE (tuned),3,val,2020,B87,28.121913184330527,23.37730352875267
Latent Neural ODE (tuned),3,val,2020,B88,59.585204712051095,55.83598480902186
Latent Neural ODE (tuned),3,val,2020,B91,55.809985329785746,54.6957831761086
Latent Neural ODE (tuned),3,val,2020,B97,39.69414037188162,34.76365003583053
Latent Neural ODE (tuned),3,val,2020,BEI 10 = NORTH 10,33.97329816300239,31.393666201512797
Latent Neural ODE (tuned),3,val,2020,BO9,42.032427744939454,38.338796264894306
Latent Neural ODE (tuned),3,val,2020,C103,41.9501023507385,39.29895779472421
Latent Neural ODE (tuned),3,val,2020,C123,39.43245787148982,35.94570474819737
Latent Neural ODE (tuned),3,val,2020,CA-4,40.6425923040439,31.562448310394938
Latent Neural ODE (tuned),3,val,2020,CG102,55.14556619695505,52.75521167613503
Latent Neural ODE (tuned),3,val,2020,CH157,65.11905620004508,60.96253457461295
Latent Neural ODE (tuned),3,val,2020,CH701-30,46.32015096040669,42.67742954886349
Latent Neural ODE (tuned),3,val,2020,CH711-10,34.988916607906276,33.82501676605071
Latent Neural ODE (tuned),3,val,2020,CH9,39.97157130306198,33.452433642881665
Latent Neural ODE (tuned),3,val,2020,CI 40H,54.62295424003904,43.113430249635634
Latent Neural ODE (tuned),3,val,2020,CM105,53.02449871475422,47.96512258227496
Latent Neural ODE (tuned),3,val,2020,CO257,50.97209305649229,44.89118713603874
Latent Neural ODE (tuned),3,val,2020,CO258,52.31227206931975,46.26968482281196
Latent Neural ODE (tuned),3,val,2020,CQ702RC,45.391621314666885,39.33986885691981
Latent Neural ODE (tuned),3,val,2020,CR 22 INBRED,59.70394976624344,50.58401494700861
Latent Neural ODE (tuned),3,val,2020,CS405,51.1485041833418,48.14870209589182
Latent Neural ODE (tuned),3,val,2020,DE2,42.655019744582845,38.66132821479858
Latent Neural ODE (tuned),3,val,2020,DE4,31.689660582888767,27.49487242118457
Latent Neural ODE (tuned),3,val,2020,DE811,68.7022470523105,62.51375726002495
Latent Neural ODE (tuned),3,val,2020,DJ7,35.53212802619172,31.9529306632517
Latent Neural ODE (tuned),3,val,2020,DK3IIH6,42.10387377302637,36.49532736527506
Latent Neural ODE (tuned),3,val,2020,DK4676A,36.25741945966787,30.723757007419284
Latent Neural ODE (tuned),3,val,2020,DK78002A,30.703984556056483,28.488326438091033
Latent Neural ODE (tuned),3,val,2020,DK78010,38.77913776791698,30.768753168533888
Latent Neural ODE (tuned),3,val,2020,DKFAPW,60.29535177531547,53.97064576701991
Latent Neural ODE (tuned),3,val,2020,DKFBHJ,50.167676572123774,44.604473770851584
Latent Neural ODE (tuned),3,val,2020,DKMBNA,46.842715596457815,44.28736952475375
Latent Neural ODE (tuned),3,val,2020,DKPB80,78.25876111647385,77.18735381808082
Latent Neural ODE (tuned),3,val,2020,E8501,57.175232232577905,52.78671470228691
Latent Neural ODE (tuned),3,val,2020,EAST 028,59.929338271133226,51.27288262846577
Latent Neural ODE (tuned),3,val,2020,Eng-Li Chih,54.87403527074074,53.764371364724695
Latent Neural ODE (tuned),3,val,2020,F118,30.512913476827148,26.592240050821268
Latent Neural ODE (tuned),3,val,2020,F2834T,65.05794712922707,62.669774311572056
Latent Neural ODE (tuned),3,val,2020,FBLA,61.27049702881895,45.20820578955778
Latent Neural ODE (tuned),3,val,2020,FR19,48.47769768054725,44.9165834651849
Latent Neural ODE (tuned),3,val,2020,G80,40.14052149307511,37.2758497631525
Latent Neural ODE (tuned),3,val,2020,H110,51.131514086839765,48.188469712873406
Latent Neural ODE (tuned),3,val,2020,H113,47.42913654798616,44.59563903190408
Latent Neural ODE (tuned),3,val,2020,H121,37.32149210849118,29.850284840232426
Latent Neural ODE (tuned),3,val,2020,H122w,58.4786107219582,56.94232124440806
Latent Neural ODE (tuned),3,val,2020,H42,49.10749271111112,39.772702330832864
Latent Neural ODE (tuned),3,val,2020,H5,49.70754014296918,38.6196910088456
Latent Neural ODE (tuned),3,val,2020,H71,31.16584155259866,26.203269914247567
Latent Neural ODE (tuned),3,val,2020,H84,64.10544813802565,53.20887209575685
Latent Neural ODE (tuned),3,val,2020,H91,29.161218920223988,25.62441758374924
Latent Neural ODE (tuned),3,val,2020,H95,49.02893019460303,46.546442988168074
Latent Neural ODE (tuned),3,val,2020,H96,49.97735887313542,47.056931712292716
Latent Neural ODE (tuned),3,val,2020,H99,48.075645356533855,44.27987051554534
Latent Neural ODE (tuned),3,val,2020,HP301,49.044453748597476,46.402916871627085
Latent Neural ODE (tuned),3,val,2020,HUANYAO,65.17284945484806,57.43352720281364
Latent Neural ODE (tuned),3,val,2020,I29,37.47639692601256,36.02818817260172
Latent Neural ODE (tuned),3,val,2020,IA2132,50.34225047444905,37.075020330592395
Latent Neural ODE (tuned),3,val,2020,IBB14,62.36842077345767,49.867570964097276
Latent Neural ODE (tuned),3,val,2020,IBB15,59.28616222505645,47.70750248689769
Latent Neural ODE (tuned),3,val,2020,IBC2,43.290990081850005,34.51378848875394
Latent Neural ODE (tuned),3,val,2020,ICI 193,51.158674208445525,42.31702806932494
Latent Neural ODE (tuned),3,val,2020,ICI 740,41.955889770216814,36.75351154813815
Latent Neural ODE (tuned),3,val,2020,ICI 893,34.946103670052864,31.5943481599471
Latent Neural ODE (tuned),3,val,2020,ICI 986,38.836456136149415,27.854263608328324
Latent Neural ODE (tuned),3,val,2020,IDS28,65.12907779998235,63.95066555871659
Latent Neural ODE (tuned),3,val,2020,IDS69,42.11933898120467,39.89270568826901
Latent Neural ODE (tuned),3,val,2020,IDS91,37.86781473494688,33.31081716357841
Latent Neural ODE (tuned),3,val,2020,INB 101LFY/LFY (A632 X M16 S5),69.05889974738345,67.84090451009827
Latent Neural ODE (tuned),3,val,2020,INBRED 141,37.70329990546259,34.629971680231286
Latent Neural ODE (tuned),3,val,2020,INBRED 2-687,32.41200999468961,23.69016678525786
Latent Neural ODE (tuned),3,val,2020,INBRED 305,37.715525032286166,36.392351192920565
Latent Neural ODE (tuned),3,val,2020,INBRED 309,52.00482724568444,46.76579764199338
Latent Neural ODE (tuned),3,val,2020,INBRED 321,48.21341234400317,41.05273390361125
Latent Neural ODE (tuned),3,val,2020,Ia 453,40.16547714677293,34.52485157719038
Latent Neural ODE (tuned),3,val,2020,J47,46.562893937216074,42.12834218054422
Latent Neural ODE (tuned),3,val,2020,K150,49.95149280120233,49.13212755589075
Latent Neural ODE (tuned),3,val,2020,K41,40.754985355813396,35.05197521980331
Latent Neural ODE (tuned),3,val,2020,K47,67.90336020723846,54.9643774067363
Latent Neural ODE (tuned),3,val,2020,K55,37.772168264779054,33.860358966270255
Latent Neural ODE (tuned),3,val,2020,KUNG-70,30.746033675391967,24.587320227705174
Latent Neural ODE (tuned),3,val,2020,L 127,61.83882149050712,46.61009876150467
Latent Neural ODE (tuned),3,val,2020,L 135,37.91698997198907,34.51167798596432
Latent Neural ODE (tuned),3,val,2020,L 139,29.43144057609083,25.167330618653008
Latent Neural ODE (tuned),3,val,2020,L 155,53.5431018318083,48.58994873835733
Latent Neural ODE (tuned),3,val,2020,L 289,50.51000752897707,49.737021598541226
Latent Neural ODE (tuned),3,val,2020,LH1,47.0970203842161,42.86032872314733
Latent Neural ODE (tuned),3,val,2020,LH119,41.211549345993,35.60217363085771
Latent Neural ODE (tuned),3,val,2020,LH128,54.17665635955829,49.37107016210887
Latent Neural ODE (tuned),3,val,2020,LH143 (Maintainer),29.39481493780729,24.444306893452435
Latent Neural ODE (tuned),3,val,2020,LH145,52.65377637951571,49.758564847146786
Latent Neural ODE (tuned),3,val,2020,LH146Ht,82.24844939814646,77.73925191569109
Latent Neural ODE (tuned),3,val,2020,LH149,39.50802973769535,35.98690049113259
Latent Neural ODE (tuned),3,val,2020,LH165,54.11035204194707,40.71349125088043
Latent Neural ODE (tuned),3,val,2020,LH166,43.05665343080902,35.902580841413496
Latent Neural ODE (tuned),3,val,2020,LH172,56.8600417591044,43.09291303286261
Latent Neural ODE (tuned),3,val,2020,LH184,46.62648332185505,31.98592252833992
Latent Neural ODE (tuned),3,val,2020,LH185,41.377859892890875,39.92508736606366
Latent Neural ODE (tuned),3,val,2020,LH190,33.324807464558546,25.748021186515416
Latent Neural ODE (tuned),3,val,2020,LH191,42.177754301426404,33.145945220470374
Latent Neural ODE (tuned),3,val,2020,LH192,39.33842950960204,33.47792804488806
Latent Neural ODE (tuned),3,val,2020,LH194,40.17032476380558,37.29450630396907
Latent Neural ODE (tuned),3,val,2020,LH195,39.09600133750998,34.05977237274753
Latent Neural ODE (tuned),3,val,2020,LH197,63.269756235248224,60.81745530628151
Latent Neural ODE (tuned),3,val,2020,LH198,68.1145849435843,62.368491855918485
Latent Neural ODE (tuned),3,val,2020,LH199,46.16681104342607,42.10572753384792
Latent Neural ODE (tuned),3,val,2020,LH202,20.98383515240423,18.930694665322783
Latent Neural ODE (tuned),3,val,2020,LH204,36.42816901754608,33.35758962366362
Latent Neural ODE (tuned),3,val,2020,LH205,43.18745717890496,38.66500152842753
Latent Neural ODE (tuned),3,val,2020,LH206,42.1418258287682,33.547669640824566
Latent Neural ODE (tuned),3,val,2020,LH208,51.36078139680721,43.908990549717274
Latent Neural ODE (tuned),3,val,2020,LH209,49.79438459165205,45.752593091835216
Latent Neural ODE (tuned),3,val,2020,LH213,93.90339130717112,82.9090210846547
Latent Neural ODE (tuned),3,val,2020,LH214,60.49443256794958,54.15602661022838
Latent Neural ODE (tuned),3,val,2020,LH215,47.99282835916773,42.16537435584837
Latent Neural ODE (tuned),3,val,2020,LH222,60.651198503472344,55.431220599074386
Latent Neural ODE (tuned),3,val,2020,LH223,47.3299791584796,41.6055315293155
Latent Neural ODE (tuned),3,val,2020,LH224,38.60937402631257,31.84093369556579
Latent Neural ODE (tuned),3,val,2020,LH295,36.09821348652588,30.78844253669782
Latent Neural ODE (tuned),3,val,2020,LH59,50.742357850353535,40.01944309363374
Latent Neural ODE (tuned),3,val,2020,LH60,39.751732314889324,35.9975950000083
Latent Neural ODE (tuned),3,val,2020,LH61,40.811805549291456,34.20118983734188
Latent Neural ODE (tuned),3,val,2020,LH74,43.57248636195349,35.60948570783469
Latent Neural ODE (tuned),3,val,2020,LH82,39.14056439470067,36.444762684293394
Latent Neural ODE (tuned),3,val,2020,LH93,44.294795650057054,38.422127760821695
Latent Neural ODE (tuned),3,val,2020,LIBC 4,32.54030567341698,29.27242978986644
Latent Neural ODE (tuned),3,val,2020,LP1 NR HT,37.270364343122104,34.69614029471229
Latent Neural ODE (tuned),3,val,2020,LP5,65.05030262582531,61.671895034564635
Latent Neural ODE (tuned),3,val,2020,Lp215D,56.06376805099017,36.36512207106432
Latent Neural ODE (tuned),3,val,2020,M14,41.60423002446504,36.53596329184461
Latent Neural ODE (tuned),3,val,2020,MBPM,33.501111950873685,28.343793012078986
Latent Neural ODE (tuned),3,val,2020,MBWZ,45.651693089233135,37.89774819472927
Latent Neural ODE (tuned),3,val,2020,MEF156-55-2,43.99358131259495,40.718342738179786
Latent Neural ODE (tuned),3,val,2020,ML606,45.61815224597736,34.114704366809256
Latent Neural ODE (tuned),3,val,2020,MM501D,42.563915607431454,39.33140073760306
Latent Neural ODE (tuned),3,val,2020,MQ305,54.955029034642266,48.75066892795773
Latent Neural ODE (tuned),3,val,2020,MS116,39.471133070529575,33.11260996764879
Latent Neural ODE (tuned),3,val,2020,MS132,39.076146420570936,34.63869340867033
Latent Neural ODE (tuned),3,val,2020,MS153,49.526628425240666,31.17122540278044
Latent Neural ODE (tuned),3,val,2020,MS200,34.79806337751104,25.426401053735837
Latent Neural ODE (tuned),3,val,2020,MS211,41.72683972741764,37.92003656944443
Latent Neural ODE (tuned),3,val,2020,MS221,54.552057641293146,50.74452959340606
Latent Neural ODE (tuned),3,val,2020,MS224,70.78216148760468,56.57290121188222
Latent Neural ODE (tuned),3,val,2020,MS225,41.493354259341665,38.42101153160517
Latent Neural ODE (tuned),3,val,2020,MS226,41.19027331157051,38.161967381643976
Latent Neural ODE (tuned),3,val,2020,MS24A,60.28258726023974,53.41532179724452
Latent Neural ODE (tuned),3,val,2020,MS67,54.817525173998504,48.58581168432459
Latent Neural ODE (tuned),3,val,2020,MS71,34.57338005860781,28.111596612143014
Latent Neural ODE (tuned),3,val,2020,MS72,21.23791413213216,18.39163340405917
Latent Neural ODE (tuned),3,val,2020,Mo46,53.836663288055696,49.44308875670554
Latent Neural ODE (tuned),3,val,2020,Mo47,63.19379769625442,56.02692324642707
Latent Neural ODE (tuned),3,val,2020,Mo5,54.493789406118196,48.137859385340526
Latent Neural ODE (tuned),3,val,2020,N192,43.710391457617234,38.937467442567645
Latent Neural ODE (tuned),3,val,2020,N193,47.56326935847524,46.629759502812455
Latent Neural ODE (tuned),3,val,2020,N201,32.231269844876955,23.6789307845134
Latent Neural ODE (tuned),3,val,2020,N211,66.17493311717466,60.87056377396882
Latent Neural ODE (tuned),3,val,2020,N217,60.064417718450656,54.50240334955198
Latent Neural ODE (tuned),3,val,2020,N28Ht,37.12948275987305,34.37200956070829
Latent Neural ODE (tuned),3,val,2020,N501,67.33955758128562,57.157705008567866
Latent Neural ODE (tuned),3,val,2020,N523,36.052412400355394,32.23143656708351
Latent Neural ODE (tuned),3,val,2020,N527,52.48472653706247,47.92748130145679
Latent Neural ODE (tuned),3,val,2020,N534,34.22034231873728,31.139661129725532
Latent Neural ODE (tuned),3,val,2020,N542,45.053900177955775,42.12732214743679
Latent Neural ODE (tuned),3,val,2020,N6,48.76183767776655,35.246519644757676
Latent Neural ODE (tuned),3,val,2020,NC262,42.523941097190004,31.079756811468908
Latent Neural ODE (tuned),3,val,2020,NC294,44.650484599532874,40.80096970654731
Latent Neural ODE (tuned),3,val,2020,NC310,26.68207109197747,22.429318429406155
Latent Neural ODE (tuned),3,val,2020,NC326,38.48497491797456,30.912681536160058
Latent Neural ODE (tuned),3,val,2020,NC328,27.770314226765286,24.96013688313795
Latent Neural ODE (tuned),3,val,2020,NC368,36.562187541685816,35.323141562185405
Latent Neural ODE (tuned),3,val,2020,NC412,38.19732195527664,33.63954037352822
Latent Neural ODE (tuned),3,val,2020,ND247,70.35528955839165,68.21654477860423
Latent Neural ODE (tuned),3,val,2020,ND265,56.64494420822272,55.09239714265676
Latent Neural ODE (tuned),3,val,2020,NK740,58.63469354439697,47.24735792072324
Latent Neural ODE (tuned),3,val,2020,NK778,49.30722564907222,44.63790653291718
Latent Neural ODE (tuned),3,val,2020,NK807,36.899351645867185,33.92260681626488
Latent Neural ODE (tuned),3,val,2020,NKS8326,28.550967551204824,24.793618109161667
Latent Neural ODE (tuned),3,val,2020,NORTH 7,70.69086477773973,59.59609569616123
Latent Neural ODE (tuned),3,val,2020,NQ508,46.04328012300328,37.764617005038495
Latent Neural ODE (tuned),3,val,2020,NS501,66.47945372081635,55.76511429341307
Latent Neural ODE (tuned),3,val,2020,NS701,58.926592840039845,50.200872741398825
Latent Neural ODE (tuned),3,val,2020,NY 166 (Neveh Yaar),27.177083273806147,23.018058765469217
Latent Neural ODE (tuned),3,val,2020,NY6371,31.858314590590872,26.59023643148624
Latent Neural ODE (tuned),3,val,2020,Ny821,32.818522555689384,30.773326121540727
Latent Neural ODE (tuned),3,val,2020,OH33,35.730950540048994,30.584330357314357
Latent Neural ODE (tuned),3,val,2020,OQ403,42.13465564237156,32.92981549023098
Latent Neural ODE (tuned),3,val,2020,OQ603,35.32983577876456,30.914893540778337
Latent Neural ODE (tuned),3,val,2020,OS602,66.48039609452884,54.58149428059885
Latent Neural ODE (tuned),3,val,2020,Oh40B,55.17672873150703,50.124623207032315
Latent Neural ODE (tuned),3,val,2020,Oh43,51.41403345800188,46.149922331013954
Latent Neural ODE (tuned),3,val,2020,Oh7,38.104553707124445,34.34070291542
Latent Neural ODE (tuned),3,val,2020,Os420,25.944665526582007,24.84611124489069
Latent Neural ODE (tuned),3,val,2020,Os426,26.700390196554203,22.420384726721153
Latent Neural ODE (tuned),3,val,2020,PHB09,30.730633299960378,27.712398218644022
Latent Neural ODE (tuned),3,val,2020,PHB47,71.41568946529651,68.24370196848461
Latent Neural ODE (tuned),3,val,2020,PHBA6,38.85915982995906,37.94597252113216
Latent Neural ODE (tuned),3,val,2020,PHBB3,58.675571637902735,52.05538886093047
Latent Neural ODE (tuned),3,val,2020,PHBW8,85.97192075073774,73.94630710145793
Latent Neural ODE (tuned),3,val,2020,PHG29,63.90186132058958,59.96713913396788
Latent Neural ODE (tuned),3,val,2020,PHG47,40.643928757539165,32.942925134650466
Latent Neural ODE (tuned),3,val,2020,PHG50,40.634751953628076,35.53246342289087
Latent Neural ODE (tuned),3,val,2020,PHG71,46.16901759084687,41.478171991629374
Latent Neural ODE (tuned),3,val,2020,PHG72,32.97322509619593,26.602991074041793
Latent Neural ODE (tuned),3,val,2020,PHG80,48.82059255351402,44.3528350818042
Latent Neural ODE (tuned),3,val,2020,PHG83,68.32852161260912,67.83986194370486
Latent Neural ODE (tuned),3,val,2020,PHG86,31.47338048577249,28.340351473200787
Latent Neural ODE (tuned),3,val,2020,PHGW7,30.108381738151962,24.491907919696853
Latent Neural ODE (tuned),3,val,2020,PHH93,53.796277619406005,37.03958211592392
Latent Neural ODE (tuned),3,val,2020,PHHV4,17.384000361465645,15.413012243878308
Latent Neural ODE (tuned),3,val,2020,PHJ70,67.37940733252172,61.578057681204264
Latent Neural ODE (tuned),3,val,2020,PHJ89,48.80893886331048,44.586585122604056
Latent Neural ODE (tuned),3,val,2020,PHJ90,40.4901277882735,35.07453126859288
Latent Neural ODE (tuned),3,val,2020,PHJR5,68.45989826370362,56.47942848186028
Latent Neural ODE (tuned),3,val,2020,PHK35,43.12363128474214,33.14980802187583
Latent Neural ODE (tuned),3,val,2020,PHK42,42.523080958733104,37.991960036530195
Latent Neural ODE (tuned),3,val,2020,PHK56,42.242195855846504,38.7435693036173
Latent Neural ODE (tuned),3,val,2020,PHK74,34.757341810164206,30.2210380287711
Latent Neural ODE (tuned),3,val,2020,PHKE6,40.054525626539615,34.20336298153017
Latent Neural ODE (tuned),3,val,2020,PHM10,37.2955321644324,29.627301751175
Latent Neural ODE (tuned),3,val,2020,PHN11,37.32821992367159,34.10685592293198
Latent Neural ODE (tuned),3,val,2020,PHN29,48.69970844820737,41.90141657777734
Latent Neural ODE (tuned),3,val,2020,PHN66,23.59878767678868,18.621380696210394
Latent Neural ODE (tuned),3,val,2020,PHP02,46.66756292453136,44.73288500187781
Latent Neural ODE (tuned),3,val,2020,PHP55,45.9281382717369,45.02517029529512
Latent Neural ODE (tuned),3,val,2020,PHP76,63.25200264574167,57.09651543804169
Latent Neural ODE (tuned),3,val,2020,PHP85,35.87772758072619,31.355154159073038
Latent Neural ODE (tuned),3,val,2020,PHPR5,31.20885482306982,28.27826503289477
Latent Neural ODE (tuned),3,val,2020,PHR03,42.477656292822566,30.423251370076514
Latent Neural ODE (tuned),3,val,2020,PHR30,64.44005932248774,59.70529493130398
Latent Neural ODE (tuned),3,val,2020,PHR31,44.35373187116816,36.57444261545317
Latent Neural ODE (tuned),3,val,2020,PHR36,48.48362591854706,43.38850707232604
Latent Neural ODE (tuned),3,val,2020,PHR47,40.74360563706152,36.5074451760343
Latent Neural ODE (tuned),3,val,2020,PHR58,56.612310136746366,50.593721263548545
Latent Neural ODE (tuned),3,val,2020,PHR63,38.72102429860026,36.13515526057299
Latent Neural ODE (tuned),3,val,2020,PHT10,33.77703766508801,31.16241872767892
Latent Neural ODE (tuned),3,val,2020,PHT47,74.10186832639545,62.98096335152063
Latent Neural ODE (tuned),3,val,2020,PHT55,53.38692616368561,35.62910465790808
Latent Neural ODE (tuned),3,val,2020,PHTM9,39.62028219552862,34.40745881437636
Latent Neural ODE (tuned),3,val,2020,PHV37,47.419683202215325,42.15712803951738
Latent Neural ODE (tuned),3,val,2020,PHV57,49.58871094241748,38.96337102268449
Latent Neural ODE (tuned),3,val,2020,PHV63,43.900997791547184,42.89517976182143
Latent Neural ODE (tuned),3,val,2020,PHVA9,55.08125566763605,42.17753593231693
Latent Neural ODE (tuned),3,val,2020,PHW03,39.56136541176435,28.751712369317072
Latent Neural ODE (tuned),3,val,2020,PHW17,59.50138927913219,40.22826514310274
Latent Neural ODE (tuned),3,val,2020,PHW20,32.32886803175902,29.6000567062512
Latent Neural ODE (tuned),3,val,2020,PHW30,72.26722564988658,53.767994838921915
Latent Neural ODE (tuned),3,val,2020,PHW52,43.11113937946899,39.09005391545109
Latent Neural ODE (tuned),3,val,2020,PHW53,42.820672024095195,35.98753557390046
Latent Neural ODE (tuned),3,val,2020,PHW79,52.37260402347015,48.75196297627669
Latent Neural ODE (tuned),3,val,2020,PHW80,46.51892511618517,43.7490037775538
Latent Neural ODE (tuned),3,val,2020,PHW86,40.53535005806058,32.05715503829014
Latent Neural ODE (tuned),3,val,2020,PHZ51,55.37441384090591,46.712277547798244
Latent Neural ODE (tuned),3,val,2020,Pa392,81.3965588667335,79.87809021491967
Latent Neural ODE (tuned),3,val,2020,Pa405,58.620618766151026,43.7480256343136
Latent Neural ODE (tuned),3,val,2020,Pa762,40.32871949034385,38.26723290130842
Latent Neural ODE (tuned),3,val,2020,Pa875,46.472725378108485,44.897777660609485
Latent Neural ODE (tuned),3,val,2020,Pa880,41.553252205180485,37.66461604640228
Latent Neural ODE (tuned),3,val,2020,Pa91,32.92715823358785,30.3689516576706
Latent Neural ODE (tuned),3,val,2020,Q381,33.0030512625144,27.927031928870274
Latent Neural ODE (tuned),3,val,2020,R168,62.824896597181265,59.89072180414088
Latent Neural ODE (tuned),3,val,2020,R181B,67.29901562918606,63.512335856899476
Latent Neural ODE (tuned),3,val,2020,R226,66.28484942810141,63.69445950737174
Latent Neural ODE (tuned),3,val,2020,R227,29.211811333577973,25.25362062586501
Latent Neural ODE (tuned),3,val,2020,R71,37.8852660991722,32.5023247721286
Latent Neural ODE (tuned),3,val,2020,R78,51.33749656521485,48.60828094166909
Latent Neural ODE (tuned),3,val,2020,S8326,49.91416400578151,48.773973613034535
Latent Neural ODE (tuned),3,val,2020,SD101,47.54731454609472,41.548001395338254
Latent Neural ODE (tuned),3,val,2020,SD102,32.280730037767626,30.39050534590324
Latent Neural ODE (tuned),3,val,2020,SD107,50.2540471109359,38.04485085987104
Latent Neural ODE (tuned),3,val,2020,SD40,52.46747288379011,44.96115926555821
Latent Neural ODE (tuned),3,val,2020,SD44,47.28082877040557,43.37677208546717
Latent Neural ODE (tuned),3,val,2020,SG 30A,38.42445496816934,33.894030700708285
Latent Neural ODE (tuned),3,val,2020,Seagull Seventeen,42.410197546388694,33.36573698716581
Latent Neural ODE (tuned),3,val,2020,T242,52.99610135818956,43.834371731643145
Latent Neural ODE (tuned),3,val,2020,TZU-CHIAO-HSI-WU 105,45.95471549254108,40.89848013596936
Latent Neural ODE (tuned),3,val,2020,Tr,54.982239900186634,50.07385398426647
Latent Neural ODE (tuned),3,val,2020,Va26,49.90914070222518,44.23327263831453
Latent Neural ODE (tuned),3,val,2020,Va35,35.775514623316745,29.205642181133744
Latent Neural ODE (tuned),3,val,2020,Va52,74.63170012746102,71.93126723621752
Latent Neural ODE (tuned),3,val,2020,Va59,43.88100258069804,40.52690247142839
Latent Neural ODE (tuned),3,val,2020,Va99,37.0577136046762,31.414499250033874
Latent Neural ODE (tuned),3,val,2020,VaW6,43.59683203551828,38.026662440513874
Latent Neural ODE (tuned),3,val,2020,W117Ht,35.73333439349425,30.875911416949187
Latent Neural ODE (tuned),3,val,2020,W153R,80.27359254352842,67.25100129921223
Latent Neural ODE (tuned),3,val,2020,W22,52.97986877865049,49.771476924078414
Latent Neural ODE (tuned),3,val,2020,W23,58.59868316535486,57.12651871534395
Latent Neural ODE (tuned),3,val,2020,W24,34.533187210553315,29.70095256746482
Latent Neural ODE (tuned),3,val,2020,W32,33.13917443623986,32.11903292968238
Latent Neural ODE (tuned),3,val,2020,W37A,54.15891010648077,48.51704789527667
Latent Neural ODE (tuned),3,val,2020,W552,37.97154627716491,25.80522920836291
Latent Neural ODE (tuned),3,val,2020,W603S,55.692464284720764,46.55458500277043
Latent Neural ODE (tuned),3,val,2020,W604S,46.12942110530838,42.07945182884243
Latent Neural ODE (tuned),3,val,2020,W605S,43.1575263685888,28.878698228836726
Latent Neural ODE (tuned),3,val,2020,W607S,33.001295349032425,25.81230660281422
Latent Neural ODE (tuned),3,val,2020,W610S,53.68315569798616,49.22203314788483
Latent Neural ODE (tuned),3,val,2020,W612S,48.59940877667857,36.148260537875764
Latent Neural ODE (tuned),3,val,2020,W614S,39.312304922706765,34.62959832629565
Latent Neural ODE (tuned),3,val,2020,W64A,34.87115429873329,28.614569569112422
Latent Neural ODE (tuned),3,val,2020,W701BC,32.86527523576098,31.346395737399302
Latent Neural ODE (tuned),3,val,2020,W809G,37.17282153872584,34.360658382563095
Latent Neural ODE (tuned),3,val,2020,W810G,36.890328722956184,30.668714694874154
Latent Neural ODE (tuned),3,val,2020,W812G,33.64723862175051,27.916152059191848
Latent Neural ODE (tuned),3,val,2020,W813G,40.702206797427664,34.951489849380515
Latent Neural ODE (tuned),3,val,2020,W814G,61.65603468535351,55.34268123827526
Latent Neural ODE (tuned),3,val,2020,W8304,23.910461687419296,21.633318769867973
Latent Neural ODE (tuned),3,val,2020,W9,40.244705370835185,34.28980458453892
Latent Neural ODE (tuned),3,val,2020,WIL900,50.886801830784805,40.65305018331292
Latent Neural ODE (tuned),3,val,2020,WR3,56.012116380252806,48.61061806545418
Latent Neural ODE (tuned),3,val,2020,WU-TAN-TZAO,39.09360481667759,32.46814530946421
Latent Neural ODE (tuned),3,val,2020,YE 4,49.777118572191775,45.24416727341261
Latent Neural ODE (tuned),3,val,2020,YING-55,117.35402572370695,109.7119220065306
Latent Neural ODE (tuned),3,val,2020,Yu796 NS,43.12922933318833,38.122377632247925
Latent Neural ODE (tuned),3,val,2020,ZS635,42.57909547349708,37.38435143509266
Latent Neural ODE (tuned),3,test,2021,1538,42.311139483540025,34.01042995283105
Latent Neural ODE (tuned),3,test,2021,2369,30.975654349580303,26.308921270553252
Latent Neural ODE (tuned),3,test,2021,29MIBZ2,75.33252961732045,60.94125586928453
Latent Neural ODE (tuned),3,test,2021,2FACC,46.982677478237555,35.95378156367425
Latent Neural ODE (tuned),3,test,2021,2FADB,76.24690625121889,73.35621236359552
Latent Neural ODE (tuned),3,test,2021,2MA22,34.16177412122889,27.626588665784197
Latent Neural ODE (tuned),3,test,2021,2MCDB,45.59939897313244,40.95549408394156
Latent Neural ODE (tuned),3,test,2021,3IJI1,48.34518289045634,42.172234902046014
Latent Neural ODE (tuned),3,test,2021,4226,47.09555222871,43.219763599639485
Latent Neural ODE (tuned),3,test,2021,4F-306 108,41.787200778044514,38.3959271210135
Latent Neural ODE (tuned),3,test,2021,4N506,64.09174719076533,48.863423052838606
Latent Neural ODE (tuned),3,test,2021,6F629,53.24249319857117,49.21170949412493
Latent Neural ODE (tuned),3,test,2021,6M502,36.30956413155236,30.60336602564819
Latent Neural ODE (tuned),3,test,2021,6M502A,43.5205760747074,40.49747168931161
Latent Neural ODE (tuned),3,test,2021,764,47.8161412848173,43.95054685140883
Latent Neural ODE (tuned),3,test,2021,78010,48.19296624761855,39.48447157718377
Latent Neural ODE (tuned),3,test,2021,78551S,53.235902835275844,50.483580923196044
Latent Neural ODE (tuned),3,test,2021,790,41.79995199431337,34.680428653787786
Latent Neural ODE (tuned),3,test,2021,793,45.713505714207606,34.957494655238165
Latent Neural ODE (tuned),3,test,2021,87916W,39.475797744349684,35.59675890388064
Latent Neural ODE (tuned),3,test,2021,911,53.29900918120469,41.68574481735999
Latent Neural ODE (tuned),3,test,2021,912,47.744225879922034,36.953222030003175
Latent Neural ODE (tuned),3,test,2021,91IFC2,48.70550253697618,36.62248762207998
Latent Neural ODE (tuned),3,test,2021,A,44.41966750246432,35.89292809968701
Latent Neural ODE (tuned),3,test,2021,A208,41.43341639564386,34.54550415143115
Latent Neural ODE (tuned),3,test,2021,A239,46.8297286457998,35.36663396998736
Latent Neural ODE (tuned),3,test,2021,A258,58.55651140114088,54.3139133846815
Latent Neural ODE (tuned),3,test,2021,A272,38.76284574995867,29.363391604129742
Latent Neural ODE (tuned),3,test,2021,A305,49.21126056249508,40.900804245673896
Latent Neural ODE (tuned),3,test,2021,A321,58.58840430843451,42.04616559245168
Latent Neural ODE (tuned),3,test,2021,A322,79.30126331971977,68.88043138371779
Latent Neural ODE (tuned),3,test,2021,A334,50.890116691679104,41.18153002693366
Latent Neural ODE (tuned),3,test,2021,A340,78.08287045846618,72.69243596690869
Latent Neural ODE (tuned),3,test,2021,A374,75.004930540602,68.78074087362798
Latent Neural ODE (tuned),3,test,2021,A385,88.48769687468875,80.91779218555703
Latent Neural ODE (tuned),3,test,2021,A427,85.17691865249223,79.97717108133286
Latent Neural ODE (tuned),3,test,2021,A548,76.64680493484059,69.17248078010736
Latent Neural ODE (tuned),3,test,2021,A556,49.80217262506522,42.017774957905615
Latent Neural ODE (tuned),3,test,2021,A572,70.91876583449402,65.75530493269187
Latent Neural ODE (tuned),3,test,2021,A619,71.87643932687602,63.165196397185696
Latent Neural ODE (tuned),3,test,2021,A627,77.3203078525203,70.92456106725503
Latent Neural ODE (tuned),3,test,2021,A632,58.173050585952126,51.55663089068461
Latent Neural ODE (tuned),3,test,2021,A634,58.692230610686885,46.99733429507285
Latent Neural ODE (tuned),3,test,2021,A635,42.96085574421775,36.83343907620885
Latent Neural ODE (tuned),3,test,2021,A641,57.848666465949385,48.90252380370284
Latent Neural ODE (tuned),3,test,2021,A648,83.75595136011778,75.2404877647819
Latent Neural ODE (tuned),3,test,2021,A649,63.02744679755151,56.20827363361305
Latent Neural ODE (tuned),3,test,2021,A659,37.69620246834982,29.048511594213256
Latent Neural ODE (tuned),3,test,2021,A663,43.44806352779263,34.26031448454113
Latent Neural ODE (tuned),3,test,2021,A672,70.16369574542054,55.93159277622258
Latent Neural ODE (tuned),3,test,2021,A674,62.55698696388344,59.18526985911319
Latent Neural ODE (tuned),3,test,2021,A679,41.065472970527814,32.234853780648855
Latent Neural ODE (tuned),3,test,2021,A680,47.51240807690502,42.20623308464072
Latent Neural ODE (tuned),3,test,2021,A682,62.79346077680889,56.81932232913191
Latent Neural ODE (tuned),3,test,2021,A71,55.80548712212132,48.404372420677134
Latent Neural ODE (tuned),3,test,2021,A73,59.24176241920649,50.10818048240568
Latent Neural ODE (tuned),3,test,2021,AQA3,73.33217895631256,66.32543244346763
Latent Neural ODE (tuned),3,test,2021,AS6103,50.17998192179724,44.43079650883599
Latent Neural ODE (tuned),3,test,2021,AusTRCF 306238,38.49324468828664,28.880813980327744
Latent Neural ODE (tuned),3,test,2021,B-18 INBR.FR.SUPERGOLD,76.57432801183786,71.51703759857953
Latent Neural ODE (tuned),3,test,2021,B-28,73.10045035135289,65.75412939213953
Latent Neural ODE (tuned),3,test,2021,B103,70.17090112499683,67.02605937758354
Latent Neural ODE (tuned),3,test,2021,B104,36.70909865064518,28.827506152327736
Latent Neural ODE (tuned),3,test,2021,B105,41.70945693701925,37.19214319189643
Latent Neural ODE (tuned),3,test,2021,B107,42.78954100857127,41.583371071485395
Latent Neural ODE (tuned),3,test,2021,B108,54.03627241648232,41.811036803449454
Latent Neural ODE (tuned),3,test,2021,B110,40.83500820063364,39.22956465785507
Latent Neural ODE (tuned),3,test,2021,B111,56.11811541962683,51.86816636860101
Latent Neural ODE (tuned),3,test,2021,B114,43.43259154785119,39.099462910248434
Latent Neural ODE (tuned),3,test,2021,B115,37.22632335191949,34.22158109356402
Latent Neural ODE (tuned),3,test,2021,B119,38.819437671180694,28.794170853689604
Latent Neural ODE (tuned),3,test,2021,B120,57.859815135781474,51.65794795883151
Latent Neural ODE (tuned),3,test,2021,B121,70.78036159767561,69.00290682314831
Latent Neural ODE (tuned),3,test,2021,B14,42.48374528737123,37.71329103416101
Latent Neural ODE (tuned),3,test,2021,B14A,50.37772864382327,48.187686839829404
Latent Neural ODE (tuned),3,test,2021,B164,56.63198877719357,44.84719874886344
Latent Neural ODE (tuned),3,test,2021,B2,36.16591260168921,31.469120106523306
Latent Neural ODE (tuned),3,test,2021,B37,41.71693989612455,38.75131662686443
Latent Neural ODE (tuned),3,test,2021,B46,39.026121932942644,35.81476729973468
Latent Neural ODE (tuned),3,test,2021,B57,60.34442666171989,57.3425563666908
Latent Neural ODE (tuned),3,test,2021,B65,42.76987704020401,35.593325998552615
Latent Neural ODE (tuned),3,test,2021,B66,42.28857540003672,35.19038344789477
Latent Neural ODE (tuned),3,test,2021,B68,69.1182475250053,63.27585348198795
Latent Neural ODE (tuned),3,test,2021,B70,61.64155524231655,54.53078675008375
Latent Neural ODE (tuned),3,test,2021,B75,49.42471014553496,47.13208049730636
Latent Neural ODE (tuned),3,test,2021,B76,64.24330210649202,60.42094113471389
Latent Neural ODE (tuned),3,test,2021,B77,53.27706790355849,50.764092056770004
Latent Neural ODE (tuned),3,test,2021,B79,38.86127633637946,33.00265800389529
Latent Neural ODE (tuned),3,test,2021,B84,49.28182470094357,47.7864637122749
Latent Neural ODE (tuned),3,test,2021,B85,42.51831111401481,37.76375918040931
Latent Neural ODE (tuned),3,test,2021,B87,76.6597611691734,72.40616760037058
Latent Neural ODE (tuned),3,test,2021,B88,44.22799645297856,38.47374260647079
Latent Neural ODE (tuned),3,test,2021,B91,62.47869069544521,58.18328943551759
Latent Neural ODE (tuned),3,test,2021,B97,42.61561528286871,37.029261398059134
Latent Neural ODE (tuned),3,test,2021,BEI 10 = NORTH 10,29.35709666051355,24.51469448606997
Latent Neural ODE (tuned),3,test,2021,BO9,81.40509936561998,73.94418906366475
Latent Neural ODE (tuned),3,test,2021,C103,52.51371147616749,41.68394808590716
Latent Neural ODE (tuned),3,test,2021,C123,55.216285625693565,43.396828256285616
Latent Neural ODE (tuned),3,test,2021,CA-4,53.90195441448267,47.10920670163263
Latent Neural ODE (tuned),3,test,2021,CG102,58.564429974752215,48.465079689159545
Latent Neural ODE (tuned),3,test,2021,CH157,83.3035422372644,78.99194851728836
Latent Neural ODE (tuned),3,test,2021,CH701-30,40.07640074927691,33.1789088145685
Latent Neural ODE (tuned),3,test,2021,CH711-10,48.88294472614696,45.10886019441949
Latent Neural ODE (tuned),3,test,2021,CH9,33.88090462650371,24.867849306900695
Latent Neural ODE (tuned),3,test,2021,CI 40H,40.28343657654688,27.708250161731605
Latent Neural ODE (tuned),3,test,2021,CM105,60.72219909509932,54.05032358182915
Latent Neural ODE (tuned),3,test,2021,CO257,105.68502057752512,98.90316135923285
Latent Neural ODE (tuned),3,test,2021,CO258,50.673319651677,43.65962234410826
Latent Neural ODE (tuned),3,test,2021,CQ702RC,46.83435995570304,37.9281068338826
Latent Neural ODE (tuned),3,test,2021,CR 22 INBRED,78.79449275567308,71.18079554303901
Latent Neural ODE (tuned),3,test,2021,CS405,76.02363713115231,68.38974705395113
Latent Neural ODE (tuned),3,test,2021,DE2,65.7541036329263,59.65610581500205
Latent Neural ODE (tuned),3,test,2021,DE4,59.01097606023496,53.513163523922756
Latent Neural ODE (tuned),3,test,2021,DE811,46.8644829960632,41.28946850784082
Latent Neural ODE (tuned),3,test,2021,DJ7,50.22427489120878,43.655000578481484
Latent Neural ODE (tuned),3,test,2021,DK3IIH6,49.15778125184158,44.315938619833865
Latent Neural ODE (tuned),3,test,2021,DK4676A,47.100675774128135,42.616479892191265
Latent Neural ODE (tuned),3,test,2021,DK78002A,28.085108599975893,21.3706209896959
Latent Neural ODE (tuned),3,test,2021,DK78010,32.51536755853611,26.907141394521126
Latent Neural ODE (tuned),3,test,2021,DKFAPW,96.07140506392942,88.26561375547337
Latent Neural ODE (tuned),3,test,2021,DKFBHJ,38.306109957678004,29.514905009891162
Latent Neural ODE (tuned),3,test,2021,DKMBNA,75.46098491122258,68.2992250556129
Latent Neural ODE (tuned),3,test,2021,DKPB80,68.44953296352277,63.14471297544786
Latent Neural ODE (tuned),3,test,2021,E8501,51.31737366790823,47.901930591966874
Latent Neural ODE (tuned),3,test,2021,EAST 028,45.62069097726319,37.43907845150699
Latent Neural ODE (tuned),3,test,2021,Eng-Li Chih,92.88730641434115,88.84478240800527
Latent Neural ODE (tuned),3,test,2021,F118,49.08485813605525,41.247202714403095
Latent Neural ODE (tuned),3,test,2021,F2834T,59.513389740471034,56.73113674042247
Latent Neural ODE (tuned),3,test,2021,FBLA,45.802481760388375,40.09962064477301
Latent Neural ODE (tuned),3,test,2021,FR19,62.30224957671052,60.73042611917176
Latent Neural ODE (tuned),3,test,2021,G80,30.01866215249288,25.366021785900088
Latent Neural ODE (tuned),3,test,2021,H110,61.448165240433404,55.56239997048876
Latent Neural ODE (tuned),3,test,2021,H113,52.09619328467337,48.4640036519618
Latent Neural ODE (tuned),3,test,2021,H121,71.67648933871112,62.9099929056634
Latent Neural ODE (tuned),3,test,2021,H122w,52.76042514940719,42.324553594677035
Latent Neural ODE (tuned),3,test,2021,H42,52.86782060492774,42.07450147113558
Latent Neural ODE (tuned),3,test,2021,H5,35.076790697363016,32.096987123029386
Latent Neural ODE (tuned),3,test,2021,H71,34.47618825575064,28.339231014317164
Latent Neural ODE (tuned),3,test,2021,H84,108.68889877236778,94.81283079980288
Latent Neural ODE (tuned),3,test,2021,H91,39.18966922686296,35.45704863034176
Latent Neural ODE (tuned),3,test,2021,H95,42.64971494757925,37.93411022017732
Latent Neural ODE (tuned),3,test,2021,H96,73.08341645839769,63.62502698475804
Latent Neural ODE (tuned),3,test,2021,H99,54.32797842658987,49.093699233369406
Latent Neural ODE (tuned),3,test,2021,HP301,68.3310157990464,61.038378779458796
Latent Neural ODE (tuned),3,test,2021,HUANYAO,43.482668941266446,38.46717307387745
Latent Neural ODE (tuned),3,test,2021,I29,65.87015073140348,60.218619267588316
Latent Neural ODE (tuned),3,test,2021,IA2132,45.77884980882409,38.33226771774596
Latent Neural ODE (tuned),3,test,2021,IBB14,58.90461456426343,54.668813128633964
Latent Neural ODE (tuned),3,test,2021,IBB15,39.61191789004766,32.7016734632813
Latent Neural ODE (tuned),3,test,2021,IBC2,50.048765010852556,46.71547125552957
Latent Neural ODE (tuned),3,test,2021,ICI 193,37.09835140446152,31.30567526185005
Latent Neural ODE (tuned),3,test,2021,ICI 740,35.3151144375221,30.010105150705932
Latent Neural ODE (tuned),3,test,2021,ICI 893,38.55663500533051,37.34139218109367
Latent Neural ODE (tuned),3,test,2021,ICI 986,52.36804638674888,48.097518843310034
Latent Neural ODE (tuned),3,test,2021,IDS28,35.979206647815175,29.870944588035115
Latent Neural ODE (tuned),3,test,2021,IDS69,58.31354852405851,56.27505987693997
Latent Neural ODE (tuned),3,test,2021,IDS91,36.03306844137864,28.229683242534065
Latent Neural ODE (tuned),3,test,2021,INB 101LFY/LFY (A632 X M16 S5),71.96567528353563,70.34205153843084
Latent Neural ODE (tuned),3,test,2021,INBRED 141,38.244643601215714,28.45174202715531
Latent Neural ODE (tuned),3,test,2021,INBRED 2-687,42.828458567082386,39.22516866046635
Latent Neural ODE (tuned),3,test,2021,INBRED 305,45.111130468102864,39.338531653596995
Latent Neural ODE (tuned),3,test,2021,INBRED 309,101.57534870913418,85.73309840405577
Latent Neural ODE (tuned),3,test,2021,INBRED 321,52.01615572408739,49.447546339262985
Latent Neural ODE (tuned),3,test,2021,Ia 453,63.489647678236246,53.30936872105032
Latent Neural ODE (tuned),3,test,2021,J47,72.38830940152924,57.65151135044518
Latent Neural ODE (tuned),3,test,2021,K150,69.09803747257236,57.801799703241144
Latent Neural ODE (tuned),3,test,2021,K41,61.540261558558136,53.70061826322852
Latent Neural ODE (tuned),3,test,2021,K47,47.03953102056222,40.83285120257329
Latent Neural ODE (tuned),3,test,2021,K55,56.03397914320573,54.06784369887786
Latent Neural ODE (tuned),3,test,2021,KUNG-70,38.10577121523725,34.21706029586578
Latent Neural ODE (tuned),3,test,2021,L 127,64.66904012804797,58.192070038944394
Latent Neural ODE (tuned),3,test,2021,L 135,42.523165525330214,38.802776365327055
Latent Neural ODE (tuned),3,test,2021,L 139,66.66815274761441,61.188882215480554
Latent Neural ODE (tuned),3,test,2021,L 155,40.09162727432209,28.47972810160776
Latent Neural ODE (tuned),3,test,2021,L 289,50.12961823196299,38.06367624992865
Latent Neural ODE (tuned),3,test,2021,LH1,73.88443259473337,69.69696827148081
Latent Neural ODE (tuned),3,test,2021,LH119,70.73855112966315,56.17204683753882
Latent Neural ODE (tuned),3,test,2021,LH128,62.75710263807388,53.90138466373726
Latent Neural ODE (tuned),3,test,2021,LH143 (Maintainer),82.45115409370011,69.7379747822213
Latent Neural ODE (tuned),3,test,2021,LH145,30.791565992541997,25.898652994274673
Latent Neural ODE (tuned),3,test,2021,LH146Ht,91.30558042200595,85.60596069844527
Latent Neural ODE (tuned),3,test,2021,LH149,84.02465998107203,71.96526613369579
Latent Neural ODE (tuned),3,test,2021,LH165,40.20961357783799,32.55729061144595
Latent Neural ODE (tuned),3,test,2021,LH166,42.520407807010805,39.391634555361904
Latent Neural ODE (tuned),3,test,2021,LH172,80.50338554251607,69.28090968131373
Latent Neural ODE (tuned),3,test,2021,LH184,63.49603465579226,57.513041599460564
Latent Neural ODE (tuned),3,test,2021,LH185,50.10149417487471,46.20231619101661
Latent Neural ODE (tuned),3,test,2021,LH190,36.817164037545155,28.39506911419245
Latent Neural ODE (tuned),3,test,2021,LH191,40.49325529834318,33.08691807849895
Latent Neural ODE (tuned),3,test,2021,LH192,43.074060099823996,40.30604018588353
Latent Neural ODE (tuned),3,test,2021,LH194,68.05714246854164,66.95343823998587
Latent Neural ODE (tuned),3,test,2021,LH195,39.21577771262458,34.26267113999213
Latent Neural ODE (tuned),3,test,2021,LH197,86.87562941227256,77.63722086702907
Latent Neural ODE (tuned),3,test,2021,LH198,70.26804595211601,67.34175563979608
Latent Neural ODE (tuned),3,test,2021,LH199,63.15458966688823,58.119003087696505
Latent Neural ODE (tuned),3,test,2021,LH202,79.53864453283282,65.57288717781664
Latent Neural ODE (tuned),3,test,2021,LH204,45.470797236200674,43.19981953027106
Latent Neural ODE (tuned),3,test,2021,LH205,57.643818253750545,50.901521724666445
Latent Neural ODE (tuned),3,test,2021,LH206,57.578400973428984,49.54254009643002
Latent Neural ODE (tuned),3,test,2021,LH208,47.123363042577445,36.85029803251215
Latent Neural ODE (tuned),3,test,2021,LH209,68.28021436041905,63.47096538493329
Latent Neural ODE (tuned),3,test,2021,LH213,105.27100483666644,102.2519178025911
Latent Neural ODE (tuned),3,test,2021,LH214,76.92008565503244,64.65296528107648
Latent Neural ODE (tuned),3,test,2021,LH215,37.85162541778591,29.811201228392303
Latent Neural ODE (tuned),3,test,2021,LH222,63.64947854235234,46.55254069252534
Latent Neural ODE (tuned),3,test,2021,LH223,74.03484182820723,61.463544263533166
Latent Neural ODE (tuned),3,test,2021,LH224,40.013561001203136,35.699778333275745
Latent Neural ODE (tuned),3,test,2021,LH295,35.084980295478246,30.00960701286424
Latent Neural ODE (tuned),3,test,2021,LH59,38.559489999923855,32.54383020654636
Latent Neural ODE (tuned),3,test,2021,LH60,39.53229171934951,31.961313453980228
Latent Neural ODE (tuned),3,test,2021,LH61,36.1049573415567,30.330634381364234
Latent Neural ODE (tuned),3,test,2021,LH74,36.15818075705047,30.56703683977704
Latent Neural ODE (tuned),3,test,2021,LH82,39.869711939479835,27.354118318347908
Latent Neural ODE (tuned),3,test,2021,LH93,38.485160023897485,28.75950058310349
Latent Neural ODE (tuned),3,test,2021,LIBC 4,51.82694612663769,39.762929027110104
Latent Neural ODE (tuned),3,test,2021,LP1 NR HT,44.7062334396249,42.297471969370044
Latent Neural ODE (tuned),3,test,2021,LP5,91.38054184080681,81.2986847449841
Latent Neural ODE (tuned),3,test,2021,Lp215D,56.81319711562564,48.89262349482005
Latent Neural ODE (tuned),3,test,2021,M14,40.6738242094918,35.65715609729826
Latent Neural ODE (tuned),3,test,2021,MBPM,50.42905727898458,42.57623771373791
Latent Neural ODE (tuned),3,test,2021,MBWZ,58.36114999990015,57.03079237168505
Latent Neural ODE (tuned),3,test,2021,MEF156-55-2,50.664620617779505,45.81537584254009
Latent Neural ODE (tuned),3,test,2021,ML606,72.42294238157645,66.78317209118788
Latent Neural ODE (tuned),3,test,2021,MM501D,63.996747936133836,50.942336394002396
Latent Neural ODE (tuned),3,test,2021,MQ305,59.88411193707169,44.73613584429541
Latent Neural ODE (tuned),3,test,2021,MS116,58.828977830154145,51.76171607525951
Latent Neural ODE (tuned),3,test,2021,MS132,49.68259157391351,39.782736868617654
Latent Neural ODE (tuned),3,test,2021,MS153,70.10745470862223,60.97415997314416
Latent Neural ODE (tuned),3,test,2021,MS200,37.84984648962851,34.37617803652766
Latent Neural ODE (tuned),3,test,2021,MS211,54.83986492102975,45.71026029715457
Latent Neural ODE (tuned),3,test,2021,MS221,46.494809190465155,37.307011496526485
Latent Neural ODE (tuned),3,test,2021,MS224,64.39071028132852,51.28044250968152
Latent Neural ODE (tuned),3,test,2021,MS225,62.72050264767348,55.76827246714102
Latent Neural ODE (tuned),3,test,2021,MS226,46.05793321411443,44.39384952757942
Latent Neural ODE (tuned),3,test,2021,MS24A,68.04434080295498,61.33672365932232
Latent Neural ODE (tuned),3,test,2021,MS67,59.84583046404452,51.22682265601973
Latent Neural ODE (tuned),3,test,2021,MS71,38.219290175970364,30.665240938965002
Latent Neural ODE (tuned),3,test,2021,MS72,60.09735011652462,54.8818810882471
Latent Neural ODE (tuned),3,test,2021,Mo46,57.76314064268764,54.113086679417904
Latent Neural ODE (tuned),3,test,2021,Mo47,66.65647765322352,54.58849178699486
Latent Neural ODE (tuned),3,test,2021,Mo5,54.41601882394529,47.99509177906738
Latent Neural ODE (tuned),3,test,2021,N192,55.47246365029219,42.55728520094872
Latent Neural ODE (tuned),3,test,2021,N193,73.09473557506551,64.27845385660913
Latent Neural ODE (tuned),3,test,2021,N201,37.61865230855696,25.343173242831842
Latent Neural ODE (tuned),3,test,2021,N211,122.46640352610414,116.73735862953382
Latent Neural ODE (tuned),3,test,2021,N217,46.98402999814701,39.0582392599465
Latent Neural ODE (tuned),3,test,2021,N28Ht,81.49040491000774,73.64691965592826
Latent Neural ODE (tuned),3,test,2021,N501,30.579240330064906,24.262009443491742
Latent Neural ODE (tuned),3,test,2021,N523,63.70131574258827,49.06243434368041
Latent Neural ODE (tuned),3,test,2021,N527,35.114848241342784,27.001686177155882
Latent Neural ODE (tuned),3,test,2021,N534,34.02554487817894,28.916485456683752
Latent Neural ODE (tuned),3,test,2021,N542,64.58613435590225,54.43244666675346
Latent Neural ODE (tuned),3,test,2021,N6,80.74045005869986,77.17482249118426
Latent Neural ODE (tuned),3,test,2021,NC262,42.572907484475564,37.9404514288638
Latent Neural ODE (tuned),3,test,2021,NC294,37.281146391255376,32.09970910433917
Latent Neural ODE (tuned),3,test,2021,NC310,77.02849493807314,67.09744314322145
Latent Neural ODE (tuned),3,test,2021,NC326,28.66049639867505,24.35968680004167
Latent Neural ODE (tuned),3,test,2021,NC328,38.27169146465235,34.130483931852815
Latent Neural ODE (tuned),3,test,2021,NC368,52.2819695632172,45.26139918714047
Latent Neural ODE (tuned),3,test,2021,NC412,36.244978316493,29.904770780410082
Latent Neural ODE (tuned),3,test,2021,ND247,31.841039447752166,25.53182554065089
Latent Neural ODE (tuned),3,test,2021,ND265,99.63759019811882,95.22042435086135
Latent Neural ODE (tuned),3,test,2021,NK740,85.75381020003276,75.61497487084523
Latent Neural ODE (tuned),3,test,2021,NK778,53.02564850618555,50.802795104750224
Latent Neural ODE (tuned),3,test,2021,NK807,38.268675101021756,29.424495424991825
Latent Neural ODE (tuned),3,test,2021,NKS8326,41.401622362440165,35.18716898963198
Latent Neural ODE (tuned),3,test,2021,NORTH 7,47.86592012621266,38.28313187081384
Latent Neural ODE (tuned),3,test,2021,NQ508,46.003121106686955,35.00904964629814
Latent Neural ODE (tuned),3,test,2021,NS501,52.18342652575597,46.724208944125756
Latent Neural ODE (tuned),3,test,2021,NS701,127.58968892021878,112.47356784122421
Latent Neural ODE (tuned),3,test,2021,NY 166 (Neveh Yaar),30.27118681591917,24.999868953752976
Latent Neural ODE (tuned),3,test,2021,NY6371,38.54342214899295,34.14216886643907
Latent Neural ODE (tuned),3,test,2021,Ny821,53.533689635600155,47.97257298594694
Latent Neural ODE (tuned),3,test,2021,OH33,39.57391627106989,29.454047608226404
Latent Neural ODE (tuned),3,test,2021,OQ403,40.4012260662653,37.34960446591307
Latent Neural ODE (tuned),3,test,2021,OQ603,42.05491151599839,37.30117273782815
Latent Neural ODE (tuned),3,test,2021,OS602,38.744207879250744,35.85323387184137
Latent Neural ODE (tuned),3,test,2021,Oh40B,48.413604331417666,38.47755480774441
Latent Neural ODE (tuned),3,test,2021,Oh43,69.25365324634856,59.73094961049399
Latent Neural ODE (tuned),3,test,2021,Oh7,39.26098340883315,35.901006926001145
Latent Neural ODE (tuned),3,test,2021,Os420,65.71090844709603,58.9191625134662
Latent Neural ODE (tuned),3,test,2021,Os426,40.59124751532031,33.50222790629357
Latent Neural ODE (tuned),3,test,2021,PHB09,41.070789828346705,37.451567649726655
Latent Neural ODE (tuned),3,test,2021,PHB47,71.65047066491249,63.83914308947438
Latent Neural ODE (tuned),3,test,2021,PHBA6,43.58350060697697,36.02824800900967
Latent Neural ODE (tuned),3,test,2021,PHBB3,41.962088508420564,36.17562303024043
Latent Neural ODE (tuned),3,test,2021,PHBW8,117.49943705418418,106.05625558765833
Latent Neural ODE (tuned),3,test,2021,PHG29,40.81305447307458,33.3305713990009
Latent Neural ODE (tuned),3,test,2021,PHG47,132.66480027048436,110.99197391557747
Latent Neural ODE (tuned),3,test,2021,PHG50,65.12777069989146,59.57067694163434
Latent Neural ODE (tuned),3,test,2021,PHG71,51.77832056959016,42.93399122265616
Latent Neural ODE (tuned),3,test,2021,PHG72,49.0403067191426,39.70687140489487
Latent Neural ODE (tuned),3,test,2021,PHG80,50.58616792616882,43.921387084338015
Latent Neural ODE (tuned),3,test,2021,PHG83,87.41335959813932,79.5759161067544
Latent Neural ODE (tuned),3,test,2021,PHG86,81.5630583251958,76.39021980633711
Latent Neural ODE (tuned),3,test,2021,PHGW7,58.97683076339762,38.59425576399868
Latent Neural ODE (tuned),3,test,2021,PHH93,55.80485380281651,50.175543238148315
Latent Neural ODE (tuned),3,test,2021,PHHV4,39.25096498213008,32.803697074027205
Latent Neural ODE (tuned),3,test,2021,PHJ70,56.997227249781815,49.95310778779055
Latent Neural ODE (tuned),3,test,2021,PHJ89,73.19922495496075,60.976971688702974
Latent Neural ODE (tuned),3,test,2021,PHJ90,48.224495634591925,40.93399144487522
Latent Neural ODE (tuned),3,test,2021,PHJR5,40.89907919087346,37.10611731876408
Latent Neural ODE (tuned),3,test,2021,PHK35,52.44672180370303,48.70651841421034
Latent Neural ODE (tuned),3,test,2021,PHK42,36.3737642200957,32.36456751641923
Latent Neural ODE (tuned),3,test,2021,PHK56,73.78872116323974,70.99484535572444
Latent Neural ODE (tuned),3,test,2021,PHK74,48.81946323820251,41.56324967172435
Latent Neural ODE (tuned),3,test,2021,PHKE6,43.24578212981742,35.83823892604207
Latent Neural ODE (tuned),3,test,2021,PHM10,45.97370207943341,42.57097373377983
Latent Neural ODE (tuned),3,test,2021,PHN11,40.77242376435905,35.57672005648377
Latent Neural ODE (tuned),3,test,2021,PHN29,36.93584199711614,32.489443237136264
Latent Neural ODE (tuned),3,test,2021,PHN66,55.744480317388906,47.28501278287443
Latent Neural ODE (tuned),3,test,2021,PHP02,49.73712368102943,39.80457895963877
Latent Neural ODE (tuned),3,test,2021,PHP55,83.84803766623025,71.6775847339982
Latent Neural ODE (tuned),3,test,2021,PHP76,46.83819536807002,43.036838044722266
Latent Neural ODE (tuned),3,test,2021,PHP85,114.66436930226868,105.75619928165831
Latent Neural ODE (tuned),3,test,2021,PHPR5,52.33616604549919,47.84002680517644
Latent Neural ODE (tuned),3,test,2021,PHR03,45.93627218654278,38.463769449281216
Latent Neural ODE (tuned),3,test,2021,PHR30,56.28757654032283,48.76206615936688
Latent Neural ODE (tuned),3,test,2021,PHR31,36.00045587075158,29.972887032225934
Latent Neural ODE (tuned),3,test,2021,PHR36,34.72625410568522,28.163746005242253
Latent Neural ODE (tuned),3,test,2021,PHR47,39.99877671693342,34.35436202021146
Latent Neural ODE (tuned),3,test,2021,PHR58,52.53477149494356,48.49955964290787
Latent Neural ODE (tuned),3,test,2021,PHR63,50.220685725386005,35.56090416473789
Latent Neural ODE (tuned),3,test,2021,PHT10,40.08184207832189,31.00746795889013
Latent Neural ODE (tuned),3,test,2021,PHT47,27.22493356418289,22.72570803002601
Latent Neural ODE (tuned),3,test,2021,PHT55,27.90442380749679,21.012356483758953
Latent Neural ODE (tuned),3,test,2021,PHTM9,60.08648939919216,54.398940777845574
Latent Neural ODE (tuned),3,test,2021,PHV37,64.60807031513414,50.387927220093765
Latent Neural ODE (tuned),3,test,2021,PHV57,37.04465616417737,31.757208350919733
Latent Neural ODE (tuned),3,test,2021,PHV63,40.08362291855129,35.6818305009606
Latent Neural ODE (tuned),3,test,2021,PHVA9,46.159283303093375,38.831485205960576
Latent Neural ODE (tuned),3,test,2021,PHW03,36.79146591392505,30.516392126745217
Latent Neural ODE (tuned),3,test,2021,PHW17,36.21772120534533,34.44434333240973
Latent Neural ODE (tuned),3,test,2021,PHW20,57.369823515245486,41.73521897366144
Latent Neural ODE (tuned),3,test,2021,PHW30,65.78129429200213,53.9182423931753
Latent Neural ODE (tuned),3,test,2021,PHW52,41.6369480096221,31.05497304225883
Latent Neural ODE (tuned),3,test,2021,PHW53,45.280134568533654,41.5817939896407
Latent Neural ODE (tuned),3,test,2021,PHW79,79.63760137145147,73.93031398686105
Latent Neural ODE (tuned),3,test,2021,PHW80,59.335402958731116,56.34506674849111
Latent Neural ODE (tuned),3,test,2021,PHW86,57.95806050962553,49.309717712310224
Latent Neural ODE (tuned),3,test,2021,PHZ51,51.68583580613064,40.26078404326821
Latent Neural ODE (tuned),3,test,2021,Pa392,68.18749535216634,62.65533685058534
Latent Neural ODE (tuned),3,test,2021,Pa405,35.22213540244031,29.567447749666393
Latent Neural ODE (tuned),3,test,2021,Pa762,37.497859649956396,29.240850708128413
Latent Neural ODE (tuned),3,test,2021,Pa875,54.57165077776263,52.65037021623125
Latent Neural ODE (tuned),3,test,2021,Pa880,52.4874954505713,41.623942060011046
Latent Neural ODE (tuned),3,test,2021,Pa91,43.95339434822289,37.29167414841315
Latent Neural ODE (tuned),3,test,2021,Q381,39.427157170586405,34.74696978368893
Latent Neural ODE (tuned),3,test,2021,R168,51.23516325870304,45.198958389715145
Latent Neural ODE (tuned),3,test,2021,R181B,55.574850666396486,51.821876518184936
Latent Neural ODE (tuned),3,test,2021,R226,45.49099944247297,38.47148002765914
Latent Neural ODE (tuned),3,test,2021,R227,71.50380872997415,62.29235340849279
Latent Neural ODE (tuned),3,test,2021,R71,60.33860543041349,48.254713225769784
Latent Neural ODE (tuned),3,test,2021,R78,43.896475208249846,37.38021795632615
Latent Neural ODE (tuned),3,test,2021,S8326,30.807776898598163,25.718810532535134
Latent Neural ODE (tuned),3,test,2021,SD101,41.72136453958595,34.270955260063594
Latent Neural ODE (tuned),3,test,2021,SD102,48.840039948466575,37.57945755610312
Latent Neural ODE (tuned),3,test,2021,SD107,49.6898247591382,41.52087090995848
Latent Neural ODE (tuned),3,test,2021,SD40,41.417810736781284,32.1806198147428
Latent Neural ODE (tuned),3,test,2021,SD44,90.18199882446461,84.6495893168586
Latent Neural ODE (tuned),3,test,2021,SG 30A,38.46105036874625,33.307902665509424
Latent Neural ODE (tuned),3,test,2021,Seagull Seventeen,80.00581200862455,68.16495355102055
Latent Neural ODE (tuned),3,test,2021,T242,72.70045600542119,66.99986130907742
Latent Neural ODE (tuned),3,test,2021,TZU-CHIAO-HSI-WU 105,57.602654672368864,52.12281009393769
Latent Neural ODE (tuned),3,test,2021,Tr,77.22165289779608,65.99969432979216
Latent Neural ODE (tuned),3,test,2021,Va26,44.05823391011708,36.77660866123597
Latent Neural ODE (tuned),3,test,2021,Va35,42.299027863119186,29.436362302169563
Latent Neural ODE (tuned),3,test,2021,Va52,77.1239440451068,73.27246144992345
Latent Neural ODE (tuned),3,test,2021,Va59,60.72168777497596,51.73266031400871
Latent Neural ODE (tuned),3,test,2021,Va99,75.73359850765415,64.42350689024138
Latent Neural ODE (tuned),3,test,2021,VaW6,57.806013092422724,46.25521531393977
Latent Neural ODE (tuned),3,test,2021,W117Ht,41.989933443337215,34.94602556861807
Latent Neural ODE (tuned),3,test,2021,W153R,59.57552399545484,44.78972177335089
Latent Neural ODE (tuned),3,test,2021,W22,36.329668614316574,29.819318560967268
Latent Neural ODE (tuned),3,test,2021,W23,35.82766288822816,30.30890175625091
Latent Neural ODE (tuned),3,test,2021,W24,53.510701732400655,44.40759539727143
Latent Neural ODE (tuned),3,test,2021,W32,37.253861991320896,28.317944448905894
Latent Neural ODE (tuned),3,test,2021,W37A,93.07240992839486,88.18915685106008
Latent Neural ODE (tuned),3,test,2021,W552,70.06380544101101,63.71769962190666
Latent Neural ODE (tuned),3,test,2021,W603S,46.76718115550347,42.43265121171767
Latent Neural ODE (tuned),3,test,2021,W604S,55.72202947079716,41.353637615647976
Latent Neural ODE (tuned),3,test,2021,W605S,65.61262345178663,46.721673064531615
Latent Neural ODE (tuned),3,test,2021,W607S,41.20316482217841,35.368589445587645
Latent Neural ODE (tuned),3,test,2021,W610S,45.07335998857664,37.65543010327336
Latent Neural ODE (tuned),3,test,2021,W612S,55.5187979785846,40.288590217642074
Latent Neural ODE (tuned),3,test,2021,W614S,37.24974484065105,29.162646182507956
Latent Neural ODE (tuned),3,test,2021,W64A,43.703426720796294,40.91567059970316
Latent Neural ODE (tuned),3,test,2021,W701BC,43.55689284599173,31.979594270764018
Latent Neural ODE (tuned),3,test,2021,W809G,115.86700607842151,105.7659961825987
Latent Neural ODE (tuned),3,test,2021,W810G,52.57092673300272,45.94548075488217
Latent Neural ODE (tuned),3,test,2021,W812G,32.083430249861934,25.03873908067383
Latent Neural ODE (tuned),3,test,2021,W813G,45.57490832695707,37.40635194275778
Latent Neural ODE (tuned),3,test,2021,W814G,32.97664555510199,25.031394235837094
Latent Neural ODE (tuned),3,test,2021,W8304,45.7542164584888,38.51372447567756
Latent Neural ODE (tuned),3,test,2021,W9,93.09996474506977,88.43694647724155
Latent Neural ODE (tuned),3,test,2021,WIL900,38.24902328471282,32.74075601479567
Latent Neural ODE (tuned),3,test,2021,WR3,53.35497665158253,40.580303604539765
Latent Neural ODE (tuned),3,test,2021,WU-TAN-TZAO,59.90690612497993,44.34459029669124
Latent Neural ODE (tuned),3,test,2021,YE 4,51.81999312123241,42.60218618897827
Latent Neural ODE (tuned),3,test,2021,YING-55,36.870777887303944,31.809141481198942
Latent Neural ODE (tuned),3,test,2021,Yu796 NS,44.7041774773217,36.04820922394744
Latent Neural ODE (tuned),3,test,2021,ZS635,95.8032428720822,51.66688063755309
