plot_id,date,plant_position,height_cm,height_m,genotype,year,replicate,block,entry,stand,field_range,field_row
YC20:1002,2020-06-03,Height1,8.5,0.085,MEF156-55-2,2020,1,1,124,19,1,2
YC20:1015,2020-06-03,Height1,12,0.12,PHN66,2020,1,1,183,16,1,15
YC20:1026,2020-06-03,Height1,14.5,0.145,PHG80,2020,1,1,241,24,1,26
YC20:1039,2020-06-03,Height1,13,0.13,LH145,2020,1,1,116,22,1,39
YC20:1047,2020-06-03,Height1,11.5,0.115,N6,2020,1,1,235,20,1,47
YC20:1287,2020-06-03,Height1,20.5,0.205,ND259,2020,1,2,267,18,6,2
YC20:1274,2020-06-03,Height1,12.5,0.125,PHV63,2020,1,2,505,21,6,15
YC20:1263,2020-06-03,Height1,16,0.16,4N506,2020,1,2,293,12,6,26
YC20:1251,2020-06-03,Height1,14.5,0.145,PHB09,2020,1,1,240,19,6,38
YC20:1242,2020-06-03,Height1,8,0.08,N201,2020,1,1,234,20,6,47
YC20:2055,2020-06-03,Height1,14,0.14,PHG86,2020,2,1,242,21,12,2
YC20:1495,2020-06-03,Height1,12,0.12,FR19,2020,1,2,413,15,11,15
YC20:1506,2020-06-03,Height1,17,0.17,B2,2020,1,2,475,23,11,26
YC20:1518,2020-06-03,Height1,11,0.11,PHW53,2020,1,2,447,17,11,38
YC20:2007,2020-06-03,Height1,16.5,0.165,SD101,2020,2,1,189,23,11,47
YC20:2247,2020-06-03,Height1,9.5,0.095,A679,2020,2,1,44,21,16,2
YC20:2234,2020-06-03,Height1,14,0.14,W603S,2020,2,1,140,15,16,15
YC20:2223,2020-06-03,Height1,18,0.18,A305,2020,2,1,14,16,16,26
YC20:2211,2020-06-03,Height1,16.5,0.165,W701BC,2020,2,1,10,13,16,38
YC20:2202,2020-06-03,Height1,12,0.12,2MA22,2020,2,1,202,15,16,47
YC20:2439,2020-06-03,Height1,15.5,0.155,PH207,2020,2,2,511,24,20,2
YC20:2456,2020-06-03,Height1,21.5,0.215,ND259,2020,2,2,291,18,21,16
YC20:2467,2020-06-03,Height1,18,0.18,B111,2020,2,2,298,23,21,27
YC20:2477,2020-06-03,Height1,13,0.13,H121,2020,2,2,315,17,21,37
YC20:2488,2020-06-03,Height1,22,0.22,NS701,2020,2,2,268,14,21,48
YC20:1002,2020-06-08,Height1,18,0.18,MEF156-55-2,2020,1,1,124,19,1,2
YC20:1015,2020-06-08,Height1,19,0.19,PHN66,2020,1,1,183,16,1,15
YC20:1026,2020-06-08,Height1,26,0.26,PHG80,2020,1,1,241,24,1,26
YC20:1039,2020-06-08,Height1,24,0.24,LH145,2020,1,1,116,22,1,39
YC20:1047,2020-06-08,Height1,20,0.2,N6,2020,1,1,235,20,1,47
YC20:1287,2020-06-08,Height1,30,0.3,ND259,2020,1,2,267,18,6,2
YC20:1274,2020-06-08,Height1,17,0.17,PHV63,2020,1,2,505,21,6,15
YC20:1263,2020-06-08,Height1,20,0.2,4N506,2020,1,2,293,12,6,26
YC20:1251,2020-06-08,Height1,25,0.25,PHB09,2020,1,1,240,19,6,38
YC20:1242,2020-06-08,Height1,19,0.19,N201,2020,1,1,234,20,6,47
YC20:2055,2020-06-08,Height1,25,0.25,PHG86,2020,2,1,242,21,12,2
YC20:1495,2020-06-08,Height1,20,0.2,FR19,2020,1,2,413,15,11,15
YC20:1506,2020-06-08,Height1,23,0.23,B2,2020,1,2,475,23,11,26
YC20:1518,2020-06-08,Height1,22,0.22,PHW53,2020,1,2,447,17,11,38
YC20:2007,2020-06-08,Height1,20,0.2,SD101,2020,2,1,189,23,11,47
YC20:2247,2020-06-08,Height1,25,0.25,A679,2020,2,1,44,21,16,2
YC20:2234,2020-06-08,Height1,21,0.21,W603S,2020,2,1,140,15,16,15
YC20:2223,2020-06-08,Height1,27,0.27,A305,2020,2,1,14,16,16,26
YC20:2211,2020-06-08,Height1,20,0.2,W701BC,2020,2,1,10,13,16,38
YC20:2202,2020-06-08,Height1,23,0.23,2MA22,2020,2,1,202,15,16,47
YC20:2439,2020-06-08,Height1,26,0.26,PH207,2020,2,2,511,24,20,2
YC20:2456,2020-06-08,Height1,23,0.23,ND259,2020,2,2,291,18,21,16
YC20:2467,2020-06-08,Height1,26,0.26,B111,2020,2,2,298,23,21,27
YC20:2477,2020-06-08,Height1,23,0.23,H121,2020,2,2,315,17,21,37
YC20:2488,2020-06-08,Height1,22,0.22,NS701,2020,2,2,268,14,21,48
YC20:1002,2020-06-16,Height1,37.5,0.375,MEF156-55-2,2020,1,1,124,19,1,2
YC20:1015,2020-06-16,Height1,44,0.44,PHN66,2020,1,1,183,16,1,15
YC20:1026,2020-06-16,Height1,46.5,0.465,PHG80,2020,1,1,241,24,1,26
YC20:1039,2020-06-16,Height1,45.5,0.455,LH145,2020,1,1,116,22,1,39
YC20:1047,2020-06-16,Height1,30.5,0.305,N6,2020,1,1,235,20,1,47
YC20:1287,2020-06-16,Height1,43,0.43,ND259,2020,1,2,267,18,6,2
YC20:1274,2020-06-16,Height1,41.5,0.415,PHV63,2020,1,2,505,21,6,15
YC20:1263,2020-06-16,Height1,37,0.37,4N506,2020,1,2,293,12,6,26
YC20:1251,2020-06-16,Height1,41.5,0.415,PHB09,2020,1,1,240,19,6,38
YC20:1242,2020-06-16,Height1,32.5,0.325,N201,2020,1,1,234,20,6,47
YC20:2055,2020-06-16,Height1,38,0.38,PHG86,2020,2,1,242,21,12,2
YC20:1495,2020-06-16,Height1,39.5,0.395,FR19,2020,1,2,413,15,11,15
YC20:1506,2020-06-16,Height1,34,0.34,B2,2020,1,2,475,23,11,26
YC20:1518,2020-06-16,Height1,43,0.43,PHW53,2020,1,2,447,17,11,38
YC20:2007,2020-06-16,Height1,43,0.43,SD101,2020,2,1,189,23,11,47
YC20:2247,2020-06-16,Height1,35,0.35,A679,2020,2,1,44,21,16,2
YC20:2234,2020-06-16,Height1,38.5,0.385,W603S,2020,2,1,140,15,16,15
YC20:2223,2020-06-16,Height1,40,0.4,A305,2020,2,1,14,16,16,26
YC20:2211,2020-06-16,Height1,42.5,0.425,W701BC,2020,2,1,10,13,16,38
YC20:2202,2020-06-16,Height1,43.5,0.435,2MA22,2020,2,1,202,15,16,47
YC20:2439,2020-06-16,Height1,39,0.39,PH207,2020,2,2,511,24,20,2
YC20:2456,2020-06-16,Height1,40.5,0.405,ND259,2020,2,2,291,18,21,16
YC20:2467,2020-06-16,Height1,46,0.46,B111,2020,2,2,298,23,21,27
YC20:2477,2020-06-16,Height1,37,0.37,H121,2020,2,2,315,17,21,37
YC20:2488,2020-06-16,Height1,41,0.41,NS701,2020,2,2,268,14,21,48
YC20:1002,2020-06-23,Height1,52,0.52,MEF156-55-2,2020,1,1,124,19,1,2
YC20:1015,2020-06-23,Height1,47,0.47,PHN66,2020,1,1,183,16,1,15
YC20:1026,2020-06-23,Height1,75,0.75,PHG80,2020,1,1,241,24,1,26
YC20:1039,2020-06-23,Height1,68,0.68,LH145,2020,1,1,116,22,1,39
YC20:1047,2020-06-23,Height1,43,0.43,N6,2020,1,1,235,20,1,47
YC20:1287,2020-06-23,Height1,72,0.72,ND259,2020,1,2,267,18,6,2
YC20:1274,2020-06-23,Height1,56,0.56,PHV63,2020,1,2,505,21,6,15
YC20:1263,2020-06-23,Height1,62,0.62,4N506,2020,1,2,293,12,6,26
YC20:1251,2020-06-23,Height1,56,0.56,PHB09,2020,1,1,240,19,6,38
YC20:1242,2020-06-23,Height1,58,0.58,N201,2020,1,1,234,20,6,47
YC20:2055,2020-06-23,Height1,60,0.6,PHG86,2020,2,1,242,21,12,2
YC20:1495,2020-06-23,Height1,56,0.56,FR19,2020,1,2,413,15,11,15
YC20:1506,2020-06-23,Height1,60,0.6,B2,2020,1,2,475,23,11,26
YC20:1518,2020-06-23,Height1,62,0.62,PHW53,2020,1,2,447,17,11,38
YC20:2007,2020-06-23,Height1,59,0.59,SD101,2020,2,1,189,23,11,47
YC20:2247,2020-06-23,Height1,60,0.6,A679,2020,2,1,44,21,16,2
YC20:2234,2020-06-23,Height1,53,0.53,W603S,2020,2,1,140,15,16,15
YC20:2223,2020-06-23,Height1,59,0.59,A305,2020,2,1,14,16,16,26
YC20:2211,2020-06-23,Height1,67,0.67,W701BC,2020,2,1,10,13,16,38
YC20:2202,2020-06-23,Height1,54,0.54,2MA22,2020,2,1,202,15,16,47
YC20:2439,2020-06-23,Height1,62,0.62,PH207,2020,2,2,511,24,20,2
YC20:2456,2020-06-23,Height1,64,0.64,ND259,2020,2,2,291,18,21,16
YC20:2467,2020-06-23,Height1,75,0.75,B111,2020,2,2,298,23,21,27
YC20:2477,2020-06-23,Height1,62,0.62,H121,2020,2,2,315,17,21,37
YC20:2488,2020-06-23,Height1,63,0.63,NS701,2020,2,2,268,14,21,48
YC20:1002,2020-07-01,Height1,101,1.01,MEF156-55-2,2020,1,1,124,19,1,2
YC20:1015,2020-07-01,Height1,100,1,PHN66,2020,1,1,183,16,1,15
YC20:1026,2020-07-01,Height1,115,1.15,PHG80,2020,1,1,241,24,1,26
YC20:1039,2020-07-01,Height1,104,1.04,LH145,2020,1,1,116,22,1,39
YC20:1047,2020-07-01,Height1,89,0.89,N6,2020,1,1,235,20,1,47
YC20:1287,2020-07-01,Height1,124,1.24,ND259,2020,1,2,267,18,6,2
YC20:1274,2020-07-01,Height1,89,0.89,PHV63,2020,1,2,505,21,6,15
YC20:1263,2020-07-01,Height1,110,1.1,4N506,2020,1,2,293,12,6,26
YC20:1251,2020-07-01,Height1,104,1.04,PHB09,2020,1,1,240,19,6,38
YC20:1242,2020-07-01,Height1,100,1,N201,2020,1,1,234,20,6,47
YC20:2055,2020-07-01,Height1,101,1.01,PHG86,2020,2,1,242,21,12,2
YC20:1495,2020-07-01,Height1,95,0.95,FR19,2020,1,2,413,15,11,15
YC20:1506,2020-07-01,Height1,80,0.8,B2,2020,1,2,475,23,11,26
YC20:1518,2020-07-01,Height1,99,0.99,PHW53,2020,1,2,447,17,11,38
YC20:2007,2020-07-01,Height1,97,0.97,SD101,2020,2,1,189,23,11,47
YC20:2247,2020-07-01,Height1,105,1.05,A679,2020,2,1,44,21,16,2
YC20:2234,2020-07-01,Height1,100,1,W603S,2020,2,1,140,15,16,15
YC20:2223,2020-07-01,Height1,102,1.02,A305,2020,2,1,14,16,16,26
YC20:2211,2020-07-01,Height1,95,0.95,W701BC,2020,2,1,10,13,16,38
YC20:2202,2020-07-01,Height1,109,1.09,2MA22,2020,2,1,202,15,16,47
YC20:2439,2020-07-01,Height1,104,1.04,PH207,2020,2,2,511,24,20,2
YC20:2456,2020-07-01,Height1,113,1.13,ND259,2020,2,2,291,18,21,16
YC20:2467,2020-07-01,Height1,125,1.25,B111,2020,2,2,298,23,21,27
YC20:2477,2020-07-01,Height1,105,1.05,H121,2020,2,2,315,17,21,37
YC20:2488,2020-07-01,Height1,105,1.05,NS701,2020,2,2,268,14,21,48
YC20:1002,2020-07-08,Height1,160,1.6,MEF156-55-2,2020,1,1,124,19,1,2
YC20:1015,2020-07-08,Height1,150,1.5,PHN66,2020,1,1,183,16,1,15
YC20:1026,2020-07-08,Height1,165,1.65,PHG80,2020,1,1,241,24,1,26
YC20:1039,2020-07-08,Height1,179,1.79,LH145,2020,1,1,116,22,1,39
YC20:1047,2020-07-08,Height1,121,1.21,N6,2020,1,1,235,20,1,47
YC20:1287,2020-07-08,Height1,171,1.71,ND259,2020,1,2,267,18,6,2
YC20:1274,2020-07-08,Height1,124,1.24,PHV63,2020,1,2,505,21,6,15
YC20:1263,2020-07-08,Height1,166,1.66,4N506,2020,1,2,293,12,6,26
YC20:1251,2020-07-08,Height1,137,1.37,PHB09,2020,1,1,240,19,6,38
YC20:1242,2020-07-08,Height1,149,1.49,N201,2020,1,1,234,20,6,47
YC20:2055,2020-07-08,Height1,174,1.74,PHG86,2020,2,1,242,21,12,2
YC20:1495,2020-07-08,Height1,131,1.31,FR19,2020,1,2,413,15,11,15
YC20:1506,2020-07-08,Height1,137,1.37,B2,2020,1,2,475,23,11,26
YC20:1518,2020-07-08,Height1,133,1.33,PHW53,2020,1,2,447,17,11,38
YC20:2007,2020-07-08,Height1,144,1.44,SD101,2020,2,1,189,23,11,47
YC20:2247,2020-07-08,Height1,177,1.77,A679,2020,2,1,44,21,16,2
YC20:2234,2020-07-08,Height1,144,1.44,W603S,2020,2,1,140,15,16,15
YC20:2223,2020-07-08,Height1,171,1.71,A305,2020,2,1,14,16,16,26
YC20:2211,2020-07-08,Height1,136,1.36,W701BC,2020,2,1,10,13,16,38
YC20:2202,2020-07-08,Height1,152,1.52,2MA22,2020,2,1,202,15,16,47
YC20:2439,2020-07-08,Height1,161,1.61,PH207,2020,2,2,511,24,20,2
YC20:2456,2020-07-08,Height1,162,1.62,ND259,2020,2,2,291,18,21,16
YC20:2467,2020-07-08,Height1,191,1.91,B111,2020,2,2,298,23,21,27
YC20:2477,2020-07-08,Height1,143,1.43,H121,2020,2,2,315,17,21,37
YC20:2488,2020-07-08,Height1,152,1.52,NS701,2020,2,2,268,14,21,48
YC20:1002,2020-07-13,Height1,196,1.96,MEF156-55-2,2020,1,1,124,19,1,2
YC20:1015,2020-07-13,Height1,183,1.83,PHN66,2020,1,1,183,16,1,15
YC20:1026,2020-07-13,Height1,178,1.78,PHG80,2020,1,1,241,24,1,26
YC20:1039,2020-07-13,Height1,198,1.98,LH145,2020,1,1,116,22,1,39
YC20:1047,2020-07-13,Height1,175,1.75,N6,2020,1,1,235,20,1,47
YC20:1287,2020-07-13,Height1,184,1.84,ND259,2020,1,2,267,18,6,2
YC20:1274,2020-07-13,Height1,158,1.58,PHV63,2020,1,2,505,21,6,15
YC20:1263,2020-07-13,Height1,197,1.97,4N506,2020,1,2,293,12,6,26
YC20:1251,2020-07-13,Height1,182,1.82,PHB09,2020,1,1,240,19,6,38
YC20:1242,2020-07-13,Height1,191,1.91,N201,2020,1,1,234,20,6,47
YC20:2055,2020-07-13,Height1,179,1.79,PHG86,2020,2,1,242,21,12,2
YC20:1495,2020-07-13,Height1,177,1.77,FR19,2020,1,2,413,15,11,15
YC20:1506,2020-07-13,Height1,163,1.63,B2,2020,1,2,475,23,11,26
YC20:1518,2020-07-13,Height1,158,1.58,PHW53,2020,1,2,447,17,11,38
YC20:2007,2020-07-13,Height1,182,1.82,SD101,2020,2,1,189,23,11,47
YC20:2247,2020-07-13,Height1,195,1.95,A679,2020,2,1,44,21,16,2
YC20:2234,2020-07-13,Height1,176,1.76,W603S,2020,2,1,140,15,16,15
YC20:2223,2020-07-13,Height1,205,2.05,A305,2020,2,1,14,16,16,26
YC20:2211,2020-07-13,Height1,173,1.73,W701BC,2020,2,1,10,13,16,38
YC20:2202,2020-07-13,Height1,181,1.81,2MA22,2020,2,1,202,15,16,47
YC20:2439,2020-07-13,Height1,182,1.82,PH207,2020,2,2,511,24,20,2
YC20:2456,2020-07-13,Height1,176,1.76,ND259,2020,2,2,291,18,21,16
YC20:2467,2020-07-13,Height1,210,2.1,B111,2020,2,2,298,23,21,27
YC20:2477,2020-07-13,Height1,182,1.82,H121,2020,2,2,315,17,21,37
YC20:2488,2020-07-13,Height1,185,1.85,NS701,2020,2,2,268,14,21,48
YC20:1002,2020-07-22,Height1,210,2.1,MEF156-55-2,2020,1,1,124,19,1,2
YC20:1015,2020-07-22,Height1,201,2.01,PHN66,2020,1,1,183,16,1,15
YC20:1026,2020-07-22,Height1,208,2.08,PHG80,2020,1,1,241,24,1,26
YC20:1039,2020-07-22,Height1,216,2.16,LH145,2020,1,1,116,22,1,39
YC20:1047,2020-07-22,Height1,196,1.96,N6,2020,1,1,235,20,1,47
YC20:1287,2020-07-22,Height1,175,1.75,ND259,2020,1,2,267,18,6,2
YC20:1274,2020-07-22,Height1,205,2.05,PHV63,2020,1,2,505,21,6,15
YC20:1263,2020-07-22,Height1,213,2.13,4N506,2020,1,2,293,12,6,26
YC20:1251,2020-07-22,Height1,198,1.98,PHB09,2020,1,1,240,19,6,38
YC20:1242,2020-07-22,Height1,216,2.16,N201,2020,1,1,234,20,6,47
YC20:2055,2020-07-22,Height1,216,2.16,PHG86,2020,2,1,242,21,12,2
YC20:1495,2020-07-22,Height1,174,1.74,FR19,2020,1,2,413,15,11,15
YC20:1506,2020-07-22,Height1,200,2,B2,2020,1,2,475,23,11,26
YC20:1518,2020-07-22,Height1,180,1.8,PHW53,2020,1,2,447,17,11,38
YC20:2007,2020-07-22,Height1,172,1.72,SD101,2020,2,1,189,23,11,47
YC20:2247,2020-07-22,Height1,229,2.29,A679,2020,2,1,44,21,16,2
YC20:2234,2020-07-22,Height1,175,1.75,W603S,2020,2,1,140,15,16,15
YC20:2223,2020-07-22,Height1,220,2.2,A305,2020,2,1,14,16,16,26
YC20:2211,2020-07-22,Height1,182,1.82,W701BC,2020,2,1,10,13,16,38
YC20:2202,2020-07-22,Height1,212,2.12,2MA22,2020,2,1,202,15,16,47
YC20:2439,2020-07-22,Height1,202,2.02,PH207,2020,2,2,511,24,20,2
YC20:2456,2020-07-22,Height1,182,1.82,ND259,2020,2,2,291,18,21,16
YC20:2467,2020-07-22,Height1,245,2.45,B111,2020,2,2,298,23,21,27
YC20:2477,2020-07-22,Height1,209,2.09,H121,2020,2,2,315,17,21,37
YC20:2488,2020-07-22,Height1,198,1.98,NS701,2020,2,2,268,14,21,48
YC20:1002,2020-07-29,Height1,210,2.1,MEF156-55-2,2020,1,1,124,19,1,2
YC20:1015,2020-07-29,Height1,222,2.22,PHN66,2020,1,1,183,16,1,15
YC20:1026,2020-07-29,Height1,223,2.23,PHG80,2020,1,1,241,24,1,26
YC20:1039,2020-07-29,Height1,220,2.2,LH145,2020,1,1,116,22,1,39
YC20:1047,2020-07-29,Height1,205,2.05,N6,2020,1,1,235,20,1,47
YC20:1287,2020-07-29,Height1,195,1.95,ND259,2020,1,2,267,18,6,2
YC20:1274,2020-07-29,Height1,212,2.12,PHV63,2020,1,2,505,21,6,15
YC20:1263,2020-07-29,Height1,250,2.5,4N506,2020,1,2,293,12,6,26
YC20:1251,2020-07-29,Height1,205,2.05,PHB09,2020,1,1,240,19,6,38
YC20:1242,2020-07-29,Height1,227,2.27,N201,2020,1,1,234,20,6,47
YC20:2055,2020-07-29,Height1,235,2.35,PHG86,2020,2,1,242,21,12,2
YC20:1495,2020-07-29,Height1,187,1.87,FR19,2020,1,2,413,15,11,15
YC20:1506,2020-07-29,Height1,222,2.22,B2,2020,1,2,475,23,11,26
YC20:1518,2020-07-29,Height1,175,1.75,PHW53,2020,1,2,447,17,11,38
YC20:2007,2020-07-29,Height1,181,1.81,SD101,2020,2,1,189,23,11,47
YC20:2247,2020-07-29,Height1,227,2.27,A679,2020,2,1,44,21,16,2
YC20:2234,2020-07-29,Height1,177,1.77,W603S,2020,2,1,140,15,16,15
YC20:2223,2020-07-29,Height1,221,2.21,A305,2020,2,1,14,16,16,26
YC20:2211,2020-07-29,Height1,181,1.81,W701BC,2020,2,1,10,13,16,38
YC20:2202,2020-07-29,Height1,224,2.24,2MA22,2020,2,1,202,15,16,47
YC20:2439,2020-07-29,Height1,204,2.04,PH207,2020,2,2,511,24,20,2
YC20:2456,2020-07-29,Height1,187,1.87,ND259,2020,2,2,291,18,21,16
YC20:2467,2020-07-29,Height1,255,2.55,B111,2020,2,2,298,23,21,27
YC20:2477,2020-07-29,Height1,190,1.9,H121,2020,2,2,315,17,21,37
YC20:2488,2020-07-29,Height1,209,2.09,NS701,2020,2,2,268,14,21,48
YC21:1097,2021-06-07,Height1,28,0.28,LH209,2021,1,1,169,23,3,1
YC21:1108,2021-06-07,Height1,22,0.22,PHW20,2021,1,1,33,18,3,12
YC21:1120,2021-06-07,Height1,26,0.26,LH145,2021,1,1,116,16,3,24
YC21:1132,2021-06-07,Height1,27,0.27,LH127,2021,1,1,226,15,3,36
YC21:1144,2021-06-07,Height1,27,0.27,MS225,2021,1,1,78,23,3,48
YC21:2057,2021-06-07,Height1,19,0.19,N6,2021,2,1,235,22,13,1
YC21:2068,2021-06-07,Height1,35,0.35,BO9,2021,2,1,156,26,13,12
YC21:2080,2021-06-07,Height1,38,0.38,LH166,2021,2,1,52,25,13,24
YC21:2092,2021-06-07,Height1,38,0.38,793,2021,2,1,37,21,13,36
YC21:2104,2021-06-07,Height1,22,0.22,MS71,2021,2,1,172,23,13,48
YC21:2440,2021-06-07,Height1,31,0.31,CQ702RC,2021,2,2,312,20,20,1
YC21:2429,2021-06-07,Height1,22,0.22,LH60,2021,2,2,342,27,20,12
YC21:2417,2021-06-07,Height1,14,0.14,INBRED 305,2021,2,2,420,21,20,24
YC21:2405,2021-06-07,Height1,36,0.36,PHBB3,2021,2,2,364,20,20,36
YC21:2393,2021-06-07,Height1,28,0.28,B75,2021,2,2,306,20,20,48
YC21:1097,2021-06-15,Height1,49,0.49,LH209,2021,1,1,169,23,3,1
YC21:1108,2021-06-15,Height1,41,0.41,PHW20,2021,1,1,33,18,3,12
YC21:1120,2021-06-15,Height1,53,0.53,LH145,2021,1,1,116,16,3,24
YC21:1132,2021-06-15,Height1,53,0.53,LH127,2021,1,1,226,15,3,36
YC21:1144,2021-06-15,Height1,43,0.43,MS225,2021,1,1,78,23,3,48
YC21:2057,2021-06-15,Height1,46,0.46,N6,2021,2,1,235,22,13,1
YC21:2068,2021-06-15,Height1,58,0.58,BO9,2021,2,1,156,26,13,12
YC21:2080,2021-06-15,Height1,64,0.64,LH166,2021,2,1,52,25,13,24
YC21:2092,2021-06-15,Height1,49,0.49,793,2021,2,1,37,21,13,36
YC21:2104,2021-06-15,Height1,40,0.4,MS71,2021,2,1,172,23,13,48
YC21:2440,2021-06-15,Height1,57,0.57,CQ702RC,2021,2,2,312,20,20,1
YC21:2429,2021-06-15,Height1,44,0.44,LH60,2021,2,2,342,27,20,12
YC21:2417,2021-06-15,Height1,30,0.3,INBRED 305,2021,2,2,420,21,20,24
YC21:2405,2021-06-15,Height1,72,0.72,PHBB3,2021,2,2,364,20,20,36
YC21:2393,2021-06-15,Height1,46,0.46,B75,2021,2,2,306,20,20,48
YC21:1097,2021-06-23,Height1,69,0.69,LH209,2021,1,1,169,23,3,1
YC21:1108,2021-06-23,Height1,67,0.67,PHW20,2021,1,1,33,18,3,12
YC21:1120,2021-06-23,Height1,77,0.77,LH145,2021,1,1,116,16,3,24
YC21:1132,2021-06-23,Height1,76,0.76,LH127,2021,1,1,226,15,3,36
YC21:1144,2021-06-23,Height1,77,0.77,MS225,2021,1,1,78,23,3,48
YC21:2057,2021-06-23,Height1,77,0.77,N6,2021,2,1,235,22,13,1
YC21:2068,2021-06-23,Height1,86,0.86,BO9,2021,2,1,156,26,13,12
YC21:2080,2021-06-23,Height1,91,0.91,LH166,2021,2,1,52,25,13,24
YC21:2092,2021-06-23,Height1,76,0.76,793,2021,2,1,37,21,13,36
YC21:2104,2021-06-23,Height1,77,0.77,MS71,2021,2,1,172,23,13,48
YC21:2440,2021-06-23,Height1,73,0.73,CQ702RC,2021,2,2,312,20,20,1
YC21:2429,2021-06-23,Height1,63,0.63,LH60,2021,2,2,342,27,20,12
YC21:2417,2021-06-23,Height1,60,0.6,INBRED 305,2021,2,2,420,21,20,24
YC21:2405,2021-06-23,Height1,99,0.99,PHBB3,2021,2,2,364,20,20,36
YC21:2393,2021-06-23,Height1,74,0.74,B75,2021,2,2,306,20,20,48
YC21:1097,2021-06-28,Height1,96,0.96,LH209,2021,1,1,169,23,3,1
YC21:1108,2021-06-28,Height1,99,0.99,PHW20,2021,1,1,33,18,3,12
YC21:1120,2021-06-28,Height1,116,1.16,LH145,2021,1,1,116,16,3,24
YC21:1132,2021-06-28,Height1,102,1.02,LH127,2021,1,1,226,15,3,36
YC21:1144,2021-06-28,Height1,102,1.02,MS225,2021,1,1,78,23,3,48
YC21:2057,2021-06-28,Height1,95,0.95,N6,2021,2,1,235,22,13,1
YC21:2068,2021-06-28,Height1,104,1.04,BO9,2021,2,1,156,26,13,12
YC21:2080,2021-06-28,Height1,116,1.16,LH166,2021,2,1,52,25,13,24
YC21:2092,2021-06-28,Height1,110,1.1,793,2021,2,1,37,21,13,36
YC21:2104,2021-06-28,Height1,103,1.03,MS71,2021,2,1,172,23,13,48
YC21:2440,2021-06-28,Height1,104,1.04,CQ702RC,2021,2,2,312,20,20,1
YC21:2429,2021-06-28,Height1,91,0.91,LH60,2021,2,2,342,27,20,12
YC21:2417,2021-06-28,Height1,74,0.74,INBRED 305,2021,2,2,420,21,20,24
YC21:2405,2021-06-28,Height1,119,1.19,PHBB3,2021,2,2,364,20,20,36
YC21:2393,2021-06-28,Height1,101,1.01,B75,2021,2,2,306,20,20,48
YC21:1097,2021-07-08,Height1,153,1.53,LH209,2021,1,1,169,23,3,1
YC21:1108,2021-07-08,Height1,147,1.47,PHW20,2021,1,1,33,18,3,12
YC21:1120,2021-07-08,Height1,151,1.51,LH145,2021,1,1,116,16,3,24
YC21:1132,2021-07-08,Height1,148,1.48,LH127,2021,1,1,226,15,3,36
YC21:1144,2021-07-08,Height1,150,1.5,MS225,2021,1,1,78,23,3,48
YC21:2057,2021-07-08,Height1,127,1.27,N6,2021,2,1,235,22,13,1
YC21:2068,2021-07-08,Height1,159,1.59,BO9,2021,2,1,156,26,13,12
YC21:2080,2021-07-08,Height1,155,1.55,LH166,2021,2,1,52,25,13,24
YC21:2092,2021-07-08,Height1,163,1.63,793,2021,2,1,37,21,13,36
YC21:2104,2021-07-08,Height1,151,1.51,MS71,2021,2,1,172,23,13,48
YC21:2440,2021-07-08,Height1,152,1.52,CQ702RC,2021,2,2,312,20,20,1
YC21:2429,2021-07-08,Height1,139,1.39,LH60,2021,2,2,342,27,20,12
YC21:2417,2021-07-08,Height1,119,1.19,INBRED 305,2021,2,2,420,21,20,24
YC21:2405,2021-07-08,Height1,140,1.4,PHBB3,2021,2,2,364,20,20,36
YC21:2393,2021-07-08,Height1,162,1.62,B75,2021,2,2,306,20,20,48
YC21:1097,2021-07-13,Height1,172,1.72,LH209,2021,1,1,169,23,3,1
YC21:1108,2021-07-13,Height1,177,1.77,PHW20,2021,1,1,33,18,3,12
YC21:1120,2021-07-13,Height1,189,1.89,LH145,2021,1,1,116,16,3,24
YC21:1132,2021-07-13,Height1,171,1.71,LH127,2021,1,1,226,15,3,36
YC21:1144,2021-07-13,Height1,171,1.71,MS225,2021,1,1,78,23,3,48
YC21:2057,2021-07-13,Height1,142,1.42,N6,2021,2,1,235,22,13,1
YC21:2068,2021-07-13,Height1,167,1.67,BO9,2021,2,1,156,26,13,12
YC21:2080,2021-07-13,Height1,174,1.74,LH166,2021,2,1,52,25,13,24
YC21:2092,2021-07-13,Height1,184,1.84,793,2021,2,1,37,21,13,36
YC21:2104,2021-07-13,Height1,158,1.58,MS71,2021,2,1,172,23,13,48
YC21:2440,2021-07-13,Height1,171,1.71,CQ702RC,2021,2,2,312,20,20,1
YC21:2429,2021-07-13,Height1,158,1.58,LH60,2021,2,2,342,27,20,12
YC21:2417,2021-07-13,Height1,136,1.36,INBRED 305,2021,2,2,420,21,20,24
YC21:2405,2021-07-13,Height1,161,1.61,PHBB3,2021,2,2,364,20,20,36
YC21:2393,2021-07-13,Height1,178,1.78,B75,2021,2,2,306,20,20,48
YC21:1097,2021-07-23,Height1,216,2.16,LH209,2021,1,1,169,23,3,1
YC21:1108,2021-07-23,Height1,234,2.34,PHW20,2021,1,1,33,18,3,12
YC21:1120,2021-07-23,Height1,187,1.87,LH145,2021,1,1,116,16,3,24
YC21:1132,2021-07-23,Height1,187,1.87,LH127,2021,1,1,226,15,3,36
YC21:1144,2021-07-23,Height1,189,1.89,MS225,2021,1,1,78,23,3,48
YC21:2057,2021-07-23,Height1,167,1.67,N6,2021,2,1,235,22,13,1
YC21:2068,2021-07-23,Height1,206,2.06,BO9,2021,2,1,156,26,13,12
YC21:2080,2021-07-23,Height1,184,1.84,LH166,2021,2,1,52,25,13,24
YC21:2092,2021-07-23,Height1,194,1.94,793,2021,2,1,37,21,13,36
YC21:2104,2021-07-23,Height1,189,1.89,MS71,2021,2,1,172,23,13,48
YC21:2440,2021-07-23,Height1,229,2.29,CQ702RC,2021,2,2,312,20,20,1
YC21:2429,2021-07-23,Height1,234,2.34,LH60,2021,2,2,342,27,20,12
YC21:2417,2021-07-23,Height1,145,1.45,INBRED 305,2021,2,2,420,21,20,24
YC21:2405,2021-07-23,Height1,222,2.22,PHBB3,2021,2,2,364,20,20,36
YC21:2393,2021-07-23,Height1,210,2.1,B75,2021,2,2,306,20,20,48
YC21:1097,2021-08-06,Height1,211,2.11,LH209,2021,1,1,169,23,3,1
YC21:1108,2021-08-06,Height1,231,2.31,PHW20,2021,1,1,33,18,3,12
YC21:1120,2021-08-06,Height1,205,2.05,LH145,2021,1,1,116,16,3,24
YC21:1132,2021-08-06,Height1,185,1.85,LH127,2021,1,1,226,15,3,36
YC21:1144,2021-08-06,Height1,188,1.88,MS225,2021,1,1,78,23,3,48
YC21:2057,2021-08-06,Height1,166,1.66,N6,2021,2,1,235,22,13,1
YC21:2068,2021-08-06,Height1,193,1.93,BO9,2021,2,1,156,26,13,12
YC21:2080,2021-08-06,Height1,210,2.1,LH166,2021,2,1,52,25,13,24
YC21:2092,2021-08-06,Height1,199,1.99,793,2021,2,1,37,21,13,36
YC21:2104,2021-08-06,Height1,196,1.96,MS71,2021,2,1,172,23,13,48
YC21:2440,2021-08-06,Height1,234,2.34,CQ702RC,2021,2,2,312,20,20,1
YC21:2429,2021-08-06,Height1,244,2.44,LH60,2021,2,2,342,27,20,12
YC21:2417,2021-08-06,Height1,170,1.7,INBRED 305,2021,2,2,420,21,20,24
YC21:2405,2021-08-06,Height1,218,2.18,PHBB3,2021,2,2,364,20,20,36
YC21:2393,2021-08-06,Height1,230,2.3,B75,2021,2,2,306,20,20,48
YC20:1002,2020-06-03,Height2,9,0.09,MEF156-55-2,2020,1,1,124,19,1,2
YC20:1015,2020-06-03,Height2,10,0.1,PHN66,2020,1,1,183,16,1,15
YC20:1026,2020-06-03,Height2,16,0.16,PHG80,2020,1,1,241,24,1,26
YC20:1039,2020-06-03,Height2,15.5,0.155,LH145,2020,1,1,116,22,1,39
YC20:1047,2020-06-03,Height2,9.5,0.095,N6,2020,1,1,235,20,1,47
YC20:1287,2020-06-03,Height2,16.5,0.165,ND259,2020,1,2,267,18,6,2
YC20:1274,2020-06-03,Height2,12,0.12,PHV63,2020,1,2,505,21,6,15
YC20:1263,2020-06-03,Height2,14,0.14,4N506,2020,1,2,293,12,6,26
YC20:1251,2020-06-03,Height2,14,0.14,PHB09,2020,1,1,240,19,6,38
YC20:1242,2020-06-03,Height2,11.5,0.115,N201,2020,1,1,234,20,6,47
YC20:2055,2020-06-03,Height2,21.5,0.215,PHG86,2020,2,1,242,21,12,2
YC20:1495,2020-06-03,Height2,15.5,0.155,FR19,2020,1,2,413,15,11,15
YC20:1506,2020-06-03,Height2,15,0.15,B2,2020,1,2,475,23,11,26
YC20:1518,2020-06-03,Height2,12,0.12,PHW53,2020,1,2,447,17,11,38
YC20:2007,2020-06-03,Height2,20,0.2,SD101,2020,2,1,189,23,11,47
YC20:2247,2020-06-03,Height2,15.5,0.155,A679,2020,2,1,44,21,16,2
YC20:2234,2020-06-03,Height2,8.5,0.085,W603S,2020,2,1,140,15,16,15
YC20:2223,2020-06-03,Height2,12,0.12,A305,2020,2,1,14,16,16,26
YC20:2211,2020-06-03,Height2,15.5,0.155,W701BC,2020,2,1,10,13,16,38
YC20:2202,2020-06-03,Height2,11,0.11,2MA22,2020,2,1,202,15,16,47
YC20:2439,2020-06-03,Height2,15,0.15,PH207,2020,2,2,511,24,20,2
YC20:2456,2020-06-03,Height2,18,0.18,ND259,2020,2,2,291,18,21,16
YC20:2467,2020-06-03,Height2,18,0.18,B111,2020,2,2,298,23,21,27
YC20:2477,2020-06-03,Height2,14,0.14,H121,2020,2,2,315,17,21,37
YC20:2488,2020-06-03,Height2,19,0.19,NS701,2020,2,2,268,14,21,48
YC20:1002,2020-06-08,Height2,17.5,0.175,MEF156-55-2,2020,1,1,124,19,1,2
YC20:1015,2020-06-08,Height2,20,0.2,PHN66,2020,1,1,183,16,1,15
YC20:1026,2020-06-08,Height2,27,0.27,PHG80,2020,1,1,241,24,1,26
YC20:1039,2020-06-08,Height2,21,0.21,LH145,2020,1,1,116,22,1,39
YC20:1047,2020-06-08,Height2,18,0.18,N6,2020,1,1,235,20,1,47
YC20:1287,2020-06-08,Height2,27,0.27,ND259,2020,1,2,267,18,6,2
YC20:1274,2020-06-08,Height2,20,0.2,PHV63,2020,1,2,505,21,6,15
YC20:1263,2020-06-08,Height2,22,0.22,4N506,2020,1,2,293,12,6,26
YC20:1251,2020-06-08,Height2,24,0.24,PHB09,2020,1,1,240,19,6,38
YC20:1242,2020-06-08,Height2,20.5,0.205,N201,2020,1,1,234,20,6,47
YC20:2055,2020-06-08,Height2,34,0.34,PHG86,2020,2,1,242,21,12,2
YC20:1495,2020-06-08,Height2,24,0.24,FR19,2020,1,2,413,15,11,15
YC20:1506,2020-06-08,Height2,22,0.22,B2,2020,1,2,475,23,11,26
YC20:1518,2020-06-08,Height2,19,0.19,PHW53,2020,1,2,447,17,11,38
YC20:2007,2020-06-08,Height2,20,0.2,SD101,2020,2,1,189,23,11,47
YC20:2247,2020-06-08,Height2,24,0.24,A679,2020,2,1,44,21,16,2
YC20:2234,2020-06-08,Height2,19,0.19,W603S,2020,2,1,140,15,16,15
YC20:2223,2020-06-08,Height2,30,0.3,A305,2020,2,1,14,16,16,26
YC20:2211,2020-06-08,Height2,21.5,0.215,W701BC,2020,2,1,10,13,16,38
YC20:2202,2020-06-08,Height2,22,0.22,2MA22,2020,2,1,202,15,16,47
YC20:2439,2020-06-08,Height2,21,0.21,PH207,2020,2,2,511,24,20,2
YC20:2456,2020-06-08,Height2,27,0.27,ND259,2020,2,2,291,18,21,16
YC20:2467,2020-06-08,Height2,23,0.23,B111,2020,2,2,298,23,21,27
YC20:2477,2020-06-08,Height2,22.5,0.225,H121,2020,2,2,315,17,21,37
YC20:2488,2020-06-08,Height2,21,0.21,NS701,2020,2,2,268,14,21,48
YC20:1002,2020-06-16,Height2,42,0.42,MEF156-55-2,2020,1,1,124,19,1,2
YC20:1015,2020-06-16,Height2,47,0.47,PHN66,2020,1,1,183,16,1,15
YC20:1026,2020-06-16,Height2,44.5,0.445,PHG80,2020,1,1,241,24,1,26
YC20:1039,2020-06-16,Height2,48.5,0.485,LH145,2020,1,1,116,22,1,39
YC20:1047,2020-06-16,Height2,38,0.38,N6,2020,1,1,235,20,1,47
YC20:1287,2020-06-16,Height2,51.5,0.515,ND259,2020,1,2,267,18,6,2
YC20:1274,2020-06-16,Height2,37,0.37,PHV63,2020,1,2,505,21,6,15
YC20:1263,2020-06-16,Height2,40.5,0.405,4N506,2020,1,2,293,12,6,26
YC20:1251,2020-06-16,Height2,40.5,0.405,PHB09,2020,1,1,240,19,6,38
YC20:1242,2020-06-16,Height2,41,0.41,N201,2020,1,1,234,20,6,47
YC20:2055,2020-06-16,Height2,41,0.41,PHG86,2020,2,1,242,21,12,2
YC20:1495,2020-06-16,Height2,37,0.37,FR19,2020,1,2,413,15,11,15
YC20:1506,2020-06-16,Height2,34.5,0.345,B2,2020,1,2,475,23,11,26
YC20:1518,2020-06-16,Height2,42,0.42,PHW53,2020,1,2,447,17,11,38
YC20:2007,2020-06-16,Height2,40,0.4,SD101,2020,2,1,189,23,11,47
YC20:2247,2020-06-16,Height2,41.5,0.415,A679,2020,2,1,44,21,16,2
YC20:2234,2020-06-16,Height2,39.5,0.395,W603S,2020,2,1,140,15,16,15
YC20:2223,2020-06-16,Height2,41,0.41,A305,2020,2,1,14,16,16,26
YC20:2211,2020-06-16,Height2,41.5,0.415,W701BC,2020,2,1,10,13,16,38
YC20:2202,2020-06-16,Height2,40,0.4,2MA22,2020,2,1,202,15,16,47
YC20:2439,2020-06-16,Height2,49.5,0.495,PH207,2020,2,2,511,24,20,2
YC20:2456,2020-06-16,Height2,50,0.5,ND259,2020,2,2,291,18,21,16
YC20:2467,2020-06-16,Height2,45,0.45,B111,2020,2,2,298,23,21,27
YC20:2477,2020-06-16,Height2,39.5,0.395,H121,2020,2,2,315,17,21,37
YC20:2488,2020-06-16,Height2,42,0.42,NS701,2020,2,2,268,14,21,48
YC20:1002,2020-06-23,Height2,65,0.65,MEF156-55-2,2020,1,1,124,19,1,2
YC20:1015,2020-06-23,Height2,43,0.43,PHN66,2020,1,1,183,16,1,15
YC20:1026,2020-06-23,Height2,82,0.82,PHG80,2020,1,1,241,24,1,26
YC20:1039,2020-06-23,Height2,63,0.63,LH145,2020,1,1,116,22,1,39
YC20:1047,2020-06-23,Height2,47,0.47,N6,2020,1,1,235,20,1,47
YC20:1287,2020-06-23,Height2,78,0.78,ND259,2020,1,2,267,18,6,2
YC20:1274,2020-06-23,Height2,54,0.54,PHV63,2020,1,2,505,21,6,15
YC20:1263,2020-06-23,Height2,68,0.68,4N506,2020,1,2,293,12,6,26
YC20:1251,2020-06-23,Height2,58,0.58,PHB09,2020,1,1,240,19,6,38
YC20:1242,2020-06-23,Height2,46,0.46,N201,2020,1,1,234,20,6,47
YC20:2055,2020-06-23,Height2,60,0.6,PHG86,2020,2,1,242,21,12,2
YC20:1495,2020-06-23,Height2,63,0.63,FR19,2020,1,2,413,15,11,15
YC20:1506,2020-06-23,Height2,47,0.47,B2,2020,1,2,475,23,11,26
YC20:1518,2020-06-23,Height2,59,0.59,PHW53,2020,1,2,447,17,11,38
YC20:2007,2020-06-23,Height2,61,0.61,SD101,2020,2,1,189,23,11,47
YC20:2247,2020-06-23,Height2,71,0.71,A679,2020,2,1,44,21,16,2
YC20:2234,2020-06-23,Height2,54,0.54,W603S,2020,2,1,140,15,16,15
YC20:2223,2020-06-23,Height2,50,0.5,A305,2020,2,1,14,16,16,26
YC20:2211,2020-06-23,Height2,62,0.62,W701BC,2020,2,1,10,13,16,38
YC20:2202,2020-06-23,Height2,62,0.62,2MA22,2020,2,1,202,15,16,47
YC20:2439,2020-06-23,Height2,64,0.64,PH207,2020,2,2,511,24,20,2
YC20:2456,2020-06-23,Height2,66,0.66,ND259,2020,2,2,291,18,21,16
YC20:2467,2020-06-23,Height2,67,0.67,B111,2020,2,2,298,23,21,27
YC20:2477,2020-06-23,Height2,60,0.6,H121,2020,2,2,315,17,21,37
YC20:2488,2020-06-23,Height2,70,0.7,NS701,2020,2,2,268,14,21,48
YC20:1002,2020-07-01,Height2,103,1.03,MEF156-55-2,2020,1,1,124,19,1,2
YC20:1015,2020-07-01,Height2,95,0.95,PHN66,2020,1,1,183,16,1,15
YC20:1026,2020-07-01,Height2,120,1.2,PHG80,2020,1,1,241,24,1,26
YC20:1039,2020-07-01,Height2,102,1.02,LH145,2020,1,1,116,22,1,39
YC20:1047,2020-07-01,Height2,90,0.9,N6,2020,1,1,235,20,1,47
YC20:1287,2020-07-01,Height2,119,1.19,ND259,2020,1,2,267,18,6,2
YC20:1274,2020-07-01,Height2,88,0.88,PHV63,2020,1,2,505,21,6,15
YC20:1263,2020-07-01,Height2,109,1.09,4N506,2020,1,2,293,12,6,26
YC20:1251,2020-07-01,Height2,105,1.05,PHB09,2020,1,1,240,19,6,38
YC20:1242,2020-07-01,Height2,90,0.9,N201,2020,1,1,234,20,6,47
YC20:2055,2020-07-01,Height2,97,0.97,PHG86,2020,2,1,242,21,12,2
YC20:1495,2020-07-01,Height2,100,1,FR19,2020,1,2,413,15,11,15
YC20:1506,2020-07-01,Height2,82,0.82,B2,2020,1,2,475,23,11,26
YC20:1518,2020-07-01,Height2,90,0.9,PHW53,2020,1,2,447,17,11,38
YC20:2007,2020-07-01,Height2,100,1,SD101,2020,2,1,189,23,11,47
YC20:2247,2020-07-01,Height2,119,1.19,A679,2020,2,1,44,21,16,2
YC20:2234,2020-07-01,Height2,104,1.04,W603S,2020,2,1,140,15,16,15
YC20:2223,2020-07-01,Height2,104,1.04,A305,2020,2,1,14,16,16,26
YC20:2211,2020-07-01,Height2,105,1.05,W701BC,2020,2,1,10,13,16,38
YC20:2202,2020-07-01,Height2,94,0.94,2MA22,2020,2,1,202,15,16,47
YC20:2439,2020-07-01,Height2,106,1.06,PH207,2020,2,2,511,24,20,2
YC20:2456,2020-07-01,Height2,99,0.99,ND259,2020,2,2,291,18,21,16
YC20:2467,2020-07-01,Height2,119,1.19,B111,2020,2,2,298,23,21,27
YC20:2477,2020-07-01,Height2,101,1.01,H121,2020,2,2,315,17,21,37
YC20:2488,2020-07-01,Height2,117,1.17,NS701,2020,2,2,268,14,21,48
YC20:1002,2020-07-08,Height2,182,1.82,MEF156-55-2,2020,1,1,124,19,1,2
YC20:1015,2020-07-08,Height2,149,1.49,PHN66,2020,1,1,183,16,1,15
YC20:1026,2020-07-08,Height2,171,1.71,PHG80,2020,1,1,241,24,1,26
YC20:1039,2020-07-08,Height2,164,1.64,LH145,2020,1,1,116,22,1,39
YC20:1047,2020-07-08,Height2,147,1.47,N6,2020,1,1,235,20,1,47
YC20:1287,2020-07-08,Height2,175,1.75,ND259,2020,1,2,267,18,6,2
YC20:1274,2020-07-08,Height2,137,1.37,PHV63,2020,1,2,505,21,6,15
YC20:1263,2020-07-08,Height2,169,1.69,4N506,2020,1,2,293,12,6,26
YC20:1251,2020-07-08,Height2,151,1.51,PHB09,2020,1,1,240,19,6,38
YC20:1242,2020-07-08,Height2,161,1.61,N201,2020,1,1,234,20,6,47
YC20:2055,2020-07-08,Height2,177,1.77,PHG86,2020,2,1,242,21,12,2
YC20:1495,2020-07-08,Height2,144,1.44,FR19,2020,1,2,413,15,11,15
YC20:1506,2020-07-08,Height2,123,1.23,B2,2020,1,2,475,23,11,26
YC20:1518,2020-07-08,Height2,125,1.25,PHW53,2020,1,2,447,17,11,38
YC20:2007,2020-07-08,Height2,139,1.39,SD101,2020,2,1,189,23,11,47
YC20:2247,2020-07-08,Height2,165,1.65,A679,2020,2,1,44,21,16,2
YC20:2234,2020-07-08,Height2,149,1.49,W603S,2020,2,1,140,15,16,15
YC20:2223,2020-07-08,Height2,174,1.74,A305,2020,2,1,14,16,16,26
YC20:2211,2020-07-08,Height2,129,1.29,W701BC,2020,2,1,10,13,16,38
YC20:2202,2020-07-08,Height2,164,1.64,2MA22,2020,2,1,202,15,16,47
YC20:2439,2020-07-08,Height2,167,1.67,PH207,2020,2,2,511,24,20,2
YC20:2456,2020-07-08,Height2,170,1.7,ND259,2020,2,2,291,18,21,16
YC20:2467,2020-07-08,Height2,180,1.8,B111,2020,2,2,298,23,21,27
YC20:2477,2020-07-08,Height2,138,1.38,H121,2020,2,2,315,17,21,37
YC20:2488,2020-07-08,Height2,157,1.57,NS701,2020,2,2,268,14,21,48
YC20:1002,2020-07-13,Height2,207,2.07,MEF156-55-2,2020,1,1,124,19,1,2
YC20:1015,2020-07-13,Height2,180,1.8,PHN66,2020,1,1,183,16,1,15
YC20:1026,2020-07-13,Height2,182,1.82,PHG80,2020,1,1,241,24,1,26
YC20:1039,2020-07-13,Height2,196,1.96,LH145,2020,1,1,116,22,1,39
YC20:1047,2020-07-13,Height2,184,1.84,N6,2020,1,1,235,20,1,47
YC20:1287,2020-07-13,Height2,193,1.93,ND259,2020,1,2,267,18,6,2
YC20:1274,2020-07-13,Height2,171,1.71,PHV63,2020,1,2,505,21,6,15
YC20:1263,2020-07-13,Height2,198,1.98,4N506,2020,1,2,293,12,6,26
YC20:1251,2020-07-13,Height2,198,1.98,PHB09,2020,1,1,240,19,6,38
YC20:1242,2020-07-13,Height2,182,1.82,N201,2020,1,1,234,20,6,47
YC20:2055,2020-07-13,Height2,181,1.81,PHG86,2020,2,1,242,21,12,2
YC20:1495,2020-07-13,Height2,178,1.78,FR19,2020,1,2,413,15,11,15
YC20:1506,2020-07-13,Height2,155,1.55,B2,2020,1,2,475,23,11,26
YC20:1518,2020-07-13,Height2,153,1.53,PHW53,2020,1,2,447,17,11,38
YC20:2007,2020-07-13,Height2,175,1.75,SD101,2020,2,1,189,23,11,47
YC20:2247,2020-07-13,Height2,191,1.91,A679,2020,2,1,44,21,16,2
YC20:2234,2020-07-13,Height2,182,1.82,W603S,2020,2,1,140,15,16,15
YC20:2223,2020-07-13,Height2,198,1.98,A305,2020,2,1,14,16,16,26
YC20:2211,2020-07-13,Height2,158,1.58,W701BC,2020,2,1,10,13,16,38
YC20:2202,2020-07-13,Height2,184,1.84,2MA22,2020,2,1,202,15,16,47
YC20:2439,2020-07-13,Height2,185,1.85,PH207,2020,2,2,511,24,20,2
YC20:2456,2020-07-13,Height2,171,1.71,ND259,2020,2,2,291,18,21,16
YC20:2467,2020-07-13,Height2,213,2.13,B111,2020,2,2,298,23,21,27
YC20:2477,2020-07-13,Height2,166,1.66,H121,2020,2,2,315,17,21,37
YC20:2488,2020-07-13,Height2,186,1.86,NS701,2020,2,2,268,14,21,48
YC20:1002,2020-07-22,Height2,218,2.18,MEF156-55-2,2020,1,1,124,19,1,2
YC20:1015,2020-07-22,Height2,188,1.88,PHN66,2020,1,1,183,16,1,15
YC20:1026,2020-07-22,Height2,211,2.11,PHG80,2020,1,1,241,24,1,26
YC20:1039,2020-07-22,Height2,226,2.26,LH145,2020,1,1,116,22,1,39
YC20:1047,2020-07-22,Height2,208,2.08,N6,2020,1,1,235,20,1,47
YC20:1287,2020-07-22,Height2,181,1.81,ND259,2020,1,2,267,18,6,2
YC20:1274,2020-07-22,Height2,206,2.06,PHV63,2020,1,2,505,21,6,15
YC20:1263,2020-07-22,Height2,231,2.31,4N506,2020,1,2,293,12,6,26
YC20:1251,2020-07-22,Height2,212,2.12,PHB09,2020,1,1,240,19,6,38
YC20:1242,2020-07-22,Height2,217,2.17,N201,2020,1,1,234,20,6,47
YC20:2055,2020-07-22,Height2,219,2.19,PHG86,2020,2,1,242,21,12,2
YC20:1495,2020-07-22,Height2,177,1.77,FR19,2020,1,2,413,15,11,15
YC20:1506,2020-07-22,Height2,204,2.04,B2,2020,1,2,475,23,11,26
YC20:1518,2020-07-22,Height2,179,1.79,PHW53,2020,1,2,447,17,11,38
YC20:2007,2020-07-22,Height2,184,1.84,SD101,2020,2,1,189,23,11,47
YC20:2247,2020-07-22,Height2,219,2.19,A679,2020,2,1,44,21,16,2
YC20:2234,2020-07-22,Height2,163,1.63,W603S,2020,2,1,140,15,16,15
YC20:2223,2020-07-22,Height2,222,2.22,A305,2020,2,1,14,16,16,26
YC20:2211,2020-07-22,Height2,171,1.71,W701BC,2020,2,1,10,13,16,38
YC20:2202,2020-07-22,Height2,220,2.2,2MA22,2020,2,1,202,15,16,47
YC20:2439,2020-07-22,Height2,193,1.93,PH207,2020,2,2,511,24,20,2
YC20:2456,2020-07-22,Height2,190,1.9,ND259,2020,2,2,291,18,21,16
YC20:2467,2020-07-22,Height2,255,2.55,B111,2020,2,2,298,23,21,27
YC20:2477,2020-07-22,Height2,206,2.06,H121,2020,2,2,315,17,21,37
YC20:2488,2020-07-22,Height2,208,2.08,NS701,2020,2,2,268,14,21,48
YC20:1002,2020-07-29,Height2,208,2.08,MEF156-55-2,2020,1,1,124,19,1,2
YC20:1015,2020-07-29,Height2,213,2.13,PHN66,2020,1,1,183,16,1,15
YC20:1026,2020-07-29,Height2,220,2.2,PHG80,2020,1,1,241,24,1,26
YC20:1039,2020-07-29,Height2,228,2.28,LH145,2020,1,1,116,22,1,39
YC20:1047,2020-07-29,Height2,204,2.04,N6,2020,1,1,235,20,1,47
YC20:1287,2020-07-29,Height2,202,2.02,ND259,2020,1,2,267,18,6,2
YC20:1274,2020-07-29,Height2,213,2.13,PHV63,2020,1,2,505,21,6,15
YC20:1263,2020-07-29,Height2,238,2.38,4N506,2020,1,2,293,12,6,26
YC20:1251,2020-07-29,Height2,212,2.12,PHB09,2020,1,1,240,19,6,38
YC20:1242,2020-07-29,Height2,236,2.36,N201,2020,1,1,234,20,6,47
YC20:2055,2020-07-29,Height2,241,2.41,PHG86,2020,2,1,242,21,12,2
YC20:1495,2020-07-29,Height2,188,1.88,FR19,2020,1,2,413,15,11,15
YC20:1506,2020-07-29,Height2,213,2.13,B2,2020,1,2,475,23,11,26
YC20:1518,2020-07-29,Height2,183,1.83,PHW53,2020,1,2,447,17,11,38
YC20:2007,2020-07-29,Height2,186,1.86,SD101,2020,2,1,189,23,11,47
YC20:2247,2020-07-29,Height2,216,2.16,A679,2020,2,1,44,21,16,2
YC20:2234,2020-07-29,Height2,203,2.03,W603S,2020,2,1,140,15,16,15
YC20:2223,2020-07-29,Height2,224,2.24,A305,2020,2,1,14,16,16,26
YC20:2211,2020-07-29,Height2,174,1.74,W701BC,2020,2,1,10,13,16,38
YC20:2202,2020-07-29,Height2,230,2.3,2MA22,2020,2,1,202,15,16,47
YC20:2439,2020-07-29,Height2,200,2,PH207,2020,2,2,511,24,20,2
YC20:2456,2020-07-29,Height2,181,1.81,ND259,2020,2,2,291,18,21,16
YC20:2467,2020-07-29,Height2,262,2.62,B111,2020,2,2,298,23,21,27
YC20:2477,2020-07-29,Height2,192,1.92,H121,2020,2,2,315,17,21,37
YC20:2488,2020-07-29,Height2,214,2.14,NS701,2020,2,2,268,14,21,48
YC21:1097,2021-06-07,Height2,31,0.31,LH209,2021,1,1,169,23,3,1
YC21:1108,2021-06-07,Height2,24,0.24,PHW20,2021,1,1,33,18,3,12
YC21:1120,2021-06-07,Height2,25,0.25,LH145,2021,1,1,116,16,3,24
YC21:1132,2021-06-07,Height2,31,0.31,LH127,2021,1,1,226,15,3,36
YC21:1144,2021-06-07,Height2,21,0.21,MS225,2021,1,1,78,23,3,48
YC21:2057,2021-06-07,Height2,21,0.21,N6,2021,2,1,235,22,13,1
YC21:2068,2021-06-07,Height2,37,0.37,BO9,2021,2,1,156,26,13,12
YC21:2080,2021-06-07,Height2,42,0.42,LH166,2021,2,1,52,25,13,24
YC21:2092,2021-06-07,Height2,39,0.39,793,2021,2,1,37,21,13,36
YC21:2104,2021-06-07,Height2,30,0.3,MS71,2021,2,1,172,23,13,48
YC21:2440,2021-06-07,Height2,30,0.3,CQ702RC,2021,2,2,312,20,20,1
YC21:2429,2021-06-07,Height2,24,0.24,LH60,2021,2,2,342,27,20,12
YC21:2417,2021-06-07,Height2,16,0.16,INBRED 305,2021,2,2,420,21,20,24
YC21:2405,2021-06-07,Height2,43,0.43,PHBB3,2021,2,2,364,20,20,36
YC21:2393,2021-06-07,Height2,34,0.34,B75,2021,2,2,306,20,20,48
YC21:1097,2021-06-15,Height2,56,0.56,LH209,2021,1,1,169,23,3,1
YC21:1108,2021-06-15,Height2,40,0.4,PHW20,2021,1,1,33,18,3,12
YC21:1120,2021-06-15,Height2,55,0.55,LH145,2021,1,1,116,16,3,24
YC21:1132,2021-06-15,Height2,57,0.57,LH127,2021,1,1,226,15,3,36
YC21:1144,2021-06-15,Height2,44,0.44,MS225,2021,1,1,78,23,3,48
YC21:2057,2021-06-15,Height2,45,0.45,N6,2021,2,1,235,22,13,1
YC21:2068,2021-06-15,Height2,59,0.59,BO9,2021,2,1,156,26,13,12
YC21:2080,2021-06-15,Height2,59,0.59,LH166,2021,2,1,52,25,13,24
YC21:2092,2021-06-15,Height2,43,0.43,793,2021,2,1,37,21,13,36
YC21:2104,2021-06-15,Height2,44,0.44,MS71,2021,2,1,172,23,13,48
YC21:2440,2021-06-15,Height2,56,0.56,CQ702RC,2021,2,2,312,20,20,1
YC21:2429,2021-06-15,Height2,37,0.37,LH60,2021,2,2,342,27,20,12
YC21:2417,2021-06-15,Height2,34,0.34,INBRED 305,2021,2,2,420,21,20,24
YC21:2405,2021-06-15,Height2,68,0.68,PHBB3,2021,2,2,364,20,20,36
YC21:2393,2021-06-15,Height2,52,0.52,B75,2021,2,2,306,20,20,48
YC21:1097,2021-06-23,Height2,81,0.81,LH209,2021,1,1,169,23,3,1
YC21:1108,2021-06-23,Height2,62,0.62,PHW20,2021,1,1,33,18,3,12
YC21:1120,2021-06-23,Height2,75,0.75,LH145,2021,1,1,116,16,3,24
YC21:1132,2021-06-23,Height2,86,0.86,LH127,2021,1,1,226,15,3,36
YC21:1144,2021-06-23,Height2,80,0.8,MS225,2021,1,1,78,23,3,48
YC21:2057,2021-06-23,Height2,60,0.6,N6,2021,2,1,235,22,13,1
YC21:2068,2021-06-23,Height2,84,0.84,BO9,2021,2,1,156,26,13,12
YC21:2080,2021-06-23,Height2,91,0.91,LH166,2021,2,1,52,25,13,24
YC21:2092,2021-06-23,Height2,77,0.77,793,2021,2,1,37,21,13,36
YC21:2104,2021-06-23,Height2,81,0.81,MS71,2021,2,1,172,23,13,48
YC21:2440,2021-06-23,Height2,72,0.72,CQ702RC,2021,2,2,312,20,20,1
YC21:2429,2021-06-23,Height2,75,0.75,LH60,2021,2,2,342,27,20,12
YC21:2417,2021-06-23,Height2,63,0.63,INBRED 305,2021,2,2,420,21,20,24
YC21:2405,2021-06-23,Height2,93,0.93,PHBB3,2021,2,2,364,20,20,36
YC21:2393,2021-06-23,Height2,77,0.77,B75,2021,2,2,306,20,20,48
YC21:1097,2021-06-28,Height2,101,1.01,LH209,2021,1,1,169,23,3,1
YC21:1108,2021-06-28,Height2,103,1.03,PHW20,2021,1,1,33,18,3,12
YC21:1120,2021-06-28,Height2,118,1.18,LH145,2021,1,1,116,16,3,24
YC21:1132,2021-06-28,Height2,101,1.01,LH127,2021,1,1,226,15,3,36
YC21:1144,2021-06-28,Height2,105,1.05,MS225,2021,1,1,78,23,3,48
YC21:2057,2021-06-28,Height2,79,0.79,N6,2021,2,1,235,22,13,1
YC21:2068,2021-06-28,Height2,109,1.09,BO9,2021,2,1,156,26,13,12
YC21:2080,2021-06-28,Height2,119,1.19,LH166,2021,2,1,52,25,13,24
YC21:2092,2021-06-28,Height2,113,1.13,793,2021,2,1,37,21,13,36
YC21:2104,2021-06-28,Height2,109,1.09,MS71,2021,2,1,172,23,13,48
YC21:2440,2021-06-28,Height2,107,1.07,CQ702RC,2021,2,2,312,20,20,1
YC21:2429,2021-06-28,Height2,85,0.85,LH60,2021,2,2,342,27,20,12
YC21:2417,2021-06-28,Height2,81,0.81,INBRED 305,2021,2,2,420,21,20,24
YC21:2405,2021-06-28,Height2,125,1.25,PHBB3,2021,2,2,364,20,20,36
YC21:2393,2021-06-28,Height2,102,1.02,B75,2021,2,2,306,20,20,48
YC21:1097,2021-07-08,Height2,167,1.67,LH209,2021,1,1,169,23,3,1
YC21:1108,2021-07-08,Height2,151,1.51,PHW20,2021,1,1,33,18,3,12
YC21:1120,2021-07-08,Height2,156,1.56,LH145,2021,1,1,116,16,3,24
YC21:1132,2021-07-08,Height2,158,1.58,LH127,2021,1,1,226,15,3,36
YC21:1144,2021-07-08,Height2,153,1.53,MS225,2021,1,1,78,23,3,48
YC21:2057,2021-07-08,Height2,114,1.14,N6,2021,2,1,235,22,13,1
YC21:2068,2021-07-08,Height2,156,1.56,BO9,2021,2,1,156,26,13,12
YC21:2080,2021-07-08,Height2,150,1.5,LH166,2021,2,1,52,25,13,24
YC21:2092,2021-07-08,Height2,159,1.59,793,2021,2,1,37,21,13,36
YC21:2104,2021-07-08,Height2,159,1.59,MS71,2021,2,1,172,23,13,48
YC21:2440,2021-07-08,Height2,171,1.71,CQ702RC,2021,2,2,312,20,20,1
YC21:2429,2021-07-08,Height2,135,1.35,LH60,2021,2,2,342,27,20,12
YC21:2417,2021-07-08,Height2,118,1.18,INBRED 305,2021,2,2,420,21,20,24
YC21:2405,2021-07-08,Height2,158,1.58,PHBB3,2021,2,2,364,20,20,36
YC21:2393,2021-07-08,Height2,150,1.5,B75,2021,2,2,306,20,20,48
YC21:1097,2021-07-13,Height2,174,1.74,LH209,2021,1,1,169,23,3,1
YC21:1108,2021-07-13,Height2,183,1.83,PHW20,2021,1,1,33,18,3,12
YC21:1120,2021-07-13,Height2,177,1.77,LH145,2021,1,1,116,16,3,24
YC21:1132,2021-07-13,Height2,174,1.74,LH127,2021,1,1,226,15,3,36
YC21:1144,2021-07-13,Height2,171,1.71,MS225,2021,1,1,78,23,3,48
YC21:2057,2021-07-13,Height2,136,1.36,N6,2021,2,1,235,22,13,1
YC21:2068,2021-07-13,Height2,176,1.76,BO9,2021,2,1,156,26,13,12
YC21:2080,2021-07-13,Height2,184,1.84,LH166,2021,2,1,52,25,13,24
YC21:2092,2021-07-13,Height2,180,1.8,793,2021,2,1,37,21,13,36
YC21:2104,2021-07-13,Height2,166,1.66,MS71,2021,2,1,172,23,13,48
YC21:2440,2021-07-13,Height2,169,1.69,CQ702RC,2021,2,2,312,20,20,1
YC21:2429,2021-07-13,Height2,156,1.56,LH60,2021,2,2,342,27,20,12
YC21:2417,2021-07-13,Height2,136,1.36,INBRED 305,2021,2,2,420,21,20,24
YC21:2405,2021-07-13,Height2,168,1.68,PHBB3,2021,2,2,364,20,20,36
YC21:2393,2021-07-13,Height2,178,1.78,B75,2021,2,2,306,20,20,48
YC21:1097,2021-07-23,Height2,227,2.27,LH209,2021,1,1,169,23,3,1
YC21:1108,2021-07-23,Height2,233,2.33,PHW20,2021,1,1,33,18,3,12
YC21:1120,2021-07-23,Height2,195,1.95,LH145,2021,1,1,116,16,3,24
YC21:1132,2021-07-23,Height2,184,1.84,LH127,2021,1,1,226,15,3,36
YC21:1144,2021-07-23,Height2,193,1.93,MS225,2021,1,1,78,23,3,48
YC21:2057,2021-07-23,Height2,166,1.66,N6,2021,2,1,235,22,13,1
YC21:2068,2021-07-23,Height2,196,1.96,BO9,2021,2,1,156,26,13,12
YC21:2080,2021-07-23,Height2,212,2.12,LH166,2021,2,1,52,25,13,24
YC21:2092,2021-07-23,Height2,203,2.03,793,2021,2,1,37,21,13,36
YC21:2104,2021-07-23,Height2,187,1.87,MS71,2021,2,1,172,23,13,48
YC21:2440,2021-07-23,Height2,235,2.35,CQ702RC,2021,2,2,312,20,20,1
YC21:2429,2021-07-23,Height2,235,2.35,LH60,2021,2,2,342,27,20,12
YC21:2417,2021-07-23,Height2,164,1.64,INBRED 305,2021,2,2,420,21,20,24
YC21:2405,2021-07-23,Height2,230,2.3,PHBB3,2021,2,2,364,20,20,36
YC21:2393,2021-07-23,Height2,227,2.27,B75,2021,2,2,306,20,20,48
YC21:1097,2021-08-06,Height2,227,2.27,LH209,2021,1,1,169,23,3,1
YC21:1108,2021-08-06,Height2,227,2.27,PHW20,2021,1,1,33,18,3,12
YC21:1120,2021-08-06,Height2,201,2.01,LH145,2021,1,1,116,16,3,24
YC21:1132,2021-08-06,Height2,191,1.91,LH127,2021,1,1,226,15,3,36
YC21:1144,2021-08-06,Height2,199,1.99,MS225,2021,1,1,78,23,3,48
YC21:2057,2021-08-06,Height2,150,1.5,N6,2021,2,1,235,22,13,1
YC21:2068,2021-08-06,Height2,194,1.94,BO9,2021,2,1,156,26,13,12
YC21:2080,2021-08-06,Height2,194,1.94,LH166,2021,2,1,52,25,13,24
YC21:2092,2021-08-06,Height2,200,2,793,2021,2,1,37,21,13,36
YC21:2104,2021-08-06,Height2,195,1.95,MS71,2021,2,1,172,23,13,48
YC21:2440,2021-08-06,Height2,224,2.24,CQ702RC,2021,2,2,312,20,20,1
YC21:2429,2021-08-06,Height2,230,2.3,LH60,2021,2,2,342,27,20,12
YC21:2417,2021-08-06,Height2,177,1.77,INBRED 305,2021,2,2,420,21,20,24
YC21:2405,2021-08-06,Height2,228,2.28,PHBB3,2021,2,2,364,20,20,36
YC21:2393,2021-08-06,Height2,213,2.13,B75,2021,2,2,306,20,20,48
YC20:1002,2020-06-03,Height3,16,0.16,MEF156-55-2,2020,1,1,124,19,1,2
YC20:1015,2020-06-03,Height3,8.5,0.085,PHN66,2020,1,1,183,16,1,15
YC20:1026,2020-06-03,Height3,12.5,0.125,PHG80,2020,1,1,241,24,1,26
YC20:1039,2020-06-03,Height3,13.5,0.135,LH145,2020,1,1,116,22,1,39
YC20:1047,2020-06-03,Height3,11.5,0.115,N6,2020,1,1,235,20,1,47
YC20:1287,2020-06-03,Height3,20,0.2,ND259,2020,1,2,267,18,6,2
YC20:1274,2020-06-03,Height3,8.5,0.085,PHV63,2020,1,2,505,21,6,15
YC20:1263,2020-06-03,Height3,16,0.16,4N506,2020,1,2,293,12,6,26
YC20:1251,2020-06-03,Height3,16,0.16,PHB09,2020,1,1,240,19,6,38
YC20:1242,2020-06-03,Height3,13,0.13,N201,2020,1,1,234,20,6,47
YC20:2055,2020-06-03,Height3,19,0.19,PHG86,2020,2,1,242,21,12,2
YC20:1495,2020-06-03,Height3,13.5,0.135,FR19,2020,1,2,413,15,11,15
YC20:1506,2020-06-03,Height3,15.5,0.155,B2,2020,1,2,475,23,11,26
YC20:1518,2020-06-03,Height3,7,0.07,PHW53,2020,1,2,447,17,11,38
YC20:2007,2020-06-03,Height3,15,0.15,SD101,2020,2,1,189,23,11,47
YC20:2247,2020-06-03,Height3,17,0.17,A679,2020,2,1,44,21,16,2
YC20:2234,2020-06-03,Height3,13.5,0.135,W603S,2020,2,1,140,15,16,15
YC20:2223,2020-06-03,Height3,17,0.17,A305,2020,2,1,14,16,16,26
YC20:2211,2020-06-03,Height3,17,0.17,W701BC,2020,2,1,10,13,16,38
YC20:2202,2020-06-03,Height3,12,0.12,2MA22,2020,2,1,202,15,16,47
YC20:2439,2020-06-03,Height3,13.5,0.135,PH207,2020,2,2,511,24,20,2
YC20:2456,2020-06-03,Height3,18,0.18,ND259,2020,2,2,291,18,21,16
YC20:2467,2020-06-03,Height3,18.5,0.185,B111,2020,2,2,298,23,21,27
YC20:2477,2020-06-03,Height3,10.5,0.105,H121,2020,2,2,315,17,21,37
YC20:2488,2020-06-03,Height3,21,0.21,NS701,2020,2,2,268,14,21,48
YC20:1002,2020-06-08,Height3,19,0.19,MEF156-55-2,2020,1,1,124,19,1,2
YC20:1015,2020-06-08,Height3,19,0.19,PHN66,2020,1,1,183,16,1,15
YC20:1026,2020-06-08,Height3,26.5,0.265,PHG80,2020,1,1,241,24,1,26
YC20:1039,2020-06-08,Height3,20,0.2,LH145,2020,1,1,116,22,1,39
YC20:1047,2020-06-08,Height3,19.5,0.195,N6,2020,1,1,235,20,1,47
YC20:1287,2020-06-08,Height3,28,0.28,ND259,2020,1,2,267,18,6,2
YC20:1274,2020-06-08,Height3,19,0.19,PHV63,2020,1,2,505,21,6,15
YC20:1263,2020-06-08,Height3,22.5,0.225,4N506,2020,1,2,293,12,6,26
YC20:1251,2020-06-08,Height3,28,0.28,PHB09,2020,1,1,240,19,6,38
YC20:1242,2020-06-08,Height3,19,0.19,N201,2020,1,1,234,20,6,47
YC20:2055,2020-06-08,Height3,26,0.26,PHG86,2020,2,1,242,21,12,2
YC20:1495,2020-06-08,Height3,25,0.25,FR19,2020,1,2,413,15,11,15
YC20:1506,2020-06-08,Height3,23,0.23,B2,2020,1,2,475,23,11,26
YC20:1518,2020-06-08,Height3,20,0.2,PHW53,2020,1,2,447,17,11,38
YC20:2007,2020-06-08,Height3,23,0.23,SD101,2020,2,1,189,23,11,47
YC20:2247,2020-06-08,Height3,28,0.28,A679,2020,2,1,44,21,16,2
YC20:2234,2020-06-08,Height3,24,0.24,W603S,2020,2,1,140,15,16,15
YC20:2223,2020-06-08,Height3,25,0.25,A305,2020,2,1,14,16,16,26
YC20:2211,2020-06-08,Height3,23,0.23,W701BC,2020,2,1,10,13,16,38
YC20:2202,2020-06-08,Height3,20,0.2,2MA22,2020,2,1,202,15,16,47
YC20:2439,2020-06-08,Height3,26,0.26,PH207,2020,2,2,511,24,20,2
YC20:2456,2020-06-08,Height3,28,0.28,ND259,2020,2,2,291,18,21,16
YC20:2467,2020-06-08,Height3,26,0.26,B111,2020,2,2,298,23,21,27
YC20:2477,2020-06-08,Height3,20,0.2,H121,2020,2,2,315,17,21,37
YC20:2488,2020-06-08,Height3,27,0.27,NS701,2020,2,2,268,14,21,48
YC20:1002,2020-06-16,Height3,36.5,0.365,MEF156-55-2,2020,1,1,124,19,1,2
YC20:1015,2020-06-16,Height3,37,0.37,PHN66,2020,1,1,183,16,1,15
YC20:1026,2020-06-16,Height3,46.5,0.465,PHG80,2020,1,1,241,24,1,26
YC20:1039,2020-06-16,Height3,49,0.49,LH145,2020,1,1,116,22,1,39
YC20:1047,2020-06-16,Height3,37,0.37,N6,2020,1,1,235,20,1,47
YC20:1287,2020-06-16,Height3,52,0.52,ND259,2020,1,2,267,18,6,2
YC20:1274,2020-06-16,Height3,36.5,0.365,PHV63,2020,1,2,505,21,6,15
YC20:1263,2020-06-16,Height3,41,0.41,4N506,2020,1,2,293,12,6,26
YC20:1251,2020-06-16,Height3,55,0.55,PHB09,2020,1,1,240,19,6,38
YC20:1242,2020-06-16,Height3,34.5,0.345,N201,2020,1,1,234,20,6,47
YC20:2055,2020-06-16,Height3,47.5,0.475,PHG86,2020,2,1,242,21,12,2
YC20:1495,2020-06-16,Height3,36.5,0.365,FR19,2020,1,2,413,15,11,15
YC20:1506,2020-06-16,Height3,40,0.4,B2,2020,1,2,475,23,11,26
YC20:1518,2020-06-16,Height3,35.5,0.355,PHW53,2020,1,2,447,17,11,38
YC20:2007,2020-06-16,Height3,40,0.4,SD101,2020,2,1,189,23,11,47
YC20:2247,2020-06-16,Height3,35.5,0.355,A679,2020,2,1,44,21,16,2
YC20:2234,2020-06-16,Height3,40.5,0.405,W603S,2020,2,1,140,15,16,15
YC20:2223,2020-06-16,Height3,36,0.36,A305,2020,2,1,14,16,16,26
YC20:2211,2020-06-16,Height3,40,0.4,W701BC,2020,2,1,10,13,16,38
YC20:2202,2020-06-16,Height3,40,0.4,2MA22,2020,2,1,202,15,16,47
YC20:2439,2020-06-16,Height3,37,0.37,PH207,2020,2,2,511,24,20,2
YC20:2456,2020-06-16,Height3,46.5,0.465,ND259,2020,2,2,291,18,21,16
YC20:2467,2020-06-16,Height3,47,0.47,B111,2020,2,2,298,23,21,27
YC20:2477,2020-06-16,Height3,42,0.42,H121,2020,2,2,315,17,21,37
YC20:2488,2020-06-16,Height3,35.5,0.355,NS701,2020,2,2,268,14,21,48
YC20:1002,2020-06-23,Height3,51,0.51,MEF156-55-2,2020,1,1,124,19,1,2
YC20:1015,2020-06-23,Height3,48,0.48,PHN66,2020,1,1,183,16,1,15
YC20:1026,2020-06-23,Height3,86,0.86,PHG80,2020,1,1,241,24,1,26
YC20:1039,2020-06-23,Height3,72,0.72,LH145,2020,1,1,116,22,1,39
YC20:1047,2020-06-23,Height3,51,0.51,N6,2020,1,1,235,20,1,47
YC20:1287,2020-06-23,Height3,72,0.72,ND259,2020,1,2,267,18,6,2
YC20:1274,2020-06-23,Height3,63,0.63,PHV63,2020,1,2,505,21,6,15
YC20:1263,2020-06-23,Height3,57,0.57,4N506,2020,1,2,293,12,6,26
YC20:1251,2020-06-23,Height3,59,0.59,PHB09,2020,1,1,240,19,6,38
YC20:1242,2020-06-23,Height3,52.5,0.525,N201,2020,1,1,234,20,6,47
YC20:2055,2020-06-23,Height3,69,0.69,PHG86,2020,2,1,242,21,12,2
YC20:1495,2020-06-23,Height3,59,0.59,FR19,2020,1,2,413,15,11,15
YC20:1506,2020-06-23,Height3,55,0.55,B2,2020,1,2,475,23,11,26
YC20:1518,2020-06-23,Height3,52,0.52,PHW53,2020,1,2,447,17,11,38
YC20:2007,2020-06-23,Height3,60,0.6,SD101,2020,2,1,189,23,11,47
YC20:2247,2020-06-23,Height3,63,0.63,A679,2020,2,1,44,21,16,2
YC20:2234,2020-06-23,Height3,62,0.62,W603S,2020,2,1,140,15,16,15
YC20:2223,2020-06-23,Height3,62,0.62,A305,2020,2,1,14,16,16,26
YC20:2211,2020-06-23,Height3,61,0.61,W701BC,2020,2,1,10,13,16,38
YC20:2202,2020-06-23,Height3,60,0.6,2MA22,2020,2,1,202,15,16,47
YC20:2439,2020-06-23,Height3,70,0.7,PH207,2020,2,2,511,24,20,2
YC20:2456,2020-06-23,Height3,69,0.69,ND259,2020,2,2,291,18,21,16
YC20:2467,2020-06-23,Height3,73,0.73,B111,2020,2,2,298,23,21,27
YC20:2477,2020-06-23,Height3,62,0.62,H121,2020,2,2,315,17,21,37
YC20:2488,2020-06-23,Height3,61,0.61,NS701,2020,2,2,268,14,21,48
YC20:1002,2020-07-01,Height3,95,0.95,MEF156-55-2,2020,1,1,124,19,1,2
YC20:1015,2020-07-01,Height3,100,1,PHN66,2020,1,1,183,16,1,15
YC20:1026,2020-07-01,Height3,120,1.2,PHG80,2020,1,1,241,24,1,26
YC20:1039,2020-07-01,Height3,105,1.05,LH145,2020,1,1,116,22,1,39
YC20:1047,2020-07-01,Height3,103,1.03,N6,2020,1,1,235,20,1,47
YC20:1287,2020-07-01,Height3,116,1.16,ND259,2020,1,2,267,18,6,2
YC20:1274,2020-07-01,Height3,85,0.85,PHV63,2020,1,2,505,21,6,15
YC20:1263,2020-07-01,Height3,108,1.08,4N506,2020,1,2,293,12,6,26
YC20:1251,2020-07-01,Height3,114,1.14,PHB09,2020,1,1,240,19,6,38
YC20:1242,2020-07-01,Height3,100,1,N201,2020,1,1,234,20,6,47
YC20:2055,2020-07-01,Height3,104,1.04,PHG86,2020,2,1,242,21,12,2
YC20:1495,2020-07-01,Height3,97,0.97,FR19,2020,1,2,413,15,11,15
YC20:1506,2020-07-01,Height3,90,0.9,B2,2020,1,2,475,23,11,26
YC20:1518,2020-07-01,Height3,85,0.85,PHW53,2020,1,2,447,17,11,38
YC20:2007,2020-07-01,Height3,90,0.9,SD101,2020,2,1,189,23,11,47
YC20:2247,2020-07-01,Height3,119,1.19,A679,2020,2,1,44,21,16,2
YC20:2234,2020-07-01,Height3,105,1.05,W603S,2020,2,1,140,15,16,15
YC20:2223,2020-07-01,Height3,117,1.17,A305,2020,2,1,14,16,16,26
YC20:2211,2020-07-01,Height3,95,0.95,W701BC,2020,2,1,10,13,16,38
YC20:2202,2020-07-01,Height3,105,1.05,2MA22,2020,2,1,202,15,16,47
YC20:2439,2020-07-01,Height3,114,1.14,PH207,2020,2,2,511,24,20,2
YC20:2456,2020-07-01,Height3,115,1.15,ND259,2020,2,2,291,18,21,16
YC20:2467,2020-07-01,Height3,118,1.18,B111,2020,2,2,298,23,21,27
YC20:2477,2020-07-01,Height3,100,1,H121,2020,2,2,315,17,21,37
YC20:2488,2020-07-01,Height3,110,1.1,NS701,2020,2,2,268,14,21,48
YC20:1002,2020-07-08,Height3,164,1.64,MEF156-55-2,2020,1,1,124,19,1,2
YC20:1015,2020-07-08,Height3,159,1.59,PHN66,2020,1,1,183,16,1,15
YC20:1026,2020-07-08,Height3,167,1.67,PHG80,2020,1,1,241,24,1,26
YC20:1039,2020-07-08,Height3,163,1.63,LH145,2020,1,1,116,22,1,39
YC20:1047,2020-07-08,Height3,158,1.58,N6,2020,1,1,235,20,1,47
YC20:1287,2020-07-08,Height3,176,1.76,ND259,2020,1,2,267,18,6,2
YC20:1274,2020-07-08,Height3,136,1.36,PHV63,2020,1,2,505,21,6,15
YC20:1263,2020-07-08,Height3,176,1.76,4N506,2020,1,2,293,12,6,26
YC20:1251,2020-07-08,Height3,161,1.61,PHB09,2020,1,1,240,19,6,38
YC20:1242,2020-07-08,Height3,167,1.67,N201,2020,1,1,234,20,6,47
YC20:2055,2020-07-08,Height3,178,1.78,PHG86,2020,2,1,242,21,12,2
YC20:1495,2020-07-08,Height3,145,1.45,FR19,2020,1,2,413,15,11,15
YC20:1506,2020-07-08,Height3,123,1.23,B2,2020,1,2,475,23,11,26
YC20:1518,2020-07-08,Height3,126,1.26,PHW53,2020,1,2,447,17,11,38
YC20:2007,2020-07-08,Height3,128,1.28,SD101,2020,2,1,189,23,11,47
YC20:2247,2020-07-08,Height3,180,1.8,A679,2020,2,1,44,21,16,2
YC20:2234,2020-07-08,Height3,154,1.54,W603S,2020,2,1,140,15,16,15
YC20:2223,2020-07-08,Height3,182,1.82,A305,2020,2,1,14,16,16,26
YC20:2211,2020-07-08,Height3,135,1.35,W701BC,2020,2,1,10,13,16,38
YC20:2202,2020-07-08,Height3,158,1.58,2MA22,2020,2,1,202,15,16,47
YC20:2439,2020-07-08,Height3,169,1.69,PH207,2020,2,2,511,24,20,2
YC20:2456,2020-07-08,Height3,168,1.68,ND259,2020,2,2,291,18,21,16
YC20:2467,2020-07-08,Height3,181,1.81,B111,2020,2,2,298,23,21,27
YC20:2477,2020-07-08,Height3,148,1.48,H121,2020,2,2,315,17,21,37
YC20:2488,2020-07-08,Height3,148,1.48,NS701,2020,2,2,268,14,21,48
YC20:1002,2020-07-13,Height3,200,2,MEF156-55-2,2020,1,1,124,19,1,2
YC20:1015,2020-07-13,Height3,189,1.89,PHN66,2020,1,1,183,16,1,15
YC20:1026,2020-07-13,Height3,179,1.79,PHG80,2020,1,1,241,24,1,26
YC20:1039,2020-07-13,Height3,197,1.97,LH145,2020,1,1,116,22,1,39
YC20:1047,2020-07-13,Height3,172,1.72,N6,2020,1,1,235,20,1,47
YC20:1287,2020-07-13,Height3,190,1.9,ND259,2020,1,2,267,18,6,2
YC20:1274,2020-07-13,Height3,174,1.74,PHV63,2020,1,2,505,21,6,15
YC20:1263,2020-07-13,Height3,196,1.96,4N506,2020,1,2,293,12,6,26
YC20:1251,2020-07-13,Height3,188,1.88,PHB09,2020,1,1,240,19,6,38
YC20:1242,2020-07-13,Height3,187,1.87,N201,2020,1,1,234,20,6,47
YC20:2055,2020-07-13,Height3,192,1.92,PHG86,2020,2,1,242,21,12,2
YC20:1495,2020-07-13,Height3,167,1.67,FR19,2020,1,2,413,15,11,15
YC20:1506,2020-07-13,Height3,158,1.58,B2,2020,1,2,475,23,11,26
YC20:1518,2020-07-13,Height3,145,1.45,PHW53,2020,1,2,447,17,11,38
YC20:2007,2020-07-13,Height3,177,1.77,SD101,2020,2,1,189,23,11,47
YC20:2247,2020-07-13,Height3,193,1.93,A679,2020,2,1,44,21,16,2
YC20:2234,2020-07-13,Height3,170,1.7,W603S,2020,2,1,140,15,16,15
YC20:2223,2020-07-13,Height3,212,2.12,A305,2020,2,1,14,16,16,26
YC20:2211,2020-07-13,Height3,164,1.64,W701BC,2020,2,1,10,13,16,38
YC20:2202,2020-07-13,Height3,182,1.82,2MA22,2020,2,1,202,15,16,47
YC20:2439,2020-07-13,Height3,186,1.86,PH207,2020,2,2,511,24,20,2
YC20:2456,2020-07-13,Height3,175,1.75,ND259,2020,2,2,291,18,21,16
YC20:2467,2020-07-13,Height3,216,2.16,B111,2020,2,2,298,23,21,27
YC20:2477,2020-07-13,Height3,168,1.68,H121,2020,2,2,315,17,21,37
YC20:2488,2020-07-13,Height3,184,1.84,NS701,2020,2,2,268,14,21,48
YC20:1002,2020-07-22,Height3,205,2.05,MEF156-55-2,2020,1,1,124,19,1,2
YC20:1015,2020-07-22,Height3,215,2.15,PHN66,2020,1,1,183,16,1,15
YC20:1026,2020-07-22,Height3,212,2.12,PHG80,2020,1,1,241,24,1,26
YC20:1039,2020-07-22,Height3,226,2.26,LH145,2020,1,1,116,22,1,39
YC20:1047,2020-07-22,Height3,193,1.93,N6,2020,1,1,235,20,1,47
YC20:1287,2020-07-22,Height3,195,1.95,ND259,2020,1,2,267,18,6,2
YC20:1274,2020-07-22,Height3,217,2.17,PHV63,2020,1,2,505,21,6,15
YC20:1263,2020-07-22,Height3,224,2.24,4N506,2020,1,2,293,12,6,26
YC20:1251,2020-07-22,Height3,205,2.05,PHB09,2020,1,1,240,19,6,38
YC20:1242,2020-07-22,Height3,226,2.26,N201,2020,1,1,234,20,6,47
YC20:2055,2020-07-22,Height3,231,2.31,PHG86,2020,2,1,242,21,12,2
YC20:1495,2020-07-22,Height3,196,1.96,FR19,2020,1,2,413,15,11,15
YC20:1506,2020-07-22,Height3,204,2.04,B2,2020,1,2,475,23,11,26
YC20:1518,2020-07-22,Height3,182,1.82,PHW53,2020,1,2,447,17,11,38
YC20:2007,2020-07-22,Height3,182,1.82,SD101,2020,2,1,189,23,11,47
YC20:2247,2020-07-22,Height3,227,2.27,A679,2020,2,1,44,21,16,2
YC20:2234,2020-07-22,Height3,185,1.85,W603S,2020,2,1,140,15,16,15
YC20:2223,2020-07-22,Height3,220,2.2,A305,2020,2,1,14,16,16,26
YC20:2211,2020-07-22,Height3,180,1.8,W701BC,2020,2,1,10,13,16,38
YC20:2202,2020-07-22,Height3,205,2.05,2MA22,2020,2,1,202,15,16,47
YC20:2439,2020-07-22,Height3,206,2.06,PH207,2020,2,2,511,24,20,2
YC20:2456,2020-07-22,Height3,196,1.96,ND259,2020,2,2,291,18,21,16
YC20:2467,2020-07-22,Height3,255,2.55,B111,2020,2,2,298,23,21,27
YC20:2477,2020-07-22,Height3,200,2,H121,2020,2,2,315,17,21,37
YC20:2488,2020-07-22,Height3,209,2.09,NS701,2020,2,2,268,14,21,48
YC20:1002,2020-07-29,Height3,206,2.06,MEF156-55-2,2020,1,1,124,19,1,2
YC20:1015,2020-07-29,Height3,228,2.28,PHN66,2020,1,1,183,16,1,15
YC20:1026,2020-07-29,Height3,222,2.22,PHG80,2020,1,1,241,24,1,26
YC20:1039,2020-07-29,Height3,233,2.33,LH145,2020,1,1,116,22,1,39
YC20:1047,2020-07-29,Height3,213,2.13,N6,2020,1,1,235,20,1,47
YC20:1287,2020-07-29,Height3,198,1.98,ND259,2020,1,2,267,18,6,2
YC20:1274,2020-07-29,Height3,209,2.09,PHV63,2020,1,2,505,21,6,15
YC20:1263,2020-07-29,Height3,257,2.57,4N506,2020,1,2,293,12,6,26
YC20:1251,2020-07-29,Height3,204,2.04,PHB09,2020,1,1,240,19,6,38
YC20:1242,2020-07-29,Height3,239,2.39,N201,2020,1,1,234,20,6,47
YC20:2055,2020-07-29,Height3,235,2.35,PHG86,2020,2,1,242,21,12,2
YC20:1495,2020-07-29,Height3,182,1.82,FR19,2020,1,2,413,15,11,15
YC20:1506,2020-07-29,Height3,210,2.1,B2,2020,1,2,475,23,11,26
YC20:1518,2020-07-29,Height3,185,1.85,PHW53,2020,1,2,447,17,11,38
YC20:2007,2020-07-29,Height3,183,1.83,SD101,2020,2,1,189,23,11,47
YC20:2247,2020-07-29,Height3,233,2.33,A679,2020,2,1,44,21,16,2
YC20:2234,2020-07-29,Height3,164,1.64,W603S,2020,2,1,140,15,16,15
YC20:2223,2020-07-29,Height3,223,2.23,A305,2020,2,1,14,16,16,26
YC20:2211,2020-07-29,Height3,178,1.78,W701BC,2020,2,1,10,13,16,38
YC20:2202,2020-07-29,Height3,225,2.25,2MA22,2020,2,1,202,15,16,47
YC20:2439,2020-07-29,Height3,216,2.16,PH207,2020,2,2,511,24,20,2
YC20:2456,2020-07-29,Height3,196,1.96,ND259,2020,2,2,291,18,21,16
YC20:2467,2020-07-29,Height3,262,2.62,B111,2020,2,2,298,23,21,27
YC20:2477,2020-07-29,Height3,205,2.05,H121,2020,2,2,315,17,21,37
YC20:2488,2020-07-29,Height3,230,2.3,NS701,2020,2,2,268,14,21,48
YC21:1097,2021-06-07,Height3,32,0.32,LH209,2021,1,1,169,23,3,1
YC21:1108,2021-06-07,Height3,23,0.23,PHW20,2021,1,1,33,18,3,12
YC21:1120,2021-06-07,Height3,35,0.35,LH145,2021,1,1,116,16,3,24
YC21:1132,2021-06-07,Height3,37,0.37,LH127,2021,1,1,226,15,3,36
YC21:1144,2021-06-07,Height3,23,0.23,MS225,2021,1,1,78,23,3,48
YC21:2057,2021-06-07,Height3,20,0.2,N6,2021,2,1,235,22,13,1
YC21:2068,2021-06-07,Height3,37,0.37,BO9,2021,2,1,156,26,13,12
YC21:2080,2021-06-07,Height3,37,0.37,LH166,2021,2,1,52,25,13,24
YC21:2092,2021-06-07,Height3,38,0.38,793,2021,2,1,37,21,13,36
YC21:2104,2021-06-07,Height3,23,0.23,MS71,2021,2,1,172,23,13,48
YC21:2440,2021-06-07,Height3,33,0.33,CQ702RC,2021,2,2,312,20,20,1
YC21:2429,2021-06-07,Height3,24,0.24,LH60,2021,2,2,342,27,20,12
YC21:2417,2021-06-07,Height3,18,0.18,INBRED 305,2021,2,2,420,21,20,24
YC21:2405,2021-06-07,Height3,36,0.36,PHBB3,2021,2,2,364,20,20,36
YC21:2393,2021-06-07,Height3,32,0.32,B75,2021,2,2,306,20,20,48
YC21:1097,2021-06-15,Height3,52,0.52,LH209,2021,1,1,169,23,3,1
YC21:1108,2021-06-15,Height3,39,0.39,PHW20,2021,1,1,33,18,3,12
YC21:1120,2021-06-15,Height3,65,0.65,LH145,2021,1,1,116,16,3,24
YC21:1132,2021-06-15,Height3,63,0.63,LH127,2021,1,1,226,15,3,36
YC21:1144,2021-06-15,Height3,49,0.49,MS225,2021,1,1,78,23,3,48
YC21:2057,2021-06-15,Height3,42,0.42,N6,2021,2,1,235,22,13,1
YC21:2068,2021-06-15,Height3,56,0.56,BO9,2021,2,1,156,26,13,12
YC21:2080,2021-06-15,Height3,55,0.55,LH166,2021,2,1,52,25,13,24
YC21:2092,2021-06-15,Height3,52,0.52,793,2021,2,1,37,21,13,36
YC21:2104,2021-06-15,Height3,46,0.46,MS71,2021,2,1,172,23,13,48
YC21:2440,2021-06-15,Height3,51,0.51,CQ702RC,2021,2,2,312,20,20,1
YC21:2429,2021-06-15,Height3,48,0.48,LH60,2021,2,2,342,27,20,12
YC21:2417,2021-06-15,Height3,44,0.44,INBRED 305,2021,2,2,420,21,20,24
YC21:2405,2021-06-15,Height3,73,0.73,PHBB3,2021,2,2,364,20,20,36
YC21:2393,2021-06-15,Height3,51,0.51,B75,2021,2,2,306,20,20,48
YC21:1097,2021-06-23,Height3,73,0.73,LH209,2021,1,1,169,23,3,1
YC21:1108,2021-06-23,Height3,74,0.74,PHW20,2021,1,1,33,18,3,12
YC21:1120,2021-06-23,Height3,89,0.89,LH145,2021,1,1,116,16,3,24
YC21:1132,2021-06-23,Height3,83,0.83,LH127,2021,1,1,226,15,3,36
YC21:1144,2021-06-23,Height3,73,0.73,MS225,2021,1,1,78,23,3,48
YC21:2057,2021-06-23,Height3,67,0.67,N6,2021,2,1,235,22,13,1
YC21:2068,2021-06-23,Height3,83,0.83,BO9,2021,2,1,156,26,13,12
YC21:2080,2021-06-23,Height3,85,0.85,LH166,2021,2,1,52,25,13,24
YC21:2092,2021-06-23,Height3,90,0.9,793,2021,2,1,37,21,13,36
YC21:2104,2021-06-23,Height3,81,0.81,MS71,2021,2,1,172,23,13,48
YC21:2440,2021-06-23,Height3,67,0.67,CQ702RC,2021,2,2,312,20,20,1
YC21:2429,2021-06-23,Height3,71,0.71,LH60,2021,2,2,342,27,20,12
YC21:2417,2021-06-23,Height3,61,0.61,INBRED 305,2021,2,2,420,21,20,24
YC21:2405,2021-06-23,Height3,96,0.96,PHBB3,2021,2,2,364,20,20,36
YC21:2393,2021-06-23,Height3,84,0.84,B75,2021,2,2,306,20,20,48
YC21:1097,2021-06-28,Height3,99,0.99,LH209,2021,1,1,169,23,3,1
YC21:1108,2021-06-28,Height3,106,1.06,PHW20,2021,1,1,33,18,3,12
YC21:1120,2021-06-28,Height3,117,1.17,LH145,2021,1,1,116,16,3,24
YC21:1132,2021-06-28,Height3,115,1.15,LH127,2021,1,1,226,15,3,36
YC21:1144,2021-06-28,Height3,105,1.05,MS225,2021,1,1,78,23,3,48
YC21:2057,2021-06-28,Height3,80,0.8,N6,2021,2,1,235,22,13,1
YC21:2068,2021-06-28,Height3,102,1.02,BO9,2021,2,1,156,26,13,12
YC21:2080,2021-06-28,Height3,114,1.14,LH166,2021,2,1,52,25,13,24
YC21:2092,2021-06-28,Height3,100,1,793,2021,2,1,37,21,13,36
YC21:2104,2021-06-28,Height3,112,1.12,MS71,2021,2,1,172,23,13,48
YC21:2440,2021-06-28,Height3,97,0.97,CQ702RC,2021,2,2,312,20,20,1
YC21:2429,2021-06-28,Height3,90,0.9,LH60,2021,2,2,342,27,20,12
YC21:2417,2021-06-28,Height3,81,0.81,INBRED 305,2021,2,2,420,21,20,24
YC21:2405,2021-06-28,Height3,118,1.18,PHBB3,2021,2,2,364,20,20,36
YC21:2393,2021-06-28,Height3,106,1.06,B75,2021,2,2,306,20,20,48
YC21:1097,2021-07-08,Height3,156,1.56,LH209,2021,1,1,169,23,3,1
YC21:1108,2021-07-08,Height3,157,1.57,PHW20,2021,1,1,33,18,3,12
YC21:1120,2021-07-08,Height3,165,1.65,LH145,2021,1,1,116,16,3,24
YC21:1132,2021-07-08,Height3,159,1.59,LH127,2021,1,1,226,15,3,36
YC21:1144,2021-07-08,Height3,165,1.65,MS225,2021,1,1,78,23,3,48
YC21:2057,2021-07-08,Height3,113,1.13,N6,2021,2,1,235,22,13,1
YC21:2068,2021-07-08,Height3,156,1.56,BO9,2021,2,1,156,26,13,12
YC21:2080,2021-07-08,Height3,158,1.58,LH166,2021,2,1,52,25,13,24
YC21:2092,2021-07-08,Height3,145,1.45,793,2021,2,1,37,21,13,36
YC21:2104,2021-07-08,Height3,159,1.59,MS71,2021,2,1,172,23,13,48
YC21:2440,2021-07-08,Height3,144,1.44,CQ702RC,2021,2,2,312,20,20,1
YC21:2429,2021-07-08,Height3,143,1.43,LH60,2021,2,2,342,27,20,12
YC21:2417,2021-07-08,Height3,128,1.28,INBRED 305,2021,2,2,420,21,20,24
YC21:2405,2021-07-08,Height3,149,1.49,PHBB3,2021,2,2,364,20,20,36
YC21:2393,2021-07-08,Height3,167,1.67,B75,2021,2,2,306,20,20,48
YC21:1097,2021-07-13,Height3,177,1.77,LH209,2021,1,1,169,23,3,1
YC21:1108,2021-07-13,Height3,171,1.71,PHW20,2021,1,1,33,18,3,12
YC21:1120,2021-07-13,Height3,160,1.6,LH145,2021,1,1,116,16,3,24
YC21:1132,2021-07-13,Height3,156,1.56,LH127,2021,1,1,226,15,3,36
YC21:1144,2021-07-13,Height3,175,1.75,MS225,2021,1,1,78,23,3,48
YC21:2057,2021-07-13,Height3,138,1.38,N6,2021,2,1,235,22,13,1
YC21:2068,2021-07-13,Height3,168,1.68,BO9,2021,2,1,156,26,13,12
YC21:2080,2021-07-13,Height3,162,1.62,LH166,2021,2,1,52,25,13,24
YC21:2092,2021-07-13,Height3,165,1.65,793,2021,2,1,37,21,13,36
YC21:2104,2021-07-13,Height3,173,1.73,MS71,2021,2,1,172,23,13,48
YC21:2440,2021-07-13,Height3,205,2.05,CQ702RC,2021,2,2,312,20,20,1
YC21:2429,2021-07-13,Height3,159,1.59,LH60,2021,2,2,342,27,20,12
YC21:2417,2021-07-13,Height3,153,1.53,INBRED 305,2021,2,2,420,21,20,24
YC21:2405,2021-07-13,Height3,174,1.74,PHBB3,2021,2,2,364,20,20,36
YC21:2393,2021-07-13,Height3,197,1.97,B75,2021,2,2,306,20,20,48
YC21:1097,2021-07-23,Height3,198,1.98,LH209,2021,1,1,169,23,3,1
YC21:1108,2021-07-23,Height3,217,2.17,PHW20,2021,1,1,33,18,3,12
YC21:1120,2021-07-23,Height3,196,1.96,LH145,2021,1,1,116,16,3,24
YC21:1132,2021-07-23,Height3,211,2.11,LH127,2021,1,1,226,15,3,36
YC21:1144,2021-07-23,Height3,204,2.04,MS225,2021,1,1,78,23,3,48
YC21:2057,2021-07-23,Height3,144,1.44,N6,2021,2,1,235,22,13,1
YC21:2068,2021-07-23,Height3,196,1.96,BO9,2021,2,1,156,26,13,12
YC21:2080,2021-07-23,Height3,183,1.83,LH166,2021,2,1,52,25,13,24
YC21:2092,2021-07-23,Height3,189,1.89,793,2021,2,1,37,21,13,36
YC21:2104,2021-07-23,Height3,187,1.87,MS71,2021,2,1,172,23,13,48
YC21:2440,2021-07-23,Height3,246,2.46,CQ702RC,2021,2,2,312,20,20,1
YC21:2429,2021-07-23,Height3,230,2.3,LH60,2021,2,2,342,27,20,12
YC21:2417,2021-07-23,Height3,173,1.73,INBRED 305,2021,2,2,420,21,20,24
YC21:2405,2021-07-23,Height3,233,2.33,PHBB3,2021,2,2,364,20,20,36
YC21:2393,2021-07-23,Height3,204,2.04,B75,2021,2,2,306,20,20,48
YC21:1097,2021-08-06,Height3,202,2.02,LH209,2021,1,1,169,23,3,1
YC21:1108,2021-08-06,Height3,225,2.25,PHW20,2021,1,1,33,18,3,12
YC21:1120,2021-08-06,Height3,195,1.95,LH145,2021,1,1,116,16,3,24
YC21:1132,2021-08-06,Height3,201,2.01,LH127,2021,1,1,226,15,3,36
YC21:1144,2021-08-06,Height3,201,2.01,MS225,2021,1,1,78,23,3,48
YC21:2057,2021-08-06,Height3,150,1.5,N6,2021,2,1,235,22,13,1
YC21:2068,2021-08-06,Height3,195,1.95,BO9,2021,2,1,156,26,13,12
YC21:2080,2021-08-06,Height3,184,1.84,LH166,2021,2,1,52,25,13,24
YC21:2092,2021-08-06,Height3,190,1.9,793,2021,2,1,37,21,13,36
YC21:2104,2021-08-06,Height3,188,1.88,MS71,2021,2,1,172,23,13,48
YC21:2440,2021-08-06,Height3,236,2.36,CQ702RC,2021,2,2,312,20,20,1
YC21:2429,2021-08-06,Height3,242,2.42,LH60,2021,2,2,342,27,20,12
YC21:2417,2021-08-06,Height3,184,1.84,INBRED 305,2021,2,2,420,21,20,24
YC21:2405,2021-08-06,Height3,216,2.16,PHBB3,2021,2,2,364,20,20,36
YC21:2393,2021-08-06,Height3,227,2.27,B75,2021,2,2,306,20,20,48
YC20:1002,2020-06-03,Height4,15.5,0.155,MEF156-55-2,2020,1,1,124,19,1,2
YC20:1015,2020-06-03,Height4,8,0.08,PHN66,2020,1,1,183,16,1,15
YC20:1026,2020-06-03,Height4,14,0.14,PHG80,2020,1,1,241,24,1,26
YC20:1039,2020-06-03,Height4,13,0.13,LH145,2020,1,1,116,22,1,39
YC20:1047,2020-06-03,Height4,12,0.12,N6,2020,1,1,235,20,1,47
YC20:1287,2020-06-03,Height4,21,0.21,ND259,2020,1,2,267,18,6,2
YC20:1274,2020-06-03,Height4,12,0.12,PHV63,2020,1,2,505,21,6,15
YC20:1263,2020-06-03,Height4,15.5,0.155,4N506,2020,1,2,293,12,6,26
YC20:1251,2020-06-03,Height4,20,0.2,PHB09,2020,1,1,240,19,6,38
YC20:1242,2020-06-03,Height4,12,0.12,N201,2020,1,1,234,20,6,47
YC20:2055,2020-06-03,Height4,19,0.19,PHG86,2020,2,1,242,21,12,2
YC20:1495,2020-06-03,Height4,13,0.13,FR19,2020,1,2,413,15,11,15
YC20:1506,2020-06-03,Height4,16,0.16,B2,2020,1,2,475,23,11,26
YC20:1518,2020-06-03,Height4,14,0.14,PHW53,2020,1,2,447,17,11,38
YC20:2007,2020-06-03,Height4,14,0.14,SD101,2020,2,1,189,23,11,47
YC20:2247,2020-06-03,Height4,14,0.14,A679,2020,2,1,44,21,16,2
YC20:2234,2020-06-03,Height4,11,0.11,W603S,2020,2,1,140,15,16,15
YC20:2223,2020-06-03,Height4,12.5,0.125,A305,2020,2,1,14,16,16,26
YC20:2211,2020-06-03,Height4,15,0.15,W701BC,2020,2,1,10,13,16,38
YC20:2202,2020-06-03,Height4,9.5,0.095,2MA22,2020,2,1,202,15,16,47
YC20:2439,2020-06-03,Height4,18,0.18,PH207,2020,2,2,511,24,20,2
YC20:2456,2020-06-03,Height4,17,0.17,ND259,2020,2,2,291,18,21,16
YC20:2467,2020-06-03,Height4,22,0.22,B111,2020,2,2,298,23,21,27
YC20:2477,2020-06-03,Height4,12.5,0.125,H121,2020,2,2,315,17,21,37
YC20:2488,2020-06-03,Height4,17,0.17,NS701,2020,2,2,268,14,21,48
YC20:1002,2020-06-08,Height4,22.5,0.225,MEF156-55-2,2020,1,1,124,19,1,2
YC20:1015,2020-06-08,Height4,16.5,0.165,PHN66,2020,1,1,183,16,1,15
YC20:1026,2020-06-08,Height4,24,0.24,PHG80,2020,1,1,241,24,1,26
YC20:1039,2020-06-08,Height4,25,0.25,LH145,2020,1,1,116,22,1,39
YC20:1047,2020-06-08,Height4,15.5,0.155,N6,2020,1,1,235,20,1,47
YC20:1287,2020-06-08,Height4,27.5,0.275,ND259,2020,1,2,267,18,6,2
YC20:1274,2020-06-08,Height4,19,0.19,PHV63,2020,1,2,505,21,6,15
YC20:1263,2020-06-08,Height4,22,0.22,4N506,2020,1,2,293,12,6,26
YC20:1251,2020-06-08,Height4,28,0.28,PHB09,2020,1,1,240,19,6,38
YC20:1242,2020-06-08,Height4,20,0.2,N201,2020,1,1,234,20,6,47
YC20:2055,2020-06-08,Height4,30,0.3,PHG86,2020,2,1,242,21,12,2
YC20:1495,2020-06-08,Height4,22.5,0.225,FR19,2020,1,2,413,15,11,15
YC20:1506,2020-06-08,Height4,28,0.28,B2,2020,1,2,475,23,11,26
YC20:1518,2020-06-08,Height4,21,0.21,PHW53,2020,1,2,447,17,11,38
YC20:2007,2020-06-08,Height4,20,0.2,SD101,2020,2,1,189,23,11,47
YC20:2247,2020-06-08,Height4,23,0.23,A679,2020,2,1,44,21,16,2
YC20:2234,2020-06-08,Height4,24,0.24,W603S,2020,2,1,140,15,16,15
YC20:2223,2020-06-08,Height4,21,0.21,A305,2020,2,1,14,16,16,26
YC20:2211,2020-06-08,Height4,24,0.24,W701BC,2020,2,1,10,13,16,38
YC20:2202,2020-06-08,Height4,17.5,0.175,2MA22,2020,2,1,202,15,16,47
YC20:2439,2020-06-08,Height4,32,0.32,PH207,2020,2,2,511,24,20,2
YC20:2456,2020-06-08,Height4,29,0.29,ND259,2020,2,2,291,18,21,16
YC20:2467,2020-06-08,Height4,24.5,0.245,B111,2020,2,2,298,23,21,27
YC20:2477,2020-06-08,Height4,18,0.18,H121,2020,2,2,315,17,21,37
YC20:2488,2020-06-08,Height4,22,0.22,NS701,2020,2,2,268,14,21,48
YC20:1002,2020-06-16,Height4,38,0.38,MEF156-55-2,2020,1,1,124,19,1,2
YC20:1015,2020-06-16,Height4,34.5,0.345,PHN66,2020,1,1,183,16,1,15
YC20:1026,2020-06-16,Height4,48.5,0.485,PHG80,2020,1,1,241,24,1,26
YC20:1039,2020-06-16,Height4,44.5,0.445,LH145,2020,1,1,116,22,1,39
YC20:1047,2020-06-16,Height4,29,0.29,N6,2020,1,1,235,20,1,47
YC20:1287,2020-06-16,Height4,47,0.47,ND259,2020,1,2,267,18,6,2
YC20:1274,2020-06-16,Height4,40,0.4,PHV63,2020,1,2,505,21,6,15
YC20:1263,2020-06-16,Height4,43,0.43,4N506,2020,1,2,293,12,6,26
YC20:1251,2020-06-16,Height4,45,0.45,PHB09,2020,1,1,240,19,6,38
YC20:1242,2020-06-16,Height4,36,0.36,N201,2020,1,1,234,20,6,47
YC20:2055,2020-06-16,Height4,55.5,0.555,PHG86,2020,2,1,242,21,12,2
YC20:1495,2020-06-16,Height4,38,0.38,FR19,2020,1,2,413,15,11,15
YC20:1506,2020-06-16,Height4,39,0.39,B2,2020,1,2,475,23,11,26
YC20:1518,2020-06-16,Height4,37.5,0.375,PHW53,2020,1,2,447,17,11,38
YC20:2007,2020-06-16,Height4,38.5,0.385,SD101,2020,2,1,189,23,11,47
YC20:2247,2020-06-16,Height4,51,0.51,A679,2020,2,1,44,21,16,2
YC20:2234,2020-06-16,Height4,38,0.38,W603S,2020,2,1,140,15,16,15
YC20:2223,2020-06-16,Height4,34.5,0.345,A305,2020,2,1,14,16,16,26
YC20:2211,2020-06-16,Height4,38,0.38,W701BC,2020,2,1,10,13,16,38
YC20:2202,2020-06-16,Height4,33.5,0.335,2MA22,2020,2,1,202,15,16,47
YC20:2439,2020-06-16,Height4,41,0.41,PH207,2020,2,2,511,24,20,2
YC20:2456,2020-06-16,Height4,43.5,0.435,ND259,2020,2,2,291,18,21,16
YC20:2467,2020-06-16,Height4,46,0.46,B111,2020,2,2,298,23,21,27
YC20:2477,2020-06-16,Height4,39,0.39,H121,2020,2,2,315,17,21,37
YC20:2488,2020-06-16,Height4,36,0.36,NS701,2020,2,2,268,14,21,48
YC20:1002,2020-06-23,Height4,54,0.54,MEF156-55-2,2020,1,1,124,19,1,2
YC20:1015,2020-06-23,Height4,54,0.54,PHN66,2020,1,1,183,16,1,15
YC20:1026,2020-06-23,Height4,80,0.8,PHG80,2020,1,1,241,24,1,26
YC20:1039,2020-06-23,Height4,66,0.66,LH145,2020,1,1,116,22,1,39
YC20:1047,2020-06-23,Height4,56,0.56,N6,2020,1,1,235,20,1,47
YC20:1287,2020-06-23,Height4,77,0.77,ND259,2020,1,2,267,18,6,2
YC20:1274,2020-06-23,Height4,63,0.63,PHV63,2020,1,2,505,21,6,15
YC20:1263,2020-06-23,Height4,60,0.6,4N506,2020,1,2,293,12,6,26
YC20:1251,2020-06-23,Height4,69,0.69,PHB09,2020,1,1,240,19,6,38
YC20:1242,2020-06-23,Height4,54,0.54,N201,2020,1,1,234,20,6,47
YC20:2055,2020-06-23,Height4,67,0.67,PHG86,2020,2,1,242,21,12,2
YC20:1495,2020-06-23,Height4,55,0.55,FR19,2020,1,2,413,15,11,15
YC20:1506,2020-06-23,Height4,59,0.59,B2,2020,1,2,475,23,11,26
YC20:1518,2020-06-23,Height4,60,0.6,PHW53,2020,1,2,447,17,11,38
YC20:2007,2020-06-23,Height4,62,0.62,SD101,2020,2,1,189,23,11,47
YC20:2247,2020-06-23,Height4,56,0.56,A679,2020,2,1,44,21,16,2
YC20:2234,2020-06-23,Height4,66,0.66,W603S,2020,2,1,140,15,16,15
YC20:2223,2020-06-23,Height4,56,0.56,A305,2020,2,1,14,16,16,26
YC20:2211,2020-06-23,Height4,64,0.64,W701BC,2020,2,1,10,13,16,38
YC20:2202,2020-06-23,Height4,57,0.57,2MA22,2020,2,1,202,15,16,47
YC20:2439,2020-06-23,Height4,75,0.75,PH207,2020,2,2,511,24,20,2
YC20:2456,2020-06-23,Height4,67,0.67,ND259,2020,2,2,291,18,21,16
YC20:2467,2020-06-23,Height4,65,0.65,B111,2020,2,2,298,23,21,27
YC20:2477,2020-06-23,Height4,57,0.57,H121,2020,2,2,315,17,21,37
YC20:2488,2020-06-23,Height4,51,0.51,NS701,2020,2,2,268,14,21,48
YC20:1002,2020-07-01,Height4,118,1.18,MEF156-55-2,2020,1,1,124,19,1,2
YC20:1015,2020-07-01,Height4,94,0.94,PHN66,2020,1,1,183,16,1,15
YC20:1026,2020-07-01,Height4,119,1.19,PHG80,2020,1,1,241,24,1,26
YC20:1039,2020-07-01,Height4,110,1.1,LH145,2020,1,1,116,22,1,39
YC20:1047,2020-07-01,Height4,95,0.95,N6,2020,1,1,235,20,1,47
YC20:1287,2020-07-01,Height4,125,1.25,ND259,2020,1,2,267,18,6,2
YC20:1274,2020-07-01,Height4,102,1.02,PHV63,2020,1,2,505,21,6,15
YC20:1263,2020-07-01,Height4,110,1.1,4N506,2020,1,2,293,12,6,26
YC20:1251,2020-07-01,Height4,105,1.05,PHB09,2020,1,1,240,19,6,38
YC20:1242,2020-07-01,Height4,90,0.9,N201,2020,1,1,234,20,6,47
YC20:2055,2020-07-01,Height4,130,1.3,PHG86,2020,2,1,242,21,12,2
YC20:1495,2020-07-01,Height4,94,0.94,FR19,2020,1,2,413,15,11,15
YC20:1506,2020-07-01,Height4,95,0.95,B2,2020,1,2,475,23,11,26
YC20:1518,2020-07-01,Height4,100,1,PHW53,2020,1,2,447,17,11,38
YC20:2007,2020-07-01,Height4,102,1.02,SD101,2020,2,1,189,23,11,47
YC20:2247,2020-07-01,Height4,125,1.25,A679,2020,2,1,44,21,16,2
YC20:2234,2020-07-01,Height4,104,1.04,W603S,2020,2,1,140,15,16,15
YC20:2223,2020-07-01,Height4,114,1.14,A305,2020,2,1,14,16,16,26
YC20:2211,2020-07-01,Height4,97,0.97,W701BC,2020,2,1,10,13,16,38
YC20:2202,2020-07-01,Height4,104,1.04,2MA22,2020,2,1,202,15,16,47
YC20:2439,2020-07-01,Height4,130,1.3,PH207,2020,2,2,511,24,20,2
YC20:2456,2020-07-01,Height4,119,1.19,ND259,2020,2,2,291,18,21,16
YC20:2467,2020-07-01,Height4,120,1.2,B111,2020,2,2,298,23,21,27
YC20:2477,2020-07-01,Height4,103,1.03,H121,2020,2,2,315,17,21,37
YC20:2488,2020-07-01,Height4,105,1.05,NS701,2020,2,2,268,14,21,48
YC20:1002,2020-07-08,Height4,172,1.72,MEF156-55-2,2020,1,1,124,19,1,2
YC20:1015,2020-07-08,Height4,149,1.49,PHN66,2020,1,1,183,16,1,15
YC20:1026,2020-07-08,Height4,149,1.49,PHG80,2020,1,1,241,24,1,26
YC20:1039,2020-07-08,Height4,175,1.75,LH145,2020,1,1,116,22,1,39
YC20:1047,2020-07-08,Height4,147,1.47,N6,2020,1,1,235,20,1,47
YC20:1287,2020-07-08,Height4,163,1.63,ND259,2020,1,2,267,18,6,2
YC20:1274,2020-07-08,Height4,152,1.52,PHV63,2020,1,2,505,21,6,15
YC20:1263,2020-07-08,Height4,176,1.76,4N506,2020,1,2,293,12,6,26
YC20:1251,2020-07-08,Height4,164,1.64,PHB09,2020,1,1,240,19,6,38
YC20:1242,2020-07-08,Height4,165,1.65,N201,2020,1,1,234,20,6,47
YC20:2055,2020-07-08,Height4,169,1.69,PHG86,2020,2,1,242,21,12,2
YC20:1495,2020-07-08,Height4,138,1.38,FR19,2020,1,2,413,15,11,15
YC20:1506,2020-07-08,Height4,126,1.26,B2,2020,1,2,475,23,11,26
YC20:1518,2020-07-08,Height4,135,1.35,PHW53,2020,1,2,447,17,11,38
YC20:2007,2020-07-08,Height4,139,1.39,SD101,2020,2,1,189,23,11,47
YC20:2247,2020-07-08,Height4,174,1.74,A679,2020,2,1,44,21,16,2
YC20:2234,2020-07-08,Height4,152,1.52,W603S,2020,2,1,140,15,16,15
YC20:2223,2020-07-08,Height4,158,1.58,A305,2020,2,1,14,16,16,26
YC20:2211,2020-07-08,Height4,131,1.31,W701BC,2020,2,1,10,13,16,38
YC20:2202,2020-07-08,Height4,159,1.59,2MA22,2020,2,1,202,15,16,47
YC20:2439,2020-07-08,Height4,154,1.54,PH207,2020,2,2,511,24,20,2
YC20:2456,2020-07-08,Height4,174,1.74,ND259,2020,2,2,291,18,21,16
YC20:2467,2020-07-08,Height4,190,1.9,B111,2020,2,2,298,23,21,27
YC20:2477,2020-07-08,Height4,143,1.43,H121,2020,2,2,315,17,21,37
YC20:2488,2020-07-08,Height4,152,1.52,NS701,2020,2,2,268,14,21,48
YC20:1002,2020-07-13,Height4,207,2.07,MEF156-55-2,2020,1,1,124,19,1,2
YC20:1015,2020-07-13,Height4,182,1.82,PHN66,2020,1,1,183,16,1,15
YC20:1026,2020-07-13,Height4,183,1.83,PHG80,2020,1,1,241,24,1,26
YC20:1039,2020-07-13,Height4,194,1.94,LH145,2020,1,1,116,22,1,39
YC20:1047,2020-07-13,Height4,180,1.8,N6,2020,1,1,235,20,1,47
YC20:1287,2020-07-13,Height4,182,1.82,ND259,2020,1,2,267,18,6,2
YC20:1274,2020-07-13,Height4,175,1.75,PHV63,2020,1,2,505,21,6,15
YC20:1263,2020-07-13,Height4,196,1.96,4N506,2020,1,2,293,12,6,26
YC20:1251,2020-07-13,Height4,195,1.95,PHB09,2020,1,1,240,19,6,38
YC20:1242,2020-07-13,Height4,189,1.89,N201,2020,1,1,234,20,6,47
YC20:2055,2020-07-13,Height4,193,1.93,PHG86,2020,2,1,242,21,12,2
YC20:1495,2020-07-13,Height4,184,1.84,FR19,2020,1,2,413,15,11,15
YC20:1506,2020-07-13,Height4,155,1.55,B2,2020,1,2,475,23,11,26
YC20:1518,2020-07-13,Height4,150,1.5,PHW53,2020,1,2,447,17,11,38
YC20:2007,2020-07-13,Height4,176,1.76,SD101,2020,2,1,189,23,11,47
YC20:2247,2020-07-13,Height4,210,2.1,A679,2020,2,1,44,21,16,2
YC20:2234,2020-07-13,Height4,171,1.71,W603S,2020,2,1,140,15,16,15
YC20:2223,2020-07-13,Height4,192,1.92,A305,2020,2,1,14,16,16,26
YC20:2211,2020-07-13,Height4,170,1.7,W701BC,2020,2,1,10,13,16,38
YC20:2202,2020-07-13,Height4,184,1.84,2MA22,2020,2,1,202,15,16,47
YC20:2439,2020-07-13,Height4,181,1.81,PH207,2020,2,2,511,24,20,2
YC20:2456,2020-07-13,Height4,185,1.85,ND259,2020,2,2,291,18,21,16
YC20:2467,2020-07-13,Height4,215,2.15,B111,2020,2,2,298,23,21,27
YC20:2477,2020-07-13,Height4,176,1.76,H121,2020,2,2,315,17,21,37
YC20:2488,2020-07-13,Height4,174,1.74,NS701,2020,2,2,268,14,21,48
YC20:1002,2020-07-22,Height4,216,2.16,MEF156-55-2,2020,1,1,124,19,1,2
YC20:1015,2020-07-22,Height4,205,2.05,PHN66,2020,1,1,183,16,1,15
YC20:1026,2020-07-22,Height4,214,2.14,PHG80,2020,1,1,241,24,1,26
YC20:1039,2020-07-22,Height4,212,2.12,LH145,2020,1,1,116,22,1,39
YC20:1047,2020-07-22,Height4,215,2.15,N6,2020,1,1,235,20,1,47
YC20:1287,2020-07-22,Height4,183,1.83,ND259,2020,1,2,267,18,6,2
YC20:1274,2020-07-22,Height4,211,2.11,PHV63,2020,1,2,505,21,6,15
YC20:1263,2020-07-22,Height4,238,2.38,4N506,2020,1,2,293,12,6,26
YC20:1251,2020-07-22,Height4,208,2.08,PHB09,2020,1,1,240,19,6,38
YC20:1242,2020-07-22,Height4,216,2.16,N201,2020,1,1,234,20,6,47
YC20:2055,2020-07-22,Height4,238,2.38,PHG86,2020,2,1,242,21,12,2
YC20:1495,2020-07-22,Height4,183,1.83,FR19,2020,1,2,413,15,11,15
YC20:1506,2020-07-22,Height4,196,1.96,B2,2020,1,2,475,23,11,26
YC20:1518,2020-07-22,Height4,184,1.84,PHW53,2020,1,2,447,17,11,38
YC20:2007,2020-07-22,Height4,181,1.81,SD101,2020,2,1,189,23,11,47
YC20:2247,2020-07-22,Height4,232,2.32,A679,2020,2,1,44,21,16,2
YC20:2234,2020-07-22,Height4,178,1.78,W603S,2020,2,1,140,15,16,15
YC20:2223,2020-07-22,Height4,231,2.31,A305,2020,2,1,14,16,16,26
YC20:2211,2020-07-22,Height4,179,1.79,W701BC,2020,2,1,10,13,16,38
YC20:2202,2020-07-22,Height4,200,2,2MA22,2020,2,1,202,15,16,47
YC20:2439,2020-07-22,Height4,192,1.92,PH207,2020,2,2,511,24,20,2
YC20:2456,2020-07-22,Height4,185,1.85,ND259,2020,2,2,291,18,21,16
YC20:2467,2020-07-22,Height4,250,2.5,B111,2020,2,2,298,23,21,27
YC20:2477,2020-07-22,Height4,202,2.02,H121,2020,2,2,315,17,21,37
YC20:2488,2020-07-22,Height4,214,2.14,NS701,2020,2,2,268,14,21,48
YC20:1002,2020-07-29,Height4,218,2.18,MEF156-55-2,2020,1,1,124,19,1,2
YC20:1015,2020-07-29,Height4,221,2.21,PHN66,2020,1,1,183,16,1,15
YC20:1026,2020-07-29,Height4,223,2.23,PHG80,2020,1,1,241,24,1,26
YC20:1039,2020-07-29,Height4,225,2.25,LH145,2020,1,1,116,22,1,39
YC20:1047,2020-07-29,Height4,215,2.15,N6,2020,1,1,235,20,1,47
YC20:1287,2020-07-29,Height4,196,1.96,ND259,2020,1,2,267,18,6,2
YC20:1274,2020-07-29,Height4,219,2.19,PHV63,2020,1,2,505,21,6,15
YC20:1263,2020-07-29,Height4,244,2.44,4N506,2020,1,2,293,12,6,26
YC20:1251,2020-07-29,Height4,210,2.1,PHB09,2020,1,1,240,19,6,38
YC20:1242,2020-07-29,Height4,241,2.41,N201,2020,1,1,234,20,6,47
YC20:2055,2020-07-29,Height4,226,2.26,PHG86,2020,2,1,242,21,12,2
YC20:1495,2020-07-29,Height4,188,1.88,FR19,2020,1,2,413,15,11,15
YC20:1506,2020-07-29,Height4,220,2.2,B2,2020,1,2,475,23,11,26
YC20:1518,2020-07-29,Height4,183,1.83,PHW53,2020,1,2,447,17,11,38
YC20:2007,2020-07-29,Height4,180,1.8,SD101,2020,2,1,189,23,11,47
YC20:2247,2020-07-29,Height4,234,2.34,A679,2020,2,1,44,21,16,2
YC20:2234,2020-07-29,Height4,177,1.77,W603S,2020,2,1,140,15,16,15
YC20:2223,2020-07-29,Height4,213,2.13,A305,2020,2,1,14,16,16,26
YC20:2211,2020-07-29,Height4,189,1.89,W701BC,2020,2,1,10,13,16,38
YC20:2202,2020-07-29,Height4,223,2.23,2MA22,2020,2,1,202,15,16,47
YC20:2439,2020-07-29,Height4,222,2.22,PH207,2020,2,2,511,24,20,2
YC20:2456,2020-07-29,Height4,185,1.85,ND259,2020,2,2,291,18,21,16
YC20:2467,2020-07-29,Height4,273,2.73,B111,2020,2,2,298,23,21,27
YC20:2477,2020-07-29,Height4,204,2.04,H121,2020,2,2,315,17,21,37
YC20:2488,2020-07-29,Height4,222,2.22,NS701,2020,2,2,268,14,21,48
YC21:1097,2021-06-07,Height4,35,0.35,LH209,2021,1,1,169,23,3,1
YC21:1108,2021-06-07,Height4,27,0.27,PHW20,2021,1,1,33,18,3,12
YC21:1120,2021-06-07,Height4,27,0.27,LH145,2021,1,1,116,16,3,24
YC21:1132,2021-06-07,Height4,36,0.36,LH127,2021,1,1,226,15,3,36
YC21:1144,2021-06-07,Height4,20,0.2,MS225,2021,1,1,78,23,3,48
YC21:2057,2021-06-07,Height4,18,0.18,N6,2021,2,1,235,22,13,1
YC21:2068,2021-06-07,Height4,36,0.36,BO9,2021,2,1,156,26,13,12
YC21:2080,2021-06-07,Height4,30,0.3,LH166,2021,2,1,52,25,13,24
YC21:2092,2021-06-07,Height4,32,0.32,793,2021,2,1,37,21,13,36
YC21:2104,2021-06-07,Height4,25,0.25,MS71,2021,2,1,172,23,13,48
YC21:2440,2021-06-07,Height4,29,0.29,CQ702RC,2021,2,2,312,20,20,1
YC21:2429,2021-06-07,Height4,35,0.35,LH60,2021,2,2,342,27,20,12
YC21:2417,2021-06-07,Height4,17,0.17,INBRED 305,2021,2,2,420,21,20,24
YC21:2405,2021-06-07,Height4,44,0.44,PHBB3,2021,2,2,364,20,20,36
YC21:2393,2021-06-07,Height4,32,0.32,B75,2021,2,2,306,20,20,48
YC21:1097,2021-06-15,Height4,53,0.53,LH209,2021,1,1,169,23,3,1
YC21:1108,2021-06-15,Height4,37,0.37,PHW20,2021,1,1,33,18,3,12
YC21:1120,2021-06-15,Height4,52,0.52,LH145,2021,1,1,116,16,3,24
YC21:1132,2021-06-15,Height4,62,0.62,LH127,2021,1,1,226,15,3,36
YC21:1144,2021-06-15,Height4,44,0.44,MS225,2021,1,1,78,23,3,48
YC21:2057,2021-06-15,Height4,36,0.36,N6,2021,2,1,235,22,13,1
YC21:2068,2021-06-15,Height4,55,0.55,BO9,2021,2,1,156,26,13,12
YC21:2080,2021-06-15,Height4,56,0.56,LH166,2021,2,1,52,25,13,24
YC21:2092,2021-06-15,Height4,51,0.51,793,2021,2,1,37,21,13,36
YC21:2104,2021-06-15,Height4,43,0.43,MS71,2021,2,1,172,23,13,48
YC21:2440,2021-06-15,Height4,53,0.53,CQ702RC,2021,2,2,312,20,20,1
YC21:2429,2021-06-15,Height4,47,0.47,LH60,2021,2,2,342,27,20,12
YC21:2417,2021-06-15,Height4,35,0.35,INBRED 305,2021,2,2,420,21,20,24
YC21:2405,2021-06-15,Height4,63,0.63,PHBB3,2021,2,2,364,20,20,36
YC21:2393,2021-06-15,Height4,42,0.42,B75,2021,2,2,306,20,20,48
YC21:1097,2021-06-23,Height4,79,0.79,LH209,2021,1,1,169,23,3,1
YC21:1108,2021-06-23,Height4,63,0.63,PHW20,2021,1,1,33,18,3,12
YC21:1120,2021-06-23,Height4,99,0.99,LH145,2021,1,1,116,16,3,24
YC21:1132,2021-06-23,Height4,86,0.86,LH127,2021,1,1,226,15,3,36
YC21:1144,2021-06-23,Height4,75,0.75,MS225,2021,1,1,78,23,3,48
YC21:2057,2021-06-23,Height4,60,0.6,N6,2021,2,1,235,22,13,1
YC21:2068,2021-06-23,Height4,85,0.85,BO9,2021,2,1,156,26,13,12
YC21:2080,2021-06-23,Height4,97,0.97,LH166,2021,2,1,52,25,13,24
YC21:2092,2021-06-23,Height4,79,0.79,793,2021,2,1,37,21,13,36
YC21:2104,2021-06-23,Height4,76,0.76,MS71,2021,2,1,172,23,13,48
YC21:2440,2021-06-23,Height4,72,0.72,CQ702RC,2021,2,2,312,20,20,1
YC21:2429,2021-06-23,Height4,62,0.62,LH60,2021,2,2,342,27,20,12
YC21:2417,2021-06-23,Height4,73,0.73,INBRED 305,2021,2,2,420,21,20,24
YC21:2405,2021-06-23,Height4,103,1.03,PHBB3,2021,2,2,364,20,20,36
YC21:2393,2021-06-23,Height4,82,0.82,B75,2021,2,2,306,20,20,48
YC21:1097,2021-06-28,Height4,116,1.16,LH209,2021,1,1,169,23,3,1
YC21:1108,2021-06-28,Height4,97,0.97,PHW20,2021,1,1,33,18,3,12
YC21:1120,2021-06-28,Height4,114,1.14,LH145,2021,1,1,116,16,3,24
YC21:1132,2021-06-28,Height4,108,1.08,LH127,2021,1,1,226,15,3,36
YC21:1144,2021-06-28,Height4,107,1.07,MS225,2021,1,1,78,23,3,48
YC21:2057,2021-06-28,Height4,78,0.78,N6,2021,2,1,235,22,13,1
YC21:2068,2021-06-28,Height4,103,1.03,BO9,2021,2,1,156,26,13,12
YC21:2080,2021-06-28,Height4,111,1.11,LH166,2021,2,1,52,25,13,24
YC21:2092,2021-06-28,Height4,106,1.06,793,2021,2,1,37,21,13,36
YC21:2104,2021-06-28,Height4,98,0.98,MS71,2021,2,1,172,23,13,48
YC21:2440,2021-06-28,Height4,103,1.03,CQ702RC,2021,2,2,312,20,20,1
YC21:2429,2021-06-28,Height4,92,0.92,LH60,2021,2,2,342,27,20,12
YC21:2417,2021-06-28,Height4,88,0.88,INBRED 305,2021,2,2,420,21,20,24
YC21:2405,2021-06-28,Height4,121,1.21,PHBB3,2021,2,2,364,20,20,36
YC21:2393,2021-06-28,Height4,103,1.03,B75,2021,2,2,306,20,20,48
YC21:1097,2021-07-08,Height4,258,2.58,LH209,2021,1,1,169,23,3,1
YC21:1108,2021-07-08,Height4,158,1.58,PHW20,2021,1,1,33,18,3,12
YC21:1120,2021-07-08,Height4,164,1.64,LH145,2021,1,1,116,16,3,24
YC21:1132,2021-07-08,Height4,153,1.53,LH127,2021,1,1,226,15,3,36
YC21:1144,2021-07-08,Height4,159,1.59,MS225,2021,1,1,78,23,3,48
YC21:2057,2021-07-08,Height4,141,1.41,N6,2021,2,1,235,22,13,1
YC21:2068,2021-07-08,Height4,156,1.56,BO9,2021,2,1,156,26,13,12
YC21:2080,2021-07-08,Height4,170,1.7,LH166,2021,2,1,52,25,13,24
YC21:2092,2021-07-08,Height4,150,1.5,793,2021,2,1,37,21,13,36
YC21:2104,2021-07-08,Height4,153,1.53,MS71,2021,2,1,172,23,13,48
YC21:2440,2021-07-08,Height4,153,1.53,CQ702RC,2021,2,2,312,20,20,1
YC21:2429,2021-07-08,Height4,146,1.46,LH60,2021,2,2,342,27,20,12
YC21:2417,2021-07-08,Height4,126,1.26,INBRED 305,2021,2,2,420,21,20,24
YC21:2405,2021-07-08,Height4,156,1.56,PHBB3,2021,2,2,364,20,20,36
YC21:2393,2021-07-08,Height4,147,1.47,B75,2021,2,2,306,20,20,48
YC21:1097,2021-07-13,Height4,172,1.72,LH209,2021,1,1,169,23,3,1
YC21:1108,2021-07-13,Height4,182,1.82,PHW20,2021,1,1,33,18,3,12
YC21:1120,2021-07-13,Height4,182,1.82,LH145,2021,1,1,116,16,3,24
YC21:1132,2021-07-13,Height4,185,1.85,LH127,2021,1,1,226,15,3,36
YC21:1144,2021-07-13,Height4,169,1.69,MS225,2021,1,1,78,23,3,48
YC21:2057,2021-07-13,Height4,135,1.35,N6,2021,2,1,235,22,13,1
YC21:2068,2021-07-13,Height4,174,1.74,BO9,2021,2,1,156,26,13,12
YC21:2080,2021-07-13,Height4,169,1.69,LH166,2021,2,1,52,25,13,24
YC21:2092,2021-07-13,Height4,173,1.73,793,2021,2,1,37,21,13,36
YC21:2104,2021-07-13,Height4,173,1.73,MS71,2021,2,1,172,23,13,48
YC21:2440,2021-07-13,Height4,167,1.67,CQ702RC,2021,2,2,312,20,20,1
YC21:2429,2021-07-13,Height4,176,1.76,LH60,2021,2,2,342,27,20,12
YC21:2417,2021-07-13,Height4,149,1.49,INBRED 305,2021,2,2,420,21,20,24
YC21:2405,2021-07-13,Height4,177,1.77,PHBB3,2021,2,2,364,20,20,36
YC21:2393,2021-07-13,Height4,176,1.76,B75,2021,2,2,306,20,20,48
YC21:1097,2021-07-23,Height4,219,2.19,LH209,2021,1,1,169,23,3,1
YC21:1108,2021-07-23,Height4,218,2.18,PHW20,2021,1,1,33,18,3,12
YC21:1120,2021-07-23,Height4,191,1.91,LH145,2021,1,1,116,16,3,24
YC21:1132,2021-07-23,Height4,214,2.14,LH127,2021,1,1,226,15,3,36
YC21:1144,2021-07-23,Height4,190,1.9,MS225,2021,1,1,78,23,3,48
YC21:2057,2021-07-23,Height4,160,1.6,N6,2021,2,1,235,22,13,1
YC21:2068,2021-07-23,Height4,194,1.94,BO9,2021,2,1,156,26,13,12
YC21:2080,2021-07-23,Height4,208,2.08,LH166,2021,2,1,52,25,13,24
YC21:2092,2021-07-23,Height4,209,2.09,793,2021,2,1,37,21,13,36
YC21:2104,2021-07-23,Height4,188,1.88,MS71,2021,2,1,172,23,13,48
YC21:2440,2021-07-23,Height4,247,2.47,CQ702RC,2021,2,2,312,20,20,1
YC21:2429,2021-07-23,Height4,231,2.31,LH60,2021,2,2,342,27,20,12
YC21:2417,2021-07-23,Height4,172,1.72,INBRED 305,2021,2,2,420,21,20,24
YC21:2405,2021-07-23,Height4,223,2.23,PHBB3,2021,2,2,364,20,20,36
YC21:2393,2021-07-23,Height4,212,2.12,B75,2021,2,2,306,20,20,48
YC21:1097,2021-08-06,Height4,214,2.14,LH209,2021,1,1,169,23,3,1
YC21:1108,2021-08-06,Height4,221,2.21,PHW20,2021,1,1,33,18,3,12
YC21:1120,2021-08-06,Height4,200,2,LH145,2021,1,1,116,16,3,24
YC21:1132,2021-08-06,Height4,214,2.14,LH127,2021,1,1,226,15,3,36
YC21:1144,2021-08-06,Height4,188,1.88,MS225,2021,1,1,78,23,3,48
YC21:2057,2021-08-06,Height4,159,1.59,N6,2021,2,1,235,22,13,1
YC21:2068,2021-08-06,Height4,189,1.89,BO9,2021,2,1,156,26,13,12
YC21:2080,2021-08-06,Height4,209,2.09,LH166,2021,2,1,52,25,13,24
YC21:2092,2021-08-06,Height4,209,2.09,793,2021,2,1,37,21,13,36
YC21:2104,2021-08-06,Height4,190,1.9,MS71,2021,2,1,172,23,13,48
YC21:2440,2021-08-06,Height4,244,2.44,CQ702RC,2021,2,2,312,20,20,1
YC21:2429,2021-08-06,Height4,245,2.45,LH60,2021,2,2,342,27,20,12
YC21:2417,2021-08-06,Height4,182,1.82,INBRED 305,2021,2,2,420,21,20,24
YC21:2405,2021-08-06,Height4,224,2.24,PHBB3,2021,2,2,364,20,20,36
YC21:2393,2021-08-06,Height4,214,2.14,B75,2021,2,2,306,20,20,48
YC20:1002,2020-06-03,Height5,12,0.12,MEF156-55-2,2020,1,1,124,19,1,2
YC20:1015,2020-06-03,Height5,10,0.1,PHN66,2020,1,1,183,16,1,15
YC20:1026,2020-06-03,Height5,13,0.13,PHG80,2020,1,1,241,24,1,26
YC20:1039,2020-06-03,Height5,14.5,0.145,LH145,2020,1,1,116,22,1,39
YC20:1047,2020-06-03,Height5,9,0.09,N6,2020,1,1,235,20,1,47
YC20:1287,2020-06-03,Height5,19.5,0.195,ND259,2020,1,2,267,18,6,2
YC20:1274,2020-06-03,Height5,14,0.14,PHV63,2020,1,2,505,21,6,15
YC20:1263,2020-06-03,Height5,17.5,0.175,4N506,2020,1,2,293,12,6,26
YC20:1251,2020-06-03,Height5,16.5,0.165,PHB09,2020,1,1,240,19,6,38
YC20:1242,2020-06-03,Height5,15,0.15,N201,2020,1,1,234,20,6,47
YC20:2055,2020-06-03,Height5,20,0.2,PHG86,2020,2,1,242,21,12,2
YC20:1495,2020-06-03,Height5,11.5,0.115,FR19,2020,1,2,413,15,11,15
YC20:1506,2020-06-03,Height5,16,0.16,B2,2020,1,2,475,23,11,26
YC20:1518,2020-06-03,Height5,10,0.1,PHW53,2020,1,2,447,17,11,38
YC20:2007,2020-06-03,Height5,15,0.15,SD101,2020,2,1,189,23,11,47
YC20:2247,2020-06-03,Height5,12.5,0.125,A679,2020,2,1,44,21,16,2
YC20:2234,2020-06-03,Height5,17.5,0.175,W603S,2020,2,1,140,15,16,15
YC20:2223,2020-06-03,Height5,14.5,0.145,A305,2020,2,1,14,16,16,26
YC20:2211,2020-06-03,Height5,14,0.14,W701BC,2020,2,1,10,13,16,38
YC20:2202,2020-06-03,Height5,12.5,0.125,2MA22,2020,2,1,202,15,16,47
YC20:2439,2020-06-03,Height5,18.5,0.185,PH207,2020,2,2,511,24,20,2
YC20:2456,2020-06-03,Height5,13.5,0.135,ND259,2020,2,2,291,18,21,16
YC20:2467,2020-06-03,Height5,21,0.21,B111,2020,2,2,298,23,21,27
YC20:2477,2020-06-03,Height5,11.5,0.115,H121,2020,2,2,315,17,21,37
YC20:2488,2020-06-03,Height5,13.5,0.135,NS701,2020,2,2,268,14,21,48
YC20:1002,2020-06-08,Height5,20.5,0.205,MEF156-55-2,2020,1,1,124,19,1,2
YC20:1015,2020-06-08,Height5,20,0.2,PHN66,2020,1,1,183,16,1,15
YC20:1026,2020-06-08,Height5,27,0.27,PHG80,2020,1,1,241,24,1,26
YC20:1039,2020-06-08,Height5,19,0.19,LH145,2020,1,1,116,22,1,39
YC20:1047,2020-06-08,Height5,16,0.16,N6,2020,1,1,235,20,1,47
YC20:1287,2020-06-08,Height5,25,0.25,ND259,2020,1,2,267,18,6,2
YC20:1274,2020-06-08,Height5,21,0.21,PHV63,2020,1,2,505,21,6,15
YC20:1263,2020-06-08,Height5,23,0.23,4N506,2020,1,2,293,12,6,26
YC20:1251,2020-06-08,Height5,22,0.22,PHB09,2020,1,1,240,19,6,38
YC20:1242,2020-06-08,Height5,19,0.19,N201,2020,1,1,234,20,6,47
YC20:2055,2020-06-08,Height5,31,0.31,PHG86,2020,2,1,242,21,12,2
YC20:1495,2020-06-08,Height5,19,0.19,FR19,2020,1,2,413,15,11,15
YC20:1506,2020-06-08,Height5,23,0.23,B2,2020,1,2,475,23,11,26
YC20:1518,2020-06-08,Height5,24,0.24,PHW53,2020,1,2,447,17,11,38
YC20:2007,2020-06-08,Height5,22.5,0.225,SD101,2020,2,1,189,23,11,47
YC20:2247,2020-06-08,Height5,21.5,0.215,A679,2020,2,1,44,21,16,2
YC20:2234,2020-06-08,Height5,31,0.31,W603S,2020,2,1,140,15,16,15
YC20:2223,2020-06-08,Height5,19.5,0.195,A305,2020,2,1,14,16,16,26
YC20:2211,2020-06-08,Height5,23.5,0.235,W701BC,2020,2,1,10,13,16,38
YC20:2202,2020-06-08,Height5,18.5,0.185,2MA22,2020,2,1,202,15,16,47
YC20:2439,2020-06-08,Height5,23,0.23,PH207,2020,2,2,511,24,20,2
YC20:2456,2020-06-08,Height5,24,0.24,ND259,2020,2,2,291,18,21,16
YC20:2467,2020-06-08,Height5,23,0.23,B111,2020,2,2,298,23,21,27
YC20:2477,2020-06-08,Height5,20,0.2,H121,2020,2,2,315,17,21,37
YC20:2488,2020-06-08,Height5,20,0.2,NS701,2020,2,2,268,14,21,48
YC20:1002,2020-06-16,Height5,41,0.41,MEF156-55-2,2020,1,1,124,19,1,2
YC20:1015,2020-06-16,Height5,36.5,0.365,PHN66,2020,1,1,183,16,1,15
YC20:1026,2020-06-16,Height5,54,0.54,PHG80,2020,1,1,241,24,1,26
YC20:1039,2020-06-16,Height5,48,0.48,LH145,2020,1,1,116,22,1,39
YC20:1047,2020-06-16,Height5,30.5,0.305,N6,2020,1,1,235,20,1,47
YC20:1287,2020-06-16,Height5,52.5,0.525,ND259,2020,1,2,267,18,6,2
YC20:1274,2020-06-16,Height5,39,0.39,PHV63,2020,1,2,505,21,6,15
YC20:1263,2020-06-16,Height5,41.5,0.415,4N506,2020,1,2,293,12,6,26
YC20:1251,2020-06-16,Height5,46,0.46,PHB09,2020,1,1,240,19,6,38
YC20:1242,2020-06-16,Height5,36,0.36,N201,2020,1,1,234,20,6,47
YC20:2055,2020-06-16,Height5,50,0.5,PHG86,2020,2,1,242,21,12,2
YC20:1495,2020-06-16,Height5,35.5,0.355,FR19,2020,1,2,413,15,11,15
YC20:1506,2020-06-16,Height5,35.5,0.355,B2,2020,1,2,475,23,11,26
YC20:1518,2020-06-16,Height5,30,0.3,PHW53,2020,1,2,447,17,11,38
YC20:2007,2020-06-16,Height5,41,0.41,SD101,2020,2,1,189,23,11,47
YC20:2247,2020-06-16,Height5,49,0.49,A679,2020,2,1,44,21,16,2
YC20:2234,2020-06-16,Height5,38,0.38,W603S,2020,2,1,140,15,16,15
YC20:2223,2020-06-16,Height5,36,0.36,A305,2020,2,1,14,16,16,26
YC20:2211,2020-06-16,Height5,41.5,0.415,W701BC,2020,2,1,10,13,16,38
YC20:2202,2020-06-16,Height5,38.5,0.385,2MA22,2020,2,1,202,15,16,47
YC20:2439,2020-06-16,Height5,41,0.41,PH207,2020,2,2,511,24,20,2
YC20:2456,2020-06-16,Height5,47.5,0.475,ND259,2020,2,2,291,18,21,16
YC20:2467,2020-06-16,Height5,43,0.43,B111,2020,2,2,298,23,21,27
YC20:2477,2020-06-16,Height5,31.5,0.315,H121,2020,2,2,315,17,21,37
YC20:2488,2020-06-16,Height5,45.5,0.455,NS701,2020,2,2,268,14,21,48
YC20:1002,2020-06-23,Height5,58,0.58,MEF156-55-2,2020,1,1,124,19,1,2
YC20:1015,2020-06-23,Height5,50,0.5,PHN66,2020,1,1,183,16,1,15
YC20:1026,2020-06-23,Height5,74,0.74,PHG80,2020,1,1,241,24,1,26
YC20:1039,2020-06-23,Height5,57,0.57,LH145,2020,1,1,116,22,1,39
YC20:1047,2020-06-23,Height5,53,0.53,N6,2020,1,1,235,20,1,47
YC20:1287,2020-06-23,Height5,68,0.68,ND259,2020,1,2,267,18,6,2
YC20:1274,2020-06-23,Height5,55,0.55,PHV63,2020,1,2,505,21,6,15
YC20:1263,2020-06-23,Height5,64,0.64,4N506,2020,1,2,293,12,6,26
YC20:1251,2020-06-23,Height5,62,0.62,PHB09,2020,1,1,240,19,6,38
YC20:1242,2020-06-23,Height5,52,0.52,N201,2020,1,1,234,20,6,47
YC20:2055,2020-06-23,Height5,82,0.82,PHG86,2020,2,1,242,21,12,2
YC20:1495,2020-06-23,Height5,54,0.54,FR19,2020,1,2,413,15,11,15
YC20:1506,2020-06-23,Height5,62,0.62,B2,2020,1,2,475,23,11,26
YC20:1518,2020-06-23,Height5,53,0.53,PHW53,2020,1,2,447,17,11,38
YC20:2007,2020-06-23,Height5,59,0.59,SD101,2020,2,1,189,23,11,47
YC20:2247,2020-06-23,Height5,68,0.68,A679,2020,2,1,44,21,16,2
YC20:2234,2020-06-23,Height5,70,0.7,W603S,2020,2,1,140,15,16,15
YC20:2223,2020-06-23,Height5,53,0.53,A305,2020,2,1,14,16,16,26
YC20:2211,2020-06-23,Height5,53,0.53,W701BC,2020,2,1,10,13,16,38
YC20:2202,2020-06-23,Height5,54,0.54,2MA22,2020,2,1,202,15,16,47
YC20:2439,2020-06-23,Height5,72,0.72,PH207,2020,2,2,511,24,20,2
YC20:2456,2020-06-23,Height5,68,0.68,ND259,2020,2,2,291,18,21,16
YC20:2467,2020-06-23,Height5,64,0.64,B111,2020,2,2,298,23,21,27
YC20:2477,2020-06-23,Height5,54,0.54,H121,2020,2,2,315,17,21,37
YC20:2488,2020-06-23,Height5,67,0.67,NS701,2020,2,2,268,14,21,48
YC20:1002,2020-07-01,Height5,119,1.19,MEF156-55-2,2020,1,1,124,19,1,2
YC20:1015,2020-07-01,Height5,100,1,PHN66,2020,1,1,183,16,1,15
YC20:1026,2020-07-01,Height5,112,1.12,PHG80,2020,1,1,241,24,1,26
YC20:1039,2020-07-01,Height5,120,1.2,LH145,2020,1,1,116,22,1,39
YC20:1047,2020-07-01,Height5,91,0.91,N6,2020,1,1,235,20,1,47
YC20:1287,2020-07-01,Height5,120,1.2,ND259,2020,1,2,267,18,6,2
YC20:1274,2020-07-01,Height5,100,1,PHV63,2020,1,2,505,21,6,15
YC20:1263,2020-07-01,Height5,96,0.96,4N506,2020,1,2,293,12,6,26
YC20:1251,2020-07-01,Height5,84,0.84,PHB09,2020,1,1,240,19,6,38
YC20:1242,2020-07-01,Height5,100,1,N201,2020,1,1,234,20,6,47
YC20:2055,2020-07-01,Height5,123,1.23,PHG86,2020,2,1,242,21,12,2
YC20:1495,2020-07-01,Height5,103,1.03,FR19,2020,1,2,413,15,11,15
YC20:1506,2020-07-01,Height5,89,0.89,B2,2020,1,2,475,23,11,26
YC20:1518,2020-07-01,Height5,96,0.96,PHW53,2020,1,2,447,17,11,38
YC20:2007,2020-07-01,Height5,100,1,SD101,2020,2,1,189,23,11,47
YC20:2247,2020-07-01,Height5,125,1.25,A679,2020,2,1,44,21,16,2
YC20:2234,2020-07-01,Height5,99,0.99,W603S,2020,2,1,140,15,16,15
YC20:2223,2020-07-01,Height5,103,1.03,A305,2020,2,1,14,16,16,26
YC20:2211,2020-07-01,Height5,91,0.91,W701BC,2020,2,1,10,13,16,38
YC20:2202,2020-07-01,Height5,109,1.09,2MA22,2020,2,1,202,15,16,47
YC20:2439,2020-07-01,Height5,104,1.04,PH207,2020,2,2,511,24,20,2
YC20:2456,2020-07-01,Height5,122,1.22,ND259,2020,2,2,291,18,21,16
YC20:2467,2020-07-01,Height5,114,1.14,B111,2020,2,2,298,23,21,27
YC20:2477,2020-07-01,Height5,99,0.99,H121,2020,2,2,315,17,21,37
YC20:2488,2020-07-01,Height5,92,0.92,NS701,2020,2,2,268,14,21,48
YC20:1002,2020-07-08,Height5,174,1.74,MEF156-55-2,2020,1,1,124,19,1,2
YC20:1015,2020-07-08,Height5,160,1.6,PHN66,2020,1,1,183,16,1,15
YC20:1026,2020-07-08,Height5,158,1.58,PHG80,2020,1,1,241,24,1,26
YC20:1039,2020-07-08,Height5,176,1.76,LH145,2020,1,1,116,22,1,39
YC20:1047,2020-07-08,Height5,131,1.31,N6,2020,1,1,235,20,1,47
YC20:1287,2020-07-08,Height5,176,1.76,ND259,2020,1,2,267,18,6,2
YC20:1274,2020-07-08,Height5,148,1.48,PHV63,2020,1,2,505,21,6,15
YC20:1263,2020-07-08,Height5,179,1.79,4N506,2020,1,2,293,12,6,26
YC20:1251,2020-07-08,Height5,155,1.55,PHB09,2020,1,1,240,19,6,38
YC20:1242,2020-07-08,Height5,159,1.59,N201,2020,1,1,234,20,6,47
YC20:2055,2020-07-08,Height5,169,1.69,PHG86,2020,2,1,242,21,12,2
YC20:1495,2020-07-08,Height5,156,1.56,FR19,2020,1,2,413,15,11,15
YC20:1506,2020-07-08,Height5,124,1.24,B2,2020,1,2,475,23,11,26
YC20:1518,2020-07-08,Height5,131,1.31,PHW53,2020,1,2,447,17,11,38
YC20:2007,2020-07-08,Height5,143,1.43,SD101,2020,2,1,189,23,11,47
YC20:2247,2020-07-08,Height5,166,1.66,A679,2020,2,1,44,21,16,2
YC20:2234,2020-07-08,Height5,164,1.64,W603S,2020,2,1,140,15,16,15
YC20:2223,2020-07-08,Height5,155,1.55,A305,2020,2,1,14,16,16,26
YC20:2211,2020-07-08,Height5,121,1.21,W701BC,2020,2,1,10,13,16,38
YC20:2202,2020-07-08,Height5,158,1.58,2MA22,2020,2,1,202,15,16,47
YC20:2439,2020-07-08,Height5,165,1.65,PH207,2020,2,2,511,24,20,2
YC20:2456,2020-07-08,Height5,161,1.61,ND259,2020,2,2,291,18,21,16
YC20:2467,2020-07-08,Height5,189,1.89,B111,2020,2,2,298,23,21,27
YC20:2477,2020-07-08,Height5,144,1.44,H121,2020,2,2,315,17,21,37
YC20:2488,2020-07-08,Height5,146,1.46,NS701,2020,2,2,268,14,21,48
YC20:1002,2020-07-13,Height5,191,1.91,MEF156-55-2,2020,1,1,124,19,1,2
YC20:1015,2020-07-13,Height5,182,1.82,PHN66,2020,1,1,183,16,1,15
YC20:1026,2020-07-13,Height5,178,1.78,PHG80,2020,1,1,241,24,1,26
YC20:1039,2020-07-13,Height5,194,1.94,LH145,2020,1,1,116,22,1,39
YC20:1047,2020-07-13,Height5,170,1.7,N6,2020,1,1,235,20,1,47
YC20:1287,2020-07-13,Height5,183,1.83,ND259,2020,1,2,267,18,6,2
YC20:1274,2020-07-13,Height5,171,1.71,PHV63,2020,1,2,505,21,6,15
YC20:1263,2020-07-13,Height5,204,2.04,4N506,2020,1,2,293,12,6,26
YC20:1251,2020-07-13,Height5,180,1.8,PHB09,2020,1,1,240,19,6,38
YC20:1242,2020-07-13,Height5,186,1.86,N201,2020,1,1,234,20,6,47
YC20:2055,2020-07-13,Height5,197,1.97,PHG86,2020,2,1,242,21,12,2
YC20:1495,2020-07-13,Height5,170,1.7,FR19,2020,1,2,413,15,11,15
YC20:1506,2020-07-13,Height5,165,1.65,B2,2020,1,2,475,23,11,26
YC20:1518,2020-07-13,Height5,163,1.63,PHW53,2020,1,2,447,17,11,38
YC20:2007,2020-07-13,Height5,174,1.74,SD101,2020,2,1,189,23,11,47
YC20:2247,2020-07-13,Height5,201,2.01,A679,2020,2,1,44,21,16,2
YC20:2234,2020-07-13,Height5,175,1.75,W603S,2020,2,1,140,15,16,15
YC20:2223,2020-07-13,Height5,206,2.06,A305,2020,2,1,14,16,16,26
YC20:2211,2020-07-13,Height5,163,1.63,W701BC,2020,2,1,10,13,16,38
YC20:2202,2020-07-13,Height5,177,1.77,2MA22,2020,2,1,202,15,16,47
YC20:2439,2020-07-13,Height5,181,1.81,PH207,2020,2,2,511,24,20,2
YC20:2456,2020-07-13,Height5,175,1.75,ND259,2020,2,2,291,18,21,16
YC20:2467,2020-07-13,Height5,219,2.19,B111,2020,2,2,298,23,21,27
YC20:2477,2020-07-13,Height5,172,1.72,H121,2020,2,2,315,17,21,37
YC20:2488,2020-07-13,Height5,181,1.81,NS701,2020,2,2,268,14,21,48
YC20:1002,2020-07-22,Height5,212,2.12,MEF156-55-2,2020,1,1,124,19,1,2
YC20:1015,2020-07-22,Height5,205,2.05,PHN66,2020,1,1,183,16,1,15
YC20:1026,2020-07-22,Height5,213,2.13,PHG80,2020,1,1,241,24,1,26
YC20:1039,2020-07-22,Height5,220,2.2,LH145,2020,1,1,116,22,1,39
YC20:1047,2020-07-22,Height5,194,1.94,N6,2020,1,1,235,20,1,47
YC20:1287,2020-07-22,Height5,189,1.89,ND259,2020,1,2,267,18,6,2
YC20:1274,2020-07-22,Height5,222,2.22,PHV63,2020,1,2,505,21,6,15
YC20:1263,2020-07-22,Height5,233,2.33,4N506,2020,1,2,293,12,6,26
YC20:1251,2020-07-22,Height5,200,2,PHB09,2020,1,1,240,19,6,38
YC20:1242,2020-07-22,Height5,215,2.15,N201,2020,1,1,234,20,6,47
YC20:2055,2020-07-22,Height5,231,2.31,PHG86,2020,2,1,242,21,12,2
YC20:1495,2020-07-22,Height5,178,1.78,FR19,2020,1,2,413,15,11,15
YC20:1506,2020-07-22,Height5,206,2.06,B2,2020,1,2,475,23,11,26
YC20:1518,2020-07-22,Height5,188,1.88,PHW53,2020,1,2,447,17,11,38
YC20:2007,2020-07-22,Height5,175,1.75,SD101,2020,2,1,189,23,11,47
YC20:2247,2020-07-22,Height5,225,2.25,A679,2020,2,1,44,21,16,2
YC20:2234,2020-07-22,Height5,185,1.85,W603S,2020,2,1,140,15,16,15
YC20:2223,2020-07-22,Height5,221,2.21,A305,2020,2,1,14,16,16,26
YC20:2211,2020-07-22,Height5,173,1.73,W701BC,2020,2,1,10,13,16,38
YC20:2202,2020-07-22,Height5,195,1.95,2MA22,2020,2,1,202,15,16,47
YC20:2439,2020-07-22,Height5,201,2.01,PH207,2020,2,2,511,24,20,2
YC20:2456,2020-07-22,Height5,188,1.88,ND259,2020,2,2,291,18,21,16
YC20:2467,2020-07-22,Height5,249,2.49,B111,2020,2,2,298,23,21,27
YC20:2477,2020-07-22,Height5,200,2,H121,2020,2,2,315,17,21,37
YC20:2488,2020-07-22,Height5,197,1.97,NS701,2020,2,2,268,14,21,48
YC20:1002,2020-07-29,Height5,215,2.15,MEF156-55-2,2020,1,1,124,19,1,2
YC20:1015,2020-07-29,Height5,224,2.24,PHN66,2020,1,1,183,16,1,15
YC20:1026,2020-07-29,Height5,221,2.21,PHG80,2020,1,1,241,24,1,26
YC20:1039,2020-07-29,Height5,210,2.1,LH145,2020,1,1,116,22,1,39
YC20:1047,2020-07-29,Height5,209,2.09,N6,2020,1,1,235,20,1,47
YC20:1287,2020-07-29,Height5,194,1.94,ND259,2020,1,2,267,18,6,2
YC20:1274,2020-07-29,Height5,222,2.22,PHV63,2020,1,2,505,21,6,15
YC20:1263,2020-07-29,Height5,251,2.51,4N506,2020,1,2,293,12,6,26
YC20:1251,2020-07-29,Height5,208,2.08,PHB09,2020,1,1,240,19,6,38
YC20:1242,2020-07-29,Height5,233,2.33,N201,2020,1,1,234,20,6,47
YC20:2055,2020-07-29,Height5,232,2.32,PHG86,2020,2,1,242,21,12,2
YC20:1495,2020-07-29,Height5,200,2,FR19,2020,1,2,413,15,11,15
YC20:1506,2020-07-29,Height5,217,2.17,B2,2020,1,2,475,23,11,26
YC20:1518,2020-07-29,Height5,176,1.76,PHW53,2020,1,2,447,17,11,38
YC20:2007,2020-07-29,Height5,172,1.72,SD101,2020,2,1,189,23,11,47
YC20:2247,2020-07-29,Height5,229,2.29,A679,2020,2,1,44,21,16,2
YC20:2234,2020-07-29,Height5,186,1.86,W603S,2020,2,1,140,15,16,15
YC20:2223,2020-07-29,Height5,235,2.35,A305,2020,2,1,14,16,16,26
YC20:2211,2020-07-29,Height5,184,1.84,W701BC,2020,2,1,10,13,16,38
YC20:2202,2020-07-29,Height5,225,2.25,2MA22,2020,2,1,202,15,16,47
YC20:2439,2020-07-29,Height5,210,2.1,PH207,2020,2,2,511,24,20,2
YC20:2456,2020-07-29,Height5,190,1.9,ND259,2020,2,2,291,18,21,16
YC20:2467,2020-07-29,Height5,261,2.61,B111,2020,2,2,298,23,21,27
YC20:2477,2020-07-29,Height5,211,2.11,H121,2020,2,2,315,17,21,37
YC20:2488,2020-07-29,Height5,214,2.14,NS701,2020,2,2,268,14,21,48
YC21:1097,2021-06-07,Height5,37,0.37,LH209,2021,1,1,169,23,3,1
YC21:1108,2021-06-07,Height5,21,0.21,PHW20,2021,1,1,33,18,3,12
YC21:1120,2021-06-07,Height5,27,0.27,LH145,2021,1,1,116,16,3,24
YC21:1132,2021-06-07,Height5,36,0.36,LH127,2021,1,1,226,15,3,36
YC21:1144,2021-06-07,Height5,25,0.25,MS225,2021,1,1,78,23,3,48
YC21:2057,2021-06-07,Height5,22,0.22,N6,2021,2,1,235,22,13,1
YC21:2068,2021-06-07,Height5,36,0.36,BO9,2021,2,1,156,26,13,12
YC21:2080,2021-06-07,Height5,36,0.36,LH166,2021,2,1,52,25,13,24
YC21:2092,2021-06-07,Height5,31,0.31,793,2021,2,1,37,21,13,36
YC21:2104,2021-06-07,Height5,33,0.33,MS71,2021,2,1,172,23,13,48
YC21:2440,2021-06-07,Height5,34,0.34,CQ702RC,2021,2,2,312,20,20,1
YC21:2429,2021-06-07,Height5,25,0.25,LH60,2021,2,2,342,27,20,12
YC21:2417,2021-06-07,Height5,22,0.22,INBRED 305,2021,2,2,420,21,20,24
YC21:2405,2021-06-07,Height5,37,0.37,PHBB3,2021,2,2,364,20,20,36
YC21:2393,2021-06-07,Height5,30,0.3,B75,2021,2,2,306,20,20,48
YC21:1097,2021-06-15,Height5,54,0.54,LH209,2021,1,1,169,23,3,1
YC21:1108,2021-06-15,Height5,38,0.38,PHW20,2021,1,1,33,18,3,12
YC21:1120,2021-06-15,Height5,56,0.56,LH145,2021,1,1,116,16,3,24
YC21:1132,2021-06-15,Height5,64,0.64,LH127,2021,1,1,226,15,3,36
YC21:1144,2021-06-15,Height5,45,0.45,MS225,2021,1,1,78,23,3,48
YC21:2057,2021-06-15,Height5,49,0.49,N6,2021,2,1,235,22,13,1
YC21:2068,2021-06-15,Height5,57,0.57,BO9,2021,2,1,156,26,13,12
YC21:2080,2021-06-15,Height5,62,0.62,LH166,2021,2,1,52,25,13,24
YC21:2092,2021-06-15,Height5,52,0.52,793,2021,2,1,37,21,13,36
YC21:2104,2021-06-15,Height5,52,0.52,MS71,2021,2,1,172,23,13,48
YC21:2440,2021-06-15,Height5,53,0.53,CQ702RC,2021,2,2,312,20,20,1
YC21:2429,2021-06-15,Height5,44,0.44,LH60,2021,2,2,342,27,20,12
YC21:2417,2021-06-15,Height5,33,0.33,INBRED 305,2021,2,2,420,21,20,24
YC21:2405,2021-06-15,Height5,75,0.75,PHBB3,2021,2,2,364,20,20,36
YC21:2393,2021-06-15,Height5,45,0.45,B75,2021,2,2,306,20,20,48
YC21:1097,2021-06-23,Height5,79,0.79,LH209,2021,1,1,169,23,3,1
YC21:1108,2021-06-23,Height5,61,0.61,PHW20,2021,1,1,33,18,3,12
YC21:1120,2021-06-23,Height5,85,0.85,LH145,2021,1,1,116,16,3,24
YC21:1132,2021-06-23,Height5,87,0.87,LH127,2021,1,1,226,15,3,36
YC21:1144,2021-06-23,Height5,90,0.9,MS225,2021,1,1,78,23,3,48
YC21:2057,2021-06-23,Height5,72,0.72,N6,2021,2,1,235,22,13,1
YC21:2068,2021-06-23,Height5,83,0.83,BO9,2021,2,1,156,26,13,12
YC21:2080,2021-06-23,Height5,85,0.85,LH166,2021,2,1,52,25,13,24
YC21:2092,2021-06-23,Height5,75,0.75,793,2021,2,1,37,21,13,36
YC21:2104,2021-06-23,Height5,89,0.89,MS71,2021,2,1,172,23,13,48
YC21:2440,2021-06-23,Height5,91,0.91,CQ702RC,2021,2,2,312,20,20,1
YC21:2429,2021-06-23,Height5,59,0.59,LH60,2021,2,2,342,27,20,12
YC21:2417,2021-06-23,Height5,63,0.63,INBRED 305,2021,2,2,420,21,20,24
YC21:2405,2021-06-23,Height5,102,1.02,PHBB3,2021,2,2,364,20,20,36
YC21:2393,2021-06-23,Height5,77,0.77,B75,2021,2,2,306,20,20,48
YC21:1097,2021-06-28,Height5,111,1.11,LH209,2021,1,1,169,23,3,1
YC21:1108,2021-06-28,Height5,85,0.85,PHW20,2021,1,1,33,18,3,12
YC21:1120,2021-06-28,Height5,120,1.2,LH145,2021,1,1,116,16,3,24
YC21:1132,2021-06-28,Height5,109,1.09,LH127,2021,1,1,226,15,3,36
YC21:1144,2021-06-28,Height5,102,1.02,MS225,2021,1,1,78,23,3,48
YC21:2057,2021-06-28,Height5,96,0.96,N6,2021,2,1,235,22,13,1
YC21:2068,2021-06-28,Height5,102,1.02,BO9,2021,2,1,156,26,13,12
YC21:2080,2021-06-28,Height5,114,1.14,LH166,2021,2,1,52,25,13,24
YC21:2092,2021-06-28,Height5,92,0.92,793,2021,2,1,37,21,13,36
YC21:2104,2021-06-28,Height5,112,1.12,MS71,2021,2,1,172,23,13,48
YC21:2440,2021-06-28,Height5,116,1.16,CQ702RC,2021,2,2,312,20,20,1
YC21:2429,2021-06-28,Height5,92,0.92,LH60,2021,2,2,342,27,20,12
YC21:2417,2021-06-28,Height5,91,0.91,INBRED 305,2021,2,2,420,21,20,24
YC21:2405,2021-06-28,Height5,122,1.22,PHBB3,2021,2,2,364,20,20,36
YC21:2393,2021-06-28,Height5,100,1,B75,2021,2,2,306,20,20,48
YC21:1097,2021-07-08,Height5,164,1.64,LH209,2021,1,1,169,23,3,1
YC21:1108,2021-07-08,Height5,159,1.59,PHW20,2021,1,1,33,18,3,12
YC21:1120,2021-07-08,Height5,161,1.61,LH145,2021,1,1,116,16,3,24
YC21:1132,2021-07-08,Height5,154,1.54,LH127,2021,1,1,226,15,3,36
YC21:1144,2021-07-08,Height5,160,1.6,MS225,2021,1,1,78,23,3,48
YC21:2057,2021-07-08,Height5,121,1.21,N6,2021,2,1,235,22,13,1
YC21:2068,2021-07-08,Height5,153,1.53,BO9,2021,2,1,156,26,13,12
YC21:2080,2021-07-08,Height5,161,1.61,LH166,2021,2,1,52,25,13,24
YC21:2092,2021-07-08,Height5,155,1.55,793,2021,2,1,37,21,13,36
YC21:2104,2021-07-08,Height5,164,1.64,MS71,2021,2,1,172,23,13,48
YC21:2440,2021-07-08,Height5,162,1.62,CQ702RC,2021,2,2,312,20,20,1
YC21:2429,2021-07-08,Height5,146,1.46,LH60,2021,2,2,342,27,20,12
YC21:2417,2021-07-08,Height5,128,1.28,INBRED 305,2021,2,2,420,21,20,24
YC21:2405,2021-07-08,Height5,149,1.49,PHBB3,2021,2,2,364,20,20,36
YC21:2393,2021-07-08,Height5,164,1.64,B75,2021,2,2,306,20,20,48
YC21:1097,2021-07-13,Height5,182,1.82,LH209,2021,1,1,169,23,3,1
YC21:1108,2021-07-13,Height5,173,1.73,PHW20,2021,1,1,33,18,3,12
YC21:1120,2021-07-13,Height5,157,1.57,LH145,2021,1,1,116,16,3,24
YC21:1132,2021-07-13,Height5,186,1.86,LH127,2021,1,1,226,15,3,36
YC21:1144,2021-07-13,Height5,185,1.85,MS225,2021,1,1,78,23,3,48
YC21:2057,2021-07-13,Height5,133,1.33,N6,2021,2,1,235,22,13,1
YC21:2068,2021-07-13,Height5,180,1.8,BO9,2021,2,1,156,26,13,12
YC21:2080,2021-07-13,Height5,172,1.72,LH166,2021,2,1,52,25,13,24
YC21:2092,2021-07-13,Height5,175,1.75,793,2021,2,1,37,21,13,36
YC21:2104,2021-07-13,Height5,163,1.63,MS71,2021,2,1,172,23,13,48
YC21:2440,2021-07-13,Height5,191,1.91,CQ702RC,2021,2,2,312,20,20,1
YC21:2429,2021-07-13,Height5,168,1.68,LH60,2021,2,2,342,27,20,12
YC21:2417,2021-07-13,Height5,150,1.5,INBRED 305,2021,2,2,420,21,20,24
YC21:2405,2021-07-13,Height5,158,1.58,PHBB3,2021,2,2,364,20,20,36
YC21:2393,2021-07-13,Height5,194,1.94,B75,2021,2,2,306,20,20,48
YC21:1097,2021-07-23,Height5,218,2.18,LH209,2021,1,1,169,23,3,1
YC21:1108,2021-07-23,Height5,199,1.99,PHW20,2021,1,1,33,18,3,12
YC21:1120,2021-07-23,Height5,201,2.01,LH145,2021,1,1,116,16,3,24
YC21:1132,2021-07-23,Height5,207,2.07,LH127,2021,1,1,226,15,3,36
YC21:1144,2021-07-23,Height5,192,1.92,MS225,2021,1,1,78,23,3,48
YC21:2057,2021-07-23,Height5,163,1.63,N6,2021,2,1,235,22,13,1
YC21:2068,2021-07-23,Height5,198,1.98,BO9,2021,2,1,156,26,13,12
YC21:2080,2021-07-23,Height5,196,1.96,LH166,2021,2,1,52,25,13,24
YC21:2092,2021-07-23,Height5,193,1.93,793,2021,2,1,37,21,13,36
YC21:2104,2021-07-23,Height5,189,1.89,MS71,2021,2,1,172,23,13,48
YC21:2440,2021-07-23,Height5,243,2.43,CQ702RC,2021,2,2,312,20,20,1
YC21:2429,2021-07-23,Height5,220,2.2,LH60,2021,2,2,342,27,20,12
YC21:2417,2021-07-23,Height5,163,1.63,INBRED 305,2021,2,2,420,21,20,24
YC21:2405,2021-07-23,Height5,195,1.95,PHBB3,2021,2,2,364,20,20,36
YC21:2393,2021-07-23,Height5,200,2,B75,2021,2,2,306,20,20,48
YC21:1097,2021-08-06,Height5,212,2.12,LH209,2021,1,1,169,23,3,1
YC21:1108,2021-08-06,Height5,212,2.12,PHW20,2021,1,1,33,18,3,12
YC21:1120,2021-08-06,Height5,197,1.97,LH145,2021,1,1,116,16,3,24
YC21:1132,2021-08-06,Height5,206,2.06,LH127,2021,1,1,226,15,3,36
YC21:1144,2021-08-06,Height5,191,1.91,MS225,2021,1,1,78,23,3,48
YC21:2057,2021-08-06,Height5,161,1.61,N6,2021,2,1,235,22,13,1
YC21:2068,2021-08-06,Height5,199,1.99,BO9,2021,2,1,156,26,13,12
YC21:2080,2021-08-06,Height5,210,2.1,LH166,2021,2,1,52,25,13,24
YC21:2092,2021-08-06,Height5,192,1.92,793,2021,2,1,37,21,13,36
YC21:2104,2021-08-06,Height5,192,1.92,MS71,2021,2,1,172,23,13,48
YC21:2440,2021-08-06,Height5,248,2.48,CQ702RC,2021,2,2,312,20,20,1
YC21:2429,2021-08-06,Height5,232,2.32,LH60,2021,2,2,342,27,20,12
YC21:2417,2021-08-06,Height5,171,1.71,INBRED 305,2021,2,2,420,21,20,24
YC21:2405,2021-08-06,Height5,193,1.93,PHBB3,2021,2,2,364,20,20,36
YC21:2393,2021-08-06,Height5,235,2.35,B75,2021,2,2,306,20,20,48
