plot_id,genotype,year,replicate,block,entry,stand,field_range,field_row,ambiguous_key,has_loess_height
YC18:1001,A663,2018,1,1,212,26,1,1,False,True
YC18:1002,2369,2018,1,1,198,17,1,2,False,True
YC18:1003,A648,2018,1,1,210,25,1,3,False,True
YC18:1004,PHR30,2018,1,1,89,26,1,4,False,True
YC18:1005,OQ403,2018,1,1,7,19,1,5,False,True
YC18:1006,FBLA,2018,1,1,68,25,1,6,False,True
YC18:1007,LH146Ht,2018,1,1,23,22,1,7,False,True
YC18:1008,PH207,2018,1,1,254,22,1,8,True,True
YC18:1009,912,2018,1,1,38,25,1,9,False,True
YC18:1010,PHGW7,2018,1,1,27,24,1,10,False,True
YC18:1011,PHB47,2018,1,1,179,24,1,11,False,True
YC18:1012,CH9,2018,1,1,142,17,1,12,False,True
YC18:1013,LP5,2018,1,1,77,21,1,13,False,True
YC18:1014,A374,2018,1,1,98,19,1,14,False,True
YC18:1015,A679,2018,1,1,44,26,1,15,False,True
YC18:1016,PHW03,2018,1,1,92,26,1,16,False,True
YC18:1017,A258,2018,1,1,147,20,1,17,False,True
YC18:1018,A71,2018,1,1,150,23,1,18,False,True
YC18:1019,NQ508,2018,1,1,175,24,1,19,False,True
YC18:1020,W701BC,2018,1,1,10,21,1,20,False,True
YC18:1021,W153R,2018,1,1,61,21,1,21,False,True
YC18:1022,DK78002A,2018,1,1,109,24,1,22,False,True
YC18:1023,MS211,2018,1,1,232,23,1,23,False,True
YC18:1024,Q381,2018,1,1,138,26,1,24,False,True
YC18:1025,SD44,2018,1,1,190,21,1,25,False,True
YC18:1026,A208,2018,1,1,65,18,1,26,False,True
YC18:1027,A649,2018,1,1,100,22,1,27,False,True
YC18:1028,EAST 028,2018,1,1,67,26,1,28,False,True
YC18:1029,LH57,2018,1,1,170,3,1,29,False,False
YC18:1030,MS225,2018,1,1,78,27,1,30,False,True
YC18:1031,A239,2018,1,1,204,22,1,31,False,True
YC18:1032,PHKE6,2018,1,1,85,25,1,32,False,True
YC18:1033,PHJ90,2018,1,1,182,24,1,33,False,True
YC18:1034,2FACC,2018,1,1,145,25,1,34,False,True
YC18:1035,MS200,2018,1,1,128,20,1,35,False,True
YC18:1036,MS72,2018,1,1,56,>15,1,36,False,True
YC18:1037,B-18 INBR.FR.SUPERGOLD,2018,1,1,151,>15,1,37,False,True
YC18:1038,W604S,2018,1,1,192,>15,1,38,False,True
YC18:1039,PHP55,2018,1,1,87,>15,1,39,False,True
YC18:1040,PHHV4,2018,1,1,181,>15,1,40,False,True
YC18:1041,PHVA9,2018,1,1,32,>15,1,41,False,True
YC18:1042,A272,2018,1,1,205,>15,1,42,False,True
YC18:1043,LIBC 4,2018,1,1,76,>15,1,43,False,True
YC18:1044,LH165,2018,1,1,167,>15,1,44,False,True
YC18:1045,LH202,2018,1,1,73,>15,1,45,False,True
YC18:1046,DKPB80,2018,1,1,161,>15,1,46,False,True
YC18:1047,A627,2018,1,1,207,>15,1,47,False,True
YC18:1048,C103,2018,1,1,218,2,1,48,False,False
YC18:1049,LH54,2018,1,1,122,>15,2,48,False,True
YC18:1050,MEF156-55-2,2018,1,1,124,>15,2,47,False,True
YC18:1051,N201,2018,1,1,234,>15,2,46,False,True
YC18:1052,Va99,2018,1,1,250,>15,2,45,False,True
YC18:1053,DK78010,2018,1,1,220,>15,2,44,False,True
YC18:1054,N197,2018,1,1,79,6,2,43,False,False
YC18:1055,W603S,2018,1,1,140,>15,2,42,False,True
YC18:1056,IBB14,2018,1,1,48,>15,2,41,False,True
YC18:1057,B76,2018,1,1,153,>15,2,40,False,True
YC18:1058,B115,2018,1,1,217,>15,2,39,False,True
YC18:1059,792,2018,1,1,197,10,2,38,False,False
YC18:1060,OH33,2018,1,1,237,>15,2,37,False,True
YC18:1061,MS132,2018,1,1,231,>15,2,36,False,True
YC18:1062,AS6103,2018,1,1,213,>15,2,35,False,True
YC18:1063,A385,2018,1,1,2,>15,2,34,False,True
YC18:1064,PHW80,2018,1,1,188,>15,2,33,False,True
YC18:1065,LH143 (Maintainer),2018,1,1,166,>15,2,32,False,True
YC18:1066,W614S,2018,1,1,144,>15,2,31,False,True
YC18:1067,A641,2018,1,1,4,>15,2,30,False,True
YC18:1068,1538,2018,1,1,96,>15,2,29,False,True
YC18:1069,PHG29,2018,1,1,135,10,2,28,False,True
YC18:1070,FC46,2018,1,1,19,5,2,27,False,False
YC18:1071,PHB09,2018,1,1,240,>15,2,26,False,True
YC18:1072,PHW17,2018,1,1,186,19,2,25,False,True
YC18:1073,LH184,2018,1,1,117,22,2,24,False,True
YC18:1074,LH61,2018,1,1,75,14,2,23,False,True
YC18:1075,L 155,2018,1,1,115,24,2,22,False,True
YC18:1076,N193,2018,1,1,173,19,2,21,False,True
YC18:1077,LH222,2018,1,1,54,25,2,20,False,True
YC18:1078,91IFC2,2018,1,1,13,21,2,19,False,True
YC18:1079,A634,2018,1,1,148,25,2,18,False,True
YC18:1080,LH166,2018,1,1,52,19,2,17,False,True
YC18:1081,PHP76,2018,1,1,88,25,2,16,False,True
YC18:1082,PH207,2018,1,1,253,23,2,15,True,True
YC18:1083,MS1334,2018,1,1,171,22,2,14,False,True
YC18:1084,AQA3,2018,1,1,16,23,2,13,False,True
YC18:1085,A340,2018,1,1,41,27,2,12,False,True
YC18:1086,Pa392,2018,1,1,239,26,2,11,False,True
YC18:1087,PHK76,2018,1,1,243,3,2,10,False,False
YC18:1088,LH127,2018,1,1,226,14,2,9,False,True
YC18:1089,W117Ht,2018,1,1,35,20,2,8,False,True
YC18:1090,29MIBZ2,2018,1,1,39,24,2,7,False,True
YC18:1091,A635,2018,1,1,209,24,2,6,False,True
YC18:1092,ICI 740,2018,1,1,223,22,2,5,False,True
YC18:1093,NS501,2018,1,1,131,22,2,4,False,True
YC18:1094,W64A,2018,1,1,63,25,2,3,False,True
YC18:1095,B73,2018,1,1,258,26,2,2,True,True
YC18:1096,PHV37,2018,1,1,31,17,2,1,False,True
YC18:1097,LH223,2018,1,1,120,26,3,1,False,True
YC18:1098,Oh40B,2018,1,1,132,27,3,2,False,True
YC18:1099,N192,2018,1,1,130,27,3,3,False,True
YC18:1100,CA-4,2018,1,1,17,22,3,4,False,True
YC18:1101,CH711-10,2018,1,1,45,23,3,5,False,True
YC18:1102,PHVJ4,2018,1,1,8,22,3,6,False,True
YC18:1103,LH149,2018,1,1,51,25,3,7,False,True
YC18:1104,I29,2018,1,1,114,25,3,8,False,True
YC18:1105,NC262,2018,1,1,174,24,3,9,False,True
YC18:1106,MS153,2018,1,1,127,21,3,10,False,True
YC18:1107,SD102,2018,1,1,139,25,3,11,False,True
YC18:1108,B91,2018,1,1,154,>15,3,12,False,True
YC18:1109,IA2132,2018,1,1,21,>15,3,13,False,True
YC18:1110,B73,2018,1,1,257,>15,3,14,True,True
YC18:1111,B73,2018,1,1,256,>15,3,15,True,True
YC18:1112,R113,2018,1,1,245,13,3,16,False,True
YC18:1113,Va52,2018,1,1,249,15,3,17,False,True
YC18:1114,LH38,2018,1,1,121,12,3,18,False,True
YC18:1115,WR3,2018,1,1,141,>15,3,19,False,True
YC18:1116,A427,2018,1,1,99,13,3,20,False,True
YC18:1117,W182E,2018,1,1,36,15,3,21,False,True
YC18:1118,ND247,2018,1,1,57,11,3,22,False,True
YC18:1119,LH206,2018,1,1,118,>15,3,23,False,True
YC18:1120,4F-306 108,2018,1,1,146,>15,3,24,False,True
YC18:1121,DK3IIH6,2018,1,1,159,>15,3,25,False,True
YC18:1122,PHG47,2018,1,1,26,>15,3,26,False,True
YC18:1123,DK4676A,2018,1,1,108,14,3,27,False,True
YC18:1124,LH119,2018,1,1,143,>15,3,28,False,True
YC18:1125,BO9,2018,1,1,156,>15,3,29,False,True
YC18:1126,ICI581,2018,1,1,71,14,3,30,False,True
YC18:1127,A305,2018,1,1,14,>15,3,31,False,True
YC18:1128,ZS635,2018,1,1,94,>15,3,32,False,True
YC18:1129,LH74,2018,1,1,227,>15,3,33,False,True
YC18:1130,Os420,2018,1,1,238,>15,3,34,False,True
YC18:1131,LH93,2018,1,1,228,13,3,35,False,True
YC18:1132,CH157,2018,1,1,106,>15,3,36,False,True
YC18:1133,ICI 441,2018,1,1,163,14,3,37,False,True
YC18:1134,A680,2018,1,1,149,>15,3,38,False,True
YC18:1135,LH295,2018,1,1,74,>15,3,39,False,True
YC18:1136,A548,2018,1,1,42,>15,3,40,False,True
YC18:1137,PHW86,2018,1,1,34,>15,3,41,False,True
YC18:1138,Ny821,2018,1,1,177,>15,3,42,False,True
YC18:1139,PHW20,2018,1,1,33,>15,3,43,False,True
YC18:1140,W613S,2018,1,1,93,>15,3,44,False,True
YC18:1141,N6,2018,1,1,235,>15,3,45,False,True
YC18:1142,B107,2018,1,1,215,9,3,46,False,False
YC18:1143,L 139,2018,1,1,72,11,3,47,False,True
YC18:1144,CI 40H,2018,1,1,158,20,3,48,False,True
YC18:1145,A556,2018,1,1,43,19,4,48,False,True
YC18:1146,4226,2018,1,1,199,22,4,47,False,True
YC18:1147,LH82,2018,1,1,123,24,4,46,False,True
YC18:1148,PHBA6,2018,1,1,180,24,4,45,False,True
YC18:1149,C123,2018,1,1,157,11,4,44,False,True
YC18:1150,G80,2018,1,1,112,19,4,43,False,True
YC18:1151,W602S,2018,1,1,191,18,4,42,False,True
YC18:1152,B103,2018,1,1,152,22,4,41,False,True
YC18:1153,CS405,2018,1,1,47,21,4,40,False,True
YC18:1154,CM105,2018,1,1,18,22,4,39,False,True
YC18:1155,PH207,2018,1,1,252,27,4,38,True,True
YC18:1156,Mo17,2018,1,1,229,23,4,37,False,True
YC18:1157,PH207,2018,1,1,255,25,4,36,True,True
YC18:1158,PHK74,2018,1,1,28,25,4,35,False,True
YC18:1159,CR14,2018,1,1,107,5,4,34,False,False
YC18:1160,A674,2018,1,1,15,26,4,33,False,True
YC18:1161,SD101,2018,1,1,189,25,4,32,False,True
YC18:1162,Oh43,2018,1,1,25,20,4,31,False,True
YC18:1163,PHH93,2018,1,1,82,26,4,30,False,True
YC18:1164,6F629,2018,1,1,203,19,4,29,False,True
YC18:1165,PHP02,2018,1,1,86,17,4,28,False,True
YC18:1166,A672,2018,1,1,101,24,4,27,False,True
YC18:1167,PHG50,2018,1,1,136,17,4,26,False,True
YC18:1168,PHN82,2018,1,1,184,24,4,25,False,True
YC18:1169,T242,2018,1,1,9,23,4,24,False,True
YC18:1170,PHJR5,2018,1,1,84,22,4,23,False,True
YC18:1171,CR 22 INBRED,2018,1,1,66,22,4,22,False,True
YC18:1172,PHV57,2018,1,1,91,26,4,21,False,True
YC18:1173,ML606,2018,1,1,125,20,4,20,False,True
YC18:1174,ICI 893,2018,1,1,224,18,4,19,False,True
YC18:1175,911,2018,1,1,12,23,4,18,False,True
YC18:1176,L 135,2018,1,1,22,25,4,17,False,True
YC18:1177,DKFAPW,2018,1,1,160,21,4,16,False,True
YC18:1178,CH753-4,2018,1,1,46,25,4,15,False,True
YC18:1179,790,2018,1,1,64,25,4,14,False,True
YC18:1180,DKIB014,2018,1,1,221,7,4,13,False,False
YC18:1181,Ia 453,2018,1,1,20,>15,4,12,False,True
YC18:1182,PHK42,2018,1,1,137,>15,4,11,False,True
YC18:1183,A572,2018,1,1,3,>15,4,10,False,True
YC18:1184,B73,2018,1,1,260,>15,4,9,True,True
YC18:1185,PHG86,2018,1,1,242,>15,4,8,False,True
YC18:1186,LH209,2018,1,1,169,>15,4,7,False,True
YC18:1187,CR1HT,2018,1,1,119,4,4,6,False,False
YC18:1188,W612S,2018,1,1,194,>15,4,5,False,True
YC18:1189,3IJI1,2018,1,1,97,>15,4,4,False,True
YC18:1190,B87,2018,1,1,105,>15,4,3,False,True
YC18:1191,NK807,2018,1,1,59,>15,4,2,False,True
YC18:1192,PHR36,2018,1,1,244,>15,4,1,False,True
YC18:1193,PHR63,2018,1,1,185,>15,5,1,False,True
YC18:1194,W9,2018,1,1,11,>15,5,2,False,True
YC18:1195,H99,2018,1,1,113,>15,5,3,False,True
YC18:1196,R181B,2018,1,1,246,>15,5,4,False,True
YC18:1197,ICI 193,2018,1,1,70,>15,5,5,False,True
YC18:1198,ICI 986,2018,1,1,225,>15,5,6,False,True
YC18:1199,ND265,2018,1,1,6,>15,5,7,False,True
YC18:1200,BEI 10 = NORTH 10,2018,1,1,155,>15,5,8,False,True
YC18:1201,DE4,2018,1,1,219,>15,5,9,False,True
YC18:1202,B73,2018,1,1,259,>15,5,10,True,True
YC18:1203,A334,2018,1,1,40,>15,5,11,False,True
YC18:1204,Pa405,2018,1,1,178,11,5,12,False,True
YC18:1205,NORTH 7,2018,1,1,24,>15,5,13,False,True
YC18:1206,SD40,2018,1,1,248,>15,5,14,False,True
YC18:1207,PHJ89,2018,1,1,83,>15,5,15,False,True
YC18:1208,W605S,2018,1,1,193,>15,5,16,False,True
YC18:1209,LH172,2018,1,1,53,>15,5,17,False,True
YC18:1210,PHN66,2018,1,1,183,>15,5,18,False,True
YC18:1211,Mo47,2018,1,1,230,>15,5,19,False,True
YC18:1212,Lp215D,2018,1,1,55,14,5,20,False,True
YC18:1213,PHN11,2018,1,1,29,>15,5,21,False,True
YC18:1214,DKMBNA,2018,1,1,111,>15,5,22,False,True
YC18:1215,LH132 - FILL B73,2018,1,1,FILL,>15,5,23,False,True
YC18:1216,PHG72,2018,1,1,81,23,5,24,False,True
YC18:1217,INBRED 2-687,2018,1,1,164,22,5,25,False,True
YC18:1218,A632,2018,1,1,208,23,5,26,False,True
YC18:1219,Eng-Li Chih,2018,1,1,162,25,5,27,False,True
YC18:1220,LH145,2018,1,1,116,10,5,28,False,True
YC18:1221,A401,2018,1,1,206,22,5,29,False,True
YC18:1222,PHBW8,2018,1,1,134,11,5,30,False,True
YC18:1223,MS224,2018,1,1,129,26,5,31,False,True
YC18:1224,OQ603,2018,1,1,133,22,5,32,False,True
YC18:1225,IBC2,2018,1,1,69,27,5,33,False,True
YC18:1226,A682,2018,1,1,102,14,5,34,False,True
YC18:1227,PHTM9,2018,1,1,30,22,5,35,False,True
YC18:1228,W552,2018,1,1,62,24,5,36,False,True
YC18:1229,2FADB,2018,1,1,201,16,5,37,False,True
YC18:1230,NK778,2018,1,1,58,19,5,38,False,True
YC18:1231,L 127,2018,1,1,50,16,5,39,False,True
YC18:1232,A73,2018,1,1,103,18,5,40,False,True
YC18:1233,78010,2018,1,1,200,19,5,41,False,True
YC18:1234,H42,2018,1,1,222,16,5,42,False,True
YC18:1235,MS116,2018,1,1,5,20,5,43,False,True
YC18:1236,2MA22,2018,1,1,202,23,5,44,False,True
YC18:1237,LH198,2018,1,1,168,22,5,45,False,True
YC18:1238,DJ7,2018,1,1,196,24,5,46,False,True
YC18:1239,PHT69,2018,1,1,90,13,5,47,False,True
YC18:1240,SD107,2018,1,1,247,17,5,48,False,True
YC18:1241,MS71,2018,1,1,172,26,6,48,False,True
YC18:1242,A322,2018,1,1,1,20,6,47,False,True
YC18:1243,B114,2018,1,1,216,19,6,46,False,True
YC18:1244,NY 159 (Neveh Yaar),2018,1,1,176,>15,6,45,False,True
YC18:1245,OS602,2018,1,1,80,26,6,44,False,True
YC18:1246,A659,2018,1,1,211,18,6,43,False,True
YC18:1247,PHG80,2018,1,1,241,23,6,42,False,True
YC18:1248,IBB15,2018,1,1,49,26,6,41,False,True
YC18:1249,B-28,2018,1,1,214,25,6,40,False,True
YC18:1250,PHG71,2018,1,1,60,24,6,39,False,True
YC18:1251,764,2018,1,1,95,26,6,38,False,True
YC18:1252,W8304,2018,1,1,195,>15,6,37,False,True
YC18:1253,NC310,2018,1,1,236,>15,6,36,False,True
YC18:1254,PH207,2018,1,1,251,>15,6,35,True,True
YC18:1255,PHW30,2018,1,1,187,>15,6,34,False,True
YC18:1256,B85,2018,1,1,104,>15,6,33,False,True
YC18:1257,MQ305,2018,1,1,126,>15,6,32,False,True
YC18:1258,MS226,2018,1,1,233,>15,6,31,False,True
YC18:1259,793,2018,1,1,37,>15,6,30,False,True
YC18:1260,DKFBHJ,2018,1,1,110,>15,6,29,False,True
YC18:1261,LH60,2018,1,2,342,13,6,28,False,True
YC18:1262,Va102,2018,1,2,453,4,6,27,False,False
YC18:1263,B47,2018,1,2,403,>15,6,26,False,True
YC18:1264,LH192,2018,1,2,423,>15,6,25,False,True
YC18:1265,W611S,2018,1,2,284,>15,6,24,False,True
YC18:1266,N211,2018,1,2,349,>15,6,23,False,True
YC18:1267,PHW43,2018,1,2,376,0,6,22,False,False
YC18:1268,DE2,2018,1,2,409,>15,6,21,False,True
YC18:1269,W606S,2018,1,2,386,>15,6,20,False,True
YC18:1270,PHR03,2018,1,2,444,>15,6,19,False,True
YC18:1271,N501,2018,1,2,352,>15,6,18,False,True
YC18:1272,B68,2018,1,2,477,>15,6,17,False,True
YC18:1273,LH215,2018,1,2,339,12,6,16,False,True
YC18:1274,PHK29,2018,1,2,442,>15,6,15,False,True
YC18:1275,J8606,2018,1,2,326,8,6,14,False,False
YC18:1276,Oh7,2018,1,2,362,>15,6,13,False,True
YC18:1277,Va22,2018,1,2,454,12,6,12,False,True
YC18:1278,B46,2018,1,2,402,>15,6,11,False,True
YC18:1279,F2834T,2018,1,2,412,>15,6,10,False,True
YC18:1280,LH128,2018,1,2,331,>15,6,9,False,True
YC18:1281,MM501D,2018,1,2,345,9,6,8,False,False
YC18:1282,YONG 28,2018,1,2,287,11,6,7,False,True
YC18:1283,R227,2018,1,2,450,>15,6,6,False,True
YC18:1284,NC368,2018,1,2,499,12,6,5,False,True
YC18:1285,NC328,2018,1,2,357,11,6,4,False,True
YC18:1286,NY 166 (Neveh Yaar),2018,1,2,360,12,6,3,False,True
YC18:1287,Tr,2018,1,2,381,>15,6,2,False,True
YC18:1288,W809G,2018,1,2,461,23,6,1,False,True
YC18:1289,H71,2018,1,2,317,22,7,1,False,True
YC18:1290,F118,2018,1,2,481,26,7,2,False,True
YC18:1291,Pa91,2018,1,2,501,20,7,3,False,True
YC18:1292,CG102,2018,1,2,308,23,7,4,False,True
YC18:1293,B108,2018,1,2,399,27,7,5,False,True
YC18:1294,B97,2018,1,2,407,23,7,6,False,True
YC18:1295,LH195,2018,1,2,335,19,7,7,False,True
YC18:1296,PHJ33,2018,1,2,441,19,7,8,False,True
YC18:1297,B73,2018,1,2,516,26,7,9,True,True
YC18:1298,PHN46,2018,1,2,368,22,7,10,False,True
YC18:1299,A797NW,2018,1,2,296,19,7,11,False,True
YC18:1300,PHW53,2018,1,2,447,21,7,12,False,True
YC18:1301,LH65,2018,1,2,492,22,7,13,False,True
YC18:1302,PHEG9,2018,1,2,502,27,7,14,False,True
YC18:1303,B65,2018,1,2,404,18,7,15,False,True
YC18:1304,NY6371,2018,1,2,437,20,7,16,False,True
YC18:1305,ZS365,2018,1,2,288,26,7,17,False,True
YC18:1306,Pa762,2018,1,2,439,19,7,18,False,True
YC18:1307,LP1 NR HT,2018,1,2,266,24,7,19,False,True
YC18:1308,N215,2018,1,2,350,1,7,20,False,False
YC18:1309,Mo46,2018,1,2,346,14,7,21,False,True
YC18:1310,IDS69,2018,1,2,486,20,7,22,False,True
YC18:1311,WIL901,2018,1,2,470,18,7,23,False,True
YC18:1312,W803G,2018,1,2,460,23,7,24,False,True
YC18:1313,PH207,2018,1,2,512,27,7,25,True,True
YC18:1314,W610S,2018,1,2,459,22,7,26,False,True
YC18:1315,B111,2018,1,2,298,21,7,27,False,True
YC18:1316,LH197,2018,1,2,262,16,7,28,False,True
YC18:1317,LH193,2018,1,2,334,2,7,29,False,False
YC18:1318,INBRED 109,2018,1,2,487,14,7,30,False,True
YC18:1319,Va59,2018,1,2,456,13,7,31,False,True
YC18:1320,B121,2018,1,2,301,20,7,32,False,True
YC18:1321,PHR31,2018,1,2,370,23,7,33,False,True
YC18:1322,NC250,2018,1,2,497,26,7,34,False,True
YC18:1323,DE811,2018,1,2,480,25,7,35,False,True
YC18:1324,PHM10,2018,1,2,273,>15,7,36,False,True
YC18:1325,MS24A,2018,1,2,429,>15,7,37,False,True
YC18:1326,NC294,2018,1,2,434,>15,7,38,False,True
YC18:1327,NC342,2018,1,2,436,>15,7,39,False,True
YC18:1328,LH213,2018,1,2,337,10,7,40,False,True
YC18:1329,B98,2018,1,2,408,2,7,41,False,False
YC18:1330,PHT47,2018,1,2,374,>15,7,42,False,True
YC18:1331,W814G,2018,1,2,290,5,7,43,False,False
YC18:1332,H113,2018,1,2,482,>15,7,44,False,True
YC18:1333,W821G,2018,1,2,286,>15,7,45,False,True
YC18:1334,B110,2018,1,2,400,>15,7,46,False,True
YC18:1335,R226,2018,1,2,449,>15,7,47,False,True
YC18:1336,W32,2018,1,2,458,>15,7,48,False,True
YC18:1337,CQ702RC,2018,1,2,312,>15,8,48,False,True
YC18:1338,B164,2018,1,2,303,>15,8,47,False,True
YC18:1339,W22,2018,1,2,383,>15,8,46,False,True
YC18:1340,YING-55,2018,1,2,393,>15,8,45,False,True
YC18:1341,E8501,2018,1,2,411,>15,8,44,False,True
YC18:1342,LH194,2018,1,2,424,>15,8,43,False,True
YC18:1343,N7A,2018,1,2,433,>15,8,42,False,True
YC18:1344,S8326,2018,1,2,278,12,8,41,False,True
YC18:1345,LH1,2018,1,2,330,>15,8,40,False,True
YC18:1346,PHT22,2018,1,2,373,8,8,39,False,False
YC18:1347,HUOBAI,2018,1,2,485,>15,8,38,False,True
YC18:1348,H122w,2018,1,2,483,>15,8,37,False,True
YC18:1349,PHZ51,2018,1,2,379,>15,8,36,False,True
YC18:1350,PHV63,2018,1,2,505,>15,8,35,False,True
YC18:1351,B73,2018,1,2,520,>15,8,34,True,True
YC18:1352,N527,2018,1,2,354,>15,8,33,False,True
YC18:1353,A,2018,1,2,397,>15,8,32,False,True
YC18:1354,Va17,2018,1,2,507,>15,8,31,False,True
YC18:1355,4N506,2018,1,2,293,>15,8,30,False,True
YC18:1356,ND259,2018,1,2,291,>15,8,29,True,True
YC18:1357,K55,2018,1,2,490,>15,8,28,False,True
YC18:1358,Seagull Seventeen,2018,1,2,279,>15,8,27,False,True
YC18:1359,B70,2018,1,2,305,11,8,26,False,False
YC18:1360,PH207,2018,1,2,514,27,8,25,True,True
YC18:1361,W37A,2018,1,2,282,19,8,24,False,True
YC18:1362,NC290A,2018,1,2,498,19,8,23,False,True
YC18:1363,Yu796 NS,2018,1,2,468,23,8,22,False,True
YC18:1364,Wf9,2018,1,2,390,12,8,21,False,True
YC18:1365,NK740,2018,1,2,358,23,8,20,False,True
YC18:1366,PHJ70,2018,1,2,365,23,8,19,False,True
YC18:1367,MS221,2018,1,2,347,22,8,18,False,True
YC18:1368,MBWZ,2018,1,2,344,21,8,17,False,True
YC18:1369,K41,2018,1,2,421,25,8,16,False,True
YC18:1370,AusTRCF 306238,2018,1,2,398,16,8,15,False,True
YC18:1371,LH199,2018,1,2,263,6,8,14,False,False
YC18:1372,WIL900,2018,1,2,508,>15,8,13,False,True
YC18:1373,WXB6,2018,1,2,466,21,8,12,False,True
YC18:1374,NKS8326,2018,1,2,359,17,8,11,False,True
YC18:1375,A321,2018,1,2,295,18,8,10,False,True
YC18:1376,W24,2018,1,2,385,22,8,9,False,True
YC18:1377,DE3,2018,1,2,410,>15,8,8,False,True
YC18:1378,FR19,2018,1,2,413,22,8,7,False,True
YC18:1379,N218,2018,1,2,431,24,8,6,False,True
YC18:1380,PHK93,2018,1,2,367,13,8,5,False,True
YC18:1381,NS701,2018,1,2,268,22,8,4,False,True
YC18:1382,2MCDB,2018,1,2,292,14,8,3,False,True
YC18:1383,PHT10,2018,1,2,372,26,8,2,False,True
YC18:1384,H96,2018,1,2,484,13,8,1,False,True
YC18:1385,Va26,2018,1,2,382,17,9,1,False,True
YC18:1386,N209,2018,1,2,496,25,9,2,False,True
YC18:1387,H95,2018,1,2,319,18,9,3,False,True
YC18:1388,Mo1W,2018,1,2,428,20,9,4,False,True
YC18:1389,N200,2018,1,2,495,>15,9,5,False,True
YC18:1390,L 289,2018,1,2,329,25,9,6,False,True
YC18:1391,PHT55,2018,1,2,375,25,9,7,False,True
YC18:1392,6M502A,2018,1,2,395,25,9,8,False,True
YC18:1393,N217,2018,1,2,430,26,9,9,False,True
YC18:1394,H5,2018,1,2,316,21,9,10,False,True
YC18:1395,WIL903,2018,1,2,391,20,9,11,False,True
YC18:1396,N542,2018,1,2,356,>15,9,12,False,True
YC18:1397,W819G,2018,1,2,464,>15,9,13,False,True
YC18:1398,R71,2018,1,2,452,>15,9,14,False,True
YC18:1399,LH204,2018,1,2,264,>15,9,15,False,True
YC18:1400,B2,2018,1,2,475,>15,9,16,False,True
YC18:1401,PHK56,2018,1,2,366,>15,9,17,False,True
YC18:1402,B73,2018,1,2,517,>15,9,18,True,True
YC18:1403,LH208,2018,1,2,336,>15,9,19,False,True
YC18:1404,INBRED 141,2018,1,2,419,>15,9,20,False,True
YC18:1405,CO257,2018,1,2,310,>15,9,21,False,True
YC18:1406,B66,2018,1,2,405,>15,9,22,False,True
YC18:1407,B75,2018,1,2,306,12,9,23,False,True
YC18:1408,PHG83,2018,1,2,270,>15,9,24,False,True
YC18:1409,Il778d,2018,1,2,322,6,9,25,False,False
YC18:1410,N28Ht,2018,1,2,351,>15,9,26,False,True
YC18:1411,6M502,2018,1,2,394,>15,9,27,False,True
YC18:1412,B73,2018,1,2,518,>15,9,28,True,True
YC18:1413,B77,2018,1,2,478,>15,9,29,False,True
YC18:1414,VaW6,2018,1,2,457,>15,9,30,False,True
YC18:1415,Mo5,2018,1,2,494,>15,9,31,False,False
YC18:1416,INBRED 305,2018,1,2,420,>15,9,32,False,True
YC18:1417,B119,2018,1,2,299,>15,9,33,False,True
YC18:1418,B109,2018,1,2,297,>15,9,34,False,True
YC18:1419,PHPR5,2018,1,2,369,>15,9,35,False,True
YC18:1420,PHHH9,2018,1,2,271,>15,9,36,False,True
YC18:1421,KUNG-70,2018,1,2,328,>15,9,37,False,True
YC18:1422,PHG35,2018,1,2,503,0,9,38,False,False
YC18:1423,CO258,2018,1,2,311,10,9,39,False,True
YC18:1424,HP301,2018,1,2,416,>15,9,40,False,True
YC18:1425,W811G,2018,1,2,285,>15,9,41,False,True
YC18:1426,R229,2018,1,2,451,>15,9,42,False,True
YC18:1427,LH205,2018,1,2,425,>15,9,43,False,True
YC18:1428,MBST,2018,1,2,343,6,9,44,False,False
YC18:1429,WU-TAN-TZAO,2018,1,2,392,12,9,45,False,True
YC18:1430,PHN34,2018,1,2,504,>15,9,46,False,True
YC18:1431,PHWG5,2018,1,2,378,>15,9,47,False,True
YC18:1432,B14,2018,1,2,401,23,9,48,False,True
YC18:1433,NC326,2018,1,2,435,24,10,48,False,True
YC18:1434,B57,2018,1,2,476,22,10,47,False,True
YC18:1435,4F-35 BK,2018,1,2,509,12,10,46,False,True
YC18:1436,H105W,2018,1,2,313,22,10,45,False,True
YC18:1437,W815G,2018,1,2,462,11,10,44,False,True
YC18:1438,H84,2018,1,2,415,23,10,43,False,True
YC18:1439,W817G,2018,1,2,463,>15,10,42,False,True
YC18:1440,H110,2018,1,2,414,24,10,41,False,True
YC18:1441,PH207,2018,1,2,515,27,10,40,True,True
YC18:1442,A619,2018,1,2,473,22,10,39,False,True
YC18:1443,CH701-30,2018,1,2,309,24,10,38,False,True
YC18:1444,IDS28,2018,1,2,417,27,10,37,False,True
YC18:1445,Pa880,2018,1,2,440,26,10,36,False,True
YC18:1446,K150,2018,1,2,327,23,10,35,False,True
YC18:1447,PHR62,2018,1,2,446,11,10,34,False,True
YC18:1448,R177,2018,1,2,510,21,10,33,False,True
YC18:1449,Os426,2018,1,2,438,27,10,32,False,True
YC18:1450,N28,2018,1,2,432,4,10,31,False,False
YC18:1451,H121,2018,1,2,315,24,10,30,False,True
YC18:1452,TZU-CHIAO-HSI-WU 105,2018,1,2,281,23,10,29,False,True
YC18:1453,LH190,2018,1,2,333,27,10,28,False,True
YC18:1454,B88,2018,1,2,307,23,10,27,False,True
YC18:1455,B73,2018,1,2,519,27,10,26,True,True
YC18:1456,87916W,2018,1,2,396,25,10,25,False,True
YC18:1457,B120,2018,1,2,300,27,10,24,False,True
YC18:1458,Va35,2018,1,2,455,24,10,23,False,True
YC18:1459,PHW79,2018,1,2,377,4,10,22,False,False
YC18:1460,PH207,2018,1,2,513,27,10,21,True,True
YC18:1461,PHV78,2018,1,2,506,11,10,20,False,True
YC18:1462,J47,2018,1,2,488,21,10,19,False,True
YC18:1463,LH59,2018,1,2,341,11,10,18,False,True
YC18:1464,B37,2018,1,2,304,22,10,17,False,True
YC18:1465,N534,2018,1,2,355,23,10,16,False,True
YC18:1466,33-16,2018,1,2,471,19,10,15,False,True
YC18:1467,OC19,2018,1,2,361,13,10,14,False,True
YC18:1468,M14,2018,1,2,493,>15,10,13,False,True
YC18:1469,W813G,2018,1,2,389,>15,10,12,False,True
YC18:1470,LH214,2018,1,2,338,>15,10,11,False,True
YC18:1471,YE 4,2018,1,2,467,>15,10,10,False,True
YC18:1472,W820G,2018,1,2,465,>15,10,9,False,True
YC18:1473,PHW65,2018,1,2,448,5,10,8,False,False
YC18:1474,LH181,2018,1,2,332,10,10,7,False,True
YC18:1475,PHBB3,2018,1,2,364,>15,10,6,False,True
YC18:1476,PHW52,2018,1,2,276,>15,10,5,False,True
YC18:1477,NC412,2018,1,2,500,>15,10,4,False,True
YC18:1478,ND259,2018,1,2,267,>15,10,3,True,True
YC18:1479,B104,2018,1,2,474,>15,10,2,False,True
YC18:1480,PHP85,2018,1,2,443,>15,10,1,False,True
YC18:1481,DK78371A,2018,1,2,289,7,11,1,False,False
YC18:1482,INBRED 321,2018,1,2,325,>15,11,2,False,True
YC18:1483,B84,2018,1,2,406,13,11,3,False,True
YC18:1484,W812G,2018,1,2,388,5,11,4,False,False
YC18:1485,R168,2018,1,2,277,>15,11,5,False,True
YC18:1486,PHR47,2018,1,2,275,>15,11,6,False,True
YC18:1487,Pa778,2018,1,2,363,11,11,7,False,True
YC18:1488,4F-234 BX 4,2018,1,2,472,13,11,8,False,True
YC18:1489,78551S,2018,1,2,294,6,11,9,False,False
YC18:1490,PH207,2018,1,2,511,>15,11,10,True,True
YC18:1491,Pa875,2018,1,2,269,>15,11,11,False,True
YC18:1492,PHR58,2018,1,2,445,10,11,12,False,True
YC18:1493,B79,2018,1,2,479,11,11,13,False,True
YC18:1494,H91,2018,1,2,318,>15,11,14,False,True
YC18:1495,B14A,2018,1,2,302,>15,11,15,False,True
YC18:1496,INBRED 309,2018,1,2,324,>15,11,16,False,True
YC18:1497,Hy,2018,1,2,321,>15,11,17,False,True
YC18:1498,B105,2018,1,2,469,>15,11,18,False,True
YC18:1499,PHN29,2018,1,2,274,>15,11,19,False,True
YC18:1500,LH191,2018,1,2,422,12,11,20,False,True
YC18:1501,LH211,2018,1,2,491,13,11,21,False,True
YC18:1502,W810G,2018,1,2,387,>15,11,22,False,True
YC18:1503,SG 30A,2018,1,2,280,>15,11,23,False,True
YC18:1504,K47,2018,1,2,489,24,11,24,False,True
YC18:1505,LH216,2018,1,2,426,25,11,25,False,True
YC18:1506,LH227,2018,1,2,265,24,11,26,False,True
YC18:1507,MS67,2018,1,2,348,20,11,27,False,True
YC18:1508,N523,2018,1,2,353,22,11,28,False,True
YC18:1509,HUANYAO,2018,1,2,320,11,11,29,False,True
YC18:1510,PHK35,2018,1,2,272,26,11,30,False,True
YC18:1511,PHR55,2018,1,2,371,11,11,31,False,True
YC18:1512,H114,2018,1,2,314,13,11,32,False,True
YC18:1513,LH224,2018,1,2,340,12,11,33,False,True
YC18:1514,INB 101LFY/LFY (A632 X M16 S5),2018,1,2,323,21,11,34,False,True
YC18:1515,W607S,2018,1,2,283,21,11,35,False,True
YC18:1516,W23,2018,1,2,384,24,11,36,False,True
YC18:1517,LH185,2018,1,2,261,19,11,37,False,True
YC18:1518,R78,2018,1,2,380,22,11,38,False,True
YC18:1519,MBPM,2018,1,2,427,24,11,39,False,True
YC18:1520,IDS91,2018,1,2,418,19,11,40,False,True
YC18:2001,PHW17,2018,2,1,186,20,11,41,False,True
YC18:2002,ICI 893,2018,2,1,224,21,11,42,False,True
YC18:2003,PHW20,2018,2,1,33,22,11,43,False,True
YC18:2004,W8304,2018,2,1,195,22,11,44,False,True
YC18:2005,Oh43,2018,2,1,25,19,11,45,False,True
YC18:2006,H42,2018,2,1,222,>15,11,46,False,True
YC18:2007,WR3,2018,2,1,141,20,11,47,False,True
YC18:2008,PHR30,2018,2,1,89,23,11,48,False,True
YC18:2009,LH93,2018,2,1,228,17,12,48,False,True
YC18:2010,A73,2018,2,1,103,27,12,47,False,True
YC18:2011,PHW86,2018,2,1,34,25,12,46,False,True
YC18:2012,LH74,2018,2,1,227,25,12,45,False,True
YC18:2013,AS6103,2018,2,1,213,24,12,44,False,True
YC18:2014,NY 159 (Neveh Yaar),2018,2,1,176,21,12,43,False,True
YC18:2015,PHK74,2018,2,1,28,27,12,42,False,True
YC18:2016,NK778,2018,2,1,58,23,12,41,False,True
YC18:2017,A572,2018,2,1,3,24,12,40,False,True
YC18:2018,IA2132,2018,2,1,21,26,12,39,False,True
YC18:2019,B103,2018,2,1,152,26,12,38,False,True
YC18:2020,L 135,2018,2,1,22,>15,12,37,False,True
YC18:2021,W117Ht,2018,2,1,35,>15,12,36,False,True
YC18:2022,W613S,2018,2,1,93,14,12,35,False,False
YC18:2023,LIBC 4,2018,2,1,76,>15,12,34,False,True
YC18:2024,DJ7,2018,2,1,196,>15,12,33,False,True
YC18:2025,Ny821,2018,2,1,177,>15,12,32,False,True
YC18:2026,MS226,2018,2,1,233,>15,12,31,False,True
YC18:2027,2FADB,2018,2,1,201,9,12,30,False,False
YC18:2028,W701BC,2018,2,1,10,>15,12,29,False,True
YC18:2029,MS224,2018,2,1,129,>15,12,28,False,True
YC18:2030,LH198,2018,2,1,168,>15,12,27,False,True
YC18:2031,R181B,2018,2,1,246,>15,12,26,False,True
YC18:2032,BO9,2018,2,1,156,>15,12,25,False,True
YC18:2033,PHVJ4,2018,2,1,8,>15,12,24,False,True
YC18:2034,764,2018,2,1,95,>15,12,23,False,True
YC18:2035,PHN82,2018,2,1,184,>15,12,22,False,True
YC18:2036,B115,2018,2,1,217,>15,12,21,False,True
YC18:2037,B114,2018,2,1,216,>15,12,20,False,True
YC18:2038,CR14,2018,2,1,107,9,12,19,False,False
YC18:2039,L 139,2018,2,1,72,>15,12,18,False,True
YC18:2040,W9,2018,2,1,11,>15,12,17,False,True
YC18:2041,4226,2018,2,1,199,>15,12,16,False,True
YC18:2042,PHJ89,2018,2,1,83,>15,12,15,False,True
YC18:2043,N193,2018,2,1,173,>15,12,14,False,True
YC18:2044,LH145,2018,2,1,116,12,12,13,False,True
YC18:2045,PH207,2018,2,1,254,>15,12,12,True,True
YC18:2046,G80,2018,2,1,112,>15,12,11,False,True
YC18:2047,N201,2018,2,1,234,>15,12,10,False,True
YC18:2048,PHVA9,2018,2,1,32,>15,12,9,False,True
YC18:2049,CA-4,2018,2,1,17,>15,12,8,False,True
YC18:2050,A272,2018,2,1,205,>15,12,7,False,True
YC18:2051,OS602,2018,2,1,80,>15,12,6,False,True
YC18:2052,A663,2018,2,1,212,>15,12,5,False,True
YC18:2053,A258,2018,2,1,147,>15,12,4,False,True
YC18:2054,MS200,2018,2,1,128,>15,12,3,False,True
YC18:2055,SD44,2018,2,1,190,>15,12,2,False,True
YC18:2056,Pa392,2018,2,1,239,24,12,1,False,True
YC18:2057,A305,2018,2,1,14,18,13,1,False,True
YC18:2058,Mo47,2018,2,1,230,23,13,2,False,True
YC18:2059,N197,2018,2,1,79,18,13,3,False,True
YC18:2060,CH9,2018,2,1,142,25,13,4,False,True
YC18:2061,LH206,2018,2,1,118,24,13,5,False,True
YC18:2062,PHP02,2018,2,1,86,18,13,6,False,True
YC18:2063,1538,2018,2,1,96,22,13,7,False,True
YC18:2064,LH61,2018,2,1,75,14,13,8,False,True
YC18:2065,MS1334,2018,2,1,171,22,13,9,False,True
YC18:2066,W612S,2018,2,1,194,23,13,10,False,True
YC18:2067,BEI 10 = NORTH 10,2018,2,1,155,20,13,11,False,True
YC18:2068,2MA22,2018,2,1,202,17,13,12,False,True
YC18:2069,PHGW7,2018,2,1,27,26,13,13,False,True
YC18:2070,PHB09,2018,2,1,240,27,13,14,False,True
YC18:2071,ML606,2018,2,1,125,20,13,15,False,True
YC18:2072,A674,2018,2,1,15,27,13,16,False,True
YC18:2073,LH202,2018,2,1,73,24,13,17,False,True
YC18:2074,LH184,2018,2,1,117,27,13,18,False,True
YC18:2075,MS72,2018,2,1,56,21,13,19,False,True
YC18:2076,LH57,2018,2,1,170,6,13,20,False,False
YC18:2077,PHP55,2018,2,1,87,24,13,21,False,True
YC18:2078,LP5,2018,2,1,77,27,13,22,False,True
YC18:2079,DK78010,2018,2,1,220,24,13,23,False,True
YC18:2080,A374,2018,2,1,98,20,13,24,False,True
YC18:2081,91IFC2,2018,2,1,13,23,13,25,False,True
YC18:2082,ICI581,2018,2,1,71,22,13,26,False,True
YC18:2083,A672,2018,2,1,101,27,13,27,False,True
YC18:2084,78010,2018,2,1,200,21,13,28,False,True
YC18:2085,B107,2018,2,1,215,19,13,29,False,True
YC18:2086,PHP76,2018,2,1,88,23,13,30,False,True
YC18:2087,A427,2018,2,1,99,24,13,31,False,True
YC18:2088,PHW80,2018,2,1,188,23,13,32,False,True
YC18:2089,W64A,2018,2,1,63,26,13,33,False,True
YC18:2090,LH165,2018,2,1,167,23,13,34,False,True
YC18:2091,B73,2018,2,1,258,20,13,35,True,True
YC18:2092,PHG50,2018,2,1,136,>15,13,36,False,True
YC18:2093,A680,2018,2,1,149,>15,13,37,False,True
YC18:2094,W603S,2018,2,1,140,>15,13,38,False,True
YC18:2095,B73,2018,2,1,257,>15,13,39,True,True
YC18:2096,DE4,2018,2,1,219,>15,13,40,False,True
YC18:2097,PHN11,2018,2,1,29,>15,13,41,False,True
YC18:2098,NC310,2018,2,1,236,>15,13,42,False,True
YC18:2099,B-18 INBR.FR.SUPERGOLD,2018,2,1,151,>15,13,43,False,True
YC18:2100,PHH93,2018,2,1,82,>15,13,44,False,True
YC18:2101,ND265,2018,2,1,6,>15,13,45,False,True
YC18:2102,Eng-Li Chih,2018,2,1,162,>15,13,46,False,True
YC18:2103,Ia 453,2018,2,1,20,>15,13,47,False,True
YC18:2104,PHV37,2018,2,1,31,>15,13,48,False,True
YC18:2105,LH166,2018,2,1,52,>15,14,48,False,True
YC18:2106,PHG72,2018,2,1,81,>15,14,47,False,True
YC18:2107,OQ403,2018,2,1,7,>15,14,46,False,True
YC18:2108,PHG47,2018,2,1,26,>15,14,45,False,True
YC18:2109,H99,2018,2,1,113,>15,14,44,False,True
YC18:2110,790,2018,2,1,64,>15,14,43,False,True
YC18:2111,B91,2018,2,1,154,>15,14,42,False,True
YC18:2112,MS71,2018,2,1,172,>15,14,41,False,True
YC18:2113,W182E,2018,2,1,36,>15,14,40,False,True
YC18:2114,FC46,2018,2,1,19,8,14,39,False,False
YC18:2115,Lp215D,2018,2,1,55,14,14,38,False,True
YC18:2116,L 127,2018,2,1,50,>15,14,37,False,True
YC18:2117,LH295,2018,2,1,74,>15,14,36,False,True
YC18:2118,PHW30,2018,2,1,187,>15,14,35,False,True
YC18:2119,A548,2018,2,1,42,>15,14,34,False,True
YC18:2120,PHV57,2018,2,1,91,>15,14,33,False,True
YC18:2121,W153R,2018,2,1,61,>15,14,32,False,True
YC18:2122,DKFBHJ,2018,2,1,110,>15,14,31,False,True
YC18:2123,DK78002A,2018,2,1,109,>15,14,30,False,True
YC18:2124,DKIB014,2018,2,1,221,>15,14,29,False,True
YC18:2125,MQ305,2018,2,1,126,>15,14,28,False,True
YC18:2126,W605S,2018,2,1,193,>15,14,27,False,True
YC18:2127,PH207,2018,2,1,255,>15,14,26,True,True
YC18:2128,3IJI1,2018,2,1,97,19,14,25,False,True
YC18:2129,SD107,2018,2,1,247,21,14,24,False,True
YC18:2130,DKPB80,2018,2,1,161,27,14,23,False,True
YC18:2131,A385,2018,2,1,2,21,14,22,False,True
YC18:2132,ICI 740,2018,2,1,223,25,14,21,False,True
YC18:2133,N6,2018,2,1,235,23,14,20,False,True
YC18:2134,CH157,2018,2,1,106,23,14,19,False,True
YC18:2135,LH143 (Maintainer),2018,2,1,166,25,14,18,False,True
YC18:2136,FBLA,2018,2,1,68,24,14,17,False,True
YC18:2137,Va99,2018,2,1,250,26,14,16,False,True
YC18:2138,PH207,2018,2,1,253,27,14,15,True,True
YC18:2139,PHG86,2018,2,1,242,23,14,14,False,True
YC18:2140,A556,2018,2,1,43,24,14,13,False,True
YC18:2141,EAST 028,2018,2,1,67,25,14,12,False,True
YC18:2142,PHG29,2018,2,1,135,17,14,11,False,True
YC18:2143,SD40,2018,2,1,248,25,14,10,False,True
YC18:2144,LH223,2018,2,1,120,25,14,9,False,True
YC18:2145,DKMBNA,2018,2,1,111,26,14,8,False,True
YC18:2146,LH146Ht,2018,2,1,23,23,14,7,False,True
YC18:2147,I29,2018,2,1,114,23,14,6,False,True
YC18:2148,LH127,2018,2,1,226,4,14,5,False,False
YC18:2149,NC262,2018,2,1,174,17,14,4,False,True
YC18:2150,PHR36,2018,2,1,244,24,14,3,False,True
YC18:2151,NK807,2018,2,1,59,25,14,2,False,True
YC18:2152,PHW03,2018,2,1,92,22,14,1,False,True
YC18:2153,CR 22 INBRED,2018,2,1,66,18,15,1,False,True
YC18:2154,PH207,2018,2,1,252,27,15,2,True,True
YC18:2155,PHK42,2018,2,1,137,26,15,3,False,True
YC18:2156,N192,2018,2,1,130,19,15,4,False,True
YC18:2157,LH222,2018,2,1,54,21,15,5,False,True
YC18:2158,PHHV4,2018,2,1,181,25,15,6,False,True
YC18:2159,NQ508,2018,2,1,175,24,15,7,False,True
YC18:2160,PHR63,2018,2,1,185,23,15,8,False,True
YC18:2161,Oh40B,2018,2,1,132,21,15,9,False,True
YC18:2162,SD102,2018,2,1,139,22,15,10,False,True
YC18:2163,A659,2018,2,1,211,25,15,11,False,True
YC18:2164,PHBW8,2018,2,1,134,11,15,12,False,True
YC18:2165,Pa405,2018,2,1,178,>15,15,13,False,True
YC18:2166,PHT69,2018,2,1,90,10,15,14,False,True
YC18:2167,912,2018,2,1,38,>15,15,15,False,True
YC18:2168,B-28,2018,2,1,214,>15,15,16,False,True
YC18:2169,NORTH 7,2018,2,1,24,>15,15,17,False,True
YC18:2170,PHJ90,2018,2,1,182,>15,15,18,False,True
YC18:2171,4F-306 108,2018,2,1,146,>15,15,19,False,True
YC18:2172,911,2018,2,1,12,>15,15,20,False,True
YC18:2173,Mo17,2018,2,1,229,>15,15,21,False,True
YC18:2174,C123,2018,2,1,157,10,15,22,False,True
YC18:2175,AQA3,2018,2,1,16,>15,15,23,False,True
YC18:2176,A641,2018,2,1,4,>15,15,24,False,True
YC18:2177,DK4676A,2018,2,1,108,>15,15,25,False,True
YC18:2178,W552,2018,2,1,62,>15,15,26,False,True
YC18:2179,PH207,2018,2,1,251,>15,15,27,True,True
YC18:2180,MS211,2018,2,1,232,>15,15,28,False,True
YC18:2181,R113,2018,2,1,245,11,15,29,False,True
YC18:2182,Va52,2018,2,1,249,>15,15,30,False,True
YC18:2183,A340,2018,2,1,41,>15,15,31,False,True
YC18:2184,LH82,2018,2,1,123,>15,15,32,False,True
YC18:2185,LH172,2018,2,1,53,>15,15,33,False,True
YC18:2186,PHN66,2018,2,1,183,>15,15,34,False,True
YC18:2187,A334,2018,2,1,40,>15,15,35,False,True
YC18:2188,ICI 441,2018,2,1,163,>15,15,36,False,True
YC18:2189,Os420,2018,2,1,238,>15,15,37,False,True
YC18:2190,IBB15,2018,2,1,49,>15,15,38,False,True
YC18:2191,2FACC,2018,2,1,145,>15,15,39,False,True
YC18:2192,T242,2018,2,1,9,>15,15,40,False,True
YC18:2193,OH33,2018,2,1,237,>15,15,41,False,True
YC18:2194,PHTM9,2018,2,1,30,>15,15,42,False,True
YC18:2195,ND247,2018,2,1,57,14,15,43,False,True
YC18:2196,CH753-4,2018,2,1,46,>15,15,44,False,True
YC18:2197,PHG80,2018,2,1,241,>15,15,45,False,True
YC18:2198,A322,2018,2,1,1,>15,15,46,False,True
YC18:2199,MS116,2018,2,1,5,>15,15,47,False,True
YC18:2200,793,2018,2,1,37,>15,15,48,False,True
YC18:2201,A239,2018,2,1,204,24,16,48,False,True
YC18:2202,CR1HT,2018,2,1,119,4,16,47,False,False
YC18:2203,LH149,2018,2,1,51,27,16,46,False,True
YC18:2204,W604S,2018,2,1,192,22,16,45,False,True
YC18:2205,792,2018,2,1,197,11,16,44,False,True
YC18:2206,A635,2018,2,1,209,24,16,43,False,True
YC18:2207,A634,2018,2,1,148,19,16,42,False,True
YC18:2208,CS405,2018,2,1,47,25,16,41,False,True
YC18:2209,ICI 193,2018,2,1,70,24,16,40,False,True
YC18:2210,PHBA6,2018,2,1,180,27,16,39,False,True
YC18:2211,MEF156-55-2,2018,2,1,124,18,16,38,False,True
YC18:2212,29MIBZ2,2018,2,1,39,26,16,37,False,True
YC18:2213,MS132,2018,2,1,231,22,16,36,False,True
YC18:2214,PHJR5,2018,2,1,84,25,16,35,False,True
YC18:2215,PHG71,2018,2,1,60,24,16,34,False,True
YC18:2216,IBB14,2018,2,1,48,>15,16,33,False,True
YC18:2217,LH209,2018,2,1,169,24,16,32,False,True
YC18:2218,PHK76,2018,2,1,243,6,16,31,False,False
YC18:2219,CI 40H,2018,2,1,158,23,16,30,False,True
YC18:2220,C103,2018,2,1,218,>15,16,29,False,True
YC18:2221,B76,2018,2,1,153,26,16,28,False,True
YC18:2222,Q381,2018,2,1,138,24,16,27,False,True
YC18:2223,A71,2018,2,1,150,21,16,26,False,True
YC18:2224,ZS635,2018,2,1,94,23,16,25,False,True
YC18:2225,ICI 986,2018,2,1,225,21,16,24,False,True
YC18:2226,A682,2018,2,1,102,>15,16,23,False,True
YC18:2227,OQ603,2018,2,1,133,26,16,22,False,True
YC18:2228,PHKE6,2018,2,1,85,27,16,21,False,True
YC18:2229,B87,2018,2,1,105,26,16,20,False,True
YC18:2230,A208,2018,2,1,65,16,16,19,False,True
YC18:2231,6F629,2018,2,1,203,19,16,18,False,True
YC18:2232,W602S,2018,2,1,191,19,16,17,False,True
YC18:2233,IBC2,2018,2,1,69,27,16,16,False,True
YC18:2234,NS501,2018,2,1,131,26,16,15,False,True
YC18:2235,LH38,2018,2,1,121,13,16,14,False,True
YC18:2236,B73,2018,2,1,259,>15,16,13,True,True
YC18:2237,SD101,2018,2,1,189,>15,16,12,False,True
YC18:2238,B73,2018,2,1,260,>15,16,11,True,True
YC18:2239,MS153,2018,2,1,127,>15,16,10,False,True
YC18:2240,DK3IIH6,2018,2,1,159,>15,16,9,False,True
YC18:2241,INBRED 2-687,2018,2,1,164,>15,16,8,False,True
YC18:2242,A627,2018,2,1,207,>15,16,7,False,True
YC18:2243,A401,2018,2,1,206,>15,16,6,False,True
YC18:2244,PHB47,2018,2,1,179,>15,16,5,False,True
YC18:2245,A648,2018,2,1,210,>15,16,4,False,True
YC18:2246,B73,2018,2,1,256,>15,16,3,True,True
YC18:2247,A632,2018,2,1,208,>15,16,2,False,True
YC18:2248,W614S,2018,2,1,144,>15,16,1,False,True
YC18:2249,2369,2018,2,1,198,11,17,1,False,True
YC18:2250,A679,2018,2,1,44,>15,17,2,False,True
YC18:2251,LH132 - FILL B73,2018,2,1,FILL,>15,17,3,False,True
YC18:2252,L 155,2018,2,1,115,>15,17,4,False,True
YC18:2253,DKFAPW,2018,2,1,160,>15,17,5,False,True
YC18:2254,A649,2018,2,1,100,>15,17,6,False,True
YC18:2255,CM105,2018,2,1,18,>15,17,7,False,True
YC18:2256,LH119,2018,2,1,143,>15,17,8,False,True
YC18:2257,B85,2018,2,1,104,>15,17,9,False,True
YC18:2258,LH54,2018,2,1,122,>15,17,10,False,True
YC18:2259,CH711-10,2018,2,1,45,>15,17,11,False,True
YC18:2260,MS225,2018,2,1,78,>15,17,12,False,True
YC18:2261,B14A,2018,2,2,302,>15,17,13,False,True
YC18:2262,Va102,2018,2,2,453,9,17,14,False,False
YC18:2263,IDS28,2018,2,2,417,>15,17,15,False,True
YC18:2264,NC326,2018,2,2,435,>15,17,16,False,True
YC18:2265,LH181,2018,2,2,332,14,17,17,False,True
YC18:2266,W817G,2018,2,2,463,10,17,18,False,True
YC18:2267,NY6371,2018,2,2,437,>15,17,19,False,True
YC18:2268,PHJ70,2018,2,2,365,>15,17,20,False,True
YC18:2269,H114,2018,2,2,314,>15,17,21,False,True
YC18:2270,PHT10,2018,2,2,372,>15,17,22,False,True
YC18:2271,MBWZ,2018,2,2,344,>15,17,23,False,True
YC18:2272,Mo1W,2018,2,2,428,18,17,24,False,True
YC18:2273,B65,2018,2,2,404,16,17,25,False,True
YC18:2274,Va35,2018,2,2,455,24,17,26,False,True
YC18:2275,J8606,2018,2,2,326,>15,17,27,False,True
YC18:2276,B57,2018,2,2,476,26,17,28,False,True
YC18:2277,NC368,2018,2,2,499,13,17,29,False,True
YC18:2278,Mo46,2018,2,2,346,18,17,30,False,True
YC18:2279,CG102,2018,2,2,308,20,17,31,False,True
YC18:2280,H91,2018,2,2,318,20,17,32,False,True
YC18:2281,N501,2018,2,2,352,19,17,33,False,True
YC18:2282,AusTRCF 306238,2018,2,2,398,19,17,34,False,True
YC18:2283,Mo5,2018,2,2,494,21,17,35,False,True
YC18:2284,DE3,2018,2,2,410,18,17,36,False,True
YC18:2285,WXB6,2018,2,2,466,19,17,37,False,True
YC18:2286,LH227,2018,2,2,265,19,17,38,False,True
YC18:2287,W821G,2018,2,2,286,20,17,39,False,True
YC18:2288,ND259,2018,2,2,267,17,17,40,True,True
YC18:2289,W814G,2018,2,2,290,12,17,41,False,True
YC18:2290,W32,2018,2,2,458,17,17,42,False,True
YC18:2291,F118,2018,2,2,481,25,17,43,False,True
YC18:2292,W809G,2018,2,2,461,25,17,44,False,True
YC18:2293,A321,2018,2,2,295,19,17,45,False,True
YC18:2294,ND259,2018,2,2,291,21,17,46,True,True
YC18:2295,FR19,2018,2,2,413,20,17,47,False,True
YC18:2296,K41,2018,2,2,421,23,17,48,False,True
YC18:2297,R229,2018,2,2,451,17,18,48,False,True
YC18:2298,W610S,2018,2,2,459,23,18,47,False,True
YC18:2299,Wf9,2018,2,2,390,10,18,46,False,True
YC18:2300,MBPM,2018,2,2,427,28,18,45,False,True
YC18:2301,LH208,2018,2,2,336,25,18,44,False,True
YC18:2302,PHR62,2018,2,2,446,10,18,43,False,True
YC18:2303,B110,2018,2,2,400,22,18,42,False,True
YC18:2304,Va22,2018,2,2,454,19,18,41,False,True
YC18:2305,LH59,2018,2,2,341,16,18,40,False,True
YC18:2306,LH194,2018,2,2,424,26,18,39,False,True
YC18:2307,W607S,2018,2,2,283,25,18,38,False,True
YC18:2308,NC342,2018,2,2,436,>15,18,37,False,True
YC18:2309,DE2,2018,2,2,409,>15,18,36,False,True
YC18:2310,H96,2018,2,2,484,>15,18,35,False,True
YC18:2311,MBST,2018,2,2,343,11,18,34,False,True
YC18:2312,B68,2018,2,2,477,>15,18,33,False,True
YC18:2313,H121,2018,2,2,315,>15,18,32,False,True
YC18:2314,N527,2018,2,2,354,>15,18,31,False,True
YC18:2315,F2834T,2018,2,2,412,>15,18,30,False,True
YC18:2316,WU-TAN-TZAO,2018,2,2,392,10,18,29,False,True
YC18:2317,B73,2018,2,2,519,>15,18,28,True,True
YC18:2318,N28Ht,2018,2,2,351,>15,18,27,False,True
YC18:2319,W803G,2018,2,2,460,>15,18,26,False,True
YC18:2320,N217,2018,2,2,430,>15,18,25,False,True
YC18:2321,B105,2018,2,2,469,>15,18,24,False,True
YC18:2322,B2,2018,2,2,475,>15,18,23,False,True
YC18:2323,PH207,2018,2,2,514,>15,18,22,True,True
YC18:2324,B98,2018,2,2,408,3,18,21,False,False
YC18:2325,INBRED 109,2018,2,2,487,14,18,20,False,True
YC18:2326,LH191,2018,2,2,422,10,18,19,False,True
YC18:2327,B73,2018,2,2,518,>15,18,18,True,True
YC18:2328,4N506,2018,2,2,293,>15,18,17,False,True
YC18:2329,33-16,2018,2,2,471,>15,18,16,False,True
YC18:2330,PHR31,2018,2,2,370,>15,18,15,False,True
YC18:2331,Pa880,2018,2,2,440,>15,18,14,False,True
YC18:2332,B73,2018,2,2,516,>15,18,13,True,True
YC18:2333,HP301,2018,2,2,416,>15,18,12,False,True
YC18:2334,Va26,2018,2,2,382,>15,18,11,False,True
YC18:2335,W820G,2018,2,2,465,>15,18,10,False,True
YC18:2336,W810G,2018,2,2,387,>15,18,9,False,True
YC18:2337,4F-35 BK,2018,2,2,509,9,18,8,False,False
YC18:2338,Tr,2018,2,2,381,>15,18,7,False,True
YC18:2339,N7A,2018,2,2,433,12,18,6,False,True
YC18:2340,LH60,2018,2,2,342,>15,18,5,False,True
YC18:2341,W37A,2018,2,2,282,>15,18,4,False,True
YC18:2342,IDS69,2018,2,2,486,>15,18,3,False,True
YC18:2343,WIL901,2018,2,2,470,10,18,2,False,True
YC18:2344,B121,2018,2,2,301,19,18,1,False,True
YC18:2345,B66,2018,2,2,405,20,19,1,False,True
YC18:2346,DE811,2018,2,2,480,26,19,2,False,True
YC18:2347,L 289,2018,2,2,329,24,19,3,False,True
YC18:2348,PH207,2018,2,2,511,19,19,4,True,True
YC18:2349,PHW52,2018,2,2,276,20,19,5,False,True
YC18:2350,Hy,2018,2,2,321,22,19,6,False,True
YC18:2351,Seagull Seventeen,2018,2,2,279,20,19,7,False,True
YC18:2352,MS24A,2018,2,2,429,24,19,8,False,True
YC18:2353,A619,2018,2,2,473,26,19,9,False,True
YC18:2354,PHR47,2018,2,2,275,24,19,10,False,True
YC18:2355,B73,2018,2,2,520,25,19,11,True,True
YC18:2356,PHW65,2018,2,2,448,14,19,12,False,True
YC18:2357,WIL900,2018,2,2,508,17,19,13,False,True
YC18:2358,Os426,2018,2,2,438,13,19,14,False,True
YC18:2359,N215,2018,2,2,350,19,19,15,False,True
YC18:2360,LH128,2018,2,2,331,13,19,16,False,True
YC18:2361,OC19,2018,2,2,361,23,19,17,False,True
YC18:2362,Pa91,2018,2,2,501,21,19,18,False,True
YC18:2363,CQ702RC,2018,2,2,312,20,19,19,False,True
YC18:2364,PHPR5,2018,2,2,369,17,19,20,False,True
YC18:2365,LH185,2018,2,2,261,24,19,21,False,True
YC18:2366,INBRED 321,2018,2,2,325,16,19,22,False,True
YC18:2367,K55,2018,2,2,490,21,19,23,False,True
YC18:2368,W811G,2018,2,2,285,22,19,24,False,True
YC18:2369,H105W,2018,2,2,313,24,19,25,False,True
YC18:2370,R226,2018,2,2,449,21,19,26,False,True
YC18:2371,NS701,2018,2,2,268,12,19,27,False,True
YC18:2372,LH65,2018,2,2,492,19,19,28,False,True
YC18:2373,W815G,2018,2,2,462,25,19,29,False,True
YC18:2374,CO257,2018,2,2,310,22,19,30,False,True
YC18:2375,PHJ33,2018,2,2,441,18,19,31,False,True
YC18:2376,N200,2018,2,2,495,19,19,32,False,True
YC18:2377,NC290A,2018,2,2,498,26,19,33,False,True
YC18:2378,PH207,2018,2,2,515,21,19,34,True,True
YC18:2379,PHT55,2018,2,2,375,13,19,35,False,True
YC18:2380,2MCDB,2018,2,2,292,12,19,36,False,True
YC18:2381,LH211,2018,2,2,491,>15,19,37,False,True
YC18:2382,B47,2018,2,2,403,>15,19,38,False,True
YC18:2383,H71,2018,2,2,317,>15,19,39,False,True
YC18:2384,INBRED 305,2018,2,2,420,>15,19,40,False,True
YC18:2385,LH216,2018,2,2,426,>15,19,41,False,True
YC18:2386,S8326,2018,2,2,278,13,19,42,False,True
YC18:2387,LH195,2018,2,2,335,>15,19,43,False,True
YC18:2388,PHZ51,2018,2,2,379,>15,19,44,False,True
YC18:2389,B73,2018,2,2,517,>15,19,45,True,True
YC18:2390,DK78371A,2018,2,2,289,6,19,46,False,False
YC18:2391,LH190,2018,2,2,333,>15,19,47,False,True
YC18:2392,Yu796 NS,2018,2,2,468,>15,19,48,False,True
YC18:2393,H122w,2018,2,2,483,12,20,48,False,True
YC18:2394,H95,2018,2,2,319,>15,20,47,False,True
YC18:2395,Pa762,2018,2,2,439,>15,20,46,False,True
YC18:2396,Il778d,2018,2,2,322,8,20,45,False,False
YC18:2397,B120,2018,2,2,300,>15,20,44,False,True
YC18:2398,N523,2018,2,2,353,>15,20,43,False,True
YC18:2399,YING-55,2018,2,2,393,>15,20,42,False,True
YC18:2400,B79,2018,2,2,479,>15,20,41,False,True
YC18:2401,B109,2018,2,2,297,>15,20,40,False,True
YC18:2402,B119,2018,2,2,299,>15,20,39,False,True
YC18:2403,PHW43,2018,2,2,376,3,20,38,False,False
YC18:2404,INB 101LFY/LFY (A632 X M16 S5),2018,2,2,323,>15,20,37,False,True
YC18:2405,J47,2018,2,2,488,>15,20,36,False,True
YC18:2406,W24,2018,2,2,385,>15,20,35,False,True
YC18:2407,B108,2018,2,2,399,>15,20,34,False,True
YC18:2408,VaW6,2018,2,2,457,>15,20,33,False,True
YC18:2409,PHK93,2018,2,2,367,8,20,32,False,False
YC18:2410,H5,2018,2,2,316,>15,20,31,False,True
YC18:2411,R78,2018,2,2,380,>15,20,30,False,True
YC18:2412,YE 4,2018,2,2,467,>15,20,29,False,True
YC18:2413,PHW53,2018,2,2,447,>15,20,28,False,True
YC18:2414,B37,2018,2,2,304,>15,20,27,False,True
YC18:2415,N209,2018,2,2,496,>15,20,26,False,True
YC18:2416,PHT22,2018,2,2,373,7,20,25,False,False
YC18:2417,PHEG9,2018,2,2,502,27,20,24,False,True
YC18:2418,B77,2018,2,2,478,25,20,23,False,True
YC18:2419,NC294,2018,2,2,434,27,20,22,False,True
YC18:2420,NC250,2018,2,2,497,23,20,21,False,True
YC18:2421,Pa778,2018,2,2,363,18,20,20,False,True
YC18:2422,MS221,2018,2,2,347,27,20,19,False,True
YC18:2423,NKS8326,2018,2,2,359,27,20,18,False,True
YC18:2424,PH207,2018,2,2,512,27,20,17,True,True
YC18:2425,K150,2018,2,2,327,17,20,16,False,True
YC18:2426,A797NW,2018,2,2,296,20,20,15,False,True
YC18:2427,B88,2018,2,2,307,24,20,14,False,False
YC18:2428,R168,2018,2,2,277,20,20,13,False,True
YC18:2429,NK740,2018,2,2,358,27,20,12,False,True
YC18:2430,N211,2018,2,2,349,>15,20,11,False,True
YC18:2431,LH213,2018,2,2,337,12,20,10,False,True
YC18:2432,HUANYAO,2018,2,2,320,13,20,9,False,True
YC18:2433,W812G,2018,2,2,388,20,20,8,False,True
YC18:2434,PHV78,2018,2,2,506,13,20,7,False,True
YC18:2435,B70,2018,2,2,305,19,20,6,False,True
YC18:2436,NY 166 (Neveh Yaar),2018,2,2,360,25,20,5,False,True
YC18:2437,87916W,2018,2,2,396,25,20,4,False,True
YC18:2438,INBRED 141,2018,2,2,419,18,20,3,False,True
YC18:2439,YONG 28,2018,2,2,287,22,20,2,False,True
YC18:2440,LP1 NR HT,2018,2,2,266,24,20,1,False,True
YC18:2441,R227,2018,2,2,450,14,21,1,False,True
YC18:2442,Oh7,2018,2,2,362,23,21,2,False,True
YC18:2443,H84,2018,2,2,415,20,21,3,False,True
YC18:2444,PHK29,2018,2,2,442,12,21,4,False,True
YC18:2445,LH224,2018,2,2,340,22,21,5,False,True
YC18:2446,PHK35,2018,2,2,272,>15,21,6,False,True
YC18:2447,PHN34,2018,2,2,504,21,21,7,False,True
YC18:2448,6M502,2018,2,2,394,6,21,8,False,False
YC18:2449,PHW79,2018,2,2,377,18,21,9,False,True
YC18:2450,W23,2018,2,2,384,22,21,10,False,True
YC18:2451,A,2018,2,2,397,>15,21,11,False,True
YC18:2452,B84,2018,2,2,406,>15,21,12,False,True
YC18:2453,LH204,2018,2,2,264,>15,21,13,False,True
YC18:2454,E8501,2018,2,2,411,>15,21,14,False,True
YC18:2455,W819G,2018,2,2,464,11,21,15,False,True
YC18:2456,CH701-30,2018,2,2,309,>15,21,16,False,True
YC18:2457,H113,2018,2,2,482,>15,21,17,False,True
YC18:2458,LH215,2018,2,2,339,>15,21,18,False,True
YC18:2459,NC412,2018,2,2,500,>15,21,19,False,True
YC18:2460,LH197,2018,2,2,262,>15,21,20,False,True
YC18:2461,PHBB3,2018,2,2,364,>15,21,21,False,True
YC18:2462,6M502A,2018,2,2,395,>15,21,22,False,True
YC18:2463,N218,2018,2,2,431,>15,21,23,False,True
YC18:2464,PHV63,2018,2,2,505,>15,21,24,False,True
YC18:2465,Va17,2018,2,2,507,>15,21,25,False,True
YC18:2466,PHG35,2018,2,2,503,0,21,26,False,False
YC18:2467,ZS365,2018,2,2,288,>15,21,27,False,True
YC18:2468,PHG83,2018,2,2,270,>15,21,28,False,True
YC18:2469,KUNG-70,2018,2,2,328,>15,21,29,False,True
YC18:2470,PHN46,2018,2,2,368,>15,21,30,False,True
YC18:2471,N542,2018,2,2,356,>15,21,31,False,True
YC18:2472,78551S,2018,2,2,294,10,21,32,False,True
YC18:2473,R71,2018,2,2,452,>15,21,33,False,True
YC18:2474,LH192,2018,2,2,423,>15,21,34,False,True
YC18:2475,Va59,2018,2,2,456,>15,21,35,False,True
YC18:2476,LH193,2018,2,2,334,7,21,36,False,False
YC18:2477,H110,2018,2,2,414,>15,21,37,False,True
YC18:2478,B14,2018,2,2,401,>15,21,38,False,True
YC18:2479,LH205,2018,2,2,425,>15,21,39,False,True
YC18:2480,B164,2018,2,2,303,>15,21,40,False,True
YC18:2481,PHR58,2018,2,2,445,>15,21,41,False,True
YC18:2482,PHR03,2018,2,2,444,>15,21,42,False,True
YC18:2483,HUOBAI,2018,2,2,485,>15,21,43,False,True
YC18:2484,PHT47,2018,2,2,374,>15,21,44,False,True
YC18:2485,R177,2018,2,2,510,>15,21,45,False,True
YC18:2486,MM501D,2018,2,2,345,12,21,46,False,True
YC18:2487,B104,2018,2,2,474,>15,21,47,False,True
YC18:2488,PHWG5,2018,2,2,378,23,21,48,False,True
YC18:2489,4F-234 BX 4,2018,2,2,472,17,22,48,False,True
YC18:2490,WIL903,2018,2,2,391,16,22,47,False,True
YC18:2491,B75,2018,2,2,306,>15,22,46,False,True
YC18:2492,INBRED 309,2018,2,2,324,19,22,45,False,True
YC18:2493,LH1,2018,2,2,330,25,22,44,False,True
YC18:2494,PHM10,2018,2,2,273,26,22,43,False,True
YC18:2495,PHN29,2018,2,2,274,27,22,42,False,True
YC18:2496,PHP85,2018,2,2,443,15,22,41,False,True
YC18:2497,PHR55,2018,2,2,371,>15,22,40,False,True
YC18:2498,CO258,2018,2,2,311,8,22,39,False,False
YC18:2499,IDS91,2018,2,2,418,23,22,38,False,True
YC18:2500,LH214,2018,2,2,338,22,22,37,False,True
YC18:2501,W611S,2018,2,2,284,23,22,36,False,True
YC18:2502,TZU-CHIAO-HSI-WU 105,2018,2,2,281,23,22,35,False,True
YC18:2503,SG 30A,2018,2,2,280,24,22,34,False,True
YC18:2504,B46,2018,2,2,402,16,22,33,False,True
YC18:2505,W606S,2018,2,2,386,14,22,32,False,True
YC18:2506,N534,2018,2,2,355,27,22,31,False,True
YC18:2507,B97,2018,2,2,407,22,22,30,False,True
YC18:2508,PHK56,2018,2,2,366,13,22,29,False,True
YC18:2509,PH207,2018,2,2,513,27,22,28,True,True
YC18:2510,N28,2018,2,2,432,9,22,27,False,False
YC18:2511,K47,2018,2,2,489,26,22,26,False,True
YC18:2512,MS67,2018,2,2,348,21,22,25,False,True
YC18:2513,Pa875,2018,2,2,269,25,22,24,False,True
YC18:2514,B111,2018,2,2,298,28,22,23,False,True
YC18:2515,W22,2018,2,2,383,26,22,22,False,True
YC18:2516,PHHH9,2018,2,2,271,20,22,21,False,True
YC18:2517,M14,2018,2,2,493,22,22,20,False,True
YC18:2518,W813G,2018,2,2,389,27,22,19,False,True
YC18:2519,NC328,2018,2,2,357,23,22,18,False,True
YC18:2520,LH199,2018,2,2,263,14,22,17,False,True
YC19:1001,PHJR5,2019,1,1,84,24,1,1,False,True
YC19:1002,DJ7,2019,1,1,196,24,1,2,False,True
YC19:1003,SD107,2019,1,1,247,23,1,3,False,True
YC19:1004,NS501,2019,1,1,131,20,1,4,False,True
YC19:1005,1538,2019,1,1,96,22,1,5,False,True
YC19:1006,CR 22 INBRED,2019,1,1,66,23,1,6,False,True
YC19:1007,ICI 441,2019,1,1,163,24,1,7,False,True
YC19:1008,78010,2019,1,1,200,18,1,8,False,False
YC19:1009,SD44,2019,1,1,190,24,1,9,False,False
YC19:1010,C123,2019,1,1,157,16,1,10,False,True
YC19:1011,MS226,2019,1,1,233,22,1,11,False,True
YC19:1012,4F-306 108,2019,1,1,146,18,1,12,False,False
YC19:1013,BO9,2019,1,1,156,25,1,13,False,True
YC19:1014,A73,2019,1,1,103,24,1,14,False,True
YC19:1015,790,2019,1,1,64,24,1,15,False,True
YC19:1016,DK78010,2019,1,1,220,23,1,16,False,True
YC19:1017,B73,2019,1,1,259,25,1,17,True,False
YC19:1018,LIBC 4,2019,1,1,76,26,1,18,False,True
YC19:1019,PHB47,2019,1,1,179,24,1,19,False,False
YC19:1020,PHW30,2019,1,1,187,22,1,20,False,False
YC19:1021,A635,2019,1,1,209,17,1,21,False,False
YC19:1022,DKFBHJ,2019,1,1,110,25,1,22,False,True
YC19:1023,PH207,2019,1,1,254,20,1,23,True,True
YC19:1024,NK807,2019,1,1,59,21,1,24,False,True
YC19:1025,PHW17,2019,1,1,186,25,1,25,False,True
YC19:1026,B87,2019,1,1,105,24,1,26,False,True
YC19:1027,CI 40H,2019,1,1,158,24,1,27,False,True
YC19:1028,ND265,2019,1,1,6,21,1,28,False,True
YC19:1029,ZS635,2019,1,1,94,22,1,29,False,True
YC19:1030,LH93,2019,1,1,228,21,1,30,False,False
YC19:1031,A659,2019,1,1,211,25,1,31,False,True
YC19:1032,PHN11,2019,1,1,29,22,1,32,False,True
YC19:1033,N193,2019,1,1,173,20,1,33,False,True
YC19:1034,A71,2019,1,1,150,24,1,34,False,True
YC19:1035,LH149,2019,1,1,51,21,1,35,False,True
YC19:1036,NY 159 (Neveh Yaar),2019,1,1,176,12,1,36,False,False
YC19:1037,A208,2019,1,1,65,12,1,37,False,True
YC19:1038,Pa405,2019,1,1,178,27,1,38,False,True
YC19:1039,A272,2019,1,1,205,21,1,39,False,True
YC19:1040,A627,2019,1,1,207,25,1,40,False,True
YC19:1041,CH9,2019,1,1,142,24,1,41,False,True
YC19:1042,DKIB014,2019,1,1,221,16,1,42,False,False
YC19:1043,N201,2019,1,1,234,24,1,43,False,False
YC19:1044,MQ305,2019,1,1,126,18,1,44,False,True
YC19:1045,LH132 - FILL B73,2019,1,1,,27,1,45,False,True
YC19:1046,NORTH 7,2019,1,1,24,21,1,46,False,True
YC19:1047,SD40,2019,1,1,248,26,1,47,False,True
YC19:1048,W64A,2019,1,1,63,26,1,48,False,True
YC19:1049,C103,2019,1,1,218,17,2,48,False,True
YC19:1050,Os420,2019,1,1,238,23,2,47,False,True
YC19:1051,OH33,2019,1,1,237,21,2,46,False,True
YC19:1052,B73,2019,1,1,260,28,2,45,True,True
YC19:1053,G80,2019,1,1,112,21,2,44,False,True
YC19:1054,LH61,2019,1,1,75,17,2,43,False,True
YC19:1055,PHB09,2019,1,1,240,25,2,42,False,True
YC19:1056,L 127,2019,1,1,50,20,2,41,False,True
YC19:1057,DKFAPW,2019,1,1,160,11,2,40,False,True
YC19:1058,A680,2019,1,1,149,25,2,39,False,True
YC19:1059,MS225,2019,1,1,78,22,2,38,False,True
YC19:1060,B76,2019,1,1,153,25,2,37,False,True
YC19:1061,H42,2019,1,1,222,19,2,36,False,True
YC19:1062,W605S,2019,1,1,193,26,2,35,False,True
YC19:1063,LH54,2019,1,1,122,25,2,34,False,True
YC19:1064,W552,2019,1,1,62,22,2,33,False,True
YC19:1065,PHKE6,2019,1,1,85,26,2,32,False,True
YC19:1066,DKPB80,2019,1,1,161,27,2,31,False,False
YC19:1067,I29,2019,1,1,114,20,2,30,False,True
YC19:1068,Ny821,2019,1,1,177,24,2,29,False,True
YC19:1069,PHN66,2019,1,1,183,22,2,28,False,True
YC19:1070,B-18 INBR.FR.SUPERGOLD,2019,1,1,151,20,2,27,False,True
YC19:1071,LP5,2019,1,1,77,21,2,26,False,False
YC19:1072,LH172,2019,1,1,53,21,2,25,False,True
YC19:1073,LH145,2019,1,1,116,15,2,24,False,True
YC19:1074,N6,2019,1,1,235,25,2,23,False,True
YC19:1075,B73,2019,1,1,256,25,2,22,True,True
YC19:1076,AQA3,2019,1,1,16,19,2,21,False,True
YC19:1077,WR3,2019,1,1,141,17,2,20,False,False
YC19:1078,2MA22,2019,1,1,202,23,2,19,False,True
YC19:1079,PHP76,2019,1,1,88,27,2,18,False,True
YC19:1080,IBC2,2019,1,1,69,23,2,17,False,True
YC19:1081,R181B,2019,1,1,246,22,2,16,False,True
YC19:1082,A427,2019,1,1,99,26,2,15,False,True
YC19:1083,Pa392,2019,1,1,239,22,2,14,False,True
YC19:1084,PHK42,2019,1,1,137,24,2,13,False,True
YC19:1085,OS602,2019,1,1,80,23,2,12,False,True
YC19:1086,PHG50,2019,1,1,136,13,2,11,False,True
YC19:1087,PHG72,2019,1,1,81,26,2,10,False,True
YC19:1088,B114,2019,1,1,216,13,2,9,False,True
YC19:1089,FC46,2019,1,1,19,17,2,8,False,True
YC19:1090,PHH93,2019,1,1,82,26,2,7,False,True
YC19:1091,PHBW8,2019,1,1,134,10,2,6,False,False
YC19:1092,A305,2019,1,1,14,20,2,5,False,True
YC19:1093,PHVA9,2019,1,1,32,20,2,4,False,True
YC19:1094,A385,2019,1,1,2,18,2,3,False,True
YC19:1095,792,2019,1,1,197,12,2,2,False,False
YC19:1096,ML606,2019,1,1,125,18,2,1,False,True
YC19:1097,LH202,2019,1,1,73,18,3,1,False,True
YC19:1098,PHHV4,2019,1,1,181,24,3,2,False,True
YC19:1099,PHK76,2019,1,1,243,1,3,3,False,False
YC19:1100,A548,2019,1,1,42,23,3,4,False,True
YC19:1101,BEI 10 = NORTH 10,2019,1,1,155,23,3,5,False,True
YC19:1102,4226,2019,1,1,199,24,3,6,False,True
YC19:1103,A649,2019,1,1,100,14,3,7,False,True
YC19:1104,A634,2019,1,1,148,20,3,8,False,True
YC19:1105,PH207,2019,1,1,251,18,3,9,True,False
YC19:1106,ICI 740,2019,1,1,223,23,3,10,False,True
YC19:1107,LH184,2019,1,1,117,20,3,11,False,True
YC19:1108,911,2019,1,1,12,24,3,12,False,True
YC19:1109,PHG80,2019,1,1,241,15,3,13,False,True
YC19:1110,A374,2019,1,1,98,21,3,14,False,True
YC19:1111,FBLA,2019,1,1,68,23,3,15,False,True
YC19:1112,PHK74,2019,1,1,28,26,3,16,False,True
YC19:1113,Ia 453,2019,1,1,20,25,3,17,False,True
YC19:1114,MS72,2019,1,1,56,21,3,18,False,True
YC19:1115,A572,2019,1,1,3,24,3,19,False,True
YC19:1116,A663,2019,1,1,212,24,3,20,False,True
YC19:1117,6F629,2019,1,1,203,18,3,21,False,True
YC19:1118,LH206,2019,1,1,118,25,3,22,False,True
YC19:1119,W8304,2019,1,1,195,23,3,23,False,True
YC19:1120,W604S,2019,1,1,192,22,3,24,False,True
YC19:1121,PHV37,2019,1,1,31,21,3,25,False,True
YC19:1122,A322,2019,1,1,1,19,3,26,False,True
YC19:1123,A334,2019,1,1,40,22,3,27,False,True
YC19:1124,LH74,2019,1,1,227,22,3,28,False,True
YC19:1125,29MIBZ2,2019,1,1,39,23,3,29,False,True
YC19:1126,PH207,2019,1,1,253,21,3,30,True,True
YC19:1127,ND247,2019,1,1,57,12,3,31,False,False
YC19:1128,A258,2019,1,1,147,20,3,32,False,True
YC19:1129,MS211,2019,1,1,232,21,3,33,False,True
YC19:1130,LH82,2019,1,1,123,25,3,34,False,True
YC19:1131,LH166,2019,1,1,52,22,3,35,False,True
YC19:1132,Eng-Li Chih,2019,1,1,162,20,3,36,False,False
YC19:1133,B-28,2019,1,1,214,26,3,37,False,True
YC19:1134,ICI 986,2019,1,1,225,23,3,38,False,True
YC19:1135,Oh43,2019,1,1,25,16,3,39,False,True
YC19:1136,L 135,2019,1,1,22,23,3,40,False,True
YC19:1137,INBRED 2-687,2019,1,1,164,18,3,41,False,True
YC19:1138,NC310,2019,1,1,236,23,3,42,False,True
YC19:1139,ICI 193,2019,1,1,70,18,3,43,False,True
YC19:1140,2FADB,2019,1,1,201,20,3,44,False,True
YC19:1141,2369,2019,1,1,198,23,3,45,False,True
YC19:1142,EAST 028,2019,1,1,67,25,3,46,False,True
YC19:1143,PHW86,2019,1,1,34,23,3,47,False,True
YC19:1144,PHVJ4,2019,1,1,8,22,3,48,False,True
YC19:1145,L 155,2019,1,1,115,22,4,48,False,True
YC19:1146,Va99,2019,1,1,250,26,4,47,False,True
YC19:1147,B115,2019,1,1,217,24,4,46,False,False
YC19:1148,B73,2019,1,1,258,26,4,45,True,True
YC19:1149,NQ508,2019,1,1,175,26,4,44,False,True
YC19:1150,W602S,2019,1,1,191,22,4,43,False,True
YC19:1151,CM105,2019,1,1,18,21,4,42,False,True
YC19:1152,AS6103,2019,1,1,213,25,4,41,False,True
YC19:1153,Oh40B,2019,1,1,132,26,4,40,False,True
YC19:1154,LH295,2019,1,1,74,23,4,39,False,True
YC19:1155,793,2019,1,1,37,19,4,38,False,True
YC19:1156,IBB15,2019,1,1,49,26,4,37,False,True
YC19:1157,LH198,2019,1,1,168,25,4,36,False,False
YC19:1158,MS200,2019,1,1,128,24,4,35,False,True
YC19:1159,MS1334,2019,1,1,171,10,4,34,False,False
YC19:1160,MS224,2019,1,1,129,26,4,33,False,True
YC19:1161,W613S,2019,1,1,93,21,4,32,False,True
YC19:1162,LH57,2019,1,1,170,12,4,31,False,True
YC19:1163,W182E,2019,1,1,36,20,4,30,False,True
YC19:1164,OQ603,2019,1,1,133,25,4,29,False,True
YC19:1165,A648,2019,1,1,210,27,4,28,False,True
YC19:1166,W603S,2019,1,1,140,19,4,27,False,False
YC19:1167,912,2019,1,1,38,23,4,26,False,True
YC19:1168,PHW80,2019,1,1,188,24,4,25,False,True
YC19:1169,DK78002A,2019,1,1,109,25,4,24,False,True
YC19:1170,W614S,2019,1,1,144,21,4,23,False,False
YC19:1171,W117Ht,2019,1,1,35,14,4,22,False,False
YC19:1172,Mo17,2019,1,1,229,27,4,21,False,True
YC19:1173,PHW20,2019,1,1,33,23,4,20,False,True
YC19:1174,W153R,2019,1,1,61,18,4,19,False,False
YC19:1175,LH127,2019,1,1,226,14,4,18,False,True
YC19:1176,A401,2019,1,1,206,22,4,17,False,True
YC19:1177,2FACC,2019,1,1,145,26,4,16,False,True
YC19:1178,N192,2019,1,1,130,19,4,15,False,True
YC19:1179,PHR36,2019,1,1,244,24,4,14,False,True
YC19:1180,W9,2019,1,1,11,18,4,13,False,True
YC19:1181,A556,2019,1,1,43,24,4,12,False,True
YC19:1182,91IFC2,2019,1,1,13,25,4,11,False,True
YC19:1183,ICI 893,2019,1,1,224,23,4,10,False,True
YC19:1184,B103,2019,1,1,152,24,4,9,False,True
YC19:1185,A682,2019,1,1,102,26,4,8,False,True
YC19:1186,764,2019,1,1,95,25,4,7,False,True
YC19:1187,LH143 (Maintainer),2019,1,1,166,27,4,6,False,True
YC19:1188,PHP55,2019,1,1,87,25,4,5,False,True
YC19:1189,A641,2019,1,1,4,20,4,4,False,True
YC19:1190,MS132,2019,1,1,231,22,4,3,False,True
YC19:1191,3IJI1,2019,1,1,97,19,4,2,False,False
YC19:1192,PHT69,2019,1,1,90,17,4,1,False,False
YC19:1193,Mo47,2019,1,1,230,15,5,1,False,True
YC19:1194,DK4676A,2019,1,1,108,22,5,2,False,True
YC19:1195,A672,2019,1,1,101,23,5,3,False,True
YC19:1196,A674,2019,1,1,15,22,5,4,False,True
YC19:1197,B73,2019,1,1,257,24,5,5,True,True
YC19:1198,H99,2019,1,1,113,22,5,6,False,True
YC19:1199,B107,2019,1,1,215,12,5,7,False,False
YC19:1200,PHR30,2019,1,1,89,21,5,8,False,True
YC19:1201,Lp215D,2019,1,1,55,23,5,9,False,True
YC19:1202,PHBA6,2019,1,1,180,19,5,10,False,True
YC19:1203,DKMBNA,2019,1,1,111,23,5,11,False,True
YC19:1204,NC262,2019,1,1,174,22,5,12,False,True
YC19:1205,PHN82,2019,1,1,184,27,5,13,False,True
YC19:1206,DE4,2019,1,1,219,20,5,14,False,True
YC19:1207,PHR63,2019,1,1,185,25,5,15,False,True
YC19:1208,A632,2019,1,1,208,21,5,16,False,True
YC19:1209,PH207,2019,1,1,255,23,5,17,True,True
YC19:1210,PH207,2019,1,1,252,20,5,18,True,True
YC19:1211,MEF156-55-2,2019,1,1,124,15,5,19,False,True
YC19:1212,LH38,2019,1,1,121,8,5,20,False,False
YC19:1213,PHG71,2019,1,1,60,18,5,21,False,True
YC19:1214,N197,2019,1,1,79,14,5,22,False,True
YC19:1215,L 139,2019,1,1,72,16,5,23,False,True
YC19:1216,W701BC,2019,1,1,10,20,5,24,False,True
YC19:1217,B85,2019,1,1,104,17,5,25,False,False
YC19:1218,IA2132,2019,1,1,21,23,5,26,False,True
YC19:1219,A239,2019,1,1,204,17,5,27,False,True
YC19:1220,MS116,2019,1,1,5,17,5,28,False,True
YC19:1221,MS71,2019,1,1,172,19,5,29,False,True
YC19:1222,DK3IIH6,2019,1,1,159,24,5,30,False,True
YC19:1223,T242,2019,1,1,9,22,5,31,False,True
YC19:1224,A679,2019,1,1,44,22,5,32,False,True
YC19:1225,LH223,2019,1,1,120,21,5,33,False,True
YC19:1226,A340,2019,1,1,41,25,5,34,False,True
YC19:1227,CH157,2019,1,1,106,22,5,35,False,True
YC19:1228,PHP02,2019,1,1,86,23,5,36,False,True
YC19:1229,PHG47,2019,1,1,26,25,5,37,False,True
YC19:1230,PHGW7,2019,1,1,27,21,5,38,False,True
YC19:1231,R113,2019,1,1,245,10,5,39,False,False
YC19:1232,PHW03,2019,1,1,92,23,5,40,False,True
YC19:1233,PHJ89,2019,1,1,83,24,5,41,False,True
YC19:1234,NK778,2019,1,1,58,13,5,42,False,True
YC19:1235,Q381,2019,1,1,138,23,5,43,False,True
YC19:1236,CH753-4,2019,1,1,46,17,5,44,False,False
YC19:1237,OQ403,2019,1,1,7,24,5,45,False,True
YC19:1238,CS405,2019,1,1,47,15,5,46,False,True
YC19:1239,MS153,2019,1,1,127,21,5,47,False,True
YC19:1240,CA-4,2019,1,1,17,13,5,48,False,True
YC19:1241,PHJ90,2019,1,1,182,23,6,48,False,True
YC19:1242,ICI581,2019,1,1,71,19,6,47,False,True
YC19:1243,CH711-10,2019,1,1,45,18,6,46,False,True
YC19:1244,SD102,2019,1,1,139,24,6,45,False,True
YC19:1245,SD101,2019,1,1,189,24,6,44,False,True
YC19:1246,IBB14,2019,1,1,48,17,6,43,False,True
YC19:1247,CR1HT,2019,1,1,119,6,6,42,False,False
YC19:1248,PHG86,2019,1,1,242,25,6,41,False,False
YC19:1249,LH119,2019,1,1,143,24,6,40,False,True
YC19:1250,PHTM9,2019,1,1,30,22,6,39,False,True
YC19:1251,LH222,2019,1,1,54,25,6,38,False,True
YC19:1252,W612S,2019,1,1,194,24,6,37,False,True
YC19:1253,PHV57,2019,1,1,91,23,6,36,False,True
YC19:1254,LH146Ht,2019,1,1,23,21,6,35,False,True
YC19:1255,LH165,2019,1,1,167,22,6,34,False,True
YC19:1256,B91,2019,1,1,154,22,6,33,False,True
YC19:1257,LH209,2019,1,1,169,20,6,32,False,True
YC19:1258,Va52,2019,1,1,249,19,6,31,False,True
YC19:1259,CR14,2019,1,1,107,11,6,30,False,False
YC19:1260,PHG29,2019,1,1,135,15,6,29,False,True
YC19:1261,INBRED 321,2019,1,2,325,23,6,28,False,True
YC19:1262,NKS8326,2019,1,2,359,22,6,27,False,True
YC19:1263,W22,2019,1,2,383,22,6,26,False,True
YC19:1264,Oh7,2019,1,2,362,20,6,25,False,True
YC19:1265,WIL901,2019,1,2,470,14,6,24,False,True
YC19:1266,MS24A,2019,1,2,429,18,6,23,False,True
YC19:1267,B46,2019,1,2,402,20,6,22,False,True
YC19:1268,87916W,2019,1,2,396,23,6,21,False,True
YC19:1269,NC342,2019,1,2,436,18,6,20,False,True
YC19:1270,PHPR5,2019,1,2,369,19,6,19,False,True
YC19:1271,Va26,2019,1,2,382,15,6,18,False,True
YC19:1272,N200,2019,1,2,495,16,6,17,False,True
YC19:1273,PHR03,2019,1,2,444,19,6,16,False,True
YC19:1274,F2834T,2019,1,2,412,20,6,15,False,True
YC19:1275,PHG83,2019,1,2,270,27,6,14,False,True
YC19:1276,B110,2019,1,2,400,21,6,13,False,True
YC19:1277,K47,2019,1,2,489,17,6,12,False,True
YC19:1278,N527,2019,1,2,354,22,6,11,False,True
YC19:1279,PHM10,2019,1,2,273,18,6,10,False,True
YC19:1280,Seagull Seventeen,2019,1,2,279,16,6,9,False,True
YC19:1281,NC326,2019,1,2,435,26,6,8,False,True
YC19:1282,PHW79,2019,1,2,377,8,6,7,False,False
YC19:1283,H5,2019,1,2,316,22,6,6,False,True
YC19:1284,4F-234 BX 4,2019,1,2,472,18,6,5,False,False
YC19:1285,R226,2019,1,2,449,26,6,4,False,True
YC19:1286,W24,2019,1,2,385,21,6,3,False,True
YC19:1287,PHV63,2019,1,2,505,25,6,2,False,True
YC19:1288,WU-TAN-TZAO,2019,1,2,392,23,6,1,False,True
YC19:1289,YING-55,2019,1,2,393,17,7,1,False,True
YC19:1290,M14,2019,1,2,493,22,7,2,False,True
YC19:1291,R71,2019,1,2,452,22,7,3,False,True
YC19:1292,PH207,2019,1,2,514,21,7,4,True,True
YC19:1293,INBRED 141,2019,1,2,419,18,7,5,False,True
YC19:1294,ZS365,2019,1,2,288,23,7,6,False,True
YC19:1295,PHV78,2019,1,2,506,20,7,7,False,True
YC19:1296,LH199,2019,1,2,263,19,7,8,False,True
YC19:1297,N211,2019,1,2,349,23,7,9,False,True
YC19:1298,PHN29,2019,1,2,274,26,7,10,False,True
YC19:1299,A321,2019,1,2,295,20,7,11,False,True
YC19:1300,PHK29,2019,1,2,442,14,7,12,False,False
YC19:1301,B104,2019,1,2,474,20,7,13,False,True
YC19:1302,WXB6,2019,1,2,466,19,7,14,False,False
YC19:1303,B68,2019,1,2,477,20,7,15,False,True
YC19:1304,OC19,2019,1,2,361,10,7,16,False,False
YC19:1305,W820G,2019,1,2,465,18,7,17,False,True
YC19:1306,LH204,2019,1,2,264,22,7,18,False,True
YC19:1307,Va102,2019,1,2,453,6,7,19,False,False
YC19:1308,PHK35,2019,1,2,272,25,7,20,False,True
YC19:1309,LH191,2019,1,2,422,15,7,21,False,True
YC19:1310,H121,2019,1,2,315,25,7,22,False,True
YC19:1311,LH197,2019,1,2,262,20,7,23,False,True
YC19:1312,B164,2019,1,2,303,24,7,24,False,True
YC19:1313,Il778d,2019,1,2,322,20,7,25,False,True
YC19:1314,W606S,2019,1,2,386,16,7,26,False,False
YC19:1315,Hy,2019,1,2,321,20,7,27,False,True
YC19:1316,B105,2019,1,2,469,21,7,28,False,True
YC19:1317,6M502A,2019,1,2,395,19,7,29,False,True
YC19:1318,4F-35 BK,2019,1,2,509,7,7,30,False,False
YC19:1319,LH227,2019,1,2,265,18,7,31,False,True
YC19:1320,CO258,2019,1,2,311,15,7,32,False,False
YC19:1321,INBRED 305,2019,1,2,420,25,7,33,False,True
YC19:1322,CO257,2019,1,2,310,16,7,34,False,True
YC19:1323,PHT22,2019,1,2,373,17,7,35,False,True
YC19:1324,Os426,2019,1,2,438,17,7,36,False,True
YC19:1325,PHJ70,2019,1,2,365,20,7,37,False,True
YC19:1326,ND259,2019,1,2,291,17,7,38,True,True
YC19:1327,W23,2019,1,2,384,22,7,39,False,True
YC19:1328,K55,2019,1,2,490,18,7,40,False,True
YC19:1329,B65,2019,1,2,404,14,7,41,False,True
YC19:1330,MBST,2019,1,2,343,11,7,42,False,False
YC19:1331,INBRED 309,2019,1,2,324,24,7,43,False,True
YC19:1332,LH192,2019,1,2,423,25,7,44,False,True
YC19:1333,MS221,2019,1,2,347,22,7,45,False,True
YC19:1334,PHBB3,2019,1,2,364,23,7,46,False,True
YC19:1335,W32,2019,1,2,458,17,7,47,False,True
YC19:1336,PHHH9,2019,1,2,271,20,7,48,False,True
YC19:1337,LH205,2019,1,2,425,16,8,48,False,True
YC19:1338,PH207,2019,1,2,512,24,8,47,True,True
YC19:1339,INB 101LFY/LFY (A632 X M16 S5),2019,1,2,323,16,8,46,False,True
YC19:1340,MBPM,2019,1,2,427,25,8,45,False,True
YC19:1341,N215,2019,1,2,350,5,8,44,False,False
YC19:1342,LH213,2019,1,2,337,12,8,43,False,True
YC19:1343,PHR62,2019,1,2,446,10,8,42,False,True
YC19:1344,4N506,2019,1,2,293,19,8,41,False,True
YC19:1345,PHR55,2019,1,2,371,17,8,40,False,True
YC19:1346,B73,2019,1,2,518,20,8,39,True,True
YC19:1347,PHT55,2019,1,2,375,22,8,38,False,True
YC19:1348,B84,2019,1,2,406,20,8,37,False,True
YC19:1349,Mo46,2019,1,2,346,20,8,36,False,True
YC19:1350,PHW53,2019,1,2,447,19,8,35,False,True
YC19:1351,Tr,2019,1,2,381,23,8,34,False,True
YC19:1352,LH185,2019,1,2,261,11,8,33,False,True
YC19:1353,NC294,2019,1,2,434,26,8,32,False,True
YC19:1354,W611S,2019,1,2,284,22,8,31,False,False
YC19:1355,B119,2019,1,2,299,23,8,30,False,True
YC19:1356,W810G,2019,1,2,387,18,8,29,False,True
YC19:1357,F118,2019,1,2,481,22,8,28,False,True
YC19:1358,J47,2019,1,2,488,24,8,27,False,True
YC19:1359,LH59,2019,1,2,341,20,8,26,False,True
YC19:1360,B109,2019,1,2,297,15,8,25,False,True
YC19:1361,H84,2019,1,2,415,22,8,24,False,True
YC19:1362,INBRED 109,2019,1,2,487,16,8,23,False,False
YC19:1363,WIL903,2019,1,2,391,22,8,22,False,True
YC19:1364,LH215,2019,1,2,339,17,8,21,False,True
YC19:1365,N218,2019,1,2,431,20,8,20,False,True
YC19:1366,IDS91,2019,1,2,418,21,8,19,False,True
YC19:1367,W811G,2019,1,2,285,20,8,18,False,True
YC19:1368,KUNG-70,2019,1,2,328,16,8,17,False,True
YC19:1369,PHP85,2019,1,2,443,19,8,16,False,True
YC19:1370,LH1,2019,1,2,330,18,8,15,False,True
YC19:1371,LH214,2019,1,2,338,19,8,14,False,True
YC19:1372,H122w,2019,1,2,483,18,8,13,False,True
YC19:1373,ND259,2019,1,2,267,16,8,12,True,True
YC19:1374,B70,2019,1,2,305,11,8,11,False,True
YC19:1375,MS67,2019,1,2,348,22,8,10,False,True
YC19:1376,DE2,2019,1,2,409,18,8,9,False,True
YC19:1377,B75,2019,1,2,306,23,8,8,False,True
YC19:1378,Wf9,2019,1,2,390,10,8,7,False,False
YC19:1379,R168,2019,1,2,277,25,8,6,False,True
YC19:1380,H95,2019,1,2,319,14,8,5,False,True
YC19:1381,WIL900,2019,1,2,508,18,8,4,False,False
YC19:1382,B73,2019,1,2,519,21,8,3,True,True
YC19:1383,LH65,2019,1,2,492,14,8,2,False,False
YC19:1384,NC412,2019,1,2,500,18,8,1,False,False
YC19:1385,J8606,2019,1,2,326,13,9,1,False,True
YC19:1386,S8326,2019,1,2,278,19,9,2,False,False
YC19:1387,PH207,2019,1,2,515,18,9,3,True,True
YC19:1388,NS701,2019,1,2,268,24,9,4,False,True
YC19:1389,PHK56,2019,1,2,366,17,9,5,False,True
YC19:1390,NY6371,2019,1,2,437,22,9,6,False,True
YC19:1391,H113,2019,1,2,482,24,9,7,False,False
YC19:1392,PHW65,2019,1,2,448,17,9,8,False,True
YC19:1393,B14,2019,1,2,401,20,9,9,False,True
YC19:1394,2MCDB,2019,1,2,292,15,9,10,False,True
YC19:1395,MBWZ,2019,1,2,344,21,9,11,False,True
YC19:1396,LH128,2019,1,2,331,18,9,12,False,True
YC19:1397,B73,2019,1,2,517,23,9,13,True,True
YC19:1398,LH193,2019,1,2,334,19,9,14,False,True
YC19:1399,33-16,2019,1,2,471,18,9,15,False,True
YC19:1400,W809G,2019,1,2,461,27,9,16,False,True
YC19:1401,H96,2019,1,2,484,20,9,17,False,True
YC19:1402,W819G,2019,1,2,464,17,9,18,False,True
YC19:1403,PHEG9,2019,1,2,502,25,9,19,False,True
YC19:1404,W815G,2019,1,2,462,21,9,20,False,True
YC19:1405,N209,2019,1,2,496,22,9,21,False,True
YC19:1406,Va59,2019,1,2,456,19,9,22,False,True
YC19:1407,LH190,2019,1,2,333,25,9,23,False,True
YC19:1408,LH194,2019,1,2,424,19,9,24,False,True
YC19:1409,K150,2019,1,2,327,24,9,25,False,True
YC19:1410,Pa880,2019,1,2,440,24,9,26,False,True
YC19:1411,PHG35,2019,1,2,503,0,9,27,False,False
YC19:1412,PHR31,2019,1,2,370,21,9,28,False,True
YC19:1413,NC328,2019,1,2,357,24,9,29,False,True
YC19:1414,B73,2019,1,2,520,23,9,30,True,True
YC19:1415,Yu796 NS,2019,1,2,468,21,9,31,False,True
YC19:1416,SG 30A,2019,1,2,280,18,9,32,False,True
YC19:1417,AusTRCF 306238,2019,1,2,398,19,9,33,False,True
YC19:1418,CG102,2019,1,2,308,18,9,34,False,True
YC19:1419,B97,2019,1,2,407,23,9,35,False,True
YC19:1420,W812G,2019,1,2,388,19,9,36,False,True
YC19:1421,R229,2019,1,2,451,20,9,37,False,True
YC19:1422,Pa778,2019,1,2,363,8,9,38,False,False
YC19:1423,PHR58,2019,1,2,445,19,9,39,False,True
YC19:1424,B57,2019,1,2,476,20,9,40,False,True
YC19:1425,Pa91,2019,1,2,501,24,9,41,False,True
YC19:1426,LH216,2019,1,2,426,20,9,42,False,True
YC19:1427,PHZ51,2019,1,2,379,23,9,43,False,True
YC19:1428,R227,2019,1,2,450,20,9,44,False,True
YC19:1429,PHW52,2019,1,2,276,26,9,45,False,True
YC19:1430,K41,2019,1,2,421,20,9,46,False,True
YC19:1431,PHN34,2019,1,2,504,22,9,47,False,True
YC19:1432,W814G,2019,1,2,290,6,9,48,False,False
YC19:1433,Pa762,2019,1,2,439,16,10,48,False,False
YC19:1434,FR19,2019,1,2,413,13,10,47,False,False
YC19:1435,NC250,2019,1,2,497,19,10,46,False,False
YC19:1436,LH60,2019,1,2,342,24,10,45,False,True
YC19:1437,N7A,2019,1,2,433,21,10,44,False,True
YC19:1438,LH211,2019,1,2,491,23,10,43,False,True
YC19:1439,IDS28,2019,1,2,417,24,10,42,False,True
YC19:1440,Pa875,2019,1,2,269,21,10,41,False,True
YC19:1441,Va17,2019,1,2,507,20,10,40,False,True
YC19:1442,B98,2019,1,2,408,16,10,39,False,True
YC19:1443,B88,2019,1,2,307,18,10,38,False,True
YC19:1444,PHN46,2019,1,2,368,20,10,37,False,True
YC19:1445,W817G,2019,1,2,463,12,10,36,False,True
YC19:1446,B108,2019,1,2,399,21,10,35,False,True
YC19:1447,CH701-30,2019,1,2,309,24,10,34,False,True
YC19:1448,W813G,2019,1,2,389,20,10,33,False,True
YC19:1449,PH207,2019,1,2,513,18,10,32,True,True
YC19:1450,DK78371A,2019,1,2,289,22,10,31,False,True
YC19:1451,MM501D,2019,1,2,345,20,10,30,False,True
YC19:1452,DE811,2019,1,2,480,27,10,29,False,True
YC19:1453,W607S,2019,1,2,283,22,10,28,False,True
YC19:1454,H110,2019,1,2,414,24,10,27,False,True
YC19:1455,YONG 28,2019,1,2,287,14,10,26,False,False
YC19:1456,PHT47,2019,1,2,374,22,10,25,False,True
YC19:1457,R177,2019,1,2,510,20,10,24,False,False
YC19:1458,LH181,2019,1,2,332,18,10,23,False,False
YC19:1459,B120,2019,1,2,300,21,10,22,False,True
YC19:1460,6M502,2019,1,2,394,25,10,21,False,True
YC19:1461,YE 4,2019,1,2,467,19,10,20,False,True
YC19:1462,N523,2019,1,2,353,25,10,19,False,True
YC19:1463,W803G,2019,1,2,460,23,10,18,False,True
YC19:1464,LH208,2019,1,2,336,22,10,17,False,True
YC19:1465,PHT10,2019,1,2,372,21,10,16,False,True
YC19:1466,H114,2019,1,2,314,19,10,15,False,True
YC19:1467,N534,2019,1,2,355,24,10,14,False,True
YC19:1468,VaW6,2019,1,2,457,21,10,13,False,True
YC19:1469,W37A,2019,1,2,282,19,10,12,False,True
YC19:1470,PHR47,2019,1,2,275,24,10,11,False,True
YC19:1471,A,2019,1,2,397,20,10,10,False,True
YC19:1472,B66,2019,1,2,405,25,10,9,False,True
YC19:1473,N28Ht,2019,1,2,351,21,10,8,False,True
YC19:1474,B73,2019,1,2,516,25,10,7,True,True
YC19:1475,LP1 NR HT,2019,1,2,266,24,10,6,False,True
YC19:1476,PHJ33,2019,1,2,441,14,10,5,False,True
YC19:1477,A797NW,2019,1,2,296,16,10,4,False,True
YC19:1478,Va22,2019,1,2,454,20,10,3,False,True
YC19:1479,NC368,2019,1,2,499,20,10,2,False,False
YC19:1480,B79,2019,1,2,479,20,10,1,False,True
YC19:1481,N28,2019,1,2,432,17,11,1,False,False
YC19:1482,H91,2019,1,2,318,20,11,2,False,True
YC19:1483,PH207,2019,1,2,511,21,11,3,True,True
YC19:1484,H71,2019,1,2,317,22,11,4,False,True
YC19:1485,B2,2019,1,2,475,22,11,5,False,True
YC19:1486,W821G,2019,1,2,286,22,11,6,False,True
YC19:1487,N542,2019,1,2,356,21,11,7,False,True
YC19:1488,B47,2019,1,2,403,23,11,8,False,True
YC19:1489,E8501,2019,1,2,411,25,11,9,False,True
YC19:1490,Va35,2019,1,2,455,21,11,10,False,True
YC19:1491,DE3,2019,1,2,410,16,11,11,False,False
YC19:1492,CQ702RC,2019,1,2,312,20,11,12,False,True
YC19:1493,N217,2019,1,2,430,24,11,13,False,True
YC19:1494,B14A,2019,1,2,302,22,11,14,False,True
YC19:1495,PHW43,2019,1,2,376,18,11,15,False,True
YC19:1496,B121,2019,1,2,301,20,11,16,False,True
YC19:1497,PHWG5,2019,1,2,378,20,11,17,False,True
YC19:1498,LH195,2019,1,2,335,19,11,18,False,True
YC19:1499,B111,2019,1,2,298,21,11,19,False,True
YC19:1500,L 289,2019,1,2,329,20,11,20,False,True
YC19:1501,HUANYAO,2019,1,2,320,14,11,21,False,True
YC19:1502,TZU-CHIAO-HSI-WU 105,2019,1,2,281,24,11,22,False,True
YC19:1503,LH224,2019,1,2,340,16,11,23,False,True
YC19:1504,HP301,2019,1,2,416,24,11,24,False,True
YC19:1505,78551S,2019,1,2,294,12,11,25,False,True
YC19:1506,PHK93,2019,1,2,367,19,11,26,False,True
YC19:1507,W610S,2019,1,2,459,18,11,27,False,True
YC19:1508,B37,2019,1,2,304,21,11,28,False,True
YC19:1509,R78,2019,1,2,380,17,11,29,False,True
YC19:1510,H105W,2019,1,2,313,20,11,30,False,True
YC19:1511,Mo5,2019,1,2,494,21,11,31,False,True
YC19:1512,NK740,2019,1,2,358,22,11,32,False,True
YC19:1513,IDS69,2019,1,2,486,21,11,33,False,True
YC19:1514,A619,2019,1,2,473,20,11,34,False,True
YC19:1515,N501,2019,1,2,352,23,11,35,False,True
YC19:1516,B77,2019,1,2,478,24,11,36,False,True
YC19:1517,HUOBAI,2019,1,2,485,23,11,37,False,False
YC19:1518,NY 166 (Neveh Yaar),2019,1,2,360,16,11,38,False,True
YC19:1519,NC290A,2019,1,2,498,20,11,39,False,True
YC19:1520,Mo1W,2019,1,2,428,24,11,40,False,True
YC19:2001,L 155,2019,2,1,115,14,11,41,False,True
YC19:2002,CR1HT,2019,2,1,119,0,11,42,False,False
YC19:2003,IA2132,2019,2,1,21,18,11,43,False,True
YC19:2004,PHK74,2019,2,1,28,20,11,44,False,True
YC19:2005,ML606,2019,2,1,125,10,11,45,False,True
YC19:2006,Os420,2019,2,1,238,18,11,46,False,True
YC19:2007,L 139,2019,2,1,72,14,11,47,False,True
YC19:2008,PHG50,2019,2,1,136,9,11,48,False,False
YC19:2009,PH207,2019,2,1,253,20,12,48,True,True
YC19:2010,A663,2019,2,1,212,17,12,47,False,True
YC19:2011,W9,2019,2,1,11,17,12,46,False,True
YC19:2012,A674,2019,2,1,15,16,12,45,False,True
YC19:2013,PHR36,2019,2,1,244,19,12,44,False,True
YC19:2014,IBB14,2019,2,1,48,14,12,43,False,True
YC19:2015,IBC2,2019,2,1,69,22,12,42,False,True
YC19:2016,W604S,2019,2,1,192,17,12,41,False,True
YC19:2017,BEI 10 = NORTH 10,2019,2,1,155,17,12,40,False,True
YC19:2018,PHH93,2019,2,1,82,22,12,39,False,True
YC19:2019,LH57,2019,2,1,170,10,12,38,False,True
YC19:2020,PHV57,2019,2,1,91,18,12,37,False,True
YC19:2021,ICI 986,2019,2,1,225,17,12,36,False,True
YC19:2022,W182E,2019,2,1,36,17,12,35,False,False
YC19:2023,4F-306 108,2019,2,1,146,12,12,34,False,True
YC19:2024,DK78010,2019,2,1,220,21,12,33,False,True
YC19:2025,A401,2019,2,1,206,18,12,32,False,True
YC19:2026,A239,2019,2,1,204,18,12,31,False,True
YC19:2027,4226,2019,2,1,199,20,12,30,False,True
YC19:2028,ZS635,2019,2,1,94,17,12,29,False,True
YC19:2029,DKFBHJ,2019,2,1,110,19,12,28,False,True
YC19:2030,LIBC 4,2019,2,1,76,18,12,27,False,True
YC19:2031,PHG86,2019,2,1,242,27,12,26,False,True
YC19:2032,B-18 INBR.FR.SUPERGOLD,2019,2,1,151,25,12,25,False,True
YC19:2033,PHW17,2019,2,1,186,19,12,24,False,True
YC19:2034,DK4676A,2019,2,1,108,24,12,23,False,True
YC19:2035,FBLA,2019,2,1,68,23,12,22,False,True
YC19:2036,W8304,2019,2,1,195,24,12,21,False,True
YC19:2037,PHTM9,2019,2,1,30,23,12,20,False,True
YC19:2038,A385,2019,2,1,2,18,12,19,False,True
YC19:2039,Pa392,2019,2,1,239,21,12,18,False,False
YC19:2040,LH206,2019,2,1,118,25,12,17,False,True
YC19:2041,PHW80,2019,2,1,188,19,12,16,False,False
YC19:2042,LH82,2019,2,1,123,23,12,15,False,True
YC19:2043,Lp215D,2019,2,1,55,22,12,14,False,True
YC19:2044,CR 22 INBRED,2019,2,1,66,19,12,13,False,True
YC19:2045,PHW03,2019,2,1,92,22,12,12,False,True
YC19:2046,2FACC,2019,2,1,145,21,12,11,False,True
YC19:2047,MEF156-55-2,2019,2,1,124,17,12,10,False,False
YC19:2048,2369,2019,2,1,198,22,12,9,False,True
YC19:2049,SD44,2019,2,1,190,23,12,8,False,True
YC19:2050,CH157,2019,2,1,106,21,12,7,False,True
YC19:2051,W603S,2019,2,1,140,19,12,6,False,False
YC19:2052,G80,2019,2,1,112,21,12,5,False,True
YC19:2053,PHR63,2019,2,1,185,19,12,4,False,True
YC19:2054,PHR30,2019,2,1,89,21,12,3,False,True
YC19:2055,PHG71,2019,2,1,60,24,12,2,False,True
YC19:2056,1538,2019,2,1,96,22,12,1,False,True
YC19:2057,NC262,2019,2,1,174,22,13,1,False,True
YC19:2058,LH146Ht,2019,2,1,23,19,13,2,False,True
YC19:2059,Ia 453,2019,2,1,20,24,13,3,False,True
YC19:2060,LH132 - FILL B73,2019,2,1,,22,13,4,False,True
YC19:2061,PHJ90,2019,2,1,182,19,13,5,False,True
YC19:2062,PHP55,2019,2,1,87,20,13,6,False,False
YC19:2063,6F629,2019,2,1,203,16,13,7,False,True
YC19:2064,Ny821,2019,2,1,177,19,13,8,False,True
YC19:2065,A680,2019,2,1,149,22,13,9,False,True
YC19:2066,3IJI1,2019,2,1,97,17,13,10,False,True
YC19:2067,790,2019,2,1,64,19,13,11,False,True
YC19:2068,LH143 (Maintainer),2019,2,1,166,22,13,12,False,True
YC19:2069,LH222,2019,2,1,54,16,13,13,False,True
YC19:2070,L 135,2019,2,1,22,23,13,14,False,True
YC19:2071,A635,2019,2,1,209,19,13,15,False,False
YC19:2072,A679,2019,2,1,44,21,13,16,False,False
YC19:2073,A427,2019,2,1,99,22,13,17,False,True
YC19:2074,B115,2019,2,1,217,20,13,18,False,True
YC19:2075,PHG29,2019,2,1,135,16,13,19,False,True
YC19:2076,MS72,2019,2,1,56,22,13,20,False,True
YC19:2077,A340,2019,2,1,41,25,13,21,False,True
YC19:2078,DKFAPW,2019,2,1,160,16,13,22,False,True
YC19:2079,PHP02,2019,2,1,86,19,13,23,False,True
YC19:2080,B107,2019,2,1,215,18,13,24,False,True
YC19:2081,PHGW7,2019,2,1,27,25,13,25,False,True
YC19:2082,NK778,2019,2,1,58,17,13,26,False,True
YC19:2083,DKPB80,2019,2,1,161,21,13,27,False,True
YC19:2084,764,2019,2,1,95,22,13,28,False,True
YC19:2085,MS1334,2019,2,1,171,16,13,29,False,True
YC19:2086,OS602,2019,2,1,80,21,13,30,False,True
YC19:2087,LH93,2019,2,1,228,20,13,31,False,True
YC19:2088,N197,2019,2,1,79,16,13,32,False,True
YC19:2089,EAST 028,2019,2,1,67,18,13,33,False,True
YC19:2090,W612S,2019,2,1,194,18,13,34,False,True
YC19:2091,CI 40H,2019,2,1,158,21,13,35,False,True
YC19:2092,PHW30,2019,2,1,187,22,13,36,False,False
YC19:2093,NQ508,2019,2,1,175,20,13,37,False,True
YC19:2094,PH207,2019,2,1,252,20,13,38,True,True
YC19:2095,W153R,2019,2,1,61,16,13,39,False,True
YC19:2096,B76,2019,2,1,153,22,13,40,False,True
YC19:2097,C103,2019,2,1,218,15,13,41,False,True
YC19:2098,MS211,2019,2,1,232,23,13,42,False,True
YC19:2099,2FADB,2019,2,1,201,18,13,43,False,True
YC19:2100,W605S,2019,2,1,193,20,13,44,False,True
YC19:2101,MS225,2019,2,1,78,22,13,45,False,True
YC19:2102,Oh40B,2019,2,1,132,20,13,46,False,True
YC19:2103,MS116,2019,2,1,5,15,13,47,False,True
YC19:2104,LH38,2019,2,1,121,7,13,48,False,False
YC19:2105,N193,2019,2,1,173,14,14,48,False,True
YC19:2106,PHVJ4,2019,2,1,8,18,14,47,False,True
YC19:2107,29MIBZ2,2019,2,1,39,21,14,46,False,True
YC19:2108,B-28,2019,2,1,214,21,14,45,False,True
YC19:2109,CA-4,2019,2,1,17,17,14,44,False,True
YC19:2110,PHG80,2019,2,1,241,16,14,43,False,True
YC19:2111,PHT69,2019,2,1,90,14,14,42,False,True
YC19:2112,A374,2019,2,1,98,22,14,41,False,True
YC19:2113,A208,2019,2,1,65,20,14,40,False,True
YC19:2114,PHV37,2019,2,1,31,22,14,39,False,False
YC19:2115,A627,2019,2,1,207,25,14,38,False,True
YC19:2116,A548,2019,2,1,42,21,14,37,False,True
YC19:2117,CM105,2019,2,1,18,22,14,36,False,False
YC19:2118,R113,2019,2,1,245,9,14,35,False,False
YC19:2119,B73,2019,2,1,256,22,14,34,True,False
YC19:2120,ND265,2019,2,1,6,24,14,33,False,True
YC19:2121,W552,2019,2,1,62,23,14,32,False,True
YC19:2122,MS224,2019,2,1,129,21,14,31,False,True
YC19:2123,B114,2019,2,1,216,18,14,30,False,True
YC19:2124,PH207,2019,2,1,254,21,14,29,True,True
YC19:2125,NC310,2019,2,1,236,27,14,28,False,False
YC19:2126,A272,2019,2,1,205,23,14,27,False,True
YC19:2127,PHP76,2019,2,1,88,22,14,26,False,True
YC19:2128,A632,2019,2,1,208,23,14,25,False,True
YC19:2129,78010,2019,2,1,200,19,14,24,False,True
YC19:2130,CR14,2019,2,1,107,11,14,23,False,False
YC19:2131,MS153,2019,2,1,127,19,14,22,False,True
YC19:2132,W117Ht,2019,2,1,35,13,14,21,False,True
YC19:2133,CH753-4,2019,2,1,46,15,14,20,False,False
YC19:2134,NY 159 (Neveh Yaar),2019,2,1,176,8,14,19,False,False
YC19:2135,PHBW8,2019,2,1,134,9,14,18,False,False
YC19:2136,N6,2019,2,1,235,24,14,17,False,True
YC19:2137,LH295,2019,2,1,74,20,14,16,False,True
YC19:2138,B103,2019,2,1,152,20,14,15,False,False
YC19:2139,A659,2019,2,1,211,20,14,14,False,False
YC19:2140,A334,2019,2,1,40,22,14,13,False,True
YC19:2141,LH145,2019,2,1,116,9,14,12,False,False
YC19:2142,SD102,2019,2,1,139,24,14,11,False,True
YC19:2143,LH127,2019,2,1,226,10,14,10,False,True
YC19:2144,792,2019,2,1,197,10,14,9,False,True
YC19:2145,A572,2019,2,1,3,19,14,8,False,True
YC19:2146,Eng-Li Chih,2019,2,1,162,22,14,7,False,False
YC19:2147,SD40,2019,2,1,248,20,14,6,False,True
YC19:2148,ND247,2019,2,1,57,13,14,5,False,True
YC19:2149,B73,2019,2,1,257,21,14,4,True,True
YC19:2150,A649,2019,2,1,100,16,14,3,False,True
YC19:2151,911,2019,2,1,12,20,14,2,False,True
YC19:2152,DJ7,2019,2,1,196,23,14,1,False,True
YC19:2153,2MA22,2019,2,1,202,20,15,1,False,False
YC19:2154,SD101,2019,2,1,189,21,15,2,False,True
YC19:2155,PHB47,2019,2,1,179,17,15,3,False,True
YC19:2156,OQ403,2019,2,1,7,18,15,4,False,True
YC19:2157,CS405,2019,2,1,47,19,15,5,False,True
YC19:2158,DKMBNA,2019,2,1,111,25,15,6,False,True
YC19:2159,ICI581,2019,2,1,71,20,15,7,False,True
YC19:2160,PH207,2019,2,1,255,21,15,8,True,True
YC19:2161,MS200,2019,2,1,128,21,15,9,False,True
YC19:2162,A634,2019,2,1,148,20,15,10,False,True
YC19:2163,C123,2019,2,1,157,13,15,11,False,True
YC19:2164,Pa405,2019,2,1,178,24,15,12,False,True
YC19:2165,LH166,2019,2,1,52,19,15,13,False,True
YC19:2166,Va99,2019,2,1,250,27,15,14,False,True
YC19:2167,LH54,2019,2,1,122,22,15,15,False,True
YC19:2168,W613S,2019,2,1,93,18,15,16,False,True
YC19:2169,B73,2019,2,1,258,20,15,17,True,True
YC19:2170,W602S,2019,2,1,191,17,15,18,False,True
YC19:2171,MS71,2019,2,1,172,22,15,19,False,True
YC19:2172,IBB15,2019,2,1,49,22,15,20,False,False
YC19:2173,OQ603,2019,2,1,133,23,15,21,False,True
YC19:2174,MS132,2019,2,1,231,25,15,22,False,True
YC19:2175,LH223,2019,2,1,120,21,15,23,False,True
YC19:2176,Q381,2019,2,1,138,21,15,24,False,True
YC19:2177,N192,2019,2,1,130,20,15,25,False,True
YC19:2178,PHHV4,2019,2,1,181,23,15,26,False,True
YC19:2179,W614S,2019,2,1,144,24,15,27,False,True
YC19:2180,L 127,2019,2,1,50,18,15,28,False,True
YC19:2181,91IFC2,2019,2,1,13,22,15,29,False,True
YC19:2182,A305,2019,2,1,14,22,15,30,False,True
YC19:2183,A672,2019,2,1,101,24,15,31,False,True
YC19:2184,LH184,2019,2,1,117,18,15,32,False,True
YC19:2185,PHB09,2019,2,1,240,22,15,33,False,True
YC19:2186,B87,2019,2,1,105,23,15,34,False,True
YC19:2187,B73,2019,2,1,259,27,15,35,True,True
YC19:2188,A258,2019,2,1,147,20,15,36,False,True
YC19:2189,LH165,2019,2,1,167,22,15,37,False,True
YC19:2190,MQ305,2019,2,1,126,18,15,38,False,True
YC19:2191,AQA3,2019,2,1,16,23,15,39,False,True
YC19:2192,PHK42,2019,2,1,137,22,15,40,False,True
YC19:2193,DK78002A,2019,2,1,109,23,15,41,False,True
YC19:2194,PHG47,2019,2,1,26,21,15,42,False,True
YC19:2195,T242,2019,2,1,9,21,15,43,False,True
YC19:2196,PHW20,2019,2,1,33,22,15,44,False,True
YC19:2197,B85,2019,2,1,104,18,15,45,False,True
YC19:2198,PHK76,2019,2,1,243,4,15,46,False,False
YC19:2199,R181B,2019,2,1,246,24,15,47,False,False
YC19:2200,AS6103,2019,2,1,213,27,15,48,False,True
YC19:2201,LH209,2019,2,1,169,17,16,48,False,True
YC19:2202,MS226,2019,2,1,233,17,16,47,False,True
YC19:2203,CH9,2019,2,1,142,22,16,46,False,True
YC19:2204,793,2019,2,1,37,20,16,45,False,True
YC19:2205,PHBA6,2019,2,1,180,24,16,44,False,True
YC19:2206,PHN66,2019,2,1,183,22,16,43,False,True
YC19:2207,PHW86,2019,2,1,34,22,16,42,False,True
YC19:2208,ICI 193,2019,2,1,70,17,16,41,False,False
YC19:2209,PHN11,2019,2,1,29,20,16,40,False,True
YC19:2210,LP5,2019,2,1,77,23,16,39,False,True
YC19:2211,Mo17,2019,2,1,229,26,16,38,False,True
YC19:2212,OH33,2019,2,1,237,24,16,37,False,False
YC19:2213,A322,2019,2,1,1,20,16,36,False,False
YC19:2214,I29,2019,2,1,114,25,16,35,False,True
YC19:2215,ICI 441,2019,2,1,163,23,16,34,False,True
YC19:2216,LH61,2019,2,1,75,18,16,33,False,True
YC19:2217,DK3IIH6,2019,2,1,159,25,16,32,False,True
YC19:2218,A641,2019,2,1,4,18,16,31,False,True
YC19:2219,PHJ89,2019,2,1,83,24,16,30,False,True
YC19:2220,PHG72,2019,2,1,81,26,16,29,False,True
YC19:2221,A556,2019,2,1,43,19,16,28,False,True
YC19:2222,LH119,2019,2,1,143,23,16,27,False,True
YC19:2223,A648,2019,2,1,210,17,16,26,False,True
YC19:2224,ICI 740,2019,2,1,223,22,16,25,False,True
YC19:2225,NK807,2019,2,1,59,18,16,24,False,True
YC19:2226,A682,2019,2,1,102,19,16,23,False,True
YC19:2227,LH202,2019,2,1,73,20,16,22,False,True
YC19:2228,NORTH 7,2019,2,1,24,19,16,21,False,True
YC19:2229,NS501,2019,2,1,131,19,16,20,False,True
YC19:2230,LH149,2019,2,1,51,23,16,19,False,True
YC19:2231,B73,2019,2,1,260,25,16,18,True,True
YC19:2232,W701BC,2019,2,1,10,27,16,17,False,True
YC19:2233,N201,2019,2,1,234,23,16,16,False,True
YC19:2234,FC46,2019,2,1,19,18,16,15,False,False
YC19:2235,INBRED 2-687,2019,2,1,164,24,16,14,False,True
YC19:2236,SD107,2019,2,1,247,16,16,13,False,True
YC19:2237,DE4,2019,2,1,219,18,16,12,False,True
YC19:2238,H42,2019,2,1,222,18,16,11,False,True
YC19:2239,Oh43,2019,2,1,25,18,16,10,False,True
YC19:2240,CH711-10,2019,2,1,45,16,16,9,False,True
YC19:2241,W64A,2019,2,1,63,21,16,8,False,True
YC19:2242,A73,2019,2,1,103,23,16,7,False,True
YC19:2243,Va52,2019,2,1,249,24,16,6,False,False
YC19:2244,LH198,2019,2,1,168,25,16,5,False,True
YC19:2245,WR3,2019,2,1,141,14,16,4,False,False
YC19:2246,912,2019,2,1,38,24,16,3,False,True
YC19:2247,Mo47,2019,2,1,230,17,16,2,False,True
YC19:2248,A71,2019,2,1,150,18,16,1,False,True
YC19:2249,PH207,2019,2,1,251,24,17,1,True,True
YC19:2250,DKIB014,2019,2,1,221,16,17,2,False,True
YC19:2251,BO9,2019,2,1,156,24,17,3,False,True
YC19:2252,PHVA9,2019,2,1,32,25,17,4,False,True
YC19:2253,ICI 893,2019,2,1,224,22,17,5,False,True
YC19:2254,B91,2019,2,1,154,24,17,6,False,True
YC19:2255,PHN82,2019,2,1,184,24,17,7,False,True
YC19:2256,PHJR5,2019,2,1,84,25,17,8,False,True
YC19:2257,PHKE6,2019,2,1,85,26,17,9,False,True
YC19:2258,LH74,2019,2,1,227,25,17,10,False,True
YC19:2259,LH172,2019,2,1,53,22,17,11,False,True
YC19:2260,H99,2019,2,1,113,23,17,12,False,True
YC19:2261,B97,2019,2,2,407,22,17,13,False,True
YC19:2262,W813G,2019,2,2,389,17,17,14,False,True
YC19:2263,IDS69,2019,2,2,486,24,17,15,False,True
YC19:2264,LH216,2019,2,2,426,24,17,16,False,True
YC19:2265,MS24A,2019,2,2,429,21,17,17,False,True
YC19:2266,PHWG5,2019,2,2,378,25,17,18,False,True
YC19:2267,N200,2019,2,2,495,22,17,19,False,True
YC19:2268,PHJ33,2019,2,2,441,17,17,20,False,True
YC19:2269,DK78371A,2019,2,2,289,27,17,21,False,True
YC19:2270,PHT47,2019,2,2,374,20,17,22,False,True
YC19:2271,LH205,2019,2,2,425,22,17,23,False,True
YC19:2272,B110,2019,2,2,400,22,17,24,False,True
YC19:2273,B77,2019,2,2,478,21,17,25,False,True
YC19:2274,Va26,2019,2,2,382,17,17,26,False,False
YC19:2275,PHV78,2019,2,2,506,23,17,27,False,True
YC19:2276,W814G,2019,2,2,290,12,17,28,False,True
YC19:2277,YONG 28,2019,2,2,287,20,17,29,False,True
YC19:2278,PHG83,2019,2,2,270,25,17,30,False,True
YC19:2279,ND259,2019,2,2,291,21,17,31,True,True
YC19:2280,B111,2019,2,2,298,24,17,32,False,False
YC19:2281,LH190,2019,2,2,333,25,17,33,False,True
YC19:2282,Va35,2019,2,2,455,25,17,34,False,True
YC19:2283,LH204,2019,2,2,264,22,17,35,False,True
YC19:2284,LH181,2019,2,2,332,20,17,36,False,False
YC19:2285,N215,2019,2,2,350,5,17,37,False,False
YC19:2286,B66,2019,2,2,405,27,17,38,False,True
YC19:2287,HUOBAI,2019,2,2,485,21,17,39,False,False
YC19:2288,WIL900,2019,2,2,508,16,17,40,False,False
YC19:2289,MBPM,2019,2,2,427,23,17,41,False,True
YC19:2290,PHN46,2019,2,2,368,24,17,42,False,True
YC19:2291,B57,2019,2,2,476,20,17,43,False,True
YC19:2292,DE2,2019,2,2,409,20,17,44,False,True
YC19:2293,A321,2019,2,2,295,16,17,45,False,True
YC19:2294,PHK56,2019,2,2,366,23,17,46,False,True
YC19:2295,PHK29,2019,2,2,442,19,17,47,False,False
YC19:2296,PHT10,2019,2,2,372,25,17,48,False,True
YC19:2297,MM501D,2019,2,2,345,17,18,48,False,True
YC19:2298,Hy,2019,2,2,321,22,18,47,False,False
YC19:2299,PHV63,2019,2,2,505,25,18,46,False,True
YC19:2300,PHR55,2019,2,2,371,19,18,45,False,False
YC19:2301,N209,2019,2,2,496,25,18,44,False,True
YC19:2302,R71,2019,2,2,452,27,18,43,False,True
YC19:2303,N523,2019,2,2,353,18,18,42,False,True
YC19:2304,Il778d,2019,2,2,322,24,18,41,False,True
YC19:2305,Va102,2019,2,2,453,9,18,40,False,False
YC19:2306,INBRED 109,2019,2,2,487,15,18,39,False,False
YC19:2307,PHJ70,2019,2,2,365,22,18,38,False,True
YC19:2308,AusTRCF 306238,2019,2,2,398,20,18,37,False,False
YC19:2309,PHR58,2019,2,2,445,15,18,36,False,False
YC19:2310,H71,2019,2,2,317,24,18,35,False,True
YC19:2311,Va17,2019,2,2,507,19,18,34,False,True
YC19:2312,W817G,2019,2,2,463,13,18,33,False,True
YC19:2313,PH207,2019,2,2,511,24,18,32,True,True
YC19:2314,N28Ht,2019,2,2,351,23,18,31,False,True
YC19:2315,CH701-30,2019,2,2,309,15,18,30,False,True
YC19:2316,NC326,2019,2,2,435,26,18,29,False,True
YC19:2317,HUANYAO,2019,2,2,320,18,18,28,False,True
YC19:2318,Oh7,2019,2,2,362,25,18,27,False,True
YC19:2319,PHW43,2019,2,2,376,24,18,26,False,True
YC19:2320,Mo5,2019,2,2,494,27,18,25,False,False
YC19:2321,NC328,2019,2,2,357,24,18,24,False,True
YC19:2322,R78,2019,2,2,380,21,18,23,False,True
YC19:2323,LH227,2019,2,2,265,20,18,22,False,True
YC19:2324,B75,2019,2,2,306,18,18,21,False,True
YC19:2325,F2834T,2019,2,2,412,25,18,20,False,True
YC19:2326,W819G,2019,2,2,464,18,18,19,False,True
YC19:2327,PHR47,2019,2,2,275,26,18,18,False,True
YC19:2328,B109,2019,2,2,297,26,18,17,False,True
YC19:2329,WU-TAN-TZAO,2019,2,2,392,25,18,16,False,True
YC19:2330,H5,2019,2,2,316,26,18,15,False,True
YC19:2331,K41,2019,2,2,421,25,18,14,False,True
YC19:2332,B164,2019,2,2,303,26,18,13,False,True
YC19:2333,B37,2019,2,2,304,19,18,12,False,True
YC19:2334,PHW79,2019,2,2,377,13,18,11,False,True
YC19:2335,ND259,2019,2,2,267,20,18,10,True,False
YC19:2336,Pa875,2019,2,2,269,20,18,9,False,True
YC19:2337,87916W,2019,2,2,396,25,18,8,False,True
YC19:2338,FR19,2019,2,2,413,20,18,7,False,False
YC19:2339,H96,2019,2,2,484,25,18,6,False,False
YC19:2340,IDS28,2019,2,2,417,24,18,5,False,True
YC19:2341,Wf9,2019,2,2,390,13,18,4,False,True
YC19:2342,CO258,2019,2,2,311,15,18,3,False,False
YC19:2343,LH193,2019,2,2,334,19,18,2,False,True
YC19:2344,PHZ51,2019,2,2,379,22,18,1,False,False
YC19:2345,PHR03,2019,2,2,444,26,19,1,False,True
YC19:2346,SG 30A,2019,2,2,280,20,19,2,False,True
YC19:2347,CG102,2019,2,2,308,25,19,3,False,True
YC19:2348,W821G,2019,2,2,286,26,19,4,False,True
YC19:2349,PHK35,2019,2,2,272,23,19,5,False,True
YC19:2350,B65,2019,2,2,404,17,19,6,False,True
YC19:2351,NC342,2019,2,2,436,20,19,7,False,False
YC19:2352,Yu796 NS,2019,2,2,468,25,19,8,False,True
YC19:2353,B79,2019,2,2,479,25,19,9,False,True
YC19:2354,KUNG-70,2019,2,2,328,21,19,10,False,True
YC19:2355,PHHH9,2019,2,2,271,22,19,11,False,True
YC19:2356,W811G,2019,2,2,285,24,19,12,False,True
YC19:2357,DE3,2019,2,2,410,19,19,13,False,False
YC19:2358,H121,2019,2,2,315,25,19,14,False,True
YC19:2359,W810G,2019,2,2,387,23,19,15,False,True
YC19:2360,NY6371,2019,2,2,437,22,19,16,False,True
YC19:2361,B73,2019,2,2,520,25,19,17,True,True
YC19:2362,ZS365,2019,2,2,288,19,19,18,False,True
YC19:2363,LH215,2019,2,2,339,22,19,19,False,True
YC19:2364,WXB6,2019,2,2,466,21,19,20,False,True
YC19:2365,NC368,2019,2,2,499,25,19,21,False,True
YC19:2366,PH207,2019,2,2,512,22,19,22,True,True
YC19:2367,LH213,2019,2,2,337,10,19,23,False,True
YC19:2368,S8326,2019,2,2,278,14,19,24,False,False
YC19:2369,R227,2019,2,2,450,21,19,25,False,True
YC19:2370,H105W,2019,2,2,313,21,19,26,False,True
YC19:2371,W803G,2019,2,2,460,24,19,27,False,False
YC19:2372,PHK93,2019,2,2,367,22,19,28,False,False
YC19:2373,PHR62,2019,2,2,446,9,19,29,False,False
YC19:2374,A797NW,2019,2,2,296,14,19,30,False,True
YC19:2375,W32,2019,2,2,458,25,19,31,False,True
YC19:2376,LH191,2019,2,2,422,19,19,32,False,False
YC19:2377,NKS8326,2019,2,2,359,22,19,33,False,True
YC19:2378,B73,2019,2,2,517,26,19,34,True,False
YC19:2379,Tr,2019,2,2,381,16,19,35,False,False
YC19:2380,B73,2019,2,2,518,26,19,36,True,True
YC19:2381,6M502,2019,2,2,394,20,19,37,False,True
YC19:2382,N7A,2019,2,2,433,27,19,38,False,False
YC19:2383,B2,2019,2,2,475,21,19,39,False,True
YC19:2384,PHW65,2019,2,2,448,11,19,40,False,True
YC19:2385,2MCDB,2019,2,2,292,14,19,41,False,False
YC19:2386,PHN34,2019,2,2,504,22,19,42,False,True
YC19:2387,4F-35 BK,2019,2,2,509,10,19,43,False,True
YC19:2388,R226,2019,2,2,449,26,19,44,False,True
YC19:2389,NY 166 (Neveh Yaar),2019,2,2,360,20,19,45,False,True
YC19:2390,W22,2019,2,2,383,26,19,46,False,True
YC19:2391,LH211,2019,2,2,491,21,19,47,False,False
YC19:2392,H113,2019,2,2,482,22,19,48,False,False
YC19:2393,B14,2019,2,2,401,19,20,48,False,False
YC19:2394,N217,2019,2,2,430,25,20,47,False,True
YC19:2395,VaW6,2019,2,2,457,24,20,46,False,True
YC19:2396,LH185,2019,2,2,261,11,20,45,False,False
YC19:2397,W809G,2019,2,2,461,25,20,44,False,True
YC19:2398,LP1 NR HT,2019,2,2,266,23,20,43,False,True
YC19:2399,N542,2019,2,2,356,18,20,42,False,True
YC19:2400,B70,2019,2,2,305,14,20,41,False,False
YC19:2401,LH1,2019,2,2,330,22,20,40,False,True
YC19:2402,H122w,2019,2,2,483,22,20,39,False,True
YC19:2403,LH128,2019,2,2,331,19,20,38,False,True
YC19:2404,A,2019,2,2,397,26,20,37,False,True
YC19:2405,N28,2019,2,2,432,22,20,36,False,True
YC19:2406,Pa880,2019,2,2,440,26,20,35,False,True
YC19:2407,W611S,2019,2,2,284,20,20,34,False,False
YC19:2408,PHPR5,2019,2,2,369,25,20,33,False,True
YC19:2409,Mo1W,2019,2,2,428,27,20,32,False,True
YC19:2410,W23,2019,2,2,384,27,20,31,False,True
YC19:2411,LH59,2019,2,2,341,22,20,30,False,True
YC19:2412,N527,2019,2,2,354,27,20,29,False,False
YC19:2413,A619,2019,2,2,473,24,20,28,False,True
YC19:2414,PH207,2019,2,2,513,19,20,27,True,True
YC19:2415,HP301,2019,2,2,416,19,20,26,False,False
YC19:2416,LH194,2019,2,2,424,20,20,25,False,True
YC19:2417,B68,2019,2,2,477,24,20,24,False,True
YC19:2418,LH197,2019,2,2,262,24,20,23,False,True
YC19:2419,Pa91,2019,2,2,501,22,20,22,False,True
YC19:2420,CO257,2019,2,2,310,27,20,21,False,True
YC19:2421,4F-234 BX 4,2019,2,2,472,16,20,20,False,False
YC19:2422,W24,2019,2,2,385,22,20,19,False,True
YC19:2423,B14A,2019,2,2,302,25,20,18,False,True
YC19:2424,N218,2019,2,2,431,20,20,17,False,True
YC19:2425,INBRED 141,2019,2,2,419,20,20,16,False,False
YC19:2426,DE811,2019,2,2,480,27,20,15,False,True
YC19:2427,NC290A,2019,2,2,498,22,20,14,False,True
YC19:2428,LH214,2019,2,2,338,26,20,13,False,True
YC19:2429,B120,2019,2,2,300,22,20,12,False,True
YC19:2430,LH208,2019,2,2,336,19,20,11,False,True
YC19:2431,PHBB3,2019,2,2,364,22,20,10,False,False
YC19:2432,INBRED 309,2019,2,2,324,21,20,9,False,True
YC19:2433,N501,2019,2,2,352,17,20,8,False,True
YC19:2434,R168,2019,2,2,277,21,20,7,False,True
YC19:2435,N211,2019,2,2,349,24,20,6,False,True
YC19:2436,W812G,2019,2,2,388,20,20,5,False,True
YC19:2437,Pa778,2019,2,2,363,6,20,4,False,False
YC19:2438,K47,2019,2,2,489,25,20,3,False,True
YC19:2439,PHN29,2019,2,2,274,24,20,2,False,True
YC19:2440,Mo46,2019,2,2,346,27,20,1,False,True
YC19:2441,Va59,2019,2,2,456,18,21,1,False,True
YC19:2442,B47,2019,2,2,403,16,21,2,False,True
YC19:2443,LH224,2019,2,2,340,15,21,3,False,True
YC19:2444,NS701,2019,2,2,268,25,21,4,False,True
YC19:2445,INB 101LFY/LFY (A632 X M16 S5),2019,2,2,323,17,21,5,False,True
YC19:2446,MS221,2019,2,2,347,25,21,6,False,True
YC19:2447,W37A,2019,2,2,282,25,21,7,False,False
YC19:2448,33-16,2019,2,2,471,19,21,8,False,False
YC19:2449,B84,2019,2,2,406,24,21,9,False,True
YC19:2450,NC294,2019,2,2,434,25,21,10,False,True
YC19:2451,PHT55,2019,2,2,375,24,21,11,False,False
YC19:2452,J8606,2019,2,2,326,20,21,12,False,True
YC19:2453,MBST,2019,2,2,343,3,21,13,False,False
YC19:2454,PHG35,2019,2,2,503,0,21,14,False,False
YC19:2455,B73,2019,2,2,519,25,21,15,True,True
YC19:2456,B105,2019,2,2,469,23,21,16,False,True
YC19:2457,W820G,2019,2,2,465,18,21,17,False,False
YC19:2458,CQ702RC,2019,2,2,312,26,21,18,False,True
YC19:2459,Va22,2019,2,2,454,23,21,19,False,False
YC19:2460,B88,2019,2,2,307,7,21,20,False,False
YC19:2461,PHP85,2019,2,2,443,16,21,21,False,True
YC19:2462,WIL903,2019,2,2,391,21,21,22,False,True
YC19:2463,MBWZ,2019,2,2,344,20,21,23,False,False
YC19:2464,R229,2019,2,2,451,23,21,24,False,True
YC19:2465,78551S,2019,2,2,294,12,21,25,False,False
YC19:2466,W607S,2019,2,2,283,23,21,26,False,False
YC19:2467,LH192,2019,2,2,423,26,21,27,False,True
YC19:2468,B98,2019,2,2,408,13,21,28,False,False
YC19:2469,PHW52,2019,2,2,276,23,21,29,False,True
YC19:2470,MS67,2019,2,2,348,26,21,30,False,True
YC19:2471,YE 4,2019,2,2,467,25,21,31,False,False
YC19:2472,Seagull Seventeen,2019,2,2,279,22,21,32,False,True
YC19:2473,L 289,2019,2,2,329,26,21,33,False,True
YC19:2474,B108,2019,2,2,399,21,21,34,False,True
YC19:2475,YING-55,2019,2,2,393,25,21,35,False,True
YC19:2476,W610S,2019,2,2,459,23,21,36,False,True
YC19:2477,W815G,2019,2,2,462,26,21,37,False,False
YC19:2478,4N506,2019,2,2,293,24,21,38,False,True
YC19:2479,B46,2019,2,2,402,18,21,39,False,False
YC19:2480,B121,2019,2,2,301,23,21,40,False,True
YC19:2481,PHEG9,2019,2,2,502,25,21,41,False,True
YC19:2482,H91,2019,2,2,318,26,21,42,False,True
YC19:2483,LH60,2019,2,2,342,26,21,43,False,True
YC19:2484,PH207,2019,2,2,514,21,21,44,True,True
YC19:2485,PH207,2019,2,2,515,24,21,45,True,True
YC19:2486,LH195,2019,2,2,335,25,21,46,False,True
YC19:2487,K55,2019,2,2,490,18,21,47,False,True
YC19:2488,NC412,2019,2,2,500,22,21,48,False,True
YC19:2489,OC19,2019,2,2,361,9,22,48,False,False
YC19:2490,PHT22,2019,2,2,373,16,22,47,False,False
YC19:2491,M14,2019,2,2,493,23,22,46,False,True
YC19:2492,INBRED 305,2019,2,2,420,22,22,45,False,False
YC19:2493,B119,2019,2,2,299,24,22,44,False,True
YC19:2494,6M502A,2019,2,2,395,25,22,43,False,False
YC19:2495,NK740,2019,2,2,358,26,22,42,False,True
YC19:2496,IDS91,2019,2,2,418,21,22,41,False,True
YC19:2497,LH199,2019,2,2,263,22,22,40,False,True
YC19:2498,W606S,2019,2,2,386,20,22,39,False,False
YC19:2499,NC250,2019,2,2,497,26,22,38,False,False
YC19:2500,WIL901,2019,2,2,470,15,22,37,False,True
YC19:2501,E8501,2019,2,2,411,24,22,36,False,True
YC19:2502,H84,2019,2,2,415,24,22,35,False,True
YC19:2503,PHW53,2019,2,2,447,26,22,34,False,False
YC19:2504,PHM10,2019,2,2,273,20,22,33,False,True
YC19:2505,H95,2019,2,2,319,21,22,32,False,True
YC19:2506,K150,2019,2,2,327,24,22,31,False,True
YC19:2507,H110,2019,2,2,414,24,22,30,False,True
YC19:2508,INBRED 321,2019,2,2,325,21,22,29,False,False
YC19:2509,B73,2019,2,2,516,24,22,28,True,True
YC19:2510,H114,2019,2,2,314,13,22,27,False,True
YC19:2511,B104,2019,2,2,474,20,22,26,False,False
YC19:2512,N534,2019,2,2,355,22,22,25,False,False
YC19:2513,R177,2019,2,2,510,16,22,24,False,False
YC19:2514,F118,2019,2,2,481,24,22,23,False,True
YC19:2515,TZU-CHIAO-HSI-WU 105,2019,2,2,281,19,22,22,False,True
YC19:2516,Os426,2019,2,2,438,12,22,21,False,False
YC19:2517,LH65,2019,2,2,492,13,22,20,False,False
YC19:2518,PHR31,2019,2,2,370,24,22,19,False,False
YC19:2519,J47,2019,2,2,488,22,22,18,False,True
YC19:2520,Pa762,2019,2,2,439,15,22,17,False,True
YC20:1001,L 135,2020,1,1,22,25,1,1,False,True
YC20:1002,MEF156-55-2,2020,1,1,124,19,1,2,False,True
YC20:1003,LH93,2020,1,1,228,23,1,3,False,True
YC20:1004,OQ603,2020,1,1,133,25,1,4,False,True
YC20:1005,2FACC,2020,1,1,145,20,1,5,False,True
YC20:1006,LH38,2020,1,1,121,10,1,6,False,True
YC20:1007,WR3,2020,1,1,141,18,1,7,False,True
YC20:1008,ICI581,2020,1,1,71,2,1,8,False,False
YC20:1009,DKFBHJ,2020,1,1,110,21,1,9,False,True
YC20:1010,N193,2020,1,1,173,22,1,10,False,True
YC20:1011,PHN82,2020,1,1,184,4,1,11,False,False
YC20:1012,NORTH 7,2020,1,1,24,9,1,12,False,False
YC20:1013,A627,2020,1,1,207,14,1,13,False,True
YC20:1014,IBB15,2020,1,1,49,9,1,14,False,False
YC20:1015,PHN66,2020,1,1,183,16,1,15,False,True
YC20:1016,A672,2020,1,1,101,17,1,16,False,True
YC20:1017,DK4676A,2020,1,1,108,22,1,17,False,True
YC20:1018,29MIBZ2,2020,1,1,39,14,1,18,False,True
YC20:1019,A322,2020,1,1,1,16,1,19,False,True
YC20:1020,CA-4,2020,1,1,17,19,1,20,False,True
YC20:1021,DK3IIH6,2020,1,1,159,20,1,21,False,True
YC20:1022,L 155,2020,1,1,115,13,1,22,False,True
YC20:1023,AQA3,2020,1,1,16,21,1,23,False,True
YC20:1024,B76,2020,1,1,153,22,1,24,False,True
YC20:1025,CH711-10,2020,1,1,45,18,1,25,False,True
YC20:1026,PHG80,2020,1,1,241,24,1,26,False,True
YC20:1027,N192,2020,1,1,130,23,1,27,False,True
YC20:1028,DE4,2020,1,1,219,17,1,28,False,True
YC20:1029,PHH93,2020,1,1,82,15,1,29,False,True
YC20:1030,Eng-Li Chih,2020,1,1,162,18,1,30,False,True
YC20:1031,W552,2020,1,1,62,18,1,31,False,True
YC20:1032,Os420,2020,1,1,238,17,1,32,False,True
YC20:1033,Oh43,2020,1,1,25,20,1,33,False,True
YC20:1034,A305,2020,1,1,14,20,1,34,False,True
YC20:1035,DK78002A,2020,1,1,109,24,1,35,False,True
YC20:1036,SD101,2020,1,1,189,22,1,36,False,True
YC20:1037,A632,2020,1,1,208,19,1,37,False,True
YC20:1038,LH165,2020,1,1,167,13,1,38,False,True
YC20:1039,LH145,2020,1,1,116,22,1,39,False,True
YC20:1040,PHG29,2020,1,1,135,25,1,40,False,True
YC20:1041,PHK76,2020,1,1,243,3,1,41,False,False
YC20:1042,LH206,2020,1,1,118,15,1,42,False,True
YC20:1043,BO9,2020,1,1,156,23,1,43,False,True
YC20:1044,MS200,2020,1,1,128,19,1,44,False,True
YC20:1045,DKFAPW,2020,1,1,160,23,1,45,False,True
YC20:1046,NY 159 (Neveh Yaar),2020,1,1,176,0,1,46,False,False
YC20:1047,N6,2020,1,1,235,20,1,47,False,True
YC20:1048,LH149,2020,1,1,51,24,1,48,False,True
YC20:1049,ZS635,2020,1,1,94,12,2,48,False,True
YC20:1050,A401,2020,1,1,206,8,2,47,False,False
YC20:1051,FC46,2020,1,1,19,21,2,46,False,True
YC20:1052,CH157,2020,1,1,106,24,2,45,False,True
YC20:1053,PHP55,2020,1,1,87,22,2,44,False,True
YC20:1054,OH33,2020,1,1,237,26,2,43,False,True
YC20:1055,PH207,2020,1,1,253,19,2,42,True,True
YC20:1056,A634,2020,1,1,148,20,2,41,False,True
YC20:1057,G80,2020,1,1,112,18,2,40,False,True
YC20:1058,4F-306 108,2020,1,1,146,19,2,39,False,True
YC20:1059,PHG72,2020,1,1,81,26,2,38,False,True
YC20:1060,Pa392,2020,1,1,239,23,2,37,False,True
YC20:1061,91IFC2,2020,1,1,13,15,2,36,False,True
YC20:1062,LH132,2020,1,1,,11,2,35,False,True
YC20:1063,PHBA6,2020,1,1,180,26,2,34,False,True
YC20:1064,911,2020,1,1,12,18,2,33,False,True
YC20:1065,B73,2020,1,1,256,25,2,32,True,True
YC20:1066,PHW86,2020,1,1,34,18,2,31,False,True
YC20:1067,SD102,2020,1,1,139,21,2,30,False,True
YC20:1068,SD44,2020,1,1,190,16,2,29,False,True
YC20:1069,DKMBNA,2020,1,1,111,20,2,28,False,True
YC20:1070,LP5,2020,1,1,77,24,2,27,False,True
YC20:1071,LH61,2020,1,1,75,20,2,26,False,True
YC20:1072,B73,2020,1,1,260,21,2,25,True,True
YC20:1073,ICI 740,2020,1,1,223,23,2,24,False,True
YC20:1074,EAST 028,2020,1,1,67,24,2,23,False,True
YC20:1075,Ny821,2020,1,1,177,22,2,22,False,True
YC20:1076,A427,2020,1,1,99,24,2,21,False,True
YC20:1077,CI 40H,2020,1,1,158,16,2,20,False,True
YC20:1078,A556,2020,1,1,43,19,2,19,False,True
YC20:1079,A548,2020,1,1,42,23,2,18,False,True
YC20:1080,R113,2020,1,1,245,17,2,17,False,True
YC20:1081,A680,2020,1,1,149,12,2,16,False,True
YC20:1082,AS6103,2020,1,1,213,22,2,15,False,True
YC20:1083,LH166,2020,1,1,52,17,2,14,False,True
YC20:1084,PHJ90,2020,1,1,182,23,2,13,False,True
YC20:1085,N197,2020,1,1,79,6,2,12,False,False
YC20:1086,A239,2020,1,1,204,25,2,11,False,True
YC20:1087,OS602,2020,1,1,80,16,2,10,False,True
YC20:1088,MS225,2020,1,1,78,17,2,9,False,True
YC20:1089,ICI 986,2020,1,1,225,15,2,8,False,True
YC20:1090,A334,2020,1,1,40,22,2,7,False,True
YC20:1091,LH119,2020,1,1,143,25,2,6,False,True
YC20:1092,ML606,2020,1,1,125,9,2,5,False,False
YC20:1093,792,2020,1,1,197,5,2,4,False,False
YC20:1094,PH207,2020,1,1,255,22,2,3,True,True
YC20:1095,LH198,2020,1,1,168,25,2,2,False,True
YC20:1096,PHP76,2020,1,1,88,26,2,1,False,True
YC20:1097,PH207,2020,1,1,252,17,3,1,True,True
YC20:1098,793,2020,1,1,37,23,3,2,False,True
YC20:1099,IA2132,2020,1,1,21,10,3,3,False,True
YC20:1100,T242,2020,1,1,9,23,3,4,False,True
YC20:1101,LIBC 4,2020,1,1,76,21,3,5,False,True
YC20:1102,MS211,2020,1,1,232,23,3,6,False,True
YC20:1103,PHW20,2020,1,1,33,24,3,7,False,True
YC20:1104,A659,2020,1,1,211,19,3,8,False,True
YC20:1105,W612S,2020,1,1,194,23,3,9,False,True
YC20:1106,CR1HT,2020,1,1,119,19,3,10,False,True
YC20:1107,Va52,2020,1,1,249,26,3,11,False,True
YC20:1108,W614S,2020,1,1,144,21,3,12,False,True
YC20:1109,W117Ht,2020,1,1,35,21,3,13,False,True
YC20:1110,PHR36,2020,1,1,244,20,3,14,False,True
YC20:1111,MS224,2020,1,1,129,20,3,15,False,True
YC20:1112,NC262,2020,1,1,174,14,3,16,False,True
YC20:1113,W701BC,2020,1,1,10,15,3,17,False,True
YC20:1114,W602S,2020,1,1,191,18,3,18,False,True
YC20:1115,LH172,2020,1,1,53,11,3,19,False,True
YC20:1116,A572,2020,1,1,3,19,3,20,False,True
YC20:1117,LH295,2020,1,1,74,22,3,21,False,True
YC20:1118,Mo17,2020,1,1,229,9,3,22,False,False
YC20:1119,LH146Ht,2020,1,1,23,21,3,23,False,True
YC20:1120,NQ508,2020,1,1,175,21,3,24,False,True
YC20:1121,ND265,2020,1,1,6,20,3,25,False,True
YC20:1122,ICI 193,2020,1,1,70,17,3,26,False,True
YC20:1123,764,2020,1,1,95,18,3,27,False,True
YC20:1124,A272,2020,1,1,205,14,3,28,False,True
YC20:1125,W604S,2020,1,1,192,16,3,29,False,True
YC20:1126,A648,2020,1,1,210,21,3,30,False,True
YC20:1127,LH209,2020,1,1,169,24,3,31,False,True
YC20:1128,B87,2020,1,1,105,22,3,32,False,True
YC20:1129,PHW30,2020,1,1,187,15,3,33,False,True
YC20:1130,Oh40B,2020,1,1,132,16,3,34,False,True
YC20:1131,LH184,2020,1,1,117,19,3,35,False,True
YC20:1132,MS226,2020,1,1,233,14,3,36,False,True
YC20:1133,CM105,2020,1,1,18,21,3,37,False,True
YC20:1134,LH223,2020,1,1,120,22,3,38,False,True
YC20:1135,PH207,2020,1,1,254,18,3,39,True,True
YC20:1136,NK807,2020,1,1,59,12,3,40,False,True
YC20:1137,PHGW7,2020,1,1,27,24,3,41,False,True
YC20:1138,790,2020,1,1,64,20,3,42,False,True
YC20:1139,B-18 INBR.FR.SUPERGOLD,2020,1,1,151,23,3,43,False,True
YC20:1140,6F629,2020,1,1,203,21,3,44,False,True
YC20:1141,A374,2020,1,1,98,19,3,45,False,True
YC20:1142,B73,2020,1,1,257,23,3,46,True,True
YC20:1143,W605S,2020,1,1,193,22,3,47,False,True
YC20:1144,PHKE6,2020,1,1,85,24,3,48,False,True
YC20:1145,H42,2020,1,1,222,16,4,48,False,True
YC20:1146,LH222,2020,1,1,54,21,4,47,False,True
YC20:1147,DKIB014,2020,1,1,221,3,4,46,False,False
YC20:1148,PHN11,2020,1,1,29,25,4,45,False,True
YC20:1149,PHW03,2020,1,1,92,16,4,44,False,True
YC20:1150,3IJI1,2020,1,1,97,13,4,43,False,True
YC20:1151,2369,2020,1,1,198,10,4,42,False,True
YC20:1152,PHV37,2020,1,1,31,11,4,41,False,True
YC20:1153,PHV57,2020,1,1,91,15,4,40,False,True
YC20:1154,DK78010,2020,1,1,220,17,4,39,False,True
YC20:1155,MS1334,2020,1,1,171,8,4,38,False,False
YC20:1156,C103,2020,1,1,218,15,4,37,False,True
YC20:1157,A674,2020,1,1,15,22,4,36,False,True
YC20:1158,I29,2020,1,1,114,23,4,35,False,True
YC20:1159,LH143 (Maintainer),2020,1,1,166,23,4,34,False,True
YC20:1160,SD107,2020,1,1,247,19,4,33,False,True
YC20:1161,B91,2020,1,1,154,20,4,32,False,True
YC20:1162,IBC2,2020,1,1,69,25,4,31,False,True
YC20:1163,Ia 453,2020,1,1,20,18,4,30,False,True
YC20:1164,PHG86,2020,1,1,242,21,4,29,False,True
YC20:1165,B73,2020,1,1,258,22,4,28,True,True
YC20:1166,PH207,2020,1,1,251,19,4,27,True,True
YC20:1167,Q381,2020,1,1,138,23,4,26,False,True
YC20:1168,Lp215D,2020,1,1,55,13,4,25,False,True
YC20:1169,L 127,2020,1,1,50,16,4,24,False,True
YC20:1170,R181B,2020,1,1,246,25,4,23,False,True
YC20:1171,2FADB,2020,1,1,201,10,4,22,False,True
YC20:1172,B85,2020,1,1,104,19,4,21,False,True
YC20:1173,Va99,2020,1,1,250,17,4,20,False,True
YC20:1174,CH9,2020,1,1,142,14,4,19,False,True
YC20:1175,MS153,2020,1,1,127,10,4,18,False,True
YC20:1176,DJ7,2020,1,1,196,17,4,17,False,True
YC20:1177,A663,2020,1,1,212,21,4,16,False,True
YC20:1178,A340,2020,1,1,41,10,4,15,False,True
YC20:1179,ND247,2020,1,1,57,22,4,14,False,True
YC20:1180,B73,2020,1,1,259,23,4,13,True,True
YC20:1181,CR 22 INBRED,2020,1,1,66,17,4,12,False,True
YC20:1182,PHK74,2020,1,1,28,18,4,11,False,True
YC20:1183,CH753-4,2020,1,1,46,25,4,10,False,True
YC20:1184,W153R,2020,1,1,61,10,4,9,False,True
YC20:1185,912,2020,1,1,38,21,4,8,False,True
YC20:1186,H99,2020,1,1,113,23,4,7,False,True
YC20:1187,2MA22,2020,1,1,202,14,4,6,False,True
YC20:1188,PHT69,2020,1,1,90,3,4,5,False,False
YC20:1189,A258,2020,1,1,147,16,4,4,False,True
YC20:1190,A649,2020,1,1,100,7,4,3,False,False
YC20:1191,MS71,2020,1,1,172,15,4,2,False,True
YC20:1192,A73,2020,1,1,103,24,4,1,False,True
YC20:1193,A679,2020,1,1,44,18,5,1,False,False
YC20:1194,A71,2020,1,1,150,23,5,2,False,True
YC20:1195,W182E,2020,1,1,36,9,5,3,False,False
YC20:1196,W603S,2020,1,1,140,19,5,4,False,False
YC20:1197,Mo47,2020,1,1,230,22,5,5,False,True
YC20:1198,NC310,2020,1,1,236,17,5,6,False,True
YC20:1199,PHG71,2020,1,1,60,26,5,7,False,True
YC20:1200,IBB14,2020,1,1,48,7,5,8,False,False
YC20:1201,A641,2020,1,1,4,19,5,9,False,True
YC20:1202,LH57,2020,1,1,170,14,5,10,False,True
YC20:1203,MQ305,2020,1,1,126,14,5,11,False,True
YC20:1204,CR14,2020,1,1,107,11,5,12,False,True
YC20:1205,PHR30,2020,1,1,89,19,5,13,False,True
YC20:1206,NK778,2020,1,1,58,22,5,14,False,True
YC20:1207,LH82,2020,1,1,123,22,5,15,False,True
YC20:1208,SD40,2020,1,1,248,25,5,16,False,True
YC20:1209,B107,2020,1,1,215,14,5,17,False,True
YC20:1210,PHG47,2020,1,1,26,23,5,18,False,True
YC20:1211,B-28,2020,1,1,214,19,5,19,False,True
YC20:1212,PHTM9,2020,1,1,30,24,5,20,False,True
YC20:1213,B103,2020,1,1,152,17,5,21,False,True
YC20:1214,A385,2020,1,1,2,14,5,22,False,True
YC20:1215,MS72,2020,1,1,56,16,5,23,False,True
YC20:1216,NS501,2020,1,1,131,14,5,24,False,True
YC20:1217,PHHV4,2020,1,1,181,25,5,25,False,True
YC20:1218,ICI 893,2020,1,1,224,12,5,26,False,True
YC20:1219,C123,2020,1,1,157,15,5,27,False,True
YC20:1220,W9,2020,1,1,11,12,5,28,False,True
YC20:1221,A682,2020,1,1,102,20,5,29,False,True
YC20:1222,PHJ89,2020,1,1,83,25,5,30,False,True
YC20:1223,INBRED 2-687,2020,1,1,164,17,5,31,False,True
YC20:1224,PHW80,2020,1,1,188,22,5,32,False,True
YC20:1225,OQ403,2020,1,1,7,21,5,33,False,True
YC20:1226,PHP02,2020,1,1,86,23,5,34,False,True
YC20:1227,W8304,2020,1,1,195,18,5,35,False,True
YC20:1228,A208,2020,1,1,65,14,5,36,False,True
YC20:1229,78010,2020,1,1,200,17,5,37,False,True
YC20:1230,PHJR5,2020,1,1,84,22,5,38,False,True
YC20:1231,PHBW8,2020,1,1,134,18,5,39,False,True
YC20:1232,PHVA9,2020,1,1,32,12,5,40,False,True
YC20:1233,PHB47,2020,1,1,179,25,5,41,False,True
YC20:1234,W64A,2020,1,1,63,24,5,42,False,True
YC20:1235,Pa405,2020,1,1,178,10,5,43,False,True
YC20:1236,W613S,2020,1,1,93,8,5,44,False,False
YC20:1237,BEI 10 = NORTH 10,2020,1,1,155,18,5,45,False,True
YC20:1238,MS116,2020,1,1,5,17,5,46,False,True
YC20:1239,B115,2020,1,1,217,19,5,47,False,True
YC20:1240,1538,2020,1,1,96,25,5,48,False,True
YC20:1241,LH54,2020,1,1,122,0,6,48,False,False
YC20:1242,N201,2020,1,1,234,20,6,47,False,True
YC20:1243,L 139,2020,1,1,72,21,6,46,False,True
YC20:1244,PHG50,2020,1,1,136,11,6,45,False,True
YC20:1245,PHVJ4,2020,1,1,8,3,6,44,False,False
YC20:1246,PHK42,2020,1,1,137,18,6,43,False,True
YC20:1247,LH127,2020,1,1,226,3,6,42,False,False
YC20:1248,DKPB80,2020,1,1,161,24,6,41,False,True
YC20:1249,PHW17,2020,1,1,186,5,6,40,False,False
YC20:1250,ICI 441,2020,1,1,163,8,6,39,False,False
YC20:1251,PHB09,2020,1,1,240,19,6,38,False,True
YC20:1252,A635,2020,1,1,209,23,6,37,False,True
YC20:1253,CS405,2020,1,1,47,22,6,36,False,True
YC20:1254,B114,2020,1,1,216,14,6,35,False,True
YC20:1255,MS132,2020,1,1,231,16,6,34,False,True
YC20:1256,FBLA,2020,1,1,68,20,6,33,False,True
YC20:1257,4226,2020,1,1,199,16,6,32,False,True
YC20:1258,PHR63,2020,1,1,185,19,6,31,False,True
YC20:1259,LH74,2020,1,1,227,25,6,30,False,True
YC20:1260,LH202,2020,1,1,73,18,6,29,False,True
YC20:1261,LH227,2020,1,2,265,6,6,28,False,False
YC20:1262,PHK35,2020,1,2,272,21,6,27,False,True
YC20:1263,4N506,2020,1,2,293,12,6,26,False,True
YC20:1264,N7A,2020,1,2,433,2,6,25,False,False
YC20:1265,W813G,2020,1,2,389,24,6,24,False,True
YC20:1266,INB 101LFY/LFY (A632 X M16 S5),2020,1,2,323,21,6,23,False,True
YC20:1267,B73,2020,1,2,519,24,6,22,True,True
YC20:1268,HUANYAO,2020,1,2,320,19,6,21,False,True
YC20:1269,MM501D,2020,1,2,345,5,6,20,False,False
YC20:1270,PHR58,2020,1,2,445,15,6,19,False,True
YC20:1271,W24,2020,1,2,385,18,6,18,False,True
YC20:1272,K150,2020,1,2,327,18,6,17,False,True
YC20:1273,LH65,2020,1,2,492,0,6,16,False,False
YC20:1274,PHV63,2020,1,2,505,21,6,15,False,True
YC20:1275,Yu796 NS,2020,1,2,468,15,6,14,False,True
YC20:1276,W32,2020,1,2,458,12,6,13,False,True
YC20:1277,PH207,2020,1,2,512,20,6,12,True,True
YC20:1278,B84,2020,1,2,406,15,6,11,False,False
YC20:1279,R226,2020,1,2,449,24,6,10,False,True
YC20:1280,MBST,2020,1,2,343,3,6,9,False,False
YC20:1281,W821G,2020,1,2,286,4,6,8,False,False
YC20:1282,W811G,2020,1,2,285,6,6,7,False,False
YC20:1283,W817G,2020,1,2,463,4,6,6,False,False
YC20:1284,Tr,2020,1,2,381,11,6,5,False,True
YC20:1285,HP301,2020,1,2,416,14,6,4,False,False
YC20:1286,87916W,2020,1,2,396,19,6,3,False,True
YC20:1287,ND259,2020,1,2,267,18,6,2,True,True
YC20:1288,B88,2020,1,2,307,8,6,1,False,False
YC20:1289,B73,2020,1,2,516,23,7,1,True,True
YC20:1290,LH214,2020,1,2,338,17,7,2,False,True
YC20:1291,N28,2020,1,2,432,6,7,3,False,False
YC20:1292,K41,2020,1,2,421,21,7,4,False,True
YC20:1293,LH190,2020,1,2,333,13,7,5,False,True
YC20:1294,PHT22,2020,1,2,373,0,7,6,False,False
YC20:1295,6M502,2020,1,2,394,20,7,7,False,True
YC20:1296,SG 30A,2020,1,2,280,14,7,8,False,True
YC20:1297,6M502A,2020,1,2,395,13,7,9,False,True
YC20:1298,Pa875,2020,1,2,269,23,7,10,False,True
YC20:1299,N534,2020,1,2,355,14,7,11,False,False
YC20:1300,MS67,2020,1,2,348,16,7,12,False,True
YC20:1301,WXB6,2020,1,2,466,12,7,13,False,True
YC20:1302,LH194,2020,1,2,424,16,7,14,False,True
YC20:1303,PHK93,2020,1,2,367,2,7,15,False,False
YC20:1304,A797NW,2020,1,2,296,8,7,16,False,False
YC20:1305,H110,2020,1,2,414,7,7,17,False,False
YC20:1306,4F-35 BK,2020,1,2,509,18,7,18,False,True
YC20:1307,LP1 NR HT,2020,1,2,266,17,7,19,False,True
YC20:1308,LH197,2020,1,2,262,23,7,20,False,True
YC20:1309,Va26,2020,1,2,382,17,7,21,False,True
YC20:1310,LH60,2020,1,2,342,10,7,22,False,True
YC20:1311,LH199,2020,1,2,263,12,7,23,False,True
YC20:1312,W819G,2020,1,2,464,6,7,24,False,False
YC20:1313,LH185,2020,1,2,261,9,7,25,False,False
YC20:1314,Va102,2020,1,2,453,2,7,26,False,False
YC20:1315,Hy,2020,1,2,321,8,7,27,False,False
YC20:1316,NY6371,2020,1,2,437,24,7,28,False,True
YC20:1317,H71,2020,1,2,317,16,7,29,False,True
YC20:1318,PH207,2020,1,2,511,18,7,30,True,True
YC20:1319,B110,2020,1,2,400,24,7,31,False,True
YC20:1320,Oh7,2020,1,2,362,2,7,32,False,False
YC20:1321,E8501,2020,1,2,411,25,7,33,False,True
YC20:1322,LH195,2020,1,2,335,23,7,34,False,True
YC20:1323,A,2020,1,2,397,21,7,35,False,True
YC20:1324,LH181,2020,1,2,332,16,7,36,False,True
YC20:1325,PHPR5,2020,1,2,369,22,7,37,False,True
YC20:1326,N209,2020,1,2,496,9,7,38,False,False
YC20:1327,W606S,2020,1,2,386,10,7,39,False,True
YC20:1328,H113,2020,1,2,482,25,7,40,False,True
YC20:1329,PHN46,2020,1,2,368,4,7,41,False,False
YC20:1330,NS701,2020,1,2,268,14,7,42,False,True
YC20:1331,PHR62,2020,1,2,446,3,7,43,False,False
YC20:1332,DE3,2020,1,2,410,15,7,44,False,True
YC20:1333,PHT10,2020,1,2,372,20,7,45,False,True
YC20:1334,PHW65,2020,1,2,448,3,7,46,False,False
YC20:1335,LH205,2020,1,2,425,17,7,47,False,True
YC20:1336,PHG83,2020,1,2,270,25,7,48,False,True
YC20:1337,CQ702RC,2020,1,2,312,13,8,48,False,True
YC20:1338,H114,2020,1,2,314,7,8,47,False,False
YC20:1339,Mo5,2020,1,2,494,19,8,46,False,True
YC20:1340,LH216,2020,1,2,426,6,8,45,False,False
YC20:1341,W610S,2020,1,2,459,12,8,44,False,True
YC20:1342,B105,2020,1,2,469,8,8,43,False,False
YC20:1343,H91,2020,1,2,318,19,8,42,False,True
YC20:1344,N200,2020,1,2,495,5,8,41,False,False
YC20:1345,A321,2020,1,2,295,14,8,40,False,True
YC20:1346,R227,2020,1,2,450,13,8,39,False,True
YC20:1347,R229,2020,1,2,451,6,8,38,False,False
YC20:1348,YONG 28,2020,1,2,287,2,8,37,False,False
YC20:1349,INBRED 309,2020,1,2,324,8,8,36,False,False
YC20:1350,CH701-30,2020,1,2,309,23,8,35,False,True
YC20:1351,PHEG9,2020,1,2,502,18,8,34,False,True
YC20:1352,MBWZ,2020,1,2,344,18,8,33,False,True
YC20:1353,MS24A,2020,1,2,429,23,8,32,False,True
YC20:1354,INBRED 305,2020,1,2,420,20,8,31,False,True
YC20:1355,B37,2020,1,2,304,10,8,30,False,True
YC20:1356,S8326,2020,1,2,278,4,8,29,False,False
YC20:1357,L 289,2020,1,2,329,20,8,28,False,True
YC20:1358,LH215,2020,1,2,339,16,8,27,False,True
YC20:1359,WIL900,2020,1,2,508,8,8,26,False,False
YC20:1360,INBRED 141,2020,1,2,419,11,8,25,False,True
YC20:1361,B97,2020,1,2,407,10,8,24,False,True
YC20:1362,LH59,2020,1,2,341,11,8,23,False,True
YC20:1363,PHP85,2020,1,2,443,12,8,22,False,True
YC20:1364,W815G,2020,1,2,462,0,8,21,False,False
YC20:1365,B120,2020,1,2,300,18,8,20,False,True
YC20:1366,W812G,2020,1,2,388,12,8,19,False,True
YC20:1367,LH1,2020,1,2,330,13,8,18,False,True
YC20:1368,PH207,2020,1,2,515,18,8,17,True,True
YC20:1369,N527,2020,1,2,354,18,8,16,False,True
YC20:1370,B119,2020,1,2,299,19,8,15,False,True
YC20:1371,PHR03,2020,1,2,444,8,8,14,False,False
YC20:1372,DE2,2020,1,2,409,10,8,13,False,True
YC20:1373,Pa91,2020,1,2,501,12,8,12,False,True
YC20:1374,F2834T,2020,1,2,412,9,8,11,False,False
YC20:1375,F118,2020,1,2,481,18,8,10,False,True
YC20:1376,W22,2020,1,2,383,15,8,9,False,True
YC20:1377,B14,2020,1,2,401,12,8,8,False,True
YC20:1378,B109,2020,1,2,297,4,8,7,False,False
YC20:1379,NC412,2020,1,2,500,16,8,6,False,True
YC20:1380,Va59,2020,1,2,456,15,8,5,False,True
YC20:1381,Mo1W,2020,1,2,428,1,8,4,False,False
YC20:1382,B73,2020,1,2,518,24,8,3,True,True
YC20:1383,B66,2020,1,2,405,20,8,2,False,True
YC20:1384,W820G,2020,1,2,465,1,8,1,False,False
YC20:1385,CO257,2020,1,2,310,15,9,1,False,True
YC20:1386,PHV78,2020,1,2,506,3,9,2,False,False
YC20:1387,IDS91,2020,1,2,418,17,9,3,False,True
YC20:1388,R71,2020,1,2,452,13,9,4,False,True
YC20:1389,LH192,2020,1,2,423,22,9,5,False,True
YC20:1390,B108,2020,1,2,399,17,9,6,False,True
YC20:1391,IDS69,2020,1,2,486,18,9,7,False,True
YC20:1392,B46,2020,1,2,402,8,9,8,False,False
YC20:1393,78551S,2020,1,2,294,9,9,9,False,False
YC20:1394,PH207,2020,1,2,514,14,9,10,True,True
YC20:1395,R168,2020,1,2,277,22,9,11,False,True
YC20:1396,K55,2020,1,2,490,23,9,12,False,True
YC20:1397,N542,2020,1,2,356,25,9,13,False,True
YC20:1398,LH224,2020,1,2,340,12,9,14,False,True
YC20:1399,A619,2020,1,2,473,17,9,15,False,True
YC20:1400,NC326,2020,1,2,435,24,9,16,False,True
YC20:1401,Il778d,2020,1,2,322,21,9,17,False,True
YC20:1402,IDS28,2020,1,2,417,19,9,18,False,True
YC20:1403,LH204,2020,1,2,264,18,9,19,False,True
YC20:1404,B14A,2020,1,2,302,14,9,20,False,False
YC20:1405,B68,2020,1,2,477,7,9,21,False,False
YC20:1406,B75,2020,1,2,306,13,9,22,False,True
YC20:1407,PHW43,2020,1,2,376,19,9,23,False,True
YC20:1408,PHHH9,2020,1,2,271,3,9,24,False,False
YC20:1409,Pa778,2020,1,2,363,16,9,25,False,True
YC20:1410,PHK56,2020,1,2,366,17,9,26,False,True
YC20:1411,33-16,2020,1,2,471,4,9,27,False,False
YC20:1412,ND259,2020,1,2,291,20,9,28,True,True
YC20:1413,MS221,2020,1,2,347,25,9,29,False,True
YC20:1414,N501,2020,1,2,352,10,9,30,False,True
YC20:1415,NC328,2020,1,2,357,2,9,31,False,False
YC20:1416,K47,2020,1,2,489,23,9,32,False,True
YC20:1417,ZS365,2020,1,2,288,7,9,33,False,False
YC20:1418,WIL901,2020,1,2,470,6,9,34,False,False
YC20:1419,NC250,2020,1,2,497,25,9,35,False,True
YC20:1420,LH191,2020,1,2,422,19,9,36,False,True
YC20:1421,W809G,2020,1,2,461,12,9,37,False,True
YC20:1422,B77,2020,1,2,478,18,9,38,False,True
YC20:1423,Os426,2020,1,2,438,12,9,39,False,True
YC20:1424,R177,2020,1,2,510,10,9,40,False,True
YC20:1425,NC368,2020,1,2,499,11,9,41,False,True
YC20:1426,WU-TAN-TZAO,2020,1,2,392,19,9,42,False,True
YC20:1427,DE811,2020,1,2,480,23,9,43,False,True
YC20:1428,NKS8326,2020,1,2,359,9,9,44,False,False
YC20:1429,PHR31,2020,1,2,370,20,9,45,False,True
YC20:1430,Seagull Seventeen,2020,1,2,279,11,9,46,False,True
YC20:1431,Va35,2020,1,2,455,23,9,47,False,True
YC20:1432,YE 4,2020,1,2,467,14,9,48,False,True
YC20:1433,Va17,2020,1,2,507,0,10,48,False,False
YC20:1434,H121,2020,1,2,315,17,10,47,False,True
YC20:1435,PHW79,2020,1,2,377,6,10,46,False,False
YC20:1436,WIL903,2020,1,2,391,7,10,45,False,False
YC20:1437,W607S,2020,1,2,283,21,10,44,False,True
YC20:1438,INBRED 321,2020,1,2,325,25,10,43,False,True
YC20:1439,Pa762,2020,1,2,439,16,10,42,False,True
YC20:1440,PHW52,2020,1,2,276,13,10,41,False,True
YC20:1441,B79,2020,1,2,479,19,10,40,False,True
YC20:1442,W803G,2020,1,2,460,8,10,39,False,False
YC20:1443,LH193,2020,1,2,334,23,10,38,False,True
YC20:1444,Pa880,2020,1,2,440,16,10,37,False,True
YC20:1445,LH128,2020,1,2,331,9,10,36,False,False
YC20:1446,NK740,2020,1,2,358,10,10,35,False,True
YC20:1447,H122w,2020,1,2,483,9,10,34,False,False
YC20:1448,PHK29,2020,1,2,442,3,10,33,False,False
YC20:1449,PHZ51,2020,1,2,379,25,10,32,False,True
YC20:1450,B70,2020,1,2,305,17,10,31,False,True
YC20:1451,PHG35,2020,1,2,503,1,10,30,False,False
YC20:1452,B57,2020,1,2,476,17,10,29,False,True
YC20:1453,INBRED 109,2020,1,2,487,0,10,28,False,False
YC20:1454,B73,2020,1,2,520,24,10,27,True,True
YC20:1455,PHN29,2020,1,2,274,15,10,26,False,True
YC20:1456,N217,2020,1,2,430,13,10,25,False,True
YC20:1457,B164,2020,1,2,303,14,10,24,False,True
YC20:1458,PHN34,2020,1,2,504,2,10,23,False,False
YC20:1459,HUOBAI,2020,1,2,485,13,10,22,False,True
YC20:1460,W810G,2020,1,2,387,20,10,21,False,True
YC20:1461,NC342,2020,1,2,436,3,10,20,False,False
YC20:1462,CG102,2020,1,2,308,20,10,19,False,True
YC20:1463,PHT55,2020,1,2,375,12,10,18,False,True
YC20:1464,H96,2020,1,2,484,19,10,17,False,True
YC20:1465,YING-55,2020,1,2,393,25,10,16,False,True
YC20:1466,PHT47,2020,1,2,374,8,10,15,False,False
YC20:1467,PHJ70,2020,1,2,365,23,10,14,False,True
YC20:1468,W37A,2020,1,2,282,18,10,13,False,True
YC20:1469,VaW6,2020,1,2,457,20,10,12,False,True
YC20:1470,NC294,2020,1,2,434,20,10,11,False,True
YC20:1471,H5,2020,1,2,316,10,10,10,False,True
YC20:1472,M14,2020,1,2,493,17,10,9,False,True
YC20:1473,H105W,2020,1,2,313,8,10,8,False,False
YC20:1474,B111,2020,1,2,298,20,10,7,False,True
YC20:1475,OC19,2020,1,2,361,14,10,6,False,True
YC20:1476,2MCDB,2020,1,2,292,13,10,5,False,True
YC20:1477,AusTRCF 306238,2020,1,2,398,23,10,4,False,True
YC20:1478,B121,2020,1,2,301,18,10,3,False,True
YC20:1479,B47,2020,1,2,403,11,10,2,False,True
YC20:1480,W611S,2020,1,2,284,23,10,1,False,True
YC20:1481,J47,2020,1,2,488,10,11,1,False,True
YC20:1482,N218,2020,1,2,431,2,11,2,False,False
YC20:1483,PHM10,2020,1,2,273,13,11,3,False,True
YC20:1484,DK78371A,2020,1,2,289,15,11,4,False,True
YC20:1485,LH211,2020,1,2,491,0,11,5,False,False
YC20:1486,PHR55,2020,1,2,371,2,11,6,False,False
YC20:1487,W23,2020,1,2,384,22,11,7,False,True
YC20:1488,PH207,2020,1,2,513,14,11,8,True,True
YC20:1489,NY 166 (Neveh Yaar),2020,1,2,360,13,11,9,False,True
YC20:1490,CO258,2020,1,2,311,9,11,10,False,False
YC20:1491,PHR47,2020,1,2,275,21,11,11,False,True
YC20:1492,H95,2020,1,2,319,11,11,12,False,True
YC20:1493,R78,2020,1,2,380,20,11,13,False,True
YC20:1494,NC290A,2020,1,2,498,0,11,14,False,False
YC20:1495,FR19,2020,1,2,413,15,11,15,False,True
YC20:1496,Va22,2020,1,2,454,2,11,16,False,False
YC20:1497,4F-234 BX 4,2020,1,2,472,13,11,17,False,True
YC20:1498,N523,2020,1,2,353,20,11,18,False,True
YC20:1499,LH208,2020,1,2,336,21,11,19,False,True
YC20:1500,PHJ33,2020,1,2,441,4,11,20,False,False
YC20:1501,LH213,2020,1,2,337,18,11,21,False,True
YC20:1502,H84,2020,1,2,415,6,11,22,False,False
YC20:1503,N211,2020,1,2,349,13,11,23,False,True
YC20:1504,MBPM,2020,1,2,427,19,11,24,False,True
YC20:1505,N28Ht,2020,1,2,351,17,11,25,False,True
YC20:1506,B2,2020,1,2,475,23,11,26,False,True
YC20:1507,W814G,2020,1,2,290,10,11,27,False,True
YC20:1508,KUNG-70,2020,1,2,328,19,11,28,False,True
YC20:1509,Mo46,2020,1,2,346,17,11,29,False,True
YC20:1510,J8606,2020,1,2,326,4,11,30,False,False
YC20:1511,B104,2020,1,2,474,13,11,31,False,True
YC20:1512,TZU-CHIAO-HSI-WU 105,2020,1,2,281,16,11,32,False,True
YC20:1513,PHBB3,2020,1,2,364,20,11,33,False,True
YC20:1514,PHWG5,2020,1,2,378,4,11,34,False,False
YC20:1515,B73,2020,1,2,517,19,11,35,True,True
YC20:1516,B98,2020,1,2,408,2,11,36,False,False
YC20:1517,B65,2020,1,2,404,10,11,37,False,True
YC20:1518,PHW53,2020,1,2,447,17,11,38,False,True
YC20:1519,Wf9,2020,1,2,390,2,11,39,False,False
YC20:1520,N215,2020,1,2,350,8,11,40,False,False
YC20:2001,Mo47,2020,2,1,230,24,11,41,False,True
YC20:2002,Pa405,2020,2,1,178,10,11,42,False,True
YC20:2003,PH207,2020,2,1,251,20,11,43,True,True
YC20:2004,PHG47,2020,2,1,26,25,11,44,False,True
YC20:2005,A672,2020,2,1,101,21,11,45,False,True
YC20:2006,CR14,2020,2,1,107,8,11,46,False,False
YC20:2007,SD101,2020,2,1,189,23,11,47,False,True
YC20:2008,W64A,2020,2,1,63,24,11,48,False,True
YC20:2009,N201,2020,2,1,234,13,12,48,False,True
YC20:2010,C123,2020,2,1,157,14,12,47,False,True
YC20:2011,H42,2020,2,1,222,15,12,46,False,True
YC20:2012,LH295,2020,2,1,74,21,12,45,False,True
YC20:2013,A556,2020,2,1,43,16,12,44,False,True
YC20:2014,LH54,2020,2,1,122,0,12,43,False,False
YC20:2015,B115,2020,2,1,217,15,12,42,False,True
YC20:2016,PH207,2020,2,1,254,19,12,41,True,True
YC20:2017,PHTM9,2020,2,1,30,21,12,40,False,True
YC20:2018,A659,2020,2,1,211,19,12,39,False,True
YC20:2019,PHN11,2020,2,1,29,22,12,38,False,True
YC20:2020,PHK74,2020,2,1,28,24,12,37,False,True
YC20:2021,A272,2020,2,1,205,20,12,36,False,True
YC20:2022,W614S,2020,2,1,144,20,12,35,False,True
YC20:2023,PHT69,2020,2,1,90,6,12,34,False,False
YC20:2024,A663,2020,2,1,212,23,12,33,False,True
YC20:2025,911,2020,2,1,12,21,12,32,False,True
YC20:2026,Pa392,2020,2,1,239,24,12,31,False,True
YC20:2027,A680,2020,2,1,149,10,12,30,False,True
YC20:2028,B114,2020,2,1,216,16,12,29,False,True
YC20:2029,AQA3,2020,2,1,16,22,12,28,False,True
YC20:2030,Eng-Li Chih,2020,2,1,162,23,12,27,False,True
YC20:2031,2FADB,2020,2,1,201,11,12,26,False,True
YC20:2032,LP5,2020,2,1,77,23,12,25,False,True
YC20:2033,LH202,2020,2,1,73,20,12,24,False,True
YC20:2034,PHG29,2020,2,1,135,21,12,23,False,True
YC20:2035,A572,2020,2,1,3,21,12,22,False,True
YC20:2036,I29,2020,2,1,114,15,12,21,False,True
YC20:2037,LH61,2020,2,1,75,17,12,20,False,True
YC20:2038,PHBA6,2020,2,1,180,18,12,19,False,True
YC20:2039,PHJR5,2020,2,1,84,12,12,18,False,True
YC20:2040,R181B,2020,2,1,246,22,12,17,False,True
YC20:2041,DKPB80,2020,2,1,161,23,12,16,False,True
YC20:2042,NQ508,2020,2,1,175,20,12,15,False,True
YC20:2043,N197,2020,2,1,79,9,12,14,False,False
YC20:2044,B-18 INBR.FR.SUPERGOLD,2020,2,1,151,20,12,13,False,True
YC20:2045,NY 159 (Neveh Yaar),2020,2,1,176,0,12,12,False,False
YC20:2046,6F629,2020,2,1,203,21,12,11,False,True
YC20:2047,DKMBNA,2020,2,1,111,18,12,10,False,False
YC20:2048,DK78010,2020,2,1,220,20,12,9,False,True
YC20:2049,INBRED 2-687,2020,2,1,164,20,12,8,False,True
YC20:2050,OQ403,2020,2,1,7,18,12,7,False,True
YC20:2051,2369,2020,2,1,198,8,12,6,False,False
YC20:2052,NS501,2020,2,1,131,12,12,5,False,True
YC20:2053,PHG71,2020,2,1,60,22,12,4,False,True
YC20:2054,PHR63,2020,2,1,185,19,12,3,False,True
YC20:2055,PHG86,2020,2,1,242,21,12,2,False,True
YC20:2056,W612S,2020,2,1,194,15,12,1,False,True
YC20:2057,A258,2020,2,1,147,20,13,1,False,True
YC20:2058,MS71,2020,2,1,172,17,13,2,False,True
YC20:2059,PHVJ4,2020,2,1,8,7,13,3,False,False
YC20:2060,Oh43,2020,2,1,25,20,13,4,False,True
YC20:2061,LH143 (Maintainer),2020,2,1,166,16,13,5,False,True
YC20:2062,PHV57,2020,2,1,91,17,13,6,False,True
YC20:2063,SD102,2020,2,1,139,19,13,7,False,True
YC20:2064,W604S,2020,2,1,192,14,13,8,False,True
YC20:2065,A334,2020,2,1,40,22,13,9,False,True
YC20:2066,DKFAPW,2020,2,1,160,24,13,10,False,True
YC20:2067,A548,2020,2,1,42,23,13,11,False,True
YC20:2068,PHJ89,2020,2,1,83,21,13,12,False,True
YC20:2069,A374,2020,2,1,98,19,13,13,False,True
YC20:2070,Oh40B,2020,2,1,132,17,13,14,False,True
YC20:2071,2FACC,2020,2,1,145,18,13,15,False,True
YC20:2072,CR1HT,2020,2,1,119,20,13,16,False,True
YC20:2073,PHW80,2020,2,1,188,19,13,17,False,True
YC20:2074,PHN82,2020,2,1,184,1,13,18,False,False
YC20:2075,PHJ90,2020,2,1,182,20,13,19,False,True
YC20:2076,LH223,2020,2,1,120,20,13,20,False,True
YC20:2077,PHR36,2020,2,1,244,18,13,21,False,True
YC20:2078,LIBC 4,2020,2,1,76,18,13,22,False,True
YC20:2079,PHW86,2020,2,1,34,21,13,23,False,True
YC20:2080,PHW03,2020,2,1,92,23,13,24,False,True
YC20:2081,793,2020,2,1,37,24,13,25,False,True
YC20:2082,ICI581,2020,2,1,71,4,13,26,False,False
YC20:2083,ICI 740,2020,2,1,223,19,13,27,False,True
YC20:2084,SD44,2020,2,1,190,18,13,28,False,True
YC20:2085,DK4676A,2020,2,1,108,23,13,29,False,True
YC20:2086,A634,2020,2,1,148,18,13,30,False,True
YC20:2087,AS6103,2020,2,1,213,21,13,31,False,True
YC20:2088,ML606,2020,2,1,125,11,13,32,False,True
YC20:2089,Mo17,2020,2,1,229,8,13,33,False,False
YC20:2090,4F-306 108,2020,2,1,146,16,13,34,False,True
YC20:2091,Va52,2020,2,1,249,25,13,35,False,True
YC20:2092,PHR30,2020,2,1,89,18,13,36,False,True
YC20:2093,A682,2020,2,1,102,21,13,37,False,True
YC20:2094,CS405,2020,2,1,47,25,13,38,False,True
YC20:2095,PHGW7,2020,2,1,27,23,13,39,False,True
YC20:2096,B103,2020,2,1,152,16,13,40,False,True
YC20:2097,L 139,2020,2,1,72,23,13,41,False,True
YC20:2098,29MIBZ2,2020,2,1,39,17,13,42,False,True
YC20:2099,A73,2020,2,1,103,22,13,43,False,True
YC20:2100,PHHV4,2020,2,1,181,20,13,44,False,True
YC20:2101,LH38,2020,2,1,121,8,13,45,False,False
YC20:2102,CH9,2020,2,1,142,20,13,46,False,True
YC20:2103,LH206,2020,2,1,118,19,13,47,False,True
YC20:2104,NC310,2020,2,1,236,23,13,48,False,True
YC20:2105,B76,2020,2,1,153,21,14,48,False,True
YC20:2106,N6,2020,2,1,235,23,14,47,False,True
YC20:2107,B73,2020,2,1,259,25,14,46,True,True
YC20:2108,PHH93,2020,2,1,82,17,14,45,False,True
YC20:2109,1538,2020,2,1,96,24,14,44,False,True
YC20:2110,W605S,2020,2,1,193,19,14,43,False,True
YC20:2111,PHG80,2020,2,1,241,19,14,42,False,True
YC20:2112,LH149,2020,2,1,51,21,14,41,False,True
YC20:2113,BO9,2020,2,1,156,21,14,40,False,True
YC20:2114,PHN66,2020,2,1,183,21,14,39,False,True
YC20:2115,PHK76,2020,2,1,243,3,14,38,False,False
YC20:2116,B-28,2020,2,1,214,21,14,37,False,True
YC20:2117,PHW20,2020,2,1,33,21,14,36,False,True
YC20:2118,A385,2020,2,1,2,10,14,35,False,True
YC20:2119,PHG72,2020,2,1,81,25,14,34,False,True
YC20:2120,ICI 893,2020,2,1,224,17,14,33,False,True
YC20:2121,W8304,2020,2,1,195,22,14,32,False,True
YC20:2122,CH157,2020,2,1,106,20,14,31,False,True
YC20:2123,B73,2020,2,1,257,23,14,30,True,True
YC20:2124,PHVA9,2020,2,1,32,14,14,29,False,True
YC20:2125,B91,2020,2,1,154,24,14,28,False,True
YC20:2126,A649,2020,2,1,100,10,14,27,False,True
YC20:2127,DK3IIH6,2020,2,1,159,19,14,26,False,True
YC20:2128,PHKE6,2020,2,1,85,22,14,25,False,True
YC20:2129,A627,2020,2,1,207,13,14,24,False,True
YC20:2130,MS200,2020,2,1,128,18,14,23,False,True
YC20:2131,W552,2020,2,1,62,24,14,22,False,True
YC20:2132,LH82,2020,2,1,123,19,14,21,False,True
YC20:2133,G80,2020,2,1,112,15,14,20,False,True
YC20:2134,LH172,2020,2,1,53,13,14,19,False,True
YC20:2135,Q381,2020,2,1,138,24,14,18,False,True
YC20:2136,MS72,2020,2,1,56,23,14,17,False,True
YC20:2137,PHP02,2020,2,1,86,21,14,16,False,True
YC20:2138,LH198,2020,2,1,168,25,14,15,False,True
YC20:2139,B73,2020,2,1,258,22,14,14,True,True
YC20:2140,A208,2020,2,1,65,17,14,13,False,True
YC20:2141,C103,2020,2,1,218,8,14,12,False,False
YC20:2142,78010,2020,2,1,200,20,14,11,False,True
YC20:2143,OS602,2020,2,1,80,14,14,10,False,True
YC20:2144,PHBW8,2020,2,1,134,16,14,9,False,True
YC20:2145,LH166,2020,2,1,52,16,14,8,False,True
YC20:2146,H99,2020,2,1,113,18,14,7,False,True
YC20:2147,LH209,2020,2,1,169,21,14,6,False,True
YC20:2148,W182E,2020,2,1,36,8,14,5,False,False
YC20:2149,LH222,2020,2,1,54,19,14,4,False,True
YC20:2150,L 135,2020,2,1,22,23,14,3,False,True
YC20:2151,BEI 10 = NORTH 10,2020,2,1,155,16,14,2,False,True
YC20:2152,792,2020,2,1,197,1,14,1,False,False
YC20:2153,SD40,2020,2,1,248,25,15,1,False,True
YC20:2154,4226,2020,2,1,199,15,15,2,False,True
YC20:2155,Ia 453,2020,2,1,20,21,15,3,False,True
YC20:2156,DJ7,2020,2,1,196,18,15,4,False,True
YC20:2157,MS225,2020,2,1,78,25,15,5,False,True
YC20:2158,PHG50,2020,2,1,136,15,15,6,False,True
YC20:2159,L 155,2020,2,1,115,20,15,7,False,True
YC20:2160,DKFBHJ,2020,2,1,110,22,15,8,False,True
YC20:2161,IBB15,2020,2,1,49,12,15,9,False,True
YC20:2162,PH207,2020,2,1,252,16,15,10,True,True
YC20:2163,LH132,2020,2,1,,18,15,11,False,True
YC20:2164,WR3,2020,2,1,141,17,15,12,False,True
YC20:2165,IBB14,2020,2,1,48,16,15,13,False,True
YC20:2166,912,2020,2,1,38,20,15,14,False,True
YC20:2167,A71,2020,2,1,150,21,15,15,False,True
YC20:2168,LH146Ht,2020,2,1,23,22,15,16,False,True
YC20:2169,LH74,2020,2,1,227,22,15,17,False,True
YC20:2170,SD107,2020,2,1,247,18,15,18,False,True
YC20:2171,FBLA,2020,2,1,68,18,15,19,False,True
YC20:2172,ZS635,2020,2,1,94,17,15,20,False,True
YC20:2173,Va99,2020,2,1,250,20,15,21,False,True
YC20:2174,NK807,2020,2,1,59,16,15,22,False,True
YC20:2175,FC46,2020,2,1,19,21,15,23,False,True
YC20:2176,IBC2,2020,2,1,69,25,15,24,False,True
YC20:2177,PHP76,2020,2,1,88,24,15,25,False,True
YC20:2178,MS226,2020,2,1,233,16,15,26,False,True
YC20:2179,A340,2020,2,1,41,14,15,27,False,True
YC20:2180,PHP55,2020,2,1,87,22,15,28,False,True
YC20:2181,LH145,2020,2,1,116,22,15,29,False,True
YC20:2182,W117Ht,2020,2,1,35,11,15,30,False,True
YC20:2183,B73,2020,2,1,256,25,15,31,True,True
YC20:2184,DE4,2020,2,1,219,20,15,32,False,True
YC20:2185,A401,2020,2,1,206,9,15,33,False,False
YC20:2186,PH207,2020,2,1,255,21,15,34,True,True
YC20:2187,Lp215D,2020,2,1,55,10,15,35,False,True
YC20:2188,CR 22 INBRED,2020,2,1,66,20,15,36,False,True
YC20:2189,PH207,2020,2,1,253,18,15,37,True,True
YC20:2190,MS153,2020,2,1,127,18,15,38,False,True
YC20:2191,LH127,2020,2,1,226,7,15,39,False,False
YC20:2192,DK78002A,2020,2,1,109,19,15,40,False,True
YC20:2193,LH165,2020,2,1,167,17,15,41,False,True
YC20:2194,LH119,2020,2,1,143,22,15,42,False,True
YC20:2195,B107,2020,2,1,215,11,15,43,False,True
YC20:2196,B73,2020,2,1,260,24,15,44,True,True
YC20:2197,W602S,2020,2,1,191,19,15,45,False,True
YC20:2198,OQ603,2020,2,1,133,24,15,46,False,True
YC20:2199,N193,2020,2,1,173,21,15,47,False,True
YC20:2200,A635,2020,2,1,209,24,15,48,False,True
YC20:2201,R113,2020,2,1,245,18,16,48,False,True
YC20:2202,2MA22,2020,2,1,202,15,16,47,False,True
YC20:2203,A239,2020,2,1,204,20,16,46,False,True
YC20:2204,NC262,2020,2,1,174,17,16,45,False,True
YC20:2205,CI 40H,2020,2,1,158,15,16,44,False,True
YC20:2206,B87,2020,2,1,105,22,16,43,False,True
YC20:2207,PHW30,2020,2,1,187,15,16,42,False,True
YC20:2208,Ny821,2020,2,1,177,20,16,41,False,True
YC20:2209,Os420,2020,2,1,238,20,16,40,False,True
YC20:2210,3IJI1,2020,2,1,97,17,16,39,False,True
YC20:2211,W701BC,2020,2,1,10,13,16,38,False,True
YC20:2212,NORTH 7,2020,2,1,24,12,16,37,False,True
YC20:2213,PHB09,2020,2,1,240,20,16,36,False,True
YC20:2214,MEF156-55-2,2020,2,1,124,21,16,35,False,True
YC20:2215,LH57,2020,2,1,170,20,16,34,False,True
YC20:2216,CH711-10,2020,2,1,45,19,16,33,False,True
YC20:2217,W153R,2020,2,1,61,10,16,32,False,True
YC20:2218,L 127,2020,2,1,50,18,16,31,False,True
YC20:2219,LH184,2020,2,1,117,17,16,30,False,True
YC20:2220,MS132,2020,2,1,231,22,16,29,False,True
YC20:2221,764,2020,2,1,95,21,16,28,False,True
YC20:2222,MS116,2020,2,1,5,11,16,27,False,True
YC20:2223,A305,2020,2,1,14,16,16,26,False,True
YC20:2224,MQ305,2020,2,1,126,21,16,25,False,True
YC20:2225,CA-4,2020,2,1,17,22,16,24,False,True
YC20:2226,A427,2020,2,1,99,25,16,23,False,True
YC20:2227,A322,2020,2,1,1,20,16,22,False,True
YC20:2228,91IFC2,2020,2,1,13,17,16,21,False,True
YC20:2229,W613S,2020,2,1,93,6,16,20,False,False
YC20:2230,CH753-4,2020,2,1,46,23,16,19,False,True
YC20:2231,ICI 441,2020,2,1,163,9,16,18,False,False
YC20:2232,PHV37,2020,2,1,31,13,16,17,False,True
YC20:2233,B85,2020,2,1,104,20,16,16,False,True
YC20:2234,W603S,2020,2,1,140,15,16,15,False,True
YC20:2235,A648,2020,2,1,210,17,16,14,False,True
YC20:2236,PHB47,2020,2,1,179,21,16,13,False,True
YC20:2237,A641,2020,2,1,4,17,16,12,False,True
YC20:2238,PHW17,2020,2,1,186,13,16,11,False,True
YC20:2239,PHK42,2020,2,1,137,18,16,10,False,True
YC20:2240,LH93,2020,2,1,228,17,16,9,False,True
YC20:2241,CM105,2020,2,1,18,23,16,8,False,True
YC20:2242,790,2020,2,1,64,18,16,7,False,True
YC20:2243,W9,2020,2,1,11,17,16,6,False,True
YC20:2244,NK778,2020,2,1,58,20,16,5,False,True
YC20:2245,ICI 193,2020,2,1,70,20,16,4,False,True
YC20:2246,A632,2020,2,1,208,25,16,3,False,True
YC20:2247,A679,2020,2,1,44,21,16,2,False,True
YC20:2248,ND265,2020,2,1,6,22,16,1,False,True
YC20:2249,ND247,2020,2,1,57,23,17,1,False,True
YC20:2250,EAST 028,2020,2,1,67,25,17,2,False,True
YC20:2251,ICI 986,2020,2,1,225,13,17,3,False,True
YC20:2252,IA2132,2020,2,1,21,13,17,4,False,True
YC20:2253,OH33,2020,2,1,237,16,17,5,False,True
YC20:2254,N192,2020,2,1,130,25,17,6,False,True
YC20:2255,DKIB014,2020,2,1,221,7,17,7,False,False
YC20:2256,T242,2020,2,1,9,24,17,8,False,True
YC20:2257,MS211,2020,2,1,232,21,17,9,False,True
YC20:2258,MS224,2020,2,1,129,21,17,10,False,True
YC20:2259,A674,2020,2,1,15,22,17,11,False,True
YC20:2260,MS1334,2020,2,1,171,4,17,12,False,False
YC20:2261,B97,2020,2,2,407,13,17,13,False,True
YC20:2262,H5,2020,2,2,316,16,17,14,False,True
YC20:2263,MS67,2020,2,2,348,19,17,15,False,True
YC20:2264,B110,2020,2,2,400,21,17,16,False,True
YC20:2265,W610S,2020,2,2,459,16,17,17,False,True
YC20:2266,PH207,2020,2,2,514,21,17,18,True,True
YC20:2267,HUOBAI,2020,2,2,485,16,17,19,False,True
YC20:2268,N211,2020,2,2,349,14,17,20,False,True
YC20:2269,PH207,2020,2,2,513,22,17,21,True,True
YC20:2270,B104,2020,2,2,474,18,17,22,False,True
YC20:2271,LH65,2020,2,2,492,1,17,23,False,False
YC20:2272,N523,2020,2,2,353,20,17,24,False,True
YC20:2273,Il778d,2020,2,2,322,14,17,25,False,True
YC20:2274,J8606,2020,2,2,326,7,17,26,False,False
YC20:2275,N527,2020,2,2,354,17,17,27,False,True
YC20:2276,LH192,2020,2,2,423,23,17,28,False,True
YC20:2277,PHN34,2020,2,2,504,3,17,29,False,False
YC20:2278,Wf9,2020,2,2,390,6,17,30,False,False
YC20:2279,INBRED 305,2020,2,2,420,20,17,31,False,True
YC20:2280,HP301,2020,2,2,416,18,17,32,False,True
YC20:2281,Va22,2020,2,2,454,1,17,33,False,False
YC20:2282,H91,2020,2,2,318,18,17,34,False,True
YC20:2283,W813G,2020,2,2,389,21,17,35,False,True
YC20:2284,WXB6,2020,2,2,466,7,17,36,False,False
YC20:2285,NC326,2020,2,2,435,19,17,37,False,True
YC20:2286,K47,2020,2,2,489,24,17,38,False,True
YC20:2287,B73,2020,2,2,519,21,17,39,True,True
YC20:2288,W817G,2020,2,2,463,3,17,40,False,False
YC20:2289,B164,2020,2,2,303,17,17,41,False,True
YC20:2290,Va17,2020,2,2,507,0,17,42,False,False
YC20:2291,Pa778,2020,2,2,363,17,17,43,False,True
YC20:2292,PHT47,2020,2,2,374,12,17,44,False,True
YC20:2293,MS221,2020,2,2,347,21,17,45,False,True
YC20:2294,LH128,2020,2,2,331,10,17,46,False,True
YC20:2295,NY6371,2020,2,2,437,20,17,47,False,True
YC20:2296,CQ702RC,2020,2,2,312,17,17,48,False,True
YC20:2297,R177,2020,2,2,510,23,18,48,False,True
YC20:2298,FR19,2020,2,2,413,21,18,47,False,True
YC20:2299,B73,2020,2,2,517,25,18,46,True,True
YC20:2300,PHJ33,2020,2,2,441,6,18,45,False,False
YC20:2301,B120,2020,2,2,300,22,18,44,False,True
YC20:2302,PH207,2020,2,2,515,20,18,43,True,True
YC20:2303,W32,2020,2,2,458,11,18,42,False,True
YC20:2304,B73,2020,2,2,518,21,18,41,True,True
YC20:2305,R78,2020,2,2,380,23,18,40,False,True
YC20:2306,B84,2020,2,2,406,19,18,39,False,True
YC20:2307,Va59,2020,2,2,456,15,18,38,False,True
YC20:2308,H113,2020,2,2,482,19,18,37,False,True
YC20:2309,LH199,2020,2,2,263,17,18,36,False,True
YC20:2310,Os426,2020,2,2,438,14,18,35,False,True
YC20:2311,Pa875,2020,2,2,269,19,18,34,False,True
YC20:2312,LP1 NR HT,2020,2,2,266,20,18,33,False,True
YC20:2313,INBRED 309,2020,2,2,324,11,18,32,False,True
YC20:2314,PHV78,2020,2,2,506,11,18,31,False,True
YC20:2315,PHR31,2020,2,2,370,18,18,30,False,True
YC20:2316,NC412,2020,2,2,500,21,18,29,False,True
YC20:2317,N28,2020,2,2,432,4,18,28,False,False
YC20:2318,LH213,2020,2,2,337,20,18,27,False,True
YC20:2319,LH190,2020,2,2,333,21,18,26,False,True
YC20:2320,PHR62,2020,2,2,446,2,18,25,False,False
YC20:2321,CO258,2020,2,2,311,12,18,24,False,True
YC20:2322,6M502,2020,2,2,394,21,18,23,False,True
YC20:2323,W819G,2020,2,2,464,2,18,22,False,False
YC20:2324,PHK35,2020,2,2,272,14,18,21,False,True
YC20:2325,Pa880,2020,2,2,440,19,18,20,False,True
YC20:2326,LH211,2020,2,2,491,0,18,19,False,False
YC20:2327,W611S,2020,2,2,284,19,18,18,False,True
YC20:2328,INBRED 321,2020,2,2,325,32,18,17,False,True
YC20:2329,R168,2020,2,2,277,18,18,16,False,True
YC20:2330,WU-TAN-TZAO,2020,2,2,392,15,18,15,False,True
YC20:2331,B121,2020,2,2,301,16,18,14,False,True
YC20:2332,Mo5,2020,2,2,494,19,18,13,False,True
YC20:2333,W821G,2020,2,2,286,0,18,12,False,False
YC20:2334,LH1,2020,2,2,330,11,18,11,False,True
YC20:2335,H84,2020,2,2,415,18,18,10,False,True
YC20:2336,LH224,2020,2,2,340,7,18,9,False,False
YC20:2337,K41,2020,2,2,421,23,18,8,False,True
YC20:2338,N209,2020,2,2,496,5,18,7,False,False
YC20:2339,LH197,2020,2,2,262,22,18,6,False,True
YC20:2340,KUNG-70,2020,2,2,328,20,18,5,False,True
YC20:2341,OC19,2020,2,2,361,19,18,4,False,True
YC20:2342,W812G,2020,2,2,388,6,18,3,False,False
YC20:2343,N200,2020,2,2,495,5,18,2,False,False
YC20:2344,L 289,2020,2,2,329,21,18,1,False,True
YC20:2345,4F-234 BX 4,2020,2,2,472,17,19,1,False,True
YC20:2346,W606S,2020,2,2,386,6,19,2,False,False
YC20:2347,B70,2020,2,2,305,23,19,3,False,True
YC20:2348,B98,2020,2,2,408,0,19,4,False,False
YC20:2349,W37A,2020,2,2,282,21,19,5,False,True
YC20:2350,PHM10,2020,2,2,273,8,19,6,False,False
YC20:2351,LH205,2020,2,2,425,14,19,7,False,True
YC20:2352,6M502A,2020,2,2,395,17,19,8,False,True
YC20:2353,LH215,2020,2,2,339,12,19,9,False,True
YC20:2354,H71,2020,2,2,317,21,19,10,False,True
YC20:2355,B65,2020,2,2,404,12,19,11,False,True
YC20:2356,SG 30A,2020,2,2,280,13,19,12,False,True
YC20:2357,NC290A,2020,2,2,498,2,19,13,False,False
YC20:2358,R71,2020,2,2,452,22,19,14,False,True
YC20:2359,N28Ht,2020,2,2,351,15,19,15,False,True
YC20:2360,LH194,2020,2,2,424,16,19,16,False,True
YC20:2361,Va26,2020,2,2,382,19,19,17,False,True
YC20:2362,NC294,2020,2,2,434,20,19,18,False,True
YC20:2363,H114,2020,2,2,314,7,19,19,False,False
YC20:2364,B14A,2020,2,2,302,21,19,20,False,True
YC20:2365,Seagull Seventeen,2020,2,2,279,9,19,21,False,False
YC20:2366,PHW53,2020,2,2,447,18,19,22,False,True
YC20:2367,PHR58,2020,2,2,445,7,19,23,False,False
YC20:2368,N217,2020,2,2,430,13,19,24,False,True
YC20:2369,PHG35,2020,2,2,503,2,19,25,False,False
YC20:2370,78551S,2020,2,2,294,18,19,26,False,True
YC20:2371,LH60,2020,2,2,342,12,19,27,False,True
YC20:2372,LH208,2020,2,2,336,24,19,28,False,True
YC20:2373,LH59,2020,2,2,341,12,19,29,False,True
YC20:2374,Oh7,2020,2,2,362,13,19,30,False,True
YC20:2375,PHR03,2020,2,2,444,12,19,31,False,True
YC20:2376,INBRED 141,2020,2,2,419,14,19,32,False,True
YC20:2377,K55,2020,2,2,490,15,19,33,False,True
YC20:2378,LH193,2020,2,2,334,22,19,34,False,True
YC20:2379,B2,2020,2,2,475,22,19,35,False,True
YC20:2380,B79,2020,2,2,479,19,19,36,False,True
YC20:2381,TZU-CHIAO-HSI-WU 105,2020,2,2,281,24,19,37,False,True
YC20:2382,PHT55,2020,2,2,375,9,19,38,False,False
YC20:2383,PHR47,2020,2,2,275,18,19,39,False,True
YC20:2384,N501,2020,2,2,352,14,19,40,False,True
YC20:2385,H122w,2020,2,2,483,10,19,41,False,True
YC20:2386,NK740,2020,2,2,358,9,19,42,False,False
YC20:2387,87916W,2020,2,2,396,24,19,43,False,True
YC20:2388,PH207,2020,2,2,512,20,19,44,True,True
YC20:2389,YING-55,2020,2,2,393,22,19,45,False,True
YC20:2390,Pa762,2020,2,2,439,13,19,46,False,True
YC20:2391,Yu796 NS,2020,2,2,468,17,19,47,False,True
YC20:2392,NC250,2020,2,2,497,25,19,48,False,True
YC20:2393,B77,2020,2,2,478,18,20,48,False,True
YC20:2394,HUANYAO,2020,2,2,320,14,20,47,False,True
YC20:2395,W811G,2020,2,2,285,7,20,46,False,False
YC20:2396,INBRED 109,2020,2,2,487,4,20,45,False,False
YC20:2397,W815G,2020,2,2,462,2,20,44,False,False
YC20:2398,LH227,2020,2,2,265,6,20,43,False,False
YC20:2399,N534,2020,2,2,355,13,20,42,False,True
YC20:2400,MBWZ,2020,2,2,344,22,20,41,False,True
YC20:2401,W607S,2020,2,2,283,20,20,40,False,True
YC20:2402,PHW65,2020,2,2,448,3,20,39,False,False
YC20:2403,B46,2020,2,2,402,11,20,38,False,True
YC20:2404,K150,2020,2,2,327,21,20,37,False,True
YC20:2405,B109,2020,2,2,297,5,20,36,False,False
YC20:2406,W809G,2020,2,2,461,15,20,35,False,True
YC20:2407,Va35,2020,2,2,455,21,20,34,False,True
YC20:2408,NY 166 (Neveh Yaar),2020,2,2,360,11,20,33,False,True
YC20:2409,PHZ51,2020,2,2,379,24,20,32,False,True
YC20:2410,R227,2020,2,2,450,17,20,31,False,True
YC20:2411,LH204,2020,2,2,264,21,20,30,False,True
YC20:2412,R229,2020,2,2,451,3,20,29,False,False
YC20:2413,ND259,2020,2,2,267,13,20,28,True,True
YC20:2414,W814G,2020,2,2,290,17,20,27,False,True
YC20:2415,NKS8326,2020,2,2,359,16,20,26,False,True
YC20:2416,B105,2020,2,2,469,10,20,25,False,True
YC20:2417,PHK93,2020,2,2,367,9,20,24,False,False
YC20:2418,PHW43,2020,2,2,376,17,20,23,False,True
YC20:2419,2MCDB,2020,2,2,292,9,20,22,False,False
YC20:2420,AusTRCF 306238,2020,2,2,398,18,20,21,False,True
YC20:2421,H110,2020,2,2,414,13,20,20,False,True
YC20:2422,W820G,2020,2,2,465,1,20,19,False,False
YC20:2423,WIL900,2020,2,2,508,11,20,18,False,True
YC20:2424,MBPM,2020,2,2,427,19,20,17,False,True
YC20:2425,VaW6,2020,2,2,457,22,20,16,False,True
YC20:2426,PHW79,2020,2,2,377,12,20,15,False,True
YC20:2427,B73,2020,2,2,520,24,20,14,True,True
YC20:2428,F118,2020,2,2,481,15,20,13,False,True
YC20:2429,PHPR5,2020,2,2,369,22,20,12,False,False
YC20:2430,PHK56,2020,2,2,366,16,20,11,False,True
YC20:2431,DK78371A,2020,2,2,289,21,20,10,False,True
YC20:2432,WIL903,2020,2,2,391,5,20,9,False,False
YC20:2433,Mo46,2020,2,2,346,22,20,8,False,True
YC20:2434,PHR55,2020,2,2,371,4,20,7,False,False
YC20:2435,PHN46,2020,2,2,368,7,20,6,False,False
YC20:2436,CO257,2020,2,2,310,16,20,5,False,True
YC20:2437,IDS69,2020,2,2,486,22,20,4,False,True
YC20:2438,WIL901,2020,2,2,470,7,20,3,False,False
YC20:2439,PH207,2020,2,2,511,24,20,2,True,True
YC20:2440,S8326,2020,2,2,278,11,20,1,False,True
YC20:2441,PHWG5,2020,2,2,378,3,21,1,False,False
YC20:2442,PHK29,2020,2,2,442,0,21,2,False,False
YC20:2443,A321,2020,2,2,295,13,21,3,False,True
YC20:2444,W810G,2020,2,2,387,22,21,4,False,True
YC20:2445,PHJ70,2020,2,2,365,20,21,5,False,True
YC20:2446,4N506,2020,2,2,293,18,21,6,False,True
YC20:2447,A619,2020,2,2,473,24,21,7,False,True
YC20:2448,B119,2020,2,2,299,23,21,8,False,False
YC20:2449,IDS91,2020,2,2,418,18,21,9,False,True
YC20:2450,N7A,2020,2,2,433,6,21,10,False,False
YC20:2451,NC328,2020,2,2,357,17,21,11,False,True
YC20:2452,NC368,2020,2,2,499,10,21,12,False,True
YC20:2453,PHT10,2020,2,2,372,17,21,13,False,True
YC20:2454,B57,2020,2,2,476,8,21,14,False,False
YC20:2455,33-16,2020,2,2,471,7,21,15,False,False
YC20:2456,ND259,2020,2,2,291,18,21,16,True,True
YC20:2457,B68,2020,2,2,477,18,21,17,False,True
YC20:2458,YE 4,2020,2,2,467,16,21,18,False,False
YC20:2459,MS24A,2020,2,2,429,24,21,19,False,True
YC20:2460,Mo1W,2020,2,2,428,1,21,20,False,False
YC20:2461,N218,2020,2,2,431,4,21,21,False,False
YC20:2462,Pa91,2020,2,2,501,13,21,22,False,True
YC20:2463,CG102,2020,2,2,308,24,21,23,False,True
YC20:2464,DE811,2020,2,2,480,25,21,24,False,True
YC20:2465,E8501,2020,2,2,411,19,21,25,False,True
YC20:2466,A797NW,2020,2,2,296,6,21,26,False,False
YC20:2467,B111,2020,2,2,298,23,21,27,False,True
YC20:2468,PHG83,2020,2,2,270,25,21,28,False,True
YC20:2469,B37,2020,2,2,304,16,21,29,False,True
YC20:2470,MM501D,2020,2,2,345,17,21,30,False,True
YC20:2471,ZS365,2020,2,2,288,6,21,31,False,False
YC20:2472,F2834T,2020,2,2,412,11,21,32,False,True
YC20:2473,B108,2020,2,2,399,20,21,33,False,True
YC20:2474,DE2,2020,2,2,409,7,21,34,False,False
YC20:2475,M14,2020,2,2,493,18,21,35,False,True
YC20:2476,CH701-30,2020,2,2,309,24,21,36,False,True
YC20:2477,H121,2020,2,2,315,17,21,37,False,True
YC20:2478,W803G,2020,2,2,460,6,21,38,False,False
YC20:2479,B66,2020,2,2,405,20,21,39,False,True
YC20:2480,YONG 28,2020,2,2,287,2,21,40,False,False
YC20:2481,Tr,2020,2,2,381,10,21,41,False,True
YC20:2482,B75,2020,2,2,306,14,21,42,False,True
YC20:2483,PHT22,2020,2,2,373,1,21,43,False,False
YC20:2484,LH195,2020,2,2,335,13,21,44,False,True
YC20:2485,W23,2020,2,2,384,23,21,45,False,True
YC20:2486,DE3,2020,2,2,410,13,21,46,False,True
YC20:2487,Va102,2020,2,2,453,1,21,47,False,False
YC20:2488,NS701,2020,2,2,268,14,21,48,False,True
YC20:2489,LH181,2020,2,2,332,21,22,48,False,True
YC20:2490,PHV63,2020,2,2,505,24,22,47,False,True
YC20:2491,LH216,2020,2,2,426,6,22,46,False,False
YC20:2492,N542,2020,2,2,356,18,22,45,False,True
YC20:2493,W22,2020,2,2,383,22,22,44,False,True
YC20:2494,4F-35 BK,2020,2,2,509,13,22,43,False,True
YC20:2495,Hy,2020,2,2,321,8,22,42,False,False
YC20:2496,B88,2020,2,2,307,13,22,41,False,True
YC20:2497,MBST,2020,2,2,343,12,22,40,False,True
YC20:2498,PHBB3,2020,2,2,364,19,22,39,False,True
YC20:2499,N215,2020,2,2,350,8,22,38,False,False
YC20:2500,PHN29,2020,2,2,274,19,22,37,False,True
YC20:2501,B47,2020,2,2,403,18,22,36,False,True
YC20:2502,LH191,2020,2,2,422,16,22,35,False,True
YC20:2503,INB 101LFY/LFY (A632 X M16 S5),2020,2,2,323,25,22,34,False,True
YC20:2504,NC342,2020,2,2,436,5,22,33,False,False
YC20:2505,B73,2020,2,2,516,20,22,32,True,True
YC20:2506,A,2020,2,2,397,20,22,31,False,True
YC20:2507,B14,2020,2,2,401,8,22,30,False,False
YC20:2508,LH185,2020,2,2,261,12,22,29,False,True
YC20:2509,J47,2020,2,2,488,14,22,28,False,True
YC20:2510,R226,2020,2,2,449,23,22,27,False,True
YC20:2511,PHEG9,2020,2,2,502,19,22,26,False,True
YC20:2512,LH214,2020,2,2,338,22,22,25,False,True
YC20:2513,IDS28,2020,2,2,417,20,22,24,False,True
YC20:2514,PHW52,2020,2,2,276,14,22,23,False,True
YC20:2515,W24,2020,2,2,385,19,22,22,False,True
YC20:2516,PHHH9,2020,2,2,271,5,22,21,False,False
YC20:2517,H105W,2020,2,2,313,11,22,20,False,False
YC20:2518,H96,2020,2,2,484,17,22,19,False,True
YC20:2519,H95,2020,2,2,319,17,22,18,False,True
YC20:2520,PHP85,2020,2,2,443,17,22,17,False,True
YC21:1001,ICI 986,2021,1,1,225,19,1,1,False,True
YC21:1002,DKFBHJ,2021,1,1,110,23,1,2,False,True
YC21:1003,PHBW8,2021,1,1,134,20,1,3,False,True
YC21:1004,PH207,2021,1,1,252,27,1,4,True,True
YC21:1005,R113,2021,1,1,245,11,1,5,False,True
YC21:1006,W9,2021,1,1,11,24,1,6,False,True
YC21:1007,AQA3,2021,1,1,16,25,1,7,False,True
YC21:1008,DE4,2021,1,1,219,26,1,8,False,True
YC21:1009,W552,2021,1,1,62,18,1,9,False,True
YC21:1010,LH198,2021,1,1,168,28,1,10,False,True
YC21:1011,LH74,2021,1,1,227,22,1,11,False,True
YC21:1012,A374,2021,1,1,98,23,1,12,False,True
YC21:1013,A334,2021,1,1,40,25,1,13,False,True
YC21:1014,DKMBNA,2021,1,1,111,25,1,14,False,True
YC21:1015,ICI 441,2021,1,1,163,17,1,15,False,True
YC21:1016,CH711-10,2021,1,1,45,16,1,16,False,True
YC21:1017,PHG80,2021,1,1,241,21,1,17,False,True
YC21:1018,A71,2021,1,1,150,26,1,18,False,True
YC21:1019,2369,2021,1,1,198,18,1,19,False,True
YC21:1020,B73,2021,1,1,256,16,1,20,True,True
YC21:1021,LH82,2021,1,1,123,25,1,21,False,True
YC21:1022,MS132,2021,1,1,231,23,1,22,False,True
YC21:1023,C103,2021,1,1,218,10,1,23,False,True
YC21:1024,L 155,2021,1,1,115,20,1,24,False,True
YC21:1025,PHN66,2021,1,1,183,23,1,25,False,True
YC21:1026,SD102,2021,1,1,139,26,1,26,False,True
YC21:1027,PHGW7,2021,1,1,27,21,1,27,False,True
YC21:1028,BO9,2021,1,1,156,23,1,28,False,True
YC21:1029,AS6103,2021,1,1,213,25,1,29,False,True
YC21:1030,DKPB80,2021,1,1,161,26,1,30,False,True
YC21:1031,764,2021,1,1,95,16,1,31,False,True
YC21:1032,Ia 453,2021,1,1,20,29,1,32,False,True
YC21:1033,FC46,2021,1,1,19,24,1,33,False,True
YC21:1034,PH207,2021,1,1,255,22,1,34,True,True
YC21:1035,B-18 INBR.FR.SUPERGOLD,2021,1,1,151,26,1,35,False,True
YC21:1036,ICI581,2021,1,1,71,25,1,36,False,True
YC21:1037,N201,2021,1,1,234,23,1,37,False,True
YC21:1038,W603S,2021,1,1,140,22,1,38,False,True
YC21:1039,ICI 193,2021,1,1,70,16,1,39,False,True
YC21:1040,PHJR5,2021,1,1,84,22,1,40,False,True
YC21:1041,W64A,2021,1,1,63,22,1,41,False,True
YC21:1042,L 135,2021,1,1,22,22,1,42,False,True
YC21:1043,CA-4,2021,1,1,17,24,1,43,False,True
YC21:1044,I29,2021,1,1,114,26,1,44,False,True
YC21:1045,LH132,2021,1,1,,26,1,45,False,True
YC21:1046,LH61,2021,1,1,75,17,1,46,False,True
YC21:1047,Mo47,2021,1,1,230,25,1,47,False,True
YC21:1048,W613S,2021,1,1,93,15,1,48,False,False
YC21:1049,LH202,2021,1,1,73,22,2,48,False,True
YC21:1050,B76,2021,1,1,153,27,2,47,False,True
YC21:1051,A635,2021,1,1,209,24,2,46,False,True
YC21:1052,PHP55,2021,1,1,87,24,2,45,False,True
YC21:1053,A556,2021,1,1,43,12,2,44,False,True
YC21:1054,LH206,2021,1,1,118,20,2,43,False,True
YC21:1055,LH172,2021,1,1,53,12,2,42,False,True
YC21:1056,LIBC 4,2021,1,1,76,16,2,41,False,True
YC21:1057,Lp215D,2021,1,1,55,24,2,40,False,True
YC21:1058,PHVJ4,2021,1,1,8,21,2,39,False,True
YC21:1059,A634,2021,1,1,148,26,2,38,False,True
YC21:1060,2FACC,2021,1,1,145,26,2,37,False,True
YC21:1061,W701BC,2021,1,1,10,17,2,36,False,True
YC21:1062,SD44,2021,1,1,190,24,2,35,False,True
YC21:1063,PHJ90,2021,1,1,182,23,2,34,False,True
YC21:1064,IBB14,2021,1,1,48,14,2,33,False,True
YC21:1065,911,2021,1,1,12,21,2,32,False,True
YC21:1066,NS501,2021,1,1,131,21,2,31,False,True
YC21:1067,LH54,2021,1,1,122,0,2,30,False,False
YC21:1068,ND247,2021,1,1,57,26,2,29,False,True
YC21:1069,W8304,2021,1,1,195,18,2,28,False,True
YC21:1070,LH38,2021,1,1,121,17,2,27,False,True
YC21:1071,A401,2021,1,1,206,25,2,26,False,True
YC21:1072,29MIBZ2,2021,1,1,39,26,2,25,False,True
YC21:1073,LH57,2021,1,1,170,8,2,24,False,False
YC21:1074,Oh40B,2021,1,1,132,16,2,23,False,True
YC21:1075,W604S,2021,1,1,192,11,2,22,False,True
YC21:1076,W117Ht,2021,1,1,35,14,2,21,False,True
YC21:1077,MS211,2021,1,1,232,23,2,20,False,True
YC21:1078,DK78010,2021,1,1,220,19,2,19,False,True
YC21:1079,A674,2021,1,1,15,25,2,18,False,True
YC21:1080,Os420,2021,1,1,238,22,2,17,False,True
YC21:1081,A641,2021,1,1,4,14,2,16,False,True
YC21:1082,Ny821,2021,1,1,177,23,2,15,False,True
YC21:1083,4226,2021,1,1,199,18,2,14,False,True
YC21:1084,LH222,2021,1,1,54,24,2,13,False,True
YC21:1085,T242,2021,1,1,9,23,2,12,False,True
YC21:1086,DKIB014,2021,1,1,221,22,2,11,False,True
YC21:1087,MS71,2021,1,1,172,21,2,10,False,True
YC21:1088,790,2021,1,1,64,19,2,9,False,True
YC21:1089,B115,2021,1,1,217,20,2,8,False,True
YC21:1090,792,2021,1,1,197,17,2,7,False,True
YC21:1091,A272,2021,1,1,205,21,2,6,False,True
YC21:1092,W602S,2021,1,1,191,24,2,5,False,True
YC21:1093,MS153,2021,1,1,127,12,2,4,False,True
YC21:1094,A663,2021,1,1,212,30,2,3,False,True
YC21:1095,Q381,2021,1,1,138,24,2,2,False,True
YC21:1096,CM105,2021,1,1,18,24,2,1,False,True
YC21:1097,LH209,2021,1,1,169,23,3,1,False,True
YC21:1098,OQ403,2021,1,1,7,23,3,2,False,True
YC21:1099,IA2132,2021,1,1,21,24,3,3,False,True
YC21:1100,G80,2021,1,1,112,21,3,4,False,True
YC21:1101,CH753-4,2021,1,1,46,22,3,5,False,True
YC21:1102,DK4676A,2021,1,1,108,27,3,6,False,True
YC21:1103,PHK42,2021,1,1,137,23,3,7,False,True
YC21:1104,3IJI1,2021,1,1,97,24,3,8,False,True
YC21:1105,H42,2021,1,1,222,17,3,9,False,True
YC21:1106,PHK76,2021,1,1,243,25,3,10,False,True
YC21:1107,NK778,2021,1,1,58,21,3,11,False,True
YC21:1108,PHW20,2021,1,1,33,18,3,12,False,True
YC21:1109,PHW30,2021,1,1,187,19,3,13,False,True
YC21:1110,PH207,2021,1,1,251,23,3,14,True,True
YC21:1111,MEF156-55-2,2021,1,1,124,12,3,15,False,True
YC21:1112,LP5,2021,1,1,77,28,3,16,False,True
YC21:1113,L 139,2021,1,1,72,24,3,17,False,True
YC21:1114,PHR36,2021,1,1,244,21,3,18,False,True
YC21:1115,A548,2021,1,1,42,24,3,19,False,True
YC21:1116,PHG47,2021,1,1,26,18,3,20,False,True
YC21:1117,MS224,2021,1,1,129,23,3,21,False,True
YC21:1118,PHK74,2021,1,1,28,23,3,22,False,True
YC21:1119,DKFAPW,2021,1,1,160,23,3,23,False,True
YC21:1120,LH145,2021,1,1,116,16,3,24,False,True
YC21:1121,CI 40H,2021,1,1,158,16,3,25,False,True
YC21:1122,NC262,2021,1,1,174,22,3,26,False,True
YC21:1123,91IFC2,2021,1,1,13,25,3,27,False,True
YC21:1124,PHN11,2021,1,1,29,21,3,28,False,True
YC21:1125,PHG29,2021,1,1,135,21,3,29,False,True
YC21:1126,NY 159 (Neveh Yaar),2021,1,1,176,11,3,30,False,True
YC21:1127,6F629,2021,1,1,203,10,3,31,False,True
YC21:1128,IBC2,2021,1,1,69,23,3,32,False,True
YC21:1129,A649,2021,1,1,100,14,3,33,False,True
YC21:1130,A659,2021,1,1,211,14,3,34,False,True
YC21:1131,1538,2021,1,1,96,20,3,35,False,True
YC21:1132,LH127,2021,1,1,226,15,3,36,False,True
YC21:1133,PHKE6,2021,1,1,85,22,3,37,False,True
YC21:1134,PHN82,2021,1,1,184,18,3,38,False,True
YC21:1135,PHT69,2021,1,1,90,17,3,39,False,True
YC21:1136,PH207,2021,1,1,254,27,3,40,True,True
YC21:1137,NORTH 7,2021,1,1,24,15,3,41,False,True
YC21:1138,PHP76,2021,1,1,88,23,3,42,False,True
YC21:1139,MQ305,2021,1,1,126,18,3,43,False,True
YC21:1140,MS1334,2021,1,1,171,3,3,44,False,False
YC21:1141,N192,2021,1,1,130,22,3,45,False,True
YC21:1142,A258,2021,1,1,147,14,3,46,False,True
YC21:1143,A572,2021,1,1,3,21,3,47,False,True
YC21:1144,MS225,2021,1,1,78,23,3,48,False,True
YC21:1145,78010,2021,1,1,200,23,4,48,False,True
YC21:1146,MS200,2021,1,1,128,22,4,47,False,True
YC21:1147,CH9,2021,1,1,142,19,4,46,False,True
YC21:1148,PHG86,2021,1,1,242,7,4,45,False,False
YC21:1149,A682,2021,1,1,102,22,4,44,False,True
YC21:1150,A427,2021,1,1,99,22,4,43,False,True
YC21:1151,2MA22,2021,1,1,202,18,4,42,False,True
YC21:1152,LH149,2021,1,1,51,26,4,41,False,True
YC21:1153,B-28,2021,1,1,214,23,4,40,False,True
YC21:1154,Pa392,2021,1,1,239,21,4,39,False,True
YC21:1155,912,2021,1,1,38,19,4,38,False,True
YC21:1156,W614S,2021,1,1,144,23,4,37,False,True
YC21:1157,LH165,2021,1,1,167,22,4,36,False,True
YC21:1158,PHVA9,2021,1,1,32,23,4,35,False,True
YC21:1159,PHV57,2021,1,1,91,20,4,34,False,True
YC21:1160,N193,2021,1,1,173,21,4,33,False,True
YC21:1161,W153R,2021,1,1,61,14,4,32,False,True
YC21:1162,B73,2021,1,1,259,12,4,31,True,True
YC21:1163,NQ508,2021,1,1,175,23,4,30,False,True
YC21:1164,A679,2021,1,1,44,12,4,29,False,True
YC21:1165,OQ603,2021,1,1,133,25,4,28,False,True
YC21:1166,B85,2021,1,1,104,11,4,27,False,True
YC21:1167,A73,2021,1,1,103,19,4,26,False,True
YC21:1168,N6,2021,1,1,235,12,4,25,False,True
YC21:1169,A208,2021,1,1,65,15,4,24,False,True
YC21:1170,A632,2021,1,1,208,18,4,23,False,True
YC21:1171,N197,2021,1,1,79,16,4,22,False,True
YC21:1172,C123,2021,1,1,157,14,4,21,False,True
YC21:1173,WR3,2021,1,1,141,13,4,20,False,True
YC21:1174,CR 22 INBRED,2021,1,1,66,18,4,19,False,True
YC21:1175,DK3IIH6,2021,1,1,159,26,4,18,False,True
YC21:1176,B91,2021,1,1,154,19,4,17,False,True
YC21:1177,MS72,2021,1,1,56,21,4,16,False,True
YC21:1178,INBRED 2-687,2021,1,1,164,27,4,15,False,True
YC21:1179,LH295,2021,1,1,74,25,4,14,False,True
YC21:1180,DK78002A,2021,1,1,109,23,4,13,False,True
YC21:1181,ZS635,2021,1,1,94,18,4,12,False,True
YC21:1182,Mo17,2021,1,1,229,22,4,11,False,True
YC21:1183,PHB09,2021,1,1,240,22,4,10,False,True
YC21:1184,A322,2021,1,1,1,24,4,9,False,True
YC21:1185,R181B,2021,1,1,246,23,4,8,False,True
YC21:1186,Va52,2021,1,1,249,25,4,7,False,True
YC21:1187,PHW17,2021,1,1,186,24,4,6,False,True
YC21:1188,PHB47,2021,1,1,179,26,4,5,False,True
YC21:1189,LH146Ht,2021,1,1,23,28,4,4,False,True
YC21:1190,B114,2021,1,1,216,18,4,3,False,True
YC21:1191,ICI 893,2021,1,1,224,19,4,2,False,True
YC21:1192,ICI 740,2021,1,1,223,25,4,1,False,True
YC21:1193,A305,2021,1,1,14,15,5,1,False,True
YC21:1194,LH166,2021,1,1,52,23,5,2,False,True
YC21:1195,CH157,2021,1,1,106,25,5,3,False,True
YC21:1196,W182E,2021,1,1,36,18,5,4,False,True
YC21:1197,OS602,2021,1,1,80,21,5,5,False,True
YC21:1198,OH33,2021,1,1,237,22,5,6,False,True
YC21:1199,PHTM9,2021,1,1,30,24,5,7,False,True
YC21:1200,IBB15,2021,1,1,49,26,5,8,False,True
YC21:1201,4F-306 108,2021,1,1,146,19,5,9,False,True
YC21:1202,Pa405,2021,1,1,178,19,5,10,False,True
YC21:1203,Oh43,2021,1,1,25,21,5,11,False,True
YC21:1204,PHP02,2021,1,1,86,21,5,12,False,True
YC21:1205,B87,2021,1,1,105,24,5,13,False,True
YC21:1206,PHG50,2021,1,1,136,25,5,14,False,True
YC21:1207,PHBA6,2021,1,1,180,26,5,15,False,True
YC21:1208,LH184,2021,1,1,117,24,5,16,False,True
YC21:1209,FBLA,2021,1,1,68,24,5,17,False,True
YC21:1210,LH93,2021,1,1,228,26,5,18,False,True
YC21:1211,2FADB,2021,1,1,201,24,5,19,False,True
YC21:1212,EAST 028,2021,1,1,67,26,5,20,False,True
YC21:1213,SD107,2021,1,1,247,20,5,21,False,True
YC21:1214,PHR63,2021,1,1,185,27,5,22,False,True
YC21:1215,PHW03,2021,1,1,92,20,5,23,False,True
YC21:1216,B103,2021,1,1,152,23,5,24,False,True
YC21:1217,B73,2021,1,1,257,17,5,25,True,True
YC21:1218,A648,2021,1,1,210,19,5,26,False,True
YC21:1219,MS116,2021,1,1,5,16,5,27,False,True
YC21:1220,W612S,2021,1,1,194,15,5,28,False,True
YC21:1221,PHG71,2021,1,1,60,30,5,29,False,True
YC21:1222,MS226,2021,1,1,233,21,5,30,False,True
YC21:1223,ND265,2021,1,1,6,27,5,31,False,True
YC21:1224,A627,2021,1,1,207,15,5,32,False,True
YC21:1225,PHR30,2021,1,1,89,26,5,33,False,True
YC21:1226,PHW86,2021,1,1,34,25,5,34,False,True
YC21:1227,B107,2021,1,1,215,18,5,35,False,True
YC21:1228,W605S,2021,1,1,193,26,5,36,False,True
YC21:1229,CR1HT,2021,1,1,119,23,5,37,False,True
YC21:1230,SD101,2021,1,1,189,21,5,38,False,True
YC21:1231,PH207,2021,1,1,253,23,5,39,True,True
YC21:1232,A672,2021,1,1,101,24,5,40,False,True
YC21:1233,A239,2021,1,1,204,21,5,41,False,True
YC21:1234,SD40,2021,1,1,248,22,5,42,False,True
YC21:1235,A680,2021,1,1,149,26,5,43,False,True
YC21:1236,LH223,2021,1,1,120,24,5,44,False,True
YC21:1237,Eng-Li Chih,2021,1,1,162,26,5,45,False,True
YC21:1238,A340,2021,1,1,41,28,5,46,False,True
YC21:1239,Va99,2021,1,1,250,25,5,47,False,True
YC21:1240,CS405,2021,1,1,47,26,5,48,False,True
YC21:1241,PHW80,2021,1,1,188,23,6,48,False,True
YC21:1242,DJ7,2021,1,1,196,17,6,47,False,True
YC21:1243,CR14,2021,1,1,107,23,6,46,False,True
YC21:1244,H99,2021,1,1,113,25,6,45,False,True
YC21:1245,LH119,2021,1,1,143,24,6,44,False,True
YC21:1246,ML606,2021,1,1,125,26,6,43,False,True
YC21:1247,A385,2021,1,1,2,25,6,42,False,True
YC21:1248,B73,2021,1,1,260,26,6,41,True,True
YC21:1249,LH143 (Maintainer),2021,1,1,166,25,6,40,False,True
YC21:1250,PHJ89,2021,1,1,83,25,6,39,False,True
YC21:1251,L 127,2021,1,1,50,25,6,38,False,True
YC21:1252,793,2021,1,1,37,14,6,37,False,True
YC21:1253,PHHV4,2021,1,1,181,24,6,36,False,True
YC21:1254,NC310,2021,1,1,236,25,6,35,False,True
YC21:1255,PHG72,2021,1,1,81,23,6,34,False,True
YC21:1256,BEI 10 = NORTH 10,2021,1,1,155,20,6,33,False,True
YC21:1257,NK807,2021,1,1,59,22,6,32,False,True
YC21:1258,B73,2021,1,1,258,14,6,31,True,True
YC21:1259,PHV37,2021,1,1,31,24,6,30,False,True
YC21:1260,PHH93,2021,1,1,82,17,6,29,False,True
YC21:1261,B119,2021,1,2,299,19,6,28,False,True
YC21:1262,A797NW,2021,1,2,296,22,6,27,False,True
YC21:1263,H71,2021,1,2,317,22,6,26,False,True
YC21:1264,B104,2021,1,2,474,19,6,25,False,True
YC21:1265,N217,2021,1,2,430,25,6,24,False,True
YC21:1266,A321,2021,1,2,295,11,6,23,False,True
YC21:1267,B46,2021,1,2,402,12,6,22,False,True
YC21:1268,CG102,2021,1,2,308,27,6,21,False,True
YC21:1269,Oh7,2021,1,2,362,22,6,20,False,True
YC21:1270,LH185,2021,1,2,261,11,6,19,False,True
YC21:1271,NC412,2021,1,2,500,20,6,18,False,False
YC21:1272,PHG83,2021,1,2,270,24,6,17,False,True
YC21:1273,B73,2021,1,2,516,21,6,16,True,True
YC21:1274,YONG 28,2021,1,2,287,1,6,15,False,False
YC21:1275,W37A,2021,1,2,282,22,6,14,False,False
YC21:1276,K41,2021,1,2,421,16,6,13,False,True
YC21:1277,K47,2021,1,2,489,22,6,12,False,True
YC21:1278,B164,2021,1,2,303,21,6,11,False,True
YC21:1279,PHG35,2021,1,2,503,8,6,10,False,False
YC21:1280,HP301,2021,1,2,416,20,6,9,False,True
YC21:1281,W611S,2021,1,2,284,22,6,8,False,True
YC21:1282,N200,2021,1,2,495,18,6,7,False,True
YC21:1283,LH1,2021,1,2,330,20,6,6,False,True
YC21:1284,PH207,2021,1,2,511,22,6,5,True,True
YC21:1285,CO258,2021,1,2,311,20,6,4,False,True
YC21:1286,Mo1W,2021,1,2,428,27,6,3,False,True
YC21:1287,WIL900,2021,1,2,508,22,6,2,False,True
YC21:1288,PHWG5,2021,1,2,378,26,6,1,False,True
YC21:1289,INBRED 305,2021,1,2,420,20,7,1,False,True
YC21:1290,INBRED 141,2021,1,2,419,22,7,2,False,True
YC21:1291,B70,2021,1,2,305,22,7,3,False,True
YC21:1292,NK740,2021,1,2,358,17,7,4,False,True
YC21:1293,DE811,2021,1,2,480,23,7,5,False,True
YC21:1294,CO257,2021,1,2,310,14,7,6,False,True
YC21:1295,PHN46,2021,1,2,368,19,7,7,False,True
YC21:1296,R78,2021,1,2,380,22,7,8,False,True
YC21:1297,R71,2021,1,2,452,26,7,9,False,True
YC21:1298,Va102,2021,1,2,453,10,7,10,False,True
YC21:1299,B73,2021,1,2,519,14,7,11,True,True
YC21:1300,PHK35,2021,1,2,272,23,7,12,False,True
YC21:1301,M14,2021,1,2,493,20,7,13,False,True
YC21:1302,W24,2021,1,2,385,23,7,14,False,True
YC21:1303,DE3,2021,1,2,410,12,7,15,False,True
YC21:1304,VaW6,2021,1,2,457,14,7,16,False,True
YC21:1305,LH193,2021,1,2,334,23,7,17,False,True
YC21:1306,PHHH9,2021,1,2,271,17,7,18,False,True
YC21:1307,MBPM,2021,1,2,427,22,7,19,False,True
YC21:1308,LH213,2021,1,2,337,23,7,20,False,True
YC21:1309,LH205,2021,1,2,425,16,7,21,False,True
YC21:1310,B73,2021,1,2,517,16,7,22,True,True
YC21:1311,B65,2021,1,2,404,14,7,23,False,True
YC21:1312,B121,2021,1,2,301,25,7,24,False,True
YC21:1313,R168,2021,1,2,277,22,7,25,False,True
YC21:1314,N209,2021,1,2,496,15,7,26,False,True
YC21:1315,W820G,2021,1,2,465,13,7,27,False,True
YC21:1316,87916W,2021,1,2,396,17,7,28,False,True
YC21:1317,PHP85,2021,1,2,443,6,7,29,False,False
YC21:1318,MS67,2021,1,2,348,26,7,30,False,True
YC21:1319,A,2021,1,2,397,20,7,31,False,True
YC21:1320,H96,2021,1,2,484,19,7,32,False,True
YC21:1321,YE 4,2021,1,2,467,13,7,33,False,True
YC21:1322,B109,2021,1,2,297,15,7,34,False,True
YC21:1323,PHW65,2021,1,2,448,15,7,35,False,True
YC21:1324,PHV78,2021,1,2,506,6,7,36,False,False
YC21:1325,B108,2021,1,2,399,22,7,37,False,True
YC21:1326,PHEG9,2021,1,2,502,8,7,38,False,False
YC21:1327,B2,2021,1,2,475,18,7,39,False,True
YC21:1328,4N506,2021,1,2,293,24,7,40,False,True
YC21:1329,H105W,2021,1,2,313,17,7,41,False,True
YC21:1330,Pa880,2021,1,2,440,24,7,42,False,True
YC21:1331,KUNG-70,2021,1,2,328,25,7,43,False,True
YC21:1332,FR19,2021,1,2,413,19,7,44,False,True
YC21:1333,LH197,2021,1,2,262,26,7,45,False,True
YC21:1334,H121,2021,1,2,315,26,7,46,False,True
YC21:1335,Pa778,2021,1,2,363,18,7,47,False,True
YC21:1336,NC368,2021,1,2,499,14,7,48,False,True
YC21:1337,MS221,2021,1,2,347,24,8,48,False,True
YC21:1338,MBST,2021,1,2,343,21,8,47,False,True
YC21:1339,S8326,2021,1,2,278,17,8,46,False,True
YC21:1340,R227,2021,1,2,450,15,8,45,False,True
YC21:1341,B57,2021,1,2,476,18,8,44,False,True
YC21:1342,PHV63,2021,1,2,505,23,8,43,False,True
YC21:1343,PHPR5,2021,1,2,369,21,8,42,False,True
YC21:1344,N527,2021,1,2,354,24,8,41,False,True
YC21:1345,Tr,2021,1,2,381,27,8,40,False,True
YC21:1346,W32,2021,1,2,458,13,8,39,False,True
YC21:1347,B98,2021,1,2,408,18,8,38,False,True
YC21:1348,WIL903,2021,1,2,391,8,8,37,False,False
YC21:1349,K55,2021,1,2,490,13,8,36,False,True
YC21:1350,W812G,2021,1,2,388,21,8,35,False,True
YC21:1351,NC250,2021,1,2,497,24,8,34,False,True
YC21:1352,PHW53,2021,1,2,447,13,8,33,False,True
YC21:1353,B111,2021,1,2,298,21,8,32,False,True
YC21:1354,ND259,2021,1,2,267,19,8,31,True,True
YC21:1355,B77,2021,1,2,478,18,8,30,False,True
YC21:1356,IDS91,2021,1,2,418,21,8,29,False,True
YC21:1357,PHK29,2021,1,2,442,4,8,28,False,False
YC21:1358,LH128,2021,1,2,331,22,8,27,False,True
YC21:1359,Va22,2021,1,2,454,11,8,26,False,True
YC21:1360,N7A,2021,1,2,433,14,8,25,False,True
YC21:1361,PH207,2021,1,2,515,24,8,24,True,True
YC21:1362,F118,2021,1,2,481,22,8,23,False,True
YC21:1363,INBRED 321,2021,1,2,325,21,8,22,False,True
YC21:1364,W811G,2021,1,2,285,19,8,21,False,True
YC21:1365,Va59,2021,1,2,456,14,8,20,False,True
YC21:1366,Il778d,2021,1,2,322,22,8,19,False,True
YC21:1367,PHT47,2021,1,2,374,20,8,18,False,True
YC21:1368,PHR62,2021,1,2,446,2,8,17,False,False
YC21:1369,4F-234 BX 4,2021,1,2,472,23,8,16,False,True
YC21:1370,PHT10,2021,1,2,372,23,8,15,False,True
YC21:1371,F2834T,2021,1,2,412,26,8,14,False,True
YC21:1372,2MCDB,2021,1,2,292,19,8,13,False,True
YC21:1373,PHR55,2021,1,2,371,17,8,12,False,True
YC21:1374,PH207,2021,1,2,514,23,8,11,True,True
YC21:1375,N534,2021,1,2,355,24,8,10,False,True
YC21:1376,B120,2021,1,2,300,24,8,9,False,True
YC21:1377,NY6371,2021,1,2,437,24,8,8,False,True
YC21:1378,WIL901,2021,1,2,470,23,8,7,False,True
YC21:1379,NS701,2021,1,2,268,18,8,6,False,True
YC21:1380,PHR47,2021,1,2,275,24,8,5,False,True
YC21:1381,R229,2021,1,2,451,23,8,4,False,True
YC21:1382,R177,2021,1,2,510,23,8,3,False,True
YC21:1383,CH701-30,2021,1,2,309,23,8,2,False,True
YC21:1384,B73,2021,1,2,520,19,8,1,True,True
YC21:1385,IDS69,2021,1,2,486,23,9,1,False,True
YC21:1386,PHJ33,2021,1,2,441,11,9,2,False,True
YC21:1387,NC294,2021,1,2,434,23,9,3,False,True
YC21:1388,LH227,2021,1,2,265,26,9,4,False,True
YC21:1389,N542,2021,1,2,356,26,9,5,False,True
YC21:1390,B14A,2021,1,2,302,27,9,6,False,True
YC21:1391,B84,2021,1,2,406,12,9,7,False,True
YC21:1392,W815G,2021,1,2,462,0,9,8,False,False
YC21:1393,DE2,2021,1,2,409,25,9,9,False,True
YC21:1394,LH59,2021,1,2,341,15,9,10,False,True
YC21:1395,6M502A,2021,1,2,395,20,9,11,False,True
YC21:1396,NC290A,2021,1,2,498,2,9,12,False,False
YC21:1397,PH207,2021,1,2,512,23,9,13,True,True
YC21:1398,W803G,2021,1,2,460,16,9,14,False,True
YC21:1399,B97,2021,1,2,407,19,9,15,False,True
YC21:1400,6M502,2021,1,2,394,20,9,16,False,True
YC21:1401,LH192,2021,1,2,423,18,9,17,False,True
YC21:1402,W819G,2021,1,2,464,25,9,18,False,True
YC21:1403,N501,2021,1,2,352,23,9,19,False,True
YC21:1404,PHW43,2021,1,2,376,20,9,20,False,True
YC21:1405,NC326,2021,1,2,435,21,9,21,False,True
YC21:1406,LH216,2021,1,2,426,12,9,22,False,True
YC21:1407,33-16,2021,1,2,471,9,9,23,False,False
YC21:1408,ND259,2021,1,2,291,18,9,24,True,True
YC21:1409,Os426,2021,1,2,438,23,9,25,False,True
YC21:1410,B66,2021,1,2,405,26,9,26,False,True
YC21:1411,PHR58,2021,1,2,445,23,9,27,False,True
YC21:1412,NC342,2021,1,2,436,22,9,28,False,True
YC21:1413,PH207,2021,1,2,513,23,9,29,True,True
YC21:1414,W814G,2021,1,2,290,19,9,30,False,True
YC21:1415,W821G,2021,1,2,286,3,9,31,False,False
YC21:1416,Pa762,2021,1,2,439,18,9,32,False,True
YC21:1417,PHN34,2021,1,2,504,17,9,33,False,True
YC21:1418,PHM10,2021,1,2,273,22,9,34,False,True
YC21:1419,LH195,2021,1,2,335,20,9,35,False,True
YC21:1420,PHW79,2021,1,2,377,15,9,36,False,True
YC21:1421,LH224,2021,1,2,340,27,9,37,False,True
YC21:1422,H113,2021,1,2,482,24,9,38,False,True
YC21:1423,NKS8326,2021,1,2,359,18,9,39,False,True
YC21:1424,B73,2021,1,2,518,12,9,40,True,True
YC21:1425,PHBB3,2021,1,2,364,21,9,41,False,True
YC21:1426,B75,2021,1,2,306,19,9,42,False,True
YC21:1427,H95,2021,1,2,319,18,9,43,False,True
YC21:1428,MBWZ,2021,1,2,344,16,9,44,False,True
YC21:1429,Va17,2021,1,2,507,1,9,45,False,False
YC21:1430,N28,2021,1,2,432,6,9,46,False,False
YC21:1431,W606S,2021,1,2,386,24,9,47,False,True
YC21:1432,ZS365,2021,1,2,288,26,9,48,False,True
YC21:1433,Mo5,2021,1,2,494,24,10,48,False,True
YC21:1434,Va26,2021,1,2,382,21,10,47,False,True
YC21:1435,W813G,2021,1,2,389,21,10,46,False,True
YC21:1436,W610S,2021,1,2,459,23,10,45,False,True
YC21:1437,H122w,2021,1,2,483,20,10,44,False,True
YC21:1438,LH181,2021,1,2,332,23,10,43,False,True
YC21:1439,Mo46,2021,1,2,346,16,10,42,False,True
YC21:1440,DK78371A,2021,1,2,289,21,10,41,False,True
YC21:1441,N523,2021,1,2,353,25,10,40,False,True
YC21:1442,B88,2021,1,2,307,20,10,39,False,True
YC21:1443,WU-TAN-TZAO,2021,1,2,392,19,10,38,False,True
YC21:1444,LH208,2021,1,2,336,22,10,37,False,True
YC21:1445,PHK56,2021,1,2,366,18,10,36,False,True
YC21:1446,Pa91,2021,1,2,501,17,10,35,False,True
YC21:1447,B79,2021,1,2,479,15,10,34,False,True
YC21:1448,PHT55,2021,1,2,375,27,10,33,False,True
YC21:1449,YING-55,2021,1,2,393,20,10,32,False,True
YC21:1450,W23,2021,1,2,384,26,10,31,False,True
YC21:1451,PHK93,2021,1,2,367,14,10,30,False,True
YC21:1452,LH215,2021,1,2,339,21,10,29,False,True
YC21:1453,Wf9,2021,1,2,390,17,10,28,False,True
YC21:1454,W810G,2021,1,2,387,27,10,27,False,True
YC21:1455,H5,2021,1,2,316,22,10,26,False,True
YC21:1456,NC328,2021,1,2,357,24,10,25,False,True
YC21:1457,W809G,2021,1,2,461,13,10,24,False,True
YC21:1458,LH191,2021,1,2,422,17,10,23,False,True
YC21:1459,INB 101LFY/LFY (A632 X M16 S5),2021,1,2,323,24,10,22,False,True
YC21:1460,Seagull Seventeen,2021,1,2,279,18,10,21,False,True
YC21:1461,AusTRCF 306238,2021,1,2,398,16,10,20,False,True
YC21:1462,H84,2021,1,2,415,14,10,19,False,True
YC21:1463,SG 30A,2021,1,2,280,22,10,18,False,True
YC21:1464,B37,2021,1,2,304,21,10,17,False,True
YC21:1465,PHR31,2021,1,2,370,23,10,16,False,True
YC21:1466,MM501D,2021,1,2,345,21,10,15,False,True
YC21:1467,PHZ51,2021,1,2,379,24,10,14,False,True
YC21:1468,K150,2021,1,2,327,25,10,13,False,True
YC21:1469,Hy,2021,1,2,321,16,10,12,False,True
YC21:1470,N211,2021,1,2,349,25,10,11,False,True
YC21:1471,OC19,2021,1,2,361,24,10,10,False,True
YC21:1472,HUOBAI,2021,1,2,485,24,10,9,False,True
YC21:1473,HUANYAO,2021,1,2,320,24,10,8,False,True
YC21:1474,INBRED 109,2021,1,2,487,6,10,7,False,False
YC21:1475,WXB6,2021,1,2,466,5,10,6,False,False
YC21:1476,B68,2021,1,2,477,20,10,5,False,True
YC21:1477,IDS28,2021,1,2,417,22,10,4,False,True
YC21:1478,PHJ70,2021,1,2,365,22,10,3,False,True
YC21:1479,J8606,2021,1,2,326,3,10,2,False,False
YC21:1480,LH211,2021,1,2,491,1,10,1,False,False
YC21:1481,MS24A,2021,1,2,429,19,11,1,False,True
YC21:1482,E8501,2021,1,2,411,25,11,2,False,True
YC21:1483,LH199,2021,1,2,263,15,11,3,False,True
YC21:1484,W817G,2021,1,2,463,4,11,4,False,False
YC21:1485,LH60,2021,1,2,342,26,11,5,False,True
YC21:1486,H91,2021,1,2,318,23,11,6,False,True
YC21:1487,A619,2021,1,2,473,28,11,7,False,True
YC21:1488,J47,2021,1,2,488,12,11,8,False,True
YC21:1489,LH65,2021,1,2,492,4,11,9,False,False
YC21:1490,L 289,2021,1,2,329,22,11,10,False,True
YC21:1491,78551S,2021,1,2,294,13,11,11,False,True
YC21:1492,Va35,2021,1,2,455,19,11,12,False,True
YC21:1493,LH194,2021,1,2,424,17,11,13,False,True
YC21:1494,PHW52,2021,1,2,276,20,11,14,False,True
YC21:1495,4F-35 BK,2021,1,2,509,7,11,15,False,False
YC21:1496,N28Ht,2021,1,2,351,16,11,16,False,True
YC21:1497,NY 166 (Neveh Yaar),2021,1,2,360,13,11,17,False,False
YC21:1498,LH214,2021,1,2,338,25,11,18,False,True
YC21:1499,B14,2021,1,2,401,18,11,19,False,True
YC21:1500,TZU-CHIAO-HSI-WU 105,2021,1,2,281,25,11,20,False,True
YC21:1501,PHT22,2021,1,2,373,8,11,21,False,False
YC21:1502,H110,2021,1,2,414,24,11,22,False,True
YC21:1503,LH190,2021,1,2,333,21,11,23,False,True
YC21:1504,N218,2021,1,2,431,15,11,24,False,True
YC21:1505,PHR03,2021,1,2,444,19,11,25,False,True
YC21:1506,W607S,2021,1,2,283,23,11,26,False,True
YC21:1507,Yu796 NS,2021,1,2,468,21,11,27,False,True
YC21:1508,LP1 NR HT,2021,1,2,266,21,11,28,False,True
YC21:1509,INBRED 309,2021,1,2,324,14,11,29,False,True
YC21:1510,B110,2021,1,2,400,8,11,30,False,False
YC21:1511,H114,2021,1,2,314,22,11,31,False,True
YC21:1512,N215,2021,1,2,350,14,11,32,False,True
YC21:1513,Pa875,2021,1,2,269,24,11,33,False,True
YC21:1514,B105,2021,1,2,469,21,11,34,False,True
YC21:1515,PHN29,2021,1,2,274,26,11,35,False,True
YC21:1516,R226,2021,1,2,449,27,11,36,False,True
YC21:1517,CQ702RC,2021,1,2,312,12,11,37,False,True
YC21:1518,W22,2021,1,2,383,18,11,38,False,True
YC21:1519,B47,2021,1,2,403,1,11,39,False,False
YC21:1520,LH204,2021,1,2,264,23,11,40,False,True
YC21:2001,DK78002A,2021,2,1,109,21,11,41,False,True
YC21:2002,ML606,2021,2,1,125,24,11,42,False,True
YC21:2003,A632,2021,2,1,208,19,11,43,False,True
YC21:2004,A374,2021,2,1,98,25,11,44,False,True
YC21:2005,ICI581,2021,2,1,71,23,11,45,False,True
YC21:2006,2MA22,2021,2,1,202,23,11,46,False,True
YC21:2007,A385,2021,2,1,2,25,11,47,False,True
YC21:2008,Oh43,2021,2,1,25,25,11,48,False,True
YC21:2009,78010,2021,2,1,200,22,12,48,False,True
YC21:2010,PHW17,2021,2,1,186,22,12,47,False,True
YC21:2011,W8304,2021,2,1,195,19,12,46,False,True
YC21:2012,LH74,2021,2,1,227,20,12,45,False,True
YC21:2013,PHP02,2021,2,1,86,21,12,44,False,True
YC21:2014,792,2021,2,1,197,16,12,43,False,True
YC21:2015,LH222,2021,2,1,54,22,12,42,False,True
YC21:2016,PHHV4,2021,2,1,181,20,12,41,False,True
YC21:2017,IA2132,2021,2,1,21,19,12,40,False,True
YC21:2018,A73,2021,2,1,103,24,12,39,False,True
YC21:2019,MS153,2021,2,1,127,13,12,38,False,True
YC21:2020,B-18 INBR.FR.SUPERGOLD,2021,2,1,151,26,12,37,False,True
YC21:2021,W9,2021,2,1,11,19,12,36,False,True
YC21:2022,DKPB80,2021,2,1,161,20,12,35,False,True
YC21:2023,LP5,2021,2,1,77,25,12,34,False,True
YC21:2024,IBC2,2021,2,1,69,23,12,33,False,True
YC21:2025,OQ403,2021,2,1,7,20,12,32,False,True
YC21:2026,DKFBHJ,2021,2,1,110,24,12,31,False,True
YC21:2027,A682,2021,2,1,102,19,12,30,False,True
YC21:2028,LH82,2021,2,1,123,21,12,29,False,True
YC21:2029,2369,2021,2,1,198,19,12,28,False,True
YC21:2030,PHR30,2021,2,1,89,27,12,27,False,True
YC21:2031,PHK76,2021,2,1,243,21,12,26,False,True
YC21:2032,Mo17,2021,2,1,229,26,12,25,False,True
YC21:2033,T242,2021,2,1,9,23,12,24,False,True
YC21:2034,DJ7,2021,2,1,196,18,12,23,False,True
YC21:2035,LH206,2021,2,1,118,23,12,22,False,True
YC21:2036,SD107,2021,2,1,247,19,12,21,False,True
YC21:2037,Va99,2021,2,1,250,22,12,20,False,True
YC21:2038,PHW80,2021,2,1,188,24,12,19,False,True
YC21:2039,CH157,2021,2,1,106,18,12,18,False,True
YC21:2040,PHGW7,2021,2,1,27,22,12,17,False,True
YC21:2041,N193,2021,2,1,173,27,12,16,False,True
YC21:2042,A679,2021,2,1,44,23,12,15,False,True
YC21:2043,PHKE6,2021,2,1,85,28,12,14,False,True
YC21:2044,I29,2021,2,1,114,26,12,13,False,True
YC21:2045,A427,2021,2,1,99,26,12,12,False,True
YC21:2046,B87,2021,2,1,105,26,12,11,False,True
YC21:2047,PHJ89,2021,2,1,83,25,12,10,False,True
YC21:2048,PHT69,2021,2,1,90,20,12,9,False,True
YC21:2049,ICI 193,2021,2,1,70,18,12,8,False,True
YC21:2050,29MIBZ2,2021,2,1,39,26,12,7,False,True
YC21:2051,A672,2021,2,1,101,20,12,6,False,True
YC21:2052,A680,2021,2,1,149,21,12,5,False,True
YC21:2053,ICI 740,2021,2,1,223,21,12,4,False,True
YC21:2054,91IFC2,2021,2,1,13,26,12,3,False,True
YC21:2055,H42,2021,2,1,222,10,12,2,False,True
YC21:2056,PHJ90,2021,2,1,182,25,12,1,False,True
YC21:2057,N6,2021,2,1,235,22,13,1,False,True
YC21:2058,R113,2021,2,1,245,11,13,2,False,True
YC21:2059,Ia 453,2021,2,1,20,21,13,3,False,True
YC21:2060,FBLA,2021,2,1,68,22,13,4,False,True
YC21:2061,A627,2021,2,1,207,11,13,5,False,True
YC21:2062,DE4,2021,2,1,219,25,13,6,False,True
YC21:2063,PHBA6,2021,2,1,180,23,13,7,False,True
YC21:2064,Pa405,2021,2,1,178,15,13,8,False,True
YC21:2065,LH145,2021,2,1,116,27,13,9,False,True
YC21:2066,PHG86,2021,2,1,242,19,13,10,False,True
YC21:2067,B73,2021,2,1,260,14,13,11,True,True
YC21:2068,BO9,2021,2,1,156,26,13,12,False,True
YC21:2069,B107,2021,2,1,215,18,13,13,False,True
YC21:2070,PH207,2021,2,1,253,21,13,14,True,True
YC21:2071,ICI 986,2021,2,1,225,25,13,15,False,True
YC21:2072,C103,2021,2,1,218,14,13,16,False,True
YC21:2073,A648,2021,2,1,210,19,13,17,False,True
YC21:2074,CH9,2021,2,1,142,18,13,18,False,True
YC21:2075,A340,2021,2,1,41,24,13,19,False,True
YC21:2076,PH207,2021,2,1,251,26,13,20,True,True
YC21:2077,LH127,2021,2,1,226,21,13,21,False,True
YC21:2078,IBB14,2021,2,1,48,22,13,22,False,True
YC21:2079,6F629,2021,2,1,203,14,13,23,False,True
YC21:2080,LH166,2021,2,1,52,25,13,24,False,True
YC21:2081,LH209,2021,2,1,169,26,13,25,False,True
YC21:2082,L 135,2021,2,1,22,22,13,26,False,True
YC21:2083,W605S,2021,2,1,193,27,13,27,False,True
YC21:2084,PHVA9,2021,2,1,32,21,13,28,False,True
YC21:2085,IBB15,2021,2,1,49,23,13,29,False,True
YC21:2086,MS132,2021,2,1,231,19,13,30,False,True
YC21:2087,INBRED 2-687,2021,2,1,164,22,13,31,False,True
YC21:2088,W701BC,2021,2,1,10,15,13,32,False,True
YC21:2089,PHB09,2021,2,1,240,26,13,33,False,True
YC21:2090,PHP76,2021,2,1,88,22,13,34,False,True
YC21:2091,LH295,2021,2,1,74,22,13,35,False,True
YC21:2092,793,2021,2,1,37,21,13,36,False,True
YC21:2093,MS224,2021,2,1,129,26,13,37,False,True
YC21:2094,DKIB014,2021,2,1,221,19,13,38,False,True
YC21:2095,LH172,2021,2,1,53,14,13,39,False,True
YC21:2096,W602S,2021,2,1,191,16,13,40,False,True
YC21:2097,MS1334,2021,2,1,171,1,13,41,False,False
YC21:2098,W612S,2021,2,1,194,18,13,42,False,True
YC21:2099,A401,2021,2,1,206,25,13,43,False,True
YC21:2100,W64A,2021,2,1,63,23,13,44,False,True
YC21:2101,2FACC,2021,2,1,145,27,13,45,False,True
YC21:2102,NK778,2021,2,1,58,21,13,46,False,True
YC21:2103,LH223,2021,2,1,120,27,13,47,False,True
YC21:2104,MS71,2021,2,1,172,23,13,48,False,True
YC21:2105,C123,2021,2,1,157,20,14,48,False,True
YC21:2106,PH207,2021,2,1,252,25,14,47,True,True
YC21:2107,MQ305,2021,2,1,126,24,14,46,False,True
YC21:2108,B91,2021,2,1,154,19,14,45,False,True
YC21:2109,CR 22 INBRED,2021,2,1,66,20,14,44,False,True
YC21:2110,ND265,2021,2,1,6,26,14,43,False,True
YC21:2111,PHVJ4,2021,2,1,8,24,14,42,False,True
YC21:2112,PHJR5,2021,2,1,84,19,14,41,False,True
YC21:2113,A208,2021,2,1,65,17,14,40,False,True
YC21:2114,DK4676A,2021,2,1,108,25,14,39,False,True
YC21:2115,AQA3,2021,2,1,16,22,14,38,False,True
YC21:2116,PHH93,2021,2,1,82,22,14,37,False,True
YC21:2117,SD40,2021,2,1,248,22,14,36,False,True
YC21:2118,NK807,2021,2,1,59,18,14,35,False,True
YC21:2119,W153R,2021,2,1,61,14,14,34,False,False
YC21:2120,CS405,2021,2,1,47,28,14,33,False,True
YC21:2121,N201,2021,2,1,234,21,14,32,False,True
YC21:2122,3IJI1,2021,2,1,97,20,14,31,False,True
YC21:2123,CH753-4,2021,2,1,46,25,14,30,False,True
YC21:2124,MS226,2021,2,1,233,20,14,29,False,True
YC21:2125,BEI 10 = NORTH 10,2021,2,1,155,16,14,28,False,True
YC21:2126,PHV37,2021,2,1,31,24,14,27,False,True
YC21:2127,4F-306 108,2021,2,1,146,13,14,26,False,True
YC21:2128,R181B,2021,2,1,246,25,14,25,False,True
YC21:2129,B73,2021,2,1,258,13,14,24,True,True
YC21:2130,A272,2021,2,1,205,18,14,23,False,True
YC21:2131,PHG80,2021,2,1,241,23,14,22,False,True
YC21:2132,NY 159 (Neveh Yaar),2021,2,1,176,11,14,21,False,True
YC21:2133,A674,2021,2,1,15,25,14,20,False,True
YC21:2134,MS211,2021,2,1,232,21,14,19,False,True
YC21:2135,B73,2021,2,1,256,13,14,18,True,True
YC21:2136,CH711-10,2021,2,1,45,23,14,17,False,True
YC21:2137,LIBC 4,2021,2,1,76,26,14,16,False,True
YC21:2138,A572,2021,2,1,3,20,14,15,False,True
YC21:2139,PHN11,2021,2,1,29,25,14,14,False,True
YC21:2140,A548,2021,2,1,42,24,14,13,False,True
YC21:2141,NQ508,2021,2,1,175,20,14,12,False,True
YC21:2142,A659,2021,2,1,211,20,14,11,False,True
YC21:2143,CA-4,2021,2,1,17,24,14,10,False,True
YC21:2144,DKMBNA,2021,2,1,111,24,14,9,False,True
YC21:2145,AS6103,2021,2,1,213,26,14,8,False,True
YC21:2146,FC46,2021,2,1,19,24,14,7,False,True
YC21:2147,W614S,2021,2,1,144,26,14,6,False,True
YC21:2148,LH132,2021,2,1,,23,14,5,False,True
YC21:2149,LH119,2021,2,1,143,33,14,4,False,True
YC21:2150,912,2021,2,1,38,20,14,3,False,True
YC21:2151,A334,2021,2,1,40,23,14,2,False,True
YC21:2152,LH93,2021,2,1,228,20,14,1,False,True
YC21:2153,PHV57,2021,2,1,91,19,15,1,False,True
YC21:2154,B85,2021,2,1,104,14,15,2,False,True
YC21:2155,2FADB,2021,2,1,201,22,15,3,False,True
YC21:2156,A649,2021,2,1,100,24,15,4,False,True
YC21:2157,ND247,2021,2,1,57,27,15,5,False,True
YC21:2158,ZS635,2021,2,1,94,24,15,6,False,True
YC21:2159,PHN82,2021,2,1,184,25,15,7,False,True
YC21:2160,PHK74,2021,2,1,28,22,15,8,False,True
YC21:2161,A258,2021,2,1,147,14,15,9,False,True
YC21:2162,790,2021,2,1,64,17,15,10,False,True
YC21:2163,1538,2021,2,1,96,21,15,11,False,True
YC21:2164,LH198,2021,2,1,168,23,15,12,False,True
YC21:2165,H99,2021,2,1,113,26,15,13,False,True
YC21:2166,CR1HT,2021,2,1,119,21,15,14,False,True
YC21:2167,MEF156-55-2,2021,2,1,124,11,15,15,False,True
YC21:2168,B76,2021,2,1,153,26,15,16,False,True
YC21:2169,PHG29,2021,2,1,135,22,15,17,False,True
YC21:2170,Pa392,2021,2,1,239,26,15,18,False,True
YC21:2171,LH149,2021,2,1,51,26,15,19,False,True
YC21:2172,Eng-Li Chih,2021,2,1,162,27,15,20,False,True
YC21:2173,CI 40H,2021,2,1,158,23,15,21,False,True
YC21:2174,MS72,2021,2,1,56,24,15,22,False,True
YC21:2175,PHK42,2021,2,1,137,19,15,23,False,True
YC21:2176,B-28,2021,2,1,214,28,15,24,False,True
YC21:2177,LH202,2021,2,1,73,24,15,25,False,True
YC21:2178,A634,2021,2,1,148,26,15,26,False,True
YC21:2179,PHR36,2021,2,1,244,17,15,27,False,True
YC21:2180,LH54,2021,2,1,122,0,15,28,False,False
YC21:2181,DK3IIH6,2021,2,1,159,26,15,29,False,True
YC21:2182,G80,2021,2,1,112,22,15,30,False,True
YC21:2183,PHG47,2021,2,1,26,20,15,31,False,False
YC21:2184,4226,2021,2,1,199,14,15,32,False,True
YC21:2185,NC262,2021,2,1,174,22,15,33,False,True
YC21:2186,WR3,2021,2,1,141,19,15,34,False,True
YC21:2187,CR14,2021,2,1,107,18,15,35,False,True
YC21:2188,A239,2021,2,1,204,27,15,36,False,True
YC21:2189,W552,2021,2,1,62,24,15,37,False,True
YC21:2190,911,2021,2,1,12,19,15,38,False,True
YC21:2191,Mo47,2021,2,1,230,24,15,39,False,True
YC21:2192,B73,2021,2,1,259,14,15,40,True,True
YC21:2193,PH207,2021,2,1,254,27,15,41,True,True
YC21:2194,L 139,2021,2,1,72,22,15,42,False,True
YC21:2195,EAST 028,2021,2,1,67,25,15,43,False,True
YC21:2196,764,2021,2,1,95,17,15,44,False,True
YC21:2197,ICI 893,2021,2,1,224,16,15,45,False,True
YC21:2198,A322,2021,2,1,1,20,15,46,False,True
YC21:2199,ICI 441,2021,2,1,163,12,15,47,False,True
YC21:2200,B114,2021,2,1,216,17,15,48,False,True
YC21:2201,DKFAPW,2021,2,1,160,23,16,48,False,True
YC21:2202,Va52,2021,2,1,249,22,16,47,False,True
YC21:2203,Ny821,2021,2,1,177,20,16,46,False,True
YC21:2204,N192,2021,2,1,130,22,16,45,False,True
YC21:2205,PHG72,2021,2,1,81,26,16,44,False,True
YC21:2206,PHG50,2021,2,1,136,23,16,43,False,True
YC21:2207,A305,2021,2,1,14,22,16,42,False,True
YC21:2208,PHW30,2021,2,1,187,22,16,41,False,True
YC21:2209,MS116,2021,2,1,5,17,16,40,False,True
YC21:2210,W182E,2021,2,1,36,13,16,39,False,True
YC21:2211,W613S,2021,2,1,93,9,16,38,False,False
YC21:2212,Oh40B,2021,2,1,132,26,16,37,False,True
YC21:2213,LH184,2021,2,1,117,30,16,36,False,True
YC21:2214,LH61,2021,2,1,75,18,16,35,False,True
YC21:2215,A663,2021,2,1,212,25,16,34,False,True
YC21:2216,A641,2021,2,1,4,19,16,33,False,True
YC21:2217,A556,2021,2,1,43,10,16,32,False,True
YC21:2218,A635,2021,2,1,209,24,16,31,False,True
YC21:2219,PHR63,2021,2,1,185,22,16,30,False,True
YC21:2220,DK78010,2021,2,1,220,26,16,29,False,True
YC21:2221,OS602,2021,2,1,80,23,16,28,False,True
YC21:2222,Q381,2021,2,1,138,16,16,27,False,True
YC21:2223,PHG71,2021,2,1,60,27,16,26,False,True
YC21:2224,PHP55,2021,2,1,87,27,16,25,False,True
YC21:2225,NC310,2021,2,1,236,25,16,24,False,True
YC21:2226,LH38,2021,2,1,121,21,16,23,False,True
YC21:2227,SD44,2021,2,1,190,27,16,22,False,True
YC21:2228,Os420,2021,2,1,238,26,16,21,False,True
YC21:2229,OH33,2021,2,1,237,20,16,20,False,True
YC21:2230,LH57,2021,2,1,170,16,16,19,False,False
YC21:2231,B73,2021,2,1,257,11,16,18,True,True
YC21:2232,W604S,2021,2,1,192,20,16,17,False,True
YC21:2233,CM105,2021,2,1,18,24,16,16,False,True
YC21:2234,NORTH 7,2021,2,1,24,20,16,15,False,True
YC21:2235,LH165,2021,2,1,167,25,16,14,False,True
YC21:2236,SD102,2021,2,1,139,19,16,13,False,True
YC21:2237,Lp215D,2021,2,1,55,23,16,12,False,True
YC21:2238,L 155,2021,2,1,115,26,16,11,False,True
YC21:2239,LH143 (Maintainer),2021,2,1,166,26,16,10,False,True
YC21:2240,OQ603,2021,2,1,133,27,16,9,False,True
YC21:2241,L 127,2021,2,1,50,20,16,8,False,True
YC21:2242,SD101,2021,2,1,189,19,16,7,False,True
YC21:2243,PHW03,2021,2,1,92,27,16,6,False,True
YC21:2244,PHW20,2021,2,1,33,17,16,5,False,True
YC21:2245,NS501,2021,2,1,131,24,16,4,False,True
YC21:2246,W603S,2021,2,1,140,18,16,3,False,True
YC21:2247,PH207,2021,2,1,255,21,16,2,True,True
YC21:2248,MS225,2021,2,1,78,27,16,1,False,True
YC21:2249,PHN66,2021,2,1,183,24,17,1,False,True
YC21:2250,MS200,2021,2,1,128,22,17,2,False,True
YC21:2251,B103,2021,2,1,152,21,17,3,False,True
YC21:2252,B115,2021,2,1,217,21,17,4,False,True
YC21:2253,N197,2021,2,1,79,21,17,5,False,True
YC21:2254,PHBW8,2021,2,1,134,22,17,6,False,True
YC21:2255,PHW86,2021,2,1,34,25,17,7,False,True
YC21:2256,PHB47,2021,2,1,179,23,17,8,False,True
YC21:2257,W117Ht,2021,2,1,35,16,17,9,False,True
YC21:2258,A71,2021,2,1,150,25,17,10,False,True
YC21:2259,LH146Ht,2021,2,1,23,28,17,11,False,True
YC21:2260,PHTM9,2021,2,1,30,25,17,12,False,True
YC21:2261,H121,2021,2,2,315,24,17,13,False,True
YC21:2262,B108,2021,2,2,399,26,17,14,False,True
YC21:2263,87916W,2021,2,2,396,17,17,15,False,True
YC21:2264,H95,2021,2,2,319,24,17,16,False,True
YC21:2265,NK740,2021,2,2,358,15,17,17,False,True
YC21:2266,N28,2021,2,2,432,9,17,18,False,False
YC21:2267,PHT22,2021,2,2,373,5,17,19,False,False
YC21:2268,PHPR5,2021,2,2,369,17,17,20,False,True
YC21:2269,INBRED 141,2021,2,2,419,15,17,21,False,True
YC21:2270,W820G,2021,2,2,465,13,17,22,False,True
YC21:2271,PHR47,2021,2,2,275,24,17,23,False,True
YC21:2272,PHG83,2021,2,2,270,25,17,24,False,True
YC21:2273,PHW53,2021,2,2,447,17,17,25,False,True
YC21:2274,DE811,2021,2,2,480,22,17,26,False,True
YC21:2275,INBRED 309,2021,2,2,324,11,17,27,False,True
YC21:2276,Pa778,2021,2,2,363,15,17,28,False,True
YC21:2277,Va102,2021,2,2,453,4,17,29,False,False
YC21:2278,W24,2021,2,2,385,20,17,30,False,True
YC21:2279,IDS91,2021,2,2,418,25,17,31,False,True
YC21:2280,MBPM,2021,2,2,427,20,17,32,False,True
YC21:2281,Va22,2021,2,2,454,8,17,33,False,False
YC21:2282,J8606,2021,2,2,326,3,17,34,False,False
YC21:2283,W815G,2021,2,2,462,8,17,35,False,False
YC21:2284,N217,2021,2,2,430,19,17,36,False,True
YC21:2285,Mo1W,2021,2,2,428,23,17,37,False,True
YC21:2286,PHK56,2021,2,2,366,12,17,38,False,True
YC21:2287,IDS69,2021,2,2,486,19,17,39,False,True
YC21:2288,78551S,2021,2,2,294,14,17,40,False,True
YC21:2289,B66,2021,2,2,405,20,17,41,False,True
YC21:2290,N218,2021,2,2,431,8,17,42,False,False
YC21:2291,LH65,2021,2,2,492,3,17,43,False,False
YC21:2292,LH194,2021,2,2,424,16,17,44,False,True
YC21:2293,W607S,2021,2,2,283,21,17,45,False,True
YC21:2294,LP1 NR HT,2021,2,2,266,22,17,46,False,True
YC21:2295,B84,2021,2,2,406,16,17,47,False,True
YC21:2296,Wf9,2021,2,2,390,18,17,48,False,True
YC21:2297,ND259,2021,2,2,291,20,18,48,True,True
YC21:2298,CG102,2021,2,2,308,25,18,47,False,True
YC21:2299,PHJ33,2021,2,2,441,7,18,46,False,False
YC21:2300,N200,2021,2,2,495,20,18,45,False,True
YC21:2301,MBWZ,2021,2,2,344,17,18,44,False,True
YC21:2302,B73,2021,2,2,517,13,18,43,True,True
YC21:2303,Va17,2021,2,2,507,3,18,42,False,False
YC21:2304,N211,2021,2,2,349,24,18,41,False,True
YC21:2305,B111,2021,2,2,298,25,18,40,False,True
YC21:2306,B164,2021,2,2,303,25,18,39,False,True
YC21:2307,F118,2021,2,2,481,25,18,38,False,True
YC21:2308,DE3,2021,2,2,410,15,18,37,False,True
YC21:2309,WIL903,2021,2,2,391,5,18,36,False,False
YC21:2310,W817G,2021,2,2,463,0,18,35,False,False
YC21:2311,TZU-CHIAO-HSI-WU 105,2021,2,2,281,20,18,34,False,True
YC21:2312,N501,2021,2,2,352,21,18,33,False,True
YC21:2313,B121,2021,2,2,301,22,18,32,False,True
YC21:2314,R168,2021,2,2,277,22,18,31,False,True
YC21:2315,PHW79,2021,2,2,377,21,18,30,False,True
YC21:2316,B79,2021,2,2,479,18,18,29,False,True
YC21:2317,W809G,2021,2,2,461,10,18,28,False,True
YC21:2318,PHV78,2021,2,2,506,3,18,27,False,False
YC21:2319,E8501,2021,2,2,411,19,18,26,False,True
YC21:2320,LH185,2021,2,2,261,5,18,25,False,False
YC21:2321,W37A,2021,2,2,282,21,18,24,False,True
YC21:2322,PH207,2021,2,2,513,24,18,23,True,True
YC21:2323,INBRED 109,2021,2,2,487,2,18,22,False,False
YC21:2324,W814G,2021,2,2,290,17,18,21,False,True
YC21:2325,PHK93,2021,2,2,367,20,18,20,False,True
YC21:2326,HUOBAI,2021,2,2,485,24,18,19,False,True
YC21:2327,Il778d,2021,2,2,322,25,18,18,False,True
YC21:2328,R226,2021,2,2,449,25,18,17,False,True
YC21:2329,A,2021,2,2,397,21,18,16,False,True
YC21:2330,W606S,2021,2,2,386,23,18,15,False,True
YC21:2331,A797NW,2021,2,2,296,26,18,14,False,True
YC21:2332,LH192,2021,2,2,423,18,18,13,False,True
YC21:2333,Va35,2021,2,2,455,21,18,12,False,True
YC21:2334,MS24A,2021,2,2,429,21,18,11,False,True
YC21:2335,PHT47,2021,2,2,374,21,18,10,False,True
YC21:2336,6M502,2021,2,2,394,20,18,9,False,True
YC21:2337,PHN46,2021,2,2,368,14,18,8,False,True
YC21:2338,LH208,2021,2,2,336,25,18,7,False,True
YC21:2339,B97,2021,2,2,407,15,18,6,False,True
YC21:2340,LH190,2021,2,2,333,21,18,5,False,True
YC21:2341,NC326,2021,2,2,435,20,18,4,False,True
YC21:2342,LH197,2021,2,2,262,24,18,3,False,True
YC21:2343,LH215,2021,2,2,339,24,18,2,False,True
YC21:2344,H113,2021,2,2,482,23,18,1,False,True
YC21:2345,B65,2021,2,2,404,12,19,1,False,True
YC21:2346,K47,2021,2,2,489,25,19,2,False,True
YC21:2347,NC290A,2021,2,2,498,0,19,3,False,False
YC21:2348,NS701,2021,2,2,268,16,19,4,False,True
YC21:2349,W610S,2021,2,2,459,19,19,5,False,True
YC21:2350,Seagull Seventeen,2021,2,2,279,13,19,6,False,True
YC21:2351,PHT10,2021,2,2,372,22,19,7,False,True
YC21:2352,OC19,2021,2,2,361,20,19,8,False,True
YC21:2353,B57,2021,2,2,476,12,19,9,False,True
YC21:2354,PHR58,2021,2,2,445,21,19,10,False,True
YC21:2355,PHR31,2021,2,2,370,23,19,11,False,True
YC21:2356,PHW52,2021,2,2,276,21,19,12,False,True
YC21:2357,Tr,2021,2,2,381,26,19,13,False,True
YC21:2358,K150,2021,2,2,327,26,19,14,False,True
YC21:2359,B73,2021,2,2,516,15,19,15,True,True
YC21:2360,B47,2021,2,2,403,4,19,16,False,False
YC21:2361,LH191,2021,2,2,422,23,19,17,False,True
YC21:2362,W819G,2021,2,2,464,22,19,18,False,True
YC21:2363,B109,2021,2,2,297,9,19,19,False,False
YC21:2364,W812G,2021,2,2,388,22,19,20,False,True
YC21:2365,R177,2021,2,2,510,22,19,21,False,True
YC21:2366,IDS28,2021,2,2,417,22,19,22,False,True
YC21:2367,PHR55,2021,2,2,371,8,19,23,False,False
YC21:2368,H96,2021,2,2,484,16,19,24,False,True
YC21:2369,B104,2021,2,2,474,12,19,25,False,True
YC21:2370,LH128,2021,2,2,331,19,19,26,False,True
YC21:2371,PHEG9,2021,2,2,502,6,19,27,False,False
YC21:2372,PHV63,2021,2,2,505,19,19,28,False,True
YC21:2373,F2834T,2021,2,2,412,15,19,29,False,True
YC21:2374,4F-234 BX 4,2021,2,2,472,10,19,30,False,True
YC21:2375,LH195,2021,2,2,335,20,19,31,False,True
YC21:2376,H71,2021,2,2,317,16,19,32,False,True
YC21:2377,Mo46,2021,2,2,346,12,19,33,False,True
YC21:2378,B2,2021,2,2,475,9,19,34,False,False
YC21:2379,NC412,2021,2,2,500,21,19,35,False,True
YC21:2380,4N506,2021,2,2,293,20,19,36,False,True
YC21:2381,A321,2021,2,2,295,11,19,37,False,True
YC21:2382,AusTRCF 306238,2021,2,2,398,19,19,38,False,True
YC21:2383,B73,2021,2,2,520,9,19,39,True,False
YC21:2384,B77,2021,2,2,478,15,19,40,False,True
YC21:2385,W611S,2021,2,2,284,15,19,41,False,True
YC21:2386,N523,2021,2,2,353,24,19,42,False,True
YC21:2387,LH214,2021,2,2,338,23,19,43,False,True
YC21:2388,PHZ51,2021,2,2,379,26,19,44,False,True
YC21:2389,6M502A,2021,2,2,395,19,19,45,False,True
YC21:2390,N215,2021,2,2,350,16,19,46,False,True
YC21:2391,INB 101LFY/LFY (A632 X M16 S5),2021,2,2,323,24,19,47,False,True
YC21:2392,DE2,2021,2,2,409,26,19,48,False,True
YC21:2393,B75,2021,2,2,306,20,20,48,False,True
YC21:2394,Yu796 NS,2021,2,2,468,22,20,47,False,True
YC21:2395,2MCDB,2021,2,2,292,11,20,46,False,True
YC21:2396,B46,2021,2,2,402,6,20,45,False,False
YC21:2397,W821G,2021,2,2,286,0,20,44,False,False
YC21:2398,Pa762,2021,2,2,439,22,20,43,False,True
YC21:2399,LH213,2021,2,2,337,18,20,42,False,True
YC21:2400,4F-35 BK,2021,2,2,509,2,20,41,False,False
YC21:2401,PHR03,2021,2,2,444,21,20,40,False,True
YC21:2402,B70,2021,2,2,305,19,20,39,False,True
YC21:2403,K41,2021,2,2,421,9,20,38,False,False
YC21:2404,LH59,2021,2,2,341,14,20,37,False,True
YC21:2405,PHBB3,2021,2,2,364,20,20,36,False,True
YC21:2406,KUNG-70,2021,2,2,328,18,20,35,False,True
YC21:2407,PHK29,2021,2,2,442,2,20,34,False,False
YC21:2408,PH207,2021,2,2,511,25,20,33,True,True
YC21:2409,Pa91,2021,2,2,501,22,20,32,False,True
YC21:2410,PHK35,2021,2,2,272,11,20,31,False,True
YC21:2411,B105,2021,2,2,469,20,20,30,False,True
YC21:2412,Va26,2021,2,2,382,17,20,29,False,True
YC21:2413,Hy,2021,2,2,321,8,20,28,False,False
YC21:2414,NC368,2021,2,2,499,8,20,27,False,False
YC21:2415,H84,2021,2,2,415,14,20,26,False,True
YC21:2416,MS221,2021,2,2,347,21,20,25,False,True
YC21:2417,INBRED 305,2021,2,2,420,21,20,24,False,True
YC21:2418,LH205,2021,2,2,425,18,20,23,False,True
YC21:2419,PHWG5,2021,2,2,378,24,20,22,False,True
YC21:2420,LH193,2021,2,2,334,22,20,21,False,True
YC21:2421,K55,2021,2,2,490,11,20,20,False,True
YC21:2422,LH199,2021,2,2,263,6,20,19,False,False
YC21:2423,Oh7,2021,2,2,362,20,20,18,False,True
YC21:2424,W22,2021,2,2,383,20,20,17,False,True
YC21:2425,PHG35,2021,2,2,503,6,20,16,False,False
YC21:2426,PHHH9,2021,2,2,271,16,20,15,False,True
YC21:2427,NY6371,2021,2,2,437,24,20,14,False,True
YC21:2428,YE 4,2021,2,2,467,20,20,13,False,True
YC21:2429,LH60,2021,2,2,342,27,20,12,False,True
YC21:2430,N7A,2021,2,2,433,11,20,11,False,True
YC21:2431,PHW65,2021,2,2,448,15,20,10,False,True
YC21:2432,NC294,2021,2,2,434,17,20,9,False,True
YC21:2433,CO257,2021,2,2,310,11,20,8,False,True
YC21:2434,WU-TAN-TZAO,2021,2,2,392,19,20,7,False,True
YC21:2435,YING-55,2021,2,2,393,22,20,6,False,True
YC21:2436,LH211,2021,2,2,491,0,20,5,False,False
YC21:2437,Pa880,2021,2,2,440,22,20,4,False,True
YC21:2438,H91,2021,2,2,318,22,20,3,False,True
YC21:2439,ND259,2021,2,2,267,26,20,2,True,True
YC21:2440,CQ702RC,2021,2,2,312,20,20,1,False,True
YC21:2441,LH227,2021,2,2,265,24,21,1,False,True
YC21:2442,B110,2021,2,2,400,12,21,2,False,True
YC21:2443,PH207,2021,2,2,512,25,21,3,True,True
YC21:2444,H5,2021,2,2,316,22,21,4,False,True
YC21:2445,B119,2021,2,2,299,19,21,5,False,True
YC21:2446,B14,2021,2,2,401,9,21,6,False,False
YC21:2447,HP301,2021,2,2,416,21,21,7,False,True
YC21:2448,M14,2021,2,2,493,17,21,8,False,True
YC21:2449,S8326,2021,2,2,278,20,21,9,False,True
YC21:2450,PHP85,2021,2,2,443,10,21,10,False,True
YC21:2451,W803G,2021,2,2,460,22,21,11,False,True
YC21:2452,W813G,2021,2,2,389,23,21,12,False,True
YC21:2453,WIL901,2021,2,2,470,20,21,13,False,True
YC21:2454,H122w,2021,2,2,483,16,21,14,False,True
YC21:2455,ZS365,2021,2,2,288,22,21,15,False,True
YC21:2456,B88,2021,2,2,307,18,21,16,False,True
YC21:2457,N534,2021,2,2,355,23,21,17,False,True
YC21:2458,W811G,2021,2,2,285,16,21,18,False,True
YC21:2459,W23,2021,2,2,384,22,21,19,False,True
YC21:2460,HUANYAO,2021,2,2,320,21,21,20,False,True
YC21:2461,NY 166 (Neveh Yaar),2021,2,2,360,12,21,21,False,True
YC21:2462,PHN34,2021,2,2,504,12,21,22,False,True
YC21:2463,PHJ70,2021,2,2,365,19,21,23,False,True
YC21:2464,SG 30A,2021,2,2,280,20,21,24,False,True
YC21:2465,VaW6,2021,2,2,457,3,21,25,False,False
YC21:2466,PHN29,2021,2,2,274,24,21,26,False,True
YC21:2467,PHT55,2021,2,2,375,23,21,27,False,False
YC21:2468,NC328,2021,2,2,357,20,21,28,False,True
YC21:2469,NC250,2021,2,2,497,23,21,29,False,True
YC21:2470,PHM10,2021,2,2,273,19,21,30,False,True
YC21:2471,N28Ht,2021,2,2,351,14,21,31,False,True
YC21:2472,N527,2021,2,2,354,19,21,32,False,True
YC21:2473,N209,2021,2,2,496,16,21,33,False,True
YC21:2474,H114,2021,2,2,314,18,21,34,False,True
YC21:2475,W810G,2021,2,2,387,24,21,35,False,True
YC21:2476,MM501D,2021,2,2,345,21,21,36,False,True
YC21:2477,W32,2021,2,2,458,17,21,37,False,True
YC21:2478,J47,2021,2,2,488,9,21,38,False,False
YC21:2479,LH1,2021,2,2,330,21,21,39,False,True
YC21:2480,H110,2021,2,2,414,21,21,40,False,True
YC21:2481,B98,2021,2,2,408,15,21,41,False,True
YC21:2482,B68,2021,2,2,477,18,21,42,False,True
YC21:2483,CH701-30,2021,2,2,309,24,21,43,False,True
YC21:2484,PHW43,2021,2,2,376,20,21,44,False,True
YC21:2485,FR19,2021,2,2,413,21,21,45,False,True
YC21:2486,33-16,2021,2,2,471,9,21,46,False,False
YC21:2487,NKS8326,2021,2,2,359,17,21,47,False,True
YC21:2488,DK78371A,2021,2,2,289,21,21,48,False,True
YC21:2489,A619,2021,2,2,473,20,22,48,False,True
YC21:2490,MS67,2021,2,2,348,19,22,47,False,True
YC21:2491,CO258,2021,2,2,311,13,22,46,False,True
YC21:2492,B73,2021,2,2,519,8,22,45,True,False
YC21:2493,NC342,2021,2,2,436,17,22,44,False,True
YC21:2494,B14A,2021,2,2,302,20,22,43,False,True
YC21:2495,Va59,2021,2,2,456,12,22,42,False,True
YC21:2496,LH224,2021,2,2,340,20,22,41,False,True
YC21:2497,B73,2021,2,2,518,10,22,40,True,True
YC21:2498,WIL900,2021,2,2,508,19,22,39,False,True
YC21:2499,B37,2021,2,2,304,22,22,38,False,True
YC21:2500,PHR62,2021,2,2,446,0,22,37,False,False
YC21:2501,PH207,2021,2,2,515,21,22,36,True,True
YC21:2502,Os426,2021,2,2,438,16,22,35,False,True
YC21:2503,LH216,2021,2,2,426,13,22,34,False,True
YC21:2504,L 289,2021,2,2,329,19,22,33,False,True
YC21:2505,PH207,2021,2,2,514,23,22,32,True,True
YC21:2506,H105W,2021,2,2,313,16,22,31,False,True
YC21:2507,R229,2021,2,2,451,23,22,30,False,True
YC21:2508,LH204,2021,2,2,264,20,22,29,False,True
YC21:2509,B120,2021,2,2,300,14,22,28,False,True
YC21:2510,N542,2021,2,2,356,18,22,27,False,True
YC21:2511,R71,2021,2,2,452,30,22,26,False,True
YC21:2512,R227,2021,2,2,450,12,22,25,False,True
YC21:2513,MBST,2021,2,2,343,22,22,24,False,True
YC21:2514,WXB6,2021,2,2,466,2,22,23,False,False
YC21:2515,LH181,2021,2,2,332,22,22,22,False,True
YC21:2516,R78,2021,2,2,380,16,22,21,False,True
YC21:2517,INBRED 321,2021,2,2,325,20,22,20,False,True
YC21:2518,YONG 28,2021,2,2,287,2,22,19,False,False
YC21:2519,Pa875,2021,2,2,269,20,22,18,False,True
YC21:2520,Mo5,2021,2,2,494,23,22,17,False,True
