trajectory_id,genotype,replicate,year,source_row,plot_id,ambiguous_plot_mapping,unmapped_plot_metadata,n_slots,n_observed,n_plant_observed,in_common_genotypes,exclusion_reason,selected
2018:S3row187,B73,1,2018,187,,True,False,11,11,10,False,ambiguous_genotype_replicate_to_plot,False
2018:S3row188,B73,1,2018,188,,True,False,11,11,10,False,ambiguous_genotype_replicate_to_plot,False
2018:S3row189,B73,1,2018,189,,True,False,11,11,10,False,ambiguous_genotype_replicate_to_plot,False
2018:S3row190,B73,1,2018,190,,True,False,11,11,10,False,ambiguous_genotype_replicate_to_plot,False
2018:S3row191,B73,1,2018,191,,True,False,11,11,10,False,ambiguous_genotype_replicate_to_plot,False
2018:S3row192,B73,1,2018,192,,True,False,11,11,10,False,ambiguous_genotype_replicate_to_plot,False
2018:S3row193,B73,1,2018,193,,True,False,11,11,10,False,ambiguous_genotype_replicate_to_plot,False
2018:S3row194,B73,1,2018,194,,True,False,11,11,10,False,ambiguous_genotype_replicate_to_plot,False
2018:S3row195,B73,1,2018,195,,True,False,11,11,10,False,ambiguous_genotype_replicate_to_plot,False
2018:S3row196,B73,1,2018,196,,True,False,11,11,10,False,ambiguous_genotype_replicate_to_plot,False
2018:S3row197,B73,2,2018,197,,True,False,11,11,10,False,ambiguous_genotype_replicate_to_plot,False
2018:S3row198,B73,2,2018,198,,True,False,11,11,10,False,ambiguous_genotype_replicate_to_plot,False
2018:S3row199,B73,2,2018,199,,True,False,11,11,10,False,ambiguous_genotype_replicate_to_plot,False
2018:S3row200,B73,2,2018,200,,True,False,11,11,10,False,ambiguous_genotype_replicate_to_plot,False
2018:S3row201,B73,2,2018,201,,True,False,11,11,10,False,ambiguous_genotype_replicate_to_plot,False
2018:S3row202,B73,2,2018,202,,True,False,11,11,10,False,ambiguous_genotype_replicate_to_plot,False
2018:S3row203,B73,2,2018,203,,True,False,11,11,10,False,ambiguous_genotype_replicate_to_plot,False
2018:S3row204,B73,2,2018,204,,True,False,11,11,10,False,ambiguous_genotype_replicate_to_plot,False
2018:S3row205,B73,2,2018,205,,True,False,11,11,10,False,ambiguous_genotype_replicate_to_plot,False
2018:S3row206,B73,2,2018,206,,True,False,11,11,10,False,ambiguous_genotype_replicate_to_plot,False
2018:S3row645,ND259,1,2018,645,,True,False,11,11,10,False,ambiguous_genotype_replicate_to_plot,False
2018:S3row646,ND259,1,2018,646,,True,False,11,10,9,False,ambiguous_genotype_replicate_to_plot,False
2018:S3row647,ND259,2,2018,647,,True,False,11,10,9,False,ambiguous_genotype_replicate_to_plot,False
2018:S3row648,ND259,2,2018,648,,True,False,11,11,10,False,ambiguous_genotype_replicate_to_plot,False
2018:S3row709,PH207,1,2018,709,,True,False,11,9,8,False,ambiguous_genotype_replicate_to_plot,False
2018:S3row710,PH207,1,2018,710,,True,False,11,11,10,False,ambiguous_genotype_replicate_to_plot,False
2018:S3row711,PH207,1,2018,711,,True,False,11,9,8,False,ambiguous_genotype_replicate_to_plot,False
2018:S3row712,PH207,1,2018,712,,True,False,11,11,10,False,ambiguous_genotype_replicate_to_plot,False
2018:S3row713,PH207,1,2018,713,,True,False,11,11,10,False,ambiguous_genotype_replicate_to_plot,False
2018:S3row714,PH207,1,2018,714,,True,False,11,11,10,False,ambiguous_genotype_replicate_to_plot,False
2018:S3row715,PH207,1,2018,715,,True,False,11,11,10,False,ambiguous_genotype_replicate_to_plot,False
2018:S3row716,PH207,1,2018,716,,True,False,11,11,10,False,ambiguous_genotype_replicate_to_plot,False
2018:S3row717,PH207,1,2018,717,,True,False,11,11,10,False,ambiguous_genotype_replicate_to_plot,False
2018:S3row718,PH207,1,2018,718,,True,False,11,11,10,False,ambiguous_genotype_replicate_to_plot,False
2018:S3row719,PH207,2,2018,719,,True,False,11,11,10,False,ambiguous_genotype_replicate_to_plot,False
2018:S3row720,PH207,2,2018,720,,True,False,11,11,10,False,ambiguous_genotype_replicate_to_plot,False
2018:S3row721,PH207,2,2018,721,,True,False,11,11,10,False,ambiguous_genotype_replicate_to_plot,False
2018:S3row722,PH207,2,2018,722,,True,False,11,11,10,False,ambiguous_genotype_replicate_to_plot,False
2018:S3row723,PH207,2,2018,723,,True,False,11,11,10,False,ambiguous_genotype_replicate_to_plot,False
2018:S3row724,PH207,2,2018,724,,True,False,11,11,10,False,ambiguous_genotype_replicate_to_plot,False
2018:S3row725,PH207,2,2018,725,,True,False,11,11,10,False,ambiguous_genotype_replicate_to_plot,False
2018:S3row726,PH207,2,2018,726,,True,False,11,11,10,False,ambiguous_genotype_replicate_to_plot,False
2018:S3row727,PH207,2,2018,727,,True,False,11,11,10,False,ambiguous_genotype_replicate_to_plot,False
2018:S3row728,PH207,2,2018,728,,True,False,11,11,10,False,ambiguous_genotype_replicate_to_plot,False
2019:S3row187,B73,1,2019,187,,True,False,17,16,16,False,ambiguous_genotype_replicate_to_plot,False
2019:S3row188,B73,1,2019,188,,True,False,17,0,0,False,ambiguous_genotype_replicate_to_plot,False
2019:S3row189,B73,1,2019,189,,True,False,17,0,0,False,ambiguous_genotype_replicate_to_plot,False
2019:S3row190,B73,1,2019,190,,True,False,17,16,16,False,ambiguous_genotype_replicate_to_plot,False
2019:S3row191,B73,1,2019,191,,True,False,17,17,17,False,ambiguous_genotype_replicate_to_plot,False
2019:S3row192,B73,1,2019,192,,True,False,17,17,17,False,ambiguous_genotype_replicate_to_plot,False
2019:S3row193,B73,1,2019,193,,True,False,17,17,17,False,ambiguous_genotype_replicate_to_plot,False
2019:S3row194,B73,1,2019,194,,True,False,17,17,17,False,ambiguous_genotype_replicate_to_plot,False
2019:S3row195,B73,1,2019,195,,True,False,17,17,17,False,ambiguous_genotype_replicate_to_plot,False
2019:S3row196,B73,1,2019,196,,True,False,17,16,16,False,ambiguous_genotype_replicate_to_plot,False
2019:S3row197,B73,2,2019,197,,True,False,17,0,0,False,ambiguous_genotype_replicate_to_plot,False
2019:S3row198,B73,2,2019,198,,True,False,17,16,16,False,ambiguous_genotype_replicate_to_plot,False
2019:S3row199,B73,2,2019,199,,True,False,17,15,15,False,ambiguous_genotype_replicate_to_plot,False
2019:S3row200,B73,2,2019,200,,True,False,17,17,17,False,ambiguous_genotype_replicate_to_plot,False
2019:S3row201,B73,2,2019,201,,True,False,17,15,15,False,ambiguous_genotype_replicate_to_plot,False
2019:S3row202,B73,2,2019,202,,True,False,17,16,16,False,ambiguous_genotype_replicate_to_plot,False
2019:S3row203,B73,2,2019,203,,True,False,17,16,16,False,ambiguous_genotype_replicate_to_plot,False
2019:S3row204,B73,2,2019,204,,True,False,17,15,15,False,ambiguous_genotype_replicate_to_plot,False
2019:S3row205,B73,2,2019,205,,True,False,17,16,16,False,ambiguous_genotype_replicate_to_plot,False
2019:S3row206,B73,2,2019,206,,True,False,17,17,17,False,ambiguous_genotype_replicate_to_plot,False
2019:S3row645,ND259,1,2019,645,,True,False,17,16,16,False,ambiguous_genotype_replicate_to_plot,False
2019:S3row646,ND259,1,2019,646,,True,False,17,15,15,False,ambiguous_genotype_replicate_to_plot,False
2019:S3row647,ND259,2,2019,647,,True,False,17,15,15,False,ambiguous_genotype_replicate_to_plot,False
2019:S3row648,ND259,2,2019,648,,True,False,17,0,0,False,ambiguous_genotype_replicate_to_plot,False
2019:S3row709,PH207,1,2019,709,,True,False,17,16,16,False,ambiguous_genotype_replicate_to_plot,False
2019:S3row710,PH207,1,2019,710,,True,False,17,16,16,False,ambiguous_genotype_replicate_to_plot,False
2019:S3row711,PH207,1,2019,711,,True,False,17,17,17,False,ambiguous_genotype_replicate_to_plot,False
2019:S3row712,PH207,1,2019,712,,True,False,17,16,16,False,ambiguous_genotype_replicate_to_plot,False
2019:S3row713,PH207,1,2019,713,,True,False,17,0,0,False,ambiguous_genotype_replicate_to_plot,False
2019:S3row714,PH207,1,2019,714,,True,False,17,17,17,False,ambiguous_genotype_replicate_to_plot,False
2019:S3row715,PH207,1,2019,715,,True,False,17,15,15,False,ambiguous_genotype_replicate_to_plot,False
2019:S3row716,PH207,1,2019,716,,True,False,17,17,17,False,ambiguous_genotype_replicate_to_plot,False
2019:S3row717,PH207,1,2019,717,,True,False,17,17,17,False,ambiguous_genotype_replicate_to_plot,False
2019:S3row718,PH207,1,2019,718,,True,False,17,16,16,False,ambiguous_genotype_replicate_to_plot,False
2019:S3row719,PH207,2,2019,719,,True,False,17,17,17,False,ambiguous_genotype_replicate_to_plot,False
2019:S3row720,PH207,2,2019,720,,True,False,17,16,16,False,ambiguous_genotype_replicate_to_plot,False
2019:S3row721,PH207,2,2019,721,,True,False,17,16,16,False,ambiguous_genotype_replicate_to_plot,False
2019:S3row722,PH207,2,2019,722,,True,False,17,17,17,False,ambiguous_genotype_replicate_to_plot,False
2019:S3row723,PH207,2,2019,723,,True,False,17,16,16,False,ambiguous_genotype_replicate_to_plot,False
2019:S3row724,PH207,2,2019,724,,True,False,17,17,17,False,ambiguous_genotype_replicate_to_plot,False
2019:S3row725,PH207,2,2019,725,,True,False,17,17,17,False,ambiguous_genotype_replicate_to_plot,False
2019:S3row726,PH207,2,2019,726,,True,False,17,16,16,False,ambiguous_genotype_replicate_to_plot,False
2019:S3row727,PH207,2,2019,727,,True,False,17,17,17,False,ambiguous_genotype_replicate_to_plot,False
2019:S3row728,PH207,2,2019,728,,True,False,17,16,16,False,ambiguous_genotype_replicate_to_plot,False
2020:S3row187,B73,1,2020,187,,True,False,8,6,5,False,ambiguous_genotype_replicate_to_plot,False
2020:S3row188,B73,1,2020,188,,True,False,8,6,5,False,ambiguous_genotype_replicate_to_plot,False
2020:S3row189,B73,1,2020,189,,True,False,8,6,5,False,ambiguous_genotype_replicate_to_plot,False
2020:S3row190,B73,1,2020,190,,True,False,8,6,5,False,ambiguous_genotype_replicate_to_plot,False
2020:S3row191,B73,1,2020,191,,True,False,8,8,7,False,ambiguous_genotype_replicate_to_plot,False
2020:S3row192,B73,1,2020,192,,True,False,8,6,5,False,ambiguous_genotype_replicate_to_plot,False
2020:S3row193,B73,1,2020,193,,True,False,8,8,7,False,ambiguous_genotype_replicate_to_plot,False
2020:S3row194,B73,1,2020,194,,True,False,8,8,7,False,ambiguous_genotype_replicate_to_plot,False
2020:S3row195,B73,1,2020,195,,True,False,8,8,7,False,ambiguous_genotype_replicate_to_plot,False
2020:S3row196,B73,1,2020,196,,True,False,8,8,7,False,ambiguous_genotype_replicate_to_plot,False
2020:S3row197,B73,2,2020,197,,True,False,8,6,5,False,ambiguous_genotype_replicate_to_plot,False
2020:S3row198,B73,2,2020,198,,True,False,8,6,5,False,ambiguous_genotype_replicate_to_plot,False
2020:S3row199,B73,2,2020,199,,True,False,8,8,7,False,ambiguous_genotype_replicate_to_plot,False
2020:S3row200,B73,2,2020,200,,True,False,8,6,5,False,ambiguous_genotype_replicate_to_plot,False
2020:S3row201,B73,2,2020,201,,True,False,8,6,5,False,ambiguous_genotype_replicate_to_plot,False
2020:S3row202,B73,2,2020,202,,True,False,8,7,6,False,ambiguous_genotype_replicate_to_plot,False
2020:S3row203,B73,2,2020,203,,True,False,8,7,6,False,ambiguous_genotype_replicate_to_plot,False
2020:S3row204,B73,2,2020,204,,True,False,8,6,5,False,ambiguous_genotype_replicate_to_plot,False
2020:S3row205,B73,2,2020,205,,True,False,8,8,7,False,ambiguous_genotype_replicate_to_plot,False
2020:S3row206,B73,2,2020,206,,True,False,8,8,7,False,ambiguous_genotype_replicate_to_plot,False
2020:S3row431,LH132 - FILL B73,1,2020,431,,False,True,8,6,5,False,genotype_label_absent_from_plot_metadata,False
2020:S3row432,LH132 - FILL B73,2,2020,432,,False,True,8,8,7,False,genotype_label_absent_from_plot_metadata,False
2020:S3row645,ND259,1,2020,645,,True,False,8,7,6,False,ambiguous_genotype_replicate_to_plot,False
2020:S3row646,ND259,1,2020,646,,True,False,8,7,6,False,ambiguous_genotype_replicate_to_plot,False
2020:S3row647,ND259,2,2020,647,,True,False,8,8,7,False,ambiguous_genotype_replicate_to_plot,False
2020:S3row648,ND259,2,2020,648,,True,False,8,7,6,False,ambiguous_genotype_replicate_to_plot,False
2020:S3row709,PH207,1,2020,709,,True,False,8,7,6,False,ambiguous_genotype_replicate_to_plot,False
2020:S3row710,PH207,1,2020,710,,True,False,8,8,7,False,ambiguous_genotype_replicate_to_plot,False
2020:S3row711,PH207,1,2020,711,,True,False,8,7,6,False,ambiguous_genotype_replicate_to_plot,False
2020:S3row712,PH207,1,2020,712,,True,False,8,8,7,False,ambiguous_genotype_replicate_to_plot,False
2020:S3row713,PH207,1,2020,713,,True,False,8,6,5,False,ambiguous_genotype_replicate_to_plot,False
2020:S3row714,PH207,1,2020,714,,True,False,8,8,7,False,ambiguous_genotype_replicate_to_plot,False
2020:S3row715,PH207,1,2020,715,,True,False,8,6,5,False,ambiguous_genotype_replicate_to_plot,False
2020:S3row716,PH207,1,2020,716,,True,False,8,8,7,False,ambiguous_genotype_replicate_to_plot,False
2020:S3row717,PH207,1,2020,717,,True,False,8,6,5,False,ambiguous_genotype_replicate_to_plot,False
2020:S3row718,PH207,1,2020,718,,True,False,8,8,7,False,ambiguous_genotype_replicate_to_plot,False
2020:S3row719,PH207,2,2020,719,,True,False,8,8,7,False,ambiguous_genotype_replicate_to_plot,False
2020:S3row720,PH207,2,2020,720,,True,False,8,6,5,False,ambiguous_genotype_replicate_to_plot,False
2020:S3row721,PH207,2,2020,721,,True,False,8,7,6,False,ambiguous_genotype_replicate_to_plot,False
2020:S3row722,PH207,2,2020,722,,True,False,8,8,7,False,ambiguous_genotype_replicate_to_plot,False
2020:S3row723,PH207,2,2020,723,,True,False,8,6,5,False,ambiguous_genotype_replicate_to_plot,False
2020:S3row724,PH207,2,2020,724,,True,False,8,6,5,False,ambiguous_genotype_replicate_to_plot,False
2020:S3row725,PH207,2,2020,725,,True,False,8,6,5,False,ambiguous_genotype_replicate_to_plot,False
2020:S3row726,PH207,2,2020,726,,True,False,8,8,7,False,ambiguous_genotype_replicate_to_plot,False
2020:S3row727,PH207,2,2020,727,,True,False,8,8,7,False,ambiguous_genotype_replicate_to_plot,False
2020:S3row728,PH207,2,2020,728,,True,False,8,7,6,False,ambiguous_genotype_replicate_to_plot,False
2021:S3row187,B73,1,2021,187,,True,False,11,10,9,False,ambiguous_genotype_replicate_to_plot,False
2021:S3row188,B73,1,2021,188,,True,False,11,10,9,False,ambiguous_genotype_replicate_to_plot,False
2021:S3row189,B73,1,2021,189,,True,False,11,10,9,False,ambiguous_genotype_replicate_to_plot,False
2021:S3row190,B73,1,2021,190,,True,False,11,11,10,False,ambiguous_genotype_replicate_to_plot,False
2021:S3row191,B73,1,2021,191,,True,False,11,11,10,False,ambiguous_genotype_replicate_to_plot,False
2021:S3row192,B73,1,2021,192,,True,False,11,11,10,False,ambiguous_genotype_replicate_to_plot,False
2021:S3row193,B73,1,2021,193,,True,False,11,11,10,False,ambiguous_genotype_replicate_to_plot,False
2021:S3row194,B73,1,2021,194,,True,False,11,11,10,False,ambiguous_genotype_replicate_to_plot,False
2021:S3row195,B73,1,2021,195,,True,False,11,9,8,False,ambiguous_genotype_replicate_to_plot,False
2021:S3row196,B73,1,2021,196,,True,False,11,10,9,False,ambiguous_genotype_replicate_to_plot,False
2021:S3row197,B73,2,2021,197,,True,False,11,11,10,False,ambiguous_genotype_replicate_to_plot,False
2021:S3row198,B73,2,2021,198,,True,False,11,11,10,False,ambiguous_genotype_replicate_to_plot,False
2021:S3row199,B73,2,2021,199,,True,False,11,10,9,False,ambiguous_genotype_replicate_to_plot,False
2021:S3row200,B73,2,2021,200,,True,False,11,11,10,False,ambiguous_genotype_replicate_to_plot,False
2021:S3row201,B73,2,2021,201,,True,False,11,9,8,False,ambiguous_genotype_replicate_to_plot,False
2021:S3row202,B73,2,2021,202,,True,False,11,10,9,False,ambiguous_genotype_replicate_to_plot,False
2021:S3row203,B73,2,2021,203,,True,False,11,11,10,False,ambiguous_genotype_replicate_to_plot,False
2021:S3row204,B73,2,2021,204,,True,False,11,0,0,False,ambiguous_genotype_replicate_to_plot,False
2021:S3row205,B73,2,2021,205,,True,False,11,0,0,False,ambiguous_genotype_replicate_to_plot,False
2021:S3row206,B73,2,2021,206,,True,False,11,9,8,False,ambiguous_genotype_replicate_to_plot,False
2021:S3row431,LH132 - FILL B73,1,2021,431,,False,True,11,11,10,False,genotype_label_absent_from_plot_metadata,False
2021:S3row432,LH132 - FILL B73,2,2021,432,,False,True,11,11,10,False,genotype_label_absent_from_plot_metadata,False
2021:S3row645,ND259,1,2021,645,,True,False,11,11,10,False,ambiguous_genotype_replicate_to_plot,False
2021:S3row646,ND259,1,2021,646,,True,False,11,10,9,False,ambiguous_genotype_replicate_to_plot,False
2021:S3row647,ND259,2,2021,647,,True,False,11,11,10,False,ambiguous_genotype_replicate_to_plot,False
2021:S3row648,ND259,2,2021,648,,True,False,11,11,10,False,ambiguous_genotype_replicate_to_plot,False
2021:S3row709,PH207,1,2021,709,,True,False,11,11,10,False,ambiguous_genotype_replicate_to_plot,False
2021:S3row710,PH207,1,2021,710,,True,False,11,11,10,False,ambiguous_genotype_replicate_to_plot,False
2021:S3row711,PH207,1,2021,711,,True,False,11,11,10,False,ambiguous_genotype_replicate_to_plot,False
2021:S3row712,PH207,1,2021,712,,True,False,11,11,10,False,ambiguous_genotype_replicate_to_plot,False
2021:S3row713,PH207,1,2021,713,,True,False,11,11,10,False,ambiguous_genotype_replicate_to_plot,False
2021:S3row714,PH207,1,2021,714,,True,False,11,11,10,False,ambiguous_genotype_replicate_to_plot,False
2021:S3row715,PH207,1,2021,715,,True,False,11,11,10,False,ambiguous_genotype_replicate_to_plot,False
2021:S3row716,PH207,1,2021,716,,True,False,11,11,10,False,ambiguous_genotype_replicate_to_plot,False
2021:S3row717,PH207,1,2021,717,,True,False,11,11,10,False,ambiguous_genotype_replicate_to_plot,False
2021:S3row718,PH207,1,2021,718,,True,False,11,11,10,False,ambiguous_genotype_replicate_to_plot,False
2021:S3row719,PH207,2,2021,719,,True,False,11,11,10,False,ambiguous_genotype_replicate_to_plot,False
2021:S3row720,PH207,2,2021,720,,True,False,11,11,10,False,ambiguous_genotype_replicate_to_plot,False
2021:S3row721,PH207,2,2021,721,,True,False,11,11,10,False,ambiguous_genotype_replicate_to_plot,False
2021:S3row722,PH207,2,2021,722,,True,False,11,9,8,False,ambiguous_genotype_replicate_to_plot,False
2021:S3row723,PH207,2,2021,723,,True,False,11,11,10,False,ambiguous_genotype_replicate_to_plot,False
2021:S3row724,PH207,2,2021,724,,True,False,11,11,10,False,ambiguous_genotype_replicate_to_plot,False
2021:S3row725,PH207,2,2021,725,,True,False,11,11,10,False,ambiguous_genotype_replicate_to_plot,False
2021:S3row726,PH207,2,2021,726,,True,False,11,11,10,False,ambiguous_genotype_replicate_to_plot,False
2021:S3row727,PH207,2,2021,727,,True,False,11,11,10,False,ambiguous_genotype_replicate_to_plot,False
2021:S3row728,PH207,2,2021,728,,True,False,11,11,10,False,ambiguous_genotype_replicate_to_plot,False
YC18:1001,A663,1,2018,109,YC18:1001,False,False,11,9,8,True,,True
YC18:1002,2369,1,2018,17,YC18:1002,False,False,11,9,8,True,,True
YC18:1003,A648,1,2018,103,YC18:1003,False,False,11,9,8,True,,True
YC18:1004,PHR30,1,2018,819,YC18:1004,False,False,11,11,10,True,,True
YC18:1005,OQ403,1,2018,685,YC18:1005,False,False,11,9,8,True,,True
YC18:1006,FBLA,1,2018,309,YC18:1006,False,False,11,9,8,True,,True
YC18:1007,LH146Ht,1,2018,437,YC18:1007,False,False,11,9,8,True,,True
YC18:1009,912,1,2018,13,YC18:1009,False,False,11,9,8,True,,True
YC18:1010,PHGW7,1,2018,759,YC18:1010,False,False,11,9,8,True,,True
YC18:1011,PHB47,1,2018,731,YC18:1011,False,False,11,11,10,True,,True
YC18:1012,CH9,1,2018,249,YC18:1012,False,False,11,11,10,True,,True
YC18:1013,LP5,1,2018,529,YC18:1013,False,False,11,11,10,True,,True
YC18:1014,A374,1,2018,77,YC18:1014,False,False,11,11,10,True,,True
YC18:1015,A679,1,2018,115,YC18:1015,False,False,11,11,10,True,,True
YC18:1016,PHW03,1,2018,859,YC18:1016,False,False,11,11,10,True,,True
YC18:1017,A258,1,2018,63,YC18:1017,False,False,11,11,10,True,,True
YC18:1018,A71,1,2018,121,YC18:1018,False,False,11,11,10,True,,True
YC18:1019,NQ508,1,2018,661,YC18:1019,False,False,11,9,8,True,,True
YC18:1020,W701BC,1,2018,987,YC18:1020,False,False,11,11,10,True,,True
YC18:1021,W153R,1,2018,947,YC18:1021,False,False,11,9,8,True,,True
YC18:1022,DK78002A,1,2018,283,YC18:1022,False,False,11,9,8,True,,True
YC18:1023,MS211,1,2018,567,YC18:1023,False,False,11,9,8,True,,True
YC18:1024,Q381,1,2018,885,YC18:1024,False,False,11,9,8,True,,True
YC18:1025,SD44,1,2018,915,YC18:1025,False,False,11,11,10,True,,True
YC18:1026,A208,1,2018,59,YC18:1026,False,False,11,11,10,True,,True
YC18:1027,A649,1,2018,105,YC18:1027,False,False,11,9,8,True,,True
YC18:1028,EAST 028,1,2018,301,YC18:1028,False,False,11,11,10,True,,True
YC18:1029,LH57,1,2018,507,YC18:1029,False,False,11,0,0,False,no_published_clean_observations,False
YC18:1030,MS225,1,2018,573,YC18:1030,False,False,11,9,8,True,,True
YC18:1031,A239,1,2018,61,YC18:1031,False,False,11,11,10,True,,True
YC18:1032,PHKE6,1,2018,791,YC18:1032,False,False,11,11,10,True,,True
YC18:1033,PHJ90,1,2018,773,YC18:1033,False,False,11,9,8,True,,True
YC18:1034,2FACC,1,2018,25,YC18:1034,False,False,11,9,8,True,,True
YC18:1035,MS200,1,2018,565,YC18:1035,False,False,11,9,8,True,,True
YC18:1036,MS72,1,2018,583,YC18:1036,False,False,11,11,10,True,,True
YC18:1037,B-18 INBR.FR.SUPERGOLD,1,2018,133,YC18:1037,False,False,11,11,10,True,,True
YC18:1038,W604S,1,2018,967,YC18:1038,False,False,11,9,8,True,,True
YC18:1039,PHP55,1,2018,809,YC18:1039,False,False,11,9,8,True,,True
YC18:1040,PHHV4,1,2018,765,YC18:1040,False,False,11,11,10,True,,True
YC18:1041,PHVA9,1,2018,855,YC18:1041,False,False,11,9,8,True,,True
YC18:1042,A272,1,2018,65,YC18:1042,False,False,11,9,8,True,,True
YC18:1043,LIBC 4,1,2018,523,YC18:1043,False,False,11,9,8,True,,True
YC18:1044,LH165,1,2018,441,YC18:1044,False,False,11,9,8,True,,True
YC18:1045,LH202,1,2018,471,YC18:1045,False,False,11,11,10,True,,True
YC18:1046,DKPB80,1,2018,297,YC18:1046,False,False,11,11,10,True,,True
YC18:1047,A627,1,2018,93,YC18:1047,False,False,11,9,8,True,,True
YC18:1048,C103,1,2018,233,YC18:1048,False,False,11,0,0,True,no_published_clean_observations,False
YC18:1049,LH54,1,2018,505,YC18:1049,False,False,11,11,10,False,genotype_not_observed_in_all_4_years,False
YC18:1050,MEF156-55-2,1,2018,539,YC18:1050,False,False,11,9,8,True,,True
YC18:1051,N201,1,2018,593,YC18:1051,False,False,11,11,10,True,,True
YC18:1052,Va99,1,2018,941,YC18:1052,False,False,11,9,8,True,,True
YC18:1053,DK78010,1,2018,285,YC18:1053,False,False,11,9,8,True,,True
YC18:1054,N197,1,2018,589,YC18:1054,False,False,11,0,0,False,no_published_clean_observations,False
YC18:1055,W603S,1,2018,965,YC18:1055,False,False,11,9,8,True,,True
YC18:1056,IBB14,1,2018,359,YC18:1056,False,False,11,10,9,True,,True
YC18:1057,B76,1,2018,209,YC18:1057,False,False,11,11,10,True,,True
YC18:1058,B115,1,2018,155,YC18:1058,False,False,11,9,8,True,,True
YC18:1059,792,1,2018,7,YC18:1059,False,False,11,0,0,False,no_published_clean_observations,False
YC18:1060,OH33,1,2018,677,YC18:1060,False,False,11,9,8,True,,True
YC18:1061,MS132,1,2018,559,YC18:1061,False,False,11,11,10,True,,True
YC18:1062,AS6103,1,2018,129,YC18:1062,False,False,11,9,8,True,,True
YC18:1063,A385,1,2018,79,YC18:1063,False,False,11,11,10,True,,True
YC18:1064,PHW80,1,2018,877,YC18:1064,False,False,11,11,10,True,,True
YC18:1065,LH143 (Maintainer),1,2018,433,YC18:1065,False,False,11,9,8,True,,True
YC18:1066,W614S,1,2018,983,YC18:1066,False,False,11,9,8,True,,True
YC18:1067,A641,1,2018,101,YC18:1067,False,False,11,10,9,True,,True
YC18:1068,1538,1,2018,15,YC18:1068,False,False,11,10,9,True,,True
YC18:1069,PHG29,1,2018,741,YC18:1069,False,False,11,9,8,True,,True
YC18:1070,FC46,1,2018,311,YC18:1070,False,False,11,0,0,False,no_published_clean_observations,False
YC18:1071,PHB09,1,2018,729,YC18:1071,False,False,11,11,10,True,,True
YC18:1072,PHW17,1,2018,861,YC18:1072,False,False,11,9,8,True,,True
YC18:1073,LH184,1,2018,449,YC18:1073,False,False,11,11,10,True,,True
YC18:1074,LH61,1,2018,513,YC18:1074,False,False,11,9,8,True,,True
YC18:1075,L 155,1,2018,419,YC18:1075,False,False,11,11,10,True,,True
YC18:1076,N193,1,2018,587,YC18:1076,False,False,11,11,10,True,,True
YC18:1077,LH222,1,2018,493,YC18:1077,False,False,11,9,8,True,,True
YC18:1078,91IFC2,1,2018,55,YC18:1078,False,False,11,9,8,True,,True
YC18:1079,A634,1,2018,97,YC18:1079,False,False,11,9,8,True,,True
YC18:1080,LH166,1,2018,443,YC18:1080,False,False,11,9,8,True,,True
YC18:1081,PHP76,1,2018,811,YC18:1081,False,False,11,11,10,True,,True
YC18:1083,MS1334,1,2018,561,YC18:1083,False,False,11,9,8,False,genotype_not_observed_in_all_4_years,False
YC18:1084,AQA3,1,2018,127,YC18:1084,False,False,11,11,10,True,,True
YC18:1085,A340,1,2018,75,YC18:1085,False,False,11,11,10,True,,True
YC18:1086,Pa392,1,2018,695,YC18:1086,False,False,11,11,10,True,,True
YC18:1087,PHK76,1,2018,787,YC18:1087,False,False,11,0,0,False,no_published_clean_observations,False
YC18:1088,LH127,1,2018,427,YC18:1088,False,False,11,9,8,False,genotype_not_observed_in_all_4_years,False
YC18:1089,W117Ht,1,2018,945,YC18:1089,False,False,11,9,8,True,,True
YC18:1090,29MIBZ2,1,2018,23,YC18:1090,False,False,11,11,10,True,,True
YC18:1091,A635,1,2018,99,YC18:1091,False,False,11,9,8,True,,True
YC18:1092,ICI 740,1,2018,369,YC18:1092,False,False,11,9,8,True,,True
YC18:1093,NS501,1,2018,663,YC18:1093,False,False,11,9,8,True,,True
YC18:1094,W64A,1,2018,985,YC18:1094,False,False,11,11,10,True,,True
YC18:1096,PHV37,1,2018,847,YC18:1096,False,False,11,11,10,True,,True
YC18:1097,LH223,1,2018,495,YC18:1097,False,False,11,9,8,True,,True
YC18:1098,Oh40B,1,2018,679,YC18:1098,False,False,11,11,10,True,,True
YC18:1099,N192,1,2018,585,YC18:1099,False,False,11,11,10,True,,True
YC18:1100,CA-4,1,2018,237,YC18:1100,False,False,11,9,8,True,,True
YC18:1101,CH711-10,1,2018,245,YC18:1101,False,False,11,9,8,True,,True
YC18:1102,PHVJ4,1,2018,857,YC18:1102,False,False,11,11,10,False,genotype_not_observed_in_all_4_years,False
YC18:1103,LH149,1,2018,439,YC18:1103,False,False,11,11,10,True,,True
YC18:1104,I29,1,2018,353,YC18:1104,False,False,11,11,10,True,,True
YC18:1105,NC262,1,2018,625,YC18:1105,False,False,11,9,8,True,,True
YC18:1106,MS153,1,2018,563,YC18:1106,False,False,11,11,10,True,,True
YC18:1107,SD102,1,2018,909,YC18:1107,False,False,11,11,10,True,,True
YC18:1108,B91,1,2018,223,YC18:1108,False,False,11,10,9,True,,True
YC18:1109,IA2132,1,2018,357,YC18:1109,False,False,11,9,8,True,,True
YC18:1112,R113,1,2018,887,YC18:1112,False,False,11,9,8,False,genotype_not_observed_in_all_4_years,False
YC18:1113,Va52,1,2018,937,YC18:1113,False,False,11,11,10,True,,True
YC18:1114,LH38,1,2018,503,YC18:1114,False,False,11,9,8,False,genotype_not_observed_in_all_4_years,False
YC18:1115,WR3,1,2018,1025,YC18:1115,False,False,11,9,8,True,,True
YC18:1116,A427,1,2018,83,YC18:1116,False,False,11,11,10,True,,True
YC18:1117,W182E,1,2018,949,YC18:1117,False,False,11,11,10,False,genotype_not_observed_in_all_4_years,False
YC18:1118,ND247,1,2018,643,YC18:1118,False,False,11,9,8,True,,True
YC18:1119,LH206,1,2018,477,YC18:1119,False,False,11,11,10,True,,True
YC18:1120,4F-306 108,1,2018,39,YC18:1120,False,False,11,9,8,True,,True
YC18:1121,DK3IIH6,1,2018,279,YC18:1121,False,False,11,11,10,True,,True
YC18:1122,PHG47,1,2018,745,YC18:1122,False,False,11,9,8,True,,True
YC18:1123,DK4676A,1,2018,281,YC18:1123,False,False,11,9,8,True,,True
YC18:1124,LH119,1,2018,425,YC18:1124,False,False,11,11,10,True,,True
YC18:1125,BO9,1,2018,231,YC18:1125,False,False,11,9,8,True,,True
YC18:1126,ICI581,1,2018,375,YC18:1126,False,False,11,11,10,False,genotype_not_observed_in_all_4_years,False
YC18:1127,A305,1,2018,67,YC18:1127,False,False,11,11,10,True,,True
YC18:1128,ZS635,1,2018,1041,YC18:1128,False,False,11,11,10,True,,True
YC18:1129,LH74,1,2018,517,YC18:1129,False,False,11,9,8,True,,True
YC18:1130,Os420,1,2018,689,YC18:1130,False,False,11,11,10,True,,True
YC18:1131,LH93,1,2018,521,YC18:1131,False,False,11,9,8,True,,True
YC18:1132,CH157,1,2018,241,YC18:1132,False,False,11,11,10,True,,True
YC18:1133,ICI 441,1,2018,367,YC18:1133,False,False,11,9,8,False,genotype_not_observed_in_all_4_years,False
YC18:1134,A680,1,2018,117,YC18:1134,False,False,11,11,10,True,,True
YC18:1135,LH295,1,2018,501,YC18:1135,False,False,11,10,9,True,,True
YC18:1136,A548,1,2018,85,YC18:1136,False,False,11,9,8,True,,True
YC18:1137,PHW86,1,2018,879,YC18:1137,False,False,11,9,8,True,,True
YC18:1138,Ny821,1,2018,673,YC18:1138,False,False,11,9,8,True,,True
YC18:1139,PHW20,1,2018,863,YC18:1139,False,False,11,9,8,True,,True
YC18:1140,W613S,1,2018,981,YC18:1140,False,False,11,9,8,False,genotype_not_observed_in_all_4_years,False
YC18:1141,N6,1,2018,619,YC18:1141,False,False,11,9,8,True,,True
YC18:1142,B107,1,2018,143,YC18:1142,False,False,11,0,0,True,no_published_clean_observations,False
YC18:1143,L 139,1,2018,417,YC18:1143,False,False,11,9,8,True,,True
YC18:1144,CI 40H,1,2018,251,YC18:1144,False,False,11,9,8,True,,True
YC18:1145,A556,1,2018,87,YC18:1145,False,False,11,11,10,True,,True
YC18:1146,4226,1,2018,19,YC18:1146,False,False,11,11,10,True,,True
YC18:1147,LH82,1,2018,519,YC18:1147,False,False,11,11,10,True,,True
YC18:1148,PHBA6,1,2018,733,YC18:1148,False,False,11,11,10,True,,True
YC18:1149,C123,1,2018,235,YC18:1149,False,False,11,9,8,True,,True
YC18:1150,G80,1,2018,315,YC18:1150,False,False,11,11,10,True,,True
YC18:1151,W602S,1,2018,963,YC18:1151,False,False,11,9,8,False,genotype_not_observed_in_all_4_years,False
YC18:1152,B103,1,2018,137,YC18:1152,False,False,11,11,10,True,,True
YC18:1153,CS405,1,2018,267,YC18:1153,False,False,11,11,10,True,,True
YC18:1154,CM105,1,2018,253,YC18:1154,False,False,11,11,10,True,,True
YC18:1156,Mo17,1,2018,545,YC18:1156,False,False,11,9,8,False,genotype_not_observed_in_all_4_years,False
YC18:1158,PHK74,1,2018,785,YC18:1158,False,False,11,11,10,True,,True
YC18:1159,CR14,1,2018,263,YC18:1159,False,False,11,0,0,False,no_published_clean_observations,False
YC18:1160,A674,1,2018,113,YC18:1160,False,False,11,11,10,True,,True
YC18:1161,SD101,1,2018,907,YC18:1161,False,False,11,11,10,True,,True
YC18:1162,Oh43,1,2018,681,YC18:1162,False,False,11,11,10,True,,True
YC18:1163,PHH93,1,2018,761,YC18:1163,False,False,11,11,10,True,,True
YC18:1164,6F629,1,2018,45,YC18:1164,False,False,11,9,8,True,,True
YC18:1165,PHP02,1,2018,807,YC18:1165,False,False,11,11,10,True,,True
YC18:1166,A672,1,2018,111,YC18:1166,False,False,11,9,8,True,,True
YC18:1167,PHG50,1,2018,747,YC18:1167,False,False,11,9,8,True,,True
YC18:1168,PHN82,1,2018,805,YC18:1168,False,False,11,9,8,False,genotype_not_observed_in_all_4_years,False
YC18:1169,T242,1,2018,921,YC18:1169,False,False,11,9,8,True,,True
YC18:1170,PHJR5,1,2018,775,YC18:1170,False,False,11,9,8,True,,True
YC18:1171,CR 22 INBRED,1,2018,261,YC18:1171,False,False,11,11,10,True,,True
YC18:1172,PHV57,1,2018,849,YC18:1172,False,False,11,11,10,True,,True
YC18:1173,ML606,1,2018,541,YC18:1173,False,False,11,9,8,True,,True
YC18:1174,ICI 893,1,2018,371,YC18:1174,False,False,11,9,8,True,,True
YC18:1175,911,1,2018,11,YC18:1175,False,False,11,9,8,True,,True
YC18:1176,L 135,1,2018,415,YC18:1176,False,False,11,11,10,True,,True
YC18:1177,DKFAPW,1,2018,289,YC18:1177,False,False,11,11,10,True,,True
YC18:1178,CH753-4,1,2018,247,YC18:1178,False,False,11,9,8,False,genotype_not_observed_in_all_4_years,False
YC18:1179,790,1,2018,5,YC18:1179,False,False,11,9,8,True,,True
YC18:1180,DKIB014,1,2018,293,YC18:1180,False,False,11,0,0,False,no_published_clean_observations,False
YC18:1181,Ia 453,1,2018,355,YC18:1181,False,False,11,11,10,True,,True
YC18:1182,PHK42,1,2018,781,YC18:1182,False,False,11,9,8,True,,True
YC18:1183,A572,1,2018,89,YC18:1183,False,False,11,11,10,True,,True
YC18:1185,PHG86,1,2018,757,YC18:1185,False,False,11,11,10,True,,True
YC18:1186,LH209,1,2018,481,YC18:1186,False,False,11,11,10,True,,True
YC18:1187,CR1HT,1,2018,265,YC18:1187,False,False,11,0,0,False,no_published_clean_observations,False
YC18:1188,W612S,1,2018,979,YC18:1188,False,False,11,9,8,True,,True
YC18:1189,3IJI1,1,2018,35,YC18:1189,False,False,11,9,8,True,,True
YC18:1190,B87,1,2018,219,YC18:1190,False,False,11,11,10,True,,True
YC18:1191,NK807,1,2018,655,YC18:1191,False,False,11,9,8,True,,True
YC18:1192,PHR36,1,2018,823,YC18:1192,False,False,11,9,8,True,,True
YC18:1193,PHR63,1,2018,833,YC18:1193,False,False,11,9,8,True,,True
YC18:1194,W9,1,2018,1015,YC18:1194,False,False,11,9,8,True,,True
YC18:1195,H99,1,2018,343,YC18:1195,False,False,11,10,9,True,,True
YC18:1196,R181B,1,2018,893,YC18:1196,False,False,11,9,8,True,,True
YC18:1197,ICI 193,1,2018,365,YC18:1197,False,False,11,10,9,True,,True
YC18:1198,ICI 986,1,2018,373,YC18:1198,False,False,11,9,8,True,,True
YC18:1199,ND265,1,2018,649,YC18:1199,False,False,11,11,10,True,,True
YC18:1200,BEI 10 = NORTH 10,1,2018,229,YC18:1200,False,False,11,11,10,True,,True
YC18:1201,DE4,1,2018,273,YC18:1201,False,False,11,11,10,True,,True
YC18:1203,A334,1,2018,73,YC18:1203,False,False,11,11,10,True,,True
YC18:1204,Pa405,1,2018,697,YC18:1204,False,False,11,9,8,True,,True
YC18:1205,NORTH 7,1,2018,659,YC18:1205,False,False,11,9,8,True,,True
YC18:1206,SD40,1,2018,913,YC18:1206,False,False,11,11,10,True,,True
YC18:1207,PHJ89,1,2018,771,YC18:1207,False,False,11,9,8,True,,True
YC18:1208,W605S,1,2018,969,YC18:1208,False,False,11,11,10,True,,True
YC18:1209,LH172,1,2018,445,YC18:1209,False,False,11,9,8,True,,True
YC18:1210,PHN66,1,2018,803,YC18:1210,False,False,11,11,10,True,,True
YC18:1211,Mo47,1,2018,551,YC18:1211,False,False,11,9,8,True,,True
YC18:1212,Lp215D,1,2018,527,YC18:1212,False,False,11,9,8,True,,True
YC18:1213,PHN11,1,2018,795,YC18:1213,False,False,11,11,10,True,,True
YC18:1214,DKMBNA,1,2018,295,YC18:1214,False,False,11,9,8,True,,True
YC18:1215,LH132 - FILL B73,1,2018,431,YC18:1215,False,False,11,11,10,False,genotype_not_observed_in_all_4_years,False
YC18:1216,PHG72,1,2018,751,YC18:1216,False,False,11,11,10,True,,True
YC18:1217,INBRED 2-687,1,2018,391,YC18:1217,False,False,11,9,8,True,,True
YC18:1218,A632,1,2018,95,YC18:1218,False,False,11,9,8,True,,True
YC18:1219,Eng-Li Chih,1,2018,303,YC18:1219,False,False,11,11,10,True,,True
YC18:1220,LH145,1,2018,435,YC18:1220,False,False,11,9,8,True,,True
YC18:1221,A401,1,2018,81,YC18:1221,False,False,11,9,8,False,genotype_not_observed_in_all_4_years,False
YC18:1222,PHBW8,1,2018,737,YC18:1222,False,False,11,9,8,True,,True
YC18:1223,MS224,1,2018,571,YC18:1223,False,False,11,11,10,True,,True
YC18:1224,OQ603,1,2018,687,YC18:1224,False,False,11,11,10,True,,True
YC18:1225,IBC2,1,2018,363,YC18:1225,False,False,11,11,10,True,,True
YC18:1226,A682,1,2018,119,YC18:1226,False,False,11,9,8,True,,True
YC18:1227,PHTM9,1,2018,845,YC18:1227,False,False,11,11,10,True,,True
YC18:1228,W552,1,2018,961,YC18:1228,False,False,11,10,9,True,,True
YC18:1229,2FADB,1,2018,27,YC18:1229,False,False,11,9,8,True,,True
YC18:1230,NK778,1,2018,653,YC18:1230,False,False,11,9,8,True,,True
YC18:1231,L 127,1,2018,413,YC18:1231,False,False,11,9,8,True,,True
YC18:1232,A73,1,2018,123,YC18:1232,False,False,11,11,10,True,,True
YC18:1233,78010,1,2018,21,YC18:1233,False,False,11,9,8,True,,True
YC18:1234,H42,1,2018,329,YC18:1234,False,False,11,9,8,True,,True
YC18:1235,MS116,1,2018,557,YC18:1235,False,False,11,11,10,True,,True
YC18:1236,2MA22,1,2018,29,YC18:1236,False,False,11,11,10,True,,True
YC18:1237,LH198,1,2018,467,YC18:1237,False,False,11,11,10,True,,True
YC18:1238,DJ7,1,2018,277,YC18:1238,False,False,11,11,10,True,,True
YC18:1239,PHT69,1,2018,843,YC18:1239,False,False,11,9,8,False,genotype_not_observed_in_all_4_years,False
YC18:1240,SD107,1,2018,911,YC18:1240,False,False,11,9,8,True,,True
YC18:1241,MS71,1,2018,581,YC18:1241,False,False,11,11,10,True,,True
YC18:1242,A322,1,2018,71,YC18:1242,False,False,11,11,10,True,,True
YC18:1243,B114,1,2018,153,YC18:1243,False,False,11,9,8,True,,True
YC18:1244,NY 159 (Neveh Yaar),1,2018,667,YC18:1244,False,False,11,9,8,False,genotype_not_observed_in_all_4_years,False
YC18:1245,OS602,1,2018,693,YC18:1245,False,False,11,9,8,True,,True
YC18:1246,A659,1,2018,107,YC18:1246,False,False,11,11,10,True,,True
YC18:1247,PHG80,1,2018,753,YC18:1247,False,False,11,11,10,True,,True
YC18:1248,IBB15,1,2018,361,YC18:1248,False,False,11,9,8,True,,True
YC18:1249,B-28,1,2018,135,YC18:1249,False,False,11,11,10,True,,True
YC18:1250,PHG71,1,2018,749,YC18:1250,False,False,11,11,10,True,,True
YC18:1251,764,1,2018,3,YC18:1251,False,False,11,11,10,True,,True
YC18:1252,W8304,1,2018,1013,YC18:1252,False,False,11,11,10,True,,True
YC18:1253,NC310,1,2018,631,YC18:1253,False,False,11,11,10,True,,True
YC18:1255,PHW30,1,2018,865,YC18:1255,False,False,11,11,10,True,,True
YC18:1256,B85,1,2018,217,YC18:1256,False,False,11,11,10,True,,True
YC18:1257,MQ305,1,2018,555,YC18:1257,False,False,11,11,10,True,,True
YC18:1258,MS226,1,2018,575,YC18:1258,False,False,11,11,10,True,,True
YC18:1259,793,1,2018,9,YC18:1259,False,False,11,11,10,True,,True
YC18:1260,DKFBHJ,1,2018,291,YC18:1260,False,False,11,10,9,True,,True
YC18:1261,LH60,1,2018,511,YC18:1261,False,False,11,10,9,True,,True
YC18:1262,Va102,1,2018,927,YC18:1262,False,False,11,0,0,False,no_published_clean_observations,False
YC18:1263,B47,1,2018,175,YC18:1263,False,False,11,11,10,False,genotype_not_observed_in_all_4_years,False
YC18:1264,LH192,1,2018,457,YC18:1264,False,False,11,11,10,True,,True
YC18:1265,W611S,1,2018,977,YC18:1265,False,False,11,9,8,False,genotype_not_observed_in_all_4_years,False
YC18:1266,N211,1,2018,597,YC18:1266,False,False,11,11,10,True,,True
YC18:1267,PHW43,1,2018,867,YC18:1267,False,False,11,0,0,False,no_published_clean_observations,False
YC18:1268,DE2,1,2018,269,YC18:1268,False,False,11,9,8,True,,True
YC18:1269,W606S,1,2018,971,YC18:1269,False,False,11,9,8,False,genotype_not_observed_in_all_4_years,False
YC18:1270,PHR03,1,2018,817,YC18:1270,False,False,11,9,8,True,,True
YC18:1271,N501,1,2018,609,YC18:1271,False,False,11,9,8,True,,True
YC18:1272,B68,1,2018,183,YC18:1272,False,False,11,9,8,True,,True
YC18:1273,LH215,1,2018,489,YC18:1273,False,False,11,10,9,True,,True
YC18:1274,PHK29,1,2018,777,YC18:1274,False,False,11,9,8,False,genotype_not_observed_in_all_4_years,False
YC18:1275,J8606,1,2018,401,YC18:1275,False,False,11,0,0,False,no_published_clean_observations,False
YC18:1276,Oh7,1,2018,683,YC18:1276,False,False,11,9,8,True,,True
YC18:1277,Va22,1,2018,931,YC18:1277,False,False,11,9,8,False,genotype_not_observed_in_all_4_years,False
YC18:1278,B46,1,2018,173,YC18:1278,False,False,11,9,8,True,,True
YC18:1279,F2834T,1,2018,307,YC18:1279,False,False,11,11,10,True,,True
YC18:1280,LH128,1,2018,429,YC18:1280,False,False,11,11,10,True,,True
YC18:1281,MM501D,1,2018,543,YC18:1281,False,False,11,0,0,True,no_published_clean_observations,False
YC18:1282,YONG 28,1,2018,1035,YC18:1282,False,False,11,9,8,False,genotype_not_observed_in_all_4_years,False
YC18:1283,R227,1,2018,897,YC18:1283,False,False,11,11,10,True,,True
YC18:1284,NC368,1,2018,639,YC18:1284,False,False,11,10,9,True,,True
YC18:1285,NC328,1,2018,635,YC18:1285,False,False,11,9,8,True,,True
YC18:1286,NY 166 (Neveh Yaar),1,2018,669,YC18:1286,False,False,11,9,8,True,,True
YC18:1287,Tr,1,2018,923,YC18:1287,False,False,11,11,10,True,,True
YC18:1288,W809G,1,2018,991,YC18:1288,False,False,11,10,9,True,,True
YC18:1289,H71,1,2018,333,YC18:1289,False,False,11,10,9,True,,True
YC18:1290,F118,1,2018,305,YC18:1290,False,False,11,10,9,True,,True
YC18:1291,Pa91,1,2018,707,YC18:1291,False,False,11,9,8,True,,True
YC18:1292,CG102,1,2018,239,YC18:1292,False,False,11,9,8,True,,True
YC18:1293,B108,1,2018,145,YC18:1293,False,False,11,9,8,True,,True
YC18:1294,B97,1,2018,225,YC18:1294,False,False,11,9,8,True,,True
YC18:1295,LH195,1,2018,463,YC18:1295,False,False,11,11,10,True,,True
YC18:1296,PHJ33,1,2018,767,YC18:1296,False,False,11,10,9,False,genotype_not_observed_in_all_4_years,False
YC18:1298,PHN46,1,2018,801,YC18:1298,False,False,11,11,10,False,genotype_not_observed_in_all_4_years,False
YC18:1299,A797NW,1,2018,125,YC18:1299,False,False,11,11,10,False,genotype_not_observed_in_all_4_years,False
YC18:1300,PHW53,1,2018,871,YC18:1300,False,False,11,11,10,True,,True
YC18:1301,LH65,1,2018,515,YC18:1301,False,False,11,10,9,False,genotype_not_observed_in_all_4_years,False
YC18:1302,PHEG9,1,2018,739,YC18:1302,False,False,11,10,9,False,genotype_not_observed_in_all_4_years,False
YC18:1303,B65,1,2018,179,YC18:1303,False,False,11,11,10,True,,True
YC18:1304,NY6371,1,2018,671,YC18:1304,False,False,11,9,8,True,,True
YC18:1305,ZS365,1,2018,1039,YC18:1305,False,False,11,11,10,False,genotype_not_observed_in_all_4_years,False
YC18:1306,Pa762,1,2018,699,YC18:1306,False,False,11,9,8,True,,True
YC18:1307,LP1 NR HT,1,2018,525,YC18:1307,False,False,11,11,10,True,,True
YC18:1308,N215,1,2018,599,YC18:1308,False,False,11,0,0,False,no_published_clean_observations,False
YC18:1309,Mo46,1,2018,549,YC18:1309,False,False,11,9,8,True,,True
YC18:1310,IDS69,1,2018,379,YC18:1310,False,False,11,9,8,True,,True
YC18:1311,WIL901,1,2018,1021,YC18:1311,False,False,11,9,8,False,genotype_not_observed_in_all_4_years,False
YC18:1312,W803G,1,2018,989,YC18:1312,False,False,11,9,8,False,genotype_not_observed_in_all_4_years,False
YC18:1314,W610S,1,2018,975,YC18:1314,False,False,11,11,10,True,,True
YC18:1315,B111,1,2018,151,YC18:1315,False,False,11,11,10,True,,True
YC18:1316,LH197,1,2018,465,YC18:1316,False,False,11,11,10,True,,True
YC18:1317,LH193,1,2018,459,YC18:1317,False,False,11,0,0,False,no_published_clean_observations,False
YC18:1318,INBRED 109,1,2018,387,YC18:1318,False,False,11,9,8,False,genotype_not_observed_in_all_4_years,False
YC18:1319,Va59,1,2018,939,YC18:1319,False,False,11,9,8,True,,True
YC18:1320,B121,1,2018,161,YC18:1320,False,False,11,11,10,True,,True
YC18:1321,PHR31,1,2018,821,YC18:1321,False,False,11,11,10,True,,True
YC18:1322,NC250,1,2018,623,YC18:1322,False,False,11,10,9,False,genotype_not_observed_in_all_4_years,False
YC18:1323,DE811,1,2018,275,YC18:1323,False,False,11,9,8,True,,True
YC18:1324,PHM10,1,2018,793,YC18:1324,False,False,11,11,10,True,,True
YC18:1325,MS24A,1,2018,577,YC18:1325,False,False,11,11,10,True,,True
YC18:1326,NC294,1,2018,629,YC18:1326,False,False,11,11,10,True,,True
YC18:1327,NC342,1,2018,637,YC18:1327,False,False,11,9,8,False,genotype_not_observed_in_all_4_years,False
YC18:1328,LH213,1,2018,485,YC18:1328,False,False,11,9,8,True,,True
YC18:1329,B98,1,2018,227,YC18:1329,False,False,11,0,0,False,no_published_clean_observations,False
YC18:1330,PHT47,1,2018,839,YC18:1330,False,False,11,10,9,True,,True
YC18:1331,W814G,1,2018,1001,YC18:1331,False,False,11,0,0,True,no_published_clean_observations,False
YC18:1332,H113,1,2018,321,YC18:1332,False,False,11,9,8,True,,True
YC18:1333,W821G,1,2018,1011,YC18:1333,False,False,11,11,10,False,genotype_not_observed_in_all_4_years,False
YC18:1334,B110,1,2018,149,YC18:1334,False,False,11,9,8,True,,True
YC18:1335,R226,1,2018,895,YC18:1335,False,False,11,9,8,True,,True
YC18:1336,W32,1,2018,957,YC18:1336,False,False,11,11,10,True,,True
YC18:1337,CQ702RC,1,2018,259,YC18:1337,False,False,11,11,10,True,,True
YC18:1338,B164,1,2018,167,YC18:1338,False,False,11,11,10,True,,True
YC18:1339,W22,1,2018,951,YC18:1339,False,False,11,9,8,True,,True
YC18:1340,YING-55,1,2018,1033,YC18:1340,False,False,11,11,10,True,,True
YC18:1341,E8501,1,2018,299,YC18:1341,False,False,11,11,10,True,,True
YC18:1342,LH194,1,2018,461,YC18:1342,False,False,11,9,8,True,,True
YC18:1343,N7A,1,2018,621,YC18:1343,False,False,11,9,8,False,genotype_not_observed_in_all_4_years,False
YC18:1344,S8326,1,2018,905,YC18:1344,False,False,11,9,8,True,,True
YC18:1345,LH1,1,2018,423,YC18:1345,False,False,11,11,10,True,,True
YC18:1346,PHT22,1,2018,837,YC18:1346,False,False,11,0,0,False,no_published_clean_observations,False
YC18:1347,HUOBAI,1,2018,349,YC18:1347,False,False,11,9,8,False,genotype_not_observed_in_all_4_years,False
YC18:1348,H122w,1,2018,327,YC18:1348,False,False,11,9,8,True,,True
YC18:1349,PHZ51,1,2018,883,YC18:1349,False,False,11,9,8,True,,True
YC18:1350,PHV63,1,2018,851,YC18:1350,False,False,11,9,8,True,,True
YC18:1352,N527,1,2018,613,YC18:1352,False,False,11,11,10,True,,True
YC18:1353,A,1,2018,57,YC18:1353,False,False,11,11,10,True,,True
YC18:1354,Va17,1,2018,929,YC18:1354,False,False,11,9,8,False,genotype_not_observed_in_all_4_years,False
YC18:1355,4N506,1,2018,43,YC18:1355,False,False,11,11,10,True,,True
YC18:1357,K55,1,2018,409,YC18:1357,False,False,11,11,10,True,,True
YC18:1358,Seagull Seventeen,1,2018,917,YC18:1358,False,False,11,9,8,True,,True
YC18:1359,B70,1,2018,185,YC18:1359,False,False,11,0,0,True,no_published_clean_observations,False
YC18:1361,W37A,1,2018,959,YC18:1361,False,False,11,9,8,True,,True
YC18:1362,NC290A,1,2018,627,YC18:1362,False,False,11,9,8,False,genotype_not_observed_in_all_4_years,False
YC18:1363,Yu796 NS,1,2018,1037,YC18:1363,False,False,11,11,10,True,,True
YC18:1364,Wf9,1,2018,1017,YC18:1364,False,False,11,9,8,False,genotype_not_observed_in_all_4_years,False
YC18:1365,NK740,1,2018,651,YC18:1365,False,False,11,10,9,True,,True
YC18:1366,PHJ70,1,2018,769,YC18:1366,False,False,11,11,10,True,,True
YC18:1367,MS221,1,2018,569,YC18:1367,False,False,11,11,10,True,,True
YC18:1368,MBWZ,1,2018,537,YC18:1368,False,False,11,10,9,True,,True
YC18:1369,K41,1,2018,405,YC18:1369,False,False,11,11,10,True,,True
YC18:1370,AusTRCF 306238,1,2018,131,YC18:1370,False,False,11,9,8,True,,True
YC18:1371,LH199,1,2018,469,YC18:1371,False,False,11,0,0,True,no_published_clean_observations,False
YC18:1372,WIL900,1,2018,1019,YC18:1372,False,False,11,9,8,True,,True
YC18:1373,WXB6,1,2018,1029,YC18:1373,False,False,11,10,9,False,genotype_not_observed_in_all_4_years,False
YC18:1374,NKS8326,1,2018,657,YC18:1374,False,False,11,9,8,True,,True
YC18:1375,A321,1,2018,69,YC18:1375,False,False,11,11,10,True,,True
YC18:1376,W24,1,2018,955,YC18:1376,False,False,11,9,8,True,,True
YC18:1377,DE3,1,2018,271,YC18:1377,False,False,11,10,9,False,genotype_not_observed_in_all_4_years,False
YC18:1378,FR19,1,2018,313,YC18:1378,False,False,11,10,9,True,,True
YC18:1379,N218,1,2018,603,YC18:1379,False,False,11,9,8,False,genotype_not_observed_in_all_4_years,False
YC18:1380,PHK93,1,2018,789,YC18:1380,False,False,11,10,9,False,genotype_not_observed_in_all_4_years,False
YC18:1381,NS701,1,2018,665,YC18:1381,False,False,11,9,8,True,,True
YC18:1382,2MCDB,1,2018,31,YC18:1382,False,False,11,10,9,True,,True
YC18:1383,PHT10,1,2018,835,YC18:1383,False,False,11,10,9,True,,True
YC18:1384,H96,1,2018,341,YC18:1384,False,False,11,10,9,True,,True
YC18:1385,Va26,1,2018,933,YC18:1385,False,False,11,10,9,True,,True
YC18:1386,N209,1,2018,595,YC18:1386,False,False,11,10,9,False,genotype_not_observed_in_all_4_years,False
YC18:1387,H95,1,2018,339,YC18:1387,False,False,11,10,9,True,,True
YC18:1388,Mo1W,1,2018,547,YC18:1388,False,False,11,9,8,False,genotype_not_observed_in_all_4_years,False
YC18:1389,N200,1,2018,591,YC18:1389,False,False,11,10,9,False,genotype_not_observed_in_all_4_years,False
YC18:1390,L 289,1,2018,421,YC18:1390,False,False,11,11,10,True,,True
YC18:1391,PHT55,1,2018,841,YC18:1391,False,False,11,9,8,True,,True
YC18:1392,6M502A,1,2018,49,YC18:1392,False,False,11,11,10,True,,True
YC18:1393,N217,1,2018,601,YC18:1393,False,False,11,10,9,True,,True
YC18:1394,H5,1,2018,331,YC18:1394,False,False,11,11,10,True,,True
YC18:1395,WIL903,1,2018,1023,YC18:1395,False,False,11,11,10,False,genotype_not_observed_in_all_4_years,False
YC18:1396,N542,1,2018,617,YC18:1396,False,False,11,10,9,True,,True
YC18:1397,W819G,1,2018,1007,YC18:1397,False,False,11,10,9,False,genotype_not_observed_in_all_4_years,False
YC18:1398,R71,1,2018,901,YC18:1398,False,False,11,11,10,True,,True
YC18:1399,LH204,1,2018,473,YC18:1399,False,False,11,11,10,True,,True
YC18:1400,B2,1,2018,169,YC18:1400,False,False,11,11,10,True,,True
YC18:1401,PHK56,1,2018,783,YC18:1401,False,False,11,10,9,True,,True
YC18:1403,LH208,1,2018,479,YC18:1403,False,False,11,11,10,True,,True
YC18:1404,INBRED 141,1,2018,389,YC18:1404,False,False,11,11,10,True,,True
YC18:1405,CO257,1,2018,255,YC18:1405,False,False,11,9,8,True,,True
YC18:1406,B66,1,2018,181,YC18:1406,False,False,11,11,10,True,,True
YC18:1407,B75,1,2018,207,YC18:1407,False,False,11,9,8,True,,True
YC18:1408,PHG83,1,2018,755,YC18:1408,False,False,11,11,10,True,,True
YC18:1409,Il778d,1,2018,383,YC18:1409,False,False,11,0,0,False,no_published_clean_observations,False
YC18:1410,N28Ht,1,2018,607,YC18:1410,False,False,11,9,8,True,,True
YC18:1411,6M502,1,2018,47,YC18:1411,False,False,11,11,10,True,,True
YC18:1413,B77,1,2018,211,YC18:1413,False,False,11,11,10,True,,True
YC18:1414,VaW6,1,2018,943,YC18:1414,False,False,11,9,8,True,,True
YC18:1415,Mo5,1,2018,553,YC18:1415,False,False,11,0,0,True,no_published_clean_observations,False
YC18:1416,INBRED 305,1,2018,393,YC18:1416,False,False,11,9,8,True,,True
YC18:1417,B119,1,2018,157,YC18:1417,False,False,11,9,8,True,,True
YC18:1418,B109,1,2018,147,YC18:1418,False,False,11,11,10,False,genotype_not_observed_in_all_4_years,False
YC18:1419,PHPR5,1,2018,815,YC18:1419,False,False,11,11,10,True,,True
YC18:1420,PHHH9,1,2018,763,YC18:1420,False,False,11,9,8,False,genotype_not_observed_in_all_4_years,False
YC18:1421,KUNG-70,1,2018,411,YC18:1421,False,False,11,11,10,True,,True
YC18:1422,PHG35,1,2018,743,YC18:1422,False,False,11,0,0,False,no_published_clean_observations,False
YC18:1423,CO258,1,2018,257,YC18:1423,False,False,11,9,8,True,,True
YC18:1424,HP301,1,2018,345,YC18:1424,False,False,11,9,8,True,,True
YC18:1425,W811G,1,2018,995,YC18:1425,False,False,11,11,10,False,genotype_not_observed_in_all_4_years,False
YC18:1426,R229,1,2018,899,YC18:1426,False,False,11,11,10,False,genotype_not_observed_in_all_4_years,False
YC18:1427,LH205,1,2018,475,YC18:1427,False,False,11,9,8,True,,True
YC18:1428,MBST,1,2018,535,YC18:1428,False,False,11,0,0,False,no_published_clean_observations,False
YC18:1429,WU-TAN-TZAO,1,2018,1027,YC18:1429,False,False,11,9,8,True,,True
YC18:1430,PHN34,1,2018,799,YC18:1430,False,False,11,9,8,False,genotype_not_observed_in_all_4_years,False
YC18:1431,PHWG5,1,2018,881,YC18:1431,False,False,11,9,8,False,genotype_not_observed_in_all_4_years,False
YC18:1432,B14,1,2018,163,YC18:1432,False,False,11,9,8,True,,True
YC18:1433,NC326,1,2018,633,YC18:1433,False,False,11,11,10,True,,True
YC18:1434,B57,1,2018,177,YC18:1434,False,False,11,9,8,True,,True
YC18:1435,4F-35 BK,1,2018,41,YC18:1435,False,False,11,9,8,False,genotype_not_observed_in_all_4_years,False
YC18:1436,H105W,1,2018,317,YC18:1436,False,False,11,9,8,False,genotype_not_observed_in_all_4_years,False
YC18:1437,W815G,1,2018,1003,YC18:1437,False,False,11,9,8,False,genotype_not_observed_in_all_4_years,False
YC18:1438,H84,1,2018,335,YC18:1438,False,False,11,11,10,True,,True
YC18:1439,W817G,1,2018,1005,YC18:1439,False,False,11,10,9,False,genotype_not_observed_in_all_4_years,False
YC18:1440,H110,1,2018,319,YC18:1440,False,False,11,11,10,True,,True
YC18:1442,A619,1,2018,91,YC18:1442,False,False,11,9,8,True,,True
YC18:1443,CH701-30,1,2018,243,YC18:1443,False,False,11,11,10,True,,True
YC18:1444,IDS28,1,2018,377,YC18:1444,False,False,11,11,10,True,,True
YC18:1445,Pa880,1,2018,705,YC18:1445,False,False,11,10,9,True,,True
YC18:1446,K150,1,2018,403,YC18:1446,False,False,11,11,10,True,,True
YC18:1447,PHR62,1,2018,831,YC18:1447,False,False,11,9,8,False,genotype_not_observed_in_all_4_years,False
YC18:1448,R177,1,2018,891,YC18:1448,False,False,11,9,8,False,genotype_not_observed_in_all_4_years,False
YC18:1449,Os426,1,2018,691,YC18:1449,False,False,11,11,10,True,,True
YC18:1450,N28,1,2018,605,YC18:1450,False,False,11,0,0,False,no_published_clean_observations,False
YC18:1451,H121,1,2018,325,YC18:1451,False,False,11,9,8,True,,True
YC18:1452,TZU-CHIAO-HSI-WU 105,1,2018,925,YC18:1452,False,False,11,11,10,True,,True
YC18:1453,LH190,1,2018,453,YC18:1453,False,False,11,11,10,True,,True
YC18:1454,B88,1,2018,221,YC18:1454,False,False,11,11,10,True,,True
YC18:1456,87916W,1,2018,53,YC18:1456,False,False,11,11,10,True,,True
YC18:1457,B120,1,2018,159,YC18:1457,False,False,11,10,9,True,,True
YC18:1458,Va35,1,2018,935,YC18:1458,False,False,11,11,10,True,,True
YC18:1459,PHW79,1,2018,875,YC18:1459,False,False,11,0,0,True,no_published_clean_observations,False
YC18:1461,PHV78,1,2018,853,YC18:1461,False,False,11,10,9,False,genotype_not_observed_in_all_4_years,False
YC18:1462,J47,1,2018,399,YC18:1462,False,False,11,10,9,True,,True
YC18:1463,LH59,1,2018,509,YC18:1463,False,False,11,11,10,True,,True
YC18:1464,B37,1,2018,171,YC18:1464,False,False,11,11,10,True,,True
YC18:1465,N534,1,2018,615,YC18:1465,False,False,11,11,10,True,,True
YC18:1466,33-16,1,2018,33,YC18:1466,False,False,11,9,8,False,genotype_not_observed_in_all_4_years,False
YC18:1467,OC19,1,2018,675,YC18:1467,False,False,11,10,9,False,genotype_not_observed_in_all_4_years,False
YC18:1468,M14,1,2018,531,YC18:1468,False,False,11,11,10,True,,True
YC18:1469,W813G,1,2018,999,YC18:1469,False,False,11,11,10,True,,True
YC18:1470,LH214,1,2018,487,YC18:1470,False,False,11,11,10,True,,True
YC18:1471,YE 4,1,2018,1031,YC18:1471,False,False,11,11,10,True,,True
YC18:1472,W820G,1,2018,1009,YC18:1472,False,False,11,10,9,False,genotype_not_observed_in_all_4_years,False
YC18:1473,PHW65,1,2018,873,YC18:1473,False,False,11,0,0,False,no_published_clean_observations,False
YC18:1474,LH181,1,2018,447,YC18:1474,False,False,11,10,9,False,genotype_not_observed_in_all_4_years,False
YC18:1475,PHBB3,1,2018,735,YC18:1475,False,False,11,11,10,True,,True
YC18:1476,PHW52,1,2018,869,YC18:1476,False,False,11,10,9,True,,True
YC18:1477,NC412,1,2018,641,YC18:1477,False,False,11,9,8,True,,True
YC18:1479,B104,1,2018,139,YC18:1479,False,False,11,9,8,True,,True
YC18:1480,PHP85,1,2018,813,YC18:1480,False,False,11,11,10,True,,True
YC18:1481,DK78371A,1,2018,287,YC18:1481,False,False,11,0,0,False,no_published_clean_observations,False
YC18:1482,INBRED 321,1,2018,397,YC18:1482,False,False,11,11,10,True,,True
YC18:1483,B84,1,2018,215,YC18:1483,False,False,11,10,9,True,,True
YC18:1484,W812G,1,2018,997,YC18:1484,False,False,11,0,0,True,no_published_clean_observations,False
YC18:1485,R168,1,2018,889,YC18:1485,False,False,11,11,10,True,,True
YC18:1486,PHR47,1,2018,825,YC18:1486,False,False,11,11,10,True,,True
YC18:1487,Pa778,1,2018,701,YC18:1487,False,False,11,9,8,False,genotype_not_observed_in_all_4_years,False
YC18:1488,4F-234 BX 4,1,2018,37,YC18:1488,False,False,11,10,9,False,genotype_not_observed_in_all_4_years,False
YC18:1489,78551S,1,2018,51,YC18:1489,False,False,11,0,0,True,no_published_clean_observations,False
YC18:1491,Pa875,1,2018,703,YC18:1491,False,False,11,11,10,True,,True
YC18:1492,PHR58,1,2018,829,YC18:1492,False,False,11,10,9,True,,True
YC18:1493,B79,1,2018,213,YC18:1493,False,False,11,10,9,True,,True
YC18:1494,H91,1,2018,337,YC18:1494,False,False,11,11,10,True,,True
YC18:1495,B14A,1,2018,165,YC18:1495,False,False,11,10,9,True,,True
YC18:1496,INBRED 309,1,2018,395,YC18:1496,False,False,11,10,9,True,,True
YC18:1497,Hy,1,2018,351,YC18:1497,False,False,11,10,9,False,genotype_not_observed_in_all_4_years,False
YC18:1498,B105,1,2018,141,YC18:1498,False,False,11,11,10,True,,True
YC18:1499,PHN29,1,2018,797,YC18:1499,False,False,11,9,8,True,,True
YC18:1500,LH191,1,2018,455,YC18:1500,False,False,11,9,8,True,,True
YC18:1501,LH211,1,2018,483,YC18:1501,False,False,11,9,8,False,genotype_not_observed_in_all_4_years,False
YC18:1502,W810G,1,2018,993,YC18:1502,False,False,11,11,10,True,,True
YC18:1503,SG 30A,1,2018,919,YC18:1503,False,False,11,10,9,True,,True
YC18:1504,K47,1,2018,407,YC18:1504,False,False,11,11,10,True,,True
YC18:1505,LH216,1,2018,491,YC18:1505,False,False,11,11,10,False,genotype_not_observed_in_all_4_years,False
YC18:1506,LH227,1,2018,499,YC18:1506,False,False,11,11,10,False,genotype_not_observed_in_all_4_years,False
YC18:1507,MS67,1,2018,579,YC18:1507,False,False,11,11,10,True,,True
YC18:1508,N523,1,2018,611,YC18:1508,False,False,11,11,10,True,,True
YC18:1509,HUANYAO,1,2018,347,YC18:1509,False,False,11,9,8,True,,True
YC18:1510,PHK35,1,2018,779,YC18:1510,False,False,11,11,10,True,,True
YC18:1511,PHR55,1,2018,827,YC18:1511,False,False,11,9,8,False,genotype_not_observed_in_all_4_years,False
YC18:1512,H114,1,2018,323,YC18:1512,False,False,11,11,10,False,genotype_not_observed_in_all_4_years,False
YC18:1513,LH224,1,2018,497,YC18:1513,False,False,11,9,8,True,,True
YC18:1514,INB 101LFY/LFY (A632 X M16 S5),1,2018,385,YC18:1514,False,False,11,9,8,True,,True
YC18:1515,W607S,1,2018,973,YC18:1515,False,False,11,11,10,True,,True
YC18:1516,W23,1,2018,953,YC18:1516,False,False,11,10,9,True,,True
YC18:1517,LH185,1,2018,451,YC18:1517,False,False,11,9,8,True,,True
YC18:1518,R78,1,2018,903,YC18:1518,False,False,11,9,8,True,,True
YC18:1519,MBPM,1,2018,533,YC18:1519,False,False,11,11,10,True,,True
YC18:1520,IDS91,1,2018,381,YC18:1520,False,False,11,9,8,True,,True
YC18:2001,PHW17,2,2018,862,YC18:2001,False,False,11,11,10,True,,True
YC18:2002,ICI 893,2,2018,372,YC18:2002,False,False,11,10,9,True,,True
YC18:2003,PHW20,2,2018,864,YC18:2003,False,False,11,9,8,True,,True
YC18:2004,W8304,2,2018,1014,YC18:2004,False,False,11,11,10,True,,True
YC18:2005,Oh43,2,2018,682,YC18:2005,False,False,11,11,10,True,,True
YC18:2006,H42,2,2018,330,YC18:2006,False,False,11,11,10,True,,True
YC18:2007,WR3,2,2018,1026,YC18:2007,False,False,11,11,10,True,,True
YC18:2008,PHR30,2,2018,820,YC18:2008,False,False,11,11,10,True,,True
YC18:2009,LH93,2,2018,522,YC18:2009,False,False,11,11,10,True,,True
YC18:2010,A73,2,2018,124,YC18:2010,False,False,11,11,10,True,,True
YC18:2011,PHW86,2,2018,880,YC18:2011,False,False,11,11,10,True,,True
YC18:2012,LH74,2,2018,518,YC18:2012,False,False,11,11,10,True,,True
YC18:2013,AS6103,2,2018,130,YC18:2013,False,False,11,11,10,True,,True
YC18:2014,NY 159 (Neveh Yaar),2,2018,668,YC18:2014,False,False,11,9,8,False,genotype_not_observed_in_all_4_years,False
YC18:2015,PHK74,2,2018,786,YC18:2015,False,False,11,11,10,True,,True
YC18:2016,NK778,2,2018,654,YC18:2016,False,False,11,10,9,True,,True
YC18:2017,A572,2,2018,90,YC18:2017,False,False,11,11,10,True,,True
YC18:2018,IA2132,2,2018,358,YC18:2018,False,False,11,11,10,True,,True
YC18:2019,B103,2,2018,138,YC18:2019,False,False,11,11,10,True,,True
YC18:2020,L 135,2,2018,416,YC18:2020,False,False,11,11,10,True,,True
YC18:2021,W117Ht,2,2018,946,YC18:2021,False,False,11,11,10,True,,True
YC18:2022,W613S,2,2018,982,YC18:2022,False,False,11,0,0,False,no_published_clean_observations,False
YC18:2023,LIBC 4,2,2018,524,YC18:2023,False,False,11,11,10,True,,True
YC18:2024,DJ7,2,2018,278,YC18:2024,False,False,11,11,10,True,,True
YC18:2025,Ny821,2,2018,674,YC18:2025,False,False,11,11,10,True,,True
YC18:2026,MS226,2,2018,576,YC18:2026,False,False,11,11,10,True,,True
YC18:2027,2FADB,2,2018,28,YC18:2027,False,False,11,0,0,True,no_published_clean_observations,False
YC18:2028,W701BC,2,2018,988,YC18:2028,False,False,11,11,10,True,,True
YC18:2029,MS224,2,2018,572,YC18:2029,False,False,11,11,10,True,,True
YC18:2030,LH198,2,2018,468,YC18:2030,False,False,11,11,10,True,,True
YC18:2031,R181B,2,2018,894,YC18:2031,False,False,11,11,10,True,,True
YC18:2032,BO9,2,2018,232,YC18:2032,False,False,11,11,10,True,,True
YC18:2033,PHVJ4,2,2018,858,YC18:2033,False,False,11,11,10,False,genotype_not_observed_in_all_4_years,False
YC18:2034,764,2,2018,4,YC18:2034,False,False,11,9,8,True,,True
YC18:2035,PHN82,2,2018,806,YC18:2035,False,False,11,11,10,False,genotype_not_observed_in_all_4_years,False
YC18:2036,B115,2,2018,156,YC18:2036,False,False,11,9,8,True,,True
YC18:2037,B114,2,2018,154,YC18:2037,False,False,11,10,9,True,,True
YC18:2038,CR14,2,2018,264,YC18:2038,False,False,11,0,0,False,no_published_clean_observations,False
YC18:2039,L 139,2,2018,418,YC18:2039,False,False,11,11,10,True,,True
YC18:2040,W9,2,2018,1016,YC18:2040,False,False,11,11,10,True,,True
YC18:2041,4226,2,2018,20,YC18:2041,False,False,11,11,10,True,,True
YC18:2042,PHJ89,2,2018,772,YC18:2042,False,False,11,11,10,True,,True
YC18:2043,N193,2,2018,588,YC18:2043,False,False,11,11,10,True,,True
YC18:2044,LH145,2,2018,436,YC18:2044,False,False,11,10,9,True,,True
YC18:2046,G80,2,2018,316,YC18:2046,False,False,11,11,10,True,,True
YC18:2047,N201,2,2018,594,YC18:2047,False,False,11,11,10,True,,True
YC18:2048,PHVA9,2,2018,856,YC18:2048,False,False,11,11,10,True,,True
YC18:2049,CA-4,2,2018,238,YC18:2049,False,False,11,11,10,True,,True
YC18:2050,A272,2,2018,66,YC18:2050,False,False,11,10,9,True,,True
YC18:2051,OS602,2,2018,694,YC18:2051,False,False,11,11,10,True,,True
YC18:2052,A663,2,2018,110,YC18:2052,False,False,11,11,10,True,,True
YC18:2053,A258,2,2018,64,YC18:2053,False,False,11,9,8,True,,True
YC18:2054,MS200,2,2018,566,YC18:2054,False,False,11,10,9,True,,True
YC18:2055,SD44,2,2018,916,YC18:2055,False,False,11,11,10,True,,True
YC18:2056,Pa392,2,2018,696,YC18:2056,False,False,11,11,10,True,,True
YC18:2057,A305,2,2018,68,YC18:2057,False,False,11,11,10,True,,True
YC18:2058,Mo47,2,2018,552,YC18:2058,False,False,11,9,8,True,,True
YC18:2059,N197,2,2018,590,YC18:2059,False,False,11,10,9,False,genotype_not_observed_in_all_4_years,False
YC18:2060,CH9,2,2018,250,YC18:2060,False,False,11,11,10,True,,True
YC18:2061,LH206,2,2018,478,YC18:2061,False,False,11,10,9,True,,True
YC18:2062,PHP02,2,2018,808,YC18:2062,False,False,11,11,10,True,,True
YC18:2063,1538,2,2018,16,YC18:2063,False,False,11,11,10,True,,True
YC18:2064,LH61,2,2018,514,YC18:2064,False,False,11,9,8,True,,True
YC18:2065,MS1334,2,2018,562,YC18:2065,False,False,11,11,10,False,genotype_not_observed_in_all_4_years,False
YC18:2066,W612S,2,2018,980,YC18:2066,False,False,11,10,9,True,,True
YC18:2067,BEI 10 = NORTH 10,2,2018,230,YC18:2067,False,False,11,11,10,True,,True
YC18:2068,2MA22,2,2018,30,YC18:2068,False,False,11,11,10,True,,True
YC18:2069,PHGW7,2,2018,760,YC18:2069,False,False,11,11,10,True,,True
YC18:2070,PHB09,2,2018,730,YC18:2070,False,False,11,11,10,True,,True
YC18:2071,ML606,2,2018,542,YC18:2071,False,False,11,11,10,True,,True
YC18:2072,A674,2,2018,114,YC18:2072,False,False,11,11,10,True,,True
YC18:2073,LH202,2,2018,472,YC18:2073,False,False,11,11,10,True,,True
YC18:2074,LH184,2,2018,450,YC18:2074,False,False,11,11,10,True,,True
YC18:2075,MS72,2,2018,584,YC18:2075,False,False,11,11,10,True,,True
YC18:2076,LH57,2,2018,508,YC18:2076,False,False,11,0,0,False,no_published_clean_observations,False
YC18:2077,PHP55,2,2018,810,YC18:2077,False,False,11,11,10,True,,True
YC18:2078,LP5,2,2018,530,YC18:2078,False,False,11,11,10,True,,True
YC18:2079,DK78010,2,2018,286,YC18:2079,False,False,11,11,10,True,,True
YC18:2080,A374,2,2018,78,YC18:2080,False,False,11,11,10,True,,True
YC18:2081,91IFC2,2,2018,56,YC18:2081,False,False,11,11,10,True,,True
YC18:2082,ICI581,2,2018,376,YC18:2082,False,False,11,11,10,False,genotype_not_observed_in_all_4_years,False
YC18:2083,A672,2,2018,112,YC18:2083,False,False,11,11,10,True,,True
YC18:2084,78010,2,2018,22,YC18:2084,False,False,11,11,10,True,,True
YC18:2085,B107,2,2018,144,YC18:2085,False,False,11,10,9,True,,True
YC18:2086,PHP76,2,2018,812,YC18:2086,False,False,11,11,10,True,,True
YC18:2087,A427,2,2018,84,YC18:2087,False,False,11,11,10,True,,True
YC18:2088,PHW80,2,2018,878,YC18:2088,False,False,11,11,10,True,,True
YC18:2089,W64A,2,2018,986,YC18:2089,False,False,11,11,10,True,,True
YC18:2090,LH165,2,2018,442,YC18:2090,False,False,11,11,10,True,,True
YC18:2092,PHG50,2,2018,748,YC18:2092,False,False,11,11,10,True,,True
YC18:2093,A680,2,2018,118,YC18:2093,False,False,11,11,10,True,,True
YC18:2094,W603S,2,2018,966,YC18:2094,False,False,11,11,10,True,,True
YC18:2096,DE4,2,2018,274,YC18:2096,False,False,11,11,10,True,,True
YC18:2097,PHN11,2,2018,796,YC18:2097,False,False,11,11,10,True,,True
YC18:2098,NC310,2,2018,632,YC18:2098,False,False,11,11,10,True,,True
YC18:2099,B-18 INBR.FR.SUPERGOLD,2,2018,134,YC18:2099,False,False,11,11,10,True,,True
YC18:2100,PHH93,2,2018,762,YC18:2100,False,False,11,11,10,True,,True
YC18:2101,ND265,2,2018,650,YC18:2101,False,False,11,11,10,True,,True
YC18:2102,Eng-Li Chih,2,2018,304,YC18:2102,False,False,11,11,10,True,,True
YC18:2103,Ia 453,2,2018,356,YC18:2103,False,False,11,11,10,True,,True
YC18:2104,PHV37,2,2018,848,YC18:2104,False,False,11,11,10,True,,True
YC18:2105,LH166,2,2018,444,YC18:2105,False,False,11,11,10,True,,True
YC18:2106,PHG72,2,2018,752,YC18:2106,False,False,11,11,10,True,,True
YC18:2107,OQ403,2,2018,686,YC18:2107,False,False,11,11,10,True,,True
YC18:2108,PHG47,2,2018,746,YC18:2108,False,False,11,11,10,True,,True
YC18:2109,H99,2,2018,344,YC18:2109,False,False,11,11,10,True,,True
YC18:2110,790,2,2018,6,YC18:2110,False,False,11,11,10,True,,True
YC18:2111,B91,2,2018,224,YC18:2111,False,False,11,11,10,True,,True
YC18:2112,MS71,2,2018,582,YC18:2112,False,False,11,11,10,True,,True
YC18:2113,W182E,2,2018,950,YC18:2113,False,False,11,11,10,False,genotype_not_observed_in_all_4_years,False
YC18:2114,FC46,2,2018,312,YC18:2114,False,False,11,0,0,False,no_published_clean_observations,False
YC18:2115,Lp215D,2,2018,528,YC18:2115,False,False,11,11,10,True,,True
YC18:2116,L 127,2,2018,414,YC18:2116,False,False,11,11,10,True,,True
YC18:2117,LH295,2,2018,502,YC18:2117,False,False,11,11,10,True,,True
YC18:2118,PHW30,2,2018,866,YC18:2118,False,False,11,9,8,True,,True
YC18:2119,A548,2,2018,86,YC18:2119,False,False,11,11,10,True,,True
YC18:2120,PHV57,2,2018,850,YC18:2120,False,False,11,11,10,True,,True
YC18:2121,W153R,2,2018,948,YC18:2121,False,False,11,11,10,True,,True
YC18:2122,DKFBHJ,2,2018,292,YC18:2122,False,False,11,11,10,True,,True
YC18:2123,DK78002A,2,2018,284,YC18:2123,False,False,11,11,10,True,,True
YC18:2124,DKIB014,2,2018,294,YC18:2124,False,False,11,10,9,False,genotype_not_observed_in_all_4_years,False
YC18:2125,MQ305,2,2018,556,YC18:2125,False,False,11,11,10,True,,True
YC18:2126,W605S,2,2018,970,YC18:2126,False,False,11,11,10,True,,True
YC18:2128,3IJI1,2,2018,36,YC18:2128,False,False,11,11,10,True,,True
YC18:2129,SD107,2,2018,912,YC18:2129,False,False,11,11,10,True,,True
YC18:2130,DKPB80,2,2018,298,YC18:2130,False,False,11,11,10,True,,True
YC18:2131,A385,2,2018,80,YC18:2131,False,False,11,11,10,True,,True
YC18:2132,ICI 740,2,2018,370,YC18:2132,False,False,11,11,10,True,,True
YC18:2133,N6,2,2018,620,YC18:2133,False,False,11,11,10,True,,True
YC18:2134,CH157,2,2018,242,YC18:2134,False,False,11,11,10,True,,True
YC18:2135,LH143 (Maintainer),2,2018,434,YC18:2135,False,False,11,11,10,True,,True
YC18:2136,FBLA,2,2018,310,YC18:2136,False,False,11,11,10,True,,True
YC18:2137,Va99,2,2018,942,YC18:2137,False,False,11,11,10,True,,True
YC18:2139,PHG86,2,2018,758,YC18:2139,False,False,11,11,10,True,,True
YC18:2140,A556,2,2018,88,YC18:2140,False,False,11,11,10,True,,True
YC18:2141,EAST 028,2,2018,302,YC18:2141,False,False,11,11,10,True,,True
YC18:2142,PHG29,2,2018,742,YC18:2142,False,False,11,11,10,True,,True
YC18:2143,SD40,2,2018,914,YC18:2143,False,False,11,11,10,True,,True
YC18:2144,LH223,2,2018,496,YC18:2144,False,False,11,11,10,True,,True
YC18:2145,DKMBNA,2,2018,296,YC18:2145,False,False,11,11,10,True,,True
YC18:2146,LH146Ht,2,2018,438,YC18:2146,False,False,11,11,10,True,,True
YC18:2147,I29,2,2018,354,YC18:2147,False,False,11,11,10,True,,True
YC18:2148,LH127,2,2018,428,YC18:2148,False,False,11,0,0,False,no_published_clean_observations,False
YC18:2149,NC262,2,2018,626,YC18:2149,False,False,11,11,10,True,,True
YC18:2150,PHR36,2,2018,824,YC18:2150,False,False,11,10,9,True,,True
YC18:2151,NK807,2,2018,656,YC18:2151,False,False,11,11,10,True,,True
YC18:2152,PHW03,2,2018,860,YC18:2152,False,False,11,11,10,True,,True
YC18:2153,CR 22 INBRED,2,2018,262,YC18:2153,False,False,11,11,10,True,,True
YC18:2155,PHK42,2,2018,782,YC18:2155,False,False,11,11,10,True,,True
YC18:2156,N192,2,2018,586,YC18:2156,False,False,11,11,10,True,,True
YC18:2157,LH222,2,2018,494,YC18:2157,False,False,11,11,10,True,,True
YC18:2158,PHHV4,2,2018,766,YC18:2158,False,False,11,11,10,True,,True
YC18:2159,NQ508,2,2018,662,YC18:2159,False,False,11,11,10,True,,True
YC18:2160,PHR63,2,2018,834,YC18:2160,False,False,11,9,8,True,,True
YC18:2161,Oh40B,2,2018,680,YC18:2161,False,False,11,11,10,True,,True
YC18:2162,SD102,2,2018,910,YC18:2162,False,False,11,11,10,True,,True
YC18:2163,A659,2,2018,108,YC18:2163,False,False,11,11,10,True,,True
YC18:2164,PHBW8,2,2018,738,YC18:2164,False,False,11,11,10,True,,True
YC18:2165,Pa405,2,2018,698,YC18:2165,False,False,11,11,10,True,,True
YC18:2166,PHT69,2,2018,844,YC18:2166,False,False,11,11,10,False,genotype_not_observed_in_all_4_years,False
YC18:2167,912,2,2018,14,YC18:2167,False,False,11,11,10,True,,True
YC18:2168,B-28,2,2018,136,YC18:2168,False,False,11,11,10,True,,True
YC18:2169,NORTH 7,2,2018,660,YC18:2169,False,False,11,11,10,True,,True
YC18:2170,PHJ90,2,2018,774,YC18:2170,False,False,11,11,10,True,,True
YC18:2171,4F-306 108,2,2018,40,YC18:2171,False,False,11,11,10,True,,True
YC18:2172,911,2,2018,12,YC18:2172,False,False,11,11,10,True,,True
YC18:2173,Mo17,2,2018,546,YC18:2173,False,False,11,10,9,False,genotype_not_observed_in_all_4_years,False
YC18:2174,C123,2,2018,236,YC18:2174,False,False,11,10,9,True,,True
YC18:2175,AQA3,2,2018,128,YC18:2175,False,False,11,11,10,True,,True
YC18:2176,A641,2,2018,102,YC18:2176,False,False,11,11,10,True,,True
YC18:2177,DK4676A,2,2018,282,YC18:2177,False,False,11,11,10,True,,True
YC18:2178,W552,2,2018,962,YC18:2178,False,False,11,11,10,True,,True
YC18:2180,MS211,2,2018,568,YC18:2180,False,False,11,11,10,True,,True
YC18:2181,R113,2,2018,888,YC18:2181,False,False,11,11,10,False,genotype_not_observed_in_all_4_years,False
YC18:2182,Va52,2,2018,938,YC18:2182,False,False,11,11,10,True,,True
YC18:2183,A340,2,2018,76,YC18:2183,False,False,11,11,10,True,,True
YC18:2184,LH82,2,2018,520,YC18:2184,False,False,11,11,10,True,,True
YC18:2185,LH172,2,2018,446,YC18:2185,False,False,11,10,9,True,,True
YC18:2186,PHN66,2,2018,804,YC18:2186,False,False,11,11,10,True,,True
YC18:2187,A334,2,2018,74,YC18:2187,False,False,11,11,10,True,,True
YC18:2188,ICI 441,2,2018,368,YC18:2188,False,False,11,11,10,False,genotype_not_observed_in_all_4_years,False
YC18:2189,Os420,2,2018,690,YC18:2189,False,False,11,11,10,True,,True
YC18:2190,IBB15,2,2018,362,YC18:2190,False,False,11,11,10,True,,True
YC18:2191,2FACC,2,2018,26,YC18:2191,False,False,11,10,9,True,,True
YC18:2192,T242,2,2018,922,YC18:2192,False,False,11,11,10,True,,True
YC18:2193,OH33,2,2018,678,YC18:2193,False,False,11,10,9,True,,True
YC18:2194,PHTM9,2,2018,846,YC18:2194,False,False,11,11,10,True,,True
YC18:2195,ND247,2,2018,644,YC18:2195,False,False,11,11,10,True,,True
YC18:2196,CH753-4,2,2018,248,YC18:2196,False,False,11,11,10,False,genotype_not_observed_in_all_4_years,False
YC18:2197,PHG80,2,2018,754,YC18:2197,False,False,11,11,10,True,,True
YC18:2198,A322,2,2018,72,YC18:2198,False,False,11,11,10,True,,True
YC18:2199,MS116,2,2018,558,YC18:2199,False,False,11,11,10,True,,True
YC18:2200,793,2,2018,10,YC18:2200,False,False,11,11,10,True,,True
YC18:2201,A239,2,2018,62,YC18:2201,False,False,11,11,10,True,,True
YC18:2202,CR1HT,2,2018,266,YC18:2202,False,False,11,0,0,False,no_published_clean_observations,False
YC18:2203,LH149,2,2018,440,YC18:2203,False,False,11,11,10,True,,True
YC18:2204,W604S,2,2018,968,YC18:2204,False,False,11,11,10,True,,True
YC18:2205,792,2,2018,8,YC18:2205,False,False,11,10,9,False,genotype_not_observed_in_all_4_years,False
YC18:2206,A635,2,2018,100,YC18:2206,False,False,11,11,10,True,,True
YC18:2207,A634,2,2018,98,YC18:2207,False,False,11,11,10,True,,True
YC18:2208,CS405,2,2018,268,YC18:2208,False,False,11,11,10,True,,True
YC18:2209,ICI 193,2,2018,366,YC18:2209,False,False,11,11,10,True,,True
YC18:2210,PHBA6,2,2018,734,YC18:2210,False,False,11,11,10,True,,True
YC18:2211,MEF156-55-2,2,2018,540,YC18:2211,False,False,11,11,10,True,,True
YC18:2212,29MIBZ2,2,2018,24,YC18:2212,False,False,11,11,10,True,,True
YC18:2213,MS132,2,2018,560,YC18:2213,False,False,11,11,10,True,,True
YC18:2214,PHJR5,2,2018,776,YC18:2214,False,False,11,11,10,True,,True
YC18:2215,PHG71,2,2018,750,YC18:2215,False,False,11,11,10,True,,True
YC18:2216,IBB14,2,2018,360,YC18:2216,False,False,11,11,10,True,,True
YC18:2217,LH209,2,2018,482,YC18:2217,False,False,11,11,10,True,,True
YC18:2218,PHK76,2,2018,788,YC18:2218,False,False,11,0,0,False,no_published_clean_observations,False
YC18:2219,CI 40H,2,2018,252,YC18:2219,False,False,11,11,10,True,,True
YC18:2220,C103,2,2018,234,YC18:2220,False,False,11,10,9,True,,True
YC18:2221,B76,2,2018,210,YC18:2221,False,False,11,11,10,True,,True
YC18:2222,Q381,2,2018,886,YC18:2222,False,False,11,11,10,True,,True
YC18:2223,A71,2,2018,122,YC18:2223,False,False,11,11,10,True,,True
YC18:2224,ZS635,2,2018,1042,YC18:2224,False,False,11,11,10,True,,True
YC18:2225,ICI 986,2,2018,374,YC18:2225,False,False,11,11,10,True,,True
YC18:2226,A682,2,2018,120,YC18:2226,False,False,11,10,9,True,,True
YC18:2227,OQ603,2,2018,688,YC18:2227,False,False,11,11,10,True,,True
YC18:2228,PHKE6,2,2018,792,YC18:2228,False,False,11,11,10,True,,True
YC18:2229,B87,2,2018,220,YC18:2229,False,False,11,11,10,True,,True
YC18:2230,A208,2,2018,60,YC18:2230,False,False,11,11,10,True,,True
YC18:2231,6F629,2,2018,46,YC18:2231,False,False,11,11,10,True,,True
YC18:2232,W602S,2,2018,964,YC18:2232,False,False,11,10,9,False,genotype_not_observed_in_all_4_years,False
YC18:2233,IBC2,2,2018,364,YC18:2233,False,False,11,11,10,True,,True
YC18:2234,NS501,2,2018,664,YC18:2234,False,False,11,10,9,True,,True
YC18:2235,LH38,2,2018,504,YC18:2235,False,False,11,10,9,False,genotype_not_observed_in_all_4_years,False
YC18:2237,SD101,2,2018,908,YC18:2237,False,False,11,11,10,True,,True
YC18:2239,MS153,2,2018,564,YC18:2239,False,False,11,11,10,True,,True
YC18:2240,DK3IIH6,2,2018,280,YC18:2240,False,False,11,11,10,True,,True
YC18:2241,INBRED 2-687,2,2018,392,YC18:2241,False,False,11,10,9,True,,True
YC18:2242,A627,2,2018,94,YC18:2242,False,False,11,11,10,True,,True
YC18:2243,A401,2,2018,82,YC18:2243,False,False,11,9,8,False,genotype_not_observed_in_all_4_years,False
YC18:2244,PHB47,2,2018,732,YC18:2244,False,False,11,11,10,True,,True
YC18:2245,A648,2,2018,104,YC18:2245,False,False,11,9,8,True,,True
YC18:2247,A632,2,2018,96,YC18:2247,False,False,11,9,8,True,,True
YC18:2248,W614S,2,2018,984,YC18:2248,False,False,11,11,10,True,,True
YC18:2249,2369,2,2018,18,YC18:2249,False,False,11,10,9,True,,True
YC18:2250,A679,2,2018,116,YC18:2250,False,False,11,11,10,True,,True
YC18:2251,LH132 - FILL B73,2,2018,432,YC18:2251,False,False,11,11,10,False,genotype_not_observed_in_all_4_years,False
YC18:2252,L 155,2,2018,420,YC18:2252,False,False,11,11,10,True,,True
YC18:2253,DKFAPW,2,2018,290,YC18:2253,False,False,11,11,10,True,,True
YC18:2254,A649,2,2018,106,YC18:2254,False,False,11,9,8,True,,True
YC18:2255,CM105,2,2018,254,YC18:2255,False,False,11,11,10,True,,True
YC18:2256,LH119,2,2018,426,YC18:2256,False,False,11,11,10,True,,True
YC18:2257,B85,2,2018,218,YC18:2257,False,False,11,11,10,True,,True
YC18:2258,LH54,2,2018,506,YC18:2258,False,False,11,11,10,False,genotype_not_observed_in_all_4_years,False
YC18:2259,CH711-10,2,2018,246,YC18:2259,False,False,11,11,10,True,,True
YC18:2260,MS225,2,2018,574,YC18:2260,False,False,11,11,10,True,,True
YC18:2261,B14A,2,2018,166,YC18:2261,False,False,11,11,10,True,,True
YC18:2262,Va102,2,2018,928,YC18:2262,False,False,11,0,0,False,no_published_clean_observations,False
YC18:2263,IDS28,2,2018,378,YC18:2263,False,False,11,11,10,True,,True
YC18:2264,NC326,2,2018,634,YC18:2264,False,False,11,11,10,True,,True
YC18:2265,LH181,2,2018,448,YC18:2265,False,False,11,10,9,False,genotype_not_observed_in_all_4_years,False
YC18:2266,W817G,2,2018,1006,YC18:2266,False,False,11,11,10,False,genotype_not_observed_in_all_4_years,False
YC18:2267,NY6371,2,2018,672,YC18:2267,False,False,11,9,8,True,,True
YC18:2268,PHJ70,2,2018,770,YC18:2268,False,False,11,11,10,True,,True
YC18:2269,H114,2,2018,324,YC18:2269,False,False,11,11,10,False,genotype_not_observed_in_all_4_years,False
YC18:2270,PHT10,2,2018,836,YC18:2270,False,False,11,11,10,True,,True
YC18:2271,MBWZ,2,2018,538,YC18:2271,False,False,11,11,10,True,,True
YC18:2272,Mo1W,2,2018,548,YC18:2272,False,False,11,11,10,False,genotype_not_observed_in_all_4_years,False
YC18:2273,B65,2,2018,180,YC18:2273,False,False,11,11,10,True,,True
YC18:2274,Va35,2,2018,936,YC18:2274,False,False,11,11,10,True,,True
YC18:2275,J8606,2,2018,402,YC18:2275,False,False,11,10,9,False,genotype_not_observed_in_all_4_years,False
YC18:2276,B57,2,2018,178,YC18:2276,False,False,11,11,10,True,,True
YC18:2277,NC368,2,2018,640,YC18:2277,False,False,11,10,9,True,,True
YC18:2278,Mo46,2,2018,550,YC18:2278,False,False,11,9,8,True,,True
YC18:2279,CG102,2,2018,240,YC18:2279,False,False,11,11,10,True,,True
YC18:2280,H91,2,2018,338,YC18:2280,False,False,11,11,10,True,,True
YC18:2281,N501,2,2018,610,YC18:2281,False,False,11,10,9,True,,True
YC18:2282,AusTRCF 306238,2,2018,132,YC18:2282,False,False,11,9,8,True,,True
YC18:2283,Mo5,2,2018,554,YC18:2283,False,False,11,10,9,True,,True
YC18:2284,DE3,2,2018,272,YC18:2284,False,False,11,10,9,False,genotype_not_observed_in_all_4_years,False
YC18:2285,WXB6,2,2018,1030,YC18:2285,False,False,11,10,9,False,genotype_not_observed_in_all_4_years,False
YC18:2286,LH227,2,2018,500,YC18:2286,False,False,11,11,10,False,genotype_not_observed_in_all_4_years,False
YC18:2287,W821G,2,2018,1012,YC18:2287,False,False,11,11,10,False,genotype_not_observed_in_all_4_years,False
YC18:2289,W814G,2,2018,1002,YC18:2289,False,False,11,9,8,True,,True
YC18:2290,W32,2,2018,958,YC18:2290,False,False,11,11,10,True,,True
YC18:2291,F118,2,2018,306,YC18:2291,False,False,11,11,10,True,,True
YC18:2292,W809G,2,2018,992,YC18:2292,False,False,11,10,9,True,,True
YC18:2293,A321,2,2018,70,YC18:2293,False,False,11,11,10,True,,True
YC18:2295,FR19,2,2018,314,YC18:2295,False,False,11,11,10,True,,True
YC18:2296,K41,2,2018,406,YC18:2296,False,False,11,11,10,True,,True
YC18:2297,R229,2,2018,900,YC18:2297,False,False,11,11,10,False,genotype_not_observed_in_all_4_years,False
YC18:2298,W610S,2,2018,976,YC18:2298,False,False,11,9,8,True,,True
YC18:2299,Wf9,2,2018,1018,YC18:2299,False,False,11,11,10,False,genotype_not_observed_in_all_4_years,False
YC18:2300,MBPM,2,2018,534,YC18:2300,False,False,11,11,10,True,,True
YC18:2301,LH208,2,2018,480,YC18:2301,False,False,11,10,9,True,,True
YC18:2302,PHR62,2,2018,832,YC18:2302,False,False,11,10,9,False,genotype_not_observed_in_all_4_years,False
YC18:2303,B110,2,2018,150,YC18:2303,False,False,11,11,10,True,,True
YC18:2304,Va22,2,2018,932,YC18:2304,False,False,11,10,9,False,genotype_not_observed_in_all_4_years,False
YC18:2305,LH59,2,2018,510,YC18:2305,False,False,11,11,10,True,,True
YC18:2306,LH194,2,2018,462,YC18:2306,False,False,11,10,9,True,,True
YC18:2307,W607S,2,2018,974,YC18:2307,False,False,11,10,9,True,,True
YC18:2308,NC342,2,2018,638,YC18:2308,False,False,11,11,10,False,genotype_not_observed_in_all_4_years,False
YC18:2309,DE2,2,2018,270,YC18:2309,False,False,11,11,10,True,,True
YC18:2310,H96,2,2018,342,YC18:2310,False,False,11,10,9,True,,True
YC18:2311,MBST,2,2018,536,YC18:2311,False,False,11,11,10,False,genotype_not_observed_in_all_4_years,False
YC18:2312,B68,2,2018,184,YC18:2312,False,False,11,10,9,True,,True
YC18:2313,H121,2,2018,326,YC18:2313,False,False,11,11,10,True,,True
YC18:2314,N527,2,2018,614,YC18:2314,False,False,11,11,10,True,,True
YC18:2315,F2834T,2,2018,308,YC18:2315,False,False,11,11,10,True,,True
YC18:2316,WU-TAN-TZAO,2,2018,1028,YC18:2316,False,False,11,10,9,True,,True
YC18:2318,N28Ht,2,2018,608,YC18:2318,False,False,11,11,10,True,,True
YC18:2319,W803G,2,2018,990,YC18:2319,False,False,11,10,9,False,genotype_not_observed_in_all_4_years,False
YC18:2320,N217,2,2018,602,YC18:2320,False,False,11,10,9,True,,True
YC18:2321,B105,2,2018,142,YC18:2321,False,False,11,11,10,True,,True
YC18:2322,B2,2,2018,170,YC18:2322,False,False,11,11,10,True,,True
YC18:2324,B98,2,2018,228,YC18:2324,False,False,11,0,0,False,no_published_clean_observations,False
YC18:2325,INBRED 109,2,2018,388,YC18:2325,False,False,11,10,9,False,genotype_not_observed_in_all_4_years,False
YC18:2326,LH191,2,2018,456,YC18:2326,False,False,11,11,10,True,,True
YC18:2328,4N506,2,2018,44,YC18:2328,False,False,11,11,10,True,,True
YC18:2329,33-16,2,2018,34,YC18:2329,False,False,11,11,10,False,genotype_not_observed_in_all_4_years,False
YC18:2330,PHR31,2,2018,822,YC18:2330,False,False,11,11,10,True,,True
YC18:2331,Pa880,2,2018,706,YC18:2331,False,False,11,11,10,True,,True
YC18:2333,HP301,2,2018,346,YC18:2333,False,False,11,11,10,True,,True
YC18:2334,Va26,2,2018,934,YC18:2334,False,False,11,11,10,True,,True
YC18:2335,W820G,2,2018,1010,YC18:2335,False,False,11,11,10,False,genotype_not_observed_in_all_4_years,False
YC18:2336,W810G,2,2018,994,YC18:2336,False,False,11,11,10,True,,True
YC18:2337,4F-35 BK,2,2018,42,YC18:2337,False,False,11,0,0,False,no_published_clean_observations,False
YC18:2338,Tr,2,2018,924,YC18:2338,False,False,11,11,10,True,,True
YC18:2339,N7A,2,2018,622,YC18:2339,False,False,11,9,8,False,genotype_not_observed_in_all_4_years,False
YC18:2340,LH60,2,2018,512,YC18:2340,False,False,11,11,10,True,,True
YC18:2341,W37A,2,2018,960,YC18:2341,False,False,11,11,10,True,,True
YC18:2342,IDS69,2,2018,380,YC18:2342,False,False,11,11,10,True,,True
YC18:2343,WIL901,2,2018,1022,YC18:2343,False,False,11,10,9,False,genotype_not_observed_in_all_4_years,False
YC18:2344,B121,2,2018,162,YC18:2344,False,False,11,10,9,True,,True
YC18:2345,B66,2,2018,182,YC18:2345,False,False,11,11,10,True,,True
YC18:2346,DE811,2,2018,276,YC18:2346,False,False,11,10,9,True,,True
YC18:2347,L 289,2,2018,422,YC18:2347,False,False,11,11,10,True,,True
YC18:2349,PHW52,2,2018,870,YC18:2349,False,False,11,10,9,True,,True
YC18:2350,Hy,2,2018,352,YC18:2350,False,False,11,9,8,False,genotype_not_observed_in_all_4_years,False
YC18:2351,Seagull Seventeen,2,2018,918,YC18:2351,False,False,11,11,10,True,,True
YC18:2352,MS24A,2,2018,578,YC18:2352,False,False,11,11,10,True,,True
YC18:2353,A619,2,2018,92,YC18:2353,False,False,11,11,10,True,,True
YC18:2354,PHR47,2,2018,826,YC18:2354,False,False,11,11,10,True,,True
YC18:2356,PHW65,2,2018,874,YC18:2356,False,False,11,10,9,False,genotype_not_observed_in_all_4_years,False
YC18:2357,WIL900,2,2018,1020,YC18:2357,False,False,11,11,10,True,,True
YC18:2358,Os426,2,2018,692,YC18:2358,False,False,11,11,10,True,,True
YC18:2359,N215,2,2018,600,YC18:2359,False,False,11,10,9,False,genotype_not_observed_in_all_4_years,False
YC18:2360,LH128,2,2018,430,YC18:2360,False,False,11,11,10,True,,True
YC18:2361,OC19,2,2018,676,YC18:2361,False,False,11,10,9,False,genotype_not_observed_in_all_4_years,False
YC18:2362,Pa91,2,2018,708,YC18:2362,False,False,11,11,10,True,,True
YC18:2363,CQ702RC,2,2018,260,YC18:2363,False,False,11,11,10,True,,True
YC18:2364,PHPR5,2,2018,816,YC18:2364,False,False,11,11,10,True,,True
YC18:2365,LH185,2,2018,452,YC18:2365,False,False,11,10,9,True,,True
YC18:2366,INBRED 321,2,2018,398,YC18:2366,False,False,11,11,10,True,,True
YC18:2367,K55,2,2018,410,YC18:2367,False,False,11,10,9,True,,True
YC18:2368,W811G,2,2018,996,YC18:2368,False,False,11,10,9,False,genotype_not_observed_in_all_4_years,False
YC18:2369,H105W,2,2018,318,YC18:2369,False,False,11,11,10,False,genotype_not_observed_in_all_4_years,False
YC18:2370,R226,2,2018,896,YC18:2370,False,False,11,11,10,True,,True
YC18:2371,NS701,2,2018,666,YC18:2371,False,False,11,11,10,True,,True
YC18:2372,LH65,2,2018,516,YC18:2372,False,False,11,11,10,False,genotype_not_observed_in_all_4_years,False
YC18:2373,W815G,2,2018,1004,YC18:2373,False,False,11,10,9,False,genotype_not_observed_in_all_4_years,False
YC18:2374,CO257,2,2018,256,YC18:2374,False,False,11,11,10,True,,True
YC18:2375,PHJ33,2,2018,768,YC18:2375,False,False,11,11,10,False,genotype_not_observed_in_all_4_years,False
YC18:2376,N200,2,2018,592,YC18:2376,False,False,11,10,9,False,genotype_not_observed_in_all_4_years,False
YC18:2377,NC290A,2,2018,628,YC18:2377,False,False,11,10,9,False,genotype_not_observed_in_all_4_years,False
YC18:2379,PHT55,2,2018,842,YC18:2379,False,False,11,10,9,True,,True
YC18:2380,2MCDB,2,2018,32,YC18:2380,False,False,11,11,10,True,,True
YC18:2381,LH211,2,2018,484,YC18:2381,False,False,11,11,10,False,genotype_not_observed_in_all_4_years,False
YC18:2382,B47,2,2018,176,YC18:2382,False,False,11,11,10,False,genotype_not_observed_in_all_4_years,False
YC18:2383,H71,2,2018,334,YC18:2383,False,False,11,11,10,True,,True
YC18:2384,INBRED 305,2,2018,394,YC18:2384,False,False,11,11,10,True,,True
YC18:2385,LH216,2,2018,492,YC18:2385,False,False,11,11,10,False,genotype_not_observed_in_all_4_years,False
YC18:2386,S8326,2,2018,906,YC18:2386,False,False,11,11,10,True,,True
YC18:2387,LH195,2,2018,464,YC18:2387,False,False,11,11,10,True,,True
YC18:2388,PHZ51,2,2018,884,YC18:2388,False,False,11,11,10,True,,True
YC18:2390,DK78371A,2,2018,288,YC18:2390,False,False,11,0,0,False,no_published_clean_observations,False
YC18:2391,LH190,2,2018,454,YC18:2391,False,False,11,11,10,True,,True
YC18:2392,Yu796 NS,2,2018,1038,YC18:2392,False,False,11,11,10,True,,True
YC18:2393,H122w,2,2018,328,YC18:2393,False,False,11,11,10,True,,True
YC18:2394,H95,2,2018,340,YC18:2394,False,False,11,10,9,True,,True
YC18:2395,Pa762,2,2018,700,YC18:2395,False,False,11,11,10,True,,True
YC18:2396,Il778d,2,2018,384,YC18:2396,False,False,11,0,0,False,no_published_clean_observations,False
YC18:2397,B120,2,2018,160,YC18:2397,False,False,11,11,10,True,,True
YC18:2398,N523,2,2018,612,YC18:2398,False,False,11,11,10,True,,True
YC18:2399,YING-55,2,2018,1034,YC18:2399,False,False,11,11,10,True,,True
YC18:2400,B79,2,2018,214,YC18:2400,False,False,11,10,9,True,,True
YC18:2401,B109,2,2018,148,YC18:2401,False,False,11,11,10,False,genotype_not_observed_in_all_4_years,False
YC18:2402,B119,2,2018,158,YC18:2402,False,False,11,11,10,True,,True
YC18:2403,PHW43,2,2018,868,YC18:2403,False,False,11,0,0,False,no_published_clean_observations,False
YC18:2404,INB 101LFY/LFY (A632 X M16 S5),2,2018,386,YC18:2404,False,False,11,11,10,True,,True
YC18:2405,J47,2,2018,400,YC18:2405,False,False,11,11,10,True,,True
YC18:2406,W24,2,2018,956,YC18:2406,False,False,11,11,10,True,,True
YC18:2407,B108,2,2018,146,YC18:2407,False,False,11,11,10,True,,True
YC18:2408,VaW6,2,2018,944,YC18:2408,False,False,11,11,10,True,,True
YC18:2409,PHK93,2,2018,790,YC18:2409,False,False,11,0,0,False,no_published_clean_observations,False
YC18:2410,H5,2,2018,332,YC18:2410,False,False,11,11,10,True,,True
YC18:2411,R78,2,2018,904,YC18:2411,False,False,11,11,10,True,,True
YC18:2412,YE 4,2,2018,1032,YC18:2412,False,False,11,11,10,True,,True
YC18:2413,PHW53,2,2018,872,YC18:2413,False,False,11,11,10,True,,True
YC18:2414,B37,2,2018,172,YC18:2414,False,False,11,11,10,True,,True
YC18:2415,N209,2,2018,596,YC18:2415,False,False,11,11,10,False,genotype_not_observed_in_all_4_years,False
YC18:2416,PHT22,2,2018,838,YC18:2416,False,False,11,0,0,False,no_published_clean_observations,False
YC18:2417,PHEG9,2,2018,740,YC18:2417,False,False,11,11,10,False,genotype_not_observed_in_all_4_years,False
YC18:2418,B77,2,2018,212,YC18:2418,False,False,11,11,10,True,,True
YC18:2419,NC294,2,2018,630,YC18:2419,False,False,11,11,10,True,,True
YC18:2420,NC250,2,2018,624,YC18:2420,False,False,11,11,10,False,genotype_not_observed_in_all_4_years,False
YC18:2421,Pa778,2,2018,702,YC18:2421,False,False,11,10,9,False,genotype_not_observed_in_all_4_years,False
YC18:2422,MS221,2,2018,570,YC18:2422,False,False,11,11,10,True,,True
YC18:2423,NKS8326,2,2018,658,YC18:2423,False,False,11,11,10,True,,True
YC18:2425,K150,2,2018,404,YC18:2425,False,False,11,11,10,True,,True
YC18:2426,A797NW,2,2018,126,YC18:2426,False,False,11,11,10,False,genotype_not_observed_in_all_4_years,False
YC18:2427,B88,2,2018,222,YC18:2427,False,False,11,0,0,True,no_published_clean_observations,False
YC18:2428,R168,2,2018,890,YC18:2428,False,False,11,11,10,True,,True
YC18:2429,NK740,2,2018,652,YC18:2429,False,False,11,11,10,True,,True
YC18:2430,N211,2,2018,598,YC18:2430,False,False,11,10,9,True,,True
YC18:2431,LH213,2,2018,486,YC18:2431,False,False,11,10,9,True,,True
YC18:2432,HUANYAO,2,2018,348,YC18:2432,False,False,11,10,9,True,,True
YC18:2433,W812G,2,2018,998,YC18:2433,False,False,11,10,9,True,,True
YC18:2434,PHV78,2,2018,854,YC18:2434,False,False,11,10,9,False,genotype_not_observed_in_all_4_years,False
YC18:2435,B70,2,2018,186,YC18:2435,False,False,11,9,8,True,,True
YC18:2436,NY 166 (Neveh Yaar),2,2018,670,YC18:2436,False,False,11,11,10,True,,True
YC18:2437,87916W,2,2018,54,YC18:2437,False,False,11,11,10,True,,True
YC18:2438,INBRED 141,2,2018,390,YC18:2438,False,False,11,10,9,True,,True
YC18:2439,YONG 28,2,2018,1036,YC18:2439,False,False,11,10,9,False,genotype_not_observed_in_all_4_years,False
YC18:2440,LP1 NR HT,2,2018,526,YC18:2440,False,False,11,11,10,True,,True
YC18:2441,R227,2,2018,898,YC18:2441,False,False,11,11,10,True,,True
YC18:2442,Oh7,2,2018,684,YC18:2442,False,False,11,10,9,True,,True
YC18:2443,H84,2,2018,336,YC18:2443,False,False,11,11,10,True,,True
YC18:2444,PHK29,2,2018,778,YC18:2444,False,False,11,11,10,False,genotype_not_observed_in_all_4_years,False
YC18:2445,LH224,2,2018,498,YC18:2445,False,False,11,10,9,True,,True
YC18:2446,PHK35,2,2018,780,YC18:2446,False,False,11,9,8,True,,True
YC18:2447,PHN34,2,2018,800,YC18:2447,False,False,11,10,9,False,genotype_not_observed_in_all_4_years,False
YC18:2448,6M502,2,2018,48,YC18:2448,False,False,11,0,0,True,no_published_clean_observations,False
YC18:2449,PHW79,2,2018,876,YC18:2449,False,False,11,10,9,True,,True
YC18:2450,W23,2,2018,954,YC18:2450,False,False,11,11,10,True,,True
YC18:2451,A,2,2018,58,YC18:2451,False,False,11,10,9,True,,True
YC18:2452,B84,2,2018,216,YC18:2452,False,False,11,11,10,True,,True
YC18:2453,LH204,2,2018,474,YC18:2453,False,False,11,11,10,True,,True
YC18:2454,E8501,2,2018,300,YC18:2454,False,False,11,11,10,True,,True
YC18:2455,W819G,2,2018,1008,YC18:2455,False,False,11,10,9,False,genotype_not_observed_in_all_4_years,False
YC18:2456,CH701-30,2,2018,244,YC18:2456,False,False,11,11,10,True,,True
YC18:2457,H113,2,2018,322,YC18:2457,False,False,11,11,10,True,,True
YC18:2458,LH215,2,2018,490,YC18:2458,False,False,11,11,10,True,,True
YC18:2459,NC412,2,2018,642,YC18:2459,False,False,11,11,10,True,,True
YC18:2460,LH197,2,2018,466,YC18:2460,False,False,11,11,10,True,,True
YC18:2461,PHBB3,2,2018,736,YC18:2461,False,False,11,11,10,True,,True
YC18:2462,6M502A,2,2018,50,YC18:2462,False,False,11,11,10,True,,True
YC18:2463,N218,2,2018,604,YC18:2463,False,False,11,11,10,False,genotype_not_observed_in_all_4_years,False
YC18:2464,PHV63,2,2018,852,YC18:2464,False,False,11,11,10,True,,True
YC18:2465,Va17,2,2018,930,YC18:2465,False,False,11,11,10,False,genotype_not_observed_in_all_4_years,False
YC18:2466,PHG35,2,2018,744,YC18:2466,False,False,11,0,0,False,no_published_clean_observations,False
YC18:2467,ZS365,2,2018,1040,YC18:2467,False,False,11,11,10,False,genotype_not_observed_in_all_4_years,False
YC18:2468,PHG83,2,2018,756,YC18:2468,False,False,11,11,10,True,,True
YC18:2469,KUNG-70,2,2018,412,YC18:2469,False,False,11,10,9,True,,True
YC18:2470,PHN46,2,2018,802,YC18:2470,False,False,11,11,10,False,genotype_not_observed_in_all_4_years,False
YC18:2471,N542,2,2018,618,YC18:2471,False,False,11,10,9,True,,True
YC18:2472,78551S,2,2018,52,YC18:2472,False,False,11,9,8,True,,True
YC18:2473,R71,2,2018,902,YC18:2473,False,False,11,11,10,True,,True
YC18:2474,LH192,2,2018,458,YC18:2474,False,False,11,11,10,True,,True
YC18:2475,Va59,2,2018,940,YC18:2475,False,False,11,10,9,True,,True
YC18:2476,LH193,2,2018,460,YC18:2476,False,False,11,0,0,False,no_published_clean_observations,False
YC18:2477,H110,2,2018,320,YC18:2477,False,False,11,11,10,True,,True
YC18:2478,B14,2,2018,164,YC18:2478,False,False,11,10,9,True,,True
YC18:2479,LH205,2,2018,476,YC18:2479,False,False,11,10,9,True,,True
YC18:2480,B164,2,2018,168,YC18:2480,False,False,11,10,9,True,,True
YC18:2481,PHR58,2,2018,830,YC18:2481,False,False,11,11,10,True,,True
YC18:2482,PHR03,2,2018,818,YC18:2482,False,False,11,11,10,True,,True
YC18:2483,HUOBAI,2,2018,350,YC18:2483,False,False,11,9,8,False,genotype_not_observed_in_all_4_years,False
YC18:2484,PHT47,2,2018,840,YC18:2484,False,False,11,10,9,True,,True
YC18:2485,R177,2,2018,892,YC18:2485,False,False,11,10,9,False,genotype_not_observed_in_all_4_years,False
YC18:2486,MM501D,2,2018,544,YC18:2486,False,False,11,9,8,True,,True
YC18:2487,B104,2,2018,140,YC18:2487,False,False,11,9,8,True,,True
YC18:2488,PHWG5,2,2018,882,YC18:2488,False,False,11,10,9,False,genotype_not_observed_in_all_4_years,False
YC18:2489,4F-234 BX 4,2,2018,38,YC18:2489,False,False,11,11,10,False,genotype_not_observed_in_all_4_years,False
YC18:2490,WIL903,2,2018,1024,YC18:2490,False,False,11,9,8,False,genotype_not_observed_in_all_4_years,False
YC18:2491,B75,2,2018,208,YC18:2491,False,False,11,10,9,True,,True
YC18:2492,INBRED 309,2,2018,396,YC18:2492,False,False,11,10,9,True,,True
YC18:2493,LH1,2,2018,424,YC18:2493,False,False,11,10,9,True,,True
YC18:2494,PHM10,2,2018,794,YC18:2494,False,False,11,10,9,True,,True
YC18:2495,PHN29,2,2018,798,YC18:2495,False,False,11,10,9,True,,True
YC18:2496,PHP85,2,2018,814,YC18:2496,False,False,11,11,10,True,,True
YC18:2497,PHR55,2,2018,828,YC18:2497,False,False,11,11,10,False,genotype_not_observed_in_all_4_years,False
YC18:2498,CO258,2,2018,258,YC18:2498,False,False,11,0,0,True,no_published_clean_observations,False
YC18:2499,IDS91,2,2018,382,YC18:2499,False,False,11,10,9,True,,True
YC18:2500,LH214,2,2018,488,YC18:2500,False,False,11,11,10,True,,True
YC18:2501,W611S,2,2018,978,YC18:2501,False,False,11,10,9,False,genotype_not_observed_in_all_4_years,False
YC18:2502,TZU-CHIAO-HSI-WU 105,2,2018,926,YC18:2502,False,False,11,10,9,True,,True
YC18:2503,SG 30A,2,2018,920,YC18:2503,False,False,11,11,10,True,,True
YC18:2504,B46,2,2018,174,YC18:2504,False,False,11,11,10,True,,True
YC18:2505,W606S,2,2018,972,YC18:2505,False,False,11,11,10,False,genotype_not_observed_in_all_4_years,False
YC18:2506,N534,2,2018,616,YC18:2506,False,False,11,11,10,True,,True
YC18:2507,B97,2,2018,226,YC18:2507,False,False,11,11,10,True,,True
YC18:2508,PHK56,2,2018,784,YC18:2508,False,False,11,11,10,True,,True
YC18:2510,N28,2,2018,606,YC18:2510,False,False,11,0,0,False,no_published_clean_observations,False
YC18:2511,K47,2,2018,408,YC18:2511,False,False,11,11,10,True,,True
YC18:2512,MS67,2,2018,580,YC18:2512,False,False,11,11,10,True,,True
YC18:2513,Pa875,2,2018,704,YC18:2513,False,False,11,11,10,True,,True
YC18:2514,B111,2,2018,152,YC18:2514,False,False,11,11,10,True,,True
YC18:2515,W22,2,2018,952,YC18:2515,False,False,11,11,10,True,,True
YC18:2516,PHHH9,2,2018,764,YC18:2516,False,False,11,11,10,False,genotype_not_observed_in_all_4_years,False
YC18:2517,M14,2,2018,532,YC18:2517,False,False,11,11,10,True,,True
YC18:2518,W813G,2,2018,1000,YC18:2518,False,False,11,11,10,True,,True
YC18:2519,NC328,2,2018,636,YC18:2519,False,False,11,11,10,True,,True
YC18:2520,LH199,2,2018,470,YC18:2520,False,False,11,11,10,True,,True
YC19:1001,PHJR5,1,2019,775,YC19:1001,False,False,17,17,17,True,,True
YC19:1002,DJ7,1,2019,277,YC19:1002,False,False,17,16,16,True,,True
YC19:1003,SD107,1,2019,911,YC19:1003,False,False,17,17,17,True,,True
YC19:1004,NS501,1,2019,663,YC19:1004,False,False,17,15,15,True,,True
YC19:1005,1538,1,2019,15,YC19:1005,False,False,17,17,17,True,,True
YC19:1006,CR 22 INBRED,1,2019,261,YC19:1006,False,False,17,17,17,True,,True
YC19:1007,ICI 441,1,2019,367,YC19:1007,False,False,17,17,17,False,genotype_not_observed_in_all_4_years,False
YC19:1008,78010,1,2019,21,YC19:1008,False,False,17,16,16,True,,True
YC19:1009,SD44,1,2019,915,YC19:1009,False,False,17,16,16,True,,True
YC19:1010,C123,1,2019,235,YC19:1010,False,False,17,17,17,True,,True
YC19:1011,MS226,1,2019,575,YC19:1011,False,False,17,17,17,True,,True
YC19:1012,4F-306 108,1,2019,39,YC19:1012,False,False,17,15,15,True,,True
YC19:1013,BO9,1,2019,231,YC19:1013,False,False,17,17,17,True,,True
YC19:1014,A73,1,2019,123,YC19:1014,False,False,17,16,16,True,,True
YC19:1015,790,1,2019,5,YC19:1015,False,False,17,17,17,True,,True
YC19:1016,DK78010,1,2019,285,YC19:1016,False,False,17,17,17,True,,True
YC19:1018,LIBC 4,1,2019,523,YC19:1018,False,False,17,17,17,True,,True
YC19:1019,PHB47,1,2019,731,YC19:1019,False,False,17,16,16,True,,True
YC19:1020,PHW30,1,2019,865,YC19:1020,False,False,17,0,0,True,no_published_clean_observations,False
YC19:1021,A635,1,2019,99,YC19:1021,False,False,17,0,0,True,no_published_clean_observations,False
YC19:1022,DKFBHJ,1,2019,291,YC19:1022,False,False,17,17,17,True,,True
YC19:1024,NK807,1,2019,655,YC19:1024,False,False,17,16,16,True,,True
YC19:1025,PHW17,1,2019,861,YC19:1025,False,False,17,16,16,True,,True
YC19:1026,B87,1,2019,219,YC19:1026,False,False,17,17,17,True,,True
YC19:1027,CI 40H,1,2019,251,YC19:1027,False,False,17,17,17,True,,True
YC19:1028,ND265,1,2019,649,YC19:1028,False,False,17,17,17,True,,True
YC19:1029,ZS635,1,2019,1041,YC19:1029,False,False,17,17,17,True,,True
YC19:1030,LH93,1,2019,521,YC19:1030,False,False,17,15,15,True,,True
YC19:1031,A659,1,2019,107,YC19:1031,False,False,17,17,17,True,,True
YC19:1032,PHN11,1,2019,795,YC19:1032,False,False,17,15,15,True,,True
YC19:1033,N193,1,2019,587,YC19:1033,False,False,17,16,16,True,,True
YC19:1034,A71,1,2019,121,YC19:1034,False,False,17,15,15,True,,True
YC19:1035,LH149,1,2019,439,YC19:1035,False,False,17,17,17,True,,True
YC19:1036,NY 159 (Neveh Yaar),1,2019,667,YC19:1036,False,False,17,0,0,False,no_published_clean_observations,False
YC19:1037,A208,1,2019,59,YC19:1037,False,False,17,16,16,True,,True
YC19:1038,Pa405,1,2019,697,YC19:1038,False,False,17,16,16,True,,True
YC19:1039,A272,1,2019,65,YC19:1039,False,False,17,17,17,True,,True
YC19:1040,A627,1,2019,93,YC19:1040,False,False,17,16,16,True,,True
YC19:1041,CH9,1,2019,249,YC19:1041,False,False,17,17,17,True,,True
YC19:1042,DKIB014,1,2019,293,YC19:1042,False,False,17,15,15,False,genotype_not_observed_in_all_4_years,False
YC19:1043,N201,1,2019,593,YC19:1043,False,False,17,0,0,True,no_published_clean_observations,False
YC19:1044,MQ305,1,2019,555,YC19:1044,False,False,17,16,16,True,,True
YC19:1045,LH132 - FILL B73,1,2019,431,YC19:1045,False,False,17,15,15,False,genotype_not_observed_in_all_4_years,False
YC19:1046,NORTH 7,1,2019,659,YC19:1046,False,False,17,15,15,True,,True
YC19:1047,SD40,1,2019,913,YC19:1047,False,False,17,16,16,True,,True
YC19:1048,W64A,1,2019,985,YC19:1048,False,False,17,16,16,True,,True
YC19:1049,C103,1,2019,233,YC19:1049,False,False,17,17,17,True,,True
YC19:1050,Os420,1,2019,689,YC19:1050,False,False,17,17,17,True,,True
YC19:1051,OH33,1,2019,677,YC19:1051,False,False,17,15,15,True,,True
YC19:1053,G80,1,2019,315,YC19:1053,False,False,17,17,17,True,,True
YC19:1054,LH61,1,2019,513,YC19:1054,False,False,17,16,16,True,,True
YC19:1055,PHB09,1,2019,729,YC19:1055,False,False,17,16,16,True,,True
YC19:1056,L 127,1,2019,413,YC19:1056,False,False,17,17,17,True,,True
YC19:1057,DKFAPW,1,2019,289,YC19:1057,False,False,17,16,16,True,,True
YC19:1058,A680,1,2019,117,YC19:1058,False,False,17,15,15,True,,True
YC19:1059,MS225,1,2019,573,YC19:1059,False,False,17,16,16,True,,True
YC19:1060,B76,1,2019,209,YC19:1060,False,False,17,16,16,True,,True
YC19:1061,H42,1,2019,329,YC19:1061,False,False,17,16,16,True,,True
YC19:1062,W605S,1,2019,969,YC19:1062,False,False,17,17,17,True,,True
YC19:1063,LH54,1,2019,505,YC19:1063,False,False,17,15,15,False,genotype_not_observed_in_all_4_years,False
YC19:1064,W552,1,2019,961,YC19:1064,False,False,17,16,16,True,,True
YC19:1065,PHKE6,1,2019,791,YC19:1065,False,False,17,16,16,True,,True
YC19:1066,DKPB80,1,2019,297,YC19:1066,False,False,17,17,17,True,,True
YC19:1067,I29,1,2019,353,YC19:1067,False,False,17,0,0,True,no_published_clean_observations,False
YC19:1068,Ny821,1,2019,673,YC19:1068,False,False,17,17,17,True,,True
YC19:1069,PHN66,1,2019,803,YC19:1069,False,False,17,15,15,True,,True
YC19:1070,B-18 INBR.FR.SUPERGOLD,1,2019,133,YC19:1070,False,False,17,16,16,True,,True
YC19:1071,LP5,1,2019,529,YC19:1071,False,False,17,0,0,True,no_published_clean_observations,False
YC19:1072,LH172,1,2019,445,YC19:1072,False,False,17,15,15,True,,True
YC19:1073,LH145,1,2019,435,YC19:1073,False,False,17,17,17,True,,True
YC19:1074,N6,1,2019,619,YC19:1074,False,False,17,17,17,True,,True
YC19:1076,AQA3,1,2019,127,YC19:1076,False,False,17,16,16,True,,True
YC19:1077,WR3,1,2019,1025,YC19:1077,False,False,17,16,16,True,,True
YC19:1078,2MA22,1,2019,29,YC19:1078,False,False,17,17,17,True,,True
YC19:1079,PHP76,1,2019,811,YC19:1079,False,False,17,16,16,True,,True
YC19:1080,IBC2,1,2019,363,YC19:1080,False,False,17,16,16,True,,True
YC19:1081,R181B,1,2019,893,YC19:1081,False,False,17,17,17,True,,True
YC19:1082,A427,1,2019,83,YC19:1082,False,False,17,17,17,True,,True
YC19:1083,Pa392,1,2019,695,YC19:1083,False,False,17,17,17,True,,True
YC19:1084,PHK42,1,2019,781,YC19:1084,False,False,17,17,17,True,,True
YC19:1085,OS602,1,2019,693,YC19:1085,False,False,17,16,16,True,,True
YC19:1086,PHG50,1,2019,747,YC19:1086,False,False,17,17,17,True,,True
YC19:1087,PHG72,1,2019,751,YC19:1087,False,False,17,17,17,True,,True
YC19:1088,B114,1,2019,153,YC19:1088,False,False,17,16,16,True,,True
YC19:1089,FC46,1,2019,311,YC19:1089,False,False,17,17,17,False,genotype_not_observed_in_all_4_years,False
YC19:1090,PHH93,1,2019,761,YC19:1090,False,False,17,17,17,True,,True
YC19:1091,PHBW8,1,2019,737,YC19:1091,False,False,17,15,15,True,,True
YC19:1092,A305,1,2019,67,YC19:1092,False,False,17,17,17,True,,True
YC19:1093,PHVA9,1,2019,855,YC19:1093,False,False,17,17,17,True,,True
YC19:1094,A385,1,2019,79,YC19:1094,False,False,17,15,15,True,,True
YC19:1095,792,1,2019,7,YC19:1095,False,False,17,0,0,False,no_published_clean_observations,False
YC19:1096,ML606,1,2019,541,YC19:1096,False,False,17,17,17,True,,True
YC19:1097,LH202,1,2019,471,YC19:1097,False,False,17,17,17,True,,True
YC19:1098,PHHV4,1,2019,765,YC19:1098,False,False,17,15,15,True,,True
YC19:1099,PHK76,1,2019,787,YC19:1099,False,False,17,0,0,False,no_published_clean_observations,False
YC19:1100,A548,1,2019,85,YC19:1100,False,False,17,16,16,True,,True
YC19:1101,BEI 10 = NORTH 10,1,2019,229,YC19:1101,False,False,17,17,17,True,,True
YC19:1102,4226,1,2019,19,YC19:1102,False,False,17,17,17,True,,True
YC19:1103,A649,1,2019,105,YC19:1103,False,False,17,15,15,True,,True
YC19:1104,A634,1,2019,97,YC19:1104,False,False,17,16,16,True,,True
YC19:1106,ICI 740,1,2019,369,YC19:1106,False,False,17,17,17,True,,True
YC19:1107,LH184,1,2019,449,YC19:1107,False,False,17,17,17,True,,True
YC19:1108,911,1,2019,11,YC19:1108,False,False,17,17,17,True,,True
YC19:1109,PHG80,1,2019,753,YC19:1109,False,False,17,17,17,True,,True
YC19:1110,A374,1,2019,77,YC19:1110,False,False,17,16,16,True,,True
YC19:1111,FBLA,1,2019,309,YC19:1111,False,False,17,17,17,True,,True
YC19:1112,PHK74,1,2019,785,YC19:1112,False,False,17,17,17,True,,True
YC19:1113,Ia 453,1,2019,355,YC19:1113,False,False,17,16,16,True,,True
YC19:1114,MS72,1,2019,583,YC19:1114,False,False,17,17,17,True,,True
YC19:1115,A572,1,2019,89,YC19:1115,False,False,17,16,16,True,,True
YC19:1116,A663,1,2019,109,YC19:1116,False,False,17,15,15,True,,True
YC19:1117,6F629,1,2019,45,YC19:1117,False,False,17,0,0,True,no_published_clean_observations,False
YC19:1118,LH206,1,2019,477,YC19:1118,False,False,17,16,16,True,,True
YC19:1119,W8304,1,2019,1013,YC19:1119,False,False,17,16,16,True,,True
YC19:1120,W604S,1,2019,967,YC19:1120,False,False,17,17,17,True,,True
YC19:1121,PHV37,1,2019,847,YC19:1121,False,False,17,17,17,True,,True
YC19:1122,A322,1,2019,71,YC19:1122,False,False,17,16,16,True,,True
YC19:1123,A334,1,2019,73,YC19:1123,False,False,17,17,17,True,,True
YC19:1124,LH74,1,2019,517,YC19:1124,False,False,17,17,17,True,,True
YC19:1125,29MIBZ2,1,2019,23,YC19:1125,False,False,17,17,17,True,,True
YC19:1127,ND247,1,2019,643,YC19:1127,False,False,17,0,0,True,no_published_clean_observations,False
YC19:1128,A258,1,2019,63,YC19:1128,False,False,17,15,15,True,,True
YC19:1129,MS211,1,2019,567,YC19:1129,False,False,17,17,17,True,,True
YC19:1130,LH82,1,2019,519,YC19:1130,False,False,17,15,15,True,,True
YC19:1131,LH166,1,2019,443,YC19:1131,False,False,17,15,15,True,,True
YC19:1132,Eng-Li Chih,1,2019,303,YC19:1132,False,False,17,16,16,True,,True
YC19:1133,B-28,1,2019,135,YC19:1133,False,False,17,17,17,True,,True
YC19:1134,ICI 986,1,2019,373,YC19:1134,False,False,17,17,17,True,,True
YC19:1135,Oh43,1,2019,681,YC19:1135,False,False,17,17,17,True,,True
YC19:1136,L 135,1,2019,415,YC19:1136,False,False,17,16,16,True,,True
YC19:1137,INBRED 2-687,1,2019,391,YC19:1137,False,False,17,17,17,True,,True
YC19:1138,NC310,1,2019,631,YC19:1138,False,False,17,17,17,True,,True
YC19:1139,ICI 193,1,2019,365,YC19:1139,False,False,17,16,16,True,,True
YC19:1140,2FADB,1,2019,27,YC19:1140,False,False,17,17,17,True,,True
YC19:1141,2369,1,2019,17,YC19:1141,False,False,17,16,16,True,,True
YC19:1142,EAST 028,1,2019,301,YC19:1142,False,False,17,0,0,True,no_published_clean_observations,False
YC19:1143,PHW86,1,2019,879,YC19:1143,False,False,17,17,17,True,,True
YC19:1144,PHVJ4,1,2019,857,YC19:1144,False,False,17,17,17,False,genotype_not_observed_in_all_4_years,False
YC19:1145,L 155,1,2019,419,YC19:1145,False,False,17,16,16,True,,True
YC19:1146,Va99,1,2019,941,YC19:1146,False,False,17,17,17,True,,True
YC19:1147,B115,1,2019,155,YC19:1147,False,False,17,0,0,True,no_published_clean_observations,False
YC19:1149,NQ508,1,2019,661,YC19:1149,False,False,17,16,16,True,,True
YC19:1150,W602S,1,2019,963,YC19:1150,False,False,17,0,0,False,no_published_clean_observations,False
YC19:1151,CM105,1,2019,253,YC19:1151,False,False,17,17,17,True,,True
YC19:1152,AS6103,1,2019,129,YC19:1152,False,False,17,16,16,True,,True
YC19:1153,Oh40B,1,2019,679,YC19:1153,False,False,17,16,16,True,,True
YC19:1154,LH295,1,2019,501,YC19:1154,False,False,17,17,17,True,,True
YC19:1155,793,1,2019,9,YC19:1155,False,False,17,16,16,True,,True
YC19:1156,IBB15,1,2019,361,YC19:1156,False,False,17,17,17,True,,True
YC19:1157,LH198,1,2019,467,YC19:1157,False,False,17,15,15,True,,True
YC19:1158,MS200,1,2019,565,YC19:1158,False,False,17,16,16,True,,True
YC19:1159,MS1334,1,2019,561,YC19:1159,False,False,17,0,0,False,no_published_clean_observations,False
YC19:1160,MS224,1,2019,571,YC19:1160,False,False,17,0,0,True,no_published_clean_observations,False
YC19:1161,W613S,1,2019,981,YC19:1161,False,False,17,15,15,False,genotype_not_observed_in_all_4_years,False
YC19:1162,LH57,1,2019,507,YC19:1162,False,False,17,16,16,False,genotype_not_observed_in_all_4_years,False
YC19:1163,W182E,1,2019,949,YC19:1163,False,False,17,16,16,False,genotype_not_observed_in_all_4_years,False
YC19:1164,OQ603,1,2019,687,YC19:1164,False,False,17,17,17,True,,True
YC19:1165,A648,1,2019,103,YC19:1165,False,False,17,17,17,True,,True
YC19:1166,W603S,1,2019,965,YC19:1166,False,False,17,0,0,True,no_published_clean_observations,False
YC19:1167,912,1,2019,13,YC19:1167,False,False,17,17,17,True,,True
YC19:1168,PHW80,1,2019,877,YC19:1168,False,False,17,17,17,True,,True
YC19:1169,DK78002A,1,2019,283,YC19:1169,False,False,17,17,17,True,,True
YC19:1170,W614S,1,2019,983,YC19:1170,False,False,17,0,0,True,no_published_clean_observations,False
YC19:1171,W117Ht,1,2019,945,YC19:1171,False,False,17,0,0,True,no_published_clean_observations,False
YC19:1172,Mo17,1,2019,545,YC19:1172,False,False,17,15,15,False,genotype_not_observed_in_all_4_years,False
YC19:1173,PHW20,1,2019,863,YC19:1173,False,False,17,15,15,True,,True
YC19:1174,W153R,1,2019,947,YC19:1174,False,False,17,0,0,True,no_published_clean_observations,False
YC19:1175,LH127,1,2019,427,YC19:1175,False,False,17,15,15,False,genotype_not_observed_in_all_4_years,False
YC19:1176,A401,1,2019,81,YC19:1176,False,False,17,17,17,False,genotype_not_observed_in_all_4_years,False
YC19:1177,2FACC,1,2019,25,YC19:1177,False,False,17,17,17,True,,True
YC19:1178,N192,1,2019,585,YC19:1178,False,False,17,17,17,True,,True
YC19:1179,PHR36,1,2019,823,YC19:1179,False,False,17,16,16,True,,True
YC19:1180,W9,1,2019,1015,YC19:1180,False,False,17,16,16,True,,True
YC19:1181,A556,1,2019,87,YC19:1181,False,False,17,17,17,True,,True
YC19:1182,91IFC2,1,2019,55,YC19:1182,False,False,17,17,17,True,,True
YC19:1183,ICI 893,1,2019,371,YC19:1183,False,False,17,17,17,True,,True
YC19:1184,B103,1,2019,137,YC19:1184,False,False,17,17,17,True,,True
YC19:1185,A682,1,2019,119,YC19:1185,False,False,17,17,17,True,,True
YC19:1186,764,1,2019,3,YC19:1186,False,False,17,16,16,True,,True
YC19:1187,LH143 (Maintainer),1,2019,433,YC19:1187,False,False,17,15,15,True,,True
YC19:1188,PHP55,1,2019,809,YC19:1188,False,False,17,17,17,True,,True
YC19:1189,A641,1,2019,101,YC19:1189,False,False,17,0,0,True,no_published_clean_observations,False
YC19:1190,MS132,1,2019,559,YC19:1190,False,False,17,17,17,True,,True
YC19:1191,3IJI1,1,2019,35,YC19:1191,False,False,17,15,15,True,,True
YC19:1192,PHT69,1,2019,843,YC19:1192,False,False,17,15,15,False,genotype_not_observed_in_all_4_years,False
YC19:1193,Mo47,1,2019,551,YC19:1193,False,False,17,17,17,True,,True
YC19:1194,DK4676A,1,2019,281,YC19:1194,False,False,17,15,15,True,,True
YC19:1195,A672,1,2019,111,YC19:1195,False,False,17,16,16,True,,True
YC19:1196,A674,1,2019,113,YC19:1196,False,False,17,17,17,True,,True
YC19:1198,H99,1,2019,343,YC19:1198,False,False,17,17,17,True,,True
YC19:1199,B107,1,2019,143,YC19:1199,False,False,17,15,15,True,,True
YC19:1200,PHR30,1,2019,819,YC19:1200,False,False,17,17,17,True,,True
YC19:1201,Lp215D,1,2019,527,YC19:1201,False,False,17,17,17,True,,True
YC19:1202,PHBA6,1,2019,733,YC19:1202,False,False,17,17,17,True,,True
YC19:1203,DKMBNA,1,2019,295,YC19:1203,False,False,17,17,17,True,,True
YC19:1204,NC262,1,2019,625,YC19:1204,False,False,17,16,16,True,,True
YC19:1205,PHN82,1,2019,805,YC19:1205,False,False,17,17,17,False,genotype_not_observed_in_all_4_years,False
YC19:1206,DE4,1,2019,273,YC19:1206,False,False,17,17,17,True,,True
YC19:1207,PHR63,1,2019,833,YC19:1207,False,False,17,16,16,True,,True
YC19:1208,A632,1,2019,95,YC19:1208,False,False,17,17,17,True,,True
YC19:1211,MEF156-55-2,1,2019,539,YC19:1211,False,False,17,16,16,True,,True
YC19:1212,LH38,1,2019,503,YC19:1212,False,False,17,0,0,False,no_published_clean_observations,False
YC19:1213,PHG71,1,2019,749,YC19:1213,False,False,17,16,16,True,,True
YC19:1214,N197,1,2019,589,YC19:1214,False,False,17,15,15,False,genotype_not_observed_in_all_4_years,False
YC19:1215,L 139,1,2019,417,YC19:1215,False,False,17,16,16,True,,True
YC19:1216,W701BC,1,2019,987,YC19:1216,False,False,17,17,17,True,,True
YC19:1217,B85,1,2019,217,YC19:1217,False,False,17,15,15,True,,True
YC19:1218,IA2132,1,2019,357,YC19:1218,False,False,17,17,17,True,,True
YC19:1219,A239,1,2019,61,YC19:1219,False,False,17,16,16,True,,True
YC19:1220,MS116,1,2019,557,YC19:1220,False,False,17,16,16,True,,True
YC19:1221,MS71,1,2019,581,YC19:1221,False,False,17,17,17,True,,True
YC19:1222,DK3IIH6,1,2019,279,YC19:1222,False,False,17,17,17,True,,True
YC19:1223,T242,1,2019,921,YC19:1223,False,False,17,15,15,True,,True
YC19:1224,A679,1,2019,115,YC19:1224,False,False,17,17,17,True,,True
YC19:1225,LH223,1,2019,495,YC19:1225,False,False,17,15,15,True,,True
YC19:1226,A340,1,2019,75,YC19:1226,False,False,17,16,16,True,,True
YC19:1227,CH157,1,2019,241,YC19:1227,False,False,17,15,15,True,,True
YC19:1228,PHP02,1,2019,807,YC19:1228,False,False,17,17,17,True,,True
YC19:1229,PHG47,1,2019,745,YC19:1229,False,False,17,17,17,True,,True
YC19:1230,PHGW7,1,2019,759,YC19:1230,False,False,17,16,16,True,,True
YC19:1231,R113,1,2019,887,YC19:1231,False,False,17,0,0,False,no_published_clean_observations,False
YC19:1232,PHW03,1,2019,859,YC19:1232,False,False,17,16,16,True,,True
YC19:1233,PHJ89,1,2019,771,YC19:1233,False,False,17,17,17,True,,True
YC19:1234,NK778,1,2019,653,YC19:1234,False,False,17,16,16,True,,True
YC19:1235,Q381,1,2019,885,YC19:1235,False,False,17,17,17,True,,True
YC19:1236,CH753-4,1,2019,247,YC19:1236,False,False,17,0,0,False,no_published_clean_observations,False
YC19:1237,OQ403,1,2019,685,YC19:1237,False,False,17,16,16,True,,True
YC19:1238,CS405,1,2019,267,YC19:1238,False,False,17,16,16,True,,True
YC19:1239,MS153,1,2019,563,YC19:1239,False,False,17,17,17,True,,True
YC19:1240,CA-4,1,2019,237,YC19:1240,False,False,17,16,16,True,,True
YC19:1241,PHJ90,1,2019,773,YC19:1241,False,False,17,16,16,True,,True
YC19:1242,ICI581,1,2019,375,YC19:1242,False,False,17,15,15,False,genotype_not_observed_in_all_4_years,False
YC19:1243,CH711-10,1,2019,245,YC19:1243,False,False,17,16,16,True,,True
YC19:1244,SD102,1,2019,909,YC19:1244,False,False,17,17,17,True,,True
YC19:1245,SD101,1,2019,907,YC19:1245,False,False,17,16,16,True,,True
YC19:1246,IBB14,1,2019,359,YC19:1246,False,False,17,16,16,True,,True
YC19:1247,CR1HT,1,2019,265,YC19:1247,False,False,17,0,0,False,no_published_clean_observations,False
YC19:1248,PHG86,1,2019,757,YC19:1248,False,False,17,16,16,True,,True
YC19:1249,LH119,1,2019,425,YC19:1249,False,False,17,16,16,True,,True
YC19:1250,PHTM9,1,2019,845,YC19:1250,False,False,17,16,16,True,,True
YC19:1251,LH222,1,2019,493,YC19:1251,False,False,17,17,17,True,,True
YC19:1252,W612S,1,2019,979,YC19:1252,False,False,17,17,17,True,,True
YC19:1253,PHV57,1,2019,849,YC19:1253,False,False,17,17,17,True,,True
YC19:1254,LH146Ht,1,2019,437,YC19:1254,False,False,17,15,15,True,,True
YC19:1255,LH165,1,2019,441,YC19:1255,False,False,17,17,17,True,,True
YC19:1256,B91,1,2019,223,YC19:1256,False,False,17,17,17,True,,True
YC19:1257,LH209,1,2019,481,YC19:1257,False,False,17,16,16,True,,True
YC19:1258,Va52,1,2019,937,YC19:1258,False,False,17,16,16,True,,True
YC19:1259,CR14,1,2019,263,YC19:1259,False,False,17,0,0,False,no_published_clean_observations,False
YC19:1260,PHG29,1,2019,741,YC19:1260,False,False,17,17,17,True,,True
YC19:1261,INBRED 321,1,2019,397,YC19:1261,False,False,17,15,15,True,,True
YC19:1262,NKS8326,1,2019,657,YC19:1262,False,False,17,16,16,True,,True
YC19:1263,W22,1,2019,951,YC19:1263,False,False,17,17,17,True,,True
YC19:1264,Oh7,1,2019,683,YC19:1264,False,False,17,0,0,True,no_published_clean_observations,False
YC19:1265,WIL901,1,2019,1021,YC19:1265,False,False,17,15,15,False,genotype_not_observed_in_all_4_years,False
YC19:1266,MS24A,1,2019,577,YC19:1266,False,False,17,17,17,True,,True
YC19:1267,B46,1,2019,173,YC19:1267,False,False,17,16,16,True,,True
YC19:1268,87916W,1,2019,53,YC19:1268,False,False,17,16,16,True,,True
YC19:1269,NC342,1,2019,637,YC19:1269,False,False,17,16,16,False,genotype_not_observed_in_all_4_years,False
YC19:1270,PHPR5,1,2019,815,YC19:1270,False,False,17,16,16,True,,True
YC19:1271,Va26,1,2019,933,YC19:1271,False,False,17,16,16,True,,True
YC19:1272,N200,1,2019,591,YC19:1272,False,False,17,16,16,False,genotype_not_observed_in_all_4_years,False
YC19:1273,PHR03,1,2019,817,YC19:1273,False,False,17,17,17,True,,True
YC19:1274,F2834T,1,2019,307,YC19:1274,False,False,17,17,17,True,,True
YC19:1275,PHG83,1,2019,755,YC19:1275,False,False,17,17,17,True,,True
YC19:1276,B110,1,2019,149,YC19:1276,False,False,17,16,16,True,,True
YC19:1277,K47,1,2019,407,YC19:1277,False,False,17,16,16,True,,True
YC19:1278,N527,1,2019,613,YC19:1278,False,False,17,15,15,True,,True
YC19:1279,PHM10,1,2019,793,YC19:1279,False,False,17,16,16,True,,True
YC19:1280,Seagull Seventeen,1,2019,917,YC19:1280,False,False,17,15,15,True,,True
YC19:1281,NC326,1,2019,633,YC19:1281,False,False,17,17,17,True,,True
YC19:1282,PHW79,1,2019,875,YC19:1282,False,False,17,0,0,True,no_published_clean_observations,False
YC19:1283,H5,1,2019,331,YC19:1283,False,False,17,16,16,True,,True
YC19:1284,4F-234 BX 4,1,2019,37,YC19:1284,False,False,17,0,0,False,no_published_clean_observations,False
YC19:1285,R226,1,2019,895,YC19:1285,False,False,17,17,17,True,,True
YC19:1286,W24,1,2019,955,YC19:1286,False,False,17,15,15,True,,True
YC19:1287,PHV63,1,2019,851,YC19:1287,False,False,17,16,16,True,,True
YC19:1288,WU-TAN-TZAO,1,2019,1027,YC19:1288,False,False,17,16,16,True,,True
YC19:1289,YING-55,1,2019,1033,YC19:1289,False,False,17,16,16,True,,True
YC19:1290,M14,1,2019,531,YC19:1290,False,False,17,17,17,True,,True
YC19:1291,R71,1,2019,901,YC19:1291,False,False,17,16,16,True,,True
YC19:1293,INBRED 141,1,2019,389,YC19:1293,False,False,17,15,15,True,,True
YC19:1294,ZS365,1,2019,1039,YC19:1294,False,False,17,16,16,False,genotype_not_observed_in_all_4_years,False
YC19:1295,PHV78,1,2019,853,YC19:1295,False,False,17,17,17,False,genotype_not_observed_in_all_4_years,False
YC19:1296,LH199,1,2019,469,YC19:1296,False,False,17,17,17,True,,True
YC19:1297,N211,1,2019,597,YC19:1297,False,False,17,16,16,True,,True
YC19:1298,PHN29,1,2019,797,YC19:1298,False,False,17,17,17,True,,True
YC19:1299,A321,1,2019,69,YC19:1299,False,False,17,17,17,True,,True
YC19:1300,PHK29,1,2019,777,YC19:1300,False,False,17,0,0,False,no_published_clean_observations,False
YC19:1301,B104,1,2019,139,YC19:1301,False,False,17,17,17,True,,True
YC19:1302,WXB6,1,2019,1029,YC19:1302,False,False,17,15,15,False,genotype_not_observed_in_all_4_years,False
YC19:1303,B68,1,2019,183,YC19:1303,False,False,17,15,15,True,,True
YC19:1304,OC19,1,2019,675,YC19:1304,False,False,17,0,0,False,no_published_clean_observations,False
YC19:1305,W820G,1,2019,1009,YC19:1305,False,False,17,16,16,False,genotype_not_observed_in_all_4_years,False
YC19:1306,LH204,1,2019,473,YC19:1306,False,False,17,17,17,True,,True
YC19:1307,Va102,1,2019,927,YC19:1307,False,False,17,0,0,False,no_published_clean_observations,False
YC19:1308,PHK35,1,2019,779,YC19:1308,False,False,17,15,15,True,,True
YC19:1309,LH191,1,2019,455,YC19:1309,False,False,17,16,16,True,,True
YC19:1310,H121,1,2019,325,YC19:1310,False,False,17,16,16,True,,True
YC19:1311,LH197,1,2019,465,YC19:1311,False,False,17,17,17,True,,True
YC19:1312,B164,1,2019,167,YC19:1312,False,False,17,17,17,True,,True
YC19:1313,Il778d,1,2019,383,YC19:1313,False,False,17,15,15,False,genotype_not_observed_in_all_4_years,False
YC19:1314,W606S,1,2019,971,YC19:1314,False,False,17,0,0,False,no_published_clean_observations,False
YC19:1315,Hy,1,2019,351,YC19:1315,False,False,17,16,16,False,genotype_not_observed_in_all_4_years,False
YC19:1316,B105,1,2019,141,YC19:1316,False,False,17,17,17,True,,True
YC19:1317,6M502A,1,2019,49,YC19:1317,False,False,17,17,17,True,,True
YC19:1318,4F-35 BK,1,2019,41,YC19:1318,False,False,17,0,0,False,no_published_clean_observations,False
YC19:1319,LH227,1,2019,499,YC19:1319,False,False,17,16,16,False,genotype_not_observed_in_all_4_years,False
YC19:1320,CO258,1,2019,257,YC19:1320,False,False,17,16,16,True,,True
YC19:1321,INBRED 305,1,2019,393,YC19:1321,False,False,17,16,16,True,,True
YC19:1322,CO257,1,2019,255,YC19:1322,False,False,17,16,16,True,,True
YC19:1323,PHT22,1,2019,837,YC19:1323,False,False,17,16,16,False,genotype_not_observed_in_all_4_years,False
YC19:1324,Os426,1,2019,691,YC19:1324,False,False,17,16,16,True,,True
YC19:1325,PHJ70,1,2019,769,YC19:1325,False,False,17,17,17,True,,True
YC19:1327,W23,1,2019,953,YC19:1327,False,False,17,16,16,True,,True
YC19:1328,K55,1,2019,409,YC19:1328,False,False,17,16,16,True,,True
YC19:1329,B65,1,2019,179,YC19:1329,False,False,17,16,16,True,,True
YC19:1330,MBST,1,2019,535,YC19:1330,False,False,17,0,0,False,no_published_clean_observations,False
YC19:1331,INBRED 309,1,2019,395,YC19:1331,False,False,17,17,17,True,,True
YC19:1332,LH192,1,2019,457,YC19:1332,False,False,17,17,17,True,,True
YC19:1333,MS221,1,2019,569,YC19:1333,False,False,17,17,17,True,,True
YC19:1334,PHBB3,1,2019,735,YC19:1334,False,False,17,17,17,True,,True
YC19:1335,W32,1,2019,957,YC19:1335,False,False,17,17,17,True,,True
YC19:1336,PHHH9,1,2019,763,YC19:1336,False,False,17,17,17,False,genotype_not_observed_in_all_4_years,False
YC19:1337,LH205,1,2019,475,YC19:1337,False,False,17,15,15,True,,True
YC19:1339,INB 101LFY/LFY (A632 X M16 S5),1,2019,385,YC19:1339,False,False,17,15,15,True,,True
YC19:1340,MBPM,1,2019,533,YC19:1340,False,False,17,16,16,True,,True
YC19:1341,N215,1,2019,599,YC19:1341,False,False,17,0,0,False,no_published_clean_observations,False
YC19:1342,LH213,1,2019,485,YC19:1342,False,False,17,15,15,True,,True
YC19:1343,PHR62,1,2019,831,YC19:1343,False,False,17,15,15,False,genotype_not_observed_in_all_4_years,False
YC19:1344,4N506,1,2019,43,YC19:1344,False,False,17,16,16,True,,True
YC19:1345,PHR55,1,2019,827,YC19:1345,False,False,17,17,17,False,genotype_not_observed_in_all_4_years,False
YC19:1347,PHT55,1,2019,841,YC19:1347,False,False,17,17,17,True,,True
YC19:1348,B84,1,2019,215,YC19:1348,False,False,17,17,17,True,,True
YC19:1349,Mo46,1,2019,549,YC19:1349,False,False,17,16,16,True,,True
YC19:1350,PHW53,1,2019,871,YC19:1350,False,False,17,16,16,True,,True
YC19:1351,Tr,1,2019,923,YC19:1351,False,False,17,16,16,True,,True
YC19:1352,LH185,1,2019,451,YC19:1352,False,False,17,0,0,True,no_published_clean_observations,False
YC19:1353,NC294,1,2019,629,YC19:1353,False,False,17,16,16,True,,True
YC19:1354,W611S,1,2019,977,YC19:1354,False,False,17,0,0,False,no_published_clean_observations,False
YC19:1355,B119,1,2019,157,YC19:1355,False,False,17,16,16,True,,True
YC19:1356,W810G,1,2019,993,YC19:1356,False,False,17,17,17,True,,True
YC19:1357,F118,1,2019,305,YC19:1357,False,False,17,16,16,True,,True
YC19:1358,J47,1,2019,399,YC19:1358,False,False,17,17,17,True,,True
YC19:1359,LH59,1,2019,509,YC19:1359,False,False,17,15,15,True,,True
YC19:1360,B109,1,2019,147,YC19:1360,False,False,17,0,0,False,no_published_clean_observations,False
YC19:1361,H84,1,2019,335,YC19:1361,False,False,17,17,17,True,,True
YC19:1362,INBRED 109,1,2019,387,YC19:1362,False,False,17,0,0,False,no_published_clean_observations,False
YC19:1363,WIL903,1,2019,1023,YC19:1363,False,False,17,15,15,False,genotype_not_observed_in_all_4_years,False
YC19:1364,LH215,1,2019,489,YC19:1364,False,False,17,0,0,True,no_published_clean_observations,False
YC19:1365,N218,1,2019,603,YC19:1365,False,False,17,15,15,False,genotype_not_observed_in_all_4_years,False
YC19:1366,IDS91,1,2019,381,YC19:1366,False,False,17,17,17,True,,True
YC19:1367,W811G,1,2019,995,YC19:1367,False,False,17,16,16,False,genotype_not_observed_in_all_4_years,False
YC19:1368,KUNG-70,1,2019,411,YC19:1368,False,False,17,16,16,True,,True
YC19:1369,PHP85,1,2019,813,YC19:1369,False,False,17,16,16,True,,True
YC19:1370,LH1,1,2019,423,YC19:1370,False,False,17,17,17,True,,True
YC19:1371,LH214,1,2019,487,YC19:1371,False,False,17,17,17,True,,True
YC19:1372,H122w,1,2019,327,YC19:1372,False,False,17,15,15,True,,True
YC19:1374,B70,1,2019,185,YC19:1374,False,False,17,16,16,True,,True
YC19:1375,MS67,1,2019,579,YC19:1375,False,False,17,16,16,True,,True
YC19:1376,DE2,1,2019,269,YC19:1376,False,False,17,17,17,True,,True
YC19:1377,B75,1,2019,207,YC19:1377,False,False,17,16,16,True,,True
YC19:1378,Wf9,1,2019,1017,YC19:1378,False,False,17,0,0,False,no_published_clean_observations,False
YC19:1379,R168,1,2019,889,YC19:1379,False,False,17,17,17,True,,True
YC19:1380,H95,1,2019,339,YC19:1380,False,False,17,0,0,True,no_published_clean_observations,False
YC19:1381,WIL900,1,2019,1019,YC19:1381,False,False,17,16,16,True,,True
YC19:1383,LH65,1,2019,515,YC19:1383,False,False,17,0,0,False,no_published_clean_observations,False
YC19:1384,NC412,1,2019,641,YC19:1384,False,False,17,0,0,True,no_published_clean_observations,False
YC19:1385,J8606,1,2019,401,YC19:1385,False,False,17,15,15,False,genotype_not_observed_in_all_4_years,False
YC19:1386,S8326,1,2019,905,YC19:1386,False,False,17,0,0,True,no_published_clean_observations,False
YC19:1388,NS701,1,2019,665,YC19:1388,False,False,17,17,17,True,,True
YC19:1389,PHK56,1,2019,783,YC19:1389,False,False,17,15,15,True,,True
YC19:1390,NY6371,1,2019,671,YC19:1390,False,False,17,17,17,True,,True
YC19:1391,H113,1,2019,321,YC19:1391,False,False,17,15,15,True,,True
YC19:1392,PHW65,1,2019,873,YC19:1392,False,False,17,17,17,False,genotype_not_observed_in_all_4_years,False
YC19:1393,B14,1,2019,163,YC19:1393,False,False,17,15,15,True,,True
YC19:1394,2MCDB,1,2019,31,YC19:1394,False,False,17,17,17,True,,True
YC19:1395,MBWZ,1,2019,537,YC19:1395,False,False,17,17,17,True,,True
YC19:1396,LH128,1,2019,429,YC19:1396,False,False,17,15,15,True,,True
YC19:1398,LH193,1,2019,459,YC19:1398,False,False,17,17,17,False,genotype_not_observed_in_all_4_years,False
YC19:1399,33-16,1,2019,33,YC19:1399,False,False,17,16,16,False,genotype_not_observed_in_all_4_years,False
YC19:1400,W809G,1,2019,991,YC19:1400,False,False,17,17,17,True,,True
YC19:1401,H96,1,2019,341,YC19:1401,False,False,17,15,15,True,,True
YC19:1402,W819G,1,2019,1007,YC19:1402,False,False,17,17,17,False,genotype_not_observed_in_all_4_years,False
YC19:1403,PHEG9,1,2019,739,YC19:1403,False,False,17,0,0,False,no_published_clean_observations,False
YC19:1404,W815G,1,2019,1003,YC19:1404,False,False,17,0,0,False,no_published_clean_observations,False
YC19:1405,N209,1,2019,595,YC19:1405,False,False,17,16,16,False,genotype_not_observed_in_all_4_years,False
YC19:1406,Va59,1,2019,939,YC19:1406,False,False,17,17,17,True,,True
YC19:1407,LH190,1,2019,453,YC19:1407,False,False,17,16,16,True,,True
YC19:1408,LH194,1,2019,461,YC19:1408,False,False,17,17,17,True,,True
YC19:1409,K150,1,2019,403,YC19:1409,False,False,17,17,17,True,,True
YC19:1410,Pa880,1,2019,705,YC19:1410,False,False,17,17,17,True,,True
YC19:1411,PHG35,1,2019,743,YC19:1411,False,False,17,0,0,False,no_published_clean_observations,False
YC19:1412,PHR31,1,2019,821,YC19:1412,False,False,17,16,16,True,,True
YC19:1413,NC328,1,2019,635,YC19:1413,False,False,17,17,17,True,,True
YC19:1415,Yu796 NS,1,2019,1037,YC19:1415,False,False,17,17,17,True,,True
YC19:1416,SG 30A,1,2019,919,YC19:1416,False,False,17,16,16,True,,True
YC19:1417,AusTRCF 306238,1,2019,131,YC19:1417,False,False,17,15,15,True,,True
YC19:1418,CG102,1,2019,239,YC19:1418,False,False,17,16,16,True,,True
YC19:1419,B97,1,2019,225,YC19:1419,False,False,17,16,16,True,,True
YC19:1420,W812G,1,2019,997,YC19:1420,False,False,17,17,17,True,,True
YC19:1421,R229,1,2019,899,YC19:1421,False,False,17,17,17,False,genotype_not_observed_in_all_4_years,False
YC19:1422,Pa778,1,2019,701,YC19:1422,False,False,17,0,0,False,no_published_clean_observations,False
YC19:1423,PHR58,1,2019,829,YC19:1423,False,False,17,16,16,True,,True
YC19:1424,B57,1,2019,177,YC19:1424,False,False,17,17,17,True,,True
YC19:1425,Pa91,1,2019,707,YC19:1425,False,False,17,17,17,True,,True
YC19:1426,LH216,1,2019,491,YC19:1426,False,False,17,16,16,False,genotype_not_observed_in_all_4_years,False
YC19:1427,PHZ51,1,2019,883,YC19:1427,False,False,17,17,17,True,,True
YC19:1428,R227,1,2019,897,YC19:1428,False,False,17,16,16,True,,True
YC19:1429,PHW52,1,2019,869,YC19:1429,False,False,17,16,16,True,,True
YC19:1430,K41,1,2019,405,YC19:1430,False,False,17,16,16,True,,True
YC19:1431,PHN34,1,2019,799,YC19:1431,False,False,17,17,17,False,genotype_not_observed_in_all_4_years,False
YC19:1432,W814G,1,2019,1001,YC19:1432,False,False,17,0,0,True,no_published_clean_observations,False
YC19:1433,Pa762,1,2019,699,YC19:1433,False,False,17,15,15,True,,True
YC19:1434,FR19,1,2019,313,YC19:1434,False,False,17,0,0,True,no_published_clean_observations,False
YC19:1435,NC250,1,2019,623,YC19:1435,False,False,17,0,0,False,no_published_clean_observations,False
YC19:1436,LH60,1,2019,511,YC19:1436,False,False,17,15,15,True,,True
YC19:1437,N7A,1,2019,621,YC19:1437,False,False,17,16,16,False,genotype_not_observed_in_all_4_years,False
YC19:1438,LH211,1,2019,483,YC19:1438,False,False,17,15,15,False,genotype_not_observed_in_all_4_years,False
YC19:1439,IDS28,1,2019,377,YC19:1439,False,False,17,17,17,True,,True
YC19:1440,Pa875,1,2019,703,YC19:1440,False,False,17,17,17,True,,True
YC19:1441,Va17,1,2019,929,YC19:1441,False,False,17,17,17,False,genotype_not_observed_in_all_4_years,False
YC19:1442,B98,1,2019,227,YC19:1442,False,False,17,15,15,False,genotype_not_observed_in_all_4_years,False
YC19:1443,B88,1,2019,221,YC19:1443,False,False,17,17,17,True,,True
YC19:1444,PHN46,1,2019,801,YC19:1444,False,False,17,17,17,False,genotype_not_observed_in_all_4_years,False
YC19:1445,W817G,1,2019,1005,YC19:1445,False,False,17,17,17,False,genotype_not_observed_in_all_4_years,False
YC19:1446,B108,1,2019,145,YC19:1446,False,False,17,15,15,True,,True
YC19:1447,CH701-30,1,2019,243,YC19:1447,False,False,17,17,17,True,,True
YC19:1448,W813G,1,2019,999,YC19:1448,False,False,17,17,17,True,,True
YC19:1450,DK78371A,1,2019,287,YC19:1450,False,False,17,17,17,False,genotype_not_observed_in_all_4_years,False
YC19:1451,MM501D,1,2019,543,YC19:1451,False,False,17,17,17,True,,True
YC19:1452,DE811,1,2019,275,YC19:1452,False,False,17,0,0,True,no_published_clean_observations,False
YC19:1453,W607S,1,2019,973,YC19:1453,False,False,17,17,17,True,,True
YC19:1454,H110,1,2019,319,YC19:1454,False,False,17,16,16,True,,True
YC19:1455,YONG 28,1,2019,1035,YC19:1455,False,False,17,15,15,False,genotype_not_observed_in_all_4_years,False
YC19:1456,PHT47,1,2019,839,YC19:1456,False,False,17,17,17,True,,True
YC19:1457,R177,1,2019,891,YC19:1457,False,False,17,0,0,False,no_published_clean_observations,False
YC19:1458,LH181,1,2019,447,YC19:1458,False,False,17,0,0,False,no_published_clean_observations,False
YC19:1459,B120,1,2019,159,YC19:1459,False,False,17,17,17,True,,True
YC19:1460,6M502,1,2019,47,YC19:1460,False,False,17,16,16,True,,True
YC19:1461,YE 4,1,2019,1031,YC19:1461,False,False,17,16,16,True,,True
YC19:1462,N523,1,2019,611,YC19:1462,False,False,17,15,15,True,,True
YC19:1463,W803G,1,2019,989,YC19:1463,False,False,17,16,16,False,genotype_not_observed_in_all_4_years,False
YC19:1464,LH208,1,2019,479,YC19:1464,False,False,17,16,16,True,,True
YC19:1465,PHT10,1,2019,835,YC19:1465,False,False,17,17,17,True,,True
YC19:1466,H114,1,2019,323,YC19:1466,False,False,17,16,16,False,genotype_not_observed_in_all_4_years,False
YC19:1467,N534,1,2019,615,YC19:1467,False,False,17,17,17,True,,True
YC19:1468,VaW6,1,2019,943,YC19:1468,False,False,17,16,16,True,,True
YC19:1469,W37A,1,2019,959,YC19:1469,False,False,17,15,15,True,,True
YC19:1470,PHR47,1,2019,825,YC19:1470,False,False,17,17,17,True,,True
YC19:1471,A,1,2019,57,YC19:1471,False,False,17,17,17,True,,True
YC19:1472,B66,1,2019,181,YC19:1472,False,False,17,17,17,True,,True
YC19:1473,N28Ht,1,2019,607,YC19:1473,False,False,17,17,17,True,,True
YC19:1475,LP1 NR HT,1,2019,525,YC19:1475,False,False,17,17,17,True,,True
YC19:1476,PHJ33,1,2019,767,YC19:1476,False,False,17,16,16,False,genotype_not_observed_in_all_4_years,False
YC19:1477,A797NW,1,2019,125,YC19:1477,False,False,17,17,17,False,genotype_not_observed_in_all_4_years,False
YC19:1478,Va22,1,2019,931,YC19:1478,False,False,17,16,16,False,genotype_not_observed_in_all_4_years,False
YC19:1479,NC368,1,2019,639,YC19:1479,False,False,17,0,0,True,no_published_clean_observations,False
YC19:1480,B79,1,2019,213,YC19:1480,False,False,17,16,16,True,,True
YC19:1481,N28,1,2019,605,YC19:1481,False,False,17,0,0,False,no_published_clean_observations,False
YC19:1482,H91,1,2019,337,YC19:1482,False,False,17,17,17,True,,True
YC19:1484,H71,1,2019,333,YC19:1484,False,False,17,17,17,True,,True
YC19:1485,B2,1,2019,169,YC19:1485,False,False,17,16,16,True,,True
YC19:1486,W821G,1,2019,1011,YC19:1486,False,False,17,17,17,False,genotype_not_observed_in_all_4_years,False
YC19:1487,N542,1,2019,617,YC19:1487,False,False,17,16,16,True,,True
YC19:1488,B47,1,2019,175,YC19:1488,False,False,17,17,17,False,genotype_not_observed_in_all_4_years,False
YC19:1489,E8501,1,2019,299,YC19:1489,False,False,17,17,17,True,,True
YC19:1490,Va35,1,2019,935,YC19:1490,False,False,17,17,17,True,,True
YC19:1491,DE3,1,2019,271,YC19:1491,False,False,17,0,0,False,no_published_clean_observations,False
YC19:1492,CQ702RC,1,2019,259,YC19:1492,False,False,17,17,17,True,,True
YC19:1493,N217,1,2019,601,YC19:1493,False,False,17,16,16,True,,True
YC19:1494,B14A,1,2019,165,YC19:1494,False,False,17,16,16,True,,True
YC19:1495,PHW43,1,2019,867,YC19:1495,False,False,17,16,16,False,genotype_not_observed_in_all_4_years,False
YC19:1496,B121,1,2019,161,YC19:1496,False,False,17,17,17,True,,True
YC19:1497,PHWG5,1,2019,881,YC19:1497,False,False,17,15,15,False,genotype_not_observed_in_all_4_years,False
YC19:1498,LH195,1,2019,463,YC19:1498,False,False,17,17,17,True,,True
YC19:1499,B111,1,2019,151,YC19:1499,False,False,17,16,16,True,,True
YC19:1500,L 289,1,2019,421,YC19:1500,False,False,17,16,16,True,,True
YC19:1501,HUANYAO,1,2019,347,YC19:1501,False,False,17,16,16,True,,True
YC19:1502,TZU-CHIAO-HSI-WU 105,1,2019,925,YC19:1502,False,False,17,17,17,True,,True
YC19:1503,LH224,1,2019,497,YC19:1503,False,False,17,15,15,True,,True
YC19:1504,HP301,1,2019,345,YC19:1504,False,False,17,17,17,True,,True
YC19:1505,78551S,1,2019,51,YC19:1505,False,False,17,15,15,True,,True
YC19:1506,PHK93,1,2019,789,YC19:1506,False,False,17,17,17,False,genotype_not_observed_in_all_4_years,False
YC19:1507,W610S,1,2019,975,YC19:1507,False,False,17,16,16,True,,True
YC19:1508,B37,1,2019,171,YC19:1508,False,False,17,16,16,True,,True
YC19:1509,R78,1,2019,903,YC19:1509,False,False,17,16,16,True,,True
YC19:1510,H105W,1,2019,317,YC19:1510,False,False,17,17,17,False,genotype_not_observed_in_all_4_years,False
YC19:1511,Mo5,1,2019,553,YC19:1511,False,False,17,16,16,True,,True
YC19:1512,NK740,1,2019,651,YC19:1512,False,False,17,15,15,True,,True
YC19:1513,IDS69,1,2019,379,YC19:1513,False,False,17,15,15,True,,True
YC19:1514,A619,1,2019,91,YC19:1514,False,False,17,17,17,True,,True
YC19:1515,N501,1,2019,609,YC19:1515,False,False,17,16,16,True,,True
YC19:1516,B77,1,2019,211,YC19:1516,False,False,17,17,17,True,,True
YC19:1517,HUOBAI,1,2019,349,YC19:1517,False,False,17,0,0,False,no_published_clean_observations,False
YC19:1518,NY 166 (Neveh Yaar),1,2019,669,YC19:1518,False,False,17,17,17,True,,True
YC19:1519,NC290A,1,2019,627,YC19:1519,False,False,17,16,16,False,genotype_not_observed_in_all_4_years,False
YC19:1520,Mo1W,1,2019,547,YC19:1520,False,False,17,16,16,False,genotype_not_observed_in_all_4_years,False
YC19:2001,L 155,2,2019,420,YC19:2001,False,False,17,17,17,True,,True
YC19:2002,CR1HT,2,2019,266,YC19:2002,False,False,17,0,0,False,no_published_clean_observations,False
YC19:2003,IA2132,2,2019,358,YC19:2003,False,False,17,16,16,True,,True
YC19:2004,PHK74,2,2019,786,YC19:2004,False,False,17,17,17,True,,True
YC19:2005,ML606,2,2019,542,YC19:2005,False,False,17,0,0,True,no_published_clean_observations,False
YC19:2006,Os420,2,2019,690,YC19:2006,False,False,17,17,17,True,,True
YC19:2007,L 139,2,2019,418,YC19:2007,False,False,17,17,17,True,,True
YC19:2008,PHG50,2,2019,748,YC19:2008,False,False,17,0,0,True,no_published_clean_observations,False
YC19:2010,A663,2,2019,110,YC19:2010,False,False,17,15,15,True,,True
YC19:2011,W9,2,2019,1016,YC19:2011,False,False,17,17,17,True,,True
YC19:2012,A674,2,2019,114,YC19:2012,False,False,17,17,17,True,,True
YC19:2013,PHR36,2,2019,824,YC19:2013,False,False,17,16,16,True,,True
YC19:2014,IBB14,2,2019,360,YC19:2014,False,False,17,17,17,True,,True
YC19:2015,IBC2,2,2019,364,YC19:2015,False,False,17,16,16,True,,True
YC19:2016,W604S,2,2019,968,YC19:2016,False,False,17,17,17,True,,True
YC19:2017,BEI 10 = NORTH 10,2,2019,230,YC19:2017,False,False,17,17,17,True,,True
YC19:2018,PHH93,2,2019,762,YC19:2018,False,False,17,15,15,True,,True
YC19:2019,LH57,2,2019,508,YC19:2019,False,False,17,15,15,False,genotype_not_observed_in_all_4_years,False
YC19:2020,PHV57,2,2019,850,YC19:2020,False,False,17,16,16,True,,True
YC19:2021,ICI 986,2,2019,374,YC19:2021,False,False,17,17,17,True,,True
YC19:2022,W182E,2,2019,950,YC19:2022,False,False,17,16,16,False,genotype_not_observed_in_all_4_years,False
YC19:2023,4F-306 108,2,2019,40,YC19:2023,False,False,17,16,16,True,,True
YC19:2024,DK78010,2,2019,286,YC19:2024,False,False,17,17,17,True,,True
YC19:2025,A401,2,2019,82,YC19:2025,False,False,17,15,15,False,genotype_not_observed_in_all_4_years,False
YC19:2026,A239,2,2019,62,YC19:2026,False,False,17,17,17,True,,True
YC19:2027,4226,2,2019,20,YC19:2027,False,False,17,17,17,True,,True
YC19:2028,ZS635,2,2019,1042,YC19:2028,False,False,17,17,17,True,,True
YC19:2029,DKFBHJ,2,2019,292,YC19:2029,False,False,17,16,16,True,,True
YC19:2030,LIBC 4,2,2019,524,YC19:2030,False,False,17,17,17,True,,True
YC19:2031,PHG86,2,2019,758,YC19:2031,False,False,17,0,0,True,no_published_clean_observations,False
YC19:2032,B-18 INBR.FR.SUPERGOLD,2,2019,134,YC19:2032,False,False,17,16,16,True,,True
YC19:2033,PHW17,2,2019,862,YC19:2033,False,False,17,16,16,True,,True
YC19:2034,DK4676A,2,2019,282,YC19:2034,False,False,17,17,17,True,,True
YC19:2035,FBLA,2,2019,310,YC19:2035,False,False,17,17,17,True,,True
YC19:2036,W8304,2,2019,1014,YC19:2036,False,False,17,17,17,True,,True
YC19:2037,PHTM9,2,2019,846,YC19:2037,False,False,17,15,15,True,,True
YC19:2038,A385,2,2019,80,YC19:2038,False,False,17,17,17,True,,True
YC19:2039,Pa392,2,2019,696,YC19:2039,False,False,17,0,0,True,no_published_clean_observations,False
YC19:2040,LH206,2,2019,478,YC19:2040,False,False,17,15,15,True,,True
YC19:2041,PHW80,2,2019,878,YC19:2041,False,False,17,15,15,True,,True
YC19:2042,LH82,2,2019,520,YC19:2042,False,False,17,17,17,True,,True
YC19:2043,Lp215D,2,2019,528,YC19:2043,False,False,17,17,17,True,,True
YC19:2044,CR 22 INBRED,2,2019,262,YC19:2044,False,False,17,15,15,True,,True
YC19:2045,PHW03,2,2019,860,YC19:2045,False,False,17,17,17,True,,True
YC19:2046,2FACC,2,2019,26,YC19:2046,False,False,17,16,16,True,,True
YC19:2047,MEF156-55-2,2,2019,540,YC19:2047,False,False,17,0,0,True,no_published_clean_observations,False
YC19:2048,2369,2,2019,18,YC19:2048,False,False,17,16,16,True,,True
YC19:2049,SD44,2,2019,916,YC19:2049,False,False,17,16,16,True,,True
YC19:2050,CH157,2,2019,242,YC19:2050,False,False,17,15,15,True,,True
YC19:2051,W603S,2,2019,966,YC19:2051,False,False,17,15,15,True,,True
YC19:2052,G80,2,2019,316,YC19:2052,False,False,17,16,16,True,,True
YC19:2053,PHR63,2,2019,834,YC19:2053,False,False,17,17,17,True,,True
YC19:2054,PHR30,2,2019,820,YC19:2054,False,False,17,15,15,True,,True
YC19:2055,PHG71,2,2019,750,YC19:2055,False,False,17,16,16,True,,True
YC19:2056,1538,2,2019,16,YC19:2056,False,False,17,16,16,True,,True
YC19:2057,NC262,2,2019,626,YC19:2057,False,False,17,0,0,True,no_published_clean_observations,False
YC19:2058,LH146Ht,2,2019,438,YC19:2058,False,False,17,16,16,True,,True
YC19:2059,Ia 453,2,2019,356,YC19:2059,False,False,17,16,16,True,,True
YC19:2060,LH132 - FILL B73,2,2019,432,YC19:2060,False,False,17,16,16,False,genotype_not_observed_in_all_4_years,False
YC19:2061,PHJ90,2,2019,774,YC19:2061,False,False,17,16,16,True,,True
YC19:2062,PHP55,2,2019,810,YC19:2062,False,False,17,15,15,True,,True
YC19:2063,6F629,2,2019,46,YC19:2063,False,False,17,16,16,True,,True
YC19:2064,Ny821,2,2019,674,YC19:2064,False,False,17,17,17,True,,True
YC19:2065,A680,2,2019,118,YC19:2065,False,False,17,16,16,True,,True
YC19:2066,3IJI1,2,2019,36,YC19:2066,False,False,17,17,17,True,,True
YC19:2067,790,2,2019,6,YC19:2067,False,False,17,17,17,True,,True
YC19:2068,LH143 (Maintainer),2,2019,434,YC19:2068,False,False,17,16,16,True,,True
YC19:2069,LH222,2,2019,494,YC19:2069,False,False,17,16,16,True,,True
YC19:2070,L 135,2,2019,416,YC19:2070,False,False,17,17,17,True,,True
YC19:2071,A635,2,2019,100,YC19:2071,False,False,17,17,17,True,,True
YC19:2072,A679,2,2019,116,YC19:2072,False,False,17,16,16,True,,True
YC19:2073,A427,2,2019,84,YC19:2073,False,False,17,15,15,True,,True
YC19:2074,B115,2,2019,156,YC19:2074,False,False,17,17,17,True,,True
YC19:2075,PHG29,2,2019,742,YC19:2075,False,False,17,16,16,True,,True
YC19:2076,MS72,2,2019,584,YC19:2076,False,False,17,17,17,True,,True
YC19:2077,A340,2,2019,76,YC19:2077,False,False,17,17,17,True,,True
YC19:2078,DKFAPW,2,2019,290,YC19:2078,False,False,17,17,17,True,,True
YC19:2079,PHP02,2,2019,808,YC19:2079,False,False,17,17,17,True,,True
YC19:2080,B107,2,2019,144,YC19:2080,False,False,17,17,17,True,,True
YC19:2081,PHGW7,2,2019,760,YC19:2081,False,False,17,16,16,True,,True
YC19:2082,NK778,2,2019,654,YC19:2082,False,False,17,0,0,True,no_published_clean_observations,False
YC19:2083,DKPB80,2,2019,298,YC19:2083,False,False,17,17,17,True,,True
YC19:2084,764,2,2019,4,YC19:2084,False,False,17,16,16,True,,True
YC19:2085,MS1334,2,2019,562,YC19:2085,False,False,17,15,15,False,genotype_not_observed_in_all_4_years,False
YC19:2086,OS602,2,2019,694,YC19:2086,False,False,17,17,17,True,,True
YC19:2087,LH93,2,2019,522,YC19:2087,False,False,17,17,17,True,,True
YC19:2088,N197,2,2019,590,YC19:2088,False,False,17,17,17,False,genotype_not_observed_in_all_4_years,False
YC19:2089,EAST 028,2,2019,302,YC19:2089,False,False,17,17,17,True,,True
YC19:2090,W612S,2,2019,980,YC19:2090,False,False,17,16,16,True,,True
YC19:2091,CI 40H,2,2019,252,YC19:2091,False,False,17,17,17,True,,True
YC19:2092,PHW30,2,2019,866,YC19:2092,False,False,17,15,15,True,,True
YC19:2093,NQ508,2,2019,662,YC19:2093,False,False,17,17,17,True,,True
YC19:2095,W153R,2,2019,948,YC19:2095,False,False,17,17,17,True,,True
YC19:2096,B76,2,2019,210,YC19:2096,False,False,17,16,16,True,,True
YC19:2097,C103,2,2019,234,YC19:2097,False,False,17,16,16,True,,True
YC19:2098,MS211,2,2019,568,YC19:2098,False,False,17,16,16,True,,True
YC19:2099,2FADB,2,2019,28,YC19:2099,False,False,17,16,16,True,,True
YC19:2100,W605S,2,2019,970,YC19:2100,False,False,17,16,16,True,,True
YC19:2101,MS225,2,2019,574,YC19:2101,False,False,17,17,17,True,,True
YC19:2102,Oh40B,2,2019,680,YC19:2102,False,False,17,17,17,True,,True
YC19:2103,MS116,2,2019,558,YC19:2103,False,False,17,16,16,True,,True
YC19:2104,LH38,2,2019,504,YC19:2104,False,False,17,0,0,False,no_published_clean_observations,False
YC19:2105,N193,2,2019,588,YC19:2105,False,False,17,17,17,True,,True
YC19:2106,PHVJ4,2,2019,858,YC19:2106,False,False,17,16,16,False,genotype_not_observed_in_all_4_years,False
YC19:2107,29MIBZ2,2,2019,24,YC19:2107,False,False,17,17,17,True,,True
YC19:2108,B-28,2,2019,136,YC19:2108,False,False,17,16,16,True,,True
YC19:2109,CA-4,2,2019,238,YC19:2109,False,False,17,16,16,True,,True
YC19:2110,PHG80,2,2019,754,YC19:2110,False,False,17,17,17,True,,True
YC19:2111,PHT69,2,2019,844,YC19:2111,False,False,17,16,16,False,genotype_not_observed_in_all_4_years,False
YC19:2112,A374,2,2019,78,YC19:2112,False,False,17,15,15,True,,True
YC19:2113,A208,2,2019,60,YC19:2113,False,False,17,16,16,True,,True
YC19:2114,PHV37,2,2019,848,YC19:2114,False,False,17,16,16,True,,True
YC19:2115,A627,2,2019,94,YC19:2115,False,False,17,17,17,True,,True
YC19:2116,A548,2,2019,86,YC19:2116,False,False,17,15,15,True,,True
YC19:2117,CM105,2,2019,254,YC19:2117,False,False,17,0,0,True,no_published_clean_observations,False
YC19:2118,R113,2,2019,888,YC19:2118,False,False,17,0,0,False,no_published_clean_observations,False
YC19:2120,ND265,2,2019,650,YC19:2120,False,False,17,16,16,True,,True
YC19:2121,W552,2,2019,962,YC19:2121,False,False,17,17,17,True,,True
YC19:2122,MS224,2,2019,572,YC19:2122,False,False,17,15,15,True,,True
YC19:2123,B114,2,2019,154,YC19:2123,False,False,17,16,16,True,,True
YC19:2125,NC310,2,2019,632,YC19:2125,False,False,17,0,0,True,no_published_clean_observations,False
YC19:2126,A272,2,2019,66,YC19:2126,False,False,17,16,16,True,,True
YC19:2127,PHP76,2,2019,812,YC19:2127,False,False,17,16,16,True,,True
YC19:2128,A632,2,2019,96,YC19:2128,False,False,17,17,17,True,,True
YC19:2129,78010,2,2019,22,YC19:2129,False,False,17,17,17,True,,True
YC19:2130,CR14,2,2019,264,YC19:2130,False,False,17,0,0,False,no_published_clean_observations,False
YC19:2131,MS153,2,2019,564,YC19:2131,False,False,17,16,16,True,,True
YC19:2132,W117Ht,2,2019,946,YC19:2132,False,False,17,16,16,True,,True
YC19:2133,CH753-4,2,2019,248,YC19:2133,False,False,17,0,0,False,no_published_clean_observations,False
YC19:2134,NY 159 (Neveh Yaar),2,2019,668,YC19:2134,False,False,17,0,0,False,no_published_clean_observations,False
YC19:2135,PHBW8,2,2019,738,YC19:2135,False,False,17,0,0,True,no_published_clean_observations,False
YC19:2136,N6,2,2019,620,YC19:2136,False,False,17,16,16,True,,True
YC19:2137,LH295,2,2019,502,YC19:2137,False,False,17,15,15,True,,True
YC19:2138,B103,2,2019,138,YC19:2138,False,False,17,15,15,True,,True
YC19:2139,A659,2,2019,108,YC19:2139,False,False,17,15,15,True,,True
YC19:2140,A334,2,2019,74,YC19:2140,False,False,17,16,16,True,,True
YC19:2141,LH145,2,2019,436,YC19:2141,False,False,17,0,0,True,no_published_clean_observations,False
YC19:2142,SD102,2,2019,910,YC19:2142,False,False,17,16,16,True,,True
YC19:2143,LH127,2,2019,428,YC19:2143,False,False,17,16,16,False,genotype_not_observed_in_all_4_years,False
YC19:2144,792,2,2019,8,YC19:2144,False,False,17,15,15,False,genotype_not_observed_in_all_4_years,False
YC19:2145,A572,2,2019,90,YC19:2145,False,False,17,16,16,True,,True
YC19:2146,Eng-Li Chih,2,2019,304,YC19:2146,False,False,17,16,16,True,,True
YC19:2147,SD40,2,2019,914,YC19:2147,False,False,17,16,16,True,,True
YC19:2148,ND247,2,2019,644,YC19:2148,False,False,17,15,15,True,,True
YC19:2150,A649,2,2019,106,YC19:2150,False,False,17,15,15,True,,True
YC19:2151,911,2,2019,12,YC19:2151,False,False,17,17,17,True,,True
YC19:2152,DJ7,2,2019,278,YC19:2152,False,False,17,16,16,True,,True
YC19:2153,2MA22,2,2019,30,YC19:2153,False,False,17,0,0,True,no_published_clean_observations,False
YC19:2154,SD101,2,2019,908,YC19:2154,False,False,17,16,16,True,,True
YC19:2155,PHB47,2,2019,732,YC19:2155,False,False,17,17,17,True,,True
YC19:2156,OQ403,2,2019,686,YC19:2156,False,False,17,16,16,True,,True
YC19:2157,CS405,2,2019,268,YC19:2157,False,False,17,17,17,True,,True
YC19:2158,DKMBNA,2,2019,296,YC19:2158,False,False,17,17,17,True,,True
YC19:2159,ICI581,2,2019,376,YC19:2159,False,False,17,16,16,False,genotype_not_observed_in_all_4_years,False
YC19:2161,MS200,2,2019,566,YC19:2161,False,False,17,16,16,True,,True
YC19:2162,A634,2,2019,98,YC19:2162,False,False,17,16,16,True,,True
YC19:2163,C123,2,2019,236,YC19:2163,False,False,17,17,17,True,,True
YC19:2164,Pa405,2,2019,698,YC19:2164,False,False,17,17,17,True,,True
YC19:2165,LH166,2,2019,444,YC19:2165,False,False,17,16,16,True,,True
YC19:2166,Va99,2,2019,942,YC19:2166,False,False,17,16,16,True,,True
YC19:2167,LH54,2,2019,506,YC19:2167,False,False,17,17,17,False,genotype_not_observed_in_all_4_years,False
YC19:2168,W613S,2,2019,982,YC19:2168,False,False,17,16,16,False,genotype_not_observed_in_all_4_years,False
YC19:2170,W602S,2,2019,964,YC19:2170,False,False,17,0,0,False,no_published_clean_observations,False
YC19:2171,MS71,2,2019,582,YC19:2171,False,False,17,16,16,True,,True
YC19:2172,IBB15,2,2019,362,YC19:2172,False,False,17,16,16,True,,True
YC19:2173,OQ603,2,2019,688,YC19:2173,False,False,17,17,17,True,,True
YC19:2174,MS132,2,2019,560,YC19:2174,False,False,17,17,17,True,,True
YC19:2175,LH223,2,2019,496,YC19:2175,False,False,17,16,16,True,,True
YC19:2176,Q381,2,2019,886,YC19:2176,False,False,17,16,16,True,,True
YC19:2177,N192,2,2019,586,YC19:2177,False,False,17,16,16,True,,True
YC19:2178,PHHV4,2,2019,766,YC19:2178,False,False,17,17,17,True,,True
YC19:2179,W614S,2,2019,984,YC19:2179,False,False,17,17,17,True,,True
YC19:2180,L 127,2,2019,414,YC19:2180,False,False,17,15,15,True,,True
YC19:2181,91IFC2,2,2019,56,YC19:2181,False,False,17,15,15,True,,True
YC19:2182,A305,2,2019,68,YC19:2182,False,False,17,16,16,True,,True
YC19:2183,A672,2,2019,112,YC19:2183,False,False,17,16,16,True,,True
YC19:2184,LH184,2,2019,450,YC19:2184,False,False,17,17,17,True,,True
YC19:2185,PHB09,2,2019,730,YC19:2185,False,False,17,16,16,True,,True
YC19:2186,B87,2,2019,220,YC19:2186,False,False,17,16,16,True,,True
YC19:2188,A258,2,2019,64,YC19:2188,False,False,17,15,15,True,,True
YC19:2189,LH165,2,2019,442,YC19:2189,False,False,17,16,16,True,,True
YC19:2190,MQ305,2,2019,556,YC19:2190,False,False,17,15,15,True,,True
YC19:2191,AQA3,2,2019,128,YC19:2191,False,False,17,16,16,True,,True
YC19:2192,PHK42,2,2019,782,YC19:2192,False,False,17,17,17,True,,True
YC19:2193,DK78002A,2,2019,284,YC19:2193,False,False,17,15,15,True,,True
YC19:2194,PHG47,2,2019,746,YC19:2194,False,False,17,17,17,True,,True
YC19:2195,T242,2,2019,922,YC19:2195,False,False,17,0,0,True,no_published_clean_observations,False
YC19:2196,PHW20,2,2019,864,YC19:2196,False,False,17,16,16,True,,True
YC19:2197,B85,2,2019,218,YC19:2197,False,False,17,16,16,True,,True
YC19:2198,PHK76,2,2019,788,YC19:2198,False,False,17,0,0,False,no_published_clean_observations,False
YC19:2199,R181B,2,2019,894,YC19:2199,False,False,17,16,16,True,,True
YC19:2200,AS6103,2,2019,130,YC19:2200,False,False,17,15,15,True,,True
YC19:2201,LH209,2,2019,482,YC19:2201,False,False,17,15,15,True,,True
YC19:2202,MS226,2,2019,576,YC19:2202,False,False,17,16,16,True,,True
YC19:2203,CH9,2,2019,250,YC19:2203,False,False,17,16,16,True,,True
YC19:2204,793,2,2019,10,YC19:2204,False,False,17,17,17,True,,True
YC19:2205,PHBA6,2,2019,734,YC19:2205,False,False,17,17,17,True,,True
YC19:2206,PHN66,2,2019,804,YC19:2206,False,False,17,16,16,True,,True
YC19:2207,PHW86,2,2019,880,YC19:2207,False,False,17,17,17,True,,True
YC19:2208,ICI 193,2,2019,366,YC19:2208,False,False,17,15,15,True,,True
YC19:2209,PHN11,2,2019,796,YC19:2209,False,False,17,16,16,True,,True
YC19:2210,LP5,2,2019,530,YC19:2210,False,False,17,16,16,True,,True
YC19:2211,Mo17,2,2019,546,YC19:2211,False,False,17,17,17,False,genotype_not_observed_in_all_4_years,False
YC19:2212,OH33,2,2019,678,YC19:2212,False,False,17,16,16,True,,True
YC19:2213,A322,2,2019,72,YC19:2213,False,False,17,15,15,True,,True
YC19:2214,I29,2,2019,354,YC19:2214,False,False,17,16,16,True,,True
YC19:2215,ICI 441,2,2019,368,YC19:2215,False,False,17,16,16,False,genotype_not_observed_in_all_4_years,False
YC19:2216,LH61,2,2019,514,YC19:2216,False,False,17,15,15,True,,True
YC19:2217,DK3IIH6,2,2019,280,YC19:2217,False,False,17,15,15,True,,True
YC19:2218,A641,2,2019,102,YC19:2218,False,False,17,17,17,True,,True
YC19:2219,PHJ89,2,2019,772,YC19:2219,False,False,17,16,16,True,,True
YC19:2220,PHG72,2,2019,752,YC19:2220,False,False,17,17,17,True,,True
YC19:2221,A556,2,2019,88,YC19:2221,False,False,17,17,17,True,,True
YC19:2222,LH119,2,2019,426,YC19:2222,False,False,17,15,15,True,,True
YC19:2223,A648,2,2019,104,YC19:2223,False,False,17,17,17,True,,True
YC19:2224,ICI 740,2,2019,370,YC19:2224,False,False,17,17,17,True,,True
YC19:2225,NK807,2,2019,656,YC19:2225,False,False,17,16,16,True,,True
YC19:2226,A682,2,2019,120,YC19:2226,False,False,17,17,17,True,,True
YC19:2227,LH202,2,2019,472,YC19:2227,False,False,17,17,17,True,,True
YC19:2228,NORTH 7,2,2019,660,YC19:2228,False,False,17,17,17,True,,True
YC19:2229,NS501,2,2019,664,YC19:2229,False,False,17,16,16,True,,True
YC19:2230,LH149,2,2019,440,YC19:2230,False,False,17,15,15,True,,True
YC19:2232,W701BC,2,2019,988,YC19:2232,False,False,17,17,17,True,,True
YC19:2233,N201,2,2019,594,YC19:2233,False,False,17,17,17,True,,True
YC19:2234,FC46,2,2019,312,YC19:2234,False,False,17,15,15,False,genotype_not_observed_in_all_4_years,False
YC19:2235,INBRED 2-687,2,2019,392,YC19:2235,False,False,17,17,17,True,,True
YC19:2236,SD107,2,2019,912,YC19:2236,False,False,17,15,15,True,,True
YC19:2237,DE4,2,2019,274,YC19:2237,False,False,17,17,17,True,,True
YC19:2238,H42,2,2019,330,YC19:2238,False,False,17,16,16,True,,True
YC19:2239,Oh43,2,2019,682,YC19:2239,False,False,17,17,17,True,,True
YC19:2240,CH711-10,2,2019,246,YC19:2240,False,False,17,16,16,True,,True
YC19:2241,W64A,2,2019,986,YC19:2241,False,False,17,17,17,True,,True
YC19:2242,A73,2,2019,124,YC19:2242,False,False,17,16,16,True,,True
YC19:2243,Va52,2,2019,938,YC19:2243,False,False,17,0,0,True,no_published_clean_observations,False
YC19:2244,LH198,2,2019,468,YC19:2244,False,False,17,17,17,True,,True
YC19:2245,WR3,2,2019,1026,YC19:2245,False,False,17,15,15,True,,True
YC19:2246,912,2,2019,14,YC19:2246,False,False,17,17,17,True,,True
YC19:2247,Mo47,2,2019,552,YC19:2247,False,False,17,17,17,True,,True
YC19:2248,A71,2,2019,122,YC19:2248,False,False,17,16,16,True,,True
YC19:2250,DKIB014,2,2019,294,YC19:2250,False,False,17,16,16,False,genotype_not_observed_in_all_4_years,False
YC19:2251,BO9,2,2019,232,YC19:2251,False,False,17,17,17,True,,True
YC19:2252,PHVA9,2,2019,856,YC19:2252,False,False,17,17,17,True,,True
YC19:2253,ICI 893,2,2019,372,YC19:2253,False,False,17,16,16,True,,True
YC19:2254,B91,2,2019,224,YC19:2254,False,False,17,15,15,True,,True
YC19:2255,PHN82,2,2019,806,YC19:2255,False,False,17,15,15,False,genotype_not_observed_in_all_4_years,False
YC19:2256,PHJR5,2,2019,776,YC19:2256,False,False,17,17,17,True,,True
YC19:2257,PHKE6,2,2019,792,YC19:2257,False,False,17,17,17,True,,True
YC19:2258,LH74,2,2019,518,YC19:2258,False,False,17,17,17,True,,True
YC19:2259,LH172,2,2019,446,YC19:2259,False,False,17,15,15,True,,True
YC19:2260,H99,2,2019,344,YC19:2260,False,False,17,15,15,True,,True
YC19:2261,B97,2,2019,226,YC19:2261,False,False,17,16,16,True,,True
YC19:2262,W813G,2,2019,1000,YC19:2262,False,False,17,16,16,True,,True
YC19:2263,IDS69,2,2019,380,YC19:2263,False,False,17,15,15,True,,True
YC19:2264,LH216,2,2019,492,YC19:2264,False,False,17,16,16,False,genotype_not_observed_in_all_4_years,False
YC19:2265,MS24A,2,2019,578,YC19:2265,False,False,17,16,16,True,,True
YC19:2266,PHWG5,2,2019,882,YC19:2266,False,False,17,17,17,False,genotype_not_observed_in_all_4_years,False
YC19:2267,N200,2,2019,592,YC19:2267,False,False,17,16,16,False,genotype_not_observed_in_all_4_years,False
YC19:2268,PHJ33,2,2019,768,YC19:2268,False,False,17,17,17,False,genotype_not_observed_in_all_4_years,False
YC19:2269,DK78371A,2,2019,288,YC19:2269,False,False,17,17,17,False,genotype_not_observed_in_all_4_years,False
YC19:2270,PHT47,2,2019,840,YC19:2270,False,False,17,17,17,True,,True
YC19:2271,LH205,2,2019,476,YC19:2271,False,False,17,16,16,True,,True
YC19:2272,B110,2,2019,150,YC19:2272,False,False,17,16,16,True,,True
YC19:2273,B77,2,2019,212,YC19:2273,False,False,17,16,16,True,,True
YC19:2274,Va26,2,2019,934,YC19:2274,False,False,17,0,0,True,no_published_clean_observations,False
YC19:2275,PHV78,2,2019,854,YC19:2275,False,False,17,16,16,False,genotype_not_observed_in_all_4_years,False
YC19:2276,W814G,2,2019,1002,YC19:2276,False,False,17,17,17,True,,True
YC19:2277,YONG 28,2,2019,1036,YC19:2277,False,False,17,16,16,False,genotype_not_observed_in_all_4_years,False
YC19:2278,PHG83,2,2019,756,YC19:2278,False,False,17,17,17,True,,True
YC19:2280,B111,2,2019,152,YC19:2280,False,False,17,16,16,True,,True
YC19:2281,LH190,2,2019,454,YC19:2281,False,False,17,17,17,True,,True
YC19:2282,Va35,2,2019,936,YC19:2282,False,False,17,16,16,True,,True
YC19:2283,LH204,2,2019,474,YC19:2283,False,False,17,16,16,True,,True
YC19:2284,LH181,2,2019,448,YC19:2284,False,False,17,0,0,False,no_published_clean_observations,False
YC19:2285,N215,2,2019,600,YC19:2285,False,False,17,0,0,False,no_published_clean_observations,False
YC19:2286,B66,2,2019,182,YC19:2286,False,False,17,16,16,True,,True
YC19:2287,HUOBAI,2,2019,350,YC19:2287,False,False,17,0,0,False,no_published_clean_observations,False
YC19:2288,WIL900,2,2019,1020,YC19:2288,False,False,17,15,15,True,,True
YC19:2289,MBPM,2,2019,534,YC19:2289,False,False,17,17,17,True,,True
YC19:2290,PHN46,2,2019,802,YC19:2290,False,False,17,17,17,False,genotype_not_observed_in_all_4_years,False
YC19:2291,B57,2,2019,178,YC19:2291,False,False,17,17,17,True,,True
YC19:2292,DE2,2,2019,270,YC19:2292,False,False,17,17,17,True,,True
YC19:2293,A321,2,2019,70,YC19:2293,False,False,17,15,15,True,,True
YC19:2294,PHK56,2,2019,784,YC19:2294,False,False,17,16,16,True,,True
YC19:2295,PHK29,2,2019,778,YC19:2295,False,False,17,15,15,False,genotype_not_observed_in_all_4_years,False
YC19:2296,PHT10,2,2019,836,YC19:2296,False,False,17,16,16,True,,True
YC19:2297,MM501D,2,2019,544,YC19:2297,False,False,17,17,17,True,,True
YC19:2298,Hy,2,2019,352,YC19:2298,False,False,17,0,0,False,no_published_clean_observations,False
YC19:2299,PHV63,2,2019,852,YC19:2299,False,False,17,17,17,True,,True
YC19:2300,PHR55,2,2019,828,YC19:2300,False,False,17,0,0,False,no_published_clean_observations,False
YC19:2301,N209,2,2019,596,YC19:2301,False,False,17,16,16,False,genotype_not_observed_in_all_4_years,False
YC19:2302,R71,2,2019,902,YC19:2302,False,False,17,17,17,True,,True
YC19:2303,N523,2,2019,612,YC19:2303,False,False,17,17,17,True,,True
YC19:2304,Il778d,2,2019,384,YC19:2304,False,False,17,15,15,False,genotype_not_observed_in_all_4_years,False
YC19:2305,Va102,2,2019,928,YC19:2305,False,False,17,0,0,False,no_published_clean_observations,False
YC19:2306,INBRED 109,2,2019,388,YC19:2306,False,False,17,0,0,False,no_published_clean_observations,False
YC19:2307,PHJ70,2,2019,770,YC19:2307,False,False,17,17,17,True,,True
YC19:2308,AusTRCF 306238,2,2019,132,YC19:2308,False,False,17,15,15,True,,True
YC19:2309,PHR58,2,2019,830,YC19:2309,False,False,17,0,0,True,no_published_clean_observations,False
YC19:2310,H71,2,2019,334,YC19:2310,False,False,17,17,17,True,,True
YC19:2311,Va17,2,2019,930,YC19:2311,False,False,17,16,16,False,genotype_not_observed_in_all_4_years,False
YC19:2312,W817G,2,2019,1006,YC19:2312,False,False,17,15,15,False,genotype_not_observed_in_all_4_years,False
YC19:2314,N28Ht,2,2019,608,YC19:2314,False,False,17,17,17,True,,True
YC19:2315,CH701-30,2,2019,244,YC19:2315,False,False,17,16,16,True,,True
YC19:2316,NC326,2,2019,634,YC19:2316,False,False,17,15,15,True,,True
YC19:2317,HUANYAO,2,2019,348,YC19:2317,False,False,17,15,15,True,,True
YC19:2318,Oh7,2,2019,684,YC19:2318,False,False,17,15,15,True,,True
YC19:2319,PHW43,2,2019,868,YC19:2319,False,False,17,16,16,False,genotype_not_observed_in_all_4_years,False
YC19:2320,Mo5,2,2019,554,YC19:2320,False,False,17,0,0,True,no_published_clean_observations,False
YC19:2321,NC328,2,2019,636,YC19:2321,False,False,17,16,16,True,,True
YC19:2322,R78,2,2019,904,YC19:2322,False,False,17,15,15,True,,True
YC19:2323,LH227,2,2019,500,YC19:2323,False,False,17,15,15,False,genotype_not_observed_in_all_4_years,False
YC19:2324,B75,2,2019,208,YC19:2324,False,False,17,15,15,True,,True
YC19:2325,F2834T,2,2019,308,YC19:2325,False,False,17,16,16,True,,True
YC19:2326,W819G,2,2019,1008,YC19:2326,False,False,17,15,15,False,genotype_not_observed_in_all_4_years,False
YC19:2327,PHR47,2,2019,826,YC19:2327,False,False,17,16,16,True,,True
YC19:2328,B109,2,2019,148,YC19:2328,False,False,17,16,16,False,genotype_not_observed_in_all_4_years,False
YC19:2329,WU-TAN-TZAO,2,2019,1028,YC19:2329,False,False,17,15,15,True,,True
YC19:2330,H5,2,2019,332,YC19:2330,False,False,17,16,16,True,,True
YC19:2331,K41,2,2019,406,YC19:2331,False,False,17,17,17,True,,True
YC19:2332,B164,2,2019,168,YC19:2332,False,False,17,16,16,True,,True
YC19:2333,B37,2,2019,172,YC19:2333,False,False,17,17,17,True,,True
YC19:2334,PHW79,2,2019,876,YC19:2334,False,False,17,15,15,True,,True
YC19:2336,Pa875,2,2019,704,YC19:2336,False,False,17,16,16,True,,True
YC19:2337,87916W,2,2019,54,YC19:2337,False,False,17,16,16,True,,True
YC19:2338,FR19,2,2019,314,YC19:2338,False,False,17,17,17,True,,True
YC19:2339,H96,2,2019,342,YC19:2339,False,False,17,0,0,True,no_published_clean_observations,False
YC19:2340,IDS28,2,2019,378,YC19:2340,False,False,17,17,17,True,,True
YC19:2341,Wf9,2,2019,1018,YC19:2341,False,False,17,15,15,False,genotype_not_observed_in_all_4_years,False
YC19:2342,CO258,2,2019,258,YC19:2342,False,False,17,0,0,True,no_published_clean_observations,False
YC19:2343,LH193,2,2019,460,YC19:2343,False,False,17,16,16,False,genotype_not_observed_in_all_4_years,False
YC19:2344,PHZ51,2,2019,884,YC19:2344,False,False,17,0,0,True,no_published_clean_observations,False
YC19:2345,PHR03,2,2019,818,YC19:2345,False,False,17,0,0,True,no_published_clean_observations,False
YC19:2346,SG 30A,2,2019,920,YC19:2346,False,False,17,16,16,True,,True
YC19:2347,CG102,2,2019,240,YC19:2347,False,False,17,17,17,True,,True
YC19:2348,W821G,2,2019,1012,YC19:2348,False,False,17,0,0,False,no_published_clean_observations,False
YC19:2349,PHK35,2,2019,780,YC19:2349,False,False,17,17,17,True,,True
YC19:2350,B65,2,2019,180,YC19:2350,False,False,17,17,17,True,,True
YC19:2351,NC342,2,2019,638,YC19:2351,False,False,17,0,0,False,no_published_clean_observations,False
YC19:2352,Yu796 NS,2,2019,1038,YC19:2352,False,False,17,15,15,True,,True
YC19:2353,B79,2,2019,214,YC19:2353,False,False,17,16,16,True,,True
YC19:2354,KUNG-70,2,2019,412,YC19:2354,False,False,17,17,17,True,,True
YC19:2355,PHHH9,2,2019,764,YC19:2355,False,False,17,15,15,False,genotype_not_observed_in_all_4_years,False
YC19:2356,W811G,2,2019,996,YC19:2356,False,False,17,16,16,False,genotype_not_observed_in_all_4_years,False
YC19:2357,DE3,2,2019,272,YC19:2357,False,False,17,0,0,False,no_published_clean_observations,False
YC19:2358,H121,2,2019,326,YC19:2358,False,False,17,16,16,True,,True
YC19:2359,W810G,2,2019,994,YC19:2359,False,False,17,16,16,True,,True
YC19:2360,NY6371,2,2019,672,YC19:2360,False,False,17,17,17,True,,True
YC19:2362,ZS365,2,2019,1040,YC19:2362,False,False,17,17,17,False,genotype_not_observed_in_all_4_years,False
YC19:2363,LH215,2,2019,490,YC19:2363,False,False,17,15,15,True,,True
YC19:2364,WXB6,2,2019,1030,YC19:2364,False,False,17,15,15,False,genotype_not_observed_in_all_4_years,False
YC19:2365,NC368,2,2019,640,YC19:2365,False,False,17,16,16,True,,True
YC19:2367,LH213,2,2019,486,YC19:2367,False,False,17,15,15,True,,True
YC19:2368,S8326,2,2019,906,YC19:2368,False,False,17,15,15,True,,True
YC19:2369,R227,2,2019,898,YC19:2369,False,False,17,15,15,True,,True
YC19:2370,H105W,2,2019,318,YC19:2370,False,False,17,16,16,False,genotype_not_observed_in_all_4_years,False
YC19:2371,W803G,2,2019,990,YC19:2371,False,False,17,15,15,False,genotype_not_observed_in_all_4_years,False
YC19:2372,PHK93,2,2019,790,YC19:2372,False,False,17,15,15,False,genotype_not_observed_in_all_4_years,False
YC19:2373,PHR62,2,2019,832,YC19:2373,False,False,17,0,0,False,no_published_clean_observations,False
YC19:2374,A797NW,2,2019,126,YC19:2374,False,False,17,17,17,False,genotype_not_observed_in_all_4_years,False
YC19:2375,W32,2,2019,958,YC19:2375,False,False,17,16,16,True,,True
YC19:2376,LH191,2,2019,456,YC19:2376,False,False,17,0,0,True,no_published_clean_observations,False
YC19:2377,NKS8326,2,2019,658,YC19:2377,False,False,17,17,17,True,,True
YC19:2379,Tr,2,2019,924,YC19:2379,False,False,17,16,16,True,,True
YC19:2381,6M502,2,2019,48,YC19:2381,False,False,17,16,16,True,,True
YC19:2382,N7A,2,2019,622,YC19:2382,False,False,17,16,16,False,genotype_not_observed_in_all_4_years,False
YC19:2383,B2,2,2019,170,YC19:2383,False,False,17,15,15,True,,True
YC19:2384,PHW65,2,2019,874,YC19:2384,False,False,17,16,16,False,genotype_not_observed_in_all_4_years,False
YC19:2385,2MCDB,2,2019,32,YC19:2385,False,False,17,0,0,True,no_published_clean_observations,False
YC19:2386,PHN34,2,2019,800,YC19:2386,False,False,17,17,17,False,genotype_not_observed_in_all_4_years,False
YC19:2387,4F-35 BK,2,2019,42,YC19:2387,False,False,17,16,16,False,genotype_not_observed_in_all_4_years,False
YC19:2388,R226,2,2019,896,YC19:2388,False,False,17,17,17,True,,True
YC19:2389,NY 166 (Neveh Yaar),2,2019,670,YC19:2389,False,False,17,16,16,True,,True
YC19:2390,W22,2,2019,952,YC19:2390,False,False,17,17,17,True,,True
YC19:2391,LH211,2,2019,484,YC19:2391,False,False,17,15,15,False,genotype_not_observed_in_all_4_years,False
YC19:2392,H113,2,2019,322,YC19:2392,False,False,17,0,0,True,no_published_clean_observations,False
YC19:2393,B14,2,2019,164,YC19:2393,False,False,17,15,15,True,,True
YC19:2394,N217,2,2019,602,YC19:2394,False,False,17,16,16,True,,True
YC19:2395,VaW6,2,2019,944,YC19:2395,False,False,17,16,16,True,,True
YC19:2396,LH185,2,2019,452,YC19:2396,False,False,17,15,15,True,,True
YC19:2397,W809G,2,2019,992,YC19:2397,False,False,17,17,17,True,,True
YC19:2398,LP1 NR HT,2,2019,526,YC19:2398,False,False,17,17,17,True,,True
YC19:2399,N542,2,2019,618,YC19:2399,False,False,17,16,16,True,,True
YC19:2400,B70,2,2019,186,YC19:2400,False,False,17,15,15,True,,True
YC19:2401,LH1,2,2019,424,YC19:2401,False,False,17,17,17,True,,True
YC19:2402,H122w,2,2019,328,YC19:2402,False,False,17,17,17,True,,True
YC19:2403,LH128,2,2019,430,YC19:2403,False,False,17,17,17,True,,True
YC19:2404,A,2,2019,58,YC19:2404,False,False,17,16,16,True,,True
YC19:2405,N28,2,2019,606,YC19:2405,False,False,17,15,15,False,genotype_not_observed_in_all_4_years,False
YC19:2406,Pa880,2,2019,706,YC19:2406,False,False,17,16,16,True,,True
YC19:2407,W611S,2,2019,978,YC19:2407,False,False,17,0,0,False,no_published_clean_observations,False
YC19:2408,PHPR5,2,2019,816,YC19:2408,False,False,17,16,16,True,,True
YC19:2409,Mo1W,2,2019,548,YC19:2409,False,False,17,16,16,False,genotype_not_observed_in_all_4_years,False
YC19:2410,W23,2,2019,954,YC19:2410,False,False,17,16,16,True,,True
YC19:2411,LH59,2,2019,510,YC19:2411,False,False,17,17,17,True,,True
YC19:2412,N527,2,2019,614,YC19:2412,False,False,17,16,16,True,,True
YC19:2413,A619,2,2019,92,YC19:2413,False,False,17,17,17,True,,True
YC19:2415,HP301,2,2019,346,YC19:2415,False,False,17,15,15,True,,True
YC19:2416,LH194,2,2019,462,YC19:2416,False,False,17,16,16,True,,True
YC19:2417,B68,2,2019,184,YC19:2417,False,False,17,17,17,True,,True
YC19:2418,LH197,2,2019,466,YC19:2418,False,False,17,15,15,True,,True
YC19:2419,Pa91,2,2019,708,YC19:2419,False,False,17,17,17,True,,True
YC19:2420,CO257,2,2019,256,YC19:2420,False,False,17,16,16,True,,True
YC19:2421,4F-234 BX 4,2,2019,38,YC19:2421,False,False,17,0,0,False,no_published_clean_observations,False
YC19:2422,W24,2,2019,956,YC19:2422,False,False,17,15,15,True,,True
YC19:2423,B14A,2,2019,166,YC19:2423,False,False,17,17,17,True,,True
YC19:2424,N218,2,2019,604,YC19:2424,False,False,17,15,15,False,genotype_not_observed_in_all_4_years,False
YC19:2425,INBRED 141,2,2019,390,YC19:2425,False,False,17,15,15,True,,True
YC19:2426,DE811,2,2019,276,YC19:2426,False,False,17,16,16,True,,True
YC19:2427,NC290A,2,2019,628,YC19:2427,False,False,17,16,16,False,genotype_not_observed_in_all_4_years,False
YC19:2428,LH214,2,2019,488,YC19:2428,False,False,17,15,15,True,,True
YC19:2429,B120,2,2019,160,YC19:2429,False,False,17,15,15,True,,True
YC19:2430,LH208,2,2019,480,YC19:2430,False,False,17,15,15,True,,True
YC19:2431,PHBB3,2,2019,736,YC19:2431,False,False,17,15,15,True,,True
YC19:2432,INBRED 309,2,2019,396,YC19:2432,False,False,17,15,15,True,,True
YC19:2433,N501,2,2019,610,YC19:2433,False,False,17,0,0,True,no_published_clean_observations,False
YC19:2434,R168,2,2019,890,YC19:2434,False,False,17,16,16,True,,True
YC19:2435,N211,2,2019,598,YC19:2435,False,False,17,17,17,True,,True
YC19:2436,W812G,2,2019,998,YC19:2436,False,False,17,15,15,True,,True
YC19:2437,Pa778,2,2019,702,YC19:2437,False,False,17,0,0,False,no_published_clean_observations,False
YC19:2438,K47,2,2019,408,YC19:2438,False,False,17,16,16,True,,True
YC19:2439,PHN29,2,2019,798,YC19:2439,False,False,17,16,16,True,,True
YC19:2440,Mo46,2,2019,550,YC19:2440,False,False,17,15,15,True,,True
YC19:2441,Va59,2,2019,940,YC19:2441,False,False,17,15,15,True,,True
YC19:2442,B47,2,2019,176,YC19:2442,False,False,17,0,0,False,no_published_clean_observations,False
YC19:2443,LH224,2,2019,498,YC19:2443,False,False,17,16,16,True,,True
YC19:2444,NS701,2,2019,666,YC19:2444,False,False,17,17,17,True,,True
YC19:2445,INB 101LFY/LFY (A632 X M16 S5),2,2019,386,YC19:2445,False,False,17,16,16,True,,True
YC19:2446,MS221,2,2019,570,YC19:2446,False,False,17,17,17,True,,True
YC19:2447,W37A,2,2019,960,YC19:2447,False,False,17,0,0,True,no_published_clean_observations,False
YC19:2448,33-16,2,2019,34,YC19:2448,False,False,17,15,15,False,genotype_not_observed_in_all_4_years,False
YC19:2449,B84,2,2019,216,YC19:2449,False,False,17,15,15,True,,True
YC19:2450,NC294,2,2019,630,YC19:2450,False,False,17,17,17,True,,True
YC19:2451,PHT55,2,2019,842,YC19:2451,False,False,17,0,0,True,no_published_clean_observations,False
YC19:2452,J8606,2,2019,402,YC19:2452,False,False,17,15,15,False,genotype_not_observed_in_all_4_years,False
YC19:2453,MBST,2,2019,536,YC19:2453,False,False,17,0,0,False,no_published_clean_observations,False
YC19:2454,PHG35,2,2019,744,YC19:2454,False,False,17,0,0,False,no_published_clean_observations,False
YC19:2456,B105,2,2019,142,YC19:2456,False,False,17,15,15,True,,True
YC19:2457,W820G,2,2019,1010,YC19:2457,False,False,17,0,0,False,no_published_clean_observations,False
YC19:2458,CQ702RC,2,2019,260,YC19:2458,False,False,17,17,17,True,,True
YC19:2459,Va22,2,2019,932,YC19:2459,False,False,17,0,0,False,no_published_clean_observations,False
YC19:2460,B88,2,2019,222,YC19:2460,False,False,17,0,0,True,no_published_clean_observations,False
YC19:2461,PHP85,2,2019,814,YC19:2461,False,False,17,16,16,True,,True
YC19:2462,WIL903,2,2019,1024,YC19:2462,False,False,17,17,17,False,genotype_not_observed_in_all_4_years,False
YC19:2463,MBWZ,2,2019,538,YC19:2463,False,False,17,0,0,True,no_published_clean_observations,False
YC19:2464,R229,2,2019,900,YC19:2464,False,False,17,16,16,False,genotype_not_observed_in_all_4_years,False
YC19:2465,78551S,2,2019,52,YC19:2465,False,False,17,0,0,True,no_published_clean_observations,False
YC19:2466,W607S,2,2019,974,YC19:2466,False,False,17,15,15,True,,True
YC19:2467,LH192,2,2019,458,YC19:2467,False,False,17,17,17,True,,True
YC19:2468,B98,2,2019,228,YC19:2468,False,False,17,15,15,False,genotype_not_observed_in_all_4_years,False
YC19:2469,PHW52,2,2019,870,YC19:2469,False,False,17,16,16,True,,True
YC19:2470,MS67,2,2019,580,YC19:2470,False,False,17,15,15,True,,True
YC19:2471,YE 4,2,2019,1032,YC19:2471,False,False,17,15,15,True,,True
YC19:2472,Seagull Seventeen,2,2019,918,YC19:2472,False,False,17,15,15,True,,True
YC19:2473,L 289,2,2019,422,YC19:2473,False,False,17,17,17,True,,True
YC19:2474,B108,2,2019,146,YC19:2474,False,False,17,16,16,True,,True
YC19:2475,YING-55,2,2019,1034,YC19:2475,False,False,17,16,16,True,,True
YC19:2476,W610S,2,2019,976,YC19:2476,False,False,17,15,15,True,,True
YC19:2477,W815G,2,2019,1004,YC19:2477,False,False,17,15,15,False,genotype_not_observed_in_all_4_years,False
YC19:2478,4N506,2,2019,44,YC19:2478,False,False,17,17,17,True,,True
YC19:2479,B46,2,2019,174,YC19:2479,False,False,17,15,15,True,,True
YC19:2480,B121,2,2019,162,YC19:2480,False,False,17,16,16,True,,True
YC19:2481,PHEG9,2,2019,740,YC19:2481,False,False,17,17,17,False,genotype_not_observed_in_all_4_years,False
YC19:2482,H91,2,2019,338,YC19:2482,False,False,17,17,17,True,,True
YC19:2483,LH60,2,2019,512,YC19:2483,False,False,17,17,17,True,,True
YC19:2486,LH195,2,2019,464,YC19:2486,False,False,17,17,17,True,,True
YC19:2487,K55,2,2019,410,YC19:2487,False,False,17,17,17,True,,True
YC19:2488,NC412,2,2019,642,YC19:2488,False,False,17,15,15,True,,True
YC19:2489,OC19,2,2019,676,YC19:2489,False,False,17,0,0,False,no_published_clean_observations,False
YC19:2490,PHT22,2,2019,838,YC19:2490,False,False,17,0,0,False,no_published_clean_observations,False
YC19:2491,M14,2,2019,532,YC19:2491,False,False,17,17,17,True,,True
YC19:2492,INBRED 305,2,2019,394,YC19:2492,False,False,17,0,0,True,no_published_clean_observations,False
YC19:2493,B119,2,2019,158,YC19:2493,False,False,17,16,16,True,,True
YC19:2494,6M502A,2,2019,50,YC19:2494,False,False,17,15,15,True,,True
YC19:2495,NK740,2,2019,652,YC19:2495,False,False,17,17,17,True,,True
YC19:2496,IDS91,2,2019,382,YC19:2496,False,False,17,17,17,True,,True
YC19:2497,LH199,2,2019,470,YC19:2497,False,False,17,17,17,True,,True
YC19:2498,W606S,2,2019,972,YC19:2498,False,False,17,0,0,False,no_published_clean_observations,False
YC19:2499,NC250,2,2019,624,YC19:2499,False,False,17,0,0,False,no_published_clean_observations,False
YC19:2500,WIL901,2,2019,1022,YC19:2500,False,False,17,15,15,False,genotype_not_observed_in_all_4_years,False
YC19:2501,E8501,2,2019,300,YC19:2501,False,False,17,17,17,True,,True
YC19:2502,H84,2,2019,336,YC19:2502,False,False,17,16,16,True,,True
YC19:2503,PHW53,2,2019,872,YC19:2503,False,False,17,0,0,True,no_published_clean_observations,False
YC19:2504,PHM10,2,2019,794,YC19:2504,False,False,17,16,16,True,,True
YC19:2505,H95,2,2019,340,YC19:2505,False,False,17,15,15,True,,True
YC19:2506,K150,2,2019,404,YC19:2506,False,False,17,15,15,True,,True
YC19:2507,H110,2,2019,320,YC19:2507,False,False,17,16,16,True,,True
YC19:2508,INBRED 321,2,2019,398,YC19:2508,False,False,17,0,0,True,no_published_clean_observations,False
YC19:2510,H114,2,2019,324,YC19:2510,False,False,17,15,15,False,genotype_not_observed_in_all_4_years,False
YC19:2511,B104,2,2019,140,YC19:2511,False,False,17,0,0,True,no_published_clean_observations,False
YC19:2512,N534,2,2019,616,YC19:2512,False,False,17,0,0,True,no_published_clean_observations,False
YC19:2513,R177,2,2019,892,YC19:2513,False,False,17,0,0,False,no_published_clean_observations,False
YC19:2514,F118,2,2019,306,YC19:2514,False,False,17,16,16,True,,True
YC19:2515,TZU-CHIAO-HSI-WU 105,2,2019,926,YC19:2515,False,False,17,16,16,True,,True
YC19:2516,Os426,2,2019,692,YC19:2516,False,False,17,15,15,True,,True
YC19:2517,LH65,2,2019,516,YC19:2517,False,False,17,0,0,False,no_published_clean_observations,False
YC19:2518,PHR31,2,2019,822,YC19:2518,False,False,17,16,16,True,,True
YC19:2519,J47,2,2019,400,YC19:2519,False,False,17,15,15,True,,True
YC19:2520,Pa762,2,2019,700,YC19:2520,False,False,17,15,15,True,,True
YC20:1001,L 135,1,2020,415,YC20:1001,False,False,8,6,5,True,,True
YC20:1002,MEF156-55-2,1,2020,539,YC20:1002,False,False,8,6,5,True,,True
YC20:1003,LH93,1,2020,521,YC20:1003,False,False,8,7,6,True,,True
YC20:1004,OQ603,1,2020,687,YC20:1004,False,False,8,8,7,True,,True
YC20:1005,2FACC,1,2020,25,YC20:1005,False,False,8,8,7,True,,True
YC20:1006,LH38,1,2020,503,YC20:1006,False,False,8,8,7,False,genotype_not_observed_in_all_4_years,False
YC20:1007,WR3,1,2020,1025,YC20:1007,False,False,8,7,6,True,,True
YC20:1008,ICI581,1,2020,375,YC20:1008,False,False,8,0,0,False,no_published_clean_observations,False
YC20:1009,DKFBHJ,1,2020,291,YC20:1009,False,False,8,6,5,True,,True
YC20:1010,N193,1,2020,587,YC20:1010,False,False,8,8,7,True,,True
YC20:1011,PHN82,1,2020,805,YC20:1011,False,False,8,0,0,False,no_published_clean_observations,False
YC20:1012,NORTH 7,1,2020,659,YC20:1012,False,False,8,0,0,True,no_published_clean_observations,False
YC20:1013,A627,1,2020,93,YC20:1013,False,False,8,8,7,True,,True
YC20:1014,IBB15,1,2020,361,YC20:1014,False,False,8,0,0,True,no_published_clean_observations,False
YC20:1015,PHN66,1,2020,803,YC20:1015,False,False,8,7,6,True,,True
YC20:1016,A672,1,2020,111,YC20:1016,False,False,8,6,5,True,,True
YC20:1017,DK4676A,1,2020,281,YC20:1017,False,False,8,6,5,True,,True
YC20:1018,29MIBZ2,1,2020,23,YC20:1018,False,False,8,8,7,True,,True
YC20:1019,A322,1,2020,71,YC20:1019,False,False,8,7,6,True,,True
YC20:1020,CA-4,1,2020,237,YC20:1020,False,False,8,6,5,True,,True
YC20:1021,DK3IIH6,1,2020,279,YC20:1021,False,False,8,6,5,True,,True
YC20:1022,L 155,1,2020,419,YC20:1022,False,False,8,7,6,True,,True
YC20:1023,AQA3,1,2020,127,YC20:1023,False,False,8,6,5,True,,True
YC20:1024,B76,1,2020,209,YC20:1024,False,False,8,8,7,True,,True
YC20:1025,CH711-10,1,2020,245,YC20:1025,False,False,8,6,5,True,,True
YC20:1026,PHG80,1,2020,753,YC20:1026,False,False,8,8,7,True,,True
YC20:1027,N192,1,2020,585,YC20:1027,False,False,8,8,7,True,,True
YC20:1028,DE4,1,2020,273,YC20:1028,False,False,8,7,6,True,,True
YC20:1029,PHH93,1,2020,761,YC20:1029,False,False,8,8,7,True,,True
YC20:1030,Eng-Li Chih,1,2020,303,YC20:1030,False,False,8,8,7,True,,True
YC20:1031,W552,1,2020,961,YC20:1031,False,False,8,8,7,True,,True
YC20:1032,Os420,1,2020,689,YC20:1032,False,False,8,6,5,True,,True
YC20:1033,Oh43,1,2020,681,YC20:1033,False,False,8,6,5,True,,True
YC20:1034,A305,1,2020,67,YC20:1034,False,False,8,8,7,True,,True
YC20:1035,DK78002A,1,2020,283,YC20:1035,False,False,8,8,7,True,,True
YC20:1036,SD101,1,2020,907,YC20:1036,False,False,8,8,7,True,,True
YC20:1037,A632,1,2020,95,YC20:1037,False,False,8,7,6,True,,True
YC20:1038,LH165,1,2020,441,YC20:1038,False,False,8,7,6,True,,True
YC20:1039,LH145,1,2020,435,YC20:1039,False,False,8,8,7,True,,True
YC20:1040,PHG29,1,2020,741,YC20:1040,False,False,8,6,5,True,,True
YC20:1041,PHK76,1,2020,787,YC20:1041,False,False,8,0,0,False,no_published_clean_observations,False
YC20:1042,LH206,1,2020,477,YC20:1042,False,False,8,8,7,True,,True
YC20:1043,BO9,1,2020,231,YC20:1043,False,False,8,6,5,True,,True
YC20:1044,MS200,1,2020,565,YC20:1044,False,False,8,6,5,True,,True
YC20:1045,DKFAPW,1,2020,289,YC20:1045,False,False,8,6,5,True,,True
YC20:1046,NY 159 (Neveh Yaar),1,2020,667,YC20:1046,False,False,8,0,0,False,no_published_clean_observations,False
YC20:1047,N6,1,2020,619,YC20:1047,False,False,8,8,7,True,,True
YC20:1048,LH149,1,2020,439,YC20:1048,False,False,8,6,5,True,,True
YC20:1049,ZS635,1,2020,1041,YC20:1049,False,False,8,7,6,True,,True
YC20:1050,A401,1,2020,81,YC20:1050,False,False,8,0,0,False,no_published_clean_observations,False
YC20:1051,FC46,1,2020,311,YC20:1051,False,False,8,7,6,False,genotype_not_observed_in_all_4_years,False
YC20:1052,CH157,1,2020,241,YC20:1052,False,False,8,6,5,True,,True
YC20:1053,PHP55,1,2020,809,YC20:1053,False,False,8,6,5,True,,True
YC20:1054,OH33,1,2020,677,YC20:1054,False,False,8,6,5,True,,True
YC20:1056,A634,1,2020,97,YC20:1056,False,False,8,8,7,True,,True
YC20:1057,G80,1,2020,315,YC20:1057,False,False,8,6,5,True,,True
YC20:1058,4F-306 108,1,2020,39,YC20:1058,False,False,8,8,7,True,,True
YC20:1059,PHG72,1,2020,751,YC20:1059,False,False,8,8,7,True,,True
YC20:1060,Pa392,1,2020,695,YC20:1060,False,False,8,8,7,True,,True
YC20:1061,91IFC2,1,2020,55,YC20:1061,False,False,8,7,6,True,,True
YC20:1063,PHBA6,1,2020,733,YC20:1063,False,False,8,6,5,True,,True
YC20:1064,911,1,2020,11,YC20:1064,False,False,8,7,6,True,,True
YC20:1066,PHW86,1,2020,879,YC20:1066,False,False,8,6,5,True,,True
YC20:1067,SD102,1,2020,909,YC20:1067,False,False,8,8,7,True,,True
YC20:1068,SD44,1,2020,915,YC20:1068,False,False,8,7,6,True,,True
YC20:1069,DKMBNA,1,2020,295,YC20:1069,False,False,8,6,5,True,,True
YC20:1070,LP5,1,2020,529,YC20:1070,False,False,8,8,7,True,,True
YC20:1071,LH61,1,2020,513,YC20:1071,False,False,8,8,7,True,,True
YC20:1073,ICI 740,1,2020,369,YC20:1073,False,False,8,6,5,True,,True
YC20:1074,EAST 028,1,2020,301,YC20:1074,False,False,8,6,5,True,,True
YC20:1075,Ny821,1,2020,673,YC20:1075,False,False,8,8,7,True,,True
YC20:1076,A427,1,2020,83,YC20:1076,False,False,8,8,7,True,,True
YC20:1077,CI 40H,1,2020,251,YC20:1077,False,False,8,6,5,True,,True
YC20:1078,A556,1,2020,87,YC20:1078,False,False,8,6,5,True,,True
YC20:1079,A548,1,2020,85,YC20:1079,False,False,8,8,7,True,,True
YC20:1080,R113,1,2020,887,YC20:1080,False,False,8,6,5,False,genotype_not_observed_in_all_4_years,False
YC20:1081,A680,1,2020,117,YC20:1081,False,False,8,7,6,True,,True
YC20:1082,AS6103,1,2020,129,YC20:1082,False,False,8,7,6,True,,True
YC20:1083,LH166,1,2020,443,YC20:1083,False,False,8,6,5,True,,True
YC20:1084,PHJ90,1,2020,773,YC20:1084,False,False,8,8,7,True,,True
YC20:1085,N197,1,2020,589,YC20:1085,False,False,8,0,0,False,no_published_clean_observations,False
YC20:1086,A239,1,2020,61,YC20:1086,False,False,8,8,7,True,,True
YC20:1087,OS602,1,2020,693,YC20:1087,False,False,8,8,7,True,,True
YC20:1088,MS225,1,2020,573,YC20:1088,False,False,8,7,6,True,,True
YC20:1089,ICI 986,1,2020,373,YC20:1089,False,False,8,7,6,True,,True
YC20:1090,A334,1,2020,73,YC20:1090,False,False,8,8,7,True,,True
YC20:1091,LH119,1,2020,425,YC20:1091,False,False,8,8,7,True,,True
YC20:1092,ML606,1,2020,541,YC20:1092,False,False,8,0,0,True,no_published_clean_observations,False
YC20:1093,792,1,2020,7,YC20:1093,False,False,8,0,0,False,no_published_clean_observations,False
YC20:1095,LH198,1,2020,467,YC20:1095,False,False,8,8,7,True,,True
YC20:1096,PHP76,1,2020,811,YC20:1096,False,False,8,8,7,True,,True
YC20:1098,793,1,2020,9,YC20:1098,False,False,8,8,7,True,,True
YC20:1099,IA2132,1,2020,357,YC20:1099,False,False,8,7,6,True,,True
YC20:1100,T242,1,2020,921,YC20:1100,False,False,8,8,7,True,,True
YC20:1101,LIBC 4,1,2020,523,YC20:1101,False,False,8,7,6,True,,True
YC20:1102,MS211,1,2020,567,YC20:1102,False,False,8,8,7,True,,True
YC20:1103,PHW20,1,2020,863,YC20:1103,False,False,8,8,7,True,,True
YC20:1104,A659,1,2020,107,YC20:1104,False,False,8,8,7,True,,True
YC20:1105,W612S,1,2020,979,YC20:1105,False,False,8,7,6,True,,True
YC20:1106,CR1HT,1,2020,265,YC20:1106,False,False,8,7,6,False,genotype_not_observed_in_all_4_years,False
YC20:1107,Va52,1,2020,937,YC20:1107,False,False,8,6,5,True,,True
YC20:1108,W614S,1,2020,983,YC20:1108,False,False,8,6,5,True,,True
YC20:1109,W117Ht,1,2020,945,YC20:1109,False,False,8,8,7,True,,True
YC20:1110,PHR36,1,2020,823,YC20:1110,False,False,8,7,6,True,,True
YC20:1111,MS224,1,2020,571,YC20:1111,False,False,8,8,7,True,,True
YC20:1112,NC262,1,2020,625,YC20:1112,False,False,8,7,6,True,,True
YC20:1113,W701BC,1,2020,987,YC20:1113,False,False,8,7,6,True,,True
YC20:1114,W602S,1,2020,963,YC20:1114,False,False,8,7,6,False,genotype_not_observed_in_all_4_years,False
YC20:1115,LH172,1,2020,445,YC20:1115,False,False,8,7,6,True,,True
YC20:1116,A572,1,2020,89,YC20:1116,False,False,8,6,5,True,,True
YC20:1117,LH295,1,2020,501,YC20:1117,False,False,8,6,5,True,,True
YC20:1118,Mo17,1,2020,545,YC20:1118,False,False,8,0,0,False,no_published_clean_observations,False
YC20:1119,LH146Ht,1,2020,437,YC20:1119,False,False,8,8,7,True,,True
YC20:1120,NQ508,1,2020,661,YC20:1120,False,False,8,7,6,True,,True
YC20:1121,ND265,1,2020,649,YC20:1121,False,False,8,8,7,True,,True
YC20:1122,ICI 193,1,2020,365,YC20:1122,False,False,8,8,7,True,,True
YC20:1123,764,1,2020,3,YC20:1123,False,False,8,8,7,True,,True
YC20:1124,A272,1,2020,65,YC20:1124,False,False,8,6,5,True,,True
YC20:1125,W604S,1,2020,967,YC20:1125,False,False,8,8,7,True,,True
YC20:1126,A648,1,2020,103,YC20:1126,False,False,8,7,6,True,,True
YC20:1127,LH209,1,2020,481,YC20:1127,False,False,8,8,7,True,,True
YC20:1128,B87,1,2020,219,YC20:1128,False,False,8,6,5,True,,True
YC20:1129,PHW30,1,2020,865,YC20:1129,False,False,8,7,6,True,,True
YC20:1130,Oh40B,1,2020,679,YC20:1130,False,False,8,8,7,True,,True
YC20:1131,LH184,1,2020,449,YC20:1131,False,False,8,7,6,True,,True
YC20:1132,MS226,1,2020,575,YC20:1132,False,False,8,7,6,True,,True
YC20:1133,CM105,1,2020,253,YC20:1133,False,False,8,8,7,True,,True
YC20:1134,LH223,1,2020,495,YC20:1134,False,False,8,8,7,True,,True
YC20:1136,NK807,1,2020,655,YC20:1136,False,False,8,7,6,True,,True
YC20:1137,PHGW7,1,2020,759,YC20:1137,False,False,8,6,5,True,,True
YC20:1138,790,1,2020,5,YC20:1138,False,False,8,8,7,True,,True
YC20:1139,B-18 INBR.FR.SUPERGOLD,1,2020,133,YC20:1139,False,False,8,7,6,True,,True
YC20:1140,6F629,1,2020,45,YC20:1140,False,False,8,7,6,True,,True
YC20:1141,A374,1,2020,77,YC20:1141,False,False,8,7,6,True,,True
YC20:1143,W605S,1,2020,969,YC20:1143,False,False,8,7,6,True,,True
YC20:1144,PHKE6,1,2020,791,YC20:1144,False,False,8,8,7,True,,True
YC20:1145,H42,1,2020,329,YC20:1145,False,False,8,6,5,True,,True
YC20:1146,LH222,1,2020,493,YC20:1146,False,False,8,7,6,True,,True
YC20:1147,DKIB014,1,2020,293,YC20:1147,False,False,8,0,0,False,no_published_clean_observations,False
YC20:1148,PHN11,1,2020,795,YC20:1148,False,False,8,7,6,True,,True
YC20:1149,PHW03,1,2020,859,YC20:1149,False,False,8,7,6,True,,True
YC20:1150,3IJI1,1,2020,35,YC20:1150,False,False,8,7,6,True,,True
YC20:1151,2369,1,2020,17,YC20:1151,False,False,8,7,6,True,,True
YC20:1152,PHV37,1,2020,847,YC20:1152,False,False,8,8,7,True,,True
YC20:1153,PHV57,1,2020,849,YC20:1153,False,False,8,7,6,True,,True
YC20:1154,DK78010,1,2020,285,YC20:1154,False,False,8,6,5,True,,True
YC20:1155,MS1334,1,2020,561,YC20:1155,False,False,8,0,0,False,no_published_clean_observations,False
YC20:1156,C103,1,2020,233,YC20:1156,False,False,8,7,6,True,,True
YC20:1157,A674,1,2020,113,YC20:1157,False,False,8,7,6,True,,True
YC20:1158,I29,1,2020,353,YC20:1158,False,False,8,6,5,True,,True
YC20:1159,LH143 (Maintainer),1,2020,433,YC20:1159,False,False,8,6,5,True,,True
YC20:1160,SD107,1,2020,911,YC20:1160,False,False,8,7,6,True,,True
YC20:1161,B91,1,2020,223,YC20:1161,False,False,8,8,7,True,,True
YC20:1162,IBC2,1,2020,363,YC20:1162,False,False,8,7,6,True,,True
YC20:1163,Ia 453,1,2020,355,YC20:1163,False,False,8,8,7,True,,True
YC20:1164,PHG86,1,2020,757,YC20:1164,False,False,8,6,5,True,,True
YC20:1167,Q381,1,2020,885,YC20:1167,False,False,8,7,6,True,,True
YC20:1168,Lp215D,1,2020,527,YC20:1168,False,False,8,7,6,True,,True
YC20:1169,L 127,1,2020,413,YC20:1169,False,False,8,8,7,True,,True
YC20:1170,R181B,1,2020,893,YC20:1170,False,False,8,8,7,True,,True
YC20:1171,2FADB,1,2020,27,YC20:1171,False,False,8,8,7,True,,True
YC20:1172,B85,1,2020,217,YC20:1172,False,False,8,6,5,True,,True
YC20:1173,Va99,1,2020,941,YC20:1173,False,False,8,8,7,True,,True
YC20:1174,CH9,1,2020,249,YC20:1174,False,False,8,8,7,True,,True
YC20:1175,MS153,1,2020,563,YC20:1175,False,False,8,7,6,True,,True
YC20:1176,DJ7,1,2020,277,YC20:1176,False,False,8,8,7,True,,True
YC20:1177,A663,1,2020,109,YC20:1177,False,False,8,8,7,True,,True
YC20:1178,A340,1,2020,75,YC20:1178,False,False,8,7,6,True,,True
YC20:1179,ND247,1,2020,643,YC20:1179,False,False,8,8,7,True,,True
YC20:1181,CR 22 INBRED,1,2020,261,YC20:1181,False,False,8,6,5,True,,True
YC20:1182,PHK74,1,2020,785,YC20:1182,False,False,8,8,7,True,,True
YC20:1183,CH753-4,1,2020,247,YC20:1183,False,False,8,8,7,False,genotype_not_observed_in_all_4_years,False
YC20:1184,W153R,1,2020,947,YC20:1184,False,False,8,7,6,True,,True
YC20:1185,912,1,2020,13,YC20:1185,False,False,8,7,6,True,,True
YC20:1186,H99,1,2020,343,YC20:1186,False,False,8,8,7,True,,True
YC20:1187,2MA22,1,2020,29,YC20:1187,False,False,8,6,5,True,,True
YC20:1188,PHT69,1,2020,843,YC20:1188,False,False,8,0,0,False,no_published_clean_observations,False
YC20:1189,A258,1,2020,63,YC20:1189,False,False,8,6,5,True,,True
YC20:1190,A649,1,2020,105,YC20:1190,False,False,8,0,0,True,no_published_clean_observations,False
YC20:1191,MS71,1,2020,581,YC20:1191,False,False,8,8,7,True,,True
YC20:1192,A73,1,2020,123,YC20:1192,False,False,8,8,7,True,,True
YC20:1193,A679,1,2020,115,YC20:1193,False,False,8,0,0,True,no_published_clean_observations,False
YC20:1194,A71,1,2020,121,YC20:1194,False,False,8,8,7,True,,True
YC20:1195,W182E,1,2020,949,YC20:1195,False,False,8,0,0,False,no_published_clean_observations,False
YC20:1196,W603S,1,2020,965,YC20:1196,False,False,8,0,0,True,no_published_clean_observations,False
YC20:1197,Mo47,1,2020,551,YC20:1197,False,False,8,6,5,True,,True
YC20:1198,NC310,1,2020,631,YC20:1198,False,False,8,8,7,True,,True
YC20:1199,PHG71,1,2020,749,YC20:1199,False,False,8,8,7,True,,True
YC20:1200,IBB14,1,2020,359,YC20:1200,False,False,8,0,0,True,no_published_clean_observations,False
YC20:1201,A641,1,2020,101,YC20:1201,False,False,8,8,7,True,,True
YC20:1202,LH57,1,2020,507,YC20:1202,False,False,8,7,6,False,genotype_not_observed_in_all_4_years,False
YC20:1203,MQ305,1,2020,555,YC20:1203,False,False,8,7,6,True,,True
YC20:1204,CR14,1,2020,263,YC20:1204,False,False,8,8,7,False,genotype_not_observed_in_all_4_years,False
YC20:1205,PHR30,1,2020,819,YC20:1205,False,False,8,6,5,True,,True
YC20:1206,NK778,1,2020,653,YC20:1206,False,False,8,8,7,True,,True
YC20:1207,LH82,1,2020,519,YC20:1207,False,False,8,7,6,True,,True
YC20:1208,SD40,1,2020,913,YC20:1208,False,False,8,8,7,True,,True
YC20:1209,B107,1,2020,143,YC20:1209,False,False,8,7,6,True,,True
YC20:1210,PHG47,1,2020,745,YC20:1210,False,False,8,8,7,True,,True
YC20:1211,B-28,1,2020,135,YC20:1211,False,False,8,8,7,True,,True
YC20:1212,PHTM9,1,2020,845,YC20:1212,False,False,8,8,7,True,,True
YC20:1213,B103,1,2020,137,YC20:1213,False,False,8,8,7,True,,True
YC20:1214,A385,1,2020,79,YC20:1214,False,False,8,8,7,True,,True
YC20:1215,MS72,1,2020,583,YC20:1215,False,False,8,6,5,True,,True
YC20:1216,NS501,1,2020,663,YC20:1216,False,False,8,8,7,True,,True
YC20:1217,PHHV4,1,2020,765,YC20:1217,False,False,8,6,5,True,,True
YC20:1218,ICI 893,1,2020,371,YC20:1218,False,False,8,7,6,True,,True
YC20:1219,C123,1,2020,235,YC20:1219,False,False,8,7,6,True,,True
YC20:1220,W9,1,2020,1015,YC20:1220,False,False,8,7,6,True,,True
YC20:1221,A682,1,2020,119,YC20:1221,False,False,8,7,6,True,,True
YC20:1222,PHJ89,1,2020,771,YC20:1222,False,False,8,8,7,True,,True
YC20:1223,INBRED 2-687,1,2020,391,YC20:1223,False,False,8,7,6,True,,True
YC20:1224,PHW80,1,2020,877,YC20:1224,False,False,8,8,7,True,,True
YC20:1225,OQ403,1,2020,685,YC20:1225,False,False,8,6,5,True,,True
YC20:1226,PHP02,1,2020,807,YC20:1226,False,False,8,6,5,True,,True
YC20:1227,W8304,1,2020,1013,YC20:1227,False,False,8,6,5,True,,True
YC20:1228,A208,1,2020,59,YC20:1228,False,False,8,8,7,True,,True
YC20:1229,78010,1,2020,21,YC20:1229,False,False,8,7,6,True,,True
YC20:1230,PHJR5,1,2020,775,YC20:1230,False,False,8,8,7,True,,True
YC20:1231,PHBW8,1,2020,737,YC20:1231,False,False,8,8,7,True,,True
YC20:1232,PHVA9,1,2020,855,YC20:1232,False,False,8,7,6,True,,True
YC20:1233,PHB47,1,2020,731,YC20:1233,False,False,8,6,5,True,,True
YC20:1234,W64A,1,2020,985,YC20:1234,False,False,8,6,5,True,,True
YC20:1235,Pa405,1,2020,697,YC20:1235,False,False,8,7,6,True,,True
YC20:1236,W613S,1,2020,981,YC20:1236,False,False,8,0,0,False,no_published_clean_observations,False
YC20:1237,BEI 10 = NORTH 10,1,2020,229,YC20:1237,False,False,8,7,6,True,,True
YC20:1238,MS116,1,2020,557,YC20:1238,False,False,8,7,6,True,,True
YC20:1239,B115,1,2020,155,YC20:1239,False,False,8,7,6,True,,True
YC20:1240,1538,1,2020,15,YC20:1240,False,False,8,6,5,True,,True
YC20:1241,LH54,1,2020,505,YC20:1241,False,False,8,0,0,False,no_published_clean_observations,False
YC20:1242,N201,1,2020,593,YC20:1242,False,False,8,7,6,True,,True
YC20:1243,L 139,1,2020,417,YC20:1243,False,False,8,7,6,True,,True
YC20:1244,PHG50,1,2020,747,YC20:1244,False,False,8,7,6,True,,True
YC20:1245,PHVJ4,1,2020,857,YC20:1245,False,False,8,0,0,False,no_published_clean_observations,False
YC20:1246,PHK42,1,2020,781,YC20:1246,False,False,8,7,6,True,,True
YC20:1247,LH127,1,2020,427,YC20:1247,False,False,8,0,0,False,no_published_clean_observations,False
YC20:1248,DKPB80,1,2020,297,YC20:1248,False,False,8,6,5,True,,True
YC20:1249,PHW17,1,2020,861,YC20:1249,False,False,8,0,0,True,no_published_clean_observations,False
YC20:1250,ICI 441,1,2020,367,YC20:1250,False,False,8,0,0,False,no_published_clean_observations,False
YC20:1251,PHB09,1,2020,729,YC20:1251,False,False,8,6,5,True,,True
YC20:1252,A635,1,2020,99,YC20:1252,False,False,8,8,7,True,,True
YC20:1253,CS405,1,2020,267,YC20:1253,False,False,8,7,6,True,,True
YC20:1254,B114,1,2020,153,YC20:1254,False,False,8,7,6,True,,True
YC20:1255,MS132,1,2020,559,YC20:1255,False,False,8,7,6,True,,True
YC20:1256,FBLA,1,2020,309,YC20:1256,False,False,8,8,7,True,,True
YC20:1257,4226,1,2020,19,YC20:1257,False,False,8,8,7,True,,True
YC20:1258,PHR63,1,2020,833,YC20:1258,False,False,8,6,5,True,,True
YC20:1259,LH74,1,2020,517,YC20:1259,False,False,8,8,7,True,,True
YC20:1260,LH202,1,2020,471,YC20:1260,False,False,8,6,5,True,,True
YC20:1261,LH227,1,2020,499,YC20:1261,False,False,8,0,0,False,no_published_clean_observations,False
YC20:1262,PHK35,1,2020,779,YC20:1262,False,False,8,6,5,True,,True
YC20:1263,4N506,1,2020,43,YC20:1263,False,False,8,7,6,True,,True
YC20:1264,N7A,1,2020,621,YC20:1264,False,False,8,0,0,False,no_published_clean_observations,False
YC20:1265,W813G,1,2020,999,YC20:1265,False,False,8,8,7,True,,True
YC20:1266,INB 101LFY/LFY (A632 X M16 S5),1,2020,385,YC20:1266,False,False,8,6,5,True,,True
YC20:1268,HUANYAO,1,2020,347,YC20:1268,False,False,8,6,5,True,,True
YC20:1269,MM501D,1,2020,543,YC20:1269,False,False,8,0,0,True,no_published_clean_observations,False
YC20:1270,PHR58,1,2020,829,YC20:1270,False,False,8,6,5,True,,True
YC20:1271,W24,1,2020,955,YC20:1271,False,False,8,6,5,True,,True
YC20:1272,K150,1,2020,403,YC20:1272,False,False,8,8,7,True,,True
YC20:1273,LH65,1,2020,515,YC20:1273,False,False,8,0,0,False,no_published_clean_observations,False
YC20:1274,PHV63,1,2020,851,YC20:1274,False,False,8,6,5,True,,True
YC20:1275,Yu796 NS,1,2020,1037,YC20:1275,False,False,8,7,6,True,,True
YC20:1276,W32,1,2020,957,YC20:1276,False,False,8,6,5,True,,True
YC20:1278,B84,1,2020,215,YC20:1278,False,False,8,0,0,True,no_published_clean_observations,False
YC20:1279,R226,1,2020,895,YC20:1279,False,False,8,8,7,True,,True
YC20:1280,MBST,1,2020,535,YC20:1280,False,False,8,0,0,False,no_published_clean_observations,False
YC20:1281,W821G,1,2020,1011,YC20:1281,False,False,8,0,0,False,no_published_clean_observations,False
YC20:1282,W811G,1,2020,995,YC20:1282,False,False,8,0,0,False,no_published_clean_observations,False
YC20:1283,W817G,1,2020,1005,YC20:1283,False,False,8,0,0,False,no_published_clean_observations,False
YC20:1284,Tr,1,2020,923,YC20:1284,False,False,8,8,7,True,,True
YC20:1285,HP301,1,2020,345,YC20:1285,False,False,8,0,0,True,no_published_clean_observations,False
YC20:1286,87916W,1,2020,53,YC20:1286,False,False,8,8,7,True,,True
YC20:1288,B88,1,2020,221,YC20:1288,False,False,8,0,0,True,no_published_clean_observations,False
YC20:1290,LH214,1,2020,487,YC20:1290,False,False,8,6,5,True,,True
YC20:1291,N28,1,2020,605,YC20:1291,False,False,8,0,0,False,no_published_clean_observations,False
YC20:1292,K41,1,2020,405,YC20:1292,False,False,8,8,7,True,,True
YC20:1293,LH190,1,2020,453,YC20:1293,False,False,8,8,7,True,,True
YC20:1294,PHT22,1,2020,837,YC20:1294,False,False,8,0,0,False,no_published_clean_observations,False
YC20:1295,6M502,1,2020,47,YC20:1295,False,False,8,8,7,True,,True
YC20:1296,SG 30A,1,2020,919,YC20:1296,False,False,8,8,7,True,,True
YC20:1297,6M502A,1,2020,49,YC20:1297,False,False,8,8,7,True,,True
YC20:1298,Pa875,1,2020,703,YC20:1298,False,False,8,8,7,True,,True
YC20:1299,N534,1,2020,615,YC20:1299,False,False,8,0,0,True,no_published_clean_observations,False
YC20:1300,MS67,1,2020,579,YC20:1300,False,False,8,6,5,True,,True
YC20:1301,WXB6,1,2020,1029,YC20:1301,False,False,8,7,6,False,genotype_not_observed_in_all_4_years,False
YC20:1302,LH194,1,2020,461,YC20:1302,False,False,8,8,7,True,,True
YC20:1303,PHK93,1,2020,789,YC20:1303,False,False,8,0,0,False,no_published_clean_observations,False
YC20:1304,A797NW,1,2020,125,YC20:1304,False,False,8,0,0,False,no_published_clean_observations,False
YC20:1305,H110,1,2020,319,YC20:1305,False,False,8,0,0,True,no_published_clean_observations,False
YC20:1306,4F-35 BK,1,2020,41,YC20:1306,False,False,8,6,5,False,genotype_not_observed_in_all_4_years,False
YC20:1307,LP1 NR HT,1,2020,525,YC20:1307,False,False,8,8,7,True,,True
YC20:1308,LH197,1,2020,465,YC20:1308,False,False,8,7,6,True,,True
YC20:1309,Va26,1,2020,933,YC20:1309,False,False,8,8,7,True,,True
YC20:1310,LH60,1,2020,511,YC20:1310,False,False,8,7,6,True,,True
YC20:1311,LH199,1,2020,469,YC20:1311,False,False,8,8,7,True,,True
YC20:1312,W819G,1,2020,1007,YC20:1312,False,False,8,0,0,False,no_published_clean_observations,False
YC20:1313,LH185,1,2020,451,YC20:1313,False,False,8,0,0,True,no_published_clean_observations,False
YC20:1314,Va102,1,2020,927,YC20:1314,False,False,8,0,0,False,no_published_clean_observations,False
YC20:1315,Hy,1,2020,351,YC20:1315,False,False,8,0,0,False,no_published_clean_observations,False
YC20:1316,NY6371,1,2020,671,YC20:1316,False,False,8,8,7,True,,True
YC20:1317,H71,1,2020,333,YC20:1317,False,False,8,6,5,True,,True
YC20:1319,B110,1,2020,149,YC20:1319,False,False,8,8,7,True,,True
YC20:1320,Oh7,1,2020,683,YC20:1320,False,False,8,0,0,True,no_published_clean_observations,False
YC20:1321,E8501,1,2020,299,YC20:1321,False,False,8,6,5,True,,True
YC20:1322,LH195,1,2020,463,YC20:1322,False,False,8,8,7,True,,True
YC20:1323,A,1,2020,57,YC20:1323,False,False,8,8,7,True,,True
YC20:1324,LH181,1,2020,447,YC20:1324,False,False,8,6,5,False,genotype_not_observed_in_all_4_years,False
YC20:1325,PHPR5,1,2020,815,YC20:1325,False,False,8,8,7,True,,True
YC20:1326,N209,1,2020,595,YC20:1326,False,False,8,0,0,False,no_published_clean_observations,False
YC20:1327,W606S,1,2020,971,YC20:1327,False,False,8,8,7,False,genotype_not_observed_in_all_4_years,False
YC20:1328,H113,1,2020,321,YC20:1328,False,False,8,8,7,True,,True
YC20:1329,PHN46,1,2020,801,YC20:1329,False,False,8,0,0,False,no_published_clean_observations,False
YC20:1330,NS701,1,2020,665,YC20:1330,False,False,8,7,6,True,,True
YC20:1331,PHR62,1,2020,831,YC20:1331,False,False,8,0,0,False,no_published_clean_observations,False
YC20:1332,DE3,1,2020,271,YC20:1332,False,False,8,7,6,False,genotype_not_observed_in_all_4_years,False
YC20:1333,PHT10,1,2020,835,YC20:1333,False,False,8,8,7,True,,True
YC20:1334,PHW65,1,2020,873,YC20:1334,False,False,8,0,0,False,no_published_clean_observations,False
YC20:1335,LH205,1,2020,475,YC20:1335,False,False,8,7,6,True,,True
YC20:1336,PHG83,1,2020,755,YC20:1336,False,False,8,7,6,True,,True
YC20:1337,CQ702RC,1,2020,259,YC20:1337,False,False,8,7,6,True,,True
YC20:1338,H114,1,2020,323,YC20:1338,False,False,8,0,0,False,no_published_clean_observations,False
YC20:1339,Mo5,1,2020,553,YC20:1339,False,False,8,7,6,True,,True
YC20:1340,LH216,1,2020,491,YC20:1340,False,False,8,0,0,False,no_published_clean_observations,False
YC20:1341,W610S,1,2020,975,YC20:1341,False,False,8,7,6,True,,True
YC20:1342,B105,1,2020,141,YC20:1342,False,False,8,0,0,True,no_published_clean_observations,False
YC20:1343,H91,1,2020,337,YC20:1343,False,False,8,8,7,True,,True
YC20:1344,N200,1,2020,591,YC20:1344,False,False,8,0,0,False,no_published_clean_observations,False
YC20:1345,A321,1,2020,69,YC20:1345,False,False,8,7,6,True,,True
YC20:1346,R227,1,2020,897,YC20:1346,False,False,8,8,7,True,,True
YC20:1347,R229,1,2020,899,YC20:1347,False,False,8,0,0,False,no_published_clean_observations,False
YC20:1348,YONG 28,1,2020,1035,YC20:1348,False,False,8,0,0,False,no_published_clean_observations,False
YC20:1349,INBRED 309,1,2020,395,YC20:1349,False,False,8,0,0,True,no_published_clean_observations,False
YC20:1350,CH701-30,1,2020,243,YC20:1350,False,False,8,6,5,True,,True
YC20:1351,PHEG9,1,2020,739,YC20:1351,False,False,8,7,6,False,genotype_not_observed_in_all_4_years,False
YC20:1352,MBWZ,1,2020,537,YC20:1352,False,False,8,8,7,True,,True
YC20:1353,MS24A,1,2020,577,YC20:1353,False,False,8,8,7,True,,True
YC20:1354,INBRED 305,1,2020,393,YC20:1354,False,False,8,8,7,True,,True
YC20:1355,B37,1,2020,171,YC20:1355,False,False,8,7,6,True,,True
YC20:1356,S8326,1,2020,905,YC20:1356,False,False,8,0,0,True,no_published_clean_observations,False
YC20:1357,L 289,1,2020,421,YC20:1357,False,False,8,8,7,True,,True
YC20:1358,LH215,1,2020,489,YC20:1358,False,False,8,7,6,True,,True
YC20:1359,WIL900,1,2020,1019,YC20:1359,False,False,8,0,0,True,no_published_clean_observations,False
YC20:1360,INBRED 141,1,2020,389,YC20:1360,False,False,8,8,7,True,,True
YC20:1361,B97,1,2020,225,YC20:1361,False,False,8,6,5,True,,True
YC20:1362,LH59,1,2020,509,YC20:1362,False,False,8,7,6,True,,True
YC20:1363,PHP85,1,2020,813,YC20:1363,False,False,8,7,6,True,,True
YC20:1364,W815G,1,2020,1003,YC20:1364,False,False,8,0,0,False,no_published_clean_observations,False
YC20:1365,B120,1,2020,159,YC20:1365,False,False,8,8,7,True,,True
YC20:1366,W812G,1,2020,997,YC20:1366,False,False,8,7,6,True,,True
YC20:1367,LH1,1,2020,423,YC20:1367,False,False,8,8,7,True,,True
YC20:1369,N527,1,2020,613,YC20:1369,False,False,8,8,7,True,,True
YC20:1370,B119,1,2020,157,YC20:1370,False,False,8,8,7,True,,True
YC20:1371,PHR03,1,2020,817,YC20:1371,False,False,8,0,0,True,no_published_clean_observations,False
YC20:1372,DE2,1,2020,269,YC20:1372,False,False,8,7,6,True,,True
YC20:1373,Pa91,1,2020,707,YC20:1373,False,False,8,8,7,True,,True
YC20:1374,F2834T,1,2020,307,YC20:1374,False,False,8,0,0,True,no_published_clean_observations,False
YC20:1375,F118,1,2020,305,YC20:1375,False,False,8,8,7,True,,True
YC20:1376,W22,1,2020,951,YC20:1376,False,False,8,7,6,True,,True
YC20:1377,B14,1,2020,163,YC20:1377,False,False,8,7,6,True,,True
YC20:1378,B109,1,2020,147,YC20:1378,False,False,8,0,0,False,no_published_clean_observations,False
YC20:1379,NC412,1,2020,641,YC20:1379,False,False,8,8,7,True,,True
YC20:1380,Va59,1,2020,939,YC20:1380,False,False,8,8,7,True,,True
YC20:1381,Mo1W,1,2020,547,YC20:1381,False,False,8,0,0,False,no_published_clean_observations,False
YC20:1383,B66,1,2020,181,YC20:1383,False,False,8,8,7,True,,True
YC20:1384,W820G,1,2020,1009,YC20:1384,False,False,8,0,0,False,no_published_clean_observations,False
YC20:1385,CO257,1,2020,255,YC20:1385,False,False,8,7,6,True,,True
YC20:1386,PHV78,1,2020,853,YC20:1386,False,False,8,0,0,False,no_published_clean_observations,False
YC20:1387,IDS91,1,2020,381,YC20:1387,False,False,8,8,7,True,,True
YC20:1388,R71,1,2020,901,YC20:1388,False,False,8,8,7,True,,True
YC20:1389,LH192,1,2020,457,YC20:1389,False,False,8,8,7,True,,True
YC20:1390,B108,1,2020,145,YC20:1390,False,False,8,8,7,True,,True
YC20:1391,IDS69,1,2020,379,YC20:1391,False,False,8,7,6,True,,True
YC20:1392,B46,1,2020,173,YC20:1392,False,False,8,0,0,True,no_published_clean_observations,False
YC20:1393,78551S,1,2020,51,YC20:1393,False,False,8,0,0,True,no_published_clean_observations,False
YC20:1395,R168,1,2020,889,YC20:1395,False,False,8,8,7,True,,True
YC20:1396,K55,1,2020,409,YC20:1396,False,False,8,8,7,True,,True
YC20:1397,N542,1,2020,617,YC20:1397,False,False,8,8,7,True,,True
YC20:1398,LH224,1,2020,497,YC20:1398,False,False,8,7,6,True,,True
YC20:1399,A619,1,2020,91,YC20:1399,False,False,8,8,7,True,,True
YC20:1400,NC326,1,2020,633,YC20:1400,False,False,8,8,7,True,,True
YC20:1401,Il778d,1,2020,383,YC20:1401,False,False,8,8,7,False,genotype_not_observed_in_all_4_years,False
YC20:1402,IDS28,1,2020,377,YC20:1402,False,False,8,7,6,True,,True
YC20:1403,LH204,1,2020,473,YC20:1403,False,False,8,8,7,True,,True
YC20:1404,B14A,1,2020,165,YC20:1404,False,False,8,0,0,True,no_published_clean_observations,False
YC20:1405,B68,1,2020,183,YC20:1405,False,False,8,0,0,True,no_published_clean_observations,False
YC20:1406,B75,1,2020,207,YC20:1406,False,False,8,6,5,True,,True
YC20:1407,PHW43,1,2020,867,YC20:1407,False,False,8,8,7,False,genotype_not_observed_in_all_4_years,False
YC20:1408,PHHH9,1,2020,763,YC20:1408,False,False,8,0,0,False,no_published_clean_observations,False
YC20:1409,Pa778,1,2020,701,YC20:1409,False,False,8,8,7,False,genotype_not_observed_in_all_4_years,False
YC20:1410,PHK56,1,2020,783,YC20:1410,False,False,8,6,5,True,,True
YC20:1411,33-16,1,2020,33,YC20:1411,False,False,8,0,0,False,no_published_clean_observations,False
YC20:1413,MS221,1,2020,569,YC20:1413,False,False,8,8,7,True,,True
YC20:1414,N501,1,2020,609,YC20:1414,False,False,8,8,7,True,,True
YC20:1415,NC328,1,2020,635,YC20:1415,False,False,8,0,0,True,no_published_clean_observations,False
YC20:1416,K47,1,2020,407,YC20:1416,False,False,8,8,7,True,,True
YC20:1417,ZS365,1,2020,1039,YC20:1417,False,False,8,0,0,False,no_published_clean_observations,False
YC20:1418,WIL901,1,2020,1021,YC20:1418,False,False,8,0,0,False,no_published_clean_observations,False
YC20:1419,NC250,1,2020,623,YC20:1419,False,False,8,8,7,False,genotype_not_observed_in_all_4_years,False
YC20:1420,LH191,1,2020,455,YC20:1420,False,False,8,7,6,True,,True
YC20:1421,W809G,1,2020,991,YC20:1421,False,False,8,8,7,True,,True
YC20:1422,B77,1,2020,211,YC20:1422,False,False,8,7,6,True,,True
YC20:1423,Os426,1,2020,691,YC20:1423,False,False,8,7,6,True,,True
YC20:1424,R177,1,2020,891,YC20:1424,False,False,8,8,7,False,genotype_not_observed_in_all_4_years,False
YC20:1425,NC368,1,2020,639,YC20:1425,False,False,8,7,6,True,,True
YC20:1426,WU-TAN-TZAO,1,2020,1027,YC20:1426,False,False,8,8,7,True,,True
YC20:1427,DE811,1,2020,275,YC20:1427,False,False,8,6,5,True,,True
YC20:1428,NKS8326,1,2020,657,YC20:1428,False,False,8,0,0,True,no_published_clean_observations,False
YC20:1429,PHR31,1,2020,821,YC20:1429,False,False,8,8,7,True,,True
YC20:1430,Seagull Seventeen,1,2020,917,YC20:1430,False,False,8,7,6,True,,True
YC20:1431,Va35,1,2020,935,YC20:1431,False,False,8,8,7,True,,True
YC20:1432,YE 4,1,2020,1031,YC20:1432,False,False,8,7,6,True,,True
YC20:1433,Va17,1,2020,929,YC20:1433,False,False,8,0,0,False,no_published_clean_observations,False
YC20:1434,H121,1,2020,325,YC20:1434,False,False,8,8,7,True,,True
YC20:1435,PHW79,1,2020,875,YC20:1435,False,False,8,0,0,True,no_published_clean_observations,False
YC20:1436,WIL903,1,2020,1023,YC20:1436,False,False,8,0,0,False,no_published_clean_observations,False
YC20:1437,W607S,1,2020,973,YC20:1437,False,False,8,7,6,True,,True
YC20:1438,INBRED 321,1,2020,397,YC20:1438,False,False,8,8,7,True,,True
YC20:1439,Pa762,1,2020,699,YC20:1439,False,False,8,8,7,True,,True
YC20:1440,PHW52,1,2020,869,YC20:1440,False,False,8,8,7,True,,True
YC20:1441,B79,1,2020,213,YC20:1441,False,False,8,7,6,True,,True
YC20:1442,W803G,1,2020,989,YC20:1442,False,False,8,0,0,False,no_published_clean_observations,False
YC20:1443,LH193,1,2020,459,YC20:1443,False,False,8,6,5,False,genotype_not_observed_in_all_4_years,False
YC20:1444,Pa880,1,2020,705,YC20:1444,False,False,8,7,6,True,,True
YC20:1445,LH128,1,2020,429,YC20:1445,False,False,8,0,0,True,no_published_clean_observations,False
YC20:1446,NK740,1,2020,651,YC20:1446,False,False,8,8,7,True,,True
YC20:1447,H122w,1,2020,327,YC20:1447,False,False,8,0,0,True,no_published_clean_observations,False
YC20:1448,PHK29,1,2020,777,YC20:1448,False,False,8,0,0,False,no_published_clean_observations,False
YC20:1449,PHZ51,1,2020,883,YC20:1449,False,False,8,8,7,True,,True
YC20:1450,B70,1,2020,185,YC20:1450,False,False,8,8,7,True,,True
YC20:1451,PHG35,1,2020,743,YC20:1451,False,False,8,0,0,False,no_published_clean_observations,False
YC20:1452,B57,1,2020,177,YC20:1452,False,False,8,8,7,True,,True
YC20:1453,INBRED 109,1,2020,387,YC20:1453,False,False,8,0,0,False,no_published_clean_observations,False
YC20:1455,PHN29,1,2020,797,YC20:1455,False,False,8,6,5,True,,True
YC20:1456,N217,1,2020,601,YC20:1456,False,False,8,7,6,True,,True
YC20:1457,B164,1,2020,167,YC20:1457,False,False,8,8,7,True,,True
YC20:1458,PHN34,1,2020,799,YC20:1458,False,False,8,0,0,False,no_published_clean_observations,False
YC20:1459,HUOBAI,1,2020,349,YC20:1459,False,False,8,8,7,False,genotype_not_observed_in_all_4_years,False
YC20:1460,W810G,1,2020,993,YC20:1460,False,False,8,6,5,True,,True
YC20:1461,NC342,1,2020,637,YC20:1461,False,False,8,0,0,False,no_published_clean_observations,False
YC20:1462,CG102,1,2020,239,YC20:1462,False,False,8,8,7,True,,True
YC20:1463,PHT55,1,2020,841,YC20:1463,False,False,8,8,7,True,,True
YC20:1464,H96,1,2020,341,YC20:1464,False,False,8,8,7,True,,True
YC20:1465,YING-55,1,2020,1033,YC20:1465,False,False,8,8,7,True,,True
YC20:1466,PHT47,1,2020,839,YC20:1466,False,False,8,0,0,True,no_published_clean_observations,False
YC20:1467,PHJ70,1,2020,769,YC20:1467,False,False,8,8,7,True,,True
YC20:1468,W37A,1,2020,959,YC20:1468,False,False,8,8,7,True,,True
YC20:1469,VaW6,1,2020,943,YC20:1469,False,False,8,8,7,True,,True
YC20:1470,NC294,1,2020,629,YC20:1470,False,False,8,7,6,True,,True
YC20:1471,H5,1,2020,331,YC20:1471,False,False,8,8,7,True,,True
YC20:1472,M14,1,2020,531,YC20:1472,False,False,8,7,6,True,,True
YC20:1473,H105W,1,2020,317,YC20:1473,False,False,8,0,0,False,no_published_clean_observations,False
YC20:1474,B111,1,2020,151,YC20:1474,False,False,8,8,7,True,,True
YC20:1475,OC19,1,2020,675,YC20:1475,False,False,8,7,6,False,genotype_not_observed_in_all_4_years,False
YC20:1476,2MCDB,1,2020,31,YC20:1476,False,False,8,7,6,True,,True
YC20:1477,AusTRCF 306238,1,2020,131,YC20:1477,False,False,8,6,5,True,,True
YC20:1478,B121,1,2020,161,YC20:1478,False,False,8,6,5,True,,True
YC20:1479,B47,1,2020,175,YC20:1479,False,False,8,8,7,False,genotype_not_observed_in_all_4_years,False
YC20:1480,W611S,1,2020,977,YC20:1480,False,False,8,8,7,False,genotype_not_observed_in_all_4_years,False
YC20:1481,J47,1,2020,399,YC20:1481,False,False,8,8,7,True,,True
YC20:1482,N218,1,2020,603,YC20:1482,False,False,8,0,0,False,no_published_clean_observations,False
YC20:1483,PHM10,1,2020,793,YC20:1483,False,False,8,8,7,True,,True
YC20:1484,DK78371A,1,2020,287,YC20:1484,False,False,8,8,7,False,genotype_not_observed_in_all_4_years,False
YC20:1485,LH211,1,2020,483,YC20:1485,False,False,8,0,0,False,no_published_clean_observations,False
YC20:1486,PHR55,1,2020,827,YC20:1486,False,False,8,0,0,False,no_published_clean_observations,False
YC20:1487,W23,1,2020,953,YC20:1487,False,False,8,8,7,True,,True
YC20:1489,NY 166 (Neveh Yaar),1,2020,669,YC20:1489,False,False,8,8,7,True,,True
YC20:1490,CO258,1,2020,257,YC20:1490,False,False,8,0,0,True,no_published_clean_observations,False
YC20:1491,PHR47,1,2020,825,YC20:1491,False,False,8,8,7,True,,True
YC20:1492,H95,1,2020,339,YC20:1492,False,False,8,8,7,True,,True
YC20:1493,R78,1,2020,903,YC20:1493,False,False,8,8,7,True,,True
YC20:1494,NC290A,1,2020,627,YC20:1494,False,False,8,0,0,False,no_published_clean_observations,False
YC20:1495,FR19,1,2020,313,YC20:1495,False,False,8,7,6,True,,True
YC20:1496,Va22,1,2020,931,YC20:1496,False,False,8,0,0,False,no_published_clean_observations,False
YC20:1497,4F-234 BX 4,1,2020,37,YC20:1497,False,False,8,8,7,False,genotype_not_observed_in_all_4_years,False
YC20:1498,N523,1,2020,611,YC20:1498,False,False,8,8,7,True,,True
YC20:1499,LH208,1,2020,479,YC20:1499,False,False,8,8,7,True,,True
YC20:1500,PHJ33,1,2020,767,YC20:1500,False,False,8,0,0,False,no_published_clean_observations,False
YC20:1501,LH213,1,2020,485,YC20:1501,False,False,8,8,7,True,,True
YC20:1502,H84,1,2020,335,YC20:1502,False,False,8,0,0,True,no_published_clean_observations,False
YC20:1503,N211,1,2020,597,YC20:1503,False,False,8,7,6,True,,True
YC20:1504,MBPM,1,2020,533,YC20:1504,False,False,8,8,7,True,,True
YC20:1505,N28Ht,1,2020,607,YC20:1505,False,False,8,8,7,True,,True
YC20:1506,B2,1,2020,169,YC20:1506,False,False,8,7,6,True,,True
YC20:1507,W814G,1,2020,1001,YC20:1507,False,False,8,6,5,True,,True
YC20:1508,KUNG-70,1,2020,411,YC20:1508,False,False,8,8,7,True,,True
YC20:1509,Mo46,1,2020,549,YC20:1509,False,False,8,6,5,True,,True
YC20:1510,J8606,1,2020,401,YC20:1510,False,False,8,0,0,False,no_published_clean_observations,False
YC20:1511,B104,1,2020,139,YC20:1511,False,False,8,8,7,True,,True
YC20:1512,TZU-CHIAO-HSI-WU 105,1,2020,925,YC20:1512,False,False,8,6,5,True,,True
YC20:1513,PHBB3,1,2020,735,YC20:1513,False,False,8,8,7,True,,True
YC20:1514,PHWG5,1,2020,881,YC20:1514,False,False,8,0,0,False,no_published_clean_observations,False
YC20:1516,B98,1,2020,227,YC20:1516,False,False,8,0,0,False,no_published_clean_observations,False
YC20:1517,B65,1,2020,179,YC20:1517,False,False,8,8,7,True,,True
YC20:1518,PHW53,1,2020,871,YC20:1518,False,False,8,7,6,True,,True
YC20:1519,Wf9,1,2020,1017,YC20:1519,False,False,8,0,0,False,no_published_clean_observations,False
YC20:1520,N215,1,2020,599,YC20:1520,False,False,8,0,0,False,no_published_clean_observations,False
YC20:2001,Mo47,2,2020,552,YC20:2001,False,False,8,8,7,True,,True
YC20:2002,Pa405,2,2020,698,YC20:2002,False,False,8,7,6,True,,True
YC20:2004,PHG47,2,2020,746,YC20:2004,False,False,8,8,7,True,,True
YC20:2005,A672,2,2020,112,YC20:2005,False,False,8,8,7,True,,True
YC20:2006,CR14,2,2020,264,YC20:2006,False,False,8,0,0,False,no_published_clean_observations,False
YC20:2007,SD101,2,2020,908,YC20:2007,False,False,8,8,7,True,,True
YC20:2008,W64A,2,2020,986,YC20:2008,False,False,8,6,5,True,,True
YC20:2009,N201,2,2020,594,YC20:2009,False,False,8,7,6,True,,True
YC20:2010,C123,2,2020,236,YC20:2010,False,False,8,7,6,True,,True
YC20:2011,H42,2,2020,330,YC20:2011,False,False,8,7,6,True,,True
YC20:2012,LH295,2,2020,502,YC20:2012,False,False,8,7,6,True,,True
YC20:2013,A556,2,2020,88,YC20:2013,False,False,8,7,6,True,,True
YC20:2014,LH54,2,2020,506,YC20:2014,False,False,8,0,0,False,no_published_clean_observations,False
YC20:2015,B115,2,2020,156,YC20:2015,False,False,8,8,7,True,,True
YC20:2017,PHTM9,2,2020,846,YC20:2017,False,False,8,6,5,True,,True
YC20:2018,A659,2,2020,108,YC20:2018,False,False,8,8,7,True,,True
YC20:2019,PHN11,2,2020,796,YC20:2019,False,False,8,6,5,True,,True
YC20:2020,PHK74,2,2020,786,YC20:2020,False,False,8,8,7,True,,True
YC20:2021,A272,2,2020,66,YC20:2021,False,False,8,8,7,True,,True
YC20:2022,W614S,2,2020,984,YC20:2022,False,False,8,8,7,True,,True
YC20:2023,PHT69,2,2020,844,YC20:2023,False,False,8,0,0,False,no_published_clean_observations,False
YC20:2024,A663,2,2020,110,YC20:2024,False,False,8,8,7,True,,True
YC20:2025,911,2,2020,12,YC20:2025,False,False,8,8,7,True,,True
YC20:2026,Pa392,2,2020,696,YC20:2026,False,False,8,8,7,True,,True
YC20:2027,A680,2,2020,118,YC20:2027,False,False,8,6,5,True,,True
YC20:2028,B114,2,2020,154,YC20:2028,False,False,8,6,5,True,,True
YC20:2029,AQA3,2,2020,128,YC20:2029,False,False,8,8,7,True,,True
YC20:2030,Eng-Li Chih,2,2020,304,YC20:2030,False,False,8,8,7,True,,True
YC20:2031,2FADB,2,2020,28,YC20:2031,False,False,8,8,7,True,,True
YC20:2032,LP5,2,2020,530,YC20:2032,False,False,8,8,7,True,,True
YC20:2033,LH202,2,2020,472,YC20:2033,False,False,8,6,5,True,,True
YC20:2034,PHG29,2,2020,742,YC20:2034,False,False,8,6,5,True,,True
YC20:2035,A572,2,2020,90,YC20:2035,False,False,8,8,7,True,,True
YC20:2036,I29,2,2020,354,YC20:2036,False,False,8,8,7,True,,True
YC20:2037,LH61,2,2020,514,YC20:2037,False,False,8,6,5,True,,True
YC20:2038,PHBA6,2,2020,734,YC20:2038,False,False,8,8,7,True,,True
YC20:2039,PHJR5,2,2020,776,YC20:2039,False,False,8,8,7,True,,True
YC20:2040,R181B,2,2020,894,YC20:2040,False,False,8,8,7,True,,True
YC20:2041,DKPB80,2,2020,298,YC20:2041,False,False,8,8,7,True,,True
YC20:2042,NQ508,2,2020,662,YC20:2042,False,False,8,6,5,True,,True
YC20:2043,N197,2,2020,590,YC20:2043,False,False,8,0,0,False,no_published_clean_observations,False
YC20:2044,B-18 INBR.FR.SUPERGOLD,2,2020,134,YC20:2044,False,False,8,8,7,True,,True
YC20:2045,NY 159 (Neveh Yaar),2,2020,668,YC20:2045,False,False,8,0,0,False,no_published_clean_observations,False
YC20:2046,6F629,2,2020,46,YC20:2046,False,False,8,8,7,True,,True
YC20:2047,DKMBNA,2,2020,296,YC20:2047,False,False,8,0,0,True,no_published_clean_observations,False
YC20:2048,DK78010,2,2020,286,YC20:2048,False,False,8,8,7,True,,True
YC20:2049,INBRED 2-687,2,2020,392,YC20:2049,False,False,8,6,5,True,,True
YC20:2050,OQ403,2,2020,686,YC20:2050,False,False,8,8,7,True,,True
YC20:2051,2369,2,2020,18,YC20:2051,False,False,8,0,0,True,no_published_clean_observations,False
YC20:2052,NS501,2,2020,664,YC20:2052,False,False,8,8,7,True,,True
YC20:2053,PHG71,2,2020,750,YC20:2053,False,False,8,8,7,True,,True
YC20:2054,PHR63,2,2020,834,YC20:2054,False,False,8,8,7,True,,True
YC20:2055,PHG86,2,2020,758,YC20:2055,False,False,8,8,7,True,,True
YC20:2056,W612S,2,2020,980,YC20:2056,False,False,8,7,6,True,,True
YC20:2057,A258,2,2020,64,YC20:2057,False,False,8,8,7,True,,True
YC20:2058,MS71,2,2020,582,YC20:2058,False,False,8,8,7,True,,True
YC20:2059,PHVJ4,2,2020,858,YC20:2059,False,False,8,0,0,False,no_published_clean_observations,False
YC20:2060,Oh43,2,2020,682,YC20:2060,False,False,8,8,7,True,,True
YC20:2061,LH143 (Maintainer),2,2020,434,YC20:2061,False,False,8,7,6,True,,True
YC20:2062,PHV57,2,2020,850,YC20:2062,False,False,8,7,6,True,,True
YC20:2063,SD102,2,2020,910,YC20:2063,False,False,8,6,5,True,,True
YC20:2064,W604S,2,2020,968,YC20:2064,False,False,8,7,6,True,,True
YC20:2065,A334,2,2020,74,YC20:2065,False,False,8,8,7,True,,True
YC20:2066,DKFAPW,2,2020,290,YC20:2066,False,False,8,8,7,True,,True
YC20:2067,A548,2,2020,86,YC20:2067,False,False,8,8,7,True,,True
YC20:2068,PHJ89,2,2020,772,YC20:2068,False,False,8,8,7,True,,True
YC20:2069,A374,2,2020,78,YC20:2069,False,False,8,8,7,True,,True
YC20:2070,Oh40B,2,2020,680,YC20:2070,False,False,8,8,7,True,,True
YC20:2071,2FACC,2,2020,26,YC20:2071,False,False,8,8,7,True,,True
YC20:2072,CR1HT,2,2020,266,YC20:2072,False,False,8,6,5,False,genotype_not_observed_in_all_4_years,False
YC20:2073,PHW80,2,2020,878,YC20:2073,False,False,8,8,7,True,,True
YC20:2074,PHN82,2,2020,806,YC20:2074,False,False,8,0,0,False,no_published_clean_observations,False
YC20:2075,PHJ90,2,2020,774,YC20:2075,False,False,8,6,5,True,,True
YC20:2076,LH223,2,2020,496,YC20:2076,False,False,8,8,7,True,,True
YC20:2077,PHR36,2,2020,824,YC20:2077,False,False,8,6,5,True,,True
YC20:2078,LIBC 4,2,2020,524,YC20:2078,False,False,8,7,6,True,,True
YC20:2079,PHW86,2,2020,880,YC20:2079,False,False,8,8,7,True,,True
YC20:2080,PHW03,2,2020,860,YC20:2080,False,False,8,8,7,True,,True
YC20:2081,793,2,2020,10,YC20:2081,False,False,8,8,7,True,,True
YC20:2082,ICI581,2,2020,376,YC20:2082,False,False,8,0,0,False,no_published_clean_observations,False
YC20:2083,ICI 740,2,2020,370,YC20:2083,False,False,8,6,5,True,,True
YC20:2084,SD44,2,2020,916,YC20:2084,False,False,8,8,7,True,,True
YC20:2085,DK4676A,2,2020,282,YC20:2085,False,False,8,7,6,True,,True
YC20:2086,A634,2,2020,98,YC20:2086,False,False,8,7,6,True,,True
YC20:2087,AS6103,2,2020,130,YC20:2087,False,False,8,6,5,True,,True
YC20:2088,ML606,2,2020,542,YC20:2088,False,False,8,8,7,True,,True
YC20:2089,Mo17,2,2020,546,YC20:2089,False,False,8,0,0,False,no_published_clean_observations,False
YC20:2090,4F-306 108,2,2020,40,YC20:2090,False,False,8,8,7,True,,True
YC20:2091,Va52,2,2020,938,YC20:2091,False,False,8,8,7,True,,True
YC20:2092,PHR30,2,2020,820,YC20:2092,False,False,8,6,5,True,,True
YC20:2093,A682,2,2020,120,YC20:2093,False,False,8,8,7,True,,True
YC20:2094,CS405,2,2020,268,YC20:2094,False,False,8,6,5,True,,True
YC20:2095,PHGW7,2,2020,760,YC20:2095,False,False,8,8,7,True,,True
YC20:2096,B103,2,2020,138,YC20:2096,False,False,8,7,6,True,,True
YC20:2097,L 139,2,2020,418,YC20:2097,False,False,8,6,5,True,,True
YC20:2098,29MIBZ2,2,2020,24,YC20:2098,False,False,8,8,7,True,,True
YC20:2099,A73,2,2020,124,YC20:2099,False,False,8,8,7,True,,True
YC20:2100,PHHV4,2,2020,766,YC20:2100,False,False,8,6,5,True,,True
YC20:2101,LH38,2,2020,504,YC20:2101,False,False,8,0,0,False,no_published_clean_observations,False
YC20:2102,CH9,2,2020,250,YC20:2102,False,False,8,7,6,True,,True
YC20:2103,LH206,2,2020,478,YC20:2103,False,False,8,8,7,True,,True
YC20:2104,NC310,2,2020,632,YC20:2104,False,False,8,6,5,True,,True
YC20:2105,B76,2,2020,210,YC20:2105,False,False,8,6,5,True,,True
YC20:2106,N6,2,2020,620,YC20:2106,False,False,8,8,7,True,,True
YC20:2108,PHH93,2,2020,762,YC20:2108,False,False,8,6,5,True,,True
YC20:2109,1538,2,2020,16,YC20:2109,False,False,8,6,5,True,,True
YC20:2110,W605S,2,2020,970,YC20:2110,False,False,8,6,5,True,,True
YC20:2111,PHG80,2,2020,754,YC20:2111,False,False,8,7,6,True,,True
YC20:2112,LH149,2,2020,440,YC20:2112,False,False,8,7,6,True,,True
YC20:2113,BO9,2,2020,232,YC20:2113,False,False,8,6,5,True,,True
YC20:2114,PHN66,2,2020,804,YC20:2114,False,False,8,6,5,True,,True
YC20:2115,PHK76,2,2020,788,YC20:2115,False,False,8,0,0,False,no_published_clean_observations,False
YC20:2116,B-28,2,2020,136,YC20:2116,False,False,8,8,7,True,,True
YC20:2117,PHW20,2,2020,864,YC20:2117,False,False,8,7,6,True,,True
YC20:2118,A385,2,2020,80,YC20:2118,False,False,8,6,5,True,,True
YC20:2119,PHG72,2,2020,752,YC20:2119,False,False,8,6,5,True,,True
YC20:2120,ICI 893,2,2020,372,YC20:2120,False,False,8,8,7,True,,True
YC20:2121,W8304,2,2020,1014,YC20:2121,False,False,8,7,6,True,,True
YC20:2122,CH157,2,2020,242,YC20:2122,False,False,8,8,7,True,,True
YC20:2124,PHVA9,2,2020,856,YC20:2124,False,False,8,8,7,True,,True
YC20:2125,B91,2,2020,224,YC20:2125,False,False,8,8,7,True,,True
YC20:2126,A649,2,2020,106,YC20:2126,False,False,8,8,7,True,,True
YC20:2127,DK3IIH6,2,2020,280,YC20:2127,False,False,8,8,7,True,,True
YC20:2128,PHKE6,2,2020,792,YC20:2128,False,False,8,8,7,True,,True
YC20:2129,A627,2,2020,94,YC20:2129,False,False,8,8,7,True,,True
YC20:2130,MS200,2,2020,566,YC20:2130,False,False,8,8,7,True,,True
YC20:2131,W552,2,2020,962,YC20:2131,False,False,8,7,6,True,,True
YC20:2132,LH82,2,2020,520,YC20:2132,False,False,8,8,7,True,,True
YC20:2133,G80,2,2020,316,YC20:2133,False,False,8,8,7,True,,True
YC20:2134,LH172,2,2020,446,YC20:2134,False,False,8,8,7,True,,True
YC20:2135,Q381,2,2020,886,YC20:2135,False,False,8,8,7,True,,True
YC20:2136,MS72,2,2020,584,YC20:2136,False,False,8,6,5,True,,True
YC20:2137,PHP02,2,2020,808,YC20:2137,False,False,8,8,7,True,,True
YC20:2138,LH198,2,2020,468,YC20:2138,False,False,8,8,7,True,,True
YC20:2140,A208,2,2020,60,YC20:2140,False,False,8,8,7,True,,True
YC20:2141,C103,2,2020,234,YC20:2141,False,False,8,0,0,True,no_published_clean_observations,False
YC20:2142,78010,2,2020,22,YC20:2142,False,False,8,8,7,True,,True
YC20:2143,OS602,2,2020,694,YC20:2143,False,False,8,8,7,True,,True
YC20:2144,PHBW8,2,2020,738,YC20:2144,False,False,8,8,7,True,,True
YC20:2145,LH166,2,2020,444,YC20:2145,False,False,8,8,7,True,,True
YC20:2146,H99,2,2020,344,YC20:2146,False,False,8,8,7,True,,True
YC20:2147,LH209,2,2020,482,YC20:2147,False,False,8,8,7,True,,True
YC20:2148,W182E,2,2020,950,YC20:2148,False,False,8,0,0,False,no_published_clean_observations,False
YC20:2149,LH222,2,2020,494,YC20:2149,False,False,8,8,7,True,,True
YC20:2150,L 135,2,2020,416,YC20:2150,False,False,8,8,7,True,,True
YC20:2151,BEI 10 = NORTH 10,2,2020,230,YC20:2151,False,False,8,8,7,True,,True
YC20:2152,792,2,2020,8,YC20:2152,False,False,8,0,0,False,no_published_clean_observations,False
YC20:2153,SD40,2,2020,914,YC20:2153,False,False,8,8,7,True,,True
YC20:2154,4226,2,2020,20,YC20:2154,False,False,8,8,7,True,,True
YC20:2155,Ia 453,2,2020,356,YC20:2155,False,False,8,8,7,True,,True
YC20:2156,DJ7,2,2020,278,YC20:2156,False,False,8,8,7,True,,True
YC20:2157,MS225,2,2020,574,YC20:2157,False,False,8,8,7,True,,True
YC20:2158,PHG50,2,2020,748,YC20:2158,False,False,8,7,6,True,,True
YC20:2159,L 155,2,2020,420,YC20:2159,False,False,8,8,7,True,,True
YC20:2160,DKFBHJ,2,2020,292,YC20:2160,False,False,8,8,7,True,,True
YC20:2161,IBB15,2,2020,362,YC20:2161,False,False,8,8,7,True,,True
YC20:2164,WR3,2,2020,1026,YC20:2164,False,False,8,8,7,True,,True
YC20:2165,IBB14,2,2020,360,YC20:2165,False,False,8,8,7,True,,True
YC20:2166,912,2,2020,14,YC20:2166,False,False,8,8,7,True,,True
YC20:2167,A71,2,2020,122,YC20:2167,False,False,8,8,7,True,,True
YC20:2168,LH146Ht,2,2020,438,YC20:2168,False,False,8,8,7,True,,True
YC20:2169,LH74,2,2020,518,YC20:2169,False,False,8,8,7,True,,True
YC20:2170,SD107,2,2020,912,YC20:2170,False,False,8,8,7,True,,True
YC20:2171,FBLA,2,2020,310,YC20:2171,False,False,8,7,6,True,,True
YC20:2172,ZS635,2,2020,1042,YC20:2172,False,False,8,7,6,True,,True
YC20:2173,Va99,2,2020,942,YC20:2173,False,False,8,8,7,True,,True
YC20:2174,NK807,2,2020,656,YC20:2174,False,False,8,6,5,True,,True
YC20:2175,FC46,2,2020,312,YC20:2175,False,False,8,8,7,False,genotype_not_observed_in_all_4_years,False
YC20:2176,IBC2,2,2020,364,YC20:2176,False,False,8,8,7,True,,True
YC20:2177,PHP76,2,2020,812,YC20:2177,False,False,8,8,7,True,,True
YC20:2178,MS226,2,2020,576,YC20:2178,False,False,8,8,7,True,,True
YC20:2179,A340,2,2020,76,YC20:2179,False,False,8,8,7,True,,True
YC20:2180,PHP55,2,2020,810,YC20:2180,False,False,8,8,7,True,,True
YC20:2181,LH145,2,2020,436,YC20:2181,False,False,8,8,7,True,,True
YC20:2182,W117Ht,2,2020,946,YC20:2182,False,False,8,8,7,True,,True
YC20:2184,DE4,2,2020,274,YC20:2184,False,False,8,8,7,True,,True
YC20:2185,A401,2,2020,82,YC20:2185,False,False,8,0,0,False,no_published_clean_observations,False
YC20:2187,Lp215D,2,2020,528,YC20:2187,False,False,8,8,7,True,,True
YC20:2188,CR 22 INBRED,2,2020,262,YC20:2188,False,False,8,6,5,True,,True
YC20:2190,MS153,2,2020,564,YC20:2190,False,False,8,6,5,True,,True
YC20:2191,LH127,2,2020,428,YC20:2191,False,False,8,0,0,False,no_published_clean_observations,False
YC20:2192,DK78002A,2,2020,284,YC20:2192,False,False,8,7,6,True,,True
YC20:2193,LH165,2,2020,442,YC20:2193,False,False,8,7,6,True,,True
YC20:2194,LH119,2,2020,426,YC20:2194,False,False,8,6,5,True,,True
YC20:2195,B107,2,2020,144,YC20:2195,False,False,8,7,6,True,,True
YC20:2197,W602S,2,2020,964,YC20:2197,False,False,8,7,6,False,genotype_not_observed_in_all_4_years,False
YC20:2198,OQ603,2,2020,688,YC20:2198,False,False,8,6,5,True,,True
YC20:2199,N193,2,2020,588,YC20:2199,False,False,8,8,7,True,,True
YC20:2200,A635,2,2020,100,YC20:2200,False,False,8,8,7,True,,True
YC20:2201,R113,2,2020,888,YC20:2201,False,False,8,8,7,False,genotype_not_observed_in_all_4_years,False
YC20:2202,2MA22,2,2020,30,YC20:2202,False,False,8,8,7,True,,True
YC20:2203,A239,2,2020,62,YC20:2203,False,False,8,8,7,True,,True
YC20:2204,NC262,2,2020,626,YC20:2204,False,False,8,8,7,True,,True
YC20:2205,CI 40H,2,2020,252,YC20:2205,False,False,8,7,6,True,,True
YC20:2206,B87,2,2020,220,YC20:2206,False,False,8,8,7,True,,True
YC20:2207,PHW30,2,2020,866,YC20:2207,False,False,8,8,7,True,,True
YC20:2208,Ny821,2,2020,674,YC20:2208,False,False,8,6,5,True,,True
YC20:2209,Os420,2,2020,690,YC20:2209,False,False,8,6,5,True,,True
YC20:2210,3IJI1,2,2020,36,YC20:2210,False,False,8,8,7,True,,True
YC20:2211,W701BC,2,2020,988,YC20:2211,False,False,8,7,6,True,,True
YC20:2212,NORTH 7,2,2020,660,YC20:2212,False,False,8,7,6,True,,True
YC20:2213,PHB09,2,2020,730,YC20:2213,False,False,8,6,5,True,,True
YC20:2214,MEF156-55-2,2,2020,540,YC20:2214,False,False,8,8,7,True,,True
YC20:2215,LH57,2,2020,508,YC20:2215,False,False,8,8,7,False,genotype_not_observed_in_all_4_years,False
YC20:2216,CH711-10,2,2020,246,YC20:2216,False,False,8,8,7,True,,True
YC20:2217,W153R,2,2020,948,YC20:2217,False,False,8,7,6,True,,True
YC20:2218,L 127,2,2020,414,YC20:2218,False,False,8,8,7,True,,True
YC20:2219,LH184,2,2020,450,YC20:2219,False,False,8,8,7,True,,True
YC20:2220,MS132,2,2020,560,YC20:2220,False,False,8,7,6,True,,True
YC20:2221,764,2,2020,4,YC20:2221,False,False,8,8,7,True,,True
YC20:2222,MS116,2,2020,558,YC20:2222,False,False,8,6,5,True,,True
YC20:2223,A305,2,2020,68,YC20:2223,False,False,8,8,7,True,,True
YC20:2224,MQ305,2,2020,556,YC20:2224,False,False,8,8,7,True,,True
YC20:2225,CA-4,2,2020,238,YC20:2225,False,False,8,8,7,True,,True
YC20:2226,A427,2,2020,84,YC20:2226,False,False,8,8,7,True,,True
YC20:2227,A322,2,2020,72,YC20:2227,False,False,8,8,7,True,,True
YC20:2228,91IFC2,2,2020,56,YC20:2228,False,False,8,7,6,True,,True
YC20:2229,W613S,2,2020,982,YC20:2229,False,False,8,0,0,False,no_published_clean_observations,False
YC20:2230,CH753-4,2,2020,248,YC20:2230,False,False,8,8,7,False,genotype_not_observed_in_all_4_years,False
YC20:2231,ICI 441,2,2020,368,YC20:2231,False,False,8,0,0,False,no_published_clean_observations,False
YC20:2232,PHV37,2,2020,848,YC20:2232,False,False,8,7,6,True,,True
YC20:2233,B85,2,2020,218,YC20:2233,False,False,8,8,7,True,,True
YC20:2234,W603S,2,2020,966,YC20:2234,False,False,8,8,7,True,,True
YC20:2235,A648,2,2020,104,YC20:2235,False,False,8,8,7,True,,True
YC20:2236,PHB47,2,2020,732,YC20:2236,False,False,8,8,7,True,,True
YC20:2237,A641,2,2020,102,YC20:2237,False,False,8,8,7,True,,True
YC20:2238,PHW17,2,2020,862,YC20:2238,False,False,8,8,7,True,,True
YC20:2239,PHK42,2,2020,782,YC20:2239,False,False,8,8,7,True,,True
YC20:2240,LH93,2,2020,522,YC20:2240,False,False,8,8,7,True,,True
YC20:2241,CM105,2,2020,254,YC20:2241,False,False,8,8,7,True,,True
YC20:2242,790,2,2020,6,YC20:2242,False,False,8,8,7,True,,True
YC20:2243,W9,2,2020,1016,YC20:2243,False,False,8,8,7,True,,True
YC20:2244,NK778,2,2020,654,YC20:2244,False,False,8,8,7,True,,True
YC20:2245,ICI 193,2,2020,366,YC20:2245,False,False,8,8,7,True,,True
YC20:2246,A632,2,2020,96,YC20:2246,False,False,8,8,7,True,,True
YC20:2247,A679,2,2020,116,YC20:2247,False,False,8,8,7,True,,True
YC20:2248,ND265,2,2020,650,YC20:2248,False,False,8,8,7,True,,True
YC20:2249,ND247,2,2020,644,YC20:2249,False,False,8,8,7,True,,True
YC20:2250,EAST 028,2,2020,302,YC20:2250,False,False,8,8,7,True,,True
YC20:2251,ICI 986,2,2020,374,YC20:2251,False,False,8,7,6,True,,True
YC20:2252,IA2132,2,2020,358,YC20:2252,False,False,8,7,6,True,,True
YC20:2253,OH33,2,2020,678,YC20:2253,False,False,8,7,6,True,,True
YC20:2254,N192,2,2020,586,YC20:2254,False,False,8,8,7,True,,True
YC20:2255,DKIB014,2,2020,294,YC20:2255,False,False,8,0,0,False,no_published_clean_observations,False
YC20:2256,T242,2,2020,922,YC20:2256,False,False,8,8,7,True,,True
YC20:2257,MS211,2,2020,568,YC20:2257,False,False,8,8,7,True,,True
YC20:2258,MS224,2,2020,572,YC20:2258,False,False,8,8,7,True,,True
YC20:2259,A674,2,2020,114,YC20:2259,False,False,8,8,7,True,,True
YC20:2260,MS1334,2,2020,562,YC20:2260,False,False,8,0,0,False,no_published_clean_observations,False
YC20:2261,B97,2,2020,226,YC20:2261,False,False,8,8,7,True,,True
YC20:2262,H5,2,2020,332,YC20:2262,False,False,8,8,7,True,,True
YC20:2263,MS67,2,2020,580,YC20:2263,False,False,8,8,7,True,,True
YC20:2264,B110,2,2020,150,YC20:2264,False,False,8,8,7,True,,True
YC20:2265,W610S,2,2020,976,YC20:2265,False,False,8,8,7,True,,True
YC20:2267,HUOBAI,2,2020,350,YC20:2267,False,False,8,8,7,False,genotype_not_observed_in_all_4_years,False
YC20:2268,N211,2,2020,598,YC20:2268,False,False,8,7,6,True,,True
YC20:2270,B104,2,2020,140,YC20:2270,False,False,8,8,7,True,,True
YC20:2271,LH65,2,2020,516,YC20:2271,False,False,8,0,0,False,no_published_clean_observations,False
YC20:2272,N523,2,2020,612,YC20:2272,False,False,8,8,7,True,,True
YC20:2273,Il778d,2,2020,384,YC20:2273,False,False,8,8,7,False,genotype_not_observed_in_all_4_years,False
YC20:2274,J8606,2,2020,402,YC20:2274,False,False,8,0,0,False,no_published_clean_observations,False
YC20:2275,N527,2,2020,614,YC20:2275,False,False,8,8,7,True,,True
YC20:2276,LH192,2,2020,458,YC20:2276,False,False,8,8,7,True,,True
YC20:2277,PHN34,2,2020,800,YC20:2277,False,False,8,0,0,False,no_published_clean_observations,False
YC20:2278,Wf9,2,2020,1018,YC20:2278,False,False,8,0,0,False,no_published_clean_observations,False
YC20:2279,INBRED 305,2,2020,394,YC20:2279,False,False,8,8,7,True,,True
YC20:2280,HP301,2,2020,346,YC20:2280,False,False,8,8,7,True,,True
YC20:2281,Va22,2,2020,932,YC20:2281,False,False,8,0,0,False,no_published_clean_observations,False
YC20:2282,H91,2,2020,338,YC20:2282,False,False,8,8,7,True,,True
YC20:2283,W813G,2,2020,1000,YC20:2283,False,False,8,7,6,True,,True
YC20:2284,WXB6,2,2020,1030,YC20:2284,False,False,8,0,0,False,no_published_clean_observations,False
YC20:2285,NC326,2,2020,634,YC20:2285,False,False,8,8,7,True,,True
YC20:2286,K47,2,2020,408,YC20:2286,False,False,8,7,6,True,,True
YC20:2288,W817G,2,2020,1006,YC20:2288,False,False,8,0,0,False,no_published_clean_observations,False
YC20:2289,B164,2,2020,168,YC20:2289,False,False,8,6,5,True,,True
YC20:2290,Va17,2,2020,930,YC20:2290,False,False,8,0,0,False,no_published_clean_observations,False
YC20:2291,Pa778,2,2020,702,YC20:2291,False,False,8,8,7,False,genotype_not_observed_in_all_4_years,False
YC20:2292,PHT47,2,2020,840,YC20:2292,False,False,8,8,7,True,,True
YC20:2293,MS221,2,2020,570,YC20:2293,False,False,8,8,7,True,,True
YC20:2294,LH128,2,2020,430,YC20:2294,False,False,8,8,7,True,,True
YC20:2295,NY6371,2,2020,672,YC20:2295,False,False,8,8,7,True,,True
YC20:2296,CQ702RC,2,2020,260,YC20:2296,False,False,8,8,7,True,,True
YC20:2297,R177,2,2020,892,YC20:2297,False,False,8,8,7,False,genotype_not_observed_in_all_4_years,False
YC20:2298,FR19,2,2020,314,YC20:2298,False,False,8,8,7,True,,True
YC20:2300,PHJ33,2,2020,768,YC20:2300,False,False,8,0,0,False,no_published_clean_observations,False
YC20:2301,B120,2,2020,160,YC20:2301,False,False,8,7,6,True,,True
YC20:2303,W32,2,2020,958,YC20:2303,False,False,8,7,6,True,,True
YC20:2305,R78,2,2020,904,YC20:2305,False,False,8,7,6,True,,True
YC20:2306,B84,2,2020,216,YC20:2306,False,False,8,8,7,True,,True
YC20:2307,Va59,2,2020,940,YC20:2307,False,False,8,8,7,True,,True
YC20:2308,H113,2,2020,322,YC20:2308,False,False,8,8,7,True,,True
YC20:2309,LH199,2,2020,470,YC20:2309,False,False,8,8,7,True,,True
YC20:2310,Os426,2,2020,692,YC20:2310,False,False,8,8,7,True,,True
YC20:2311,Pa875,2,2020,704,YC20:2311,False,False,8,8,7,True,,True
YC20:2312,LP1 NR HT,2,2020,526,YC20:2312,False,False,8,8,7,True,,True
YC20:2313,INBRED 309,2,2020,396,YC20:2313,False,False,8,7,6,True,,True
YC20:2314,PHV78,2,2020,854,YC20:2314,False,False,8,8,7,False,genotype_not_observed_in_all_4_years,False
YC20:2315,PHR31,2,2020,822,YC20:2315,False,False,8,8,7,True,,True
YC20:2316,NC412,2,2020,642,YC20:2316,False,False,8,8,7,True,,True
YC20:2317,N28,2,2020,606,YC20:2317,False,False,8,0,0,False,no_published_clean_observations,False
YC20:2318,LH213,2,2020,486,YC20:2318,False,False,8,8,7,True,,True
YC20:2319,LH190,2,2020,454,YC20:2319,False,False,8,8,7,True,,True
YC20:2320,PHR62,2,2020,832,YC20:2320,False,False,8,0,0,False,no_published_clean_observations,False
YC20:2321,CO258,2,2020,258,YC20:2321,False,False,8,8,7,True,,True
YC20:2322,6M502,2,2020,48,YC20:2322,False,False,8,8,7,True,,True
YC20:2323,W819G,2,2020,1008,YC20:2323,False,False,8,0,0,False,no_published_clean_observations,False
YC20:2324,PHK35,2,2020,780,YC20:2324,False,False,8,7,6,True,,True
YC20:2325,Pa880,2,2020,706,YC20:2325,False,False,8,8,7,True,,True
YC20:2326,LH211,2,2020,484,YC20:2326,False,False,8,0,0,False,no_published_clean_observations,False
YC20:2327,W611S,2,2020,978,YC20:2327,False,False,8,8,7,False,genotype_not_observed_in_all_4_years,False
YC20:2328,INBRED 321,2,2020,398,YC20:2328,False,False,8,8,7,True,,True
YC20:2329,R168,2,2020,890,YC20:2329,False,False,8,8,7,True,,True
YC20:2330,WU-TAN-TZAO,2,2020,1028,YC20:2330,False,False,8,7,6,True,,True
YC20:2331,B121,2,2020,162,YC20:2331,False,False,8,7,6,True,,True
YC20:2332,Mo5,2,2020,554,YC20:2332,False,False,8,8,7,True,,True
YC20:2333,W821G,2,2020,1012,YC20:2333,False,False,8,0,0,False,no_published_clean_observations,False
YC20:2334,LH1,2,2020,424,YC20:2334,False,False,8,8,7,True,,True
YC20:2335,H84,2,2020,336,YC20:2335,False,False,8,8,7,True,,True
YC20:2336,LH224,2,2020,498,YC20:2336,False,False,8,0,0,True,no_published_clean_observations,False
YC20:2337,K41,2,2020,406,YC20:2337,False,False,8,8,7,True,,True
YC20:2338,N209,2,2020,596,YC20:2338,False,False,8,0,0,False,no_published_clean_observations,False
YC20:2339,LH197,2,2020,466,YC20:2339,False,False,8,8,7,True,,True
YC20:2340,KUNG-70,2,2020,412,YC20:2340,False,False,8,7,6,True,,True
YC20:2341,OC19,2,2020,676,YC20:2341,False,False,8,8,7,False,genotype_not_observed_in_all_4_years,False
YC20:2342,W812G,2,2020,998,YC20:2342,False,False,8,0,0,True,no_published_clean_observations,False
YC20:2343,N200,2,2020,592,YC20:2343,False,False,8,0,0,False,no_published_clean_observations,False
YC20:2344,L 289,2,2020,422,YC20:2344,False,False,8,8,7,True,,True
YC20:2345,4F-234 BX 4,2,2020,38,YC20:2345,False,False,8,7,6,False,genotype_not_observed_in_all_4_years,False
YC20:2346,W606S,2,2020,972,YC20:2346,False,False,8,0,0,False,no_published_clean_observations,False
YC20:2347,B70,2,2020,186,YC20:2347,False,False,8,8,7,True,,True
YC20:2348,B98,2,2020,228,YC20:2348,False,False,8,0,0,False,no_published_clean_observations,False
YC20:2349,W37A,2,2020,960,YC20:2349,False,False,8,6,5,True,,True
YC20:2350,PHM10,2,2020,794,YC20:2350,False,False,8,0,0,True,no_published_clean_observations,False
YC20:2351,LH205,2,2020,476,YC20:2351,False,False,8,6,5,True,,True
YC20:2352,6M502A,2,2020,50,YC20:2352,False,False,8,7,6,True,,True
YC20:2353,LH215,2,2020,490,YC20:2353,False,False,8,8,7,True,,True
YC20:2354,H71,2,2020,334,YC20:2354,False,False,8,7,6,True,,True
YC20:2355,B65,2,2020,180,YC20:2355,False,False,8,8,7,True,,True
YC20:2356,SG 30A,2,2020,920,YC20:2356,False,False,8,7,6,True,,True
YC20:2357,NC290A,2,2020,628,YC20:2357,False,False,8,0,0,False,no_published_clean_observations,False
YC20:2358,R71,2,2020,902,YC20:2358,False,False,8,8,7,True,,True
YC20:2359,N28Ht,2,2020,608,YC20:2359,False,False,8,8,7,True,,True
YC20:2360,LH194,2,2020,462,YC20:2360,False,False,8,8,7,True,,True
YC20:2361,Va26,2,2020,934,YC20:2361,False,False,8,8,7,True,,True
YC20:2362,NC294,2,2020,630,YC20:2362,False,False,8,7,6,True,,True
YC20:2363,H114,2,2020,324,YC20:2363,False,False,8,0,0,False,no_published_clean_observations,False
YC20:2364,B14A,2,2020,166,YC20:2364,False,False,8,7,6,True,,True
YC20:2365,Seagull Seventeen,2,2020,918,YC20:2365,False,False,8,0,0,True,no_published_clean_observations,False
YC20:2366,PHW53,2,2020,872,YC20:2366,False,False,8,8,7,True,,True
YC20:2367,PHR58,2,2020,830,YC20:2367,False,False,8,0,0,True,no_published_clean_observations,False
YC20:2368,N217,2,2020,602,YC20:2368,False,False,8,8,7,True,,True
YC20:2369,PHG35,2,2020,744,YC20:2369,False,False,8,0,0,False,no_published_clean_observations,False
YC20:2370,78551S,2,2020,52,YC20:2370,False,False,8,8,7,True,,True
YC20:2371,LH60,2,2020,512,YC20:2371,False,False,8,8,7,True,,True
YC20:2372,LH208,2,2020,480,YC20:2372,False,False,8,8,7,True,,True
YC20:2373,LH59,2,2020,510,YC20:2373,False,False,8,8,7,True,,True
YC20:2374,Oh7,2,2020,684,YC20:2374,False,False,8,8,7,True,,True
YC20:2375,PHR03,2,2020,818,YC20:2375,False,False,8,7,6,True,,True
YC20:2376,INBRED 141,2,2020,390,YC20:2376,False,False,8,8,7,True,,True
YC20:2377,K55,2,2020,410,YC20:2377,False,False,8,8,7,True,,True
YC20:2378,LH193,2,2020,460,YC20:2378,False,False,8,8,7,False,genotype_not_observed_in_all_4_years,False
YC20:2379,B2,2,2020,170,YC20:2379,False,False,8,7,6,True,,True
YC20:2380,B79,2,2020,214,YC20:2380,False,False,8,6,5,True,,True
YC20:2381,TZU-CHIAO-HSI-WU 105,2,2020,926,YC20:2381,False,False,8,8,7,True,,True
YC20:2382,PHT55,2,2020,842,YC20:2382,False,False,8,0,0,True,no_published_clean_observations,False
YC20:2383,PHR47,2,2020,826,YC20:2383,False,False,8,8,7,True,,True
YC20:2384,N501,2,2020,610,YC20:2384,False,False,8,8,7,True,,True
YC20:2385,H122w,2,2020,328,YC20:2385,False,False,8,8,7,True,,True
YC20:2386,NK740,2,2020,652,YC20:2386,False,False,8,0,0,True,no_published_clean_observations,False
YC20:2387,87916W,2,2020,54,YC20:2387,False,False,8,8,7,True,,True
YC20:2389,YING-55,2,2020,1034,YC20:2389,False,False,8,6,5,True,,True
YC20:2390,Pa762,2,2020,700,YC20:2390,False,False,8,8,7,True,,True
YC20:2391,Yu796 NS,2,2020,1038,YC20:2391,False,False,8,8,7,True,,True
YC20:2392,NC250,2,2020,624,YC20:2392,False,False,8,8,7,False,genotype_not_observed_in_all_4_years,False
YC20:2393,B77,2,2020,212,YC20:2393,False,False,8,8,7,True,,True
YC20:2394,HUANYAO,2,2020,348,YC20:2394,False,False,8,8,7,True,,True
YC20:2395,W811G,2,2020,996,YC20:2395,False,False,8,0,0,False,no_published_clean_observations,False
YC20:2396,INBRED 109,2,2020,388,YC20:2396,False,False,8,0,0,False,no_published_clean_observations,False
YC20:2397,W815G,2,2020,1004,YC20:2397,False,False,8,0,0,False,no_published_clean_observations,False
YC20:2398,LH227,2,2020,500,YC20:2398,False,False,8,0,0,False,no_published_clean_observations,False
YC20:2399,N534,2,2020,616,YC20:2399,False,False,8,8,7,True,,True
YC20:2400,MBWZ,2,2020,538,YC20:2400,False,False,8,8,7,True,,True
YC20:2401,W607S,2,2020,974,YC20:2401,False,False,8,8,7,True,,True
YC20:2402,PHW65,2,2020,874,YC20:2402,False,False,8,0,0,False,no_published_clean_observations,False
YC20:2403,B46,2,2020,174,YC20:2403,False,False,8,7,6,True,,True
YC20:2404,K150,2,2020,404,YC20:2404,False,False,8,7,6,True,,True
YC20:2405,B109,2,2020,148,YC20:2405,False,False,8,0,0,False,no_published_clean_observations,False
YC20:2406,W809G,2,2020,992,YC20:2406,False,False,8,8,7,True,,True
YC20:2407,Va35,2,2020,936,YC20:2407,False,False,8,8,7,True,,True
YC20:2408,NY 166 (Neveh Yaar),2,2020,670,YC20:2408,False,False,8,8,7,True,,True
YC20:2409,PHZ51,2,2020,884,YC20:2409,False,False,8,8,7,True,,True
YC20:2410,R227,2,2020,898,YC20:2410,False,False,8,7,6,True,,True
YC20:2411,LH204,2,2020,474,YC20:2411,False,False,8,8,7,True,,True
YC20:2412,R229,2,2020,900,YC20:2412,False,False,8,0,0,False,no_published_clean_observations,False
YC20:2414,W814G,2,2020,1002,YC20:2414,False,False,8,8,7,True,,True
YC20:2415,NKS8326,2,2020,658,YC20:2415,False,False,8,7,6,True,,True
YC20:2416,B105,2,2020,142,YC20:2416,False,False,8,7,6,True,,True
YC20:2417,PHK93,2,2020,790,YC20:2417,False,False,8,0,0,False,no_published_clean_observations,False
YC20:2418,PHW43,2,2020,868,YC20:2418,False,False,8,8,7,False,genotype_not_observed_in_all_4_years,False
YC20:2419,2MCDB,2,2020,32,YC20:2419,False,False,8,0,0,True,no_published_clean_observations,False
YC20:2420,AusTRCF 306238,2,2020,132,YC20:2420,False,False,8,8,7,True,,True
YC20:2421,H110,2,2020,320,YC20:2421,False,False,8,8,7,True,,True
YC20:2422,W820G,2,2020,1010,YC20:2422,False,False,8,0,0,False,no_published_clean_observations,False
YC20:2423,WIL900,2,2020,1020,YC20:2423,False,False,8,8,7,True,,True
YC20:2424,MBPM,2,2020,534,YC20:2424,False,False,8,8,7,True,,True
YC20:2425,VaW6,2,2020,944,YC20:2425,False,False,8,8,7,True,,True
YC20:2426,PHW79,2,2020,876,YC20:2426,False,False,8,8,7,True,,True
YC20:2428,F118,2,2020,306,YC20:2428,False,False,8,8,7,True,,True
YC20:2429,PHPR5,2,2020,816,YC20:2429,False,False,8,0,0,True,no_published_clean_observations,False
YC20:2430,PHK56,2,2020,784,YC20:2430,False,False,8,7,6,True,,True
YC20:2431,DK78371A,2,2020,288,YC20:2431,False,False,8,8,7,False,genotype_not_observed_in_all_4_years,False
YC20:2432,WIL903,2,2020,1024,YC20:2432,False,False,8,0,0,False,no_published_clean_observations,False
YC20:2433,Mo46,2,2020,550,YC20:2433,False,False,8,8,7,True,,True
YC20:2434,PHR55,2,2020,828,YC20:2434,False,False,8,0,0,False,no_published_clean_observations,False
YC20:2435,PHN46,2,2020,802,YC20:2435,False,False,8,0,0,False,no_published_clean_observations,False
YC20:2436,CO257,2,2020,256,YC20:2436,False,False,8,8,7,True,,True
YC20:2437,IDS69,2,2020,380,YC20:2437,False,False,8,8,7,True,,True
YC20:2438,WIL901,2,2020,1022,YC20:2438,False,False,8,0,0,False,no_published_clean_observations,False
YC20:2440,S8326,2,2020,906,YC20:2440,False,False,8,7,6,True,,True
YC20:2441,PHWG5,2,2020,882,YC20:2441,False,False,8,0,0,False,no_published_clean_observations,False
YC20:2442,PHK29,2,2020,778,YC20:2442,False,False,8,0,0,False,no_published_clean_observations,False
YC20:2443,A321,2,2020,70,YC20:2443,False,False,8,6,5,True,,True
YC20:2444,W810G,2,2020,994,YC20:2444,False,False,8,8,7,True,,True
YC20:2445,PHJ70,2,2020,770,YC20:2445,False,False,8,8,7,True,,True
YC20:2446,4N506,2,2020,44,YC20:2446,False,False,8,7,6,True,,True
YC20:2447,A619,2,2020,92,YC20:2447,False,False,8,8,7,True,,True
YC20:2448,B119,2,2020,158,YC20:2448,False,False,8,0,0,True,no_published_clean_observations,False
YC20:2449,IDS91,2,2020,382,YC20:2449,False,False,8,8,7,True,,True
YC20:2450,N7A,2,2020,622,YC20:2450,False,False,8,0,0,False,no_published_clean_observations,False
YC20:2451,NC328,2,2020,636,YC20:2451,False,False,8,7,6,True,,True
YC20:2452,NC368,2,2020,640,YC20:2452,False,False,8,8,7,True,,True
YC20:2453,PHT10,2,2020,836,YC20:2453,False,False,8,8,7,True,,True
YC20:2454,B57,2,2020,178,YC20:2454,False,False,8,0,0,True,no_published_clean_observations,False
YC20:2455,33-16,2,2020,34,YC20:2455,False,False,8,0,0,False,no_published_clean_observations,False
YC20:2457,B68,2,2020,184,YC20:2457,False,False,8,8,7,True,,True
YC20:2458,YE 4,2,2020,1032,YC20:2458,False,False,8,0,0,True,no_published_clean_observations,False
YC20:2459,MS24A,2,2020,578,YC20:2459,False,False,8,8,7,True,,True
YC20:2460,Mo1W,2,2020,548,YC20:2460,False,False,8,0,0,False,no_published_clean_observations,False
YC20:2461,N218,2,2020,604,YC20:2461,False,False,8,0,0,False,no_published_clean_observations,False
YC20:2462,Pa91,2,2020,708,YC20:2462,False,False,8,8,7,True,,True
YC20:2463,CG102,2,2020,240,YC20:2463,False,False,8,8,7,True,,True
YC20:2464,DE811,2,2020,276,YC20:2464,False,False,8,7,6,True,,True
YC20:2465,E8501,2,2020,300,YC20:2465,False,False,8,7,6,True,,True
YC20:2466,A797NW,2,2020,126,YC20:2466,False,False,8,0,0,False,no_published_clean_observations,False
YC20:2467,B111,2,2020,152,YC20:2467,False,False,8,7,6,True,,True
YC20:2468,PHG83,2,2020,756,YC20:2468,False,False,8,7,6,True,,True
YC20:2469,B37,2,2020,172,YC20:2469,False,False,8,7,6,True,,True
YC20:2470,MM501D,2,2020,544,YC20:2470,False,False,8,8,7,True,,True
YC20:2471,ZS365,2,2020,1040,YC20:2471,False,False,8,0,0,False,no_published_clean_observations,False
YC20:2472,F2834T,2,2020,308,YC20:2472,False,False,8,8,7,True,,True
YC20:2473,B108,2,2020,146,YC20:2473,False,False,8,8,7,True,,True
YC20:2474,DE2,2,2020,270,YC20:2474,False,False,8,0,0,True,no_published_clean_observations,False
YC20:2475,M14,2,2020,532,YC20:2475,False,False,8,8,7,True,,True
YC20:2476,CH701-30,2,2020,244,YC20:2476,False,False,8,7,6,True,,True
YC20:2477,H121,2,2020,326,YC20:2477,False,False,8,8,7,True,,True
YC20:2478,W803G,2,2020,990,YC20:2478,False,False,8,0,0,False,no_published_clean_observations,False
YC20:2479,B66,2,2020,182,YC20:2479,False,False,8,8,7,True,,True
YC20:2480,YONG 28,2,2020,1036,YC20:2480,False,False,8,0,0,False,no_published_clean_observations,False
YC20:2481,Tr,2,2020,924,YC20:2481,False,False,8,8,7,True,,True
YC20:2482,B75,2,2020,208,YC20:2482,False,False,8,8,7,True,,True
YC20:2483,PHT22,2,2020,838,YC20:2483,False,False,8,0,0,False,no_published_clean_observations,False
YC20:2484,LH195,2,2020,464,YC20:2484,False,False,8,8,7,True,,True
YC20:2485,W23,2,2020,954,YC20:2485,False,False,8,8,7,True,,True
YC20:2486,DE3,2,2020,272,YC20:2486,False,False,8,8,7,False,genotype_not_observed_in_all_4_years,False
YC20:2487,Va102,2,2020,928,YC20:2487,False,False,8,0,0,False,no_published_clean_observations,False
YC20:2488,NS701,2,2020,666,YC20:2488,False,False,8,8,7,True,,True
YC20:2489,LH181,2,2020,448,YC20:2489,False,False,8,8,7,False,genotype_not_observed_in_all_4_years,False
YC20:2490,PHV63,2,2020,852,YC20:2490,False,False,8,8,7,True,,True
YC20:2491,LH216,2,2020,492,YC20:2491,False,False,8,0,0,False,no_published_clean_observations,False
YC20:2492,N542,2,2020,618,YC20:2492,False,False,8,8,7,True,,True
YC20:2493,W22,2,2020,952,YC20:2493,False,False,8,8,7,True,,True
YC20:2494,4F-35 BK,2,2020,42,YC20:2494,False,False,8,8,7,False,genotype_not_observed_in_all_4_years,False
YC20:2495,Hy,2,2020,352,YC20:2495,False,False,8,0,0,False,no_published_clean_observations,False
YC20:2496,B88,2,2020,222,YC20:2496,False,False,8,8,7,True,,True
YC20:2497,MBST,2,2020,536,YC20:2497,False,False,8,8,7,False,genotype_not_observed_in_all_4_years,False
YC20:2498,PHBB3,2,2020,736,YC20:2498,False,False,8,8,7,True,,True
YC20:2499,N215,2,2020,600,YC20:2499,False,False,8,0,0,False,no_published_clean_observations,False
YC20:2500,PHN29,2,2020,798,YC20:2500,False,False,8,8,7,True,,True
YC20:2501,B47,2,2020,176,YC20:2501,False,False,8,7,6,False,genotype_not_observed_in_all_4_years,False
YC20:2502,LH191,2,2020,456,YC20:2502,False,False,8,8,7,True,,True
YC20:2503,INB 101LFY/LFY (A632 X M16 S5),2,2020,386,YC20:2503,False,False,8,8,7,True,,True
YC20:2504,NC342,2,2020,638,YC20:2504,False,False,8,0,0,False,no_published_clean_observations,False
YC20:2506,A,2,2020,58,YC20:2506,False,False,8,8,7,True,,True
YC20:2507,B14,2,2020,164,YC20:2507,False,False,8,0,0,True,no_published_clean_observations,False
YC20:2508,LH185,2,2020,452,YC20:2508,False,False,8,8,7,True,,True
YC20:2509,J47,2,2020,400,YC20:2509,False,False,8,8,7,True,,True
YC20:2510,R226,2,2020,896,YC20:2510,False,False,8,8,7,True,,True
YC20:2511,PHEG9,2,2020,740,YC20:2511,False,False,8,7,6,False,genotype_not_observed_in_all_4_years,False
YC20:2512,LH214,2,2020,488,YC20:2512,False,False,8,8,7,True,,True
YC20:2513,IDS28,2,2020,378,YC20:2513,False,False,8,7,6,True,,True
YC20:2514,PHW52,2,2020,870,YC20:2514,False,False,8,8,7,True,,True
YC20:2515,W24,2,2020,956,YC20:2515,False,False,8,8,7,True,,True
YC20:2516,PHHH9,2,2020,764,YC20:2516,False,False,8,0,0,False,no_published_clean_observations,False
YC20:2517,H105W,2,2020,318,YC20:2517,False,False,8,0,0,False,no_published_clean_observations,False
YC20:2518,H96,2,2020,342,YC20:2518,False,False,8,7,6,True,,True
YC20:2519,H95,2,2020,340,YC20:2519,False,False,8,8,7,True,,True
YC20:2520,PHP85,2,2020,814,YC20:2520,False,False,8,8,7,True,,True
YC21:1001,ICI 986,1,2021,373,YC21:1001,False,False,11,11,10,True,,True
YC21:1002,DKFBHJ,1,2021,291,YC21:1002,False,False,11,11,10,True,,True
YC21:1003,PHBW8,1,2021,737,YC21:1003,False,False,11,11,10,True,,True
YC21:1005,R113,1,2021,887,YC21:1005,False,False,11,9,8,False,genotype_not_observed_in_all_4_years,False
YC21:1006,W9,1,2021,1015,YC21:1006,False,False,11,11,10,True,,True
YC21:1007,AQA3,1,2021,127,YC21:1007,False,False,11,11,10,True,,True
YC21:1008,DE4,1,2021,273,YC21:1008,False,False,11,11,10,True,,True
YC21:1009,W552,1,2021,961,YC21:1009,False,False,11,9,8,True,,True
YC21:1010,LH198,1,2021,467,YC21:1010,False,False,11,11,10,True,,True
YC21:1011,LH74,1,2021,517,YC21:1011,False,False,11,11,10,True,,True
YC21:1012,A374,1,2021,77,YC21:1012,False,False,11,11,10,True,,True
YC21:1013,A334,1,2021,73,YC21:1013,False,False,11,11,10,True,,True
YC21:1014,DKMBNA,1,2021,295,YC21:1014,False,False,11,11,10,True,,True
YC21:1015,ICI 441,1,2021,367,YC21:1015,False,False,11,11,10,False,genotype_not_observed_in_all_4_years,False
YC21:1016,CH711-10,1,2021,245,YC21:1016,False,False,11,11,10,True,,True
YC21:1017,PHG80,1,2021,753,YC21:1017,False,False,11,11,10,True,,True
YC21:1018,A71,1,2021,121,YC21:1018,False,False,11,11,10,True,,True
YC21:1019,2369,1,2021,17,YC21:1019,False,False,11,11,10,True,,True
YC21:1021,LH82,1,2021,519,YC21:1021,False,False,11,11,10,True,,True
YC21:1022,MS132,1,2021,559,YC21:1022,False,False,11,11,10,True,,True
YC21:1023,C103,1,2021,233,YC21:1023,False,False,11,9,8,True,,True
YC21:1024,L 155,1,2021,419,YC21:1024,False,False,11,11,10,True,,True
YC21:1025,PHN66,1,2021,803,YC21:1025,False,False,11,11,10,True,,True
YC21:1026,SD102,1,2021,909,YC21:1026,False,False,11,11,10,True,,True
YC21:1027,PHGW7,1,2021,759,YC21:1027,False,False,11,11,10,True,,True
YC21:1028,BO9,1,2021,231,YC21:1028,False,False,11,11,10,True,,True
YC21:1029,AS6103,1,2021,129,YC21:1029,False,False,11,11,10,True,,True
YC21:1030,DKPB80,1,2021,297,YC21:1030,False,False,11,11,10,True,,True
YC21:1031,764,1,2021,3,YC21:1031,False,False,11,11,10,True,,True
YC21:1032,Ia 453,1,2021,355,YC21:1032,False,False,11,11,10,True,,True
YC21:1033,FC46,1,2021,311,YC21:1033,False,False,11,11,10,False,genotype_not_observed_in_all_4_years,False
YC21:1035,B-18 INBR.FR.SUPERGOLD,1,2021,133,YC21:1035,False,False,11,11,10,True,,True
YC21:1036,ICI581,1,2021,375,YC21:1036,False,False,11,11,10,False,genotype_not_observed_in_all_4_years,False
YC21:1037,N201,1,2021,593,YC21:1037,False,False,11,11,10,True,,True
YC21:1038,W603S,1,2021,965,YC21:1038,False,False,11,10,9,True,,True
YC21:1039,ICI 193,1,2021,365,YC21:1039,False,False,11,11,10,True,,True
YC21:1040,PHJR5,1,2021,775,YC21:1040,False,False,11,11,10,True,,True
YC21:1041,W64A,1,2021,985,YC21:1041,False,False,11,11,10,True,,True
YC21:1042,L 135,1,2021,415,YC21:1042,False,False,11,11,10,True,,True
YC21:1043,CA-4,1,2021,237,YC21:1043,False,False,11,10,9,True,,True
YC21:1044,I29,1,2021,353,YC21:1044,False,False,11,11,10,True,,True
YC21:1046,LH61,1,2021,513,YC21:1046,False,False,11,11,10,True,,True
YC21:1047,Mo47,1,2021,551,YC21:1047,False,False,11,11,10,True,,True
YC21:1048,W613S,1,2021,981,YC21:1048,False,False,11,0,0,False,no_published_clean_observations,False
YC21:1049,LH202,1,2021,471,YC21:1049,False,False,11,11,10,True,,True
YC21:1050,B76,1,2021,209,YC21:1050,False,False,11,11,10,True,,True
YC21:1051,A635,1,2021,99,YC21:1051,False,False,11,11,10,True,,True
YC21:1052,PHP55,1,2021,809,YC21:1052,False,False,11,11,10,True,,True
YC21:1053,A556,1,2021,87,YC21:1053,False,False,11,10,9,True,,True
YC21:1054,LH206,1,2021,477,YC21:1054,False,False,11,11,10,True,,True
YC21:1055,LH172,1,2021,445,YC21:1055,False,False,11,9,8,True,,True
YC21:1056,LIBC 4,1,2021,523,YC21:1056,False,False,11,11,10,True,,True
YC21:1057,Lp215D,1,2021,527,YC21:1057,False,False,11,11,10,True,,True
YC21:1058,PHVJ4,1,2021,857,YC21:1058,False,False,11,11,10,False,genotype_not_observed_in_all_4_years,False
YC21:1059,A634,1,2021,97,YC21:1059,False,False,11,11,10,True,,True
YC21:1060,2FACC,1,2021,25,YC21:1060,False,False,11,11,10,True,,True
YC21:1061,W701BC,1,2021,987,YC21:1061,False,False,11,11,10,True,,True
YC21:1062,SD44,1,2021,915,YC21:1062,False,False,11,11,10,True,,True
YC21:1063,PHJ90,1,2021,773,YC21:1063,False,False,11,11,10,True,,True
YC21:1064,IBB14,1,2021,359,YC21:1064,False,False,11,11,10,True,,True
YC21:1065,911,1,2021,11,YC21:1065,False,False,11,11,10,True,,True
YC21:1066,NS501,1,2021,663,YC21:1066,False,False,11,10,9,True,,True
YC21:1067,LH54,1,2021,505,YC21:1067,False,False,11,0,0,False,no_published_clean_observations,False
YC21:1068,ND247,1,2021,643,YC21:1068,False,False,11,10,9,True,,True
YC21:1069,W8304,1,2021,1013,YC21:1069,False,False,11,9,8,True,,True
YC21:1070,LH38,1,2021,503,YC21:1070,False,False,11,10,9,False,genotype_not_observed_in_all_4_years,False
YC21:1071,A401,1,2021,81,YC21:1071,False,False,11,11,10,False,genotype_not_observed_in_all_4_years,False
YC21:1072,29MIBZ2,1,2021,23,YC21:1072,False,False,11,11,10,True,,True
YC21:1073,LH57,1,2021,507,YC21:1073,False,False,11,0,0,False,no_published_clean_observations,False
YC21:1074,Oh40B,1,2021,679,YC21:1074,False,False,11,11,10,True,,True
YC21:1075,W604S,1,2021,967,YC21:1075,False,False,11,9,8,True,,True
YC21:1076,W117Ht,1,2021,945,YC21:1076,False,False,11,9,8,True,,True
YC21:1077,MS211,1,2021,567,YC21:1077,False,False,11,11,10,True,,True
YC21:1078,DK78010,1,2021,285,YC21:1078,False,False,11,11,10,True,,True
YC21:1079,A674,1,2021,113,YC21:1079,False,False,11,11,10,True,,True
YC21:1080,Os420,1,2021,689,YC21:1080,False,False,11,11,10,True,,True
YC21:1081,A641,1,2021,101,YC21:1081,False,False,11,11,10,True,,True
YC21:1082,Ny821,1,2021,673,YC21:1082,False,False,11,11,10,True,,True
YC21:1083,4226,1,2021,19,YC21:1083,False,False,11,11,10,True,,True
YC21:1084,LH222,1,2021,493,YC21:1084,False,False,11,11,10,True,,True
YC21:1085,T242,1,2021,921,YC21:1085,False,False,11,11,10,True,,True
YC21:1086,DKIB014,1,2021,293,YC21:1086,False,False,11,10,9,False,genotype_not_observed_in_all_4_years,False
YC21:1087,MS71,1,2021,581,YC21:1087,False,False,11,11,10,True,,True
YC21:1088,790,1,2021,5,YC21:1088,False,False,11,11,10,True,,True
YC21:1089,B115,1,2021,155,YC21:1089,False,False,11,10,9,True,,True
YC21:1090,792,1,2021,7,YC21:1090,False,False,11,11,10,False,genotype_not_observed_in_all_4_years,False
YC21:1091,A272,1,2021,65,YC21:1091,False,False,11,11,10,True,,True
YC21:1092,W602S,1,2021,963,YC21:1092,False,False,11,9,8,False,genotype_not_observed_in_all_4_years,False
YC21:1093,MS153,1,2021,563,YC21:1093,False,False,11,11,10,True,,True
YC21:1094,A663,1,2021,109,YC21:1094,False,False,11,11,10,True,,True
YC21:1095,Q381,1,2021,885,YC21:1095,False,False,11,11,10,True,,True
YC21:1096,CM105,1,2021,253,YC21:1096,False,False,11,11,10,True,,True
YC21:1097,LH209,1,2021,481,YC21:1097,False,False,11,11,10,True,,True
YC21:1098,OQ403,1,2021,685,YC21:1098,False,False,11,11,10,True,,True
YC21:1099,IA2132,1,2021,357,YC21:1099,False,False,11,11,10,True,,True
YC21:1100,G80,1,2021,315,YC21:1100,False,False,11,11,10,True,,True
YC21:1101,CH753-4,1,2021,247,YC21:1101,False,False,11,11,10,False,genotype_not_observed_in_all_4_years,False
YC21:1102,DK4676A,1,2021,281,YC21:1102,False,False,11,11,10,True,,True
YC21:1103,PHK42,1,2021,781,YC21:1103,False,False,11,11,10,True,,True
YC21:1104,3IJI1,1,2021,35,YC21:1104,False,False,11,11,10,True,,True
YC21:1105,H42,1,2021,329,YC21:1105,False,False,11,10,9,True,,True
YC21:1106,PHK76,1,2021,787,YC21:1106,False,False,11,10,9,False,genotype_not_observed_in_all_4_years,False
YC21:1107,NK778,1,2021,653,YC21:1107,False,False,11,11,10,True,,True
YC21:1108,PHW20,1,2021,863,YC21:1108,False,False,11,11,10,True,,True
YC21:1109,PHW30,1,2021,865,YC21:1109,False,False,11,11,10,True,,True
YC21:1111,MEF156-55-2,1,2021,539,YC21:1111,False,False,11,10,9,True,,True
YC21:1112,LP5,1,2021,529,YC21:1112,False,False,11,11,10,True,,True
YC21:1113,L 139,1,2021,417,YC21:1113,False,False,11,11,10,True,,True
YC21:1114,PHR36,1,2021,823,YC21:1114,False,False,11,11,10,True,,True
YC21:1115,A548,1,2021,85,YC21:1115,False,False,11,11,10,True,,True
YC21:1116,PHG47,1,2021,745,YC21:1116,False,False,11,10,9,True,,True
YC21:1117,MS224,1,2021,571,YC21:1117,False,False,11,11,10,True,,True
YC21:1118,PHK74,1,2021,785,YC21:1118,False,False,11,11,10,True,,True
YC21:1119,DKFAPW,1,2021,289,YC21:1119,False,False,11,11,10,True,,True
YC21:1120,LH145,1,2021,435,YC21:1120,False,False,11,9,8,True,,True
YC21:1121,CI 40H,1,2021,251,YC21:1121,False,False,11,11,10,True,,True
YC21:1122,NC262,1,2021,625,YC21:1122,False,False,11,10,9,True,,True
YC21:1123,91IFC2,1,2021,55,YC21:1123,False,False,11,11,10,True,,True
YC21:1124,PHN11,1,2021,795,YC21:1124,False,False,11,11,10,True,,True
YC21:1125,PHG29,1,2021,741,YC21:1125,False,False,11,9,8,True,,True
YC21:1126,NY 159 (Neveh Yaar),1,2021,667,YC21:1126,False,False,11,11,10,False,genotype_not_observed_in_all_4_years,False
YC21:1127,6F629,1,2021,45,YC21:1127,False,False,11,10,9,True,,True
YC21:1128,IBC2,1,2021,363,YC21:1128,False,False,11,11,10,True,,True
YC21:1129,A649,1,2021,105,YC21:1129,False,False,11,11,10,True,,True
YC21:1130,A659,1,2021,107,YC21:1130,False,False,11,11,10,True,,True
YC21:1131,1538,1,2021,15,YC21:1131,False,False,11,11,10,True,,True
YC21:1132,LH127,1,2021,427,YC21:1132,False,False,11,11,10,False,genotype_not_observed_in_all_4_years,False
YC21:1133,PHKE6,1,2021,791,YC21:1133,False,False,11,11,10,True,,True
YC21:1134,PHN82,1,2021,805,YC21:1134,False,False,11,10,9,False,genotype_not_observed_in_all_4_years,False
YC21:1135,PHT69,1,2021,843,YC21:1135,False,False,11,11,10,False,genotype_not_observed_in_all_4_years,False
YC21:1137,NORTH 7,1,2021,659,YC21:1137,False,False,11,10,9,True,,True
YC21:1138,PHP76,1,2021,811,YC21:1138,False,False,11,11,10,True,,True
YC21:1139,MQ305,1,2021,555,YC21:1139,False,False,11,10,9,True,,True
YC21:1140,MS1334,1,2021,561,YC21:1140,False,False,11,0,0,False,no_published_clean_observations,False
YC21:1141,N192,1,2021,585,YC21:1141,False,False,11,11,10,True,,True
YC21:1142,A258,1,2021,63,YC21:1142,False,False,11,11,10,True,,True
YC21:1143,A572,1,2021,89,YC21:1143,False,False,11,10,9,True,,True
YC21:1144,MS225,1,2021,573,YC21:1144,False,False,11,11,10,True,,True
YC21:1145,78010,1,2021,21,YC21:1145,False,False,11,11,10,True,,True
YC21:1146,MS200,1,2021,565,YC21:1146,False,False,11,11,10,True,,True
YC21:1147,CH9,1,2021,249,YC21:1147,False,False,11,9,8,True,,True
YC21:1148,PHG86,1,2021,757,YC21:1148,False,False,11,0,0,True,no_published_clean_observations,False
YC21:1149,A682,1,2021,119,YC21:1149,False,False,11,11,10,True,,True
YC21:1150,A427,1,2021,83,YC21:1150,False,False,11,11,10,True,,True
YC21:1151,2MA22,1,2021,29,YC21:1151,False,False,11,11,10,True,,True
YC21:1152,LH149,1,2021,439,YC21:1152,False,False,11,11,10,True,,True
YC21:1153,B-28,1,2021,135,YC21:1153,False,False,11,11,10,True,,True
YC21:1154,Pa392,1,2021,695,YC21:1154,False,False,11,11,10,True,,True
YC21:1155,912,1,2021,13,YC21:1155,False,False,11,10,9,True,,True
YC21:1156,W614S,1,2021,983,YC21:1156,False,False,11,10,9,True,,True
YC21:1157,LH165,1,2021,441,YC21:1157,False,False,11,9,8,True,,True
YC21:1158,PHVA9,1,2021,855,YC21:1158,False,False,11,11,10,True,,True
YC21:1159,PHV57,1,2021,849,YC21:1159,False,False,11,11,10,True,,True
YC21:1160,N193,1,2021,587,YC21:1160,False,False,11,11,10,True,,True
YC21:1161,W153R,1,2021,947,YC21:1161,False,False,11,9,8,True,,True
YC21:1163,NQ508,1,2021,661,YC21:1163,False,False,11,10,9,True,,True
YC21:1164,A679,1,2021,115,YC21:1164,False,False,11,10,9,True,,True
YC21:1165,OQ603,1,2021,687,YC21:1165,False,False,11,11,10,True,,True
YC21:1166,B85,1,2021,217,YC21:1166,False,False,11,10,9,True,,True
YC21:1167,A73,1,2021,123,YC21:1167,False,False,11,11,10,True,,True
YC21:1168,N6,1,2021,619,YC21:1168,False,False,11,9,8,True,,True
YC21:1169,A208,1,2021,59,YC21:1169,False,False,11,11,10,True,,True
YC21:1170,A632,1,2021,95,YC21:1170,False,False,11,10,9,True,,True
YC21:1171,N197,1,2021,589,YC21:1171,False,False,11,10,9,False,genotype_not_observed_in_all_4_years,False
YC21:1172,C123,1,2021,235,YC21:1172,False,False,11,9,8,True,,True
YC21:1173,WR3,1,2021,1025,YC21:1173,False,False,11,10,9,True,,True
YC21:1174,CR 22 INBRED,1,2021,261,YC21:1174,False,False,11,11,10,True,,True
YC21:1175,DK3IIH6,1,2021,279,YC21:1175,False,False,11,11,10,True,,True
YC21:1176,B91,1,2021,223,YC21:1176,False,False,11,11,10,True,,True
YC21:1177,MS72,1,2021,583,YC21:1177,False,False,11,11,10,True,,True
YC21:1178,INBRED 2-687,1,2021,391,YC21:1178,False,False,11,11,10,True,,True
YC21:1179,LH295,1,2021,501,YC21:1179,False,False,11,11,10,True,,True
YC21:1180,DK78002A,1,2021,283,YC21:1180,False,False,11,11,10,True,,True
YC21:1181,ZS635,1,2021,1041,YC21:1181,False,False,11,11,10,True,,True
YC21:1182,Mo17,1,2021,545,YC21:1182,False,False,11,11,10,False,genotype_not_observed_in_all_4_years,False
YC21:1183,PHB09,1,2021,729,YC21:1183,False,False,11,11,10,True,,True
YC21:1184,A322,1,2021,71,YC21:1184,False,False,11,11,10,True,,True
YC21:1185,R181B,1,2021,893,YC21:1185,False,False,11,11,10,True,,True
YC21:1186,Va52,1,2021,937,YC21:1186,False,False,11,11,10,True,,True
YC21:1187,PHW17,1,2021,861,YC21:1187,False,False,11,11,10,True,,True
YC21:1188,PHB47,1,2021,731,YC21:1188,False,False,11,11,10,True,,True
YC21:1189,LH146Ht,1,2021,437,YC21:1189,False,False,11,11,10,True,,True
YC21:1190,B114,1,2021,153,YC21:1190,False,False,11,11,10,True,,True
YC21:1191,ICI 893,1,2021,371,YC21:1191,False,False,11,11,10,True,,True
YC21:1192,ICI 740,1,2021,369,YC21:1192,False,False,11,11,10,True,,True
YC21:1193,A305,1,2021,67,YC21:1193,False,False,11,11,10,True,,True
YC21:1194,LH166,1,2021,443,YC21:1194,False,False,11,10,9,True,,True
YC21:1195,CH157,1,2021,241,YC21:1195,False,False,11,11,10,True,,True
YC21:1196,W182E,1,2021,949,YC21:1196,False,False,11,10,9,False,genotype_not_observed_in_all_4_years,False
YC21:1197,OS602,1,2021,693,YC21:1197,False,False,11,11,10,True,,True
YC21:1198,OH33,1,2021,677,YC21:1198,False,False,11,10,9,True,,True
YC21:1199,PHTM9,1,2021,845,YC21:1199,False,False,11,11,10,True,,True
YC21:1200,IBB15,1,2021,361,YC21:1200,False,False,11,11,10,True,,True
YC21:1201,4F-306 108,1,2021,39,YC21:1201,False,False,11,10,9,True,,True
YC21:1202,Pa405,1,2021,697,YC21:1202,False,False,11,11,10,True,,True
YC21:1203,Oh43,1,2021,681,YC21:1203,False,False,11,11,10,True,,True
YC21:1204,PHP02,1,2021,807,YC21:1204,False,False,11,11,10,True,,True
YC21:1205,B87,1,2021,219,YC21:1205,False,False,11,11,10,True,,True
YC21:1206,PHG50,1,2021,747,YC21:1206,False,False,11,11,10,True,,True
YC21:1207,PHBA6,1,2021,733,YC21:1207,False,False,11,11,10,True,,True
YC21:1208,LH184,1,2021,449,YC21:1208,False,False,11,11,10,True,,True
YC21:1209,FBLA,1,2021,309,YC21:1209,False,False,11,11,10,True,,True
YC21:1210,LH93,1,2021,521,YC21:1210,False,False,11,11,10,True,,True
YC21:1211,2FADB,1,2021,27,YC21:1211,False,False,11,11,10,True,,True
YC21:1212,EAST 028,1,2021,301,YC21:1212,False,False,11,11,10,True,,True
YC21:1213,SD107,1,2021,911,YC21:1213,False,False,11,10,9,True,,True
YC21:1214,PHR63,1,2021,833,YC21:1214,False,False,11,11,10,True,,True
YC21:1215,PHW03,1,2021,859,YC21:1215,False,False,11,11,10,True,,True
YC21:1216,B103,1,2021,137,YC21:1216,False,False,11,11,10,True,,True
YC21:1218,A648,1,2021,103,YC21:1218,False,False,11,10,9,True,,True
YC21:1219,MS116,1,2021,557,YC21:1219,False,False,11,11,10,True,,True
YC21:1220,W612S,1,2021,979,YC21:1220,False,False,11,10,9,True,,True
YC21:1221,PHG71,1,2021,749,YC21:1221,False,False,11,11,10,True,,True
YC21:1222,MS226,1,2021,575,YC21:1222,False,False,11,10,9,True,,True
YC21:1223,ND265,1,2021,649,YC21:1223,False,False,11,11,10,True,,True
YC21:1224,A627,1,2021,93,YC21:1224,False,False,11,9,8,True,,True
YC21:1225,PHR30,1,2021,819,YC21:1225,False,False,11,11,10,True,,True
YC21:1226,PHW86,1,2021,879,YC21:1226,False,False,11,11,10,True,,True
YC21:1227,B107,1,2021,143,YC21:1227,False,False,11,11,10,True,,True
YC21:1228,W605S,1,2021,969,YC21:1228,False,False,11,11,10,True,,True
YC21:1229,CR1HT,1,2021,265,YC21:1229,False,False,11,11,10,False,genotype_not_observed_in_all_4_years,False
YC21:1230,SD101,1,2021,907,YC21:1230,False,False,11,11,10,True,,True
YC21:1232,A672,1,2021,111,YC21:1232,False,False,11,11,10,True,,True
YC21:1233,A239,1,2021,61,YC21:1233,False,False,11,11,10,True,,True
YC21:1234,SD40,1,2021,913,YC21:1234,False,False,11,11,10,True,,True
YC21:1235,A680,1,2021,117,YC21:1235,False,False,11,11,10,True,,True
YC21:1236,LH223,1,2021,495,YC21:1236,False,False,11,11,10,True,,True
YC21:1237,Eng-Li Chih,1,2021,303,YC21:1237,False,False,11,11,10,True,,True
YC21:1238,A340,1,2021,75,YC21:1238,False,False,11,11,10,True,,True
YC21:1239,Va99,1,2021,941,YC21:1239,False,False,11,11,10,True,,True
YC21:1240,CS405,1,2021,267,YC21:1240,False,False,11,11,10,True,,True
YC21:1241,PHW80,1,2021,877,YC21:1241,False,False,11,11,10,True,,True
YC21:1242,DJ7,1,2021,277,YC21:1242,False,False,11,11,10,True,,True
YC21:1243,CR14,1,2021,263,YC21:1243,False,False,11,11,10,False,genotype_not_observed_in_all_4_years,False
YC21:1244,H99,1,2021,343,YC21:1244,False,False,11,11,10,True,,True
YC21:1245,LH119,1,2021,425,YC21:1245,False,False,11,11,10,True,,True
YC21:1246,ML606,1,2021,541,YC21:1246,False,False,11,11,10,True,,True
YC21:1247,A385,1,2021,79,YC21:1247,False,False,11,11,10,True,,True
YC21:1249,LH143 (Maintainer),1,2021,433,YC21:1249,False,False,11,11,10,True,,True
YC21:1250,PHJ89,1,2021,771,YC21:1250,False,False,11,11,10,True,,True
YC21:1251,L 127,1,2021,413,YC21:1251,False,False,11,11,10,True,,True
YC21:1252,793,1,2021,9,YC21:1252,False,False,11,11,10,True,,True
YC21:1253,PHHV4,1,2021,765,YC21:1253,False,False,11,11,10,True,,True
YC21:1254,NC310,1,2021,631,YC21:1254,False,False,11,11,10,True,,True
YC21:1255,PHG72,1,2021,751,YC21:1255,False,False,11,11,10,True,,True
YC21:1256,BEI 10 = NORTH 10,1,2021,229,YC21:1256,False,False,11,11,10,True,,True
YC21:1257,NK807,1,2021,655,YC21:1257,False,False,11,11,10,True,,True
YC21:1259,PHV37,1,2021,847,YC21:1259,False,False,11,11,10,True,,True
YC21:1260,PHH93,1,2021,761,YC21:1260,False,False,11,10,9,True,,True
YC21:1261,B119,1,2021,157,YC21:1261,False,False,11,10,9,True,,True
YC21:1262,A797NW,1,2021,125,YC21:1262,False,False,11,11,10,False,genotype_not_observed_in_all_4_years,False
YC21:1263,H71,1,2021,333,YC21:1263,False,False,11,11,10,True,,True
YC21:1264,B104,1,2021,139,YC21:1264,False,False,11,11,10,True,,True
YC21:1265,N217,1,2021,601,YC21:1265,False,False,11,9,8,True,,True
YC21:1266,A321,1,2021,69,YC21:1266,False,False,11,9,8,True,,True
YC21:1267,B46,1,2021,173,YC21:1267,False,False,11,11,10,True,,True
YC21:1268,CG102,1,2021,239,YC21:1268,False,False,11,11,10,True,,True
YC21:1269,Oh7,1,2021,683,YC21:1269,False,False,11,11,10,True,,True
YC21:1270,LH185,1,2021,451,YC21:1270,False,False,11,11,10,True,,True
YC21:1271,NC412,1,2021,641,YC21:1271,False,False,11,0,0,True,no_published_clean_observations,False
YC21:1272,PHG83,1,2021,755,YC21:1272,False,False,11,11,10,True,,True
YC21:1274,YONG 28,1,2021,1035,YC21:1274,False,False,11,0,0,False,no_published_clean_observations,False
YC21:1275,W37A,1,2021,959,YC21:1275,False,False,11,0,0,True,no_published_clean_observations,False
YC21:1276,K41,1,2021,405,YC21:1276,False,False,11,11,10,True,,True
YC21:1277,K47,1,2021,407,YC21:1277,False,False,11,9,8,True,,True
YC21:1278,B164,1,2021,167,YC21:1278,False,False,11,11,10,True,,True
YC21:1279,PHG35,1,2021,743,YC21:1279,False,False,11,0,0,False,no_published_clean_observations,False
YC21:1280,HP301,1,2021,345,YC21:1280,False,False,11,10,9,True,,True
YC21:1281,W611S,1,2021,977,YC21:1281,False,False,11,9,8,False,genotype_not_observed_in_all_4_years,False
YC21:1282,N200,1,2021,591,YC21:1282,False,False,11,11,10,False,genotype_not_observed_in_all_4_years,False
YC21:1283,LH1,1,2021,423,YC21:1283,False,False,11,10,9,True,,True
YC21:1285,CO258,1,2021,257,YC21:1285,False,False,11,11,10,True,,True
YC21:1286,Mo1W,1,2021,547,YC21:1286,False,False,11,11,10,False,genotype_not_observed_in_all_4_years,False
YC21:1287,WIL900,1,2021,1019,YC21:1287,False,False,11,11,10,True,,True
YC21:1288,PHWG5,1,2021,881,YC21:1288,False,False,11,11,10,False,genotype_not_observed_in_all_4_years,False
YC21:1289,INBRED 305,1,2021,393,YC21:1289,False,False,11,11,10,True,,True
YC21:1290,INBRED 141,1,2021,389,YC21:1290,False,False,11,10,9,True,,True
YC21:1291,B70,1,2021,185,YC21:1291,False,False,11,10,9,True,,True
YC21:1292,NK740,1,2021,651,YC21:1292,False,False,11,9,8,True,,True
YC21:1293,DE811,1,2021,275,YC21:1293,False,False,11,11,10,True,,True
YC21:1294,CO257,1,2021,255,YC21:1294,False,False,11,9,8,True,,True
YC21:1295,PHN46,1,2021,801,YC21:1295,False,False,11,10,9,False,genotype_not_observed_in_all_4_years,False
YC21:1296,R78,1,2021,903,YC21:1296,False,False,11,10,9,True,,True
YC21:1297,R71,1,2021,901,YC21:1297,False,False,11,11,10,True,,True
YC21:1298,Va102,1,2021,927,YC21:1298,False,False,11,10,9,False,genotype_not_observed_in_all_4_years,False
YC21:1300,PHK35,1,2021,779,YC21:1300,False,False,11,11,10,True,,True
YC21:1301,M14,1,2021,531,YC21:1301,False,False,11,11,10,True,,True
YC21:1302,W24,1,2021,955,YC21:1302,False,False,11,11,10,True,,True
YC21:1303,DE3,1,2021,271,YC21:1303,False,False,11,10,9,False,genotype_not_observed_in_all_4_years,False
YC21:1304,VaW6,1,2021,943,YC21:1304,False,False,11,10,9,True,,True
YC21:1305,LH193,1,2021,459,YC21:1305,False,False,11,11,10,False,genotype_not_observed_in_all_4_years,False
YC21:1306,PHHH9,1,2021,763,YC21:1306,False,False,11,11,10,False,genotype_not_observed_in_all_4_years,False
YC21:1307,MBPM,1,2021,533,YC21:1307,False,False,11,11,10,True,,True
YC21:1308,LH213,1,2021,485,YC21:1308,False,False,11,11,10,True,,True
YC21:1309,LH205,1,2021,475,YC21:1309,False,False,11,10,9,True,,True
YC21:1311,B65,1,2021,179,YC21:1311,False,False,11,11,10,True,,True
YC21:1312,B121,1,2021,161,YC21:1312,False,False,11,11,10,True,,True
YC21:1313,R168,1,2021,889,YC21:1313,False,False,11,11,10,True,,True
YC21:1314,N209,1,2021,595,YC21:1314,False,False,11,9,8,False,genotype_not_observed_in_all_4_years,False
YC21:1315,W820G,1,2021,1009,YC21:1315,False,False,11,10,9,False,genotype_not_observed_in_all_4_years,False
YC21:1316,87916W,1,2021,53,YC21:1316,False,False,11,10,9,True,,True
YC21:1317,PHP85,1,2021,813,YC21:1317,False,False,11,0,0,True,no_published_clean_observations,False
YC21:1318,MS67,1,2021,579,YC21:1318,False,False,11,11,10,True,,True
YC21:1319,A,1,2021,57,YC21:1319,False,False,11,10,9,True,,True
YC21:1320,H96,1,2021,341,YC21:1320,False,False,11,10,9,True,,True
YC21:1321,YE 4,1,2021,1031,YC21:1321,False,False,11,10,9,True,,True
YC21:1322,B109,1,2021,147,YC21:1322,False,False,11,11,10,False,genotype_not_observed_in_all_4_years,False
YC21:1323,PHW65,1,2021,873,YC21:1323,False,False,11,11,10,False,genotype_not_observed_in_all_4_years,False
YC21:1324,PHV78,1,2021,853,YC21:1324,False,False,11,0,0,False,no_published_clean_observations,False
YC21:1325,B108,1,2021,145,YC21:1325,False,False,11,11,10,True,,True
YC21:1326,PHEG9,1,2021,739,YC21:1326,False,False,11,0,0,False,no_published_clean_observations,False
YC21:1327,B2,1,2021,169,YC21:1327,False,False,11,10,9,True,,True
YC21:1328,4N506,1,2021,43,YC21:1328,False,False,11,11,10,True,,True
YC21:1329,H105W,1,2021,317,YC21:1329,False,False,11,11,10,False,genotype_not_observed_in_all_4_years,False
YC21:1330,Pa880,1,2021,705,YC21:1330,False,False,11,11,10,True,,True
YC21:1331,KUNG-70,1,2021,411,YC21:1331,False,False,11,11,10,True,,True
YC21:1332,FR19,1,2021,313,YC21:1332,False,False,11,10,9,True,,True
YC21:1333,LH197,1,2021,465,YC21:1333,False,False,11,11,10,True,,True
YC21:1334,H121,1,2021,325,YC21:1334,False,False,11,11,10,True,,True
YC21:1335,Pa778,1,2021,701,YC21:1335,False,False,11,11,10,False,genotype_not_observed_in_all_4_years,False
YC21:1336,NC368,1,2021,639,YC21:1336,False,False,11,10,9,True,,True
YC21:1337,MS221,1,2021,569,YC21:1337,False,False,11,11,10,True,,True
YC21:1338,MBST,1,2021,535,YC21:1338,False,False,11,11,10,False,genotype_not_observed_in_all_4_years,False
YC21:1339,S8326,1,2021,905,YC21:1339,False,False,11,10,9,True,,True
YC21:1340,R227,1,2021,897,YC21:1340,False,False,11,11,10,True,,True
YC21:1341,B57,1,2021,177,YC21:1341,False,False,11,11,10,True,,True
YC21:1342,PHV63,1,2021,851,YC21:1342,False,False,11,11,10,True,,True
YC21:1343,PHPR5,1,2021,815,YC21:1343,False,False,11,10,9,True,,True
YC21:1344,N527,1,2021,613,YC21:1344,False,False,11,11,10,True,,True
YC21:1345,Tr,1,2021,923,YC21:1345,False,False,11,11,10,True,,True
YC21:1346,W32,1,2021,957,YC21:1346,False,False,11,11,10,True,,True
YC21:1347,B98,1,2021,227,YC21:1347,False,False,11,10,9,False,genotype_not_observed_in_all_4_years,False
YC21:1348,WIL903,1,2021,1023,YC21:1348,False,False,11,0,0,False,no_published_clean_observations,False
YC21:1349,K55,1,2021,409,YC21:1349,False,False,11,10,9,True,,True
YC21:1350,W812G,1,2021,997,YC21:1350,False,False,11,11,10,True,,True
YC21:1351,NC250,1,2021,623,YC21:1351,False,False,11,11,10,False,genotype_not_observed_in_all_4_years,False
YC21:1352,PHW53,1,2021,871,YC21:1352,False,False,11,10,9,True,,True
YC21:1353,B111,1,2021,151,YC21:1353,False,False,11,11,10,True,,True
YC21:1355,B77,1,2021,211,YC21:1355,False,False,11,11,10,True,,True
YC21:1356,IDS91,1,2021,381,YC21:1356,False,False,11,9,8,True,,True
YC21:1357,PHK29,1,2021,777,YC21:1357,False,False,11,0,0,False,no_published_clean_observations,False
YC21:1358,LH128,1,2021,429,YC21:1358,False,False,11,11,10,True,,True
YC21:1359,Va22,1,2021,931,YC21:1359,False,False,11,9,8,False,genotype_not_observed_in_all_4_years,False
YC21:1360,N7A,1,2021,621,YC21:1360,False,False,11,11,10,False,genotype_not_observed_in_all_4_years,False
YC21:1362,F118,1,2021,305,YC21:1362,False,False,11,11,10,True,,True
YC21:1363,INBRED 321,1,2021,397,YC21:1363,False,False,11,9,8,True,,True
YC21:1364,W811G,1,2021,995,YC21:1364,False,False,11,11,10,False,genotype_not_observed_in_all_4_years,False
YC21:1365,Va59,1,2021,939,YC21:1365,False,False,11,10,9,True,,True
YC21:1366,Il778d,1,2021,383,YC21:1366,False,False,11,11,10,False,genotype_not_observed_in_all_4_years,False
YC21:1367,PHT47,1,2021,839,YC21:1367,False,False,11,10,9,True,,True
YC21:1368,PHR62,1,2021,831,YC21:1368,False,False,11,0,0,False,no_published_clean_observations,False
YC21:1369,4F-234 BX 4,1,2021,37,YC21:1369,False,False,11,9,8,False,genotype_not_observed_in_all_4_years,False
YC21:1370,PHT10,1,2021,835,YC21:1370,False,False,11,11,10,True,,True
YC21:1371,F2834T,1,2021,307,YC21:1371,False,False,11,9,8,True,,True
YC21:1372,2MCDB,1,2021,31,YC21:1372,False,False,11,10,9,True,,True
YC21:1373,PHR55,1,2021,827,YC21:1373,False,False,11,10,9,False,genotype_not_observed_in_all_4_years,False
YC21:1375,N534,1,2021,615,YC21:1375,False,False,11,10,9,True,,True
YC21:1376,B120,1,2021,159,YC21:1376,False,False,11,11,10,True,,True
YC21:1377,NY6371,1,2021,671,YC21:1377,False,False,11,11,10,True,,True
YC21:1378,WIL901,1,2021,1021,YC21:1378,False,False,11,11,10,False,genotype_not_observed_in_all_4_years,False
YC21:1379,NS701,1,2021,665,YC21:1379,False,False,11,10,9,True,,True
YC21:1380,PHR47,1,2021,825,YC21:1380,False,False,11,11,10,True,,True
YC21:1381,R229,1,2021,899,YC21:1381,False,False,11,11,10,False,genotype_not_observed_in_all_4_years,False
YC21:1382,R177,1,2021,891,YC21:1382,False,False,11,11,10,False,genotype_not_observed_in_all_4_years,False
YC21:1383,CH701-30,1,2021,243,YC21:1383,False,False,11,11,10,True,,True
YC21:1385,IDS69,1,2021,379,YC21:1385,False,False,11,9,8,True,,True
YC21:1386,PHJ33,1,2021,767,YC21:1386,False,False,11,10,9,False,genotype_not_observed_in_all_4_years,False
YC21:1387,NC294,1,2021,629,YC21:1387,False,False,11,11,10,True,,True
YC21:1388,LH227,1,2021,499,YC21:1388,False,False,11,10,9,False,genotype_not_observed_in_all_4_years,False
YC21:1389,N542,1,2021,617,YC21:1389,False,False,11,9,8,True,,True
YC21:1390,B14A,1,2021,165,YC21:1390,False,False,11,9,8,True,,True
YC21:1391,B84,1,2021,215,YC21:1391,False,False,11,10,9,True,,True
YC21:1392,W815G,1,2021,1003,YC21:1392,False,False,11,0,0,False,no_published_clean_observations,False
YC21:1393,DE2,1,2021,269,YC21:1393,False,False,11,11,10,True,,True
YC21:1394,LH59,1,2021,509,YC21:1394,False,False,11,9,8,True,,True
YC21:1395,6M502A,1,2021,49,YC21:1395,False,False,11,11,10,True,,True
YC21:1396,NC290A,1,2021,627,YC21:1396,False,False,11,0,0,False,no_published_clean_observations,False
YC21:1398,W803G,1,2021,989,YC21:1398,False,False,11,9,8,False,genotype_not_observed_in_all_4_years,False
YC21:1399,B97,1,2021,225,YC21:1399,False,False,11,10,9,True,,True
YC21:1400,6M502,1,2021,47,YC21:1400,False,False,11,11,10,True,,True
YC21:1401,LH192,1,2021,457,YC21:1401,False,False,11,11,10,True,,True
YC21:1402,W819G,1,2021,1007,YC21:1402,False,False,11,10,9,False,genotype_not_observed_in_all_4_years,False
YC21:1403,N501,1,2021,609,YC21:1403,False,False,11,11,10,True,,True
YC21:1404,PHW43,1,2021,867,YC21:1404,False,False,11,11,10,False,genotype_not_observed_in_all_4_years,False
YC21:1405,NC326,1,2021,633,YC21:1405,False,False,11,11,10,True,,True
YC21:1406,LH216,1,2021,491,YC21:1406,False,False,11,11,10,False,genotype_not_observed_in_all_4_years,False
YC21:1407,33-16,1,2021,33,YC21:1407,False,False,11,0,0,False,no_published_clean_observations,False
YC21:1409,Os426,1,2021,691,YC21:1409,False,False,11,11,10,True,,True
YC21:1410,B66,1,2021,181,YC21:1410,False,False,11,11,10,True,,True
YC21:1411,PHR58,1,2021,829,YC21:1411,False,False,11,11,10,True,,True
YC21:1412,NC342,1,2021,637,YC21:1412,False,False,11,11,10,False,genotype_not_observed_in_all_4_years,False
YC21:1414,W814G,1,2021,1001,YC21:1414,False,False,11,9,8,True,,True
YC21:1415,W821G,1,2021,1011,YC21:1415,False,False,11,0,0,False,no_published_clean_observations,False
YC21:1416,Pa762,1,2021,699,YC21:1416,False,False,11,9,8,True,,True
YC21:1417,PHN34,1,2021,799,YC21:1417,False,False,11,9,8,False,genotype_not_observed_in_all_4_years,False
YC21:1418,PHM10,1,2021,793,YC21:1418,False,False,11,11,10,True,,True
YC21:1419,LH195,1,2021,463,YC21:1419,False,False,11,11,10,True,,True
YC21:1420,PHW79,1,2021,875,YC21:1420,False,False,11,9,8,True,,True
YC21:1421,LH224,1,2021,497,YC21:1421,False,False,11,11,10,True,,True
YC21:1422,H113,1,2021,321,YC21:1422,False,False,11,11,10,True,,True
YC21:1423,NKS8326,1,2021,657,YC21:1423,False,False,11,10,9,True,,True
YC21:1425,PHBB3,1,2021,735,YC21:1425,False,False,11,11,10,True,,True
YC21:1426,B75,1,2021,207,YC21:1426,False,False,11,10,9,True,,True
YC21:1427,H95,1,2021,339,YC21:1427,False,False,11,11,10,True,,True
YC21:1428,MBWZ,1,2021,537,YC21:1428,False,False,11,10,9,True,,True
YC21:1429,Va17,1,2021,929,YC21:1429,False,False,11,0,0,False,no_published_clean_observations,False
YC21:1430,N28,1,2021,605,YC21:1430,False,False,11,0,0,False,no_published_clean_observations,False
YC21:1431,W606S,1,2021,971,YC21:1431,False,False,11,10,9,False,genotype_not_observed_in_all_4_years,False
YC21:1432,ZS365,1,2021,1039,YC21:1432,False,False,11,11,10,False,genotype_not_observed_in_all_4_years,False
YC21:1433,Mo5,1,2021,553,YC21:1433,False,False,11,10,9,True,,True
YC21:1434,Va26,1,2021,933,YC21:1434,False,False,11,11,10,True,,True
YC21:1435,W813G,1,2021,999,YC21:1435,False,False,11,11,10,True,,True
YC21:1436,W610S,1,2021,975,YC21:1436,False,False,11,11,10,True,,True
YC21:1437,H122w,1,2021,327,YC21:1437,False,False,11,11,10,True,,True
YC21:1438,LH181,1,2021,447,YC21:1438,False,False,11,11,10,False,genotype_not_observed_in_all_4_years,False
YC21:1439,Mo46,1,2021,549,YC21:1439,False,False,11,11,10,True,,True
YC21:1440,DK78371A,1,2021,287,YC21:1440,False,False,11,11,10,False,genotype_not_observed_in_all_4_years,False
YC21:1441,N523,1,2021,611,YC21:1441,False,False,11,11,10,True,,True
YC21:1442,B88,1,2021,221,YC21:1442,False,False,11,11,10,True,,True
YC21:1443,WU-TAN-TZAO,1,2021,1027,YC21:1443,False,False,11,10,9,True,,True
YC21:1444,LH208,1,2021,479,YC21:1444,False,False,11,10,9,True,,True
YC21:1445,PHK56,1,2021,783,YC21:1445,False,False,11,9,8,True,,True
YC21:1446,Pa91,1,2021,707,YC21:1446,False,False,11,9,8,True,,True
YC21:1447,B79,1,2021,213,YC21:1447,False,False,11,11,10,True,,True
YC21:1448,PHT55,1,2021,841,YC21:1448,False,False,11,11,10,True,,True
YC21:1449,YING-55,1,2021,1033,YC21:1449,False,False,11,10,9,True,,True
YC21:1450,W23,1,2021,953,YC21:1450,False,False,11,11,10,True,,True
YC21:1451,PHK93,1,2021,789,YC21:1451,False,False,11,9,8,False,genotype_not_observed_in_all_4_years,False
YC21:1452,LH215,1,2021,489,YC21:1452,False,False,11,11,10,True,,True
YC21:1453,Wf9,1,2021,1017,YC21:1453,False,False,11,10,9,False,genotype_not_observed_in_all_4_years,False
YC21:1454,W810G,1,2021,993,YC21:1454,False,False,11,10,9,True,,True
YC21:1455,H5,1,2021,331,YC21:1455,False,False,11,10,9,True,,True
YC21:1456,NC328,1,2021,635,YC21:1456,False,False,11,11,10,True,,True
YC21:1457,W809G,1,2021,991,YC21:1457,False,False,11,9,8,True,,True
YC21:1458,LH191,1,2021,455,YC21:1458,False,False,11,9,8,True,,True
YC21:1459,INB 101LFY/LFY (A632 X M16 S5),1,2021,385,YC21:1459,False,False,11,11,10,True,,True
YC21:1460,Seagull Seventeen,1,2021,917,YC21:1460,False,False,11,10,9,True,,True
YC21:1461,AusTRCF 306238,1,2021,131,YC21:1461,False,False,11,10,9,True,,True
YC21:1462,H84,1,2021,335,YC21:1462,False,False,11,11,10,True,,True
YC21:1463,SG 30A,1,2021,919,YC21:1463,False,False,11,10,9,True,,True
YC21:1464,B37,1,2021,171,YC21:1464,False,False,11,11,10,True,,True
YC21:1465,PHR31,1,2021,821,YC21:1465,False,False,11,11,10,True,,True
YC21:1466,MM501D,1,2021,543,YC21:1466,False,False,11,11,10,True,,True
YC21:1467,PHZ51,1,2021,883,YC21:1467,False,False,11,11,10,True,,True
YC21:1468,K150,1,2021,403,YC21:1468,False,False,11,11,10,True,,True
YC21:1469,Hy,1,2021,351,YC21:1469,False,False,11,10,9,False,genotype_not_observed_in_all_4_years,False
YC21:1470,N211,1,2021,597,YC21:1470,False,False,11,11,10,True,,True
YC21:1471,OC19,1,2021,675,YC21:1471,False,False,11,10,9,False,genotype_not_observed_in_all_4_years,False
YC21:1472,HUOBAI,1,2021,349,YC21:1472,False,False,11,10,9,False,genotype_not_observed_in_all_4_years,False
YC21:1473,HUANYAO,1,2021,347,YC21:1473,False,False,11,10,9,True,,True
YC21:1474,INBRED 109,1,2021,387,YC21:1474,False,False,11,0,0,False,no_published_clean_observations,False
YC21:1475,WXB6,1,2021,1029,YC21:1475,False,False,11,0,0,False,no_published_clean_observations,False
YC21:1476,B68,1,2021,183,YC21:1476,False,False,11,10,9,True,,True
YC21:1477,IDS28,1,2021,377,YC21:1477,False,False,11,11,10,True,,True
YC21:1478,PHJ70,1,2021,769,YC21:1478,False,False,11,9,8,True,,True
YC21:1479,J8606,1,2021,401,YC21:1479,False,False,11,0,0,False,no_published_clean_observations,False
YC21:1480,LH211,1,2021,483,YC21:1480,False,False,11,0,0,False,no_published_clean_observations,False
YC21:1481,MS24A,1,2021,577,YC21:1481,False,False,11,11,10,True,,True
YC21:1482,E8501,1,2021,299,YC21:1482,False,False,11,10,9,True,,True
YC21:1483,LH199,1,2021,469,YC21:1483,False,False,11,10,9,True,,True
YC21:1484,W817G,1,2021,1005,YC21:1484,False,False,11,0,0,False,no_published_clean_observations,False
YC21:1485,LH60,1,2021,511,YC21:1485,False,False,11,11,10,True,,True
YC21:1486,H91,1,2021,337,YC21:1486,False,False,11,10,9,True,,True
YC21:1487,A619,1,2021,91,YC21:1487,False,False,11,11,10,True,,True
YC21:1488,J47,1,2021,399,YC21:1488,False,False,11,11,10,True,,True
YC21:1489,LH65,1,2021,515,YC21:1489,False,False,11,0,0,False,no_published_clean_observations,False
YC21:1490,L 289,1,2021,421,YC21:1490,False,False,11,11,10,True,,True
YC21:1491,78551S,1,2021,51,YC21:1491,False,False,11,10,9,True,,True
YC21:1492,Va35,1,2021,935,YC21:1492,False,False,11,10,9,True,,True
YC21:1493,LH194,1,2021,461,YC21:1493,False,False,11,10,9,True,,True
YC21:1494,PHW52,1,2021,869,YC21:1494,False,False,11,11,10,True,,True
YC21:1495,4F-35 BK,1,2021,41,YC21:1495,False,False,11,0,0,False,no_published_clean_observations,False
YC21:1496,N28Ht,1,2021,607,YC21:1496,False,False,11,10,9,True,,True
YC21:1497,NY 166 (Neveh Yaar),1,2021,669,YC21:1497,False,False,11,0,0,True,no_published_clean_observations,False
YC21:1498,LH214,1,2021,487,YC21:1498,False,False,11,11,10,True,,True
YC21:1499,B14,1,2021,163,YC21:1499,False,False,11,11,10,True,,True
YC21:1500,TZU-CHIAO-HSI-WU 105,1,2021,925,YC21:1500,False,False,11,11,10,True,,True
YC21:1501,PHT22,1,2021,837,YC21:1501,False,False,11,0,0,False,no_published_clean_observations,False
YC21:1502,H110,1,2021,319,YC21:1502,False,False,11,9,8,True,,True
YC21:1503,LH190,1,2021,453,YC21:1503,False,False,11,11,10,True,,True
YC21:1504,N218,1,2021,603,YC21:1504,False,False,11,10,9,False,genotype_not_observed_in_all_4_years,False
YC21:1505,PHR03,1,2021,817,YC21:1505,False,False,11,11,10,True,,True
YC21:1506,W607S,1,2021,973,YC21:1506,False,False,11,11,10,True,,True
YC21:1507,Yu796 NS,1,2021,1037,YC21:1507,False,False,11,11,10,True,,True
YC21:1508,LP1 NR HT,1,2021,525,YC21:1508,False,False,11,10,9,True,,True
YC21:1509,INBRED 309,1,2021,395,YC21:1509,False,False,11,10,9,True,,True
YC21:1510,B110,1,2021,149,YC21:1510,False,False,11,0,0,True,no_published_clean_observations,False
YC21:1511,H114,1,2021,323,YC21:1511,False,False,11,10,9,False,genotype_not_observed_in_all_4_years,False
YC21:1512,N215,1,2021,599,YC21:1512,False,False,11,9,8,False,genotype_not_observed_in_all_4_years,False
YC21:1513,Pa875,1,2021,703,YC21:1513,False,False,11,11,10,True,,True
YC21:1514,B105,1,2021,141,YC21:1514,False,False,11,9,8,True,,True
YC21:1515,PHN29,1,2021,797,YC21:1515,False,False,11,10,9,True,,True
YC21:1516,R226,1,2021,895,YC21:1516,False,False,11,11,10,True,,True
YC21:1517,CQ702RC,1,2021,259,YC21:1517,False,False,11,11,10,True,,True
YC21:1518,W22,1,2021,951,YC21:1518,False,False,11,11,10,True,,True
YC21:1519,B47,1,2021,175,YC21:1519,False,False,11,0,0,False,no_published_clean_observations,False
YC21:1520,LH204,1,2021,473,YC21:1520,False,False,11,11,10,True,,True
YC21:2001,DK78002A,2,2021,284,YC21:2001,False,False,11,11,10,True,,True
YC21:2002,ML606,2,2021,542,YC21:2002,False,False,11,11,10,True,,True
YC21:2003,A632,2,2021,96,YC21:2003,False,False,11,10,9,True,,True
YC21:2004,A374,2,2021,78,YC21:2004,False,False,11,11,10,True,,True
YC21:2005,ICI581,2,2021,376,YC21:2005,False,False,11,11,10,False,genotype_not_observed_in_all_4_years,False
YC21:2006,2MA22,2,2021,30,YC21:2006,False,False,11,11,10,True,,True
YC21:2007,A385,2,2021,80,YC21:2007,False,False,11,11,10,True,,True
YC21:2008,Oh43,2,2021,682,YC21:2008,False,False,11,11,10,True,,True
YC21:2009,78010,2,2021,22,YC21:2009,False,False,11,9,8,True,,True
YC21:2010,PHW17,2,2021,862,YC21:2010,False,False,11,11,10,True,,True
YC21:2011,W8304,2,2021,1014,YC21:2011,False,False,11,11,10,True,,True
YC21:2012,LH74,2,2021,518,YC21:2012,False,False,11,10,9,True,,True
YC21:2013,PHP02,2,2021,808,YC21:2013,False,False,11,11,10,True,,True
YC21:2014,792,2,2021,8,YC21:2014,False,False,11,10,9,False,genotype_not_observed_in_all_4_years,False
YC21:2015,LH222,2,2021,494,YC21:2015,False,False,11,10,9,True,,True
YC21:2016,PHHV4,2,2021,766,YC21:2016,False,False,11,11,10,True,,True
YC21:2017,IA2132,2,2021,358,YC21:2017,False,False,11,9,8,True,,True
YC21:2018,A73,2,2021,124,YC21:2018,False,False,11,11,10,True,,True
YC21:2019,MS153,2,2021,564,YC21:2019,False,False,11,9,8,True,,True
YC21:2020,B-18 INBR.FR.SUPERGOLD,2,2021,134,YC21:2020,False,False,11,11,10,True,,True
YC21:2021,W9,2,2021,1016,YC21:2021,False,False,11,11,10,True,,True
YC21:2022,DKPB80,2,2021,298,YC21:2022,False,False,11,11,10,True,,True
YC21:2023,LP5,2,2021,530,YC21:2023,False,False,11,11,10,True,,True
YC21:2024,IBC2,2,2021,364,YC21:2024,False,False,11,10,9,True,,True
YC21:2025,OQ403,2,2021,686,YC21:2025,False,False,11,11,10,True,,True
YC21:2026,DKFBHJ,2,2021,292,YC21:2026,False,False,11,11,10,True,,True
YC21:2027,A682,2,2021,120,YC21:2027,False,False,11,9,8,True,,True
YC21:2028,LH82,2,2021,520,YC21:2028,False,False,11,11,10,True,,True
YC21:2029,2369,2,2021,18,YC21:2029,False,False,11,11,10,True,,True
YC21:2030,PHR30,2,2021,820,YC21:2030,False,False,11,10,9,True,,True
YC21:2031,PHK76,2,2021,788,YC21:2031,False,False,11,11,10,False,genotype_not_observed_in_all_4_years,False
YC21:2032,Mo17,2,2021,546,YC21:2032,False,False,11,11,10,False,genotype_not_observed_in_all_4_years,False
YC21:2033,T242,2,2021,922,YC21:2033,False,False,11,11,10,True,,True
YC21:2034,DJ7,2,2021,278,YC21:2034,False,False,11,11,10,True,,True
YC21:2035,LH206,2,2021,478,YC21:2035,False,False,11,11,10,True,,True
YC21:2036,SD107,2,2021,912,YC21:2036,False,False,11,10,9,True,,True
YC21:2037,Va99,2,2021,942,YC21:2037,False,False,11,11,10,True,,True
YC21:2038,PHW80,2,2021,878,YC21:2038,False,False,11,11,10,True,,True
YC21:2039,CH157,2,2021,242,YC21:2039,False,False,11,11,10,True,,True
YC21:2040,PHGW7,2,2021,760,YC21:2040,False,False,11,10,9,True,,True
YC21:2041,N193,2,2021,588,YC21:2041,False,False,11,11,10,True,,True
YC21:2042,A679,2,2021,116,YC21:2042,False,False,11,11,10,True,,True
YC21:2043,PHKE6,2,2021,792,YC21:2043,False,False,11,9,8,True,,True
YC21:2044,I29,2,2021,354,YC21:2044,False,False,11,11,10,True,,True
YC21:2045,A427,2,2021,84,YC21:2045,False,False,11,11,10,True,,True
YC21:2046,B87,2,2021,220,YC21:2046,False,False,11,11,10,True,,True
YC21:2047,PHJ89,2,2021,772,YC21:2047,False,False,11,11,10,True,,True
YC21:2048,PHT69,2,2021,844,YC21:2048,False,False,11,11,10,False,genotype_not_observed_in_all_4_years,False
YC21:2049,ICI 193,2,2021,366,YC21:2049,False,False,11,11,10,True,,True
YC21:2050,29MIBZ2,2,2021,24,YC21:2050,False,False,11,11,10,True,,True
YC21:2051,A672,2,2021,112,YC21:2051,False,False,11,9,8,True,,True
YC21:2052,A680,2,2021,118,YC21:2052,False,False,11,10,9,True,,True
YC21:2053,ICI 740,2,2021,370,YC21:2053,False,False,11,10,9,True,,True
YC21:2054,91IFC2,2,2021,56,YC21:2054,False,False,11,11,10,True,,True
YC21:2055,H42,2,2021,330,YC21:2055,False,False,11,11,10,True,,True
YC21:2056,PHJ90,2,2021,774,YC21:2056,False,False,11,11,10,True,,True
YC21:2057,N6,2,2021,620,YC21:2057,False,False,11,9,8,True,,True
YC21:2058,R113,2,2021,888,YC21:2058,False,False,11,9,8,False,genotype_not_observed_in_all_4_years,False
YC21:2059,Ia 453,2,2021,356,YC21:2059,False,False,11,11,10,True,,True
YC21:2060,FBLA,2,2021,310,YC21:2060,False,False,11,11,10,True,,True
YC21:2061,A627,2,2021,94,YC21:2061,False,False,11,11,10,True,,True
YC21:2062,DE4,2,2021,274,YC21:2062,False,False,11,11,10,True,,True
YC21:2063,PHBA6,2,2021,734,YC21:2063,False,False,11,11,10,True,,True
YC21:2064,Pa405,2,2021,698,YC21:2064,False,False,11,9,8,True,,True
YC21:2065,LH145,2,2021,436,YC21:2065,False,False,11,9,8,True,,True
YC21:2066,PHG86,2,2021,758,YC21:2066,False,False,11,10,9,True,,True
YC21:2068,BO9,2,2021,232,YC21:2068,False,False,11,11,10,True,,True
YC21:2069,B107,2,2021,144,YC21:2069,False,False,11,10,9,True,,True
YC21:2071,ICI 986,2,2021,374,YC21:2071,False,False,11,11,10,True,,True
YC21:2072,C103,2,2021,234,YC21:2072,False,False,11,11,10,True,,True
YC21:2073,A648,2,2021,104,YC21:2073,False,False,11,9,8,True,,True
YC21:2074,CH9,2,2021,250,YC21:2074,False,False,11,11,10,True,,True
YC21:2075,A340,2,2021,76,YC21:2075,False,False,11,11,10,True,,True
YC21:2077,LH127,2,2021,428,YC21:2077,False,False,11,11,10,False,genotype_not_observed_in_all_4_years,False
YC21:2078,IBB14,2,2021,360,YC21:2078,False,False,11,11,10,True,,True
YC21:2079,6F629,2,2021,46,YC21:2079,False,False,11,11,10,True,,True
YC21:2080,LH166,2,2021,444,YC21:2080,False,False,11,11,10,True,,True
YC21:2081,LH209,2,2021,482,YC21:2081,False,False,11,11,10,True,,True
YC21:2082,L 135,2,2021,416,YC21:2082,False,False,11,11,10,True,,True
YC21:2083,W605S,2,2021,970,YC21:2083,False,False,11,9,8,True,,True
YC21:2084,PHVA9,2,2021,856,YC21:2084,False,False,11,11,10,True,,True
YC21:2085,IBB15,2,2021,362,YC21:2085,False,False,11,11,10,True,,True
YC21:2086,MS132,2,2021,560,YC21:2086,False,False,11,10,9,True,,True
YC21:2087,INBRED 2-687,2,2021,392,YC21:2087,False,False,11,10,9,True,,True
YC21:2088,W701BC,2,2021,988,YC21:2088,False,False,11,10,9,True,,True
YC21:2089,PHB09,2,2021,730,YC21:2089,False,False,11,11,10,True,,True
YC21:2090,PHP76,2,2021,812,YC21:2090,False,False,11,11,10,True,,True
YC21:2091,LH295,2,2021,502,YC21:2091,False,False,11,10,9,True,,True
YC21:2092,793,2,2021,10,YC21:2092,False,False,11,11,10,True,,True
YC21:2093,MS224,2,2021,572,YC21:2093,False,False,11,11,10,True,,True
YC21:2094,DKIB014,2,2021,294,YC21:2094,False,False,11,9,8,False,genotype_not_observed_in_all_4_years,False
YC21:2095,LH172,2,2021,446,YC21:2095,False,False,11,9,8,True,,True
YC21:2096,W602S,2,2021,964,YC21:2096,False,False,11,11,10,False,genotype_not_observed_in_all_4_years,False
YC21:2097,MS1334,2,2021,562,YC21:2097,False,False,11,0,0,False,no_published_clean_observations,False
YC21:2098,W612S,2,2021,980,YC21:2098,False,False,11,10,9,True,,True
YC21:2099,A401,2,2021,82,YC21:2099,False,False,11,10,9,False,genotype_not_observed_in_all_4_years,False
YC21:2100,W64A,2,2021,986,YC21:2100,False,False,11,11,10,True,,True
YC21:2101,2FACC,2,2021,26,YC21:2101,False,False,11,11,10,True,,True
YC21:2102,NK778,2,2021,654,YC21:2102,False,False,11,11,10,True,,True
YC21:2103,LH223,2,2021,496,YC21:2103,False,False,11,11,10,True,,True
YC21:2104,MS71,2,2021,582,YC21:2104,False,False,11,11,10,True,,True
YC21:2105,C123,2,2021,236,YC21:2105,False,False,11,11,10,True,,True
YC21:2107,MQ305,2,2021,556,YC21:2107,False,False,11,11,10,True,,True
YC21:2108,B91,2,2021,224,YC21:2108,False,False,11,11,10,True,,True
YC21:2109,CR 22 INBRED,2,2021,262,YC21:2109,False,False,11,10,9,True,,True
YC21:2110,ND265,2,2021,650,YC21:2110,False,False,11,11,10,True,,True
YC21:2111,PHVJ4,2,2021,858,YC21:2111,False,False,11,11,10,False,genotype_not_observed_in_all_4_years,False
YC21:2112,PHJR5,2,2021,776,YC21:2112,False,False,11,11,10,True,,True
YC21:2113,A208,2,2021,60,YC21:2113,False,False,11,11,10,True,,True
YC21:2114,DK4676A,2,2021,282,YC21:2114,False,False,11,11,10,True,,True
YC21:2115,AQA3,2,2021,128,YC21:2115,False,False,11,11,10,True,,True
YC21:2116,PHH93,2,2021,762,YC21:2116,False,False,11,10,9,True,,True
YC21:2117,SD40,2,2021,914,YC21:2117,False,False,11,11,10,True,,True
YC21:2118,NK807,2,2021,656,YC21:2118,False,False,11,9,8,True,,True
YC21:2119,W153R,2,2021,948,YC21:2119,False,False,11,0,0,True,no_published_clean_observations,False
YC21:2120,CS405,2,2021,268,YC21:2120,False,False,11,11,10,True,,True
YC21:2121,N201,2,2021,594,YC21:2121,False,False,11,11,10,True,,True
YC21:2122,3IJI1,2,2021,36,YC21:2122,False,False,11,11,10,True,,True
YC21:2123,CH753-4,2,2021,248,YC21:2123,False,False,11,10,9,False,genotype_not_observed_in_all_4_years,False
YC21:2124,MS226,2,2021,576,YC21:2124,False,False,11,10,9,True,,True
YC21:2125,BEI 10 = NORTH 10,2,2021,230,YC21:2125,False,False,11,11,10,True,,True
YC21:2126,PHV37,2,2021,848,YC21:2126,False,False,11,11,10,True,,True
YC21:2127,4F-306 108,2,2021,40,YC21:2127,False,False,11,9,8,True,,True
YC21:2128,R181B,2,2021,894,YC21:2128,False,False,11,11,10,True,,True
YC21:2130,A272,2,2021,66,YC21:2130,False,False,11,11,10,True,,True
YC21:2131,PHG80,2,2021,754,YC21:2131,False,False,11,11,10,True,,True
YC21:2132,NY 159 (Neveh Yaar),2,2021,668,YC21:2132,False,False,11,10,9,False,genotype_not_observed_in_all_4_years,False
YC21:2133,A674,2,2021,114,YC21:2133,False,False,11,11,10,True,,True
YC21:2134,MS211,2,2021,568,YC21:2134,False,False,11,11,10,True,,True
YC21:2136,CH711-10,2,2021,246,YC21:2136,False,False,11,11,10,True,,True
YC21:2137,LIBC 4,2,2021,524,YC21:2137,False,False,11,11,10,True,,True
YC21:2138,A572,2,2021,90,YC21:2138,False,False,11,10,9,True,,True
YC21:2139,PHN11,2,2021,796,YC21:2139,False,False,11,11,10,True,,True
YC21:2140,A548,2,2021,86,YC21:2140,False,False,11,11,10,True,,True
YC21:2141,NQ508,2,2021,662,YC21:2141,False,False,11,9,8,True,,True
YC21:2142,A659,2,2021,108,YC21:2142,False,False,11,11,10,True,,True
YC21:2143,CA-4,2,2021,238,YC21:2143,False,False,11,11,10,True,,True
YC21:2144,DKMBNA,2,2021,296,YC21:2144,False,False,11,11,10,True,,True
YC21:2145,AS6103,2,2021,130,YC21:2145,False,False,11,11,10,True,,True
YC21:2146,FC46,2,2021,312,YC21:2146,False,False,11,11,10,False,genotype_not_observed_in_all_4_years,False
YC21:2147,W614S,2,2021,984,YC21:2147,False,False,11,9,8,True,,True
YC21:2149,LH119,2,2021,426,YC21:2149,False,False,11,11,10,True,,True
YC21:2150,912,2,2021,14,YC21:2150,False,False,11,10,9,True,,True
YC21:2151,A334,2,2021,74,YC21:2151,False,False,11,11,10,True,,True
YC21:2152,LH93,2,2021,522,YC21:2152,False,False,11,10,9,True,,True
YC21:2153,PHV57,2,2021,850,YC21:2153,False,False,11,10,9,True,,True
YC21:2154,B85,2,2021,218,YC21:2154,False,False,11,10,9,True,,True
YC21:2155,2FADB,2,2021,28,YC21:2155,False,False,11,11,10,True,,True
YC21:2156,A649,2,2021,106,YC21:2156,False,False,11,11,10,True,,True
YC21:2157,ND247,2,2021,644,YC21:2157,False,False,11,10,9,True,,True
YC21:2158,ZS635,2,2021,1042,YC21:2158,False,False,11,9,8,True,,True
YC21:2159,PHN82,2,2021,806,YC21:2159,False,False,11,11,10,False,genotype_not_observed_in_all_4_years,False
YC21:2160,PHK74,2,2021,786,YC21:2160,False,False,11,11,10,True,,True
YC21:2161,A258,2,2021,64,YC21:2161,False,False,11,11,10,True,,True
YC21:2162,790,2,2021,6,YC21:2162,False,False,11,9,8,True,,True
YC21:2163,1538,2,2021,16,YC21:2163,False,False,11,11,10,True,,True
YC21:2164,LH198,2,2021,468,YC21:2164,False,False,11,11,10,True,,True
YC21:2165,H99,2,2021,344,YC21:2165,False,False,11,11,10,True,,True
YC21:2166,CR1HT,2,2021,266,YC21:2166,False,False,11,11,10,False,genotype_not_observed_in_all_4_years,False
YC21:2167,MEF156-55-2,2,2021,540,YC21:2167,False,False,11,11,10,True,,True
YC21:2168,B76,2,2021,210,YC21:2168,False,False,11,11,10,True,,True
YC21:2169,PHG29,2,2021,742,YC21:2169,False,False,11,11,10,True,,True
YC21:2170,Pa392,2,2021,696,YC21:2170,False,False,11,11,10,True,,True
YC21:2171,LH149,2,2021,440,YC21:2171,False,False,11,11,10,True,,True
YC21:2172,Eng-Li Chih,2,2021,304,YC21:2172,False,False,11,11,10,True,,True
YC21:2173,CI 40H,2,2021,252,YC21:2173,False,False,11,11,10,True,,True
YC21:2174,MS72,2,2021,584,YC21:2174,False,False,11,11,10,True,,True
YC21:2175,PHK42,2,2021,782,YC21:2175,False,False,11,11,10,True,,True
YC21:2176,B-28,2,2021,136,YC21:2176,False,False,11,11,10,True,,True
YC21:2177,LH202,2,2021,472,YC21:2177,False,False,11,11,10,True,,True
YC21:2178,A634,2,2021,98,YC21:2178,False,False,11,11,10,True,,True
YC21:2179,PHR36,2,2021,824,YC21:2179,False,False,11,10,9,True,,True
YC21:2180,LH54,2,2021,506,YC21:2180,False,False,11,0,0,False,no_published_clean_observations,False
YC21:2181,DK3IIH6,2,2021,280,YC21:2181,False,False,11,11,10,True,,True
YC21:2182,G80,2,2021,316,YC21:2182,False,False,11,11,10,True,,True
YC21:2183,PHG47,2,2021,746,YC21:2183,False,False,11,0,0,True,no_published_clean_observations,False
YC21:2184,4226,2,2021,20,YC21:2184,False,False,11,9,8,True,,True
YC21:2185,NC262,2,2021,626,YC21:2185,False,False,11,10,9,True,,True
YC21:2186,WR3,2,2021,1026,YC21:2186,False,False,11,11,10,True,,True
YC21:2187,CR14,2,2021,264,YC21:2187,False,False,11,11,10,False,genotype_not_observed_in_all_4_years,False
YC21:2188,A239,2,2021,62,YC21:2188,False,False,11,11,10,True,,True
YC21:2189,W552,2,2021,962,YC21:2189,False,False,11,11,10,True,,True
YC21:2190,911,2,2021,12,YC21:2190,False,False,11,11,10,True,,True
YC21:2191,Mo47,2,2021,552,YC21:2191,False,False,11,11,10,True,,True
YC21:2194,L 139,2,2021,418,YC21:2194,False,False,11,11,10,True,,True
YC21:2195,EAST 028,2,2021,302,YC21:2195,False,False,11,11,10,True,,True
YC21:2196,764,2,2021,4,YC21:2196,False,False,11,11,10,True,,True
YC21:2197,ICI 893,2,2021,372,YC21:2197,False,False,11,10,9,True,,True
YC21:2198,A322,2,2021,72,YC21:2198,False,False,11,11,10,True,,True
YC21:2199,ICI 441,2,2021,368,YC21:2199,False,False,11,11,10,False,genotype_not_observed_in_all_4_years,False
YC21:2200,B114,2,2021,154,YC21:2200,False,False,11,11,10,True,,True
YC21:2201,DKFAPW,2,2021,290,YC21:2201,False,False,11,11,10,True,,True
YC21:2202,Va52,2,2021,938,YC21:2202,False,False,11,11,10,True,,True
YC21:2203,Ny821,2,2021,674,YC21:2203,False,False,11,10,9,True,,True
YC21:2204,N192,2,2021,586,YC21:2204,False,False,11,11,10,True,,True
YC21:2205,PHG72,2,2021,752,YC21:2205,False,False,11,11,10,True,,True
YC21:2206,PHG50,2,2021,748,YC21:2206,False,False,11,11,10,True,,True
YC21:2207,A305,2,2021,68,YC21:2207,False,False,11,11,10,True,,True
YC21:2208,PHW30,2,2021,866,YC21:2208,False,False,11,11,10,True,,True
YC21:2209,MS116,2,2021,558,YC21:2209,False,False,11,11,10,True,,True
YC21:2210,W182E,2,2021,950,YC21:2210,False,False,11,10,9,False,genotype_not_observed_in_all_4_years,False
YC21:2211,W613S,2,2021,982,YC21:2211,False,False,11,0,0,False,no_published_clean_observations,False
YC21:2212,Oh40B,2,2021,680,YC21:2212,False,False,11,11,10,True,,True
YC21:2213,LH184,2,2021,450,YC21:2213,False,False,11,11,10,True,,True
YC21:2214,LH61,2,2021,514,YC21:2214,False,False,11,10,9,True,,True
YC21:2215,A663,2,2021,110,YC21:2215,False,False,11,10,9,True,,True
YC21:2216,A641,2,2021,102,YC21:2216,False,False,11,10,9,True,,True
YC21:2217,A556,2,2021,88,YC21:2217,False,False,11,11,10,True,,True
YC21:2218,A635,2,2021,100,YC21:2218,False,False,11,11,10,True,,True
YC21:2219,PHR63,2,2021,834,YC21:2219,False,False,11,11,10,True,,True
YC21:2220,DK78010,2,2021,286,YC21:2220,False,False,11,11,10,True,,True
YC21:2221,OS602,2,2021,694,YC21:2221,False,False,11,11,10,True,,True
YC21:2222,Q381,2,2021,886,YC21:2222,False,False,11,11,10,True,,True
YC21:2223,PHG71,2,2021,750,YC21:2223,False,False,11,11,10,True,,True
YC21:2224,PHP55,2,2021,810,YC21:2224,False,False,11,11,10,True,,True
YC21:2225,NC310,2,2021,632,YC21:2225,False,False,11,11,10,True,,True
YC21:2226,LH38,2,2021,504,YC21:2226,False,False,11,10,9,False,genotype_not_observed_in_all_4_years,False
YC21:2227,SD44,2,2021,916,YC21:2227,False,False,11,11,10,True,,True
YC21:2228,Os420,2,2021,690,YC21:2228,False,False,11,11,10,True,,True
YC21:2229,OH33,2,2021,678,YC21:2229,False,False,11,11,10,True,,True
YC21:2230,LH57,2,2021,508,YC21:2230,False,False,11,0,0,False,no_published_clean_observations,False
YC21:2232,W604S,2,2021,968,YC21:2232,False,False,11,10,9,True,,True
YC21:2233,CM105,2,2021,254,YC21:2233,False,False,11,11,10,True,,True
YC21:2234,NORTH 7,2,2021,660,YC21:2234,False,False,11,11,10,True,,True
YC21:2235,LH165,2,2021,442,YC21:2235,False,False,11,9,8,True,,True
YC21:2236,SD102,2,2021,910,YC21:2236,False,False,11,11,10,True,,True
YC21:2237,Lp215D,2,2021,528,YC21:2237,False,False,11,11,10,True,,True
YC21:2238,L 155,2,2021,420,YC21:2238,False,False,11,11,10,True,,True
YC21:2239,LH143 (Maintainer),2,2021,434,YC21:2239,False,False,11,9,8,True,,True
YC21:2240,OQ603,2,2021,688,YC21:2240,False,False,11,11,10,True,,True
YC21:2241,L 127,2,2021,414,YC21:2241,False,False,11,11,10,True,,True
YC21:2242,SD101,2,2021,908,YC21:2242,False,False,11,11,10,True,,True
YC21:2243,PHW03,2,2021,860,YC21:2243,False,False,11,11,10,True,,True
YC21:2244,PHW20,2,2021,864,YC21:2244,False,False,11,10,9,True,,True
YC21:2245,NS501,2,2021,664,YC21:2245,False,False,11,11,10,True,,True
YC21:2246,W603S,2,2021,966,YC21:2246,False,False,11,10,9,True,,True
YC21:2248,MS225,2,2021,574,YC21:2248,False,False,11,11,10,True,,True
YC21:2249,PHN66,2,2021,804,YC21:2249,False,False,11,11,10,True,,True
YC21:2250,MS200,2,2021,566,YC21:2250,False,False,11,11,10,True,,True
YC21:2251,B103,2,2021,138,YC21:2251,False,False,11,11,10,True,,True
YC21:2252,B115,2,2021,156,YC21:2252,False,False,11,9,8,True,,True
YC21:2253,N197,2,2021,590,YC21:2253,False,False,11,10,9,False,genotype_not_observed_in_all_4_years,False
YC21:2254,PHBW8,2,2021,738,YC21:2254,False,False,11,11,10,True,,True
YC21:2255,PHW86,2,2021,880,YC21:2255,False,False,11,11,10,True,,True
YC21:2256,PHB47,2,2021,732,YC21:2256,False,False,11,11,10,True,,True
YC21:2257,W117Ht,2,2021,946,YC21:2257,False,False,11,10,9,True,,True
YC21:2258,A71,2,2021,122,YC21:2258,False,False,11,11,10,True,,True
YC21:2259,LH146Ht,2,2021,438,YC21:2259,False,False,11,11,10,True,,True
YC21:2260,PHTM9,2,2021,846,YC21:2260,False,False,11,11,10,True,,True
YC21:2261,H121,2,2021,326,YC21:2261,False,False,11,11,10,True,,True
YC21:2262,B108,2,2021,146,YC21:2262,False,False,11,11,10,True,,True
YC21:2263,87916W,2,2021,54,YC21:2263,False,False,11,10,9,True,,True
YC21:2264,H95,2,2021,340,YC21:2264,False,False,11,9,8,True,,True
YC21:2265,NK740,2,2021,652,YC21:2265,False,False,11,11,10,True,,True
YC21:2266,N28,2,2021,606,YC21:2266,False,False,11,0,0,False,no_published_clean_observations,False
YC21:2267,PHT22,2,2021,838,YC21:2267,False,False,11,0,0,False,no_published_clean_observations,False
YC21:2268,PHPR5,2,2021,816,YC21:2268,False,False,11,11,10,True,,True
YC21:2269,INBRED 141,2,2021,390,YC21:2269,False,False,11,10,9,True,,True
YC21:2270,W820G,2,2021,1010,YC21:2270,False,False,11,10,9,False,genotype_not_observed_in_all_4_years,False
YC21:2271,PHR47,2,2021,826,YC21:2271,False,False,11,11,10,True,,True
YC21:2272,PHG83,2,2021,756,YC21:2272,False,False,11,11,10,True,,True
YC21:2273,PHW53,2,2021,872,YC21:2273,False,False,11,11,10,True,,True
YC21:2274,DE811,2,2021,276,YC21:2274,False,False,11,11,10,True,,True
YC21:2275,INBRED 309,2,2021,396,YC21:2275,False,False,11,9,8,True,,True
YC21:2276,Pa778,2,2021,702,YC21:2276,False,False,11,11,10,False,genotype_not_observed_in_all_4_years,False
YC21:2277,Va102,2,2021,928,YC21:2277,False,False,11,0,0,False,no_published_clean_observations,False
YC21:2278,W24,2,2021,956,YC21:2278,False,False,11,11,10,True,,True
YC21:2279,IDS91,2,2021,382,YC21:2279,False,False,11,11,10,True,,True
YC21:2280,MBPM,2,2021,534,YC21:2280,False,False,11,11,10,True,,True
YC21:2281,Va22,2,2021,932,YC21:2281,False,False,11,0,0,False,no_published_clean_observations,False
YC21:2282,J8606,2,2021,402,YC21:2282,False,False,11,0,0,False,no_published_clean_observations,False
YC21:2283,W815G,2,2021,1004,YC21:2283,False,False,11,0,0,False,no_published_clean_observations,False
YC21:2284,N217,2,2021,602,YC21:2284,False,False,11,10,9,True,,True
YC21:2285,Mo1W,2,2021,548,YC21:2285,False,False,11,11,10,False,genotype_not_observed_in_all_4_years,False
YC21:2286,PHK56,2,2021,784,YC21:2286,False,False,11,10,9,True,,True
YC21:2287,IDS69,2,2021,380,YC21:2287,False,False,11,10,9,True,,True
YC21:2288,78551S,2,2021,52,YC21:2288,False,False,11,9,8,True,,True
YC21:2289,B66,2,2021,182,YC21:2289,False,False,11,11,10,True,,True
YC21:2290,N218,2,2021,604,YC21:2290,False,False,11,0,0,False,no_published_clean_observations,False
YC21:2291,LH65,2,2021,516,YC21:2291,False,False,11,0,0,False,no_published_clean_observations,False
YC21:2292,LH194,2,2021,462,YC21:2292,False,False,11,10,9,True,,True
YC21:2293,W607S,2,2021,974,YC21:2293,False,False,11,10,9,True,,True
YC21:2294,LP1 NR HT,2,2021,526,YC21:2294,False,False,11,10,9,True,,True
YC21:2295,B84,2,2021,216,YC21:2295,False,False,11,10,9,True,,True
YC21:2296,Wf9,2,2021,1018,YC21:2296,False,False,11,10,9,False,genotype_not_observed_in_all_4_years,False
YC21:2298,CG102,2,2021,240,YC21:2298,False,False,11,11,10,True,,True
YC21:2299,PHJ33,2,2021,768,YC21:2299,False,False,11,0,0,False,no_published_clean_observations,False
YC21:2300,N200,2,2021,592,YC21:2300,False,False,11,10,9,False,genotype_not_observed_in_all_4_years,False
YC21:2301,MBWZ,2,2021,538,YC21:2301,False,False,11,9,8,True,,True
YC21:2303,Va17,2,2021,930,YC21:2303,False,False,11,0,0,False,no_published_clean_observations,False
YC21:2304,N211,2,2021,598,YC21:2304,False,False,11,11,10,True,,True
YC21:2305,B111,2,2021,152,YC21:2305,False,False,11,11,10,True,,True
YC21:2306,B164,2,2021,168,YC21:2306,False,False,11,11,10,True,,True
YC21:2307,F118,2,2021,306,YC21:2307,False,False,11,11,10,True,,True
YC21:2308,DE3,2,2021,272,YC21:2308,False,False,11,10,9,False,genotype_not_observed_in_all_4_years,False
YC21:2309,WIL903,2,2021,1024,YC21:2309,False,False,11,0,0,False,no_published_clean_observations,False
YC21:2310,W817G,2,2021,1006,YC21:2310,False,False,11,0,0,False,no_published_clean_observations,False
YC21:2311,TZU-CHIAO-HSI-WU 105,2,2021,926,YC21:2311,False,False,11,9,8,True,,True
YC21:2312,N501,2,2021,610,YC21:2312,False,False,11,10,9,True,,True
YC21:2313,B121,2,2021,162,YC21:2313,False,False,11,11,10,True,,True
YC21:2314,R168,2,2021,890,YC21:2314,False,False,11,10,9,True,,True
YC21:2315,PHW79,2,2021,876,YC21:2315,False,False,11,9,8,True,,True
YC21:2316,B79,2,2021,214,YC21:2316,False,False,11,10,9,True,,True
YC21:2317,W809G,2,2021,992,YC21:2317,False,False,11,11,10,True,,True
YC21:2318,PHV78,2,2021,854,YC21:2318,False,False,11,0,0,False,no_published_clean_observations,False
YC21:2319,E8501,2,2021,300,YC21:2319,False,False,11,9,8,True,,True
YC21:2320,LH185,2,2021,452,YC21:2320,False,False,11,0,0,True,no_published_clean_observations,False
YC21:2321,W37A,2,2021,960,YC21:2321,False,False,11,11,10,True,,True
YC21:2323,INBRED 109,2,2021,388,YC21:2323,False,False,11,0,0,False,no_published_clean_observations,False
YC21:2324,W814G,2,2021,1002,YC21:2324,False,False,11,10,9,True,,True
YC21:2325,PHK93,2,2021,790,YC21:2325,False,False,11,9,8,False,genotype_not_observed_in_all_4_years,False
YC21:2326,HUOBAI,2,2021,350,YC21:2326,False,False,11,11,10,False,genotype_not_observed_in_all_4_years,False
YC21:2327,Il778d,2,2021,384,YC21:2327,False,False,11,11,10,False,genotype_not_observed_in_all_4_years,False
YC21:2328,R226,2,2021,896,YC21:2328,False,False,11,11,10,True,,True
YC21:2329,A,2,2021,58,YC21:2329,False,False,11,11,10,True,,True
YC21:2330,W606S,2,2021,972,YC21:2330,False,False,11,11,10,False,genotype_not_observed_in_all_4_years,False
YC21:2331,A797NW,2,2021,126,YC21:2331,False,False,11,11,10,False,genotype_not_observed_in_all_4_years,False
YC21:2332,LH192,2,2021,458,YC21:2332,False,False,11,11,10,True,,True
YC21:2333,Va35,2,2021,936,YC21:2333,False,False,11,11,10,True,,True
YC21:2334,MS24A,2,2021,578,YC21:2334,False,False,11,11,10,True,,True
YC21:2335,PHT47,2,2021,840,YC21:2335,False,False,11,11,10,True,,True
YC21:2336,6M502,2,2021,48,YC21:2336,False,False,11,11,10,True,,True
YC21:2337,PHN46,2,2021,802,YC21:2337,False,False,11,11,10,False,genotype_not_observed_in_all_4_years,False
YC21:2338,LH208,2,2021,480,YC21:2338,False,False,11,11,10,True,,True
YC21:2339,B97,2,2021,226,YC21:2339,False,False,11,11,10,True,,True
YC21:2340,LH190,2,2021,454,YC21:2340,False,False,11,11,10,True,,True
YC21:2341,NC326,2,2021,634,YC21:2341,False,False,11,11,10,True,,True
YC21:2342,LH197,2,2021,466,YC21:2342,False,False,11,11,10,True,,True
YC21:2343,LH215,2,2021,490,YC21:2343,False,False,11,11,10,True,,True
YC21:2344,H113,2,2021,322,YC21:2344,False,False,11,11,10,True,,True
YC21:2345,B65,2,2021,180,YC21:2345,False,False,11,11,10,True,,True
YC21:2346,K47,2,2021,408,YC21:2346,False,False,11,11,10,True,,True
YC21:2347,NC290A,2,2021,628,YC21:2347,False,False,11,0,0,False,no_published_clean_observations,False
YC21:2348,NS701,2,2021,666,YC21:2348,False,False,11,10,9,True,,True
YC21:2349,W610S,2,2021,976,YC21:2349,False,False,11,11,10,True,,True
YC21:2350,Seagull Seventeen,2,2021,918,YC21:2350,False,False,11,11,10,True,,True
YC21:2351,PHT10,2,2021,836,YC21:2351,False,False,11,11,10,True,,True
YC21:2352,OC19,2,2021,676,YC21:2352,False,False,11,10,9,False,genotype_not_observed_in_all_4_years,False
YC21:2353,B57,2,2021,178,YC21:2353,False,False,11,10,9,True,,True
YC21:2354,PHR58,2,2021,830,YC21:2354,False,False,11,11,10,True,,True
YC21:2355,PHR31,2,2021,822,YC21:2355,False,False,11,11,10,True,,True
YC21:2356,PHW52,2,2021,870,YC21:2356,False,False,11,10,9,True,,True
YC21:2357,Tr,2,2021,924,YC21:2357,False,False,11,11,10,True,,True
YC21:2358,K150,2,2021,404,YC21:2358,False,False,11,11,10,True,,True
YC21:2360,B47,2,2021,176,YC21:2360,False,False,11,0,0,False,no_published_clean_observations,False
YC21:2361,LH191,2,2021,456,YC21:2361,False,False,11,11,10,True,,True
YC21:2362,W819G,2,2021,1008,YC21:2362,False,False,11,11,10,False,genotype_not_observed_in_all_4_years,False
YC21:2363,B109,2,2021,148,YC21:2363,False,False,11,0,0,False,no_published_clean_observations,False
YC21:2364,W812G,2,2021,998,YC21:2364,False,False,11,11,10,True,,True
YC21:2365,R177,2,2021,892,YC21:2365,False,False,11,11,10,False,genotype_not_observed_in_all_4_years,False
YC21:2366,IDS28,2,2021,378,YC21:2366,False,False,11,11,10,True,,True
YC21:2367,PHR55,2,2021,828,YC21:2367,False,False,11,0,0,False,no_published_clean_observations,False
YC21:2368,H96,2,2021,342,YC21:2368,False,False,11,11,10,True,,True
YC21:2369,B104,2,2021,140,YC21:2369,False,False,11,11,10,True,,True
YC21:2370,LH128,2,2021,430,YC21:2370,False,False,11,11,10,True,,True
YC21:2371,PHEG9,2,2021,740,YC21:2371,False,False,11,0,0,False,no_published_clean_observations,False
YC21:2372,PHV63,2,2021,852,YC21:2372,False,False,11,11,10,True,,True
YC21:2373,F2834T,2,2021,308,YC21:2373,False,False,11,10,9,True,,True
YC21:2374,4F-234 BX 4,2,2021,38,YC21:2374,False,False,11,10,9,False,genotype_not_observed_in_all_4_years,False
YC21:2375,LH195,2,2021,464,YC21:2375,False,False,11,10,9,True,,True
YC21:2376,H71,2,2021,334,YC21:2376,False,False,11,11,10,True,,True
YC21:2377,Mo46,2,2021,550,YC21:2377,False,False,11,11,10,True,,True
YC21:2378,B2,2,2021,170,YC21:2378,False,False,11,0,0,True,no_published_clean_observations,False
YC21:2379,NC412,2,2021,642,YC21:2379,False,False,11,11,10,True,,True
YC21:2380,4N506,2,2021,44,YC21:2380,False,False,11,11,10,True,,True
YC21:2381,A321,2,2021,70,YC21:2381,False,False,11,11,10,True,,True
YC21:2382,AusTRCF 306238,2,2021,132,YC21:2382,False,False,11,9,8,True,,True
YC21:2384,B77,2,2021,212,YC21:2384,False,False,11,11,10,True,,True
YC21:2385,W611S,2,2021,978,YC21:2385,False,False,11,10,9,False,genotype_not_observed_in_all_4_years,False
YC21:2386,N523,2,2021,612,YC21:2386,False,False,11,11,10,True,,True
YC21:2387,LH214,2,2021,488,YC21:2387,False,False,11,11,10,True,,True
YC21:2388,PHZ51,2,2021,884,YC21:2388,False,False,11,11,10,True,,True
YC21:2389,6M502A,2,2021,50,YC21:2389,False,False,11,11,10,True,,True
YC21:2390,N215,2,2021,600,YC21:2390,False,False,11,11,10,False,genotype_not_observed_in_all_4_years,False
YC21:2391,INB 101LFY/LFY (A632 X M16 S5),2,2021,386,YC21:2391,False,False,11,11,10,True,,True
YC21:2392,DE2,2,2021,270,YC21:2392,False,False,11,11,10,True,,True
YC21:2393,B75,2,2021,208,YC21:2393,False,False,11,10,9,True,,True
YC21:2394,Yu796 NS,2,2021,1038,YC21:2394,False,False,11,11,10,True,,True
YC21:2395,2MCDB,2,2021,32,YC21:2395,False,False,11,9,8,True,,True
YC21:2396,B46,2,2021,174,YC21:2396,False,False,11,0,0,True,no_published_clean_observations,False
YC21:2397,W821G,2,2021,1012,YC21:2397,False,False,11,0,0,False,no_published_clean_observations,False
YC21:2398,Pa762,2,2021,700,YC21:2398,False,False,11,10,9,True,,True
YC21:2399,LH213,2,2021,486,YC21:2399,False,False,11,11,10,True,,True
YC21:2400,4F-35 BK,2,2021,42,YC21:2400,False,False,11,0,0,False,no_published_clean_observations,False
YC21:2401,PHR03,2,2021,818,YC21:2401,False,False,11,9,8,True,,True
YC21:2402,B70,2,2021,186,YC21:2402,False,False,11,10,9,True,,True
YC21:2403,K41,2,2021,406,YC21:2403,False,False,11,0,0,True,no_published_clean_observations,False
YC21:2404,LH59,2,2021,510,YC21:2404,False,False,11,11,10,True,,True
YC21:2405,PHBB3,2,2021,736,YC21:2405,False,False,11,11,10,True,,True
YC21:2406,KUNG-70,2,2021,412,YC21:2406,False,False,11,11,10,True,,True
YC21:2407,PHK29,2,2021,778,YC21:2407,False,False,11,0,0,False,no_published_clean_observations,False
YC21:2409,Pa91,2,2021,708,YC21:2409,False,False,11,11,10,True,,True
YC21:2410,PHK35,2,2021,780,YC21:2410,False,False,11,9,8,True,,True
YC21:2411,B105,2,2021,142,YC21:2411,False,False,11,11,10,True,,True
YC21:2412,Va26,2,2021,934,YC21:2412,False,False,11,11,10,True,,True
YC21:2413,Hy,2,2021,352,YC21:2413,False,False,11,0,0,False,no_published_clean_observations,False
YC21:2414,NC368,2,2021,640,YC21:2414,False,False,11,0,0,True,no_published_clean_observations,False
YC21:2415,H84,2,2021,336,YC21:2415,False,False,11,10,9,True,,True
YC21:2416,MS221,2,2021,570,YC21:2416,False,False,11,11,10,True,,True
YC21:2417,INBRED 305,2,2021,394,YC21:2417,False,False,11,10,9,True,,True
YC21:2418,LH205,2,2021,476,YC21:2418,False,False,11,10,9,True,,True
YC21:2419,PHWG5,2,2021,882,YC21:2419,False,False,11,11,10,False,genotype_not_observed_in_all_4_years,False
YC21:2420,LH193,2,2021,460,YC21:2420,False,False,11,11,10,False,genotype_not_observed_in_all_4_years,False
YC21:2421,K55,2,2021,410,YC21:2421,False,False,11,11,10,True,,True
YC21:2422,LH199,2,2021,470,YC21:2422,False,False,11,0,0,True,no_published_clean_observations,False
YC21:2423,Oh7,2,2021,684,YC21:2423,False,False,11,11,10,True,,True
YC21:2424,W22,2,2021,952,YC21:2424,False,False,11,11,10,True,,True
YC21:2425,PHG35,2,2021,744,YC21:2425,False,False,11,0,0,False,no_published_clean_observations,False
YC21:2426,PHHH9,2,2021,764,YC21:2426,False,False,11,11,10,False,genotype_not_observed_in_all_4_years,False
YC21:2427,NY6371,2,2021,672,YC21:2427,False,False,11,11,10,True,,True
YC21:2428,YE 4,2,2021,1032,YC21:2428,False,False,11,11,10,True,,True
YC21:2429,LH60,2,2021,512,YC21:2429,False,False,11,11,10,True,,True
YC21:2430,N7A,2,2021,622,YC21:2430,False,False,11,11,10,False,genotype_not_observed_in_all_4_years,False
YC21:2431,PHW65,2,2021,874,YC21:2431,False,False,11,11,10,False,genotype_not_observed_in_all_4_years,False
YC21:2432,NC294,2,2021,630,YC21:2432,False,False,11,10,9,True,,True
YC21:2433,CO257,2,2021,256,YC21:2433,False,False,11,10,9,True,,True
YC21:2434,WU-TAN-TZAO,2,2021,1028,YC21:2434,False,False,11,10,9,True,,True
YC21:2435,YING-55,2,2021,1034,YC21:2435,False,False,11,11,10,True,,True
YC21:2436,LH211,2,2021,484,YC21:2436,False,False,11,0,0,False,no_published_clean_observations,False
YC21:2437,Pa880,2,2021,706,YC21:2437,False,False,11,11,10,True,,True
YC21:2438,H91,2,2021,338,YC21:2438,False,False,11,11,10,True,,True
YC21:2440,CQ702RC,2,2021,260,YC21:2440,False,False,11,11,10,True,,True
YC21:2441,LH227,2,2021,500,YC21:2441,False,False,11,10,9,False,genotype_not_observed_in_all_4_years,False
YC21:2442,B110,2,2021,150,YC21:2442,False,False,11,10,9,True,,True
YC21:2444,H5,2,2021,332,YC21:2444,False,False,11,11,10,True,,True
YC21:2445,B119,2,2021,158,YC21:2445,False,False,11,11,10,True,,True
YC21:2446,B14,2,2021,164,YC21:2446,False,False,11,0,0,True,no_published_clean_observations,False
YC21:2447,HP301,2,2021,346,YC21:2447,False,False,11,11,10,True,,True
YC21:2448,M14,2,2021,532,YC21:2448,False,False,11,11,10,True,,True
YC21:2449,S8326,2,2021,906,YC21:2449,False,False,11,11,10,True,,True
YC21:2450,PHP85,2,2021,814,YC21:2450,False,False,11,9,8,True,,True
YC21:2451,W803G,2,2021,990,YC21:2451,False,False,11,10,9,False,genotype_not_observed_in_all_4_years,False
YC21:2452,W813G,2,2021,1000,YC21:2452,False,False,11,11,10,True,,True
YC21:2453,WIL901,2,2021,1022,YC21:2453,False,False,11,10,9,False,genotype_not_observed_in_all_4_years,False
YC21:2454,H122w,2,2021,328,YC21:2454,False,False,11,11,10,True,,True
YC21:2455,ZS365,2,2021,1040,YC21:2455,False,False,11,11,10,False,genotype_not_observed_in_all_4_years,False
YC21:2456,B88,2,2021,222,YC21:2456,False,False,11,11,10,True,,True
YC21:2457,N534,2,2021,616,YC21:2457,False,False,11,11,10,True,,True
YC21:2458,W811G,2,2021,996,YC21:2458,False,False,11,10,9,False,genotype_not_observed_in_all_4_years,False
YC21:2459,W23,2,2021,954,YC21:2459,False,False,11,11,10,True,,True
YC21:2460,HUANYAO,2,2021,348,YC21:2460,False,False,11,11,10,True,,True
YC21:2461,NY 166 (Neveh Yaar),2,2021,670,YC21:2461,False,False,11,11,10,True,,True
YC21:2462,PHN34,2,2021,800,YC21:2462,False,False,11,11,10,False,genotype_not_observed_in_all_4_years,False
YC21:2463,PHJ70,2,2021,770,YC21:2463,False,False,11,11,10,True,,True
YC21:2464,SG 30A,2,2021,920,YC21:2464,False,False,11,11,10,True,,True
YC21:2465,VaW6,2,2021,944,YC21:2465,False,False,11,0,0,True,no_published_clean_observations,False
YC21:2466,PHN29,2,2021,798,YC21:2466,False,False,11,10,9,True,,True
YC21:2467,PHT55,2,2021,842,YC21:2467,False,False,11,0,0,True,no_published_clean_observations,False
YC21:2468,NC328,2,2021,636,YC21:2468,False,False,11,9,8,True,,True
YC21:2469,NC250,2,2021,624,YC21:2469,False,False,11,10,9,False,genotype_not_observed_in_all_4_years,False
YC21:2470,PHM10,2,2021,794,YC21:2470,False,False,11,10,9,True,,True
YC21:2471,N28Ht,2,2021,608,YC21:2471,False,False,11,10,9,True,,True
YC21:2472,N527,2,2021,614,YC21:2472,False,False,11,11,10,True,,True
YC21:2473,N209,2,2021,596,YC21:2473,False,False,11,9,8,False,genotype_not_observed_in_all_4_years,False
YC21:2474,H114,2,2021,324,YC21:2474,False,False,11,10,9,False,genotype_not_observed_in_all_4_years,False
YC21:2475,W810G,2,2021,994,YC21:2475,False,False,11,11,10,True,,True
YC21:2476,MM501D,2,2021,544,YC21:2476,False,False,11,11,10,True,,True
YC21:2477,W32,2,2021,958,YC21:2477,False,False,11,11,10,True,,True
YC21:2478,J47,2,2021,400,YC21:2478,False,False,11,0,0,True,no_published_clean_observations,False
YC21:2479,LH1,2,2021,424,YC21:2479,False,False,11,11,10,True,,True
YC21:2480,H110,2,2021,320,YC21:2480,False,False,11,10,9,True,,True
YC21:2481,B98,2,2021,228,YC21:2481,False,False,11,10,9,False,genotype_not_observed_in_all_4_years,False
YC21:2482,B68,2,2021,184,YC21:2482,False,False,11,10,9,True,,True
YC21:2483,CH701-30,2,2021,244,YC21:2483,False,False,11,11,10,True,,True
YC21:2484,PHW43,2,2021,868,YC21:2484,False,False,11,11,10,False,genotype_not_observed_in_all_4_years,False
YC21:2485,FR19,2,2021,314,YC21:2485,False,False,11,9,8,True,,True
YC21:2486,33-16,2,2021,34,YC21:2486,False,False,11,0,0,False,no_published_clean_observations,False
YC21:2487,NKS8326,2,2021,658,YC21:2487,False,False,11,11,10,True,,True
YC21:2488,DK78371A,2,2021,288,YC21:2488,False,False,11,11,10,False,genotype_not_observed_in_all_4_years,False
YC21:2489,A619,2,2021,92,YC21:2489,False,False,11,11,10,True,,True
YC21:2490,MS67,2,2021,580,YC21:2490,False,False,11,10,9,True,,True
YC21:2491,CO258,2,2021,258,YC21:2491,False,False,11,11,10,True,,True
YC21:2493,NC342,2,2021,638,YC21:2493,False,False,11,11,10,False,genotype_not_observed_in_all_4_years,False
YC21:2494,B14A,2,2021,166,YC21:2494,False,False,11,10,9,True,,True
YC21:2495,Va59,2,2021,940,YC21:2495,False,False,11,10,9,True,,True
YC21:2496,LH224,2,2021,498,YC21:2496,False,False,11,11,10,True,,True
YC21:2498,WIL900,2,2021,1020,YC21:2498,False,False,11,10,9,True,,True
YC21:2499,B37,2,2021,172,YC21:2499,False,False,11,11,10,True,,True
YC21:2500,PHR62,2,2021,832,YC21:2500,False,False,11,0,0,False,no_published_clean_observations,False
YC21:2502,Os426,2,2021,692,YC21:2502,False,False,11,10,9,True,,True
YC21:2503,LH216,2,2021,492,YC21:2503,False,False,11,10,9,False,genotype_not_observed_in_all_4_years,False
YC21:2504,L 289,2,2021,422,YC21:2504,False,False,11,11,10,True,,True
YC21:2506,H105W,2,2021,318,YC21:2506,False,False,11,11,10,False,genotype_not_observed_in_all_4_years,False
YC21:2507,R229,2,2021,900,YC21:2507,False,False,11,10,9,False,genotype_not_observed_in_all_4_years,False
YC21:2508,LH204,2,2021,474,YC21:2508,False,False,11,9,8,True,,True
YC21:2509,B120,2,2021,160,YC21:2509,False,False,11,10,9,True,,True
YC21:2510,N542,2,2021,618,YC21:2510,False,False,11,11,10,True,,True
YC21:2511,R71,2,2021,902,YC21:2511,False,False,11,11,10,True,,True
YC21:2512,R227,2,2021,898,YC21:2512,False,False,11,10,9,True,,True
YC21:2513,MBST,2,2021,536,YC21:2513,False,False,11,9,8,False,genotype_not_observed_in_all_4_years,False
YC21:2514,WXB6,2,2021,1030,YC21:2514,False,False,11,0,0,False,no_published_clean_observations,False
YC21:2515,LH181,2,2021,448,YC21:2515,False,False,11,11,10,False,genotype_not_observed_in_all_4_years,False
YC21:2516,R78,2,2021,904,YC21:2516,False,False,11,11,10,True,,True
YC21:2517,INBRED 321,2,2021,398,YC21:2517,False,False,11,10,9,True,,True
YC21:2518,YONG 28,2,2021,1036,YC21:2518,False,False,11,0,0,False,no_published_clean_observations,False
YC21:2519,Pa875,2,2021,704,YC21:2519,False,False,11,10,9,True,,True
YC21:2520,Mo5,2,2021,554,YC21:2520,False,False,11,9,8,True,,True
