model,seed,split,year,genotype,rmse,mae,n_observed
Latent Neural ODE (ours),1,train,2018,1538,72.90811156867815,56.15635951720007,10
Latent Neural ODE (ours),1,train,2018,2369,102.02819929267248,92.42014368425572,9
Latent Neural ODE (ours),1,train,2018,29MIBZ2,85.28868710382028,72.86743357448566,10
Latent Neural ODE (ours),1,train,2018,2FACC,68.78245004562996,56.70048232791569,9
Latent Neural ODE (ours),1,train,2018,2FADB,119.87161663783586,108.87975413355277,8
Latent Neural ODE (ours),1,train,2018,2MA22,86.32700499169466,75.83680313206494,10
Latent Neural ODE (ours),1,train,2018,2MCDB,84.09884624403101,74.27449527015703,10
Latent Neural ODE (ours),1,train,2018,3IJI1,70.38131429719003,55.96114763972506,10
Latent Neural ODE (ours),1,train,2018,4226,75.47944678143818,61.92261306450015,10
Latent Neural ODE (ours),1,train,2018,4F-306 108,101.8999553963473,93.17641665642094,10
Latent Neural ODE (ours),1,train,2018,4N506,64.5441222680266,51.12350040839151,10
Latent Neural ODE (ours),1,train,2018,6F629,59.70804170953276,45.88844412982106,10
Latent Neural ODE (ours),1,train,2018,6M502,84.85142328563653,78.84898366942477,10
Latent Neural ODE (ours),1,train,2018,6M502A,50.63736481848001,38.957239964609606,10
Latent Neural ODE (ours),1,train,2018,764,71.63949868415807,57.2238851819087,10
Latent Neural ODE (ours),1,train,2018,78010,65.67799601202695,55.8268619116408,10
Latent Neural ODE (ours),1,train,2018,78551S,124.89360930693954,121.70402096559451,8
Latent Neural ODE (ours),1,train,2018,790,98.09890910004644,89.16549375433976,10
Latent Neural ODE (ours),1,train,2018,793,83.43135455820628,70.8093996538228,10
Latent Neural ODE (ours),1,train,2018,87916W,54.43056602277384,40.32141835144786,10
Latent Neural ODE (ours),1,train,2018,911,92.7901679605493,81.42079496037036,10
Latent Neural ODE (ours),1,train,2018,912,110.62828254152797,97.42746060989607,10
Latent Neural ODE (ours),1,train,2018,91IFC2,82.33273705355248,68.49568611610049,10
Latent Neural ODE (ours),1,train,2018,A,60.697161633801194,51.61760623120701,10
Latent Neural ODE (ours),1,train,2018,A208,91.2469161171076,78.85232905101068,10
Latent Neural ODE (ours),1,train,2018,A239,59.08379954293632,48.39035493014261,10
Latent Neural ODE (ours),1,train,2018,A258,58.623215093775435,45.50634408043751,10
Latent Neural ODE (ours),1,train,2018,A272,47.680527035674785,37.432025612057295,9
Latent Neural ODE (ours),1,train,2018,A305,60.76116196697167,46.61299813356855,10
Latent Neural ODE (ours),1,train,2018,A321,75.97497222324536,66.7068202033868,10
Latent Neural ODE (ours),1,train,2018,A322,96.26371786117865,82.39382467269989,10
Latent Neural ODE (ours),1,train,2018,A334,70.39645504926717,59.62709679963693,10
Latent Neural ODE (ours),1,train,2018,A340,66.57620071728749,46.894657890191766,10
Latent Neural ODE (ours),1,train,2018,A374,73.84542382256791,63.65143576355526,10
Latent Neural ODE (ours),1,train,2018,A385,84.96399805703375,71.08332671794895,10
Latent Neural ODE (ours),1,train,2018,A427,133.664979852583,115.72432080020785,10
Latent Neural ODE (ours),1,train,2018,A548,70.89625571621505,59.23849169681123,10
Latent Neural ODE (ours),1,train,2018,A556,97.82009498132749,84.63222705053472,10
Latent Neural ODE (ours),1,train,2018,A572,121.3161448269852,104.63173529383153,10
Latent Neural ODE (ours),1,train,2018,A619,82.225727701449,72.04244123281708,10
Latent Neural ODE (ours),1,train,2018,A627,62.85776821663081,44.36071704860518,10
Latent Neural ODE (ours),1,train,2018,A632,38.4585864649915,33.13175283291087,8
Latent Neural ODE (ours),1,train,2018,A634,85.66874106224104,67.66960492896442,10
Latent Neural ODE (ours),1,train,2018,A635,85.44412832373169,71.94877152583163,10
Latent Neural ODE (ours),1,train,2018,A641,145.62513921350097,122.88847762124911,10
Latent Neural ODE (ours),1,train,2018,A648,33.44745301049139,28.6145754336302,8
Latent Neural ODE (ours),1,train,2018,A649,137.04446632892456,124.84907062418864,8
Latent Neural ODE (ours),1,train,2018,A659,55.55835661910504,41.10244179688123,10
Latent Neural ODE (ours),1,train,2018,A663,70.82854562547438,57.414348429016115,10
Latent Neural ODE (ours),1,train,2018,A672,64.12400702488223,46.46043531002211,10
Latent Neural ODE (ours),1,train,2018,A674,105.01930018498882,90.79494708674213,10
Latent Neural ODE (ours),1,train,2018,A679,67.02859107015891,55.70013228890714,10
Latent Neural ODE (ours),1,train,2018,A680,52.33402033658832,42.62935045206053,10
Latent Neural ODE (ours),1,train,2018,A682,80.66988981284015,72.91803227186834,9
Latent Neural ODE (ours),1,train,2018,A71,50.86160401929115,35.416625649619824,10
Latent Neural ODE (ours),1,train,2018,A73,54.49616628443355,43.7613783187784,10
Latent Neural ODE (ours),1,train,2018,AQA3,135.33415633942099,121.15721397957213,10
Latent Neural ODE (ours),1,train,2018,AS6103,61.36806307639281,43.468410794459274,10
Latent Neural ODE (ours),1,train,2018,AusTRCF 306238,54.34155379654861,46.78383870419026,8
Latent Neural ODE (ours),1,train,2018,B-18 INBR.FR.SUPERGOLD,73.98852815812829,60.6751727911343,10
Latent Neural ODE (ours),1,train,2018,B-28,55.801896105522815,38.579083803431864,10
Latent Neural ODE (ours),1,train,2018,B103,62.507987591304364,49.601409780373515,10
Latent Neural ODE (ours),1,train,2018,B104,51.618370994624534,44.83389305908352,8
Latent Neural ODE (ours),1,train,2018,B105,60.296131470142306,46.99655453820035,10
Latent Neural ODE (ours),1,train,2018,B107,62.72239197358102,54.67534596274029,9
Latent Neural ODE (ours),1,train,2018,B108,46.89974475253706,35.866563508402216,10
Latent Neural ODE (ours),1,train,2018,B110,74.90000071699544,56.57021755938506,10
Latent Neural ODE (ours),1,train,2018,B111,69.39313169696229,51.00918987947273,10
Latent Neural ODE (ours),1,train,2018,B114,77.32052601151128,68.33603819486275,9
Latent Neural ODE (ours),1,train,2018,B115,52.89813283439176,43.93940748496995,8
Latent Neural ODE (ours),1,train,2018,B119,79.87623265050404,61.237077000756926,10
Latent Neural ODE (ours),1,train,2018,B120,57.15876393546755,45.45751806025583,10
Latent Neural ODE (ours),1,train,2018,B121,85.2414806415531,77.38489247061969,10
Latent Neural ODE (ours),1,train,2018,B14,54.34055566240891,43.12467211249391,9
Latent Neural ODE (ours),1,train,2018,B14A,62.420328102587966,47.427827917540675,10
Latent Neural ODE (ours),1,train,2018,B164,60.67856507522507,45.06779544098684,10
Latent Neural ODE (ours),1,train,2018,B2,63.57188318126961,49.35503422076913,10
Latent Neural ODE (ours),1,train,2018,B37,61.0877094305216,50.761209396836406,10
Latent Neural ODE (ours),1,train,2018,B46,74.86680271465127,57.627969353603305,10
Latent Neural ODE (ours),1,train,2018,B57,67.41802807704072,62.16567093607481,10
Latent Neural ODE (ours),1,train,2018,B65,99.24361928805416,86.38340463974708,10
Latent Neural ODE (ours),1,train,2018,B66,55.18674331455852,44.4989515519934,10
Latent Neural ODE (ours),1,train,2018,B68,73.33239716976594,61.48893023717046,9
Latent Neural ODE (ours),1,train,2018,B70,96.7614013681136,89.8080653834206,8
Latent Neural ODE (ours),1,train,2018,B75,75.79737981594506,62.87539093170827,9
Latent Neural ODE (ours),1,train,2018,B76,60.93373952372784,47.928179451789916,10
Latent Neural ODE (ours),1,train,2018,B77,61.71425756782835,52.45314916616504,10
Latent Neural ODE (ours),1,train,2018,B79,58.2254529996458,51.02326747339558,9
Latent Neural ODE (ours),1,train,2018,B84,67.63651259462425,51.99420894678663,10
Latent Neural ODE (ours),1,train,2018,B85,84.98534740340433,74.7295815239356,10
Latent Neural ODE (ours),1,train,2018,B87,54.62375580491667,43.23446703512495,10
Latent Neural ODE (ours),1,train,2018,B88,58.63970453495148,45.14761283117375,10
Latent Neural ODE (ours),1,train,2018,B91,56.75298482875347,45.63380416144109,10
Latent Neural ODE (ours),1,train,2018,B97,72.27294679584155,59.234369755329546,10
Latent Neural ODE (ours),1,train,2018,BEI 10 = NORTH 10,107.05199268026122,93.66889898523154,10
Latent Neural ODE (ours),1,train,2018,BO9,74.35014142337204,64.86451354661308,10
Latent Neural ODE (ours),1,train,2018,C103,101.46065337261504,93.67507374324028,9
Latent Neural ODE (ours),1,train,2018,C123,120.37441962727344,106.39317035904661,9
Latent Neural ODE (ours),1,train,2018,CA-4,123.44957137980114,108.06031581602663,10
Latent Neural ODE (ours),1,train,2018,CG102,62.24695035996306,44.98179652325522,10
Latent Neural ODE (ours),1,train,2018,CH157,99.02981620980441,86.52206008518917,10
Latent Neural ODE (ours),1,train,2018,CH701-30,56.01709417032898,47.23856819980394,10
Latent Neural ODE (ours),1,train,2018,CH711-10,54.26555922366089,45.26621651291268,10
Latent Neural ODE (ours),1,train,2018,CH9,57.045969869149566,47.56071658716756,10
Latent Neural ODE (ours),1,train,2018,CI 40H,70.96445084040545,52.844131679336705,10
Latent Neural ODE (ours),1,train,2018,CM105,91.732605001054,80.35028067224069,10
Latent Neural ODE (ours),1,train,2018,CO257,122.40858751459868,113.71578292088282,10
Latent Neural ODE (ours),1,train,2018,CO258,108.02427849814987,103.82357867947788,8
Latent Neural ODE (ours),1,train,2018,CQ702RC,63.23572808254173,50.158161033708396,10
Latent Neural ODE (ours),1,train,2018,CR 22 INBRED,61.890544429164855,54.75655939776421,10
Latent Neural ODE (ours),1,train,2018,CS405,65.2635788736837,52.56338027135602,10
Latent Neural ODE (ours),1,train,2018,DE2,71.6550527483432,59.339034292826135,10
Latent Neural ODE (ours),1,train,2018,DE4,55.6237554218976,47.76992087825471,10
Latent Neural ODE (ours),1,train,2018,DE811,56.7539532275488,46.23198975330919,9
Latent Neural ODE (ours),1,train,2018,DJ7,57.26790855646274,42.12995678904837,10
Latent Neural ODE (ours),1,train,2018,DK3IIH6,93.03912347413939,80.91930310321982,10
Latent Neural ODE (ours),1,train,2018,DK4676A,114.55906220445384,100.89543765929866,10
Latent Neural ODE (ours),1,train,2018,DK78002A,73.72058397308317,48.75342070965752,10
Latent Neural ODE (ours),1,train,2018,DK78010,70.49155713267628,58.11575974238483,10
Latent Neural ODE (ours),1,train,2018,DKFAPW,69.61808826642238,60.041689535576914,10
Latent Neural ODE (ours),1,train,2018,DKFBHJ,68.21441298023416,51.64502317762644,10
Latent Neural ODE (ours),1,train,2018,DKMBNA,101.77690753465181,89.80246867862097,10
Latent Neural ODE (ours),1,train,2018,DKPB80,68.79874468515179,58.979764159539876,10
Latent Neural ODE (ours),1,train,2018,E8501,56.16439353351256,46.691622094387604,10
Latent Neural ODE (ours),1,train,2018,EAST 028,73.13202535641942,62.63895674335822,10
Latent Neural ODE (ours),1,train,2018,Eng-Li Chih,58.38964262009375,49.16354272821128,10
Latent Neural ODE (ours),1,train,2018,F118,61.13587068417964,44.30838404679215,10
Latent Neural ODE (ours),1,train,2018,F2834T,62.3709051381113,49.811698355636544,10
Latent Neural ODE (ours),1,train,2018,FBLA,68.91924524059326,51.79376982913202,10
Latent Neural ODE (ours),1,train,2018,FR19,84.23776841365516,70.22098814964943,10
Latent Neural ODE (ours),1,train,2018,G80,68.91972379023031,60.433425639283065,10
Latent Neural ODE (ours),1,train,2018,H110,57.71003225843654,41.149425055254405,10
Latent Neural ODE (ours),1,train,2018,H113,115.72902214667648,109.85286855558354,10
Latent Neural ODE (ours),1,train,2018,H121,72.79212902203098,67.395408422827,10
Latent Neural ODE (ours),1,train,2018,H122w,85.26899440616913,78.08059923722294,10
Latent Neural ODE (ours),1,train,2018,H42,104.19272562335358,92.05256034361382,10
Latent Neural ODE (ours),1,train,2018,H5,55.88232448156205,43.84411265494685,10
Latent Neural ODE (ours),1,train,2018,H71,60.64785168091679,42.267097885677515,10
Latent Neural ODE (ours),1,train,2018,H84,63.57554703588711,50.4449636466165,10
Latent Neural ODE (ours),1,train,2018,H91,50.881478051162524,41.15688472186822,10
Latent Neural ODE (ours),1,train,2018,H95,110.21638575611581,103.79756121696452,9
Latent Neural ODE (ours),1,train,2018,H96,65.72327415357331,61.64659019548357,9
Latent Neural ODE (ours),1,train,2018,H99,105.96561253409173,90.36018301609764,10
Latent Neural ODE (ours),1,train,2018,HP301,86.7290824571681,76.29927737501778,10
Latent Neural ODE (ours),1,train,2018,HUANYAO,110.00924285838586,105.89947932416138,9
Latent Neural ODE (ours),1,train,2018,I29,124.26883669973812,109.07568832413412,10
Latent Neural ODE (ours),1,train,2018,IA2132,117.43401869939473,106.01905441620929,10
Latent Neural ODE (ours),1,train,2018,IBB14,129.41156648004412,117.5280744429145,10
Latent Neural ODE (ours),1,train,2018,IBB15,70.77721368760403,50.433860159623194,10
Latent Neural ODE (ours),1,train,2018,IBC2,56.25180472109718,38.151345099279055,10
Latent Neural ODE (ours),1,train,2018,ICI 193,53.84318913498314,41.52646402579539,10
Latent Neural ODE (ours),1,train,2018,ICI 740,77.52427007578166,61.526679269291016,10
Latent Neural ODE (ours),1,train,2018,ICI 893,62.64827877722397,53.53848634878557,10
Latent Neural ODE (ours),1,train,2018,ICI 986,68.7425378327816,49.54926965603408,10
Latent Neural ODE (ours),1,train,2018,IDS28,68.10614498386975,57.96562091952003,10
Latent Neural ODE (ours),1,train,2018,IDS69,97.87323620765497,92.32940924081967,10
Latent Neural ODE (ours),1,train,2018,IDS91,49.007122038946676,40.2730879916206,9
Latent Neural ODE (ours),1,train,2018,INB 101LFY/LFY (A632 X M16 S5),102.03148352466455,96.15000117324999,10
Latent Neural ODE (ours),1,train,2018,INBRED 141,69.24260980202567,57.19286514092768,10
Latent Neural ODE (ours),1,train,2018,INBRED 2-687,54.999159648196574,47.34377091540888,9
Latent Neural ODE (ours),1,train,2018,INBRED 305,71.87845316702604,64.1136265548155,10
Latent Neural ODE (ours),1,train,2018,INBRED 309,87.15567612242099,81.67173695208322,9
Latent Neural ODE (ours),1,train,2018,INBRED 321,71.08771075252422,59.05801898154546,10
Latent Neural ODE (ours),1,train,2018,Ia 453,91.14314781989107,76.49209392278695,10
Latent Neural ODE (ours),1,train,2018,J47,81.01191337365262,64.43143585063635,10
Latent Neural ODE (ours),1,train,2018,K150,62.23030411978438,50.34592529941168,10
Latent Neural ODE (ours),1,train,2018,K41,61.47327581568857,48.31859929706141,10
Latent Neural ODE (ours),1,train,2018,K47,53.96413689180583,44.84617401092407,10
Latent Neural ODE (ours),1,train,2018,K55,113.70610498163418,105.42135221264917,10
Latent Neural ODE (ours),1,train,2018,KUNG-70,107.37379041947023,97.36952438715255,10
Latent Neural ODE (ours),1,train,2018,L 127,111.91303748546478,99.64130108404979,10
Latent Neural ODE (ours),1,train,2018,L 135,81.37154418633139,69.91248942741449,10
Latent Neural ODE (ours),1,train,2018,L 139,79.76988094303238,67.39530807441169,10
Latent Neural ODE (ours),1,train,2018,L 155,73.03826513178434,61.362784894171,10
Latent Neural ODE (ours),1,train,2018,L 289,63.22752046721927,45.82473656997075,10
Latent Neural ODE (ours),1,train,2018,LH1,96.88440558500838,89.24622112220193,10
Latent Neural ODE (ours),1,train,2018,LH119,70.41933319044242,59.404387175719776,10
Latent Neural ODE (ours),1,train,2018,LH128,52.644099440225574,37.32425163121319,10
Latent Neural ODE (ours),1,train,2018,LH143 (Maintainer),79.6320369131914,70.83395699621227,10
Latent Neural ODE (ours),1,train,2018,LH145,63.81964038937727,53.8422499435241,9
Latent Neural ODE (ours),1,train,2018,LH146Ht,79.36233742024076,59.52675946174425,10
Latent Neural ODE (ours),1,train,2018,LH149,83.22497865351946,73.67528002101017,10
Latent Neural ODE (ours),1,train,2018,LH165,83.23139179203233,70.78483449207624,10
Latent Neural ODE (ours),1,train,2018,LH166,75.60111098603106,66.17056446226695,10
Latent Neural ODE (ours),1,train,2018,LH172,82.60118090557643,72.33448705042542,9
Latent Neural ODE (ours),1,train,2018,LH184,57.34986224151923,42.67152154779017,10
Latent Neural ODE (ours),1,train,2018,LH185,55.611692083042335,50.1981030334707,9
Latent Neural ODE (ours),1,train,2018,LH190,74.07582432551922,66.37183634144606,10
Latent Neural ODE (ours),1,train,2018,LH191,110.63883489189614,100.74645773030815,10
Latent Neural ODE (ours),1,train,2018,LH192,78.23864335169772,72.65695733465374,10
Latent Neural ODE (ours),1,train,2018,LH194,66.95314648006062,60.45575533373431,9
Latent Neural ODE (ours),1,train,2018,LH195,84.56058601323124,77.95042225545538,10
Latent Neural ODE (ours),1,train,2018,LH197,68.55985590833065,55.39194471192097,10
Latent Neural ODE (ours),1,train,2018,LH198,55.43118571235121,40.54388427207068,10
Latent Neural ODE (ours),1,train,2018,LH199,89.94361037246368,84.4998091713628,10
Latent Neural ODE (ours),1,train,2018,LH202,56.711569862287895,43.46904579141203,10
Latent Neural ODE (ours),1,train,2018,LH204,56.87949104848639,46.65544583905341,10
Latent Neural ODE (ours),1,train,2018,LH205,48.94845722708038,37.163655866339745,9
Latent Neural ODE (ours),1,train,2018,LH206,96.91155667844373,88.22843992632033,10
Latent Neural ODE (ours),1,train,2018,LH208,53.29048774723669,43.8610842435903,10
Latent Neural ODE (ours),1,train,2018,LH209,59.8112000872269,47.54612827338785,10
Latent Neural ODE (ours),1,train,2018,LH213,108.81167023813936,101.77499311236797,9
Latent Neural ODE (ours),1,train,2018,LH214,53.03389043248059,38.16404927381926,10
Latent Neural ODE (ours),1,train,2018,LH215,68.49951619287668,53.89928190830724,10
Latent Neural ODE (ours),1,train,2018,LH222,77.89412599744273,62.965969096605725,10
Latent Neural ODE (ours),1,train,2018,LH223,107.75781524165423,94.22128475669363,10
Latent Neural ODE (ours),1,train,2018,LH224,44.47222985399419,37.266333798439,9
Latent Neural ODE (ours),1,train,2018,LH295,96.75518524973785,86.91396072119964,10
Latent Neural ODE (ours),1,train,2018,LH59,98.24838516942958,90.62816867210145,10
Latent Neural ODE (ours),1,train,2018,LH60,72.881499688864,56.97314316301195,10
Latent Neural ODE (ours),1,train,2018,LH61,106.68112667322879,92.43324834743903,8
Latent Neural ODE (ours),1,train,2018,LH74,60.51025953984305,44.7607038772121,10
Latent Neural ODE (ours),1,train,2018,LH82,61.440203139372066,52.29786879024151,10
Latent Neural ODE (ours),1,train,2018,LH93,63.38914462641346,49.81448465319425,10
Latent Neural ODE (ours),1,train,2018,LIBC 4,94.88566146105953,84.26028434594295,10
Latent Neural ODE (ours),1,train,2018,LP1 NR HT,62.31163097486862,47.03464523278258,10
Latent Neural ODE (ours),1,train,2018,LP5,97.25576610780783,87.70084510053921,10
Latent Neural ODE (ours),1,train,2018,Lp215D,83.81890706741585,71.59265389665765,10
Latent Neural ODE (ours),1,train,2018,M14,109.22659859418582,104.94771160204016,10
Latent Neural ODE (ours),1,train,2018,MBPM,52.17050967615855,39.85467376213289,10
Latent Neural ODE (ours),1,train,2018,MBWZ,60.28634209235459,41.98167245702764,10
Latent Neural ODE (ours),1,train,2018,MEF156-55-2,115.63014210989596,101.00218866189813,10
Latent Neural ODE (ours),1,train,2018,ML606,87.16166795530032,74.92761065058991,10
Latent Neural ODE (ours),1,train,2018,MM501D,135.47506395964922,131.65793540983645,8
Latent Neural ODE (ours),1,train,2018,MQ305,95.26056352170608,85.44997019661642,10
Latent Neural ODE (ours),1,train,2018,MS116,97.4140215052467,84.82648789871004,10
Latent Neural ODE (ours),1,train,2018,MS132,81.41048837488592,68.62393823281064,10
Latent Neural ODE (ours),1,train,2018,MS153,59.72367901884442,51.592587546752306,10
Latent Neural ODE (ours),1,train,2018,MS200,113.62552520209466,99.65121248110216,9
Latent Neural ODE (ours),1,train,2018,MS211,90.3496922530646,79.95561068061274,10
Latent Neural ODE (ours),1,train,2018,MS221,47.69620405042032,37.60219589001739,10
Latent Neural ODE (ours),1,train,2018,MS224,66.92722124212345,56.21348676229674,10
Latent Neural ODE (ours),1,train,2018,MS225,79.3098193364418,66.02722326712009,10
Latent Neural ODE (ours),1,train,2018,MS226,103.33972145469973,88.93860761634492,10
Latent Neural ODE (ours),1,train,2018,MS24A,128.9092985603024,110.56550716243198,10
Latent Neural ODE (ours),1,train,2018,MS67,51.056565354637705,38.43232880732507,10
Latent Neural ODE (ours),1,train,2018,MS71,79.59399099638608,64.2060660162937,10
Latent Neural ODE (ours),1,train,2018,MS72,99.82655406109915,87.47989352872932,10
Latent Neural ODE (ours),1,train,2018,Mo46,58.1829682322003,50.91184670371234,8
Latent Neural ODE (ours),1,train,2018,Mo47,82.85106317984872,71.10752241507545,8
Latent Neural ODE (ours),1,train,2018,Mo5,105.99206505066763,93.72598789375826,9
Latent Neural ODE (ours),1,train,2018,N192,64.43010564966981,54.59970700526959,10
Latent Neural ODE (ours),1,train,2018,N193,82.41200733305836,71.2309457530084,10
Latent Neural ODE (ours),1,train,2018,N201,63.89488069095398,53.020470561181966,10
Latent Neural ODE (ours),1,train,2018,N211,88.11390437031993,76.64241454570288,10
Latent Neural ODE (ours),1,train,2018,N217,82.68613369496157,67.01991768497945,10
Latent Neural ODE (ours),1,train,2018,N28Ht,78.08322053290246,64.70173962019524,10
Latent Neural ODE (ours),1,train,2018,N501,49.47503675410323,37.454988457224225,9
Latent Neural ODE (ours),1,train,2018,N523,69.55630101043904,62.14361155245226,10
Latent Neural ODE (ours),1,train,2018,N527,72.26801698700194,66.10859182225934,10
Latent Neural ODE (ours),1,train,2018,N534,67.25059027911742,56.344075563534965,10
Latent Neural ODE (ours),1,train,2018,N542,60.831937126795964,52.46054892057563,9
Latent Neural ODE (ours),1,train,2018,N6,72.65295596254114,58.397641047457434,10
Latent Neural ODE (ours),1,train,2018,NC262,109.15301267087833,99.64201036489439,10
Latent Neural ODE (ours),1,train,2018,NC294,57.30948170225754,50.61532169774768,10
Latent Neural ODE (ours),1,train,2018,NC310,59.965971270400175,50.91340145253665,10
Latent Neural ODE (ours),1,train,2018,NC326,65.25589710497003,56.397271626881,10
Latent Neural ODE (ours),1,train,2018,NC328,69.40603316403731,55.58569860511502,10
Latent Neural ODE (ours),1,train,2018,NC368,50.89967234600953,42.85598018030584,9
Latent Neural ODE (ours),1,train,2018,NC412,79.9273515787395,74.95330228845967,10
Latent Neural ODE (ours),1,train,2018,ND247,101.44008925315184,87.95464057835913,10
Latent Neural ODE (ours),1,train,2018,ND265,71.38195995279105,62.15425304576728,10
Latent Neural ODE (ours),1,train,2018,NK740,100.32455604028645,93.66815484308678,10
Latent Neural ODE (ours),1,train,2018,NK778,107.05941310494909,91.96750282578851,9
Latent Neural ODE (ours),1,train,2018,NK807,95.89145925450913,80.64090271525508,10
Latent Neural ODE (ours),1,train,2018,NKS8326,59.300617711305684,46.967739230097365,10
Latent Neural ODE (ours),1,train,2018,NORTH 7,98.42393093963605,85.43859335793333,10
Latent Neural ODE (ours),1,train,2018,NQ508,70.39555873993208,50.311835183373795,10
Latent Neural ODE (ours),1,train,2018,NS501,73.58229623508838,60.71688819211215,9
Latent Neural ODE (ours),1,train,2018,NS701,71.02905446786671,58.610349387917026,10
Latent Neural ODE (ours),1,train,2018,NY 166 (Neveh Yaar),73.39941105220223,65.15201599197606,10
Latent Neural ODE (ours),1,train,2018,NY6371,60.30308952570476,50.24888577534959,8
Latent Neural ODE (ours),1,train,2018,Ny821,95.15386303863221,80.31205509374954,10
Latent Neural ODE (ours),1,train,2018,OH33,93.0633728535647,66.1222587551348,9
Latent Neural ODE (ours),1,train,2018,OQ403,74.08057538402035,65.81615764325147,10
Latent Neural ODE (ours),1,train,2018,OQ603,64.67827612267395,54.95870411267263,10
Latent Neural ODE (ours),1,train,2018,OS602,75.49250087975568,64.5372278416758,10
Latent Neural ODE (ours),1,train,2018,Oh40B,79.91306742871193,72.85785616534083,10
Latent Neural ODE (ours),1,train,2018,Oh43,73.72551437397956,63.802957309389534,10
Latent Neural ODE (ours),1,train,2018,Oh7,82.72320042032203,74.88366658805346,9
Latent Neural ODE (ours),1,train,2018,Os420,63.504093457787754,50.38985835692712,10
Latent Neural ODE (ours),1,train,2018,Os426,67.0959071763391,48.82218022576717,10
Latent Neural ODE (ours),1,train,2018,PHB09,67.84901561254188,62.14064150000418,10
Latent Neural ODE (ours),1,train,2018,PHB47,47.076739005523166,35.17027941260433,10
Latent Neural ODE (ours),1,train,2018,PHBA6,80.77320836562029,68.16639637511578,10
Latent Neural ODE (ours),1,train,2018,PHBB3,52.25761715843279,41.053445705683984,10
Latent Neural ODE (ours),1,train,2018,PHBW8,164.24151082403338,144.92036545218826,10
Latent Neural ODE (ours),1,train,2018,PHG29,74.33507924364646,63.02396266130086,10
Latent Neural ODE (ours),1,train,2018,PHG47,177.4474558574129,159.40381090241056,10
Latent Neural ODE (ours),1,train,2018,PHG50,60.01480106219372,46.70441065282252,10
Latent Neural ODE (ours),1,train,2018,PHG71,71.01918661793252,53.369494078683616,10
Latent Neural ODE (ours),1,train,2018,PHG72,90.88201326343953,77.86455594098685,10
Latent Neural ODE (ours),1,train,2018,PHG80,65.48206552033182,52.492494541745245,10
Latent Neural ODE (ours),1,train,2018,PHG83,73.56145364001952,64.85900611280631,10
Latent Neural ODE (ours),1,train,2018,PHG86,64.57760946867829,45.18251322808465,10
Latent Neural ODE (ours),1,train,2018,PHGW7,63.348315324960645,52.77067175222786,10
Latent Neural ODE (ours),1,train,2018,PHH93,57.81184841082246,44.31706613955617,10
Latent Neural ODE (ours),1,train,2018,PHHV4,52.60360755941839,39.98265187554019,10
Latent Neural ODE (ours),1,train,2018,PHJ70,50.9578874097562,35.44601730949777,10
Latent Neural ODE (ours),1,train,2018,PHJ89,72.87308623714665,60.4257033725954,10
Latent Neural ODE (ours),1,train,2018,PHJ90,61.804689321842766,49.33566697661331,10
Latent Neural ODE (ours),1,train,2018,PHJR5,72.13657300898392,49.82523464008815,10
Latent Neural ODE (ours),1,train,2018,PHK35,68.42318524121166,50.35938045803404,10
Latent Neural ODE (ours),1,train,2018,PHK42,74.22187243072435,57.49552638732755,10
Latent Neural ODE (ours),1,train,2018,PHK56,70.8212675297171,52.41910205659085,10
Latent Neural ODE (ours),1,train,2018,PHK74,60.57244598025804,47.865259692161146,10
Latent Neural ODE (ours),1,train,2018,PHKE6,78.63343916886565,68.48762663964057,10
Latent Neural ODE (ours),1,train,2018,PHM10,59.11959644838022,43.42873570265731,10
Latent Neural ODE (ours),1,train,2018,PHN11,75.92287866774916,61.3726763808235,10
Latent Neural ODE (ours),1,train,2018,PHN29,74.43120467563462,52.28714671410814,9
Latent Neural ODE (ours),1,train,2018,PHN66,53.83636195148944,39.640011559833525,10
Latent Neural ODE (ours),1,train,2018,PHP02,68.62859984084791,54.681685144451194,10
Latent Neural ODE (ours),1,train,2018,PHP55,60.504939255574456,45.483221264257864,10
Latent Neural ODE (ours),1,train,2018,PHP76,72.63521597131555,61.553747276902655,10
Latent Neural ODE (ours),1,train,2018,PHP85,74.1141414201187,64.76679829978032,10
Latent Neural ODE (ours),1,train,2018,PHPR5,57.90356005348873,42.08158722383376,10
Latent Neural ODE (ours),1,train,2018,PHR03,81.50308262429478,66.68042873306217,10
Latent Neural ODE (ours),1,train,2018,PHR30,56.73168649586456,48.51171460943073,10
Latent Neural ODE (ours),1,train,2018,PHR31,59.28193044888826,44.894428566428935,10
Latent Neural ODE (ours),1,train,2018,PHR36,46.78155546289804,38.670430401161916,9
Latent Neural ODE (ours),1,train,2018,PHR47,52.03673531210903,36.53576721593982,10
Latent Neural ODE (ours),1,train,2018,PHR58,74.73814818095269,63.71996346830939,10
Latent Neural ODE (ours),1,train,2018,PHR63,33.99923140950289,30.76523745775983,8
Latent Neural ODE (ours),1,train,2018,PHT10,60.98388978454892,47.22881029383418,10
Latent Neural ODE (ours),1,train,2018,PHT47,90.5122925940461,82.32511467918482,10
Latent Neural ODE (ours),1,train,2018,PHT55,68.899053214203,57.09621310944767,9
Latent Neural ODE (ours),1,train,2018,PHTM9,86.55801658688601,73.06136014514762,10
Latent Neural ODE (ours),1,train,2018,PHV37,65.88743985722444,54.247382415871925,10
Latent Neural ODE (ours),1,train,2018,PHV57,69.53253032298895,59.7215481165196,10
Latent Neural ODE (ours),1,train,2018,PHV63,65.85285510518418,44.81592287338507,10
Latent Neural ODE (ours),1,train,2018,PHVA9,64.37072173570716,45.65428403494205,10
Latent Neural ODE (ours),1,train,2018,PHW03,56.75765653851829,49.75478125576025,10
Latent Neural ODE (ours),1,train,2018,PHW17,68.62772684046145,59.88422332355485,10
Latent Neural ODE (ours),1,train,2018,PHW20,44.30546202094143,32.763467632573395,8
Latent Neural ODE (ours),1,train,2018,PHW30,79.9156357726224,65.75176719288655,10
Latent Neural ODE (ours),1,train,2018,PHW52,41.41933088945824,32.22620178256736,9
Latent Neural ODE (ours),1,train,2018,PHW53,65.06552393014668,59.474071982412184,10
Latent Neural ODE (ours),1,train,2018,PHW79,110.61336372816372,104.05557357267277,9
Latent Neural ODE (ours),1,train,2018,PHW80,109.79675451688381,97.47165170619374,10
Latent Neural ODE (ours),1,train,2018,PHW86,75.14856954332741,64.16657305034941,10
Latent Neural ODE (ours),1,train,2018,PHZ51,59.37840377382154,45.56783159450224,10
Latent Neural ODE (ours),1,train,2018,Pa392,70.2713400788375,57.19755349708477,10
Latent Neural ODE (ours),1,train,2018,Pa405,79.01728117191234,64.68352084410431,10
Latent Neural ODE (ours),1,train,2018,Pa762,104.68863430870422,95.97815418621624,10
Latent Neural ODE (ours),1,train,2018,Pa875,62.48193109259904,50.20372573039234,10
Latent Neural ODE (ours),1,train,2018,Pa880,80.16878835456443,67.17782829712647,10
Latent Neural ODE (ours),1,train,2018,Pa91,79.24201542147345,66.36350937781415,10
Latent Neural ODE (ours),1,train,2018,Q381,83.78172963766463,73.65096507868881,10
Latent Neural ODE (ours),1,train,2018,R168,58.363199848694286,44.57989655862643,10
Latent Neural ODE (ours),1,train,2018,R181B,62.95033641901966,43.68335188715963,10
Latent Neural ODE (ours),1,train,2018,R226,65.48015955312749,50.578428993824915,10
Latent Neural ODE (ours),1,train,2018,R227,71.75184648221264,57.227756741061924,10
Latent Neural ODE (ours),1,train,2018,R71,78.61677433114156,74.08552291379146,10
Latent Neural ODE (ours),1,train,2018,R78,66.48445776063043,59.332820836240195,10
Latent Neural ODE (ours),1,train,2018,S8326,81.39991408166645,68.31747726760034,10
Latent Neural ODE (ours),1,train,2018,SD101,66.74574441282387,56.76559201432515,10
Latent Neural ODE (ours),1,train,2018,SD102,87.50400073676157,74.09303894493726,10
Latent Neural ODE (ours),1,train,2018,SD107,69.97488394502848,51.10657997137535,10
Latent Neural ODE (ours),1,train,2018,SD40,47.402585859023,34.62089725166425,10
Latent Neural ODE (ours),1,train,2018,SD44,81.27918888579154,68.64570276151156,10
Latent Neural ODE (ours),1,train,2018,SG 30A,73.76655877458225,69.05885836478936,10
Latent Neural ODE (ours),1,train,2018,Seagull Seventeen,77.13105709074169,64.01440591884973,10
Latent Neural ODE (ours),1,train,2018,T242,104.59911276510688,87.42416203886384,10
Latent Neural ODE (ours),1,train,2018,TZU-CHIAO-HSI-WU 105,89.91017765727803,82.97003602505542,10
Latent Neural ODE (ours),1,train,2018,Tr,65.33237060331689,54.830798979931004,10
Latent Neural ODE (ours),1,train,2018,Va26,67.0633090167458,53.90615707798249,10
Latent Neural ODE (ours),1,train,2018,Va35,60.88635657177441,55.0281556418801,10
Latent Neural ODE (ours),1,train,2018,Va52,77.63023894978066,68.20965631631292,10
Latent Neural ODE (ours),1,train,2018,Va59,68.28535335561249,64.60695551002902,9
Latent Neural ODE (ours),1,train,2018,Va99,64.79613073403165,48.62290749553732,10
Latent Neural ODE (ours),1,train,2018,VaW6,140.4358843690526,132.64612310868657,10
Latent Neural ODE (ours),1,train,2018,W117Ht,121.91530036212546,106.23618590629981,10
Latent Neural ODE (ours),1,train,2018,W153R,103.91210768647662,94.29895931724572,10
Latent Neural ODE (ours),1,train,2018,W22,61.325251994479295,50.51975775151987,10
Latent Neural ODE (ours),1,train,2018,W23,56.65446168884909,46.50400053195025,10
Latent Neural ODE (ours),1,train,2018,W24,76.04889189202893,60.392623093938255,10
Latent Neural ODE (ours),1,train,2018,W32,84.09707285117027,77.56599659896625,10
Latent Neural ODE (ours),1,train,2018,W37A,92.79028153076705,75.72487897317205,10
Latent Neural ODE (ours),1,train,2018,W552,96.5570844178429,80.30548618222493,10
Latent Neural ODE (ours),1,train,2018,W603S,100.10116008225093,90.60744998240429,10
Latent Neural ODE (ours),1,train,2018,W604S,94.11225475917588,80.05911225165327,10
Latent Neural ODE (ours),1,train,2018,W605S,52.337581485731484,42.99961720779392,10
Latent Neural ODE (ours),1,train,2018,W607S,67.38049572737356,49.86843104900936,10
Latent Neural ODE (ours),1,train,2018,W610S,63.38476767691521,46.85184104589343,10
Latent Neural ODE (ours),1,train,2018,W612S,128.10209472488964,113.70340308675641,10
Latent Neural ODE (ours),1,train,2018,W614S,95.66352042165597,84.22233537720702,10
Latent Neural ODE (ours),1,train,2018,W64A,94.94710742129827,80.59804221287996,10
Latent Neural ODE (ours),1,train,2018,W701BC,119.14754427887371,103.25559231330621,10
Latent Neural ODE (ours),1,train,2018,W809G,77.25794593651554,68.69964394442198,10
Latent Neural ODE (ours),1,train,2018,W810G,58.62468248841156,46.27142255364516,10
Latent Neural ODE (ours),1,train,2018,W812G,127.7052877323672,123.49663300194226,9
Latent Neural ODE (ours),1,train,2018,W813G,57.52193377666086,42.13671531998116,10
Latent Neural ODE (ours),1,train,2018,W814G,282.9847724466118,265.7080300205835,8
Latent Neural ODE (ours),1,train,2018,W8304,66.52059800349845,48.400071784487935,10
Latent Neural ODE (ours),1,train,2018,W9,74.4875950485258,60.47680026438341,10
Latent Neural ODE (ours),1,train,2018,WIL900,64.93304741181235,46.66527933214121,10
Latent Neural ODE (ours),1,train,2018,WR3,72.28468363082459,58.150300448871995,10
Latent Neural ODE (ours),1,train,2018,WU-TAN-TZAO,145.98111573678918,135.4211852458552,9
Latent Neural ODE (ours),1,train,2018,YE 4,79.40772204132062,71.3384925380897,10
Latent Neural ODE (ours),1,train,2018,YING-55,45.36069106175059,37.661407319571104,10
Latent Neural ODE (ours),1,train,2018,Yu796 NS,70.34883245935129,59.56289857513252,10
Latent Neural ODE (ours),1,train,2018,ZS635,58.990759887673526,40.31155423254499,10
Latent Neural ODE (ours),1,train,2019,1538,54.85203012970788,47.68315332419451,17
Latent Neural ODE (ours),1,train,2019,2369,54.86635206779244,50.74066140590513,16
Latent Neural ODE (ours),1,train,2019,29MIBZ2,42.4905526912156,38.154894917283926,17
Latent Neural ODE (ours),1,train,2019,2FACC,53.01582335146792,42.899697334239754,17
Latent Neural ODE (ours),1,train,2019,2FADB,56.767878937970444,50.56019505560181,17
Latent Neural ODE (ours),1,train,2019,2MA22,54.01040938264254,45.651253324233,17
Latent Neural ODE (ours),1,train,2019,2MCDB,73.94702187208024,57.037805331780724,17
Latent Neural ODE (ours),1,train,2019,3IJI1,63.61249577323064,52.98284528409156,17
Latent Neural ODE (ours),1,train,2019,4226,68.8901276930057,55.88547609909627,17
Latent Neural ODE (ours),1,train,2019,4F-306 108,44.39225524056898,39.86493754459838,17
Latent Neural ODE (ours),1,train,2019,4N506,77.3830869202279,63.479842271230794,17
Latent Neural ODE (ours),1,train,2019,6F629,72.85526028279158,59.04397022837771,16
Latent Neural ODE (ours),1,train,2019,6M502,41.803032785283335,36.57291070226233,17
Latent Neural ODE (ours),1,train,2019,6M502A,62.8315904882131,52.34432169260839,17
Latent Neural ODE (ours),1,train,2019,764,47.574708855780116,40.54652405220993,17
Latent Neural ODE (ours),1,train,2019,78010,59.11011766815718,46.48600923171195,17
Latent Neural ODE (ours),1,train,2019,78551S,74.44857209621222,59.06977402393032,15
Latent Neural ODE (ours),1,train,2019,790,41.26543962684833,37.087657598552966,17
Latent Neural ODE (ours),1,train,2019,793,61.46495673988754,54.45483368329249,17
Latent Neural ODE (ours),1,train,2019,87916W,54.22592841991968,48.04249386523303,17
Latent Neural ODE (ours),1,train,2019,911,45.63477384382645,37.670754904540765,17
Latent Neural ODE (ours),1,train,2019,912,58.034133152051574,48.53947118712414,17
Latent Neural ODE (ours),1,train,2019,91IFC2,50.46147207864546,44.19004698425621,17
Latent Neural ODE (ours),1,train,2019,A,64.3583838209207,56.920764234155044,17
Latent Neural ODE (ours),1,train,2019,A208,33.76978734904324,28.803421814485237,17
Latent Neural ODE (ours),1,train,2019,A239,49.92638839571645,43.50498515619248,17
Latent Neural ODE (ours),1,train,2019,A258,54.55047885116273,47.588911605746944,16
Latent Neural ODE (ours),1,train,2019,A272,71.5722290874445,59.03443969632437,17
Latent Neural ODE (ours),1,train,2019,A305,62.07225437008996,53.715771066190925,17
Latent Neural ODE (ours),1,train,2019,A321,57.92288065347064,43.39064154937511,17
Latent Neural ODE (ours),1,train,2019,A322,47.405695404893514,42.26797918919525,16
Latent Neural ODE (ours),1,train,2019,A334,47.55679672258883,43.5932853495994,17
Latent Neural ODE (ours),1,train,2019,A340,49.941673504097025,43.095005788050926,17
Latent Neural ODE (ours),1,train,2019,A374,53.33365977463634,42.680890429929526,16
Latent Neural ODE (ours),1,train,2019,A385,49.49491178922183,41.73196302282739,17
Latent Neural ODE (ours),1,train,2019,A427,29.91112662351507,27.102358879282455,17
Latent Neural ODE (ours),1,train,2019,A548,54.55452644368406,44.95088361123873,17
Latent Neural ODE (ours),1,train,2019,A556,60.38529652960847,53.15643476626959,17
Latent Neural ODE (ours),1,train,2019,A572,45.36523060869145,39.016080401277044,17
Latent Neural ODE (ours),1,train,2019,A619,41.64363382514954,39.61902916732118,17
Latent Neural ODE (ours),1,train,2019,A627,47.25596074703357,41.79981849854702,17
Latent Neural ODE (ours),1,train,2019,A632,65.75986992580577,57.41306972996702,17
Latent Neural ODE (ours),1,train,2019,A634,50.183709146142014,43.36999777751509,17
Latent Neural ODE (ours),1,train,2019,A635,56.71369366956843,45.572630831639586,17
Latent Neural ODE (ours),1,train,2019,A641,60.96624324850407,37.47078756539139,17
Latent Neural ODE (ours),1,train,2019,A648,55.030065706798446,44.932675419967545,17
Latent Neural ODE (ours),1,train,2019,A649,63.079188924109744,53.789346385852795,16
Latent Neural ODE (ours),1,train,2019,A659,54.37921096766871,47.61265188600299,17
Latent Neural ODE (ours),1,train,2019,A663,54.10064069133835,47.84115084856839,16
Latent Neural ODE (ours),1,train,2019,A672,61.53596698635651,53.22741565429926,17
Latent Neural ODE (ours),1,train,2019,A674,35.08885385235249,29.717202906803497,17
Latent Neural ODE (ours),1,train,2019,A679,53.816513238618064,44.90525953152102,17
Latent Neural ODE (ours),1,train,2019,A680,67.2200756976417,56.40451683038323,16
Latent Neural ODE (ours),1,train,2019,A682,47.91054840213991,44.576926367530874,17
Latent Neural ODE (ours),1,train,2019,A71,60.55849065250757,53.574039881546724,16
Latent Neural ODE (ours),1,train,2019,A73,47.65308606369376,42.153332332154555,16
Latent Neural ODE (ours),1,train,2019,AQA3,53.94913823925419,44.78292892805298,16
Latent Neural ODE (ours),1,train,2019,AS6103,57.20158385453538,49.65984433186099,17
Latent Neural ODE (ours),1,train,2019,AusTRCF 306238,79.71518434730149,66.65091707328908,15
Latent Neural ODE (ours),1,train,2019,B-18 INBR.FR.SUPERGOLD,47.820696023618716,41.01477588428152,17
Latent Neural ODE (ours),1,train,2019,B-28,54.27471061657256,46.153889289465155,17
Latent Neural ODE (ours),1,train,2019,B103,46.29506031242391,38.723282351310296,17
Latent Neural ODE (ours),1,train,2019,B104,68.42741936296619,59.72564925429525,17
Latent Neural ODE (ours),1,train,2019,B105,54.948273687079805,45.45270694480484,17
Latent Neural ODE (ours),1,train,2019,B107,65.30641194458052,54.828888759548306,17
Latent Neural ODE (ours),1,train,2019,B108,62.70467872039503,54.30970289359296,17
Latent Neural ODE (ours),1,train,2019,B110,68.60695949687815,55.898462458561504,17
Latent Neural ODE (ours),1,train,2019,B111,65.60834201094762,49.2542843119995,17
Latent Neural ODE (ours),1,train,2019,B114,49.817982410301525,41.20208925326839,17
Latent Neural ODE (ours),1,train,2019,B115,89.04091554840946,73.34966652878666,17
Latent Neural ODE (ours),1,train,2019,B119,65.99894615454453,57.18019979066902,17
Latent Neural ODE (ours),1,train,2019,B120,72.02897541901152,58.318111066442086,17
Latent Neural ODE (ours),1,train,2019,B121,45.30267219035835,38.526844180061225,17
Latent Neural ODE (ours),1,train,2019,B14,71.24224984687038,61.36238646882795,15
Latent Neural ODE (ours),1,train,2019,B14A,63.95258893774838,53.75046177754417,17
Latent Neural ODE (ours),1,train,2019,B164,68.59980617803937,57.42246487969745,17
Latent Neural ODE (ours),1,train,2019,B2,88.83420331138049,74.46663035566007,17
Latent Neural ODE (ours),1,train,2019,B37,67.79999375305414,57.07924067150122,17
Latent Neural ODE (ours),1,train,2019,B46,70.65433687548428,57.94453176964751,16
Latent Neural ODE (ours),1,train,2019,B57,58.11355955289677,48.56513862206704,17
Latent Neural ODE (ours),1,train,2019,B65,43.312905135713855,38.0209694770352,17
Latent Neural ODE (ours),1,train,2019,B66,67.13379276232337,59.10467287112263,17
Latent Neural ODE (ours),1,train,2019,B68,69.12888634344978,57.173573801489496,17
Latent Neural ODE (ours),1,train,2019,B70,82.1480262470979,70.03445436677112,17
Latent Neural ODE (ours),1,train,2019,B75,74.08142935601965,59.35904015105551,16
Latent Neural ODE (ours),1,train,2019,B76,49.77098938462604,43.39738518558863,17
Latent Neural ODE (ours),1,train,2019,B77,65.13038988315778,55.725992452008114,17
Latent Neural ODE (ours),1,train,2019,B79,73.18436430619855,61.53953297750556,17
Latent Neural ODE (ours),1,train,2019,B84,55.68891659445871,48.742564261807296,17
Latent Neural ODE (ours),1,train,2019,B85,48.79620942709893,41.55825719245264,17
Latent Neural ODE (ours),1,train,2019,B87,48.965525866507576,42.95802606586566,17
Latent Neural ODE (ours),1,train,2019,B88,55.68594044721254,46.784846198039745,17
Latent Neural ODE (ours),1,train,2019,B91,52.835218522986565,46.78884275580793,17
Latent Neural ODE (ours),1,train,2019,B97,78.9439289784448,62.340938704681456,17
Latent Neural ODE (ours),1,train,2019,BEI 10 = NORTH 10,47.5948843844044,40.070428655569835,17
Latent Neural ODE (ours),1,train,2019,BO9,63.20449814209386,48.183451232573304,17
Latent Neural ODE (ours),1,train,2019,C103,59.61754908614339,49.888667018731155,17
Latent Neural ODE (ours),1,train,2019,C123,54.872634349418114,39.509230802842794,17
Latent Neural ODE (ours),1,train,2019,CA-4,47.08968763468575,38.984635927650274,17
Latent Neural ODE (ours),1,train,2019,CG102,78.88115662216569,65.1448625046066,17
Latent Neural ODE (ours),1,train,2019,CH157,39.70747016013454,35.62395577706566,16
Latent Neural ODE (ours),1,train,2019,CH701-30,43.22344826644137,38.75039108698574,17
Latent Neural ODE (ours),1,train,2019,CH711-10,68.48758283841143,53.455646332380894,16
Latent Neural ODE (ours),1,train,2019,CH9,50.914556243404654,42.845930310648065,17
Latent Neural ODE (ours),1,train,2019,CI 40H,58.37477034784157,50.07527405417989,17
Latent Neural ODE (ours),1,train,2019,CM105,38.19703484273401,32.84123121616996,17
Latent Neural ODE (ours),1,train,2019,CO257,45.06865815568091,36.976658250759996,16
Latent Neural ODE (ours),1,train,2019,CO258,66.24039050823026,53.11163118488878,16
Latent Neural ODE (ours),1,train,2019,CQ702RC,52.426377075396715,44.8683578057815,17
Latent Neural ODE (ours),1,train,2019,CR 22 INBRED,54.499576522963785,46.12997090656067,17
Latent Neural ODE (ours),1,train,2019,CS405,62.59501818754206,54.568237740624674,17
Latent Neural ODE (ours),1,train,2019,DE2,62.63276400262901,54.05826681078394,17
Latent Neural ODE (ours),1,train,2019,DE4,53.06920228739293,44.952714979775095,17
Latent Neural ODE (ours),1,train,2019,DE811,89.79191126259987,72.57651683658936,16
Latent Neural ODE (ours),1,train,2019,DJ7,80.44779385483768,69.1512953164829,17
Latent Neural ODE (ours),1,train,2019,DK3IIH6,35.748350767335005,28.07231607180823,17
Latent Neural ODE (ours),1,train,2019,DK4676A,46.46747245221576,38.740294106390564,17
Latent Neural ODE (ours),1,train,2019,DK78002A,61.196479531362904,52.568226186718945,17
Latent Neural ODE (ours),1,train,2019,DK78010,43.83867129018868,39.00875845545474,17
Latent Neural ODE (ours),1,train,2019,DKFAPW,45.20708195689004,39.485054439100516,17
Latent Neural ODE (ours),1,train,2019,DKFBHJ,64.26852378825791,50.74581399511774,17
Latent Neural ODE (ours),1,train,2019,DKMBNA,63.33375337705095,54.227456822848815,17
Latent Neural ODE (ours),1,train,2019,DKPB80,52.251653237246394,42.59652716409472,17
Latent Neural ODE (ours),1,train,2019,E8501,57.37259719554046,48.5023425558806,17
Latent Neural ODE (ours),1,train,2019,EAST 028,30.59719236640968,26.20036080069924,17
Latent Neural ODE (ours),1,train,2019,Eng-Li Chih,66.95344030571219,60.52081597037961,17
Latent Neural ODE (ours),1,train,2019,F118,57.19081702117301,49.16999382802998,17
Latent Neural ODE (ours),1,train,2019,F2834T,47.927330757640725,41.481757286441784,17
Latent Neural ODE (ours),1,train,2019,FBLA,58.80637317788307,49.18853640896026,17
Latent Neural ODE (ours),1,train,2019,FR19,158.27700811042982,123.70712325984026,17
Latent Neural ODE (ours),1,train,2019,G80,47.12486189258337,39.89012618073602,17
Latent Neural ODE (ours),1,train,2019,H110,72.64511982998938,61.946453420480715,17
Latent Neural ODE (ours),1,train,2019,H113,52.20590530584409,46.161704532458934,15
Latent Neural ODE (ours),1,train,2019,H121,50.557168472522996,45.07577966601726,17
Latent Neural ODE (ours),1,train,2019,H122w,65.4934473948882,51.518110148567494,17
Latent Neural ODE (ours),1,train,2019,H42,53.88515244078196,44.76491230505884,16
Latent Neural ODE (ours),1,train,2019,H5,66.11136150946122,55.414826926406725,17
Latent Neural ODE (ours),1,train,2019,H71,55.809801209312724,48.82379451227479,17
Latent Neural ODE (ours),1,train,2019,H84,40.84568791191548,35.895109366801705,17
Latent Neural ODE (ours),1,train,2019,H91,60.358966478251546,52.51399878573613,17
Latent Neural ODE (ours),1,train,2019,H95,44.196630233289895,36.291129370138954,15
Latent Neural ODE (ours),1,train,2019,H96,88.81747277063721,73.61974080112483,15
Latent Neural ODE (ours),1,train,2019,H99,48.25780151339607,41.76452467189357,17
Latent Neural ODE (ours),1,train,2019,HP301,60.74577308378937,51.84597373639083,17
Latent Neural ODE (ours),1,train,2019,HUANYAO,64.80304178792863,55.725265378622616,17
Latent Neural ODE (ours),1,train,2019,I29,55.02319005063557,43.77941202203739,16
Latent Neural ODE (ours),1,train,2019,IA2132,40.23116080653334,36.361490909762026,17
Latent Neural ODE (ours),1,train,2019,IBB14,49.506688774061814,42.777771619235956,17
Latent Neural ODE (ours),1,train,2019,IBB15,55.274510272392966,48.177622424749444,17
Latent Neural ODE (ours),1,train,2019,IBC2,54.699459836040575,45.246239205231596,16
Latent Neural ODE (ours),1,train,2019,ICI 193,67.27441871740054,54.785327922383324,17
Latent Neural ODE (ours),1,train,2019,ICI 740,52.69504206559685,47.96831522191609,17
Latent Neural ODE (ours),1,train,2019,ICI 893,38.292725072071356,31.869396046879714,17
Latent Neural ODE (ours),1,train,2019,ICI 986,54.75020600050138,49.20021357824101,17
Latent Neural ODE (ours),1,train,2019,IDS28,59.651639746521795,52.3872205944888,17
Latent Neural ODE (ours),1,train,2019,IDS69,55.92709845287669,48.26232598296029,16
Latent Neural ODE (ours),1,train,2019,IDS91,68.29596147787161,58.69371151137066,17
Latent Neural ODE (ours),1,train,2019,INB 101LFY/LFY (A632 X M16 S5),58.98711840568955,48.3763466494823,17
Latent Neural ODE (ours),1,train,2019,INBRED 141,80.88208894659579,64.2791664252151,15
Latent Neural ODE (ours),1,train,2019,INBRED 2-687,62.76495745777146,52.84366345610553,17
Latent Neural ODE (ours),1,train,2019,INBRED 305,48.91466564466736,35.977861831742345,16
Latent Neural ODE (ours),1,train,2019,INBRED 309,34.86115138446208,30.662196150298964,17
Latent Neural ODE (ours),1,train,2019,INBRED 321,77.56615671879234,62.52676140312228,15
Latent Neural ODE (ours),1,train,2019,Ia 453,38.195439296002554,33.55840274115592,17
Latent Neural ODE (ours),1,train,2019,J47,82.81169137391412,67.59187186517602,17
Latent Neural ODE (ours),1,train,2019,K150,65.67519599179266,56.261425734879786,17
Latent Neural ODE (ours),1,train,2019,K41,58.60301685721014,52.27531422761276,17
Latent Neural ODE (ours),1,train,2019,K47,72.08832184300196,60.29483250959219,16
Latent Neural ODE (ours),1,train,2019,K55,67.10211467873212,57.78290163248577,17
Latent Neural ODE (ours),1,train,2019,KUNG-70,39.05866397670522,31.29995953075687,17
Latent Neural ODE (ours),1,train,2019,L 127,41.10136055030345,35.9892881574972,17
Latent Neural ODE (ours),1,train,2019,L 135,45.70986482000987,40.03292847029962,17
Latent Neural ODE (ours),1,train,2019,L 139,53.95457593056289,49.331091220679866,17
Latent Neural ODE (ours),1,train,2019,L 155,47.32562846921598,44.103238642690485,17
Latent Neural ODE (ours),1,train,2019,L 289,72.47232355801475,60.52053767604287,17
Latent Neural ODE (ours),1,train,2019,LH1,47.534257536124294,40.51183704061757,17
Latent Neural ODE (ours),1,train,2019,LH119,37.45095177314883,33.91190287658969,16
Latent Neural ODE (ours),1,train,2019,LH128,63.89378636853234,55.52280425390481,17
Latent Neural ODE (ours),1,train,2019,LH143 (Maintainer),50.34874300489965,45.215285862883974,17
Latent Neural ODE (ours),1,train,2019,LH145,70.13951931278727,53.12734579309766,17
Latent Neural ODE (ours),1,train,2019,LH146Ht,58.47460025299518,47.48564710195939,16
Latent Neural ODE (ours),1,train,2019,LH149,52.143140762908864,45.86422909002723,17
Latent Neural ODE (ours),1,train,2019,LH165,51.70368761179749,41.218558764857924,17
Latent Neural ODE (ours),1,train,2019,LH166,43.52385220604173,37.16026440441006,16
Latent Neural ODE (ours),1,train,2019,LH172,49.116758759850875,40.06083187467317,16
Latent Neural ODE (ours),1,train,2019,LH184,74.84737577875548,59.77383339635823,17
Latent Neural ODE (ours),1,train,2019,LH185,67.68421709663303,53.846529876856884,15
Latent Neural ODE (ours),1,train,2019,LH190,42.29305224035525,36.16744561922337,17
Latent Neural ODE (ours),1,train,2019,LH191,43.64565833341486,33.714262339622195,16
Latent Neural ODE (ours),1,train,2019,LH192,39.85779771260513,35.18756428490146,17
Latent Neural ODE (ours),1,train,2019,LH194,40.749254696759785,35.06999514464475,17
Latent Neural ODE (ours),1,train,2019,LH195,35.72660581805644,28.66714879135981,17
Latent Neural ODE (ours),1,train,2019,LH197,62.88604673488401,51.90933057687663,17
Latent Neural ODE (ours),1,train,2019,LH198,56.97455261255765,49.663927211893125,17
Latent Neural ODE (ours),1,train,2019,LH199,50.83374350359658,41.760943898336755,17
Latent Neural ODE (ours),1,train,2019,LH202,69.83651173856556,59.13266976271307,17
Latent Neural ODE (ours),1,train,2019,LH204,52.02540671825096,44.67088340736443,17
Latent Neural ODE (ours),1,train,2019,LH205,87.8960331687685,68.27171603620445,17
Latent Neural ODE (ours),1,train,2019,LH206,35.95002306956538,31.43141403147933,16
Latent Neural ODE (ours),1,train,2019,LH208,57.64943325838267,49.755449792969415,16
Latent Neural ODE (ours),1,train,2019,LH209,49.187145993265396,44.70077844741017,17
Latent Neural ODE (ours),1,train,2019,LH213,89.2724216259973,70.3839430006724,16
Latent Neural ODE (ours),1,train,2019,LH214,61.54923113491882,51.38866954000827,17
Latent Neural ODE (ours),1,train,2019,LH215,80.09343850650703,66.20304049705457,15
Latent Neural ODE (ours),1,train,2019,LH222,50.762413906079544,44.65198566099316,17
Latent Neural ODE (ours),1,train,2019,LH223,47.89385406426364,39.29744159797728,16
Latent Neural ODE (ours),1,train,2019,LH224,62.71834925852209,53.05404398272287,16
Latent Neural ODE (ours),1,train,2019,LH295,44.03131784692231,34.20158817434228,17
Latent Neural ODE (ours),1,train,2019,LH59,33.90514737964299,30.43548338270985,17
Latent Neural ODE (ours),1,train,2019,LH60,64.67873984205022,54.486083666433764,17
Latent Neural ODE (ours),1,train,2019,LH61,45.45371989089241,39.91081931234349,16
Latent Neural ODE (ours),1,train,2019,LH74,53.13303409804573,45.72629301352929,17
Latent Neural ODE (ours),1,train,2019,LH82,31.75418945889515,28.029437385355415,17
Latent Neural ODE (ours),1,train,2019,LH93,58.565981187915845,50.910556439429335,17
Latent Neural ODE (ours),1,train,2019,LIBC 4,46.890575009859965,41.04078332870948,17
Latent Neural ODE (ours),1,train,2019,LP1 NR HT,65.61527693695888,55.18850151449906,17
Latent Neural ODE (ours),1,train,2019,LP5,41.02784167921809,36.04078457580996,16
Latent Neural ODE (ours),1,train,2019,Lp215D,53.69503800745443,45.92940740469695,17
Latent Neural ODE (ours),1,train,2019,M14,67.19340368339705,58.652347316271126,17
Latent Neural ODE (ours),1,train,2019,MBPM,57.2182384739272,50.330156750324875,17
Latent Neural ODE (ours),1,train,2019,MBWZ,71.02112805713223,58.346171630923415,17
Latent Neural ODE (ours),1,train,2019,MEF156-55-2,65.34243293443836,56.5566585989253,16
Latent Neural ODE (ours),1,train,2019,ML606,69.29655710004174,58.38655872156916,17
Latent Neural ODE (ours),1,train,2019,MM501D,52.5581623280728,44.86520041621804,17
Latent Neural ODE (ours),1,train,2019,MQ305,51.19326577053214,43.61388492954876,16
Latent Neural ODE (ours),1,train,2019,MS116,54.322826372859154,50.05795364044651,16
Latent Neural ODE (ours),1,train,2019,MS132,46.393776170785856,41.72973286805533,17
Latent Neural ODE (ours),1,train,2019,MS153,53.5374564369657,46.097192056376414,17
Latent Neural ODE (ours),1,train,2019,MS200,42.0770955865535,35.24332306376001,17
Latent Neural ODE (ours),1,train,2019,MS211,50.90224051677998,44.68826981713599,17
Latent Neural ODE (ours),1,train,2019,MS221,45.11967830180573,40.3484933102978,17
Latent Neural ODE (ours),1,train,2019,MS224,66.16290167280792,52.82813325447498,15
Latent Neural ODE (ours),1,train,2019,MS225,54.31322019041652,47.453494388052775,17
Latent Neural ODE (ours),1,train,2019,MS226,52.34974198194133,41.88588174031239,17
Latent Neural ODE (ours),1,train,2019,MS24A,35.819695662895434,30.67624275664901,17
Latent Neural ODE (ours),1,train,2019,MS67,87.43311812501042,72.2340245590717,16
Latent Neural ODE (ours),1,train,2019,MS71,45.04998097149101,40.30860383618083,17
Latent Neural ODE (ours),1,train,2019,MS72,40.857102832292966,38.17808157178205,17
Latent Neural ODE (ours),1,train,2019,Mo46,63.68511544298647,53.86052615427798,16
Latent Neural ODE (ours),1,train,2019,Mo47,55.1561479448598,49.84019965330966,17
Latent Neural ODE (ours),1,train,2019,Mo5,49.1463511940409,41.550743769476384,16
Latent Neural ODE (ours),1,train,2019,N192,44.17342101954739,38.02164987069783,17
Latent Neural ODE (ours),1,train,2019,N193,38.552882439660536,35.35794561847366,17
Latent Neural ODE (ours),1,train,2019,N201,65.01391661829929,55.15130387376883,17
Latent Neural ODE (ours),1,train,2019,N211,60.88150942048025,51.1274101161071,17
Latent Neural ODE (ours),1,train,2019,N217,88.96488617521743,72.4280235815907,17
Latent Neural ODE (ours),1,train,2019,N28Ht,78.97428333476486,67.09571777114996,17
Latent Neural ODE (ours),1,train,2019,N501,67.42745853936276,55.5550064541369,16
Latent Neural ODE (ours),1,train,2019,N523,74.34899447202797,60.26263066166369,17
Latent Neural ODE (ours),1,train,2019,N527,43.31042248716034,38.187263370256886,17
Latent Neural ODE (ours),1,train,2019,N534,73.12960044419769,61.96079584225284,17
Latent Neural ODE (ours),1,train,2019,N542,62.22196944637879,53.98291457179706,17
Latent Neural ODE (ours),1,train,2019,N6,55.8256729249176,47.873202347810214,17
Latent Neural ODE (ours),1,train,2019,NC262,37.036442559065485,31.42878415542478,16
Latent Neural ODE (ours),1,train,2019,NC294,43.783988967431505,38.15198571489742,17
Latent Neural ODE (ours),1,train,2019,NC310,44.428621143778706,37.87366724203055,17
Latent Neural ODE (ours),1,train,2019,NC326,48.54478584946058,43.94978127423301,17
Latent Neural ODE (ours),1,train,2019,NC328,67.15319082666379,57.351712298057585,17
Latent Neural ODE (ours),1,train,2019,NC368,73.16472055472724,58.46864001838658,16
Latent Neural ODE (ours),1,train,2019,NC412,50.85927349442148,46.52805089263215,15
Latent Neural ODE (ours),1,train,2019,ND247,44.02106110037298,37.68242393304995,15
Latent Neural ODE (ours),1,train,2019,ND265,47.72441750732376,41.463046574512205,17
Latent Neural ODE (ours),1,train,2019,NK740,59.791462751348355,52.909011219000234,17
Latent Neural ODE (ours),1,train,2019,NK778,64.97525808509782,45.24109371529077,16
Latent Neural ODE (ours),1,train,2019,NK807,48.47630466547586,44.173204937832814,17
Latent Neural ODE (ours),1,train,2019,NKS8326,71.61243331679903,60.53768468238789,17
Latent Neural ODE (ours),1,train,2019,NORTH 7,39.27314172258726,35.57575237773605,17
Latent Neural ODE (ours),1,train,2019,NQ508,65.08450128314081,53.91702020703791,17
Latent Neural ODE (ours),1,train,2019,NS501,55.62592309650896,45.140456522343584,17
Latent Neural ODE (ours),1,train,2019,NS701,76.3411602170507,62.18783849046425,17
Latent Neural ODE (ours),1,train,2019,NY 166 (Neveh Yaar),43.24427034479225,37.02425172753257,17
Latent Neural ODE (ours),1,train,2019,NY6371,65.31574568600313,57.77585047367478,17
Latent Neural ODE (ours),1,train,2019,Ny821,44.01265700737863,37.37885850247197,17
Latent Neural ODE (ours),1,train,2019,OH33,90.1483323429356,74.56741894295176,17
Latent Neural ODE (ours),1,train,2019,OQ403,66.82069082637008,54.207152226680115,17
Latent Neural ODE (ours),1,train,2019,OQ603,48.584156776757794,41.986553070937155,17
Latent Neural ODE (ours),1,train,2019,OS602,49.68649749923685,42.37349026540869,17
Latent Neural ODE (ours),1,train,2019,Oh40B,42.9127585948815,38.57590034769796,17
Latent Neural ODE (ours),1,train,2019,Oh43,56.228176036123685,44.62257995924249,17
Latent Neural ODE (ours),1,train,2019,Oh7,118.96030216596895,97.84443176244909,15
Latent Neural ODE (ours),1,train,2019,Os420,81.85444235150742,70.33608534280893,17
Latent Neural ODE (ours),1,train,2019,Os426,77.99748421489852,64.9109005208548,17
Latent Neural ODE (ours),1,train,2019,PHB09,46.08628016897982,41.631838423581165,17
Latent Neural ODE (ours),1,train,2019,PHB47,57.5105496960625,49.76103192586178,17
Latent Neural ODE (ours),1,train,2019,PHBA6,95.21580429137553,74.86246112703576,17
Latent Neural ODE (ours),1,train,2019,PHBB3,55.89108951973433,44.95902939319314,17
Latent Neural ODE (ours),1,train,2019,PHBW8,40.7681065106987,34.99622036883296,15
Latent Neural ODE (ours),1,train,2019,PHG29,68.78382827847368,56.568477799308845,17
Latent Neural ODE (ours),1,train,2019,PHG47,38.30644601986281,32.91391609862299,17
Latent Neural ODE (ours),1,train,2019,PHG50,65.38592906420612,51.00148345501594,17
Latent Neural ODE (ours),1,train,2019,PHG71,51.83878890433902,43.656311620717446,17
Latent Neural ODE (ours),1,train,2019,PHG72,34.34323397576095,30.500562845188878,17
Latent Neural ODE (ours),1,train,2019,PHG80,93.39098139472904,78.31811346764255,17
Latent Neural ODE (ours),1,train,2019,PHG83,60.05130411603748,50.80328568690461,17
Latent Neural ODE (ours),1,train,2019,PHG86,78.32627116647414,60.29595354221669,16
Latent Neural ODE (ours),1,train,2019,PHGW7,60.32417521232213,51.39392482865384,17
Latent Neural ODE (ours),1,train,2019,PHH93,56.04995753120366,47.6992546528669,17
Latent Neural ODE (ours),1,train,2019,PHHV4,55.12725326169835,47.665200881327486,17
Latent Neural ODE (ours),1,train,2019,PHJ70,74.72600473791069,61.28568403372393,17
Latent Neural ODE (ours),1,train,2019,PHJ89,37.31293040951781,32.911446790468936,17
Latent Neural ODE (ours),1,train,2019,PHJ90,63.0993888612874,54.79908006450634,16
Latent Neural ODE (ours),1,train,2019,PHJR5,85.66375829204226,71.24503263165242,17
Latent Neural ODE (ours),1,train,2019,PHK35,63.7763399553038,53.691014959949875,17
Latent Neural ODE (ours),1,train,2019,PHK42,48.724433718778506,45.926108659862194,17
Latent Neural ODE (ours),1,train,2019,PHK56,66.84264191725063,56.79791914129843,17
Latent Neural ODE (ours),1,train,2019,PHK74,61.02142531029051,51.274015490350195,17
Latent Neural ODE (ours),1,train,2019,PHKE6,52.13220582411099,45.046940760596804,17
Latent Neural ODE (ours),1,train,2019,PHM10,73.30193646607313,60.348282519889366,16
Latent Neural ODE (ours),1,train,2019,PHN11,47.85069215755347,42.17942191799315,17
Latent Neural ODE (ours),1,train,2019,PHN29,77.60835807661763,65.14668850130278,17
Latent Neural ODE (ours),1,train,2019,PHN66,56.86146265277033,49.56663676793486,16
Latent Neural ODE (ours),1,train,2019,PHP02,60.377760520772156,48.54029057616911,17
Latent Neural ODE (ours),1,train,2019,PHP55,73.65391770662897,61.66524659259761,17
Latent Neural ODE (ours),1,train,2019,PHP76,51.897357223998185,47.05021657377775,17
Latent Neural ODE (ours),1,train,2019,PHP85,38.15677491919222,31.159688554405086,17
Latent Neural ODE (ours),1,train,2019,PHPR5,62.16536532968952,49.16829347282153,16
Latent Neural ODE (ours),1,train,2019,PHR03,85.36511304253341,69.03558405013924,17
Latent Neural ODE (ours),1,train,2019,PHR30,56.45508869655721,47.75361500970182,17
Latent Neural ODE (ours),1,train,2019,PHR31,64.13833791080576,53.41952612224317,17
Latent Neural ODE (ours),1,train,2019,PHR36,65.83259034178138,53.0295485148851,17
Latent Neural ODE (ours),1,train,2019,PHR47,69.78575328814453,59.891942697212166,17
Latent Neural ODE (ours),1,train,2019,PHR58,61.56040391235815,49.3758723064739,16
Latent Neural ODE (ours),1,train,2019,PHR63,61.944255758566904,51.206346151082926,17
Latent Neural ODE (ours),1,train,2019,PHT10,69.29840317643637,57.351820875783204,17
Latent Neural ODE (ours),1,train,2019,PHT47,60.71166285001581,52.56873379829173,17
Latent Neural ODE (ours),1,train,2019,PHT55,89.22652987614843,75.35446499869767,17
Latent Neural ODE (ours),1,train,2019,PHTM9,51.99459270520442,43.58769973685809,17
Latent Neural ODE (ours),1,train,2019,PHV37,35.43603339567336,30.72754470337934,17
Latent Neural ODE (ours),1,train,2019,PHV57,44.70035419088428,40.661948621803106,17
Latent Neural ODE (ours),1,train,2019,PHV63,82.460380986156,69.23719943923986,17
Latent Neural ODE (ours),1,train,2019,PHVA9,64.31023672629156,55.83162608878992,17
Latent Neural ODE (ours),1,train,2019,PHW03,46.77828776830894,40.67702514515885,17
Latent Neural ODE (ours),1,train,2019,PHW17,67.09954235126618,56.005130769933075,17
Latent Neural ODE (ours),1,train,2019,PHW20,70.60906669353756,57.395111580245036,17
Latent Neural ODE (ours),1,train,2019,PHW30,65.61205249175346,55.179151485281594,15
Latent Neural ODE (ours),1,train,2019,PHW52,49.12568151188944,43.060147892723364,17
Latent Neural ODE (ours),1,train,2019,PHW53,48.561317430590584,42.78860765104744,16
Latent Neural ODE (ours),1,train,2019,PHW79,83.39750882717833,58.811571461117744,15
Latent Neural ODE (ours),1,train,2019,PHW80,48.95186977774243,36.42426974832858,17
Latent Neural ODE (ours),1,train,2019,PHW86,41.707202814433515,36.75591674517064,17
Latent Neural ODE (ours),1,train,2019,PHZ51,80.3417834845241,66.44597303267871,17
Latent Neural ODE (ours),1,train,2019,Pa392,61.36876835806136,53.09364029130973,17
Latent Neural ODE (ours),1,train,2019,Pa405,51.44853485571822,42.92165208973623,17
Latent Neural ODE (ours),1,train,2019,Pa762,58.966541166361736,51.86979367136828,17
Latent Neural ODE (ours),1,train,2019,Pa875,72.52937082658065,59.377270555256466,17
Latent Neural ODE (ours),1,train,2019,Pa880,80.25504818709186,64.10777949778257,17
Latent Neural ODE (ours),1,train,2019,Pa91,61.65866347399181,51.7592087109248,17
Latent Neural ODE (ours),1,train,2019,Q381,52.22556638530356,45.72953249893013,17
Latent Neural ODE (ours),1,train,2019,R168,51.16644326423188,44.122849374233915,17
Latent Neural ODE (ours),1,train,2019,R181B,72.36724305784885,59.97196598238625,17
Latent Neural ODE (ours),1,train,2019,R226,69.29877171062441,58.46717364020762,17
Latent Neural ODE (ours),1,train,2019,R227,62.66131502684595,52.83326786767466,17
Latent Neural ODE (ours),1,train,2019,R71,48.499996695527656,43.222099658756726,17
Latent Neural ODE (ours),1,train,2019,R78,60.671647523849344,51.792246815125786,16
Latent Neural ODE (ours),1,train,2019,S8326,67.10946560704006,58.79712882613405,15
Latent Neural ODE (ours),1,train,2019,SD101,46.96890521421249,39.68213947212183,17
Latent Neural ODE (ours),1,train,2019,SD102,43.274640801454936,36.898779063392006,17
Latent Neural ODE (ours),1,train,2019,SD107,74.51105504412459,62.27235990741423,17
Latent Neural ODE (ours),1,train,2019,SD40,50.932842921358336,45.05895266166346,17
Latent Neural ODE (ours),1,train,2019,SD44,41.0873182654457,36.32222028260253,17
Latent Neural ODE (ours),1,train,2019,SG 30A,56.953946428782025,46.78816423373619,17
Latent Neural ODE (ours),1,train,2019,Seagull Seventeen,66.00051456445233,55.6569540645409,16
Latent Neural ODE (ours),1,train,2019,T242,36.40728781077046,31.904323653428257,15
Latent Neural ODE (ours),1,train,2019,TZU-CHIAO-HSI-WU 105,50.324345736252035,47.26107008950147,17
Latent Neural ODE (ours),1,train,2019,Tr,51.77038553758254,45.99079429619574,17
Latent Neural ODE (ours),1,train,2019,Va26,89.11336092530644,71.97532982469673,16
Latent Neural ODE (ours),1,train,2019,Va35,44.81275467455587,39.437765989065355,17
Latent Neural ODE (ours),1,train,2019,Va52,37.20146768743997,31.762234256973283,16
Latent Neural ODE (ours),1,train,2019,Va59,68.10128548379532,54.555240624377916,17
Latent Neural ODE (ours),1,train,2019,Va99,53.390766750150064,46.39317209946621,17
Latent Neural ODE (ours),1,train,2019,VaW6,42.76858000725089,37.36565236919982,17
Latent Neural ODE (ours),1,train,2019,W117Ht,42.89388655196819,37.410175146604274,16
Latent Neural ODE (ours),1,train,2019,W153R,63.29243213238157,49.16792381181547,17
Latent Neural ODE (ours),1,train,2019,W22,62.451579580204786,54.52453291411136,17
Latent Neural ODE (ours),1,train,2019,W23,62.770480699030294,54.03773745975633,17
Latent Neural ODE (ours),1,train,2019,W24,71.12681548185756,63.65340087948163,16
Latent Neural ODE (ours),1,train,2019,W32,38.3738518811931,32.514754456613296,17
Latent Neural ODE (ours),1,train,2019,W37A,61.26524831005205,52.069226318259844,15
Latent Neural ODE (ours),1,train,2019,W552,43.315306936123775,38.152418266691626,17
Latent Neural ODE (ours),1,train,2019,W603S,60.28253339235888,53.68443371204598,15
Latent Neural ODE (ours),1,train,2019,W604S,38.847701332177095,34.821082832161906,17
Latent Neural ODE (ours),1,train,2019,W605S,61.57079418703797,51.34616183375236,17
Latent Neural ODE (ours),1,train,2019,W607S,58.15895439186823,51.38359332377598,17
Latent Neural ODE (ours),1,train,2019,W610S,66.16245763629702,52.43587934140257,16
Latent Neural ODE (ours),1,train,2019,W612S,41.281977153635616,34.801211052991846,17
Latent Neural ODE (ours),1,train,2019,W614S,45.76137192163437,39.899509139671984,17
Latent Neural ODE (ours),1,train,2019,W64A,45.82764137162226,38.52034614869711,17
Latent Neural ODE (ours),1,train,2019,W701BC,44.222820683165736,38.18266590641439,17
Latent Neural ODE (ours),1,train,2019,W809G,92.46878906070329,75.64561564927814,17
Latent Neural ODE (ours),1,train,2019,W810G,53.34275442832759,45.55938914113494,17
Latent Neural ODE (ours),1,train,2019,W812G,49.18286462806919,41.31462979823875,17
Latent Neural ODE (ours),1,train,2019,W813G,59.97802490255747,51.284618364865615,17
Latent Neural ODE (ours),1,train,2019,W814G,102.4705142520203,83.25631467785712,17
Latent Neural ODE (ours),1,train,2019,W8304,61.68156356301666,50.86197295227363,17
Latent Neural ODE (ours),1,train,2019,W9,62.69802715237487,53.27774002006876,17
Latent Neural ODE (ours),1,train,2019,WIL900,80.02271574255865,65.53551798796322,17
Latent Neural ODE (ours),1,train,2019,WR3,71.95641842328084,60.837305095167615,17
Latent Neural ODE (ours),1,train,2019,WU-TAN-TZAO,43.64254545496877,36.707416212023546,16
Latent Neural ODE (ours),1,train,2019,YE 4,50.83631624026995,40.89250029108102,17
Latent Neural ODE (ours),1,train,2019,YING-55,65.77256453005086,58.29738189295367,17
Latent Neural ODE (ours),1,train,2019,Yu796 NS,49.49277846460323,43.34652022426418,17
Latent Neural ODE (ours),1,train,2019,ZS635,70.63733351561528,60.69334627659714,17
Latent Neural ODE (ours),1,val,2020,1538,144.43259582058852,138.56871716567602,5
Latent Neural ODE (ours),1,val,2020,2369,54.52306980458264,52.30025857784229,6
Latent Neural ODE (ours),1,val,2020,29MIBZ2,83.014490173132,68.64554181744269,7
Latent Neural ODE (ours),1,val,2020,2FACC,139.42838956245845,127.75077168123003,7
Latent Neural ODE (ours),1,val,2020,2FADB,107.21761915098803,90.91497160208914,7
Latent Neural ODE (ours),1,val,2020,2MA22,83.93526640468791,67.53968176140272,7
Latent Neural ODE (ours),1,val,2020,2MCDB,78.92693562366948,59.45395266900087,6
Latent Neural ODE (ours),1,val,2020,3IJI1,81.66574936921182,72.4318311221538,7
Latent Neural ODE (ours),1,val,2020,4226,108.63578667485743,98.38749455301094,7
Latent Neural ODE (ours),1,val,2020,4F-306 108,119.45126307759678,103.56206885032391,7
Latent Neural ODE (ours),1,val,2020,4N506,130.22223690222074,117.8642410504835,6
Latent Neural ODE (ours),1,val,2020,6F629,130.92544400658517,119.37314782994488,7
Latent Neural ODE (ours),1,val,2020,6M502,81.34776389232316,75.22488859838498,7
Latent Neural ODE (ours),1,val,2020,6M502A,69.32252390376719,62.375994791532094,7
Latent Neural ODE (ours),1,val,2020,764,92.76581831586684,81.23482302918605,7
Latent Neural ODE (ours),1,val,2020,78010,78.0339721799084,68.73895739677891,7
Latent Neural ODE (ours),1,val,2020,78551S,102.45967913733791,91.67587988972029,7
Latent Neural ODE (ours),1,val,2020,790,95.36115256762463,78.03731261825156,7
Latent Neural ODE (ours),1,val,2020,793,168.91069060306936,152.46625082170212,7
Latent Neural ODE (ours),1,val,2020,87916W,130.8255787306844,120.25425842002664,7
Latent Neural ODE (ours),1,val,2020,911,113.88333901797077,96.04150879540205,7
Latent Neural ODE (ours),1,val,2020,912,93.8059224350307,74.56535811838751,7
Latent Neural ODE (ours),1,val,2020,91IFC2,69.20316605054454,57.30804626226196,6
Latent Neural ODE (ours),1,val,2020,A,98.68646845722505,88.445079352534,7
Latent Neural ODE (ours),1,val,2020,A208,132.5306248660484,116.54174732341825,7
Latent Neural ODE (ours),1,val,2020,A239,132.97449204457726,122.40885892164626,7
Latent Neural ODE (ours),1,val,2020,A258,105.25815457662875,96.63615326419179,7
Latent Neural ODE (ours),1,val,2020,A272,129.91982890631135,113.60403232378988,7
Latent Neural ODE (ours),1,val,2020,A305,109.5815501854057,97.58407348949211,7
Latent Neural ODE (ours),1,val,2020,A321,88.33591290623667,74.02591275684486,7
Latent Neural ODE (ours),1,val,2020,A322,121.76856184401161,110.69127433081952,7
Latent Neural ODE (ours),1,val,2020,A334,138.74010483716322,125.19822059535488,7
Latent Neural ODE (ours),1,val,2020,A340,78.44269976743111,68.14925066614687,7
Latent Neural ODE (ours),1,val,2020,A374,122.91589655851551,110.17633039130035,7
Latent Neural ODE (ours),1,val,2020,A385,98.70619173586935,79.34332491801213,7
Latent Neural ODE (ours),1,val,2020,A427,136.1208445965549,119.11045032685384,7
Latent Neural ODE (ours),1,val,2020,A548,117.42393181761605,104.8712504541421,7
Latent Neural ODE (ours),1,val,2020,A556,96.1701070612682,80.82126324192244,6
Latent Neural ODE (ours),1,val,2020,A572,159.03721490749138,130.92950911823453,7
Latent Neural ODE (ours),1,val,2020,A619,128.0255709249619,110.21555936540234,7
Latent Neural ODE (ours),1,val,2020,A627,67.96019830135121,50.84904317265888,7
Latent Neural ODE (ours),1,val,2020,A632,81.20431890423114,75.42300452121147,7
Latent Neural ODE (ours),1,val,2020,A634,103.70992992375268,92.75118136829467,7
Latent Neural ODE (ours),1,val,2020,A635,136.38754477150724,112.3792052120825,7
Latent Neural ODE (ours),1,val,2020,A641,127.32727096258388,98.10887795676969,7
Latent Neural ODE (ours),1,val,2020,A648,103.5667522680257,94.90288048992217,7
Latent Neural ODE (ours),1,val,2020,A649,160.47415717455294,133.48413522089422,7
Latent Neural ODE (ours),1,val,2020,A659,127.05668798938996,116.05204569672888,7
Latent Neural ODE (ours),1,val,2020,A663,146.48895245058785,133.92486980407597,7
Latent Neural ODE (ours),1,val,2020,A672,91.23106224373255,82.15153354028095,7
Latent Neural ODE (ours),1,val,2020,A674,125.29700093512378,107.86934635863862,7
Latent Neural ODE (ours),1,val,2020,A679,119.22278666619775,104.7795824923768,7
Latent Neural ODE (ours),1,val,2020,A680,133.42990659297627,115.78473976553461,6
Latent Neural ODE (ours),1,val,2020,A682,109.36716358289674,94.2582956487581,7
Latent Neural ODE (ours),1,val,2020,A71,145.45036413280354,133.72829342352605,7
Latent Neural ODE (ours),1,val,2020,A73,134.72422778611715,117.78360348498917,7
Latent Neural ODE (ours),1,val,2020,AQA3,111.57350518750732,89.78559399706123,7
Latent Neural ODE (ours),1,val,2020,AS6103,88.00932184182432,77.51155946213612,6
Latent Neural ODE (ours),1,val,2020,AusTRCF 306238,145.72489798286324,129.97035268340935,7
Latent Neural ODE (ours),1,val,2020,B-18 INBR.FR.SUPERGOLD,132.27472206285387,120.43190349957503,7
Latent Neural ODE (ours),1,val,2020,B-28,100.87832883924278,90.37552458878733,7
Latent Neural ODE (ours),1,val,2020,B103,96.7520048837514,86.73602086236328,7
Latent Neural ODE (ours),1,val,2020,B104,71.57194312742888,64.74675097519132,7
Latent Neural ODE (ours),1,val,2020,B105,65.81139084196205,55.70908252045624,6
Latent Neural ODE (ours),1,val,2020,B107,97.01053732801098,77.71442676674707,6
Latent Neural ODE (ours),1,val,2020,B108,124.9425122410911,113.87316287707706,7
Latent Neural ODE (ours),1,val,2020,B110,162.72084604782336,146.54013021868928,7
Latent Neural ODE (ours),1,val,2020,B111,167.8541549178147,154.1599477151712,7
Latent Neural ODE (ours),1,val,2020,B114,120.74568447189834,96.48117028176586,6
Latent Neural ODE (ours),1,val,2020,B115,79.04158792636949,67.99957448930071,7
Latent Neural ODE (ours),1,val,2020,B119,89.72633449417663,76.25899810116228,7
Latent Neural ODE (ours),1,val,2020,B120,106.92132194532346,100.48020089472857,7
Latent Neural ODE (ours),1,val,2020,B121,149.91333306989935,129.66677200985356,7
Latent Neural ODE (ours),1,val,2020,B14,35.287748087818464,30.344915615689313,6
Latent Neural ODE (ours),1,val,2020,B14A,100.06081806902722,92.98573655790845,6
Latent Neural ODE (ours),1,val,2020,B164,100.16826843958663,90.93423133590366,7
Latent Neural ODE (ours),1,val,2020,B2,123.85476922014647,114.02741223964904,7
Latent Neural ODE (ours),1,val,2020,B37,92.84979519583794,81.30965170158187,7
Latent Neural ODE (ours),1,val,2020,B46,92.71651819490457,85.1288201729828,6
Latent Neural ODE (ours),1,val,2020,B57,81.97048178216038,71.09666224666294,7
Latent Neural ODE (ours),1,val,2020,B65,120.3905804447161,107.1574044215853,7
Latent Neural ODE (ours),1,val,2020,B66,127.56965561464884,114.72944465955759,7
Latent Neural ODE (ours),1,val,2020,B68,68.3423075294169,58.45926339379654,7
Latent Neural ODE (ours),1,val,2020,B70,148.6002424216207,129.45705745953956,7
Latent Neural ODE (ours),1,val,2020,B75,132.26103825743033,115.83088418169142,7
Latent Neural ODE (ours),1,val,2020,B76,119.63665926061637,107.33208661992944,7
Latent Neural ODE (ours),1,val,2020,B77,86.43628389720472,81.96321591834486,7
Latent Neural ODE (ours),1,val,2020,B79,130.163446591891,118.70566376012924,6
Latent Neural ODE (ours),1,val,2020,B84,125.14862791985566,106.99817477351192,7
Latent Neural ODE (ours),1,val,2020,B85,149.45528546521356,129.28269373186433,7
Latent Neural ODE (ours),1,val,2020,B87,107.53505451343585,96.38673365041917,7
Latent Neural ODE (ours),1,val,2020,B88,65.83658318738789,61.678950469800384,7
Latent Neural ODE (ours),1,val,2020,B91,145.44453828371553,133.10210370478978,7
Latent Neural ODE (ours),1,val,2020,B97,95.19372854543651,79.97844383004906,7
Latent Neural ODE (ours),1,val,2020,BEI 10 = NORTH 10,107.87775810168004,94.2434382613176,7
Latent Neural ODE (ours),1,val,2020,BO9,147.36661981208462,137.52417953568903,5
Latent Neural ODE (ours),1,val,2020,C103,87.11616656340621,66.01248090454037,6
Latent Neural ODE (ours),1,val,2020,C123,105.51068219213457,83.15177601286938,7
Latent Neural ODE (ours),1,val,2020,CA-4,117.52529499854535,99.2021698181392,7
Latent Neural ODE (ours),1,val,2020,CG102,135.5720997649346,123.60611707636441,7
Latent Neural ODE (ours),1,val,2020,CH157,157.34091770252522,139.5110308785271,7
Latent Neural ODE (ours),1,val,2020,CH701-30,153.12839638762634,141.11080386657613,6
Latent Neural ODE (ours),1,val,2020,CH711-10,122.49468622500052,107.01076597463326,7
Latent Neural ODE (ours),1,val,2020,CH9,81.58301606998191,73.19687810557723,7
Latent Neural ODE (ours),1,val,2020,CI 40H,137.7046286750725,124.69116727820627,6
Latent Neural ODE (ours),1,val,2020,CM105,142.7054099282506,113.8333381615291,7
Latent Neural ODE (ours),1,val,2020,CO257,76.63211114645479,60.82477939010232,7
Latent Neural ODE (ours),1,val,2020,CO258,102.43842927694686,83.63268335007537,7
Latent Neural ODE (ours),1,val,2020,CQ702RC,89.47708870250064,77.42600783824427,7
Latent Neural ODE (ours),1,val,2020,CR 22 INBRED,169.72307336799997,165.06145374336242,5
Latent Neural ODE (ours),1,val,2020,CS405,151.17949625954935,137.1369879456117,6
Latent Neural ODE (ours),1,val,2020,DE2,66.94317949036852,58.197380627055686,6
Latent Neural ODE (ours),1,val,2020,DE4,104.36764116455564,90.3225393106388,7
Latent Neural ODE (ours),1,val,2020,DE811,165.83932929115795,149.39996840753588,6
Latent Neural ODE (ours),1,val,2020,DJ7,89.27011247730901,81.0967612665362,7
Latent Neural ODE (ours),1,val,2020,DK3IIH6,122.50861841359782,111.44919594695992,7
Latent Neural ODE (ours),1,val,2020,DK4676A,116.0499013048948,99.02818150614415,6
Latent Neural ODE (ours),1,val,2020,DK78002A,106.4229309321283,97.484489948672,7
Latent Neural ODE (ours),1,val,2020,DK78010,95.17493866726346,87.75933268540494,7
Latent Neural ODE (ours),1,val,2020,DKFAPW,136.08314808528013,129.14352173251115,7
Latent Neural ODE (ours),1,val,2020,DKFBHJ,113.29144295825269,106.27923817927896,7
Latent Neural ODE (ours),1,val,2020,DKMBNA,153.17114184531005,143.1638474050225,5
Latent Neural ODE (ours),1,val,2020,DKPB80,174.33039073886218,160.45687759562816,7
Latent Neural ODE (ours),1,val,2020,E8501,157.31138330758952,145.70781751846079,6
Latent Neural ODE (ours),1,val,2020,EAST 028,148.89387603300014,137.1966506518932,7
Latent Neural ODE (ours),1,val,2020,Eng-Li Chih,144.38656470003303,130.19649520869504,7
Latent Neural ODE (ours),1,val,2020,F118,98.67028292740703,90.78201072267812,7
Latent Neural ODE (ours),1,val,2020,F2834T,91.09312506408857,68.61685803664123,7
Latent Neural ODE (ours),1,val,2020,FBLA,96.60225426150572,85.61405168359781,7
Latent Neural ODE (ours),1,val,2020,FR19,133.18154124304647,116.7525871226266,7
Latent Neural ODE (ours),1,val,2020,G80,118.2988871075567,99.84804887284362,7
Latent Neural ODE (ours),1,val,2020,H110,117.75343907254204,104.72150407253109,7
Latent Neural ODE (ours),1,val,2020,H113,115.76212585799563,104.45862931759007,7
Latent Neural ODE (ours),1,val,2020,H121,112.22557374943634,100.4219684258404,7
Latent Neural ODE (ours),1,val,2020,H122w,55.716477318673604,53.09947618000365,7
Latent Neural ODE (ours),1,val,2020,H42,82.8303148062003,67.01954728578674,6
Latent Neural ODE (ours),1,val,2020,H5,79.3044135379383,64.7602006474642,7
Latent Neural ODE (ours),1,val,2020,H71,91.43325020390976,86.0239523330897,6
Latent Neural ODE (ours),1,val,2020,H84,76.79590420526401,62.15351126281099,7
Latent Neural ODE (ours),1,val,2020,H91,97.0422238889461,87.54826468343944,7
Latent Neural ODE (ours),1,val,2020,H95,123.1416215126825,108.03012465889047,7
Latent Neural ODE (ours),1,val,2020,H96,92.79795370467737,84.57237322938332,7
Latent Neural ODE (ours),1,val,2020,H99,95.79777080710312,77.60518545577403,7
Latent Neural ODE (ours),1,val,2020,HP301,83.68792409546585,77.55963481022452,7
Latent Neural ODE (ours),1,val,2020,HUANYAO,76.58253857296985,65.09212078684843,7
Latent Neural ODE (ours),1,val,2020,I29,122.14069306905964,102.54117808625081,7
Latent Neural ODE (ours),1,val,2020,IA2132,96.68039682703936,78.40817498804152,6
Latent Neural ODE (ours),1,val,2020,IBB14,110.23626191897756,92.28426328408645,7
Latent Neural ODE (ours),1,val,2020,IBB15,71.09041074435774,58.28096382490078,7
Latent Neural ODE (ours),1,val,2020,IBC2,127.49550550671498,119.52883036313877,7
Latent Neural ODE (ours),1,val,2020,ICI 193,118.74312902156028,102.27293215954448,7
Latent Neural ODE (ours),1,val,2020,ICI 740,145.97473652277623,138.25645372847114,5
Latent Neural ODE (ours),1,val,2020,ICI 893,106.12584878195662,88.78180765106838,7
Latent Neural ODE (ours),1,val,2020,ICI 986,90.73461991533244,78.1622344039291,7
Latent Neural ODE (ours),1,val,2020,IDS28,150.1749868357418,136.5764645155128,7
Latent Neural ODE (ours),1,val,2020,IDS69,77.34872745935378,57.01508259428993,7
Latent Neural ODE (ours),1,val,2020,IDS91,101.13683513249582,86.9232306102389,7
Latent Neural ODE (ours),1,val,2020,INB 101LFY/LFY (A632 X M16 S5),138.46181965311635,127.71340687053569,7
Latent Neural ODE (ours),1,val,2020,INBRED 141,104.94408935248057,91.52408188685264,7
Latent Neural ODE (ours),1,val,2020,INBRED 2-687,92.3711078205378,80.57237916962511,6
Latent Neural ODE (ours),1,val,2020,INBRED 305,90.54898264723687,75.54041428705446,7
Latent Neural ODE (ours),1,val,2020,INBRED 309,94.15932364545324,68.57746377056509,6
Latent Neural ODE (ours),1,val,2020,INBRED 321,103.74003052119004,94.67118220964244,7
Latent Neural ODE (ours),1,val,2020,Ia 453,127.7644715703077,106.19594514197775,7
Latent Neural ODE (ours),1,val,2020,J47,112.74352757696147,94.71714983739153,7
Latent Neural ODE (ours),1,val,2020,K150,135.56629956777908,124.27656773717607,7
Latent Neural ODE (ours),1,val,2020,K41,97.84332860529996,92.63987731525013,7
Latent Neural ODE (ours),1,val,2020,K47,138.82841646995604,124.0669405073791,7
Latent Neural ODE (ours),1,val,2020,K55,104.03503039874562,87.34395294194236,7
Latent Neural ODE (ours),1,val,2020,KUNG-70,100.32256778519509,83.46598675942083,7
Latent Neural ODE (ours),1,val,2020,L 127,65.1412801415568,51.22257153842525,7
Latent Neural ODE (ours),1,val,2020,L 135,114.72699574098208,102.82175252528052,7
Latent Neural ODE (ours),1,val,2020,L 139,118.03982408164974,108.79181620702654,6
Latent Neural ODE (ours),1,val,2020,L 155,73.07858328066742,62.016075437801156,7
Latent Neural ODE (ours),1,val,2020,L 289,137.78806551929256,127.59609460302802,7
Latent Neural ODE (ours),1,val,2020,LH1,94.41462442297298,68.56386339700896,7
Latent Neural ODE (ours),1,val,2020,LH119,121.44565832304012,110.71970749693718,7
Latent Neural ODE (ours),1,val,2020,LH128,84.22605670660238,76.95964745047743,7
Latent Neural ODE (ours),1,val,2020,LH143 (Maintainer),105.90771483715832,92.80707956420501,6
Latent Neural ODE (ours),1,val,2020,LH145,131.04632407698728,121.18778542130545,7
Latent Neural ODE (ours),1,val,2020,LH146Ht,176.75457371987548,159.72439426349885,7
Latent Neural ODE (ours),1,val,2020,LH149,139.8357490397819,127.39005886493442,6
Latent Neural ODE (ours),1,val,2020,LH165,92.29866415076107,65.8007350110332,6
Latent Neural ODE (ours),1,val,2020,LH166,90.6611245289832,70.6706433668921,7
Latent Neural ODE (ours),1,val,2020,LH172,87.91737689713139,62.929220418083496,7
Latent Neural ODE (ours),1,val,2020,LH184,86.81295496093395,69.84921924103107,7
Latent Neural ODE (ours),1,val,2020,LH185,92.03146091865976,79.60155513514553,7
Latent Neural ODE (ours),1,val,2020,LH190,106.3658756601108,95.5510720404278,7
Latent Neural ODE (ours),1,val,2020,LH191,100.17979700524889,83.0785206660888,7
Latent Neural ODE (ours),1,val,2020,LH192,122.85309872687867,111.22784557321437,7
Latent Neural ODE (ours),1,val,2020,LH194,81.34499652607035,69.78927845771341,7
Latent Neural ODE (ours),1,val,2020,LH195,109.13489544510476,90.6743447033107,7
Latent Neural ODE (ours),1,val,2020,LH197,148.28759442258752,139.87099030355384,7
Latent Neural ODE (ours),1,val,2020,LH198,150.99896372938724,143.7139618598033,7
Latent Neural ODE (ours),1,val,2020,LH199,96.36444410830053,81.18789898178865,7
Latent Neural ODE (ours),1,val,2020,LH202,136.19029302725204,129.0986063886308,5
Latent Neural ODE (ours),1,val,2020,LH204,113.72357565844374,101.61025995541327,7
Latent Neural ODE (ours),1,val,2020,LH205,69.21994629338737,55.871108899760074,7
Latent Neural ODE (ours),1,val,2020,LH206,96.32409029782731,83.02482126072334,7
Latent Neural ODE (ours),1,val,2020,LH208,123.86407631442786,115.53575073819863,7
Latent Neural ODE (ours),1,val,2020,LH209,130.27165016865047,121.59303408667428,7
Latent Neural ODE (ours),1,val,2020,LH213,146.21795841734607,125.19117727241373,7
Latent Neural ODE (ours),1,val,2020,LH214,152.24881979733453,133.61646280656439,7
Latent Neural ODE (ours),1,val,2020,LH215,62.37817703486769,54.94068821660706,7
Latent Neural ODE (ours),1,val,2020,LH222,74.9690914829795,66.71938922784578,7
Latent Neural ODE (ours),1,val,2020,LH223,115.11005846319665,98.68428962714631,7
Latent Neural ODE (ours),1,val,2020,LH224,91.90771676679081,77.60386820540512,6
Latent Neural ODE (ours),1,val,2020,LH295,111.18557188437133,89.65953683224517,6
Latent Neural ODE (ours),1,val,2020,LH59,91.04468299379867,75.1978495642838,7
Latent Neural ODE (ours),1,val,2020,LH60,75.40556247634865,68.51275955710551,7
Latent Neural ODE (ours),1,val,2020,LH61,108.0200248959712,88.20583303352886,7
Latent Neural ODE (ours),1,val,2020,LH74,105.7089089497566,98.00832285792866,7
Latent Neural ODE (ours),1,val,2020,LH82,104.08337719378464,84.77958470729489,7
Latent Neural ODE (ours),1,val,2020,LH93,92.08905537688189,80.49978577374351,7
Latent Neural ODE (ours),1,val,2020,LIBC 4,94.43443497777415,80.17288440053154,6
Latent Neural ODE (ours),1,val,2020,LP1 NR HT,112.10195885453462,102.26789683396377,7
Latent Neural ODE (ours),1,val,2020,LP5,157.80164182769448,142.09755427810288,7
Latent Neural ODE (ours),1,val,2020,Lp215D,77.0971398116794,60.429953661492206,7
Latent Neural ODE (ours),1,val,2020,M14,103.50619438211538,91.83763710773012,7
Latent Neural ODE (ours),1,val,2020,MBPM,113.70826852214829,104.89488336264549,7
Latent Neural ODE (ours),1,val,2020,MBWZ,118.13867701705226,110.12427605444186,7
Latent Neural ODE (ours),1,val,2020,MEF156-55-2,120.48225265751775,96.85759726641088,7
Latent Neural ODE (ours),1,val,2020,ML606,87.05231483569187,72.9769914495442,7
Latent Neural ODE (ours),1,val,2020,MM501D,90.39271215321688,67.23604709886649,7
Latent Neural ODE (ours),1,val,2020,MQ305,94.7713140767129,76.88236965102485,7
Latent Neural ODE (ours),1,val,2020,MS116,84.14335319240023,73.88794929522894,6
Latent Neural ODE (ours),1,val,2020,MS132,111.2978368358465,99.90814917543445,7
Latent Neural ODE (ours),1,val,2020,MS153,96.76426930548215,82.23465396980875,6
Latent Neural ODE (ours),1,val,2020,MS200,102.39044520823022,83.74089849528127,7
Latent Neural ODE (ours),1,val,2020,MS211,115.74469451538889,105.58959218962481,7
Latent Neural ODE (ours),1,val,2020,MS221,125.16506605780827,112.08612365983672,7
Latent Neural ODE (ours),1,val,2020,MS224,146.3749732993996,131.6525142798558,7
Latent Neural ODE (ours),1,val,2020,MS225,122.90848311114149,111.52138373914883,7
Latent Neural ODE (ours),1,val,2020,MS226,126.76361433736083,108.72472574426403,7
Latent Neural ODE (ours),1,val,2020,MS24A,159.92386676396882,128.34012928251565,7
Latent Neural ODE (ours),1,val,2020,MS67,129.82949310500086,111.85617063067127,7
Latent Neural ODE (ours),1,val,2020,MS71,114.87659778161068,99.1212499887886,7
Latent Neural ODE (ours),1,val,2020,MS72,127.240538519882,115.48770294294414,5
Latent Neural ODE (ours),1,val,2020,Mo46,114.30844868627555,105.52167197589692,7
Latent Neural ODE (ours),1,val,2020,Mo47,135.90148540999513,127.79136377981979,7
Latent Neural ODE (ours),1,val,2020,Mo5,59.26852669703955,49.23308902566977,7
Latent Neural ODE (ours),1,val,2020,N192,130.49993262329463,115.93829316387716,7
Latent Neural ODE (ours),1,val,2020,N193,146.7897177668293,128.77286137156554,7
Latent Neural ODE (ours),1,val,2020,N201,107.47470556151872,98.36191467648216,6
Latent Neural ODE (ours),1,val,2020,N211,164.4096728881121,146.21049395771948,6
Latent Neural ODE (ours),1,val,2020,N217,68.21401949851924,64.16804228077409,7
Latent Neural ODE (ours),1,val,2020,N28Ht,87.63032128694208,81.16351010029042,7
Latent Neural ODE (ours),1,val,2020,N501,44.10421662994892,33.81063081449668,7
Latent Neural ODE (ours),1,val,2020,N523,128.8338811199626,119.37015664588804,7
Latent Neural ODE (ours),1,val,2020,N527,138.34075168089942,126.52670697137874,7
Latent Neural ODE (ours),1,val,2020,N534,92.10899578116194,84.55909803815028,7
Latent Neural ODE (ours),1,val,2020,N542,112.23241563739718,101.94457985270877,7
Latent Neural ODE (ours),1,val,2020,N6,89.96158159642049,75.41148375821516,7
Latent Neural ODE (ours),1,val,2020,NC262,95.42590678086694,78.84785354470462,7
Latent Neural ODE (ours),1,val,2020,NC294,109.90392285066545,97.83849757358398,7
Latent Neural ODE (ours),1,val,2020,NC310,116.00290725798985,102.09801329533643,7
Latent Neural ODE (ours),1,val,2020,NC326,120.4687779351061,111.25657303881894,7
Latent Neural ODE (ours),1,val,2020,NC328,92.71122057198986,83.2500139920592,6
Latent Neural ODE (ours),1,val,2020,NC368,86.58897547526894,77.1893362345369,7
Latent Neural ODE (ours),1,val,2020,NC412,96.82820486784517,84.09422571540803,7
Latent Neural ODE (ours),1,val,2020,ND247,160.21066928561612,146.0989293394375,7
Latent Neural ODE (ours),1,val,2020,ND265,142.1479198083883,131.57275702715702,7
Latent Neural ODE (ours),1,val,2020,NK740,66.85125124829781,55.63356866526407,7
Latent Neural ODE (ours),1,val,2020,NK778,133.3896824376565,120.10560882832658,7
Latent Neural ODE (ours),1,val,2020,NK807,117.9424404255152,96.19303134447324,6
Latent Neural ODE (ours),1,val,2020,NKS8326,98.46489784811388,90.31347914701674,6
Latent Neural ODE (ours),1,val,2020,NORTH 7,60.08007154088073,51.314336076134566,6
Latent Neural ODE (ours),1,val,2020,NQ508,106.00593724699361,91.90199699409595,7
Latent Neural ODE (ours),1,val,2020,NS501,70.55349051717405,56.05470246499619,7
Latent Neural ODE (ours),1,val,2020,NS701,66.17244853652019,59.844680896104705,7
Latent Neural ODE (ours),1,val,2020,NY 166 (Neveh Yaar),112.25329774889227,97.68632190784372,7
Latent Neural ODE (ours),1,val,2020,NY6371,100.0709090018333,93.69307467434548,7
Latent Neural ODE (ours),1,val,2020,Ny821,125.20803228192595,106.11671105059038,7
Latent Neural ODE (ours),1,val,2020,OH33,118.39770140881356,105.05636860006807,6
Latent Neural ODE (ours),1,val,2020,OQ403,95.77816578558237,80.92183261722316,7
Latent Neural ODE (ours),1,val,2020,OQ603,112.26448054458082,102.75847899647103,7
Latent Neural ODE (ours),1,val,2020,OS602,110.52066266190964,90.8705827441287,7
Latent Neural ODE (ours),1,val,2020,Oh40B,125.11560813909736,112.29995527944281,7
Latent Neural ODE (ours),1,val,2020,Oh43,136.96692239790832,124.5289833930138,7
Latent Neural ODE (ours),1,val,2020,Oh7,96.4348485139253,78.22755744497964,7
Latent Neural ODE (ours),1,val,2020,Os420,98.04831392652048,95.6757743959439,5
Latent Neural ODE (ours),1,val,2020,Os426,95.36639236503143,86.4037363323596,7
Latent Neural ODE (ours),1,val,2020,PHB09,147.2009474332245,133.18667350948184,5
Latent Neural ODE (ours),1,val,2020,PHB47,154.93452772865618,146.2806515824308,7
Latent Neural ODE (ours),1,val,2020,PHBA6,139.96192953672008,124.87687788175613,7
Latent Neural ODE (ours),1,val,2020,PHBB3,131.79494630075638,122.41700913959195,7
Latent Neural ODE (ours),1,val,2020,PHBW8,162.08256285092696,133.4992784181249,7
Latent Neural ODE (ours),1,val,2020,PHG29,162.40078453967877,155.78149796225426,5
Latent Neural ODE (ours),1,val,2020,PHG47,108.52886457157868,93.36543286940169,7
Latent Neural ODE (ours),1,val,2020,PHG50,86.75645705549019,76.79859950894875,7
Latent Neural ODE (ours),1,val,2020,PHG71,120.3951669560729,106.52036963821514,7
Latent Neural ODE (ours),1,val,2020,PHG72,120.5127025584662,103.72494876277385,7
Latent Neural ODE (ours),1,val,2020,PHG80,82.67250396210514,77.3280322490752,7
Latent Neural ODE (ours),1,val,2020,PHG83,151.87437984814713,139.11564893705898,7
Latent Neural ODE (ours),1,val,2020,PHG86,114.42208133600775,104.18599006782374,7
Latent Neural ODE (ours),1,val,2020,PHGW7,115.7351227294975,102.68433156883043,7
Latent Neural ODE (ours),1,val,2020,PHH93,77.54944784376477,63.643524814153245,7
Latent Neural ODE (ours),1,val,2020,PHHV4,112.20427720658135,107.31459057729346,5
Latent Neural ODE (ours),1,val,2020,PHJ70,150.25783322319555,120.96436449334321,7
Latent Neural ODE (ours),1,val,2020,PHJ89,118.32888546292578,108.51725922091785,7
Latent Neural ODE (ours),1,val,2020,PHJ90,107.41691233826947,97.00832966370815,7
Latent Neural ODE (ours),1,val,2020,PHJR5,152.45961703504076,130.6032585254115,7
Latent Neural ODE (ours),1,val,2020,PHK35,103.6164335679925,88.91443377880118,6
Latent Neural ODE (ours),1,val,2020,PHK42,79.15464041232335,65.90564750391465,7
Latent Neural ODE (ours),1,val,2020,PHK56,111.73584168772794,100.25656552957805,6
Latent Neural ODE (ours),1,val,2020,PHK74,104.66448032519017,95.57654953758353,7
Latent Neural ODE (ours),1,val,2020,PHKE6,112.15894447614875,100.6182739806103,7
Latent Neural ODE (ours),1,val,2020,PHM10,78.11052684245551,66.27562606921563,7
Latent Neural ODE (ours),1,val,2020,PHN11,143.85157186179458,127.56871181150969,6
Latent Neural ODE (ours),1,val,2020,PHN29,99.96647197511969,92.0538728232744,7
Latent Neural ODE (ours),1,val,2020,PHN66,103.24694618314209,96.09068407207717,6
Latent Neural ODE (ours),1,val,2020,PHP02,130.80926462960645,117.29599367448425,7
Latent Neural ODE (ours),1,val,2020,PHP55,126.45687795843901,115.79696007445055,7
Latent Neural ODE (ours),1,val,2020,PHP76,148.1758991161809,139.19454643137948,7
Latent Neural ODE (ours),1,val,2020,PHP85,111.46278406320367,94.69572517182262,7
Latent Neural ODE (ours),1,val,2020,PHPR5,113.06703556852142,96.13446072766452,7
Latent Neural ODE (ours),1,val,2020,PHR03,85.73441171892405,75.53755130266042,6
Latent Neural ODE (ours),1,val,2020,PHR30,166.2868219336187,156.50692948265478,5
Latent Neural ODE (ours),1,val,2020,PHR31,94.21302524256451,82.51941911125778,7
Latent Neural ODE (ours),1,val,2020,PHR36,123.20607249452232,105.47242504905405,6
Latent Neural ODE (ours),1,val,2020,PHR47,127.4700437617864,114.49752300980687,7
Latent Neural ODE (ours),1,val,2020,PHR58,90.84478998061925,66.25481909321773,5
Latent Neural ODE (ours),1,val,2020,PHR63,96.90703442032849,86.76567642845023,7
Latent Neural ODE (ours),1,val,2020,PHT10,96.26278759308971,85.33958213557773,7
Latent Neural ODE (ours),1,val,2020,PHT47,83.11135022549958,61.39241075659178,7
Latent Neural ODE (ours),1,val,2020,PHT55,90.92843561846509,79.74097476755608,7
Latent Neural ODE (ours),1,val,2020,PHTM9,110.03961913020143,99.9991846923206,7
Latent Neural ODE (ours),1,val,2020,PHV37,102.12444561194532,87.85633645656239,7
Latent Neural ODE (ours),1,val,2020,PHV57,76.79390262958894,67.1712139094082,7
Latent Neural ODE (ours),1,val,2020,PHV63,77.04567271801811,70.29343821610563,7
Latent Neural ODE (ours),1,val,2020,PHVA9,88.35012210681121,70.21033562109226,7
Latent Neural ODE (ours),1,val,2020,PHW03,102.4825132088366,94.21268310178347,7
Latent Neural ODE (ours),1,val,2020,PHW17,83.38167704451013,65.59699416611204,7
Latent Neural ODE (ours),1,val,2020,PHW20,91.30341971622776,82.37291478110568,7
Latent Neural ODE (ours),1,val,2020,PHW30,92.90081065130933,73.07461184049272,7
Latent Neural ODE (ours),1,val,2020,PHW52,81.41331156877257,73.09318356252103,7
Latent Neural ODE (ours),1,val,2020,PHW53,99.91174834651882,86.66065880538488,7
Latent Neural ODE (ours),1,val,2020,PHW79,113.1672797719564,87.6289057663839,7
Latent Neural ODE (ours),1,val,2020,PHW80,136.34287007565354,121.73876706074472,7
Latent Neural ODE (ours),1,val,2020,PHW86,92.54887004366559,81.21699309156851,7
Latent Neural ODE (ours),1,val,2020,PHZ51,125.44420046209696,117.22279914007676,7
Latent Neural ODE (ours),1,val,2020,Pa392,174.23869805888887,156.62623904245078,7
Latent Neural ODE (ours),1,val,2020,Pa405,76.91697210615473,56.85142947309719,7
Latent Neural ODE (ours),1,val,2020,Pa762,104.04900130927057,89.47367397595232,7
Latent Neural ODE (ours),1,val,2020,Pa875,130.69911860682532,111.44146422315556,7
Latent Neural ODE (ours),1,val,2020,Pa880,108.63247852981755,97.11654124904119,7
Latent Neural ODE (ours),1,val,2020,Pa91,96.39728823307176,81.03191773199292,7
Latent Neural ODE (ours),1,val,2020,Q381,108.20956003772886,95.46401651025907,7
Latent Neural ODE (ours),1,val,2020,R168,156.44525351811942,138.9379698078178,7
Latent Neural ODE (ours),1,val,2020,R181B,151.82310220434712,136.95653652752455,7
Latent Neural ODE (ours),1,val,2020,R226,147.0911053685417,134.7899504722393,7
Latent Neural ODE (ours),1,val,2020,R227,101.68181817648997,93.08949959548757,7
Latent Neural ODE (ours),1,val,2020,R71,121.96494508478447,109.97491116283948,7
Latent Neural ODE (ours),1,val,2020,R78,130.42884062146473,115.44937830908245,7
Latent Neural ODE (ours),1,val,2020,S8326,123.8331225331754,107.45622223156977,6
Latent Neural ODE (ours),1,val,2020,SD101,128.6418057542889,110.40635957774529,7
Latent Neural ODE (ours),1,val,2020,SD102,100.3731849835693,80.70473081625391,7
Latent Neural ODE (ours),1,val,2020,SD107,90.44820756615634,74.4806069968089,7
Latent Neural ODE (ours),1,val,2020,SD40,135.7757496261963,124.23508285547867,7
Latent Neural ODE (ours),1,val,2020,SD44,129.75567918384297,118.8644314788705,7
Latent Neural ODE (ours),1,val,2020,SG 30A,115.88738208641817,101.41630212041358,7
Latent Neural ODE (ours),1,val,2020,Seagull Seventeen,76.9300812524242,67.87162173765408,6
Latent Neural ODE (ours),1,val,2020,T242,128.48562265260017,108.17578863815281,7
Latent Neural ODE (ours),1,val,2020,TZU-CHIAO-HSI-WU 105,125.12383730717967,112.94465193661257,7
Latent Neural ODE (ours),1,val,2020,Tr,74.32710189383128,65.30675466506868,7
Latent Neural ODE (ours),1,val,2020,Va26,116.97972870526107,108.74513986593199,7
Latent Neural ODE (ours),1,val,2020,Va35,100.73074305142323,92.43003464042214,7
Latent Neural ODE (ours),1,val,2020,Va52,165.36848628198322,150.54240840594392,7
Latent Neural ODE (ours),1,val,2020,Va59,110.54023569445283,89.0329174081014,7
Latent Neural ODE (ours),1,val,2020,Va99,87.00610812836989,82.33328850210546,7
Latent Neural ODE (ours),1,val,2020,VaW6,105.5349133194567,88.37779836688044,7
Latent Neural ODE (ours),1,val,2020,W117Ht,132.54660257875761,104.99343029140495,7
Latent Neural ODE (ours),1,val,2020,W153R,68.70281292879537,58.01034557203052,7
Latent Neural ODE (ours),1,val,2020,W22,108.27068218599562,90.48401232516468,7
Latent Neural ODE (ours),1,val,2020,W23,145.87006118424378,132.3545339293115,7
Latent Neural ODE (ours),1,val,2020,W24,104.71554701218122,94.96635986592374,7
Latent Neural ODE (ours),1,val,2020,W32,121.84378168228584,102.52107250931846,6
Latent Neural ODE (ours),1,val,2020,W37A,129.62072906683701,114.42658398800894,7
Latent Neural ODE (ours),1,val,2020,W552,104.68783923644035,84.6523801895256,7
Latent Neural ODE (ours),1,val,2020,W603S,104.11653775072806,77.66325527229071,7
Latent Neural ODE (ours),1,val,2020,W604S,116.93306867916327,101.95701353218443,7
Latent Neural ODE (ours),1,val,2020,W605S,92.58291083787596,81.52239882538332,6
Latent Neural ODE (ours),1,val,2020,W607S,95.21679810873822,88.79914459538773,7
Latent Neural ODE (ours),1,val,2020,W610S,69.27464076196246,63.32546924494805,7
Latent Neural ODE (ours),1,val,2020,W612S,94.3680633863483,76.14672654813369,7
Latent Neural ODE (ours),1,val,2020,W614S,120.1810646954661,98.11030471307528,7
Latent Neural ODE (ours),1,val,2020,W64A,159.89700921416284,141.8643721995595,5
Latent Neural ODE (ours),1,val,2020,W701BC,93.17699103552292,75.65234917210964,7
Latent Neural ODE (ours),1,val,2020,W809G,116.79372343498744,98.67733973723114,7
Latent Neural ODE (ours),1,val,2020,W810G,113.56907607186957,102.81939593309995,7
Latent Neural ODE (ours),1,val,2020,W812G,87.61615061041297,70.50415276766691,6
Latent Neural ODE (ours),1,val,2020,W813G,118.68607458048324,109.66812432017937,7
Latent Neural ODE (ours),1,val,2020,W814G,91.39398582315644,72.89116855352468,7
Latent Neural ODE (ours),1,val,2020,W8304,110.60746057308457,102.60575248495373,6
Latent Neural ODE (ours),1,val,2020,W9,120.33172247689976,102.38497523346216,7
Latent Neural ODE (ours),1,val,2020,WIL900,63.63593075825283,55.614880634663294,7
Latent Neural ODE (ours),1,val,2020,WR3,131.85090453366217,116.41172620808274,7
Latent Neural ODE (ours),1,val,2020,WU-TAN-TZAO,95.27299520668298,74.80664093191693,7
Latent Neural ODE (ours),1,val,2020,YE 4,116.14940091939287,94.34509418386487,6
Latent Neural ODE (ours),1,val,2020,YING-55,204.74582432129054,190.12228657211307,7
Latent Neural ODE (ours),1,val,2020,Yu796 NS,79.6413450956578,70.49215877551487,7
Latent Neural ODE (ours),1,val,2020,ZS635,84.16450213316878,75.35861017850074,6
Latent Neural ODE (ours),1,test,2021,1538,58.55020499277187,55.86475199084403,10
Latent Neural ODE (ours),1,test,2021,2369,61.95412128584593,55.445026244085625,10
Latent Neural ODE (ours),1,test,2021,29MIBZ2,97.78873520227161,90.6857076348542,10
Latent Neural ODE (ours),1,test,2021,2FACC,61.23082630462817,58.8816251911162,10
Latent Neural ODE (ours),1,test,2021,2FADB,93.54660964140334,86.56048016000514,10
Latent Neural ODE (ours),1,test,2021,2MA22,62.16010251433128,56.23747577589738,10
Latent Neural ODE (ours),1,test,2021,2MCDB,47.53547824034934,42.53634472975998,9
Latent Neural ODE (ours),1,test,2021,3IJI1,81.98749822136632,74.68462922137546,10
Latent Neural ODE (ours),1,test,2021,4226,82.92653167270514,65.44739079393784,10
Latent Neural ODE (ours),1,test,2021,4F-306 108,67.73493248937581,61.042647061389616,9
Latent Neural ODE (ours),1,test,2021,4N506,97.43347509016354,91.56375660484977,10
Latent Neural ODE (ours),1,test,2021,6F629,39.734602873174005,35.04036961256511,10
Latent Neural ODE (ours),1,test,2021,6M502,39.86061546770014,35.466378548691175,10
Latent Neural ODE (ours),1,test,2021,6M502A,44.49300521631127,37.27466795809668,10
Latent Neural ODE (ours),1,test,2021,764,65.98053475812536,59.416444298465116,10
Latent Neural ODE (ours),1,test,2021,78010,53.48985215943603,47.37384421687637,10
Latent Neural ODE (ours),1,test,2021,78551S,70.12198770474978,62.46319535530774,9
Latent Neural ODE (ours),1,test,2021,790,64.73875584379064,59.639649687945074,10
Latent Neural ODE (ours),1,test,2021,793,72.02143268090445,67.95591403659263,10
Latent Neural ODE (ours),1,test,2021,87916W,47.651801560135546,42.187854980665605,9
Latent Neural ODE (ours),1,test,2021,911,77.0352736679442,73.4447925803897,10
Latent Neural ODE (ours),1,test,2021,912,60.31762392362087,52.899413739438685,10
Latent Neural ODE (ours),1,test,2021,91IFC2,62.93117099927378,57.75141811462809,10
Latent Neural ODE (ours),1,test,2021,A,50.404258427745155,43.958248775550445,10
Latent Neural ODE (ours),1,test,2021,A208,62.85825332108312,56.535718749583054,10
Latent Neural ODE (ours),1,test,2021,A239,72.32649439042426,65.78201744463902,10
Latent Neural ODE (ours),1,test,2021,A258,46.233457674574666,40.11517875736374,10
Latent Neural ODE (ours),1,test,2021,A272,68.46053871094077,60.60453917469927,10
Latent Neural ODE (ours),1,test,2021,A305,88.38981397362092,76.20793439509791,10
Latent Neural ODE (ours),1,test,2021,A321,61.085961225741016,56.47519273135322,10
Latent Neural ODE (ours),1,test,2021,A322,105.02917529106347,97.27274364511887,10
Latent Neural ODE (ours),1,test,2021,A334,81.74942773551173,78.20531465263618,10
Latent Neural ODE (ours),1,test,2021,A340,112.4617150241826,106.08442191967154,10
Latent Neural ODE (ours),1,test,2021,A374,107.22866678518382,100.2405193469072,10
Latent Neural ODE (ours),1,test,2021,A385,129.66169773329344,119.18729800203513,10
Latent Neural ODE (ours),1,test,2021,A427,108.73074476889346,101.82565709436803,10
Latent Neural ODE (ours),1,test,2021,A548,100.21740034876062,91.2162760765925,10
Latent Neural ODE (ours),1,test,2021,A556,67.9497536694959,60.890750397824135,10
Latent Neural ODE (ours),1,test,2021,A572,108.69127434635098,97.38339083580992,10
Latent Neural ODE (ours),1,test,2021,A619,107.14099207994258,97.58512869979748,10
Latent Neural ODE (ours),1,test,2021,A627,57.47761677328364,43.98513338462261,10
Latent Neural ODE (ours),1,test,2021,A632,46.232278923009105,42.90310983894419,9
Latent Neural ODE (ours),1,test,2021,A634,70.28998051713224,68.4017548984568,10
Latent Neural ODE (ours),1,test,2021,A635,68.3414675824239,63.57412528163379,10
Latent Neural ODE (ours),1,test,2021,A641,79.16515335695492,77.91901227176768,10
Latent Neural ODE (ours),1,test,2021,A648,50.38371133510385,40.449683509469935,9
Latent Neural ODE (ours),1,test,2021,A649,78.39742930429644,72.17233386692405,10
Latent Neural ODE (ours),1,test,2021,A659,65.71023955535918,57.28089989138905,10
Latent Neural ODE (ours),1,test,2021,A663,66.1371036043988,58.16955601265367,10
Latent Neural ODE (ours),1,test,2021,A672,82.03759201123702,75.57672808947515,10
Latent Neural ODE (ours),1,test,2021,A674,88.70726183573474,83.44790950409262,10
Latent Neural ODE (ours),1,test,2021,A679,52.31527390541872,46.56018560561263,10
Latent Neural ODE (ours),1,test,2021,A680,113.26111710300592,100.70374596880144,10
Latent Neural ODE (ours),1,test,2021,A682,91.55178377808794,86.38890829623425,10
Latent Neural ODE (ours),1,test,2021,A71,96.40980619608405,90.39490881124573,10
Latent Neural ODE (ours),1,test,2021,A73,54.1135144144495,43.95494712331153,10
Latent Neural ODE (ours),1,test,2021,AQA3,97.96127897697912,90.54923887057137,10
Latent Neural ODE (ours),1,test,2021,AS6103,84.97054816096993,74.59459615684409,10
Latent Neural ODE (ours),1,test,2021,AusTRCF 306238,65.12568697979061,61.050101053398066,9
Latent Neural ODE (ours),1,test,2021,B-18 INBR.FR.SUPERGOLD,104.03635664668452,95.65615566986253,10
Latent Neural ODE (ours),1,test,2021,B-28,103.48800187623955,97.59022921141323,10
Latent Neural ODE (ours),1,test,2021,B103,102.51539594895604,97.39950074759815,10
Latent Neural ODE (ours),1,test,2021,B104,48.49424280021555,44.11780836588296,10
Latent Neural ODE (ours),1,test,2021,B105,44.823092186305345,35.75234537618281,10
Latent Neural ODE (ours),1,test,2021,B107,76.45782498674365,65.60120587020538,10
Latent Neural ODE (ours),1,test,2021,B108,74.82814004017716,70.52355515650667,10
Latent Neural ODE (ours),1,test,2021,B110,46.34785786455104,40.41042711301421,9
Latent Neural ODE (ours),1,test,2021,B111,92.5861925490723,86.16226676768319,10
Latent Neural ODE (ours),1,test,2021,B114,65.88043609675132,56.45951957341763,10
Latent Neural ODE (ours),1,test,2021,B115,58.91987422457727,51.664044347357,9
Latent Neural ODE (ours),1,test,2021,B119,58.92270653015155,50.00733235621412,10
Latent Neural ODE (ours),1,test,2021,B120,44.46776007937363,36.796976589644956,10
Latent Neural ODE (ours),1,test,2021,B121,114.43647285341247,107.70772087846827,10
Latent Neural ODE (ours),1,test,2021,B14,84.73797281449544,73.53661449592815,10
Latent Neural ODE (ours),1,test,2021,B14A,46.14054360128565,41.38137767278776,9
Latent Neural ODE (ours),1,test,2021,B164,76.90704451949475,71.7231905383046,10
Latent Neural ODE (ours),1,test,2021,B2,81.9516318695125,68.88843791718006,9
Latent Neural ODE (ours),1,test,2021,B37,51.28389943531296,42.999467122973485,10
Latent Neural ODE (ours),1,test,2021,B46,57.90011496853436,52.391134324028634,10
Latent Neural ODE (ours),1,test,2021,B57,38.440474648999384,31.329625962637493,10
Latent Neural ODE (ours),1,test,2021,B65,48.95281319467358,42.19783382759132,10
Latent Neural ODE (ours),1,test,2021,B66,88.65638835134999,79.22293283325014,10
Latent Neural ODE (ours),1,test,2021,B68,56.840695444911,50.83332925561366,9
Latent Neural ODE (ours),1,test,2021,B70,86.01472384065458,74.05231214961375,10
Latent Neural ODE (ours),1,test,2021,B75,82.00851734953399,73.67171559335013,9
Latent Neural ODE (ours),1,test,2021,B76,110.02950154052299,101.13594476090202,10
Latent Neural ODE (ours),1,test,2021,B77,51.907398840136054,46.04035603261995,10
Latent Neural ODE (ours),1,test,2021,B79,58.65355845895602,50.684388887230135,10
Latent Neural ODE (ours),1,test,2021,B84,42.69021148621117,36.921980038970936,9
Latent Neural ODE (ours),1,test,2021,B85,72.66072078750302,61.40724811020247,10
Latent Neural ODE (ours),1,test,2021,B87,118.85660735327387,106.29106659310344,10
Latent Neural ODE (ours),1,test,2021,B88,87.95277753852247,78.84947711361596,10
Latent Neural ODE (ours),1,test,2021,B91,105.91782151649399,96.71265448338569,10
Latent Neural ODE (ours),1,test,2021,B97,52.92865217654382,44.80936503928292,10
Latent Neural ODE (ours),1,test,2021,BEI 10 = NORTH 10,45.96269825074063,44.073444276492275,10
Latent Neural ODE (ours),1,test,2021,BO9,110.65880278976783,102.30619327828705,10
Latent Neural ODE (ours),1,test,2021,C103,66.34799047369398,61.90593494610052,10
Latent Neural ODE (ours),1,test,2021,C123,79.9772551243173,75.40299499945387,10
Latent Neural ODE (ours),1,test,2021,CA-4,85.9590740936925,82.5029015585769,10
Latent Neural ODE (ours),1,test,2021,CG102,90.35015006926699,82.24117991898929,10
Latent Neural ODE (ours),1,test,2021,CH157,114.21941659138001,103.64018431439857,10
Latent Neural ODE (ours),1,test,2021,CH701-30,82.3682822251567,74.23298919648941,10
Latent Neural ODE (ours),1,test,2021,CH711-10,90.62882227159012,80.51067589526785,10
Latent Neural ODE (ours),1,test,2021,CH9,58.25573700107272,51.33346441924874,10
Latent Neural ODE (ours),1,test,2021,CI 40H,62.36559245059411,55.74238694383367,10
Latent Neural ODE (ours),1,test,2021,CM105,91.76908535616677,86.27038648357077,10
Latent Neural ODE (ours),1,test,2021,CO257,84.80795286617519,77.74757956790444,9
Latent Neural ODE (ours),1,test,2021,CO258,54.51327551711524,42.90775842520883,10
Latent Neural ODE (ours),1,test,2021,CQ702RC,67.557980319822,60.30349269679782,10
Latent Neural ODE (ours),1,test,2021,CR 22 INBRED,124.01794439622523,110.88087212520664,10
Latent Neural ODE (ours),1,test,2021,CS405,111.3941324612225,100.68334570409306,10
Latent Neural ODE (ours),1,test,2021,DE2,97.60165918299344,93.3718979759072,10
Latent Neural ODE (ours),1,test,2021,DE4,98.66217540022362,92.10635328454707,10
Latent Neural ODE (ours),1,test,2021,DE811,73.32949339012005,65.74954759508498,10
Latent Neural ODE (ours),1,test,2021,DJ7,54.50276938652499,49.32218042856681,10
Latent Neural ODE (ours),1,test,2021,DK3IIH6,50.41991097554251,41.69384904131232,10
Latent Neural ODE (ours),1,test,2021,DK4676A,73.36293330445267,66.8384759497839,10
Latent Neural ODE (ours),1,test,2021,DK78002A,63.43754553812419,53.44288179382657,10
Latent Neural ODE (ours),1,test,2021,DK78010,52.68138892890229,49.30960994670533,10
Latent Neural ODE (ours),1,test,2021,DKFAPW,122.53804610521442,112.94485829724087,10
Latent Neural ODE (ours),1,test,2021,DKFBHJ,61.160112461245845,52.0488991182141,10
Latent Neural ODE (ours),1,test,2021,DKMBNA,96.83972362011279,88.38469745715574,10
Latent Neural ODE (ours),1,test,2021,DKPB80,100.85769950856056,97.09666703754091,10
Latent Neural ODE (ours),1,test,2021,E8501,39.83283411160292,35.25515527970654,9
Latent Neural ODE (ours),1,test,2021,EAST 028,76.42030286476728,71.84577938386579,10
Latent Neural ODE (ours),1,test,2021,Eng-Li Chih,130.88901306436023,121.14291990982676,10
Latent Neural ODE (ours),1,test,2021,F118,70.25826918928568,66.20128827382999,10
Latent Neural ODE (ours),1,test,2021,F2834T,33.166627294753795,28.47743048841126,10
Latent Neural ODE (ours),1,test,2021,FBLA,51.821423600611084,44.6814189770943,10
Latent Neural ODE (ours),1,test,2021,FR19,70.43506449492229,56.268923870678215,10
Latent Neural ODE (ours),1,test,2021,G80,61.96923181843734,58.59818554316587,10
Latent Neural ODE (ours),1,test,2021,H110,109.97893071856373,94.30634465924186,10
Latent Neural ODE (ours),1,test,2021,H113,69.64789769156182,67.16802325102249,10
Latent Neural ODE (ours),1,test,2021,H121,115.43706472387393,106.67453333221104,10
Latent Neural ODE (ours),1,test,2021,H122w,82.57971701003206,72.52111420038555,10
Latent Neural ODE (ours),1,test,2021,H42,50.693015712093626,47.03242411794428,10
Latent Neural ODE (ours),1,test,2021,H5,79.13070692679716,69.98305419685435,10
Latent Neural ODE (ours),1,test,2021,H71,58.236074442940385,52.2580773244149,10
Latent Neural ODE (ours),1,test,2021,H84,75.11562782108929,56.27503032526836,10
Latent Neural ODE (ours),1,test,2021,H91,86.02064148320291,73.03961804619091,10
Latent Neural ODE (ours),1,test,2021,H95,66.87090306564326,63.04163029712529,10
Latent Neural ODE (ours),1,test,2021,H96,42.6262128424513,38.74377045861338,10
Latent Neural ODE (ours),1,test,2021,H99,85.54115393702038,82.8789908221346,10
Latent Neural ODE (ours),1,test,2021,HP301,30.510165300711627,21.675818105508476,10
Latent Neural ODE (ours),1,test,2021,HUANYAO,54.81518569785594,49.889902718353724,10
Latent Neural ODE (ours),1,test,2021,I29,100.12017797123397,96.37905086013953,10
Latent Neural ODE (ours),1,test,2021,IA2132,63.52150841955046,56.4556271524642,10
Latent Neural ODE (ours),1,test,2021,IBB14,86.58157258741268,73.70113146698938,10
Latent Neural ODE (ours),1,test,2021,IBB15,60.25179074477211,54.96289112382986,10
Latent Neural ODE (ours),1,test,2021,IBC2,53.04598081693302,43.21348970593975,10
Latent Neural ODE (ours),1,test,2021,ICI 193,89.54061101239414,77.42271081129466,10
Latent Neural ODE (ours),1,test,2021,ICI 740,66.17726237441403,58.72315155471809,10
Latent Neural ODE (ours),1,test,2021,ICI 893,51.93141957250088,49.00724845950642,10
Latent Neural ODE (ours),1,test,2021,ICI 986,93.51173579277706,80.88888721956593,10
Latent Neural ODE (ours),1,test,2021,IDS28,73.12412900095363,68.41246606346479,10
Latent Neural ODE (ours),1,test,2021,IDS69,47.30231561613891,36.72159584686941,9
Latent Neural ODE (ours),1,test,2021,IDS91,52.828670165515895,48.2321661606593,10
Latent Neural ODE (ours),1,test,2021,INB 101LFY/LFY (A632 X M16 S5),97.80631269386977,93.63547315819092,10
Latent Neural ODE (ours),1,test,2021,INBRED 141,78.77440305068602,71.13214089709906,10
Latent Neural ODE (ours),1,test,2021,INBRED 2-687,42.23120711667094,37.30160524601429,10
Latent Neural ODE (ours),1,test,2021,INBRED 305,54.26511181367216,51.989057371517745,10
Latent Neural ODE (ours),1,test,2021,INBRED 309,65.4897053662858,54.7601740400042,10
Latent Neural ODE (ours),1,test,2021,INBRED 321,37.33477883468902,32.87255021992348,9
Latent Neural ODE (ours),1,test,2021,Ia 453,80.47244652057631,71.85526191203635,10
Latent Neural ODE (ours),1,test,2021,J47,84.06790559549682,76.87618657444455,10
Latent Neural ODE (ours),1,test,2021,K150,107.01591770467654,100.35715079946252,10
Latent Neural ODE (ours),1,test,2021,K41,51.59806427629964,46.08646684215907,10
Latent Neural ODE (ours),1,test,2021,K47,42.406811809212606,41.0749023777459,10
Latent Neural ODE (ours),1,test,2021,K55,45.655414132160324,34.29375843584338,10
Latent Neural ODE (ours),1,test,2021,KUNG-70,75.90072703367692,72.66019530507661,10
Latent Neural ODE (ours),1,test,2021,L 127,83.48116028406709,79.41979178497863,10
Latent Neural ODE (ours),1,test,2021,L 135,70.67018456618086,63.80371292603347,10
Latent Neural ODE (ours),1,test,2021,L 139,100.31016096562637,89.67561144153692,10
Latent Neural ODE (ours),1,test,2021,L 155,62.15742859201166,58.23578662855622,10
Latent Neural ODE (ours),1,test,2021,L 289,82.54705096471936,75.91420870877121,10
Latent Neural ODE (ours),1,test,2021,LH1,119.0742602959129,107.63464921094442,10
Latent Neural ODE (ours),1,test,2021,LH119,91.94989894015399,84.80918460846122,10
Latent Neural ODE (ours),1,test,2021,LH128,58.66654325730801,57.1593665979392,10
Latent Neural ODE (ours),1,test,2021,LH143 (Maintainer),115.94601170463523,104.13993569263229,10
Latent Neural ODE (ours),1,test,2021,LH145,52.77625932545321,47.78673163159308,9
Latent Neural ODE (ours),1,test,2021,LH146Ht,129.4596115006166,120.13125804807524,10
Latent Neural ODE (ours),1,test,2021,LH149,105.95357812275519,98.69607434798614,10
Latent Neural ODE (ours),1,test,2021,LH165,59.51447407412535,53.02737406697631,9
Latent Neural ODE (ours),1,test,2021,LH166,72.95263981244094,67.26230151372343,10
Latent Neural ODE (ours),1,test,2021,LH172,68.2070561425714,56.283256736855854,10
Latent Neural ODE (ours),1,test,2021,LH184,101.35379719968836,91.31873970943795,10
Latent Neural ODE (ours),1,test,2021,LH185,82.4969670832574,69.86591906774613,10
Latent Neural ODE (ours),1,test,2021,LH190,59.840518282441295,54.50895049749043,10
Latent Neural ODE (ours),1,test,2021,LH191,54.939463135336275,47.10825477000153,10
Latent Neural ODE (ours),1,test,2021,LH192,72.9887234111289,62.702410713721896,10
Latent Neural ODE (ours),1,test,2021,LH194,45.386577858398624,36.47604001426526,9
Latent Neural ODE (ours),1,test,2021,LH195,44.40261661911151,41.93096887482604,10
Latent Neural ODE (ours),1,test,2021,LH197,133.69125044180976,119.19695351311722,10
Latent Neural ODE (ours),1,test,2021,LH198,111.78261576497668,106.01280431656866,10
Latent Neural ODE (ours),1,test,2021,LH199,47.005143162873836,34.115046958207444,9
Latent Neural ODE (ours),1,test,2021,LH202,109.66480389665358,100.83282812858778,10
Latent Neural ODE (ours),1,test,2021,LH204,41.49771468491791,37.944738871019275,10
Latent Neural ODE (ours),1,test,2021,LH205,53.47632011223058,45.09989882944993,9
Latent Neural ODE (ours),1,test,2021,LH206,79.9312944080806,75.90875669262115,10
Latent Neural ODE (ours),1,test,2021,LH208,59.699108657917186,53.601745466473474,10
Latent Neural ODE (ours),1,test,2021,LH209,101.01394613029743,92.88856844886395,10
Latent Neural ODE (ours),1,test,2021,LH213,103.9208300050123,99.33443758485532,10
Latent Neural ODE (ours),1,test,2021,LH214,114.55226506801927,106.18085537229305,10
Latent Neural ODE (ours),1,test,2021,LH215,56.39478143247353,50.12650655575461,10
Latent Neural ODE (ours),1,test,2021,LH222,85.92168387304899,74.81026680166494,10
Latent Neural ODE (ours),1,test,2021,LH223,87.96112399336354,81.89343723864218,10
Latent Neural ODE (ours),1,test,2021,LH224,75.53892454695325,66.46051941638407,10
Latent Neural ODE (ours),1,test,2021,LH295,52.58718112215121,52.11046025437615,10
Latent Neural ODE (ours),1,test,2021,LH59,59.6351145380806,56.357951328223166,10
Latent Neural ODE (ours),1,test,2021,LH60,85.85252938438259,75.81516334654427,10
Latent Neural ODE (ours),1,test,2021,LH61,57.27108323463741,55.15354860254432,10
Latent Neural ODE (ours),1,test,2021,LH74,45.45445669254759,42.34516053782058,10
Latent Neural ODE (ours),1,test,2021,LH82,63.56697685052219,60.80705362912698,10
Latent Neural ODE (ours),1,test,2021,LH93,52.96847561098931,46.64881462720884,10
Latent Neural ODE (ours),1,test,2021,LIBC 4,58.72992249878051,51.04087873001683,10
Latent Neural ODE (ours),1,test,2021,LP1 NR HT,47.20127200053235,39.94518630189989,10
Latent Neural ODE (ours),1,test,2021,LP5,116.47064944513139,106.85204129702113,10
Latent Neural ODE (ours),1,test,2021,Lp215D,82.04841376676181,77.22648192869497,10
Latent Neural ODE (ours),1,test,2021,M14,55.79360724813126,54.190653000927455,10
Latent Neural ODE (ours),1,test,2021,MBPM,57.569071016994016,53.54037993641482,10
Latent Neural ODE (ours),1,test,2021,MBWZ,43.11413560298021,35.531420935686555,9
Latent Neural ODE (ours),1,test,2021,MEF156-55-2,77.0469568951859,70.49396788670728,10
Latent Neural ODE (ours),1,test,2021,ML606,106.36991823304834,96.23225480222682,10
Latent Neural ODE (ours),1,test,2021,MM501D,77.72265821216276,71.17156227469158,10
Latent Neural ODE (ours),1,test,2021,MQ305,78.6793726200581,71.5083436546025,10
Latent Neural ODE (ours),1,test,2021,MS116,86.44063299689779,75.03083268979782,10
Latent Neural ODE (ours),1,test,2021,MS132,78.44132417356471,72.97206300632723,10
Latent Neural ODE (ours),1,test,2021,MS153,55.13618649586684,46.87410730648948,10
Latent Neural ODE (ours),1,test,2021,MS200,64.23287086874076,57.11233563945181,10
Latent Neural ODE (ours),1,test,2021,MS211,88.48118585456561,80.81839216254487,10
Latent Neural ODE (ours),1,test,2021,MS221,62.05909365358962,59.24047114464609,10
Latent Neural ODE (ours),1,test,2021,MS224,95.58152646181316,86.82163734866536,10
Latent Neural ODE (ours),1,test,2021,MS225,89.26145387574381,82.88875450098905,10
Latent Neural ODE (ours),1,test,2021,MS226,72.44208962937628,61.800655886556115,10
Latent Neural ODE (ours),1,test,2021,MS24A,115.3737580124788,108.50821439056624,10
Latent Neural ODE (ours),1,test,2021,MS67,49.61338835620285,45.22168249631947,10
Latent Neural ODE (ours),1,test,2021,MS71,64.8298440059216,60.238216103542584,10
Latent Neural ODE (ours),1,test,2021,MS72,92.26825042372828,80.92633485348347,10
Latent Neural ODE (ours),1,test,2021,Mo46,54.7641350000642,41.599426201957826,10
Latent Neural ODE (ours),1,test,2021,Mo47,89.0534019129572,83.32111440442523,10
Latent Neural ODE (ours),1,test,2021,Mo5,54.33021609514686,46.987138433838794,10
Latent Neural ODE (ours),1,test,2021,N192,69.67206039663493,66.78744174521111,10
Latent Neural ODE (ours),1,test,2021,N193,110.08852361675521,101.72996098267966,10
Latent Neural ODE (ours),1,test,2021,N201,68.01654303454194,62.038517240490044,10
Latent Neural ODE (ours),1,test,2021,N211,167.9044956296971,156.68120333135886,10
Latent Neural ODE (ours),1,test,2021,N217,74.58392722018887,63.60822255523417,10
Latent Neural ODE (ours),1,test,2021,N28Ht,41.74216880283629,34.462899374270904,10
Latent Neural ODE (ours),1,test,2021,N501,53.471831701691606,49.575726470933525,10
Latent Neural ODE (ours),1,test,2021,N523,110.52905902045867,102.71810836806075,10
Latent Neural ODE (ours),1,test,2021,N527,59.123437312332996,55.30459007243714,10
Latent Neural ODE (ours),1,test,2021,N534,75.43262907714903,65.65766336904515,10
Latent Neural ODE (ours),1,test,2021,N542,39.719251978876095,34.588207380878984,10
Latent Neural ODE (ours),1,test,2021,N6,46.10036154105982,35.41319884694248,8
Latent Neural ODE (ours),1,test,2021,NC262,52.945057010690476,45.98481090635975,9
Latent Neural ODE (ours),1,test,2021,NC294,58.94051936090211,54.05653161169987,10
Latent Neural ODE (ours),1,test,2021,NC310,106.31552650326331,102.61362917885215,10
Latent Neural ODE (ours),1,test,2021,NC326,43.989115669795005,38.578903438965824,10
Latent Neural ODE (ours),1,test,2021,NC328,56.63811451332395,50.53969480077545,10
Latent Neural ODE (ours),1,test,2021,NC368,32.01905298511707,28.66112033739982,9
Latent Neural ODE (ours),1,test,2021,NC412,46.32990760180238,39.64310659981677,10
Latent Neural ODE (ours),1,test,2021,ND247,64.17110903856548,63.205701543235136,9
Latent Neural ODE (ours),1,test,2021,ND265,132.17563496630902,125.05270304304364,10
Latent Neural ODE (ours),1,test,2021,NK740,55.42953401716905,41.28558699122514,10
Latent Neural ODE (ours),1,test,2021,NK778,82.55095920373216,74.85935668442082,10
Latent Neural ODE (ours),1,test,2021,NK807,50.37083715321332,45.65556382340677,10
Latent Neural ODE (ours),1,test,2021,NKS8326,53.30365719373711,45.73182120694743,10
Latent Neural ODE (ours),1,test,2021,NORTH 7,47.11851996950022,41.14990101788825,10
Latent Neural ODE (ours),1,test,2021,NQ508,66.41553887985347,60.97300783975565,10
Latent Neural ODE (ours),1,test,2021,NS501,51.92745743479254,43.80306822878806,10
Latent Neural ODE (ours),1,test,2021,NS701,83.54783258447802,75.44954531565641,10
Latent Neural ODE (ours),1,test,2021,NY 166 (Neveh Yaar),59.67622284667518,54.58875036539418,10
Latent Neural ODE (ours),1,test,2021,NY6371,47.65545494984098,41.02404974923223,10
Latent Neural ODE (ours),1,test,2021,Ny821,88.7276021907084,82.647832016406,10
Latent Neural ODE (ours),1,test,2021,OH33,94.31068531046044,86.79709697366977,10
Latent Neural ODE (ours),1,test,2021,OQ403,65.98135518487402,58.44022685419079,10
Latent Neural ODE (ours),1,test,2021,OQ603,71.68654074671535,65.12713761305474,10
Latent Neural ODE (ours),1,test,2021,OS602,72.43309944314105,64.55577609981503,10
Latent Neural ODE (ours),1,test,2021,Oh40B,50.95905226447457,42.83836472666279,10
Latent Neural ODE (ours),1,test,2021,Oh43,101.9113052735013,94.37277434294234,10
Latent Neural ODE (ours),1,test,2021,Oh7,90.82694071368866,77.84813001721457,10
Latent Neural ODE (ours),1,test,2021,Os420,107.7796280966745,99.43688405176852,10
Latent Neural ODE (ours),1,test,2021,Os426,81.33392021622171,68.81410957761823,10
Latent Neural ODE (ours),1,test,2021,PHB09,79.21689427213504,72.26585464977491,10
Latent Neural ODE (ours),1,test,2021,PHB47,108.00778325016847,99.58142978425003,10
Latent Neural ODE (ours),1,test,2021,PHBA6,102.72900981878544,91.58468406527096,10
Latent Neural ODE (ours),1,test,2021,PHBB3,54.34956944232682,50.78423990794977,10
Latent Neural ODE (ours),1,test,2021,PHBW8,147.10321428653387,123.85001608207358,10
Latent Neural ODE (ours),1,test,2021,PHG29,48.382869637096405,43.24724284637885,10
Latent Neural ODE (ours),1,test,2021,PHG47,115.44961375811755,100.37146560769936,9
Latent Neural ODE (ours),1,test,2021,PHG50,98.28868042477518,88.05140316685947,10
Latent Neural ODE (ours),1,test,2021,PHG71,82.88372325150816,74.94520057932661,10
Latent Neural ODE (ours),1,test,2021,PHG72,73.99305973353566,71.39065760699259,10
Latent Neural ODE (ours),1,test,2021,PHG80,48.15202636484445,40.66087689645133,10
Latent Neural ODE (ours),1,test,2021,PHG83,113.54139916142879,101.65781870886474,10
Latent Neural ODE (ours),1,test,2021,PHG86,50.8539013798448,42.18141243909138,9
Latent Neural ODE (ours),1,test,2021,PHGW7,82.53983982211763,72.17127041909478,10
Latent Neural ODE (ours),1,test,2021,PHH93,44.26873403823864,41.54400861312148,9
Latent Neural ODE (ours),1,test,2021,PHHV4,59.36335536027793,50.801334844914194,10
Latent Neural ODE (ours),1,test,2021,PHJ70,65.101485996956,57.51271355808808,10
Latent Neural ODE (ours),1,test,2021,PHJ89,96.58545663344103,89.76470529743723,10
Latent Neural ODE (ours),1,test,2021,PHJ90,50.316744590113636,45.510104631192576,10
Latent Neural ODE (ours),1,test,2021,PHJR5,86.67929057829038,73.73023018605915,10
Latent Neural ODE (ours),1,test,2021,PHK35,51.505648948604666,43.744398259164825,10
Latent Neural ODE (ours),1,test,2021,PHK42,66.46678578058446,62.58896395903796,10
Latent Neural ODE (ours),1,test,2021,PHK56,46.72900645743592,36.87273700451428,9
Latent Neural ODE (ours),1,test,2021,PHK74,85.5829050662782,73.99828559520756,10
Latent Neural ODE (ours),1,test,2021,PHKE6,49.188848757058004,44.86782263394723,10
Latent Neural ODE (ours),1,test,2021,PHM10,53.196242838352305,47.512631583424096,10
Latent Neural ODE (ours),1,test,2021,PHN11,66.62064814183462,60.78404830693198,10
Latent Neural ODE (ours),1,test,2021,PHN29,47.05762460403124,36.545738518407774,9
Latent Neural ODE (ours),1,test,2021,PHN66,94.36299698764526,87.41803550135475,10
Latent Neural ODE (ours),1,test,2021,PHP02,73.03036253723147,68.06426059528592,10
Latent Neural ODE (ours),1,test,2021,PHP55,112.05591028907632,105.06313148187573,10
Latent Neural ODE (ours),1,test,2021,PHP76,47.83839664653713,44.365893371330934,10
Latent Neural ODE (ours),1,test,2021,PHP85,166.6611419775039,148.6367507224019,8
Latent Neural ODE (ours),1,test,2021,PHPR5,94.15374436877977,81.16485936118251,10
Latent Neural ODE (ours),1,test,2021,PHR03,56.60978034403215,51.68400316625915,10
Latent Neural ODE (ours),1,test,2021,PHR30,93.36112876382879,86.18778539209703,10
Latent Neural ODE (ours),1,test,2021,PHR31,69.33189697714286,63.64255203217607,10
Latent Neural ODE (ours),1,test,2021,PHR36,62.63303229987138,54.21870477121492,10
Latent Neural ODE (ours),1,test,2021,PHR47,85.38974326271084,73.70910922709565,10
Latent Neural ODE (ours),1,test,2021,PHR58,89.15053706674699,84.36218049506026,10
Latent Neural ODE (ours),1,test,2021,PHR63,67.72887899575103,59.47234259109926,10
Latent Neural ODE (ours),1,test,2021,PHT10,69.91338748963149,62.59891255346861,10
Latent Neural ODE (ours),1,test,2021,PHT47,64.13344103758266,56.382167754791,10
Latent Neural ODE (ours),1,test,2021,PHT55,70.76659970905921,63.11276545487134,10
Latent Neural ODE (ours),1,test,2021,PHTM9,88.95696701343638,78.923826059876,10
Latent Neural ODE (ours),1,test,2021,PHV37,88.866907055919,84.26048661071756,10
Latent Neural ODE (ours),1,test,2021,PHV57,61.87582294437755,57.16134400948315,10
Latent Neural ODE (ours),1,test,2021,PHV63,43.14835810752627,38.825964760254976,10
Latent Neural ODE (ours),1,test,2021,PHVA9,67.7151755388093,61.925979450426645,10
Latent Neural ODE (ours),1,test,2021,PHW03,72.04957455738676,62.58478211496886,10
Latent Neural ODE (ours),1,test,2021,PHW17,75.42412265578895,65.22654838259211,10
Latent Neural ODE (ours),1,test,2021,PHW20,77.50992916826003,70.07798744270318,10
Latent Neural ODE (ours),1,test,2021,PHW30,101.18362600862937,82.1626946295802,10
Latent Neural ODE (ours),1,test,2021,PHW52,61.268874603933284,56.614789554076154,10
Latent Neural ODE (ours),1,test,2021,PHW53,43.04876153915888,38.28320059563155,10
Latent Neural ODE (ours),1,test,2021,PHW79,99.14936977955851,87.55708004921534,8
Latent Neural ODE (ours),1,test,2021,PHW80,94.34287465531168,86.9254745513527,10
Latent Neural ODE (ours),1,test,2021,PHW86,83.54081410937258,77.74257914338003,10
Latent Neural ODE (ours),1,test,2021,PHZ51,86.31220142053992,76.21082446203962,10
Latent Neural ODE (ours),1,test,2021,Pa392,106.06688450753003,98.48594341218279,10
Latent Neural ODE (ours),1,test,2021,Pa405,60.41335142922126,53.90192156237613,10
Latent Neural ODE (ours),1,test,2021,Pa762,49.09021034528215,45.99496407894702,10
Latent Neural ODE (ours),1,test,2021,Pa875,47.760449466925714,41.75708993419671,10
Latent Neural ODE (ours),1,test,2021,Pa880,96.3013403298074,85.52662309402837,10
Latent Neural ODE (ours),1,test,2021,Pa91,68.4400432530703,63.38946872673383,10
Latent Neural ODE (ours),1,test,2021,Q381,69.11527660057362,61.0032285194736,10
Latent Neural ODE (ours),1,test,2021,R168,91.54704614807785,83.19963010413434,10
Latent Neural ODE (ours),1,test,2021,R181B,99.73671611746369,84.10414113756913,10
Latent Neural ODE (ours),1,test,2021,R226,50.68162727242961,43.86584619130034,10
Latent Neural ODE (ours),1,test,2021,R227,32.26794039331726,25.916406255035326,10
Latent Neural ODE (ours),1,test,2021,R71,72.2234011372815,67.92528329370495,10
Latent Neural ODE (ours),1,test,2021,R78,45.49663571897695,41.52194042593463,10
Latent Neural ODE (ours),1,test,2021,S8326,59.56738454594596,49.85699625748739,10
Latent Neural ODE (ours),1,test,2021,SD101,62.68372453044499,59.51135678432828,10
Latent Neural ODE (ours),1,test,2021,SD102,72.132006626279,66.2747808834077,10
Latent Neural ODE (ours),1,test,2021,SD107,82.47387214185544,75.9258461926889,10
Latent Neural ODE (ours),1,test,2021,SD40,66.92600201849832,56.2935332250279,10
Latent Neural ODE (ours),1,test,2021,SD44,120.96277938330464,112.92703603789451,10
Latent Neural ODE (ours),1,test,2021,SG 30A,80.87469835777794,70.07284465971681,10
Latent Neural ODE (ours),1,test,2021,Seagull Seventeen,63.46264360306203,44.46745588436653,10
Latent Neural ODE (ours),1,test,2021,T242,104.05081286695416,94.54820356273743,10
Latent Neural ODE (ours),1,test,2021,TZU-CHIAO-HSI-WU 105,84.20207734715638,77.99354466556545,10
Latent Neural ODE (ours),1,test,2021,Tr,114.90270974283001,109.99282960965888,10
Latent Neural ODE (ours),1,test,2021,Va26,67.7635873197048,55.55129042043931,10
Latent Neural ODE (ours),1,test,2021,Va35,73.2277807706685,67.33795035173004,10
Latent Neural ODE (ours),1,test,2021,Va52,110.25930282489423,103.38145377359815,10
Latent Neural ODE (ours),1,test,2021,Va59,58.023784208576494,56.3940157176545,9
Latent Neural ODE (ours),1,test,2021,Va99,106.91193791089009,95.81976851758483,10
Latent Neural ODE (ours),1,test,2021,VaW6,71.08624227993694,54.37703699824025,9
Latent Neural ODE (ours),1,test,2021,W117Ht,60.110560722120866,51.35108841739465,9
Latent Neural ODE (ours),1,test,2021,W153R,61.73328687809548,56.14572012635541,8
Latent Neural ODE (ours),1,test,2021,W22,55.9593293652535,47.74781986266482,10
Latent Neural ODE (ours),1,test,2021,W23,74.00093541213201,63.62570106831453,10
Latent Neural ODE (ours),1,test,2021,W24,66.50786083204008,61.88608889868506,10
Latent Neural ODE (ours),1,test,2021,W32,61.5448897412815,58.361737146030464,10
Latent Neural ODE (ours),1,test,2021,W37A,123.68681589562117,109.89259140858844,10
Latent Neural ODE (ours),1,test,2021,W552,100.42797396530796,84.92034694002294,10
Latent Neural ODE (ours),1,test,2021,W603S,72.76982414020102,68.90200848711399,10
Latent Neural ODE (ours),1,test,2021,W604S,50.986400427402444,46.03912584367634,9
Latent Neural ODE (ours),1,test,2021,W605S,93.22150902708096,86.10791977236029,10
Latent Neural ODE (ours),1,test,2021,W607S,57.26193920502544,50.27395828915411,10
Latent Neural ODE (ours),1,test,2021,W610S,58.53197442811471,53.78393423534682,10
Latent Neural ODE (ours),1,test,2021,W612S,52.2432743387902,45.075957207126045,9
Latent Neural ODE (ours),1,test,2021,W614S,54.63155145479602,47.18720177550287,9
Latent Neural ODE (ours),1,test,2021,W64A,86.2699497811905,81.08290024095785,10
Latent Neural ODE (ours),1,test,2021,W701BC,61.36071847811124,52.40967313377812,10
Latent Neural ODE (ours),1,test,2021,W809G,81.2135565882542,63.45146355213073,10
Latent Neural ODE (ours),1,test,2021,W810G,44.995075120779966,36.53078405576837,10
Latent Neural ODE (ours),1,test,2021,W812G,47.86044292346135,43.74287926983583,10
Latent Neural ODE (ours),1,test,2021,W813G,74.023542550325,68.81863686316552,10
Latent Neural ODE (ours),1,test,2021,W814G,57.61236245972774,46.84228877419408,9
Latent Neural ODE (ours),1,test,2021,W8304,51.07855227104469,40.49360933928397,10
Latent Neural ODE (ours),1,test,2021,W9,125.75583206456707,113.49021193154408,10
Latent Neural ODE (ours),1,test,2021,WIL900,56.87025122296349,50.86359927522562,10
Latent Neural ODE (ours),1,test,2021,WR3,53.148283798342085,41.4379170565408,10
Latent Neural ODE (ours),1,test,2021,WU-TAN-TZAO,58.666897651136885,57.08166922237329,10
Latent Neural ODE (ours),1,test,2021,YE 4,60.64194104261668,56.378723725092684,10
Latent Neural ODE (ours),1,test,2021,YING-55,57.39709902355466,53.076361431535794,10
Latent Neural ODE (ours),1,test,2021,Yu796 NS,52.30252838914282,48.562470381767966,10
Latent Neural ODE (ours),1,test,2021,ZS635,122.28709806210958,86.35366891797801,10
