model,seed,split,year,genotype,rmse,mae,n_observed
Latent Neural ODE (ours),3,train,2018,1538,38.629089145886816,31.239607223412577,10
Latent Neural ODE (ours),3,train,2018,2369,49.86554736003413,41.622020840479976,9
Latent Neural ODE (ours),3,train,2018,29MIBZ2,35.3509320256926,29.685154231455442,10
Latent Neural ODE (ours),3,train,2018,2FACC,33.727712006063776,27.36156292715619,9
Latent Neural ODE (ours),3,train,2018,2FADB,66.61217062236342,54.59296541627705,8
Latent Neural ODE (ours),3,train,2018,2MA22,37.82661582362993,32.70521244522406,10
Latent Neural ODE (ours),3,train,2018,2MCDB,37.91768662793361,32.843800122905144,10
Latent Neural ODE (ours),3,train,2018,3IJI1,35.81777220434463,29.28808630366932,10
Latent Neural ODE (ours),3,train,2018,4226,46.63652078050068,40.643582051719,10
Latent Neural ODE (ours),3,train,2018,4F-306 108,36.82676687139862,30.26559357532248,10
Latent Neural ODE (ours),3,train,2018,4N506,31.818160883192284,27.450363419152335,10
Latent Neural ODE (ours),3,train,2018,6F629,28.411912906093466,23.556359453175055,10
Latent Neural ODE (ours),3,train,2018,6M502,36.17625718307088,25.11337523940124,10
Latent Neural ODE (ours),3,train,2018,6M502A,25.67073029809914,17.847766496282905,10
Latent Neural ODE (ours),3,train,2018,764,35.282943334718084,30.69340591175406,10
Latent Neural ODE (ours),3,train,2018,78010,27.431259151815194,25.332813114011277,10
Latent Neural ODE (ours),3,train,2018,78551S,25.206700547489,19.956194869826582,8
Latent Neural ODE (ours),3,train,2018,790,33.495188665893735,29.499163004960415,10
Latent Neural ODE (ours),3,train,2018,793,38.29627529524847,32.978515264013396,10
Latent Neural ODE (ours),3,train,2018,87916W,37.83752845623207,29.99772423225461,10
Latent Neural ODE (ours),3,train,2018,911,31.172856200459357,25.76666427472164,10
Latent Neural ODE (ours),3,train,2018,912,37.617236517975996,27.92539131402241,10
Latent Neural ODE (ours),3,train,2018,91IFC2,34.28432207639272,27.780291740961758,10
Latent Neural ODE (ours),3,train,2018,A,38.81221133132036,32.83577615935846,10
Latent Neural ODE (ours),3,train,2018,A208,35.019808719166875,30.80632589834632,10
Latent Neural ODE (ours),3,train,2018,A239,26.845938922762016,19.40374654350816,10
Latent Neural ODE (ours),3,train,2018,A258,39.014727166205645,34.45089107159977,10
Latent Neural ODE (ours),3,train,2018,A272,34.60778253222313,30.26655542863955,9
Latent Neural ODE (ours),3,train,2018,A305,40.878595412898115,34.37097202977137,10
Latent Neural ODE (ours),3,train,2018,A321,26.531247406010536,22.54897083440946,10
Latent Neural ODE (ours),3,train,2018,A322,45.41092180180621,38.56286319887057,10
Latent Neural ODE (ours),3,train,2018,A334,30.7797566708902,27.243875703022645,10
Latent Neural ODE (ours),3,train,2018,A340,37.728161321667166,28.92731159576641,10
Latent Neural ODE (ours),3,train,2018,A374,41.041201862114676,35.01047195476261,10
Latent Neural ODE (ours),3,train,2018,A385,38.72165020869559,30.96728149844639,10
Latent Neural ODE (ours),3,train,2018,A427,49.743180037964606,44.16667774887926,10
Latent Neural ODE (ours),3,train,2018,A548,35.77393213978034,29.676782632327125,10
Latent Neural ODE (ours),3,train,2018,A556,34.57531592472043,27.646587577557163,10
Latent Neural ODE (ours),3,train,2018,A572,53.65064618403885,41.93795149957184,10
Latent Neural ODE (ours),3,train,2018,A619,30.012728279558345,22.997177031414584,10
Latent Neural ODE (ours),3,train,2018,A627,32.13613581025099,25.97217196476929,10
Latent Neural ODE (ours),3,train,2018,A632,30.768494525630764,26.333802566461266,8
Latent Neural ODE (ours),3,train,2018,A634,37.782904629572464,29.30082110402459,10
Latent Neural ODE (ours),3,train,2018,A635,46.39816389890427,35.74240156703576,10
Latent Neural ODE (ours),3,train,2018,A641,40.7450975361315,33.60181087477049,10
Latent Neural ODE (ours),3,train,2018,A648,27.04965546746054,19.334728662809727,8
Latent Neural ODE (ours),3,train,2018,A649,47.42222847518344,38.89401948554143,8
Latent Neural ODE (ours),3,train,2018,A659,36.92182501122773,32.760321318785415,10
Latent Neural ODE (ours),3,train,2018,A663,45.139458467227776,35.72447406199448,10
Latent Neural ODE (ours),3,train,2018,A672,31.21760771987602,25.995508184234758,10
Latent Neural ODE (ours),3,train,2018,A674,33.5334506541735,26.745093904698688,10
Latent Neural ODE (ours),3,train,2018,A679,37.49821037755808,29.499919527753796,10
Latent Neural ODE (ours),3,train,2018,A680,36.10264433378273,31.63652658341499,10
Latent Neural ODE (ours),3,train,2018,A682,39.1700715636055,32.1778408693265,9
Latent Neural ODE (ours),3,train,2018,A71,38.69532304613159,33.69992197655328,10
Latent Neural ODE (ours),3,train,2018,A73,36.659583238804885,32.19161622337939,10
Latent Neural ODE (ours),3,train,2018,AQA3,55.32670788896875,45.45611187921524,10
Latent Neural ODE (ours),3,train,2018,AS6103,33.562062375621444,29.073691588541955,10
Latent Neural ODE (ours),3,train,2018,AusTRCF 306238,43.95008670340891,37.86295906657085,8
Latent Neural ODE (ours),3,train,2018,B-18 INBR.FR.SUPERGOLD,37.258599851485464,30.89040288327943,10
Latent Neural ODE (ours),3,train,2018,B-28,34.712986339901335,29.556877353447994,10
Latent Neural ODE (ours),3,train,2018,B103,32.54517508124759,28.409492269508377,10
Latent Neural ODE (ours),3,train,2018,B104,34.70159357112111,28.228005970086606,8
Latent Neural ODE (ours),3,train,2018,B105,32.63811255433898,25.77616414190917,10
Latent Neural ODE (ours),3,train,2018,B107,34.19861725029393,28.673149657986805,9
Latent Neural ODE (ours),3,train,2018,B108,27.11813390556546,21.355166463223007,10
Latent Neural ODE (ours),3,train,2018,B110,38.53528226708569,28.85805555048488,10
Latent Neural ODE (ours),3,train,2018,B111,42.75975156553211,30.58695123020567,10
Latent Neural ODE (ours),3,train,2018,B114,30.794048368054668,25.82093600647052,9
Latent Neural ODE (ours),3,train,2018,B115,47.53821640234818,37.987817908133266,8
Latent Neural ODE (ours),3,train,2018,B119,42.29501743729039,34.07964494139741,10
Latent Neural ODE (ours),3,train,2018,B120,36.814090071344026,28.26233978941883,10
Latent Neural ODE (ours),3,train,2018,B121,37.81769516893877,34.43507316392591,10
Latent Neural ODE (ours),3,train,2018,B14,31.288427607497873,24.211165335158555,9
Latent Neural ODE (ours),3,train,2018,B14A,35.50148040765692,31.17232523997648,10
Latent Neural ODE (ours),3,train,2018,B164,31.2386681314466,28.189254865641253,10
Latent Neural ODE (ours),3,train,2018,B2,29.69731698834333,23.91714523850043,10
Latent Neural ODE (ours),3,train,2018,B37,30.58832764654888,23.846564463814126,10
Latent Neural ODE (ours),3,train,2018,B46,35.252878748786685,30.873505953332632,10
Latent Neural ODE (ours),3,train,2018,B57,24.23694593624607,20.366317214186893,10
Latent Neural ODE (ours),3,train,2018,B65,44.704970056242914,35.40622427572717,10
Latent Neural ODE (ours),3,train,2018,B66,42.90023500021379,33.4122536956598,10
Latent Neural ODE (ours),3,train,2018,B68,41.774641806824704,32.872268917649045,9
Latent Neural ODE (ours),3,train,2018,B70,43.88567903522572,30.841573930838855,8
Latent Neural ODE (ours),3,train,2018,B75,31.640989418225267,26.7615108982041,9
Latent Neural ODE (ours),3,train,2018,B76,32.4903736072789,27.469322753516032,10
Latent Neural ODE (ours),3,train,2018,B77,36.11182721008491,30.91991281093258,10
Latent Neural ODE (ours),3,train,2018,B79,36.03607391877961,27.09026600868101,9
Latent Neural ODE (ours),3,train,2018,B84,41.723172661212985,31.731516458513617,10
Latent Neural ODE (ours),3,train,2018,B85,35.735421743107,29.698653373961132,10
Latent Neural ODE (ours),3,train,2018,B87,23.554610250748635,22.03753861962493,10
Latent Neural ODE (ours),3,train,2018,B88,47.90671256288136,41.19026457964187,10
Latent Neural ODE (ours),3,train,2018,B91,30.886178646430523,26.366863785435633,10
Latent Neural ODE (ours),3,train,2018,B97,43.1402607812012,33.90355188058902,10
Latent Neural ODE (ours),3,train,2018,BEI 10 = NORTH 10,31.690030121841172,24.9674399725572,10
Latent Neural ODE (ours),3,train,2018,BO9,51.407750414062086,43.439935628387424,10
Latent Neural ODE (ours),3,train,2018,C103,45.12828042207058,38.93845841201633,9
Latent Neural ODE (ours),3,train,2018,C123,40.46278085359046,33.921579933149616,9
Latent Neural ODE (ours),3,train,2018,CA-4,39.3958115454628,32.483964715266374,10
Latent Neural ODE (ours),3,train,2018,CG102,31.257835210269082,25.729961190207028,10
Latent Neural ODE (ours),3,train,2018,CH157,38.893844492072354,31.825745249527255,10
Latent Neural ODE (ours),3,train,2018,CH701-30,25.531011764007726,20.55410167989586,10
Latent Neural ODE (ours),3,train,2018,CH711-10,33.965173132161205,27.804105592819603,10
Latent Neural ODE (ours),3,train,2018,CH9,39.31424652098429,32.95204478560205,10
Latent Neural ODE (ours),3,train,2018,CI 40H,38.227584247889645,28.755403682909087,10
Latent Neural ODE (ours),3,train,2018,CM105,42.37063059217307,34.91104035906011,10
Latent Neural ODE (ours),3,train,2018,CO257,39.72934292711071,32.878909198906996,10
Latent Neural ODE (ours),3,train,2018,CO258,33.36427054582953,27.355505821510256,8
Latent Neural ODE (ours),3,train,2018,CQ702RC,22.302055959023242,19.312282872626916,10
Latent Neural ODE (ours),3,train,2018,CR 22 INBRED,32.61043847476163,26.760843392998474,10
Latent Neural ODE (ours),3,train,2018,CS405,34.74235849630747,29.65388429685576,10
Latent Neural ODE (ours),3,train,2018,DE2,39.96415882761861,35.990836223993355,10
Latent Neural ODE (ours),3,train,2018,DE4,33.07436392301484,27.038889303444158,10
Latent Neural ODE (ours),3,train,2018,DE811,42.58826770013595,32.6662136554044,9
Latent Neural ODE (ours),3,train,2018,DJ7,33.98212819870149,29.264463374445814,10
Latent Neural ODE (ours),3,train,2018,DK3IIH6,44.07497873435294,36.02826846355172,10
Latent Neural ODE (ours),3,train,2018,DK4676A,53.45667678720947,43.308870497982994,10
Latent Neural ODE (ours),3,train,2018,DK78002A,37.802669966279936,27.714286267562045,10
Latent Neural ODE (ours),3,train,2018,DK78010,32.60135914135779,26.299293463208777,10
Latent Neural ODE (ours),3,train,2018,DKFAPW,24.38702335871183,19.719629019432354,10
Latent Neural ODE (ours),3,train,2018,DKFBHJ,34.04881330735344,25.309935955965223,10
Latent Neural ODE (ours),3,train,2018,DKMBNA,50.53402340682011,42.239306913346454,10
Latent Neural ODE (ours),3,train,2018,DKPB80,35.71669567950966,29.043179805768368,10
Latent Neural ODE (ours),3,train,2018,E8501,33.36110650871904,28.878876869243147,10
Latent Neural ODE (ours),3,train,2018,EAST 028,31.570817505503534,26.63961696858654,10
Latent Neural ODE (ours),3,train,2018,Eng-Li Chih,37.198336406790006,30.653711597366048,10
Latent Neural ODE (ours),3,train,2018,F118,34.485125081432244,29.162661861947846,10
Latent Neural ODE (ours),3,train,2018,F2834T,40.25174432600797,34.54844341516091,10
Latent Neural ODE (ours),3,train,2018,FBLA,36.856784600119525,28.51887367123461,10
Latent Neural ODE (ours),3,train,2018,FR19,44.043661992115744,35.675288351389064,10
Latent Neural ODE (ours),3,train,2018,G80,26.52232236550853,22.668620680958703,10
Latent Neural ODE (ours),3,train,2018,H110,28.828527571164145,25.09552234405835,10
Latent Neural ODE (ours),3,train,2018,H113,28.996231105499813,25.267042221322686,10
Latent Neural ODE (ours),3,train,2018,H121,30.369120018034998,26.877688696823583,10
Latent Neural ODE (ours),3,train,2018,H122w,31.21801571106165,26.00753565858467,10
Latent Neural ODE (ours),3,train,2018,H42,36.30475703727534,33.21029338725485,10
Latent Neural ODE (ours),3,train,2018,H5,33.421755821821705,27.596609831245154,10
Latent Neural ODE (ours),3,train,2018,H71,29.321036074186804,23.812979673724783,10
Latent Neural ODE (ours),3,train,2018,H84,35.563300517247626,25.343792468711616,10
Latent Neural ODE (ours),3,train,2018,H91,30.08803051376484,24.875261482120113,10
Latent Neural ODE (ours),3,train,2018,H95,30.42620938036536,25.038079718227834,9
Latent Neural ODE (ours),3,train,2018,H96,37.66639238973591,31.56486228476807,9
Latent Neural ODE (ours),3,train,2018,H99,33.84103568030216,27.37869705706398,10
Latent Neural ODE (ours),3,train,2018,HP301,49.3333210246852,43.68044667021364,10
Latent Neural ODE (ours),3,train,2018,HUANYAO,75.722810615976,64.24951369446119,9
Latent Neural ODE (ours),3,train,2018,I29,46.10581265838054,38.31689326841252,10
Latent Neural ODE (ours),3,train,2018,IA2132,45.04658695790184,37.79687768024657,10
Latent Neural ODE (ours),3,train,2018,IBB14,88.09345724844123,76.13649953892141,10
Latent Neural ODE (ours),3,train,2018,IBB15,34.2129337540334,28.862932548630504,10
Latent Neural ODE (ours),3,train,2018,IBC2,28.11235328676761,22.36301544663419,10
Latent Neural ODE (ours),3,train,2018,ICI 193,28.529068106507687,24.101757000091418,10
Latent Neural ODE (ours),3,train,2018,ICI 740,44.06079306343351,34.15491798191933,10
Latent Neural ODE (ours),3,train,2018,ICI 893,33.603874203957794,26.55542139007169,10
Latent Neural ODE (ours),3,train,2018,ICI 986,26.54557935233224,19.474153337500375,10
Latent Neural ODE (ours),3,train,2018,IDS28,46.734433275064966,41.91844871989404,10
Latent Neural ODE (ours),3,train,2018,IDS69,29.546763775166923,25.89307281510694,10
Latent Neural ODE (ours),3,train,2018,IDS91,38.98723399872239,31.31100975460236,9
Latent Neural ODE (ours),3,train,2018,INB 101LFY/LFY (A632 X M16 S5),30.423318585247653,25.60009437626861,10
Latent Neural ODE (ours),3,train,2018,INBRED 141,33.099932044979084,29.731059395977063,10
Latent Neural ODE (ours),3,train,2018,INBRED 2-687,36.76192823265565,30.943726952396236,9
Latent Neural ODE (ours),3,train,2018,INBRED 305,29.942972133908057,25.528388265781985,10
Latent Neural ODE (ours),3,train,2018,INBRED 309,27.462274379406104,20.932540785956036,9
Latent Neural ODE (ours),3,train,2018,INBRED 321,28.05645209867609,23.963850456822904,10
Latent Neural ODE (ours),3,train,2018,Ia 453,32.768062845872585,28.9278993507704,10
Latent Neural ODE (ours),3,train,2018,J47,49.709349436207916,39.91152504908744,10
Latent Neural ODE (ours),3,train,2018,K150,33.00541166265912,26.67044315467433,10
Latent Neural ODE (ours),3,train,2018,K41,33.97553530097131,26.414401566545383,10
Latent Neural ODE (ours),3,train,2018,K47,37.183144834272404,26.80013175243361,10
Latent Neural ODE (ours),3,train,2018,K55,27.317186783696535,21.877580639160232,10
Latent Neural ODE (ours),3,train,2018,KUNG-70,29.705762828831226,28.35322808594473,10
Latent Neural ODE (ours),3,train,2018,L 127,45.60064902716994,37.57015021003828,10
Latent Neural ODE (ours),3,train,2018,L 135,38.29382663481783,32.39498890314925,10
Latent Neural ODE (ours),3,train,2018,L 139,37.67165408189336,31.178238628736125,10
Latent Neural ODE (ours),3,train,2018,L 155,33.637409804625705,29.998348477591446,10
Latent Neural ODE (ours),3,train,2018,L 289,35.82938312937653,28.684362869383733,10
Latent Neural ODE (ours),3,train,2018,LH1,25.770446452793934,22.727381520063133,10
Latent Neural ODE (ours),3,train,2018,LH119,33.79253252132481,30.117883314430923,10
Latent Neural ODE (ours),3,train,2018,LH128,20.823896838467125,17.83790009673424,10
Latent Neural ODE (ours),3,train,2018,LH143 (Maintainer),43.8982285573696,36.147724781014276,10
Latent Neural ODE (ours),3,train,2018,LH145,28.146593013473286,23.160961247722256,9
Latent Neural ODE (ours),3,train,2018,LH146Ht,47.1145936221358,36.29799360068983,10
Latent Neural ODE (ours),3,train,2018,LH149,39.37751897809628,33.526749608501675,10
Latent Neural ODE (ours),3,train,2018,LH165,33.45134595897693,28.80336436091195,10
Latent Neural ODE (ours),3,train,2018,LH166,31.35509439620174,24.501678993196247,10
Latent Neural ODE (ours),3,train,2018,LH172,29.481599193551745,23.60030051105117,9
Latent Neural ODE (ours),3,train,2018,LH184,36.74248097320679,29.885739962054505,10
Latent Neural ODE (ours),3,train,2018,LH185,29.235068927915478,24.136881443301885,9
Latent Neural ODE (ours),3,train,2018,LH190,37.679049757341055,31.451038402222707,10
Latent Neural ODE (ours),3,train,2018,LH191,41.82002368077182,37.59726806605102,10
Latent Neural ODE (ours),3,train,2018,LH192,25.854967322283247,20.89752197646703,10
Latent Neural ODE (ours),3,train,2018,LH194,40.06362107384061,28.6333248761786,9
Latent Neural ODE (ours),3,train,2018,LH195,31.880553588594548,25.30117990511589,10
Latent Neural ODE (ours),3,train,2018,LH197,40.88969770703922,34.252461202897265,10
Latent Neural ODE (ours),3,train,2018,LH198,35.46220553779138,29.96528106829275,10
Latent Neural ODE (ours),3,train,2018,LH199,26.487361943556937,20.896893495645138,10
Latent Neural ODE (ours),3,train,2018,LH202,37.0335993699725,32.11366374984594,10
Latent Neural ODE (ours),3,train,2018,LH204,25.109870103378253,20.073592741549014,10
Latent Neural ODE (ours),3,train,2018,LH205,21.520360895650434,15.951798958828151,9
Latent Neural ODE (ours),3,train,2018,LH206,33.25868811496879,27.287382931386084,10
Latent Neural ODE (ours),3,train,2018,LH208,36.00735541875173,29.838863894034056,10
Latent Neural ODE (ours),3,train,2018,LH209,25.423640372813733,21.66564739246698,10
Latent Neural ODE (ours),3,train,2018,LH213,42.69654455432449,33.874553975806805,9
Latent Neural ODE (ours),3,train,2018,LH214,33.85767867658889,26.485623528508768,10
Latent Neural ODE (ours),3,train,2018,LH215,23.830824483196057,20.04874412810987,10
Latent Neural ODE (ours),3,train,2018,LH222,39.25204740680784,28.517996274213694,10
Latent Neural ODE (ours),3,train,2018,LH223,54.68167183401933,47.36418258674013,10
Latent Neural ODE (ours),3,train,2018,LH224,29.422129039021204,24.102964258137,9
Latent Neural ODE (ours),3,train,2018,LH295,45.15194069911523,36.63691125083354,10
Latent Neural ODE (ours),3,train,2018,LH59,36.86803406536445,27.550263524664,10
Latent Neural ODE (ours),3,train,2018,LH60,35.18415302948133,28.715255845812898,10
Latent Neural ODE (ours),3,train,2018,LH61,35.166149967501134,29.663828889974802,8
Latent Neural ODE (ours),3,train,2018,LH74,30.707951780343798,28.01252045465251,10
Latent Neural ODE (ours),3,train,2018,LH82,25.863833350087003,20.907780321287202,10
Latent Neural ODE (ours),3,train,2018,LH93,39.095949361957096,33.21262094919969,10
Latent Neural ODE (ours),3,train,2018,LIBC 4,38.17515459627579,33.5574252719665,10
Latent Neural ODE (ours),3,train,2018,LP1 NR HT,30.996675011703687,26.606568130260808,10
Latent Neural ODE (ours),3,train,2018,LP5,41.24293194442278,33.593141162655115,10
Latent Neural ODE (ours),3,train,2018,Lp215D,38.969509046008724,30.751524260355232,10
Latent Neural ODE (ours),3,train,2018,M14,25.476441838373756,21.777068017347293,10
Latent Neural ODE (ours),3,train,2018,MBPM,29.570086852774956,25.24574261855896,10
Latent Neural ODE (ours),3,train,2018,MBWZ,30.910285675915816,26.797128467718107,10
Latent Neural ODE (ours),3,train,2018,MEF156-55-2,39.49531424439713,28.855275280348216,10
Latent Neural ODE (ours),3,train,2018,ML606,36.75816180293882,32.040496071206384,10
Latent Neural ODE (ours),3,train,2018,MM501D,41.68320497103112,36.22631550956592,8
Latent Neural ODE (ours),3,train,2018,MQ305,37.62530777278926,28.846419695599927,10
Latent Neural ODE (ours),3,train,2018,MS116,44.468932314330694,35.65463547461365,10
Latent Neural ODE (ours),3,train,2018,MS132,35.65963049899648,28.251209586288972,10
Latent Neural ODE (ours),3,train,2018,MS153,34.757296253651546,27.010346695417866,10
Latent Neural ODE (ours),3,train,2018,MS200,33.552694051953225,26.194421803252496,9
Latent Neural ODE (ours),3,train,2018,MS211,31.79410720607626,27.934608706936956,10
Latent Neural ODE (ours),3,train,2018,MS221,23.446430123154617,20.018194877583813,10
Latent Neural ODE (ours),3,train,2018,MS224,33.004344753795635,25.112476664955004,10
Latent Neural ODE (ours),3,train,2018,MS225,38.505420572042716,30.372022843960497,10
Latent Neural ODE (ours),3,train,2018,MS226,39.83555895672133,33.86766347533576,10
Latent Neural ODE (ours),3,train,2018,MS24A,37.34756505779367,31.28718898840566,10
Latent Neural ODE (ours),3,train,2018,MS67,48.23486084072537,36.32037756271765,10
Latent Neural ODE (ours),3,train,2018,MS71,45.606461197387866,39.05833121884332,10
Latent Neural ODE (ours),3,train,2018,MS72,39.15135751977238,31.306229122792082,10
Latent Neural ODE (ours),3,train,2018,Mo46,36.32548810422791,25.668192830902044,8
Latent Neural ODE (ours),3,train,2018,Mo47,30.022525543740333,25.891787345390618,8
Latent Neural ODE (ours),3,train,2018,Mo5,58.97038814488536,47.7379798183767,9
Latent Neural ODE (ours),3,train,2018,N192,30.535445557762284,26.628499471911862,10
Latent Neural ODE (ours),3,train,2018,N193,33.568107028071516,27.062060664798754,10
Latent Neural ODE (ours),3,train,2018,N201,36.66373418286732,30.884277068653603,10
Latent Neural ODE (ours),3,train,2018,N211,43.85899165691834,33.80077017910575,10
Latent Neural ODE (ours),3,train,2018,N217,36.85405255002625,31.539137794738547,10
Latent Neural ODE (ours),3,train,2018,N28Ht,35.34430646140765,30.44047186643444,10
Latent Neural ODE (ours),3,train,2018,N501,30.29810540143335,25.695544652213552,9
Latent Neural ODE (ours),3,train,2018,N523,27.989693151138663,19.933904163558353,10
Latent Neural ODE (ours),3,train,2018,N527,25.56533596874896,19.134561919425266,10
Latent Neural ODE (ours),3,train,2018,N534,28.708583894374488,23.678056993848507,10
Latent Neural ODE (ours),3,train,2018,N542,42.841816019460175,39.04336169330767,9
Latent Neural ODE (ours),3,train,2018,N6,34.62724677269556,29.665542306585657,10
Latent Neural ODE (ours),3,train,2018,NC262,39.56199422143358,35.19607351663193,10
Latent Neural ODE (ours),3,train,2018,NC294,38.11861424212872,27.21553704989241,10
Latent Neural ODE (ours),3,train,2018,NC310,24.639033897332315,22.124621821532426,10
Latent Neural ODE (ours),3,train,2018,NC326,31.35196208780069,25.802074884679246,10
Latent Neural ODE (ours),3,train,2018,NC328,27.671232794599884,22.901764585229383,10
Latent Neural ODE (ours),3,train,2018,NC368,32.47151335319112,27.010402480738215,9
Latent Neural ODE (ours),3,train,2018,NC412,27.712064318080845,22.514043558458738,10
Latent Neural ODE (ours),3,train,2018,ND247,31.210561122327707,24.813105413028673,10
Latent Neural ODE (ours),3,train,2018,ND265,38.717774757076995,33.481847276520114,10
Latent Neural ODE (ours),3,train,2018,NK740,62.18149831147161,55.03666342814349,10
Latent Neural ODE (ours),3,train,2018,NK778,51.96611509498363,42.165066498562936,9
Latent Neural ODE (ours),3,train,2018,NK807,41.24972219569164,31.365765055662855,10
Latent Neural ODE (ours),3,train,2018,NKS8326,26.64029823023865,21.33978969760868,10
Latent Neural ODE (ours),3,train,2018,NORTH 7,36.53537529941047,30.068739632869587,10
Latent Neural ODE (ours),3,train,2018,NQ508,34.263136563529876,24.129482159500746,10
Latent Neural ODE (ours),3,train,2018,NS501,32.386374571705126,26.36241308705146,9
Latent Neural ODE (ours),3,train,2018,NS701,25.886335767432943,20.881626201029334,10
Latent Neural ODE (ours),3,train,2018,NY 166 (Neveh Yaar),28.844556357091417,24.71103543593909,10
Latent Neural ODE (ours),3,train,2018,NY6371,36.86293928801949,29.094947859035436,8
Latent Neural ODE (ours),3,train,2018,Ny821,34.792107401522095,29.5477893057311,10
Latent Neural ODE (ours),3,train,2018,OH33,50.81766172887263,38.104278905040275,9
Latent Neural ODE (ours),3,train,2018,OQ403,41.16435673013853,31.31280259560831,10
Latent Neural ODE (ours),3,train,2018,OQ603,26.803102903470183,23.205948977218867,10
Latent Neural ODE (ours),3,train,2018,OS602,30.79168683748458,25.296516636062627,10
Latent Neural ODE (ours),3,train,2018,Oh40B,37.682373587594476,27.921285825771157,10
Latent Neural ODE (ours),3,train,2018,Oh43,43.37717446386525,31.856414071054683,10
Latent Neural ODE (ours),3,train,2018,Oh7,24.84544472976897,22.619917851851085,9
Latent Neural ODE (ours),3,train,2018,Os420,30.994738953873096,25.801041426324115,10
Latent Neural ODE (ours),3,train,2018,Os426,37.05893446518985,27.87243862816416,10
Latent Neural ODE (ours),3,train,2018,PHB09,33.92798512755941,27.44134183597027,10
Latent Neural ODE (ours),3,train,2018,PHB47,30.40919211953687,25.80800912505765,10
Latent Neural ODE (ours),3,train,2018,PHBA6,44.592626847650074,35.15221343978218,10
Latent Neural ODE (ours),3,train,2018,PHBB3,28.67643655011014,19.75796667537434,10
Latent Neural ODE (ours),3,train,2018,PHBW8,65.5894938937401,55.831150828975886,10
Latent Neural ODE (ours),3,train,2018,PHG29,35.913086809147124,32.41702450289414,10
Latent Neural ODE (ours),3,train,2018,PHG47,54.580530046614214,45.69345152014965,10
Latent Neural ODE (ours),3,train,2018,PHG50,30.967106299360463,27.67299713014493,10
Latent Neural ODE (ours),3,train,2018,PHG71,39.91578331970243,27.872283218443037,10
Latent Neural ODE (ours),3,train,2018,PHG72,35.36922024340293,29.06772053202416,10
Latent Neural ODE (ours),3,train,2018,PHG80,32.389330058729605,23.42195219925016,10
Latent Neural ODE (ours),3,train,2018,PHG83,40.900037270446106,33.42033793341699,10
Latent Neural ODE (ours),3,train,2018,PHG86,27.428570340684843,19.390681701124592,10
Latent Neural ODE (ours),3,train,2018,PHGW7,35.877335144166054,28.887086868326026,10
Latent Neural ODE (ours),3,train,2018,PHH93,33.0721469828047,29.54290807210042,10
Latent Neural ODE (ours),3,train,2018,PHHV4,28.2633270589302,26.427684047699824,10
Latent Neural ODE (ours),3,train,2018,PHJ70,36.49081421763599,26.74859567342533,10
Latent Neural ODE (ours),3,train,2018,PHJ89,32.30384121473204,26.732441859205398,10
Latent Neural ODE (ours),3,train,2018,PHJ90,29.16457415964483,24.960807202950104,10
Latent Neural ODE (ours),3,train,2018,PHJR5,41.245956378061095,30.9354537830447,10
Latent Neural ODE (ours),3,train,2018,PHK35,34.49236715248611,26.31652667450644,10
Latent Neural ODE (ours),3,train,2018,PHK42,35.71293235615163,28.116407129027145,10
Latent Neural ODE (ours),3,train,2018,PHK56,31.14439633484774,25.656726069613022,10
Latent Neural ODE (ours),3,train,2018,PHK74,31.067330368255234,26.971763055535735,10
Latent Neural ODE (ours),3,train,2018,PHKE6,31.219869793157937,26.02889162588038,10
Latent Neural ODE (ours),3,train,2018,PHM10,32.99683926336668,27.681840497147846,10
Latent Neural ODE (ours),3,train,2018,PHN11,34.864490269698,29.411495957727446,10
Latent Neural ODE (ours),3,train,2018,PHN29,32.093435155978625,28.14217839039599,9
Latent Neural ODE (ours),3,train,2018,PHN66,25.634203007917197,23.046338632335797,10
Latent Neural ODE (ours),3,train,2018,PHP02,35.91453157642,30.57916575704862,10
Latent Neural ODE (ours),3,train,2018,PHP55,32.420978973053074,29.323088678028256,10
Latent Neural ODE (ours),3,train,2018,PHP76,37.69638896534667,33.23373060674872,10
Latent Neural ODE (ours),3,train,2018,PHP85,31.168484273505275,23.63496321398842,10
Latent Neural ODE (ours),3,train,2018,PHPR5,30.84466414863636,26.502346852566273,10
Latent Neural ODE (ours),3,train,2018,PHR03,32.17935253699935,26.621526397370367,10
Latent Neural ODE (ours),3,train,2018,PHR30,38.91573383997895,32.56566950275822,10
Latent Neural ODE (ours),3,train,2018,PHR31,32.851163173276774,27.621656209256038,10
Latent Neural ODE (ours),3,train,2018,PHR36,32.82819621070489,30.902053761466092,9
Latent Neural ODE (ours),3,train,2018,PHR47,35.59044823729148,27.533507945758714,10
Latent Neural ODE (ours),3,train,2018,PHR58,47.50579440027759,38.041980802396345,10
Latent Neural ODE (ours),3,train,2018,PHR63,29.837058729996315,27.74926909352839,8
Latent Neural ODE (ours),3,train,2018,PHT10,30.0616534948879,22.89836316491805,10
Latent Neural ODE (ours),3,train,2018,PHT47,54.183598117654995,47.73174710300397,10
Latent Neural ODE (ours),3,train,2018,PHT55,47.19724555257656,39.40055453837539,9
Latent Neural ODE (ours),3,train,2018,PHTM9,43.69634512839559,35.82029083409983,10
Latent Neural ODE (ours),3,train,2018,PHV37,29.241691779651273,26.835298007483793,10
Latent Neural ODE (ours),3,train,2018,PHV57,30.875298751110552,24.54375593083491,10
Latent Neural ODE (ours),3,train,2018,PHV63,32.02868733823892,25.643361485209688,10
Latent Neural ODE (ours),3,train,2018,PHVA9,33.418482593893174,26.246898883959084,10
Latent Neural ODE (ours),3,train,2018,PHW03,31.006991012048776,26.7499135608927,10
Latent Neural ODE (ours),3,train,2018,PHW17,45.30135769157205,37.94312669879173,10
Latent Neural ODE (ours),3,train,2018,PHW20,34.91903558502699,28.218225257658812,8
Latent Neural ODE (ours),3,train,2018,PHW30,41.76041872561513,35.092671642393626,10
Latent Neural ODE (ours),3,train,2018,PHW52,21.602609000422294,16.693815396876833,9
Latent Neural ODE (ours),3,train,2018,PHW53,26.214732204675432,25.551811149787948,10
Latent Neural ODE (ours),3,train,2018,PHW79,37.916278072186586,32.478495969006886,9
Latent Neural ODE (ours),3,train,2018,PHW80,49.59073199725467,36.47616905401929,10
Latent Neural ODE (ours),3,train,2018,PHW86,26.129123999159646,22.349597755764307,10
Latent Neural ODE (ours),3,train,2018,PHZ51,29.352053759826667,24.117862269136413,10
Latent Neural ODE (ours),3,train,2018,Pa392,39.50800567503395,33.41135577282666,10
Latent Neural ODE (ours),3,train,2018,Pa405,38.6404399960273,30.543468763139522,10
Latent Neural ODE (ours),3,train,2018,Pa762,30.110108846839182,24.480732890531925,10
Latent Neural ODE (ours),3,train,2018,Pa875,27.406273247785652,24.347052185198443,10
Latent Neural ODE (ours),3,train,2018,Pa880,62.52952958116713,49.878293538879504,10
Latent Neural ODE (ours),3,train,2018,Pa91,38.383432918096844,33.08552055861984,10
Latent Neural ODE (ours),3,train,2018,Q381,34.81052806596175,27.833490410760152,10
Latent Neural ODE (ours),3,train,2018,R168,31.937415618558372,23.712810126201866,10
Latent Neural ODE (ours),3,train,2018,R181B,28.996859397588203,23.84107299452797,10
Latent Neural ODE (ours),3,train,2018,R226,34.89018448409343,27.421970356329382,10
Latent Neural ODE (ours),3,train,2018,R227,37.6644671753185,33.03073325611666,10
Latent Neural ODE (ours),3,train,2018,R71,33.44706827352613,26.07234802842307,10
Latent Neural ODE (ours),3,train,2018,R78,35.97413180146505,30.90843301738183,10
Latent Neural ODE (ours),3,train,2018,S8326,34.580445909527356,27.040407724838893,10
Latent Neural ODE (ours),3,train,2018,SD101,24.433328327828608,19.343392836213873,10
Latent Neural ODE (ours),3,train,2018,SD102,28.292489530988455,23.556744556509152,10
Latent Neural ODE (ours),3,train,2018,SD107,32.28281236933884,26.246317970892505,10
Latent Neural ODE (ours),3,train,2018,SD40,24.918319399190835,21.140248502787216,10
Latent Neural ODE (ours),3,train,2018,SD44,36.69169217483361,32.28312029427199,10
Latent Neural ODE (ours),3,train,2018,SG 30A,26.47020044120263,24.224839544380142,10
Latent Neural ODE (ours),3,train,2018,Seagull Seventeen,40.642742556263855,34.468624884651106,10
Latent Neural ODE (ours),3,train,2018,T242,46.37636354479484,34.2111023428799,10
Latent Neural ODE (ours),3,train,2018,TZU-CHIAO-HSI-WU 105,32.463887731944126,25.878166677044305,10
Latent Neural ODE (ours),3,train,2018,Tr,39.195096454971214,35.13922581354935,10
Latent Neural ODE (ours),3,train,2018,Va26,35.6067883194083,32.339711261798506,10
Latent Neural ODE (ours),3,train,2018,Va35,26.951149514528762,21.761985780848043,10
Latent Neural ODE (ours),3,train,2018,Va52,29.43287736902186,22.437733312806444,10
Latent Neural ODE (ours),3,train,2018,Va59,26.906812419246474,22.495796600101812,9
Latent Neural ODE (ours),3,train,2018,Va99,36.674525726525474,29.900623782368932,10
Latent Neural ODE (ours),3,train,2018,VaW6,35.94206706339241,24.98666337312419,10
Latent Neural ODE (ours),3,train,2018,W117Ht,46.64583066633769,34.25963546297921,10
Latent Neural ODE (ours),3,train,2018,W153R,35.06921987512141,29.299709777905626,10
Latent Neural ODE (ours),3,train,2018,W22,31.85545560284256,26.00657550670177,10
Latent Neural ODE (ours),3,train,2018,W23,31.949610582453225,27.19746684158519,10
Latent Neural ODE (ours),3,train,2018,W24,35.410754605028984,31.648761759436212,10
Latent Neural ODE (ours),3,train,2018,W32,26.810024032047203,22.39727921755962,10
Latent Neural ODE (ours),3,train,2018,W37A,46.482997586296726,38.80719090144747,10
Latent Neural ODE (ours),3,train,2018,W552,32.89455242423324,26.24933168141739,10
Latent Neural ODE (ours),3,train,2018,W603S,44.94477817654212,31.386757422856316,10
Latent Neural ODE (ours),3,train,2018,W604S,44.402585212251054,35.194557864592824,10
Latent Neural ODE (ours),3,train,2018,W605S,30.22842897583829,25.72749841854675,10
Latent Neural ODE (ours),3,train,2018,W607S,32.28838822768944,27.40073721810047,10
Latent Neural ODE (ours),3,train,2018,W610S,37.70438639676973,30.723509784735512,10
Latent Neural ODE (ours),3,train,2018,W612S,53.390362416802304,42.60958474650232,10
Latent Neural ODE (ours),3,train,2018,W614S,48.3497463476195,37.44148106095277,10
Latent Neural ODE (ours),3,train,2018,W64A,41.15057433589415,31.77601674522083,10
Latent Neural ODE (ours),3,train,2018,W701BC,36.1620526580726,32.67837250219269,10
Latent Neural ODE (ours),3,train,2018,W809G,39.10398241252584,28.006966756316586,10
Latent Neural ODE (ours),3,train,2018,W810G,34.31007318880815,28.188199252441184,10
Latent Neural ODE (ours),3,train,2018,W812G,31.159331542718775,29.408991157023088,9
Latent Neural ODE (ours),3,train,2018,W813G,21.89309460940022,18.964515665155965,10
Latent Neural ODE (ours),3,train,2018,W814G,40.330605308171265,37.13989049630558,8
Latent Neural ODE (ours),3,train,2018,W8304,38.88342292158557,36.02291155236791,10
Latent Neural ODE (ours),3,train,2018,W9,44.89072181088462,37.92187368636368,10
Latent Neural ODE (ours),3,train,2018,WIL900,28.32551050389562,24.894362542330114,10
Latent Neural ODE (ours),3,train,2018,WR3,42.20464763144685,35.469108196636185,10
Latent Neural ODE (ours),3,train,2018,WU-TAN-TZAO,39.51009711167045,34.15306982620249,9
Latent Neural ODE (ours),3,train,2018,YE 4,36.64149261509507,30.823966367823022,10
Latent Neural ODE (ours),3,train,2018,YING-55,38.35970810225557,32.00958224315845,10
Latent Neural ODE (ours),3,train,2018,Yu796 NS,28.758343597218882,21.788786627094225,10
Latent Neural ODE (ours),3,train,2018,ZS635,28.237903515736555,24.440311701745973,10
Latent Neural ODE (ours),3,train,2019,1538,29.44394322060717,24.642788127542858,17
Latent Neural ODE (ours),3,train,2019,2369,38.24778976233932,33.263755159518226,16
Latent Neural ODE (ours),3,train,2019,29MIBZ2,31.008363275960022,26.966767685704188,17
Latent Neural ODE (ours),3,train,2019,2FACC,29.247513914505358,25.271521088663757,17
Latent Neural ODE (ours),3,train,2019,2FADB,43.408649007287686,37.461761148264365,17
Latent Neural ODE (ours),3,train,2019,2MA22,32.07061979208059,28.437587130406275,17
Latent Neural ODE (ours),3,train,2019,2MCDB,38.753977353673605,31.32580739436137,17
Latent Neural ODE (ours),3,train,2019,3IJI1,28.113599182489303,23.888286433726655,17
Latent Neural ODE (ours),3,train,2019,4226,30.001512658199157,26.108280415164025,17
Latent Neural ODE (ours),3,train,2019,4F-306 108,31.268820189381234,28.55513045361064,17
Latent Neural ODE (ours),3,train,2019,4N506,34.2392648233064,31.069193675868146,17
Latent Neural ODE (ours),3,train,2019,6F629,32.862873930028556,26.397954318671232,16
Latent Neural ODE (ours),3,train,2019,6M502,36.29821115028671,31.684778724417864,17
Latent Neural ODE (ours),3,train,2019,6M502A,31.247322172434746,24.511629534979793,17
Latent Neural ODE (ours),3,train,2019,764,27.201464963583497,22.79242800735648,17
Latent Neural ODE (ours),3,train,2019,78010,35.32615566615578,29.228876142605046,17
Latent Neural ODE (ours),3,train,2019,78551S,35.912422194533534,31.95009387973989,15
Latent Neural ODE (ours),3,train,2019,790,28.92567624843183,25.594152763918252,17
Latent Neural ODE (ours),3,train,2019,793,43.56144067000775,38.355728552225116,17
Latent Neural ODE (ours),3,train,2019,87916W,27.555747988902304,23.807783216124704,17
Latent Neural ODE (ours),3,train,2019,911,29.160123058831765,26.134701660852798,17
Latent Neural ODE (ours),3,train,2019,912,32.21182702082678,24.8882897856592,17
Latent Neural ODE (ours),3,train,2019,91IFC2,27.10273890160972,22.884620679361838,17
Latent Neural ODE (ours),3,train,2019,A,33.68709406781213,29.586684437630385,17
Latent Neural ODE (ours),3,train,2019,A208,30.585617478140023,26.954115608468722,17
Latent Neural ODE (ours),3,train,2019,A239,28.970861213209606,25.116167576657634,17
Latent Neural ODE (ours),3,train,2019,A258,26.571416900029586,20.824621154385625,16
Latent Neural ODE (ours),3,train,2019,A272,33.22074903837575,27.98000251449552,17
Latent Neural ODE (ours),3,train,2019,A305,30.614488427606897,27.789305131366977,17
Latent Neural ODE (ours),3,train,2019,A321,36.51090605567713,27.226493645748,17
Latent Neural ODE (ours),3,train,2019,A322,33.31027739299859,28.23229429451106,16
Latent Neural ODE (ours),3,train,2019,A334,29.8544260309797,26.31493428604276,17
Latent Neural ODE (ours),3,train,2019,A340,31.241001594516597,27.601178918849968,17
Latent Neural ODE (ours),3,train,2019,A374,33.22103982825722,28.189842481445666,16
Latent Neural ODE (ours),3,train,2019,A385,39.45968197659673,33.14387245601179,17
Latent Neural ODE (ours),3,train,2019,A427,33.892823815046036,30.74208801647782,17
Latent Neural ODE (ours),3,train,2019,A548,27.234727080506147,22.02861909264744,17
Latent Neural ODE (ours),3,train,2019,A556,31.925531258640916,25.95065787768884,17
Latent Neural ODE (ours),3,train,2019,A572,30.635933511538056,27.21651709454063,17
Latent Neural ODE (ours),3,train,2019,A619,29.357223422366214,26.966820683169285,17
Latent Neural ODE (ours),3,train,2019,A627,28.19391389771261,22.669943497447857,17
Latent Neural ODE (ours),3,train,2019,A632,29.253688465220627,25.888468114870545,17
Latent Neural ODE (ours),3,train,2019,A634,28.652699739039484,25.349335176017696,17
Latent Neural ODE (ours),3,train,2019,A635,31.537114521018932,25.339848570623804,17
Latent Neural ODE (ours),3,train,2019,A641,34.955518202931046,28.866564067716816,17
Latent Neural ODE (ours),3,train,2019,A648,30.595316617261776,25.739486928170933,17
Latent Neural ODE (ours),3,train,2019,A649,42.4068847274036,36.62672276606325,16
Latent Neural ODE (ours),3,train,2019,A659,31.901521935451004,28.054713314738365,17
Latent Neural ODE (ours),3,train,2019,A663,29.94959450913629,25.63667965435518,16
Latent Neural ODE (ours),3,train,2019,A672,28.114097916550445,26.04419682470365,17
Latent Neural ODE (ours),3,train,2019,A674,28.673204096312286,25.129392106919653,17
Latent Neural ODE (ours),3,train,2019,A679,34.08115201085297,30.31465053379995,17
Latent Neural ODE (ours),3,train,2019,A680,26.10592433725257,20.47849971332851,16
Latent Neural ODE (ours),3,train,2019,A682,31.139273416130106,27.513393485557263,17
Latent Neural ODE (ours),3,train,2019,A71,45.606515999209726,41.45727147460934,16
Latent Neural ODE (ours),3,train,2019,A73,27.399031189424772,24.872747744962254,16
Latent Neural ODE (ours),3,train,2019,AQA3,48.288173649757255,33.58835113019832,16
Latent Neural ODE (ours),3,train,2019,AS6103,27.825476511108338,22.823165137160345,17
Latent Neural ODE (ours),3,train,2019,AusTRCF 306238,29.455006699259318,25.66979704398966,15
Latent Neural ODE (ours),3,train,2019,B-18 INBR.FR.SUPERGOLD,28.42763426384314,23.01056889163501,17
Latent Neural ODE (ours),3,train,2019,B-28,28.70949599917305,24.64017303593343,17
Latent Neural ODE (ours),3,train,2019,B103,24.915138843339257,19.653746844793886,17
Latent Neural ODE (ours),3,train,2019,B104,31.259962481137027,26.594230131848978,17
Latent Neural ODE (ours),3,train,2019,B105,35.47510815301274,31.650819550568713,17
Latent Neural ODE (ours),3,train,2019,B107,32.43970234399052,28.787998845804818,17
Latent Neural ODE (ours),3,train,2019,B108,30.029831430453747,26.078698473185003,17
Latent Neural ODE (ours),3,train,2019,B110,34.44452739783448,31.27460757136261,17
Latent Neural ODE (ours),3,train,2019,B111,41.52398632647481,31.457453417319744,17
Latent Neural ODE (ours),3,train,2019,B114,26.566307885794245,23.2093597105665,17
Latent Neural ODE (ours),3,train,2019,B115,31.750705709247413,28.302310431475863,17
Latent Neural ODE (ours),3,train,2019,B119,40.085648055349125,36.34388875534443,17
Latent Neural ODE (ours),3,train,2019,B120,32.80048025444103,27.921317051094213,17
Latent Neural ODE (ours),3,train,2019,B121,39.37246985712309,34.44239164071705,17
Latent Neural ODE (ours),3,train,2019,B14,29.74627124608847,24.42543064739335,15
Latent Neural ODE (ours),3,train,2019,B14A,34.11252796679047,30.68130073104631,17
Latent Neural ODE (ours),3,train,2019,B164,31.95081522460385,27.64621762782078,17
Latent Neural ODE (ours),3,train,2019,B2,34.83016696335825,28.421372577783867,17
Latent Neural ODE (ours),3,train,2019,B37,28.223853696738104,24.34518597999209,17
Latent Neural ODE (ours),3,train,2019,B46,41.169906524024654,37.36428885253356,16
Latent Neural ODE (ours),3,train,2019,B57,38.35230663224164,34.571827631172525,17
Latent Neural ODE (ours),3,train,2019,B65,30.878935556096906,25.507435615244617,17
Latent Neural ODE (ours),3,train,2019,B66,27.043009739980103,23.803283175700415,17
Latent Neural ODE (ours),3,train,2019,B68,31.550092161241494,27.40468788985006,17
Latent Neural ODE (ours),3,train,2019,B70,40.46522413804439,35.8240468181731,17
Latent Neural ODE (ours),3,train,2019,B75,33.72240449540711,29.035785891305736,16
Latent Neural ODE (ours),3,train,2019,B76,32.948641195269175,28.32236269227356,17
Latent Neural ODE (ours),3,train,2019,B77,27.526991763632115,23.547119246915024,17
Latent Neural ODE (ours),3,train,2019,B79,35.79172937810933,30.4709792464776,17
Latent Neural ODE (ours),3,train,2019,B84,36.89004626979972,33.06685756267558,17
Latent Neural ODE (ours),3,train,2019,B85,35.877896202797345,32.22250381741259,17
Latent Neural ODE (ours),3,train,2019,B87,27.77850287700636,23.674158800309833,17
Latent Neural ODE (ours),3,train,2019,B88,26.46546525439933,23.156084088137362,17
Latent Neural ODE (ours),3,train,2019,B91,29.385601834068858,26.339410279509355,17
Latent Neural ODE (ours),3,train,2019,B97,39.42749633998947,34.84302056095378,17
Latent Neural ODE (ours),3,train,2019,BEI 10 = NORTH 10,35.33917737360435,32.32655268834612,17
Latent Neural ODE (ours),3,train,2019,BO9,29.548064134376563,24.484141091691942,17
Latent Neural ODE (ours),3,train,2019,C103,42.68579833136427,35.93354374047855,17
Latent Neural ODE (ours),3,train,2019,C123,35.32128345664045,29.69959587988616,17
Latent Neural ODE (ours),3,train,2019,CA-4,41.9545205247395,35.60320291793939,17
Latent Neural ODE (ours),3,train,2019,CG102,28.8759945040503,24.205336623659242,17
Latent Neural ODE (ours),3,train,2019,CH157,32.08206577423638,27.467365747197697,16
Latent Neural ODE (ours),3,train,2019,CH701-30,24.20498733618123,19.604199499556124,17
Latent Neural ODE (ours),3,train,2019,CH711-10,42.484422710570406,30.4075934984282,16
Latent Neural ODE (ours),3,train,2019,CH9,25.321095626889136,20.962730842088177,17
Latent Neural ODE (ours),3,train,2019,CI 40H,35.707452845476276,29.80388161112853,17
Latent Neural ODE (ours),3,train,2019,CM105,36.512912470098,31.138820421468868,17
Latent Neural ODE (ours),3,train,2019,CO257,32.29061567976006,29.431807691507487,16
Latent Neural ODE (ours),3,train,2019,CO258,42.12728183738895,38.385734045892036,16
Latent Neural ODE (ours),3,train,2019,CQ702RC,29.336724759997878,27.081987467318754,17
Latent Neural ODE (ours),3,train,2019,CR 22 INBRED,35.78155961126956,28.745242772512068,17
Latent Neural ODE (ours),3,train,2019,CS405,40.0231225155519,34.599306067017054,17
Latent Neural ODE (ours),3,train,2019,DE2,29.998752911364228,25.918112776667886,17
Latent Neural ODE (ours),3,train,2019,DE4,29.523521181088213,25.591125821994368,17
Latent Neural ODE (ours),3,train,2019,DE811,36.63669396525065,28.219204802667125,16
Latent Neural ODE (ours),3,train,2019,DJ7,32.19189455785909,26.711252964636643,17
Latent Neural ODE (ours),3,train,2019,DK3IIH6,34.59352350072127,27.677527799079368,17
Latent Neural ODE (ours),3,train,2019,DK4676A,38.851993780539715,34.339527562807476,17
Latent Neural ODE (ours),3,train,2019,DK78002A,33.97033123328977,30.630269131129133,17
Latent Neural ODE (ours),3,train,2019,DK78010,24.707286602565432,20.872999663970567,17
Latent Neural ODE (ours),3,train,2019,DKFAPW,31.94218256461428,26.601520762393715,17
Latent Neural ODE (ours),3,train,2019,DKFBHJ,42.72576370421657,36.25716539149174,17
Latent Neural ODE (ours),3,train,2019,DKMBNA,47.262518434286356,35.99064655068338,17
Latent Neural ODE (ours),3,train,2019,DKPB80,39.732534133991415,32.28426372221746,17
Latent Neural ODE (ours),3,train,2019,E8501,34.038611914431286,27.97561219197003,17
Latent Neural ODE (ours),3,train,2019,EAST 028,30.819465165521787,23.94964516657892,17
Latent Neural ODE (ours),3,train,2019,Eng-Li Chih,40.821329210799405,35.0690885714682,17
Latent Neural ODE (ours),3,train,2019,F118,33.4498680436474,29.368628388824007,17
Latent Neural ODE (ours),3,train,2019,F2834T,26.772415207434307,22.64473277279446,17
Latent Neural ODE (ours),3,train,2019,FBLA,32.79895482506187,30.256183790499882,17
Latent Neural ODE (ours),3,train,2019,FR19,131.99553069641823,98.26576373521605,17
Latent Neural ODE (ours),3,train,2019,G80,34.15114469018784,29.36041085306918,17
Latent Neural ODE (ours),3,train,2019,H110,33.3965499716401,28.073128213491785,17
Latent Neural ODE (ours),3,train,2019,H113,38.30157157635506,31.672002997597662,15
Latent Neural ODE (ours),3,train,2019,H121,36.91129979605627,31.171406140316936,17
Latent Neural ODE (ours),3,train,2019,H122w,37.10563101975101,32.5128470101529,17
Latent Neural ODE (ours),3,train,2019,H42,26.205672983664922,21.377633298790396,16
Latent Neural ODE (ours),3,train,2019,H5,34.79441899149359,29.89525857719263,17
Latent Neural ODE (ours),3,train,2019,H71,32.73161005884268,28.729629627363167,17
Latent Neural ODE (ours),3,train,2019,H84,31.864863523547427,27.674160550274618,17
Latent Neural ODE (ours),3,train,2019,H91,33.54027800590003,29.03591676969194,17
Latent Neural ODE (ours),3,train,2019,H95,37.24199891125549,33.5887138513547,15
Latent Neural ODE (ours),3,train,2019,H96,34.31065101850958,31.41439505230152,15
Latent Neural ODE (ours),3,train,2019,H99,27.535659767013126,22.935376469666352,17
Latent Neural ODE (ours),3,train,2019,HP301,39.65644336566115,35.71310713885023,17
Latent Neural ODE (ours),3,train,2019,HUANYAO,31.347437838055896,27.923618928223956,17
Latent Neural ODE (ours),3,train,2019,I29,52.26594611057879,40.848769157673225,16
Latent Neural ODE (ours),3,train,2019,IA2132,32.19452984186287,26.560477503209274,17
Latent Neural ODE (ours),3,train,2019,IBB14,35.49594365093468,30.911723673051007,17
Latent Neural ODE (ours),3,train,2019,IBB15,25.870824748901363,22.21322190429076,17
Latent Neural ODE (ours),3,train,2019,IBC2,30.505920401999063,25.85625460220499,16
Latent Neural ODE (ours),3,train,2019,ICI 193,38.01386633716323,33.0180592565627,17
Latent Neural ODE (ours),3,train,2019,ICI 740,30.283340326591556,27.235988757896834,17
Latent Neural ODE (ours),3,train,2019,ICI 893,26.89243136732715,22.39164180311264,17
Latent Neural ODE (ours),3,train,2019,ICI 986,33.19172740385084,28.299015175286534,17
Latent Neural ODE (ours),3,train,2019,IDS28,34.06219048078625,28.63247381671714,17
Latent Neural ODE (ours),3,train,2019,IDS69,23.76307497606815,21.487428032569603,16
Latent Neural ODE (ours),3,train,2019,IDS91,37.70872175969192,33.9122199704094,17
Latent Neural ODE (ours),3,train,2019,INB 101LFY/LFY (A632 X M16 S5),38.81859309295141,35.948477113707305,17
Latent Neural ODE (ours),3,train,2019,INBRED 141,30.042199501996706,26.649371938903595,15
Latent Neural ODE (ours),3,train,2019,INBRED 2-687,31.616723020513856,27.349987851994275,17
Latent Neural ODE (ours),3,train,2019,INBRED 305,33.83738665057109,30.33134681424398,16
Latent Neural ODE (ours),3,train,2019,INBRED 309,25.827270800990007,21.58861364876671,17
Latent Neural ODE (ours),3,train,2019,INBRED 321,32.99259187590178,28.424187563224088,15
Latent Neural ODE (ours),3,train,2019,Ia 453,26.244245203756737,21.97640553816105,17
Latent Neural ODE (ours),3,train,2019,J47,39.0390591672241,35.02541587979626,17
Latent Neural ODE (ours),3,train,2019,K150,32.84759468927274,29.073462311470248,17
Latent Neural ODE (ours),3,train,2019,K41,33.96420809738406,29.93586877120548,17
Latent Neural ODE (ours),3,train,2019,K47,43.85464113726271,40.653527312916445,16
Latent Neural ODE (ours),3,train,2019,K55,42.860601420507884,36.39583491189627,17
Latent Neural ODE (ours),3,train,2019,KUNG-70,29.889330410822154,26.90760280905434,17
Latent Neural ODE (ours),3,train,2019,L 127,31.974527130758066,28.85633556406594,17
Latent Neural ODE (ours),3,train,2019,L 135,31.7096150899367,27.709767429327975,17
Latent Neural ODE (ours),3,train,2019,L 139,34.6034532015741,30.708799357285912,17
Latent Neural ODE (ours),3,train,2019,L 155,33.46032511434469,28.92865259244035,17
Latent Neural ODE (ours),3,train,2019,L 289,40.0942248203708,31.93375937280182,17
Latent Neural ODE (ours),3,train,2019,LH1,33.26216771378519,30.31621824571198,17
Latent Neural ODE (ours),3,train,2019,LH119,26.139003522395516,22.062499736227007,16
Latent Neural ODE (ours),3,train,2019,LH128,31.38665455269785,28.111776116318932,17
Latent Neural ODE (ours),3,train,2019,LH143 (Maintainer),30.51273025501726,25.633760605716123,17
Latent Neural ODE (ours),3,train,2019,LH145,38.94626669353242,29.42344370470082,17
Latent Neural ODE (ours),3,train,2019,LH146Ht,33.82243727849903,28.34640340292051,16
Latent Neural ODE (ours),3,train,2019,LH149,35.767622630298774,31.31016158283929,17
Latent Neural ODE (ours),3,train,2019,LH165,36.99677941766911,32.39813894394848,17
Latent Neural ODE (ours),3,train,2019,LH166,26.055134324483348,23.68997200210234,16
Latent Neural ODE (ours),3,train,2019,LH172,30.19400986948774,23.96465781319243,16
Latent Neural ODE (ours),3,train,2019,LH184,37.67635684321714,32.3052281754562,17
Latent Neural ODE (ours),3,train,2019,LH185,37.288302393372405,33.24453769802696,15
Latent Neural ODE (ours),3,train,2019,LH190,31.692102100855998,26.91283091630456,17
Latent Neural ODE (ours),3,train,2019,LH191,37.86911934837798,33.67761024812691,16
Latent Neural ODE (ours),3,train,2019,LH192,36.91051729585587,34.31553791833097,17
Latent Neural ODE (ours),3,train,2019,LH194,28.22649384468305,24.94021087636849,17
Latent Neural ODE (ours),3,train,2019,LH195,33.26673937903102,28.119980914774754,17
Latent Neural ODE (ours),3,train,2019,LH197,31.865205640861838,24.602720620026304,17
Latent Neural ODE (ours),3,train,2019,LH198,37.783279589676155,29.844992731204318,17
Latent Neural ODE (ours),3,train,2019,LH199,36.45797036484129,30.517648531104093,17
Latent Neural ODE (ours),3,train,2019,LH202,39.124687296511375,31.802978638719363,17
Latent Neural ODE (ours),3,train,2019,LH204,30.378980131803395,25.761215041402647,17
Latent Neural ODE (ours),3,train,2019,LH205,44.960065264163845,37.80299326131282,17
Latent Neural ODE (ours),3,train,2019,LH206,27.766561768519292,25.131961276145475,16
Latent Neural ODE (ours),3,train,2019,LH208,23.5642695437694,20.0560068243054,16
Latent Neural ODE (ours),3,train,2019,LH209,30.09472553167208,26.327726651742733,17
Latent Neural ODE (ours),3,train,2019,LH213,41.04002459627711,33.549849122513734,16
Latent Neural ODE (ours),3,train,2019,LH214,31.74706442977775,26.53218942420824,17
Latent Neural ODE (ours),3,train,2019,LH215,31.52413474754116,25.554644526391158,15
Latent Neural ODE (ours),3,train,2019,LH222,35.47105650379223,32.72478197189719,17
Latent Neural ODE (ours),3,train,2019,LH223,33.663007816769024,29.191594352387522,16
Latent Neural ODE (ours),3,train,2019,LH224,26.511744308765913,22.764272429504544,16
Latent Neural ODE (ours),3,train,2019,LH295,28.201075862915882,23.122344819480805,17
Latent Neural ODE (ours),3,train,2019,LH59,31.24694904168673,28.461286743050895,17
Latent Neural ODE (ours),3,train,2019,LH60,30.23570866495464,26.22522611352045,17
Latent Neural ODE (ours),3,train,2019,LH61,29.245587957138937,25.063387742914802,16
Latent Neural ODE (ours),3,train,2019,LH74,28.12299001362143,24.341951326664617,17
Latent Neural ODE (ours),3,train,2019,LH82,28.37506076126077,23.801672604356863,17
Latent Neural ODE (ours),3,train,2019,LH93,25.02687156385647,19.85399729276042,17
Latent Neural ODE (ours),3,train,2019,LIBC 4,33.538666178401975,30.551610608165046,17
Latent Neural ODE (ours),3,train,2019,LP1 NR HT,36.518025636743126,30.917432428051143,17
Latent Neural ODE (ours),3,train,2019,LP5,43.10049248148054,35.79848640014261,16
Latent Neural ODE (ours),3,train,2019,Lp215D,35.82419971270944,29.844222975065485,17
Latent Neural ODE (ours),3,train,2019,M14,37.30232958312293,33.46323125743248,17
Latent Neural ODE (ours),3,train,2019,MBPM,29.906695204167622,24.06347490284923,17
Latent Neural ODE (ours),3,train,2019,MBWZ,34.62252858553978,29.69022576455556,17
Latent Neural ODE (ours),3,train,2019,MEF156-55-2,36.72352322786871,30.279267456404273,16
Latent Neural ODE (ours),3,train,2019,ML606,43.895074739578675,36.00354098246993,17
Latent Neural ODE (ours),3,train,2019,MM501D,52.263335009071824,43.23750039106571,17
Latent Neural ODE (ours),3,train,2019,MQ305,40.252873972222474,34.31490317295746,16
Latent Neural ODE (ours),3,train,2019,MS116,44.540588414981016,38.328093302002415,16
Latent Neural ODE (ours),3,train,2019,MS132,30.89794513205083,26.873720169797394,17
Latent Neural ODE (ours),3,train,2019,MS153,32.747317038802024,28.447278022192407,17
Latent Neural ODE (ours),3,train,2019,MS200,30.92463669095137,26.420793513535983,17
Latent Neural ODE (ours),3,train,2019,MS211,32.00046184410963,28.493779958144593,17
Latent Neural ODE (ours),3,train,2019,MS221,34.19556951569855,27.199615230294164,17
Latent Neural ODE (ours),3,train,2019,MS224,52.83751305041216,42.93163324531299,15
Latent Neural ODE (ours),3,train,2019,MS225,32.07844104643785,26.93586302306147,17
Latent Neural ODE (ours),3,train,2019,MS226,35.49868918451809,31.740969710510733,17
Latent Neural ODE (ours),3,train,2019,MS24A,27.989689785472876,23.85244534229126,17
Latent Neural ODE (ours),3,train,2019,MS67,44.3762441981884,40.10245499410283,16
Latent Neural ODE (ours),3,train,2019,MS71,31.580154532445707,28.991328607300336,17
Latent Neural ODE (ours),3,train,2019,MS72,32.24524867551944,27.85904090537241,17
Latent Neural ODE (ours),3,train,2019,Mo46,35.790989398768836,32.07241171078539,16
Latent Neural ODE (ours),3,train,2019,Mo47,34.90562920866182,32.18756022268652,17
Latent Neural ODE (ours),3,train,2019,Mo5,37.36654841016817,29.735902234945208,16
Latent Neural ODE (ours),3,train,2019,N192,26.71448168861132,22.093225634052427,17
Latent Neural ODE (ours),3,train,2019,N193,25.561211009874913,21.240695311678422,17
Latent Neural ODE (ours),3,train,2019,N201,35.55448292935088,26.94184146532612,17
Latent Neural ODE (ours),3,train,2019,N211,44.87438209744691,34.89189638312113,17
Latent Neural ODE (ours),3,train,2019,N217,34.939327968147566,31.055151654915797,17
Latent Neural ODE (ours),3,train,2019,N28Ht,33.02823132012603,30.35711517568515,17
Latent Neural ODE (ours),3,train,2019,N501,27.826126066137114,23.690583831950864,16
Latent Neural ODE (ours),3,train,2019,N523,31.9334630662488,27.31731459135363,17
Latent Neural ODE (ours),3,train,2019,N527,32.265101407978996,26.490704764535,17
Latent Neural ODE (ours),3,train,2019,N534,34.937205666810954,29.736196320666373,17
Latent Neural ODE (ours),3,train,2019,N542,37.64656086722271,36.249242203457406,17
Latent Neural ODE (ours),3,train,2019,N6,28.958443910381455,25.082057077946793,17
Latent Neural ODE (ours),3,train,2019,NC262,27.092767114091625,23.138670998276087,16
Latent Neural ODE (ours),3,train,2019,NC294,30.458387153500198,26.377150727266336,17
Latent Neural ODE (ours),3,train,2019,NC310,30.0395140885756,26.89327793007801,17
Latent Neural ODE (ours),3,train,2019,NC326,30.521536177033642,27.40287731880605,17
Latent Neural ODE (ours),3,train,2019,NC328,38.0197506366612,34.93290750484397,17
Latent Neural ODE (ours),3,train,2019,NC368,40.26123945421851,36.09473212276576,16
Latent Neural ODE (ours),3,train,2019,NC412,43.0675635912374,37.543096358042185,15
Latent Neural ODE (ours),3,train,2019,ND247,28.577317230345532,23.959547208891777,15
Latent Neural ODE (ours),3,train,2019,ND265,27.37677723437902,21.95373004133899,17
Latent Neural ODE (ours),3,train,2019,NK740,41.7522708671655,34.94204691739977,17
Latent Neural ODE (ours),3,train,2019,NK778,42.68617977179415,32.12930688108142,16
Latent Neural ODE (ours),3,train,2019,NK807,30.277535462037843,26.773561068147316,17
Latent Neural ODE (ours),3,train,2019,NKS8326,28.55924311291387,23.94723501136526,17
Latent Neural ODE (ours),3,train,2019,NORTH 7,33.8232410672263,29.913891079081843,17
Latent Neural ODE (ours),3,train,2019,NQ508,36.73119647114648,33.37430661483506,17
Latent Neural ODE (ours),3,train,2019,NS501,35.40489777630453,30.482560837354466,17
Latent Neural ODE (ours),3,train,2019,NS701,35.10995675782308,28.601474803434154,17
Latent Neural ODE (ours),3,train,2019,NY 166 (Neveh Yaar),26.65901427524531,23.883224802989382,17
Latent Neural ODE (ours),3,train,2019,NY6371,36.12510022618217,31.07108134298162,17
Latent Neural ODE (ours),3,train,2019,Ny821,28.741897305401828,26.287888068240985,17
Latent Neural ODE (ours),3,train,2019,OH33,42.61033923995992,38.36570776240166,17
Latent Neural ODE (ours),3,train,2019,OQ403,46.13485845079814,37.13091741203272,17
Latent Neural ODE (ours),3,train,2019,OQ603,32.63133562657585,29.341584746705614,17
Latent Neural ODE (ours),3,train,2019,OS602,26.95413704877662,24.18314421888479,17
Latent Neural ODE (ours),3,train,2019,Oh40B,32.06142370932986,27.993855816200067,17
Latent Neural ODE (ours),3,train,2019,Oh43,30.02586406327689,22.90372982903688,17
Latent Neural ODE (ours),3,train,2019,Oh7,52.20976952650482,46.60400468853285,15
Latent Neural ODE (ours),3,train,2019,Os420,42.09875126838846,38.42259876560056,17
Latent Neural ODE (ours),3,train,2019,Os426,43.81016833935768,36.94296578525772,17
Latent Neural ODE (ours),3,train,2019,PHB09,27.7016673291054,24.009222260562215,17
Latent Neural ODE (ours),3,train,2019,PHB47,32.53322792478115,24.747584550809467,17
Latent Neural ODE (ours),3,train,2019,PHBA6,46.1213881722155,39.212997109215074,17
Latent Neural ODE (ours),3,train,2019,PHBB3,33.059302146880995,30.169651094595444,17
Latent Neural ODE (ours),3,train,2019,PHBW8,54.526141979457826,45.03999349644167,15
Latent Neural ODE (ours),3,train,2019,PHG29,32.90560489027465,27.457705554649138,17
Latent Neural ODE (ours),3,train,2019,PHG47,40.4835230807161,36.50534608599207,17
Latent Neural ODE (ours),3,train,2019,PHG50,27.252139968869336,21.508893793020775,17
Latent Neural ODE (ours),3,train,2019,PHG71,29.13035219354099,26.39008482929352,17
Latent Neural ODE (ours),3,train,2019,PHG72,23.46405726921506,18.251126093390457,17
Latent Neural ODE (ours),3,train,2019,PHG80,41.6330224877916,39.470972484761845,17
Latent Neural ODE (ours),3,train,2019,PHG83,36.128250205456894,29.94848314037621,17
Latent Neural ODE (ours),3,train,2019,PHG86,48.2967761744777,42.43598461514054,16
Latent Neural ODE (ours),3,train,2019,PHGW7,31.537336820645013,28.154320012966537,17
Latent Neural ODE (ours),3,train,2019,PHH93,24.069098447920744,20.982716805147234,17
Latent Neural ODE (ours),3,train,2019,PHHV4,30.870604690745225,25.821250070070196,17
Latent Neural ODE (ours),3,train,2019,PHJ70,32.44258077300235,27.25309249942374,17
Latent Neural ODE (ours),3,train,2019,PHJ89,30.324673059943038,25.88781764195726,17
Latent Neural ODE (ours),3,train,2019,PHJ90,27.423317602229137,25.31614968172338,16
Latent Neural ODE (ours),3,train,2019,PHJR5,50.40853578149536,42.209138994075346,17
Latent Neural ODE (ours),3,train,2019,PHK35,36.50952894558534,31.76889418506744,17
Latent Neural ODE (ours),3,train,2019,PHK42,32.15583500256314,26.653136815978264,17
Latent Neural ODE (ours),3,train,2019,PHK56,33.843513226159956,29.465929788279954,17
Latent Neural ODE (ours),3,train,2019,PHK74,39.658996824658225,34.9914477305458,17
Latent Neural ODE (ours),3,train,2019,PHKE6,31.480080901313073,26.531812647507174,17
Latent Neural ODE (ours),3,train,2019,PHM10,31.992336482951846,27.474083130418556,16
Latent Neural ODE (ours),3,train,2019,PHN11,33.51568941245472,29.03181155484268,17
Latent Neural ODE (ours),3,train,2019,PHN29,29.45172177783051,24.529830987026486,17
Latent Neural ODE (ours),3,train,2019,PHN66,23.994019331610968,19.69657546211952,16
Latent Neural ODE (ours),3,train,2019,PHP02,29.178545668793774,25.344293178268927,17
Latent Neural ODE (ours),3,train,2019,PHP55,28.521099471151118,23.2493692571589,17
Latent Neural ODE (ours),3,train,2019,PHP76,32.098929480778246,29.830315966937214,17
Latent Neural ODE (ours),3,train,2019,PHP85,29.90789161206284,27.21553075865191,17
Latent Neural ODE (ours),3,train,2019,PHPR5,32.2707632474338,27.729370576623623,16
Latent Neural ODE (ours),3,train,2019,PHR03,43.07445538095181,37.12203728443925,17
Latent Neural ODE (ours),3,train,2019,PHR30,30.273207077866328,25.507715191995437,17
Latent Neural ODE (ours),3,train,2019,PHR31,30.789195609374687,26.189943551223973,17
Latent Neural ODE (ours),3,train,2019,PHR36,36.837482023848736,28.746466959155534,17
Latent Neural ODE (ours),3,train,2019,PHR47,31.41329459838838,27.689706130992164,17
Latent Neural ODE (ours),3,train,2019,PHR58,29.952970795435967,26.76891458640346,16
Latent Neural ODE (ours),3,train,2019,PHR63,27.770976345069798,22.21191693304648,17
Latent Neural ODE (ours),3,train,2019,PHT10,29.691265961254064,27.14851894370379,17
Latent Neural ODE (ours),3,train,2019,PHT47,46.03999958708607,38.6857318947343,17
Latent Neural ODE (ours),3,train,2019,PHT55,47.81862251558694,41.63489829951574,17
Latent Neural ODE (ours),3,train,2019,PHTM9,34.78338820398557,28.83627960612759,17
Latent Neural ODE (ours),3,train,2019,PHV37,24.786751206995483,21.106578690665547,17
Latent Neural ODE (ours),3,train,2019,PHV57,28.973939167631748,25.760552907729437,17
Latent Neural ODE (ours),3,train,2019,PHV63,32.122126852023115,26.075215077192414,17
Latent Neural ODE (ours),3,train,2019,PHVA9,25.94316447804432,22.00441391239445,17
Latent Neural ODE (ours),3,train,2019,PHW03,31.466764650907475,29.02008435194817,17
Latent Neural ODE (ours),3,train,2019,PHW17,43.70406673271642,39.13748799928119,17
Latent Neural ODE (ours),3,train,2019,PHW20,36.02545009740539,30.196416259335507,17
Latent Neural ODE (ours),3,train,2019,PHW30,47.11418231327412,39.337263451627464,15
Latent Neural ODE (ours),3,train,2019,PHW52,29.925209991221987,23.681329657090895,17
Latent Neural ODE (ours),3,train,2019,PHW53,31.168791882111403,24.712932993699255,16
Latent Neural ODE (ours),3,train,2019,PHW79,47.92981486221897,42.88233763608796,15
Latent Neural ODE (ours),3,train,2019,PHW80,36.912060825629176,28.40309100162079,17
Latent Neural ODE (ours),3,train,2019,PHW86,29.978027272479437,25.026383034102746,17
Latent Neural ODE (ours),3,train,2019,PHZ51,32.66746601856565,28.248456493448856,17
Latent Neural ODE (ours),3,train,2019,Pa392,40.83059137476563,36.419344893454,17
Latent Neural ODE (ours),3,train,2019,Pa405,30.69450058252055,25.111520022679354,17
Latent Neural ODE (ours),3,train,2019,Pa762,34.80160480736486,30.10014315571322,17
Latent Neural ODE (ours),3,train,2019,Pa875,27.78100498979238,23.784361486066825,17
Latent Neural ODE (ours),3,train,2019,Pa880,31.023386837653266,26.474000114313096,17
Latent Neural ODE (ours),3,train,2019,Pa91,30.593334525884675,24.953757374915124,17
Latent Neural ODE (ours),3,train,2019,Q381,40.562496366430445,35.50821964701126,17
Latent Neural ODE (ours),3,train,2019,R168,31.106850576612906,27.72723642903694,17
Latent Neural ODE (ours),3,train,2019,R181B,33.54027093668167,27.60624344381541,17
Latent Neural ODE (ours),3,train,2019,R226,39.81556872967891,34.9355060935135,17
Latent Neural ODE (ours),3,train,2019,R227,35.15206809331053,29.610440927173705,17
Latent Neural ODE (ours),3,train,2019,R71,35.31757808391521,31.220235954288235,17
Latent Neural ODE (ours),3,train,2019,R78,25.686445545232168,21.157117458422245,16
Latent Neural ODE (ours),3,train,2019,S8326,50.939540593821725,40.724253014323345,15
Latent Neural ODE (ours),3,train,2019,SD101,36.053765632525554,31.014820408050582,17
Latent Neural ODE (ours),3,train,2019,SD102,33.00613431021172,30.072658977781018,17
Latent Neural ODE (ours),3,train,2019,SD107,38.715591026532685,34.45320838351504,17
Latent Neural ODE (ours),3,train,2019,SD40,27.216377914976047,22.179761387387753,17
Latent Neural ODE (ours),3,train,2019,SD44,29.17826062003487,25.285563913651554,17
Latent Neural ODE (ours),3,train,2019,SG 30A,30.677545906907916,28.572950097324505,17
Latent Neural ODE (ours),3,train,2019,Seagull Seventeen,36.12824479317639,29.059967596568423,16
Latent Neural ODE (ours),3,train,2019,T242,27.112488707571693,24.847029174281875,15
Latent Neural ODE (ours),3,train,2019,TZU-CHIAO-HSI-WU 105,41.271924088432705,36.75250903930844,17
Latent Neural ODE (ours),3,train,2019,Tr,31.532243273003274,28.309221797419603,17
Latent Neural ODE (ours),3,train,2019,Va26,35.61606209840657,30.22040235761516,16
Latent Neural ODE (ours),3,train,2019,Va35,29.29444714830884,25.686911008233388,17
Latent Neural ODE (ours),3,train,2019,Va52,30.571071997649057,28.091476801779738,16
Latent Neural ODE (ours),3,train,2019,Va59,39.315535556317705,32.735658631057504,17
Latent Neural ODE (ours),3,train,2019,Va99,30.983795782043458,27.113398950787108,17
Latent Neural ODE (ours),3,train,2019,VaW6,32.40901623595569,29.03048985232443,17
Latent Neural ODE (ours),3,train,2019,W117Ht,45.724018147367026,37.157704356429264,16
Latent Neural ODE (ours),3,train,2019,W153R,35.58367530924164,27.615590540075257,17
Latent Neural ODE (ours),3,train,2019,W22,30.485108977322287,25.77581651231663,17
Latent Neural ODE (ours),3,train,2019,W23,43.106853764413245,33.590098641309154,17
Latent Neural ODE (ours),3,train,2019,W24,27.991163829762662,23.35434552795815,16
Latent Neural ODE (ours),3,train,2019,W32,32.88575173454789,28.987876460137983,17
Latent Neural ODE (ours),3,train,2019,W37A,28.841768883358935,25.56741549127273,15
Latent Neural ODE (ours),3,train,2019,W552,39.72685818419859,31.30468640126006,17
Latent Neural ODE (ours),3,train,2019,W603S,50.21955192296097,41.8624157690399,15
Latent Neural ODE (ours),3,train,2019,W604S,30.513377331440264,26.655965957695322,17
Latent Neural ODE (ours),3,train,2019,W605S,33.44064412355821,29.060301582244605,17
Latent Neural ODE (ours),3,train,2019,W607S,36.0700093204712,32.111618637319346,17
Latent Neural ODE (ours),3,train,2019,W610S,32.61822506353407,26.703751432368634,16
Latent Neural ODE (ours),3,train,2019,W612S,38.458652610310885,32.22972044582061,17
Latent Neural ODE (ours),3,train,2019,W614S,35.24538690130137,31.216823418972883,17
Latent Neural ODE (ours),3,train,2019,W64A,35.04213087909894,29.021379732412054,17
Latent Neural ODE (ours),3,train,2019,W701BC,24.5100358371763,21.07277911560713,17
Latent Neural ODE (ours),3,train,2019,W809G,35.61662885865536,31.81017562740116,17
Latent Neural ODE (ours),3,train,2019,W810G,27.615104825521797,24.008395941203307,17
Latent Neural ODE (ours),3,train,2019,W812G,50.549105727036356,43.28747039767559,17
Latent Neural ODE (ours),3,train,2019,W813G,27.831804316161058,25.670042572097596,17
Latent Neural ODE (ours),3,train,2019,W814G,57.590721644626555,45.84840927482793,17
Latent Neural ODE (ours),3,train,2019,W8304,30.067945383738056,25.68774300150725,17
Latent Neural ODE (ours),3,train,2019,W9,33.472530150063044,27.535528687776196,17
Latent Neural ODE (ours),3,train,2019,WIL900,36.24784802265316,30.149466449435923,17
Latent Neural ODE (ours),3,train,2019,WR3,36.35126801626141,30.04547158363202,17
Latent Neural ODE (ours),3,train,2019,WU-TAN-TZAO,48.84966573670971,40.47574526661309,16
Latent Neural ODE (ours),3,train,2019,YE 4,45.12811621721717,41.26056248537411,17
Latent Neural ODE (ours),3,train,2019,YING-55,54.26237376263401,47.723271318249814,17
Latent Neural ODE (ours),3,train,2019,Yu796 NS,31.21706747438779,26.21036988315093,17
Latent Neural ODE (ours),3,train,2019,ZS635,29.11453819159006,26.25502879392433,17
Latent Neural ODE (ours),3,val,2020,1538,35.81058436005135,31.255662969863,5
Latent Neural ODE (ours),3,val,2020,2369,140.64386607523159,123.94135839044168,6
Latent Neural ODE (ours),3,val,2020,29MIBZ2,70.718689791375,58.839092189041985,7
Latent Neural ODE (ours),3,val,2020,2FACC,38.532997696758706,32.66913400966824,7
Latent Neural ODE (ours),3,val,2020,2FADB,48.393867042053394,39.187329258725526,7
Latent Neural ODE (ours),3,val,2020,2MA22,75.31436413771442,60.710054245858224,7
Latent Neural ODE (ours),3,val,2020,2MCDB,76.84083211511653,60.46412123549038,6
Latent Neural ODE (ours),3,val,2020,3IJI1,56.829420054627576,49.100124181854916,7
Latent Neural ODE (ours),3,val,2020,4226,63.59192342280389,56.6502617520155,7
Latent Neural ODE (ours),3,val,2020,4F-306 108,39.841694146875824,37.63988088636485,7
Latent Neural ODE (ours),3,val,2020,4N506,45.83192250606278,44.287623591920294,6
Latent Neural ODE (ours),3,val,2020,6F629,38.65048207262634,35.53120662778659,7
Latent Neural ODE (ours),3,val,2020,6M502,62.294951539122,54.40030522219528,7
Latent Neural ODE (ours),3,val,2020,6M502A,77.36931951655053,61.7897033970779,7
Latent Neural ODE (ours),3,val,2020,764,53.56582947208608,46.60251590874592,7
Latent Neural ODE (ours),3,val,2020,78010,61.628020139850335,51.41521919477308,7
Latent Neural ODE (ours),3,val,2020,78551S,53.28072962175117,47.79512058606101,7
Latent Neural ODE (ours),3,val,2020,790,62.13870643469753,52.71569723677601,7
Latent Neural ODE (ours),3,val,2020,793,62.564712719418225,55.833026052897516,7
Latent Neural ODE (ours),3,val,2020,87916W,38.14326995561364,31.43933391924386,7
Latent Neural ODE (ours),3,val,2020,911,47.722159716006814,41.047137491028465,7
Latent Neural ODE (ours),3,val,2020,912,71.43188011102275,58.79781943749406,7
Latent Neural ODE (ours),3,val,2020,91IFC2,81.55188777777333,72.27768105058037,6
Latent Neural ODE (ours),3,val,2020,A,47.47224928916029,43.707416651327016,7
Latent Neural ODE (ours),3,val,2020,A208,38.73120782433679,33.761367548843545,7
Latent Neural ODE (ours),3,val,2020,A239,38.04587234585078,34.89948096180755,7
Latent Neural ODE (ours),3,val,2020,A258,66.93433509595374,53.31372866275734,7
Latent Neural ODE (ours),3,val,2020,A272,40.204820081676736,31.187402049760497,7
Latent Neural ODE (ours),3,val,2020,A305,41.91560066091645,39.40726529299466,7
Latent Neural ODE (ours),3,val,2020,A321,64.06035279263061,54.718705808166575,7
Latent Neural ODE (ours),3,val,2020,A322,42.71725591750484,38.02026332728729,7
Latent Neural ODE (ours),3,val,2020,A334,49.873303113603285,47.5181482147205,7
Latent Neural ODE (ours),3,val,2020,A340,71.10835889921665,61.053425924120695,7
Latent Neural ODE (ours),3,val,2020,A374,36.16410374521853,32.98118469338228,7
Latent Neural ODE (ours),3,val,2020,A385,64.03273622045053,52.99604608750063,7
Latent Neural ODE (ours),3,val,2020,A427,26.431550512304348,19.629529811809228,7
Latent Neural ODE (ours),3,val,2020,A548,41.56090457824561,38.67732015746761,7
Latent Neural ODE (ours),3,val,2020,A556,60.722440519643705,47.27506612334437,6
Latent Neural ODE (ours),3,val,2020,A572,50.28453855206394,40.69113212125909,7
Latent Neural ODE (ours),3,val,2020,A619,41.24501800486383,35.488556616801304,7
Latent Neural ODE (ours),3,val,2020,A627,93.27525414891473,73.88014310135755,7
Latent Neural ODE (ours),3,val,2020,A632,62.05890014168527,52.74809438674523,7
Latent Neural ODE (ours),3,val,2020,A634,60.089081214755105,48.923033367052305,7
Latent Neural ODE (ours),3,val,2020,A635,72.00621061549923,67.09314649361711,7
Latent Neural ODE (ours),3,val,2020,A641,37.19660160923427,28.37487424360142,7
Latent Neural ODE (ours),3,val,2020,A648,48.51549752456332,44.925870798873724,7
Latent Neural ODE (ours),3,val,2020,A649,59.274564548883255,48.17666429459113,7
Latent Neural ODE (ours),3,val,2020,A659,35.40079210351588,30.526817156520092,7
Latent Neural ODE (ours),3,val,2020,A663,41.30323032024813,39.634724236709324,7
Latent Neural ODE (ours),3,val,2020,A672,56.7098206588622,49.849822761741784,7
Latent Neural ODE (ours),3,val,2020,A674,48.793949276358056,42.10693379257565,7
Latent Neural ODE (ours),3,val,2020,A679,54.78006973019926,35.5720429326527,7
Latent Neural ODE (ours),3,val,2020,A680,56.2980121187133,49.488379996976185,6
Latent Neural ODE (ours),3,val,2020,A682,42.62698850824423,36.4121515328779,7
Latent Neural ODE (ours),3,val,2020,A71,35.08979917980575,30.820908694504947,7
Latent Neural ODE (ours),3,val,2020,A73,60.09200243845153,57.93643901578543,7
Latent Neural ODE (ours),3,val,2020,AQA3,42.0144183984239,37.51392762207964,7
Latent Neural ODE (ours),3,val,2020,AS6103,71.10741119832174,58.96623243637987,6
Latent Neural ODE (ours),3,val,2020,AusTRCF 306238,65.57417703526568,57.80597434902193,7
Latent Neural ODE (ours),3,val,2020,B-18 INBR.FR.SUPERGOLD,30.547312257671223,26.068039212889698,7
Latent Neural ODE (ours),3,val,2020,B-28,57.71619266987312,49.59295242776306,7
Latent Neural ODE (ours),3,val,2020,B103,48.336713515929155,43.86647295581991,7
Latent Neural ODE (ours),3,val,2020,B104,58.04721682356475,52.00566550989449,7
Latent Neural ODE (ours),3,val,2020,B105,98.72825156667894,84.8144143685508,6
Latent Neural ODE (ours),3,val,2020,B107,59.00033018009432,53.29105421478818,6
Latent Neural ODE (ours),3,val,2020,B108,53.71474077866277,48.37200780009134,7
Latent Neural ODE (ours),3,val,2020,B110,54.6948893208001,50.02020161722068,7
Latent Neural ODE (ours),3,val,2020,B111,47.294095066211604,43.406688685865724,7
Latent Neural ODE (ours),3,val,2020,B114,65.24369333604889,46.17834353392258,6
Latent Neural ODE (ours),3,val,2020,B115,53.31601440960813,49.41753272780969,7
Latent Neural ODE (ours),3,val,2020,B119,63.936830211965294,56.578751479260355,7
Latent Neural ODE (ours),3,val,2020,B120,45.700424605406084,41.4677936241876,7
Latent Neural ODE (ours),3,val,2020,B121,35.29181824979531,33.63196873127808,7
Latent Neural ODE (ours),3,val,2020,B14,100.21612402273335,82.80071113358362,6
Latent Neural ODE (ours),3,val,2020,B14A,56.23003991338362,50.29945475193538,6
Latent Neural ODE (ours),3,val,2020,B164,45.88743580977539,42.5809781131268,7
Latent Neural ODE (ours),3,val,2020,B2,47.99103815339902,45.444425096695,7
Latent Neural ODE (ours),3,val,2020,B37,73.26999276355136,59.678421693461985,7
Latent Neural ODE (ours),3,val,2020,B46,45.05971353476268,43.35257593041763,6
Latent Neural ODE (ours),3,val,2020,B57,72.14087283865385,53.116649097455145,7
Latent Neural ODE (ours),3,val,2020,B65,31.214291272293277,24.41503637845901,7
Latent Neural ODE (ours),3,val,2020,B66,43.53482351951076,37.109548856545,7
Latent Neural ODE (ours),3,val,2020,B68,72.88531419592721,62.888716246807334,7
Latent Neural ODE (ours),3,val,2020,B70,65.62786826015346,57.01437256874464,7
Latent Neural ODE (ours),3,val,2020,B75,49.66816772535435,38.774597289769055,7
Latent Neural ODE (ours),3,val,2020,B76,35.14190006319482,32.49949787311219,7
Latent Neural ODE (ours),3,val,2020,B77,61.29413396098106,52.28497370756645,7
Latent Neural ODE (ours),3,val,2020,B79,50.67706344897492,42.27648299769165,6
Latent Neural ODE (ours),3,val,2020,B84,44.1374965340995,39.77340916255285,7
Latent Neural ODE (ours),3,val,2020,B85,40.43053219900423,29.661771588921052,7
Latent Neural ODE (ours),3,val,2020,B87,43.05415537860553,34.14651797580578,7
Latent Neural ODE (ours),3,val,2020,B88,84.82768947220198,71.78478702929459,7
Latent Neural ODE (ours),3,val,2020,B91,39.01851072840243,33.568491758827,7
Latent Neural ODE (ours),3,val,2020,B97,61.68849702761903,57.275404251797305,7
Latent Neural ODE (ours),3,val,2020,BEI 10 = NORTH 10,37.461150190314434,33.7769548088476,7
Latent Neural ODE (ours),3,val,2020,BO9,47.596618377634364,44.716426767987016,5
Latent Neural ODE (ours),3,val,2020,C103,70.70120717006434,58.56093937244554,6
Latent Neural ODE (ours),3,val,2020,C123,44.64392018740217,39.34208021428849,7
Latent Neural ODE (ours),3,val,2020,CA-4,51.938342973044456,46.36748289741318,7
Latent Neural ODE (ours),3,val,2020,CG102,46.95908948074459,39.3762313252384,7
Latent Neural ODE (ours),3,val,2020,CH157,34.2450181369393,31.397497566465486,7
Latent Neural ODE (ours),3,val,2020,CH701-30,43.05373534046771,41.568511640845166,6
Latent Neural ODE (ours),3,val,2020,CH711-10,37.30111850999862,33.63725894957158,7
Latent Neural ODE (ours),3,val,2020,CH9,64.34623033335563,54.8721519957935,7
Latent Neural ODE (ours),3,val,2020,CI 40H,32.699802976637045,32.045657715668604,6
Latent Neural ODE (ours),3,val,2020,CM105,64.91801744312188,54.30143983208474,7
Latent Neural ODE (ours),3,val,2020,CO257,73.7728265844913,61.33647324754035,7
Latent Neural ODE (ours),3,val,2020,CO258,71.62287716474492,66.00625624811205,7
Latent Neural ODE (ours),3,val,2020,CQ702RC,72.20111082250135,66.26850983615174,7
Latent Neural ODE (ours),3,val,2020,CR 22 INBRED,16.326272432338982,15.760002728550196,5
Latent Neural ODE (ours),3,val,2020,CS405,45.59419280447826,40.00740035776838,6
Latent Neural ODE (ours),3,val,2020,DE2,70.404301274756,55.7517964688545,6
Latent Neural ODE (ours),3,val,2020,DE4,53.580302841022686,48.734560099767144,7
Latent Neural ODE (ours),3,val,2020,DE811,50.5503859216078,35.787186391457396,6
Latent Neural ODE (ours),3,val,2020,DJ7,56.24229189359216,51.99131783697306,7
Latent Neural ODE (ours),3,val,2020,DK3IIH6,26.254210424662695,20.54470046882047,7
Latent Neural ODE (ours),3,val,2020,DK4676A,49.79329463981545,47.464620724425934,6
Latent Neural ODE (ours),3,val,2020,DK78002A,37.2468846292974,35.27403919260285,7
Latent Neural ODE (ours),3,val,2020,DK78010,53.93715517912921,47.46439116050529,7
Latent Neural ODE (ours),3,val,2020,DKFAPW,49.723350526202395,41.91462908761314,7
Latent Neural ODE (ours),3,val,2020,DKFBHJ,48.80513510816591,40.803036461808794,7
Latent Neural ODE (ours),3,val,2020,DKMBNA,29.885445492680205,22.34736663255626,5
Latent Neural ODE (ours),3,val,2020,DKPB80,46.78627771629331,44.47568054256211,7
Latent Neural ODE (ours),3,val,2020,E8501,43.53387929065924,34.23844847516231,6
Latent Neural ODE (ours),3,val,2020,EAST 028,48.36981209637319,40.93362636046236,7
Latent Neural ODE (ours),3,val,2020,Eng-Li Chih,43.44221241678182,38.98739445178301,7
Latent Neural ODE (ours),3,val,2020,F118,50.901463409055616,44.03903602054637,7
Latent Neural ODE (ours),3,val,2020,F2834T,93.29293466417059,81.08765408277564,7
Latent Neural ODE (ours),3,val,2020,FBLA,74.3262946203758,62.00554519760283,7
Latent Neural ODE (ours),3,val,2020,FR19,58.158645868755336,56.36301379683426,7
Latent Neural ODE (ours),3,val,2020,G80,61.50867443063129,49.68447150848311,7
Latent Neural ODE (ours),3,val,2020,H110,54.70895914944085,49.308706546249674,7
Latent Neural ODE (ours),3,val,2020,H113,42.879238976955115,39.80348077014144,7
Latent Neural ODE (ours),3,val,2020,H121,51.62981716051579,43.89205140573301,7
Latent Neural ODE (ours),3,val,2020,H122w,82.38288147861175,72.48254600686073,7
Latent Neural ODE (ours),3,val,2020,H42,85.13336458629463,67.64285904051259,6
Latent Neural ODE (ours),3,val,2020,H5,78.23786530519837,64.89453760135493,7
Latent Neural ODE (ours),3,val,2020,H71,56.975021595314054,48.2070713732262,6
Latent Neural ODE (ours),3,val,2020,H84,92.01880936296801,76.19010987474137,7
Latent Neural ODE (ours),3,val,2020,H91,50.03483231932852,45.08261127245726,7
Latent Neural ODE (ours),3,val,2020,H95,30.438933617812545,26.737016526332827,7
Latent Neural ODE (ours),3,val,2020,H96,62.163851833245765,52.50445854636245,7
Latent Neural ODE (ours),3,val,2020,H99,71.54244627228533,58.849262712544785,7
Latent Neural ODE (ours),3,val,2020,HP301,63.453958581627084,52.59694481707762,7
Latent Neural ODE (ours),3,val,2020,HUANYAO,93.05637991591277,73.36601164008744,7
Latent Neural ODE (ours),3,val,2020,I29,37.08595283549029,33.717095570344256,7
Latent Neural ODE (ours),3,val,2020,IA2132,64.0009304165915,53.611049656287435,6
Latent Neural ODE (ours),3,val,2020,IBB14,59.280812651420895,38.82784282771138,7
Latent Neural ODE (ours),3,val,2020,IBB15,80.92432576318771,69.29270492468677,7
Latent Neural ODE (ours),3,val,2020,IBC2,46.673819799487376,39.203816904292935,7
Latent Neural ODE (ours),3,val,2020,ICI 193,54.776563448823346,41.901351736457265,7
Latent Neural ODE (ours),3,val,2020,ICI 740,27.758002368023572,24.395755376313325,5
Latent Neural ODE (ours),3,val,2020,ICI 893,56.609073691803474,48.21355946842565,7
Latent Neural ODE (ours),3,val,2020,ICI 986,52.81521294975608,46.30502721211566,7
Latent Neural ODE (ours),3,val,2020,IDS28,49.286823040966546,44.165327147307785,7
Latent Neural ODE (ours),3,val,2020,IDS69,71.51456723842078,59.085767933559396,7
Latent Neural ODE (ours),3,val,2020,IDS91,48.65132012182108,44.16436483077494,7
Latent Neural ODE (ours),3,val,2020,INB 101LFY/LFY (A632 X M16 S5),55.007709297117046,47.7113726722818,7
Latent Neural ODE (ours),3,val,2020,INBRED 141,55.581744429707705,53.00143301870295,7
Latent Neural ODE (ours),3,val,2020,INBRED 2-687,48.03309347807454,40.26230567913902,6
Latent Neural ODE (ours),3,val,2020,INBRED 305,62.83922112293597,53.33075718173074,7
Latent Neural ODE (ours),3,val,2020,INBRED 309,85.03733949119858,66.26102032187687,6
Latent Neural ODE (ours),3,val,2020,INBRED 321,58.48610398675302,54.274858096193235,7
Latent Neural ODE (ours),3,val,2020,Ia 453,54.24331340237814,47.27799922977892,7
Latent Neural ODE (ours),3,val,2020,J47,53.785593240983346,48.463384477716545,7
Latent Neural ODE (ours),3,val,2020,K150,38.90501303587483,33.34485818885858,7
Latent Neural ODE (ours),3,val,2020,K41,56.05364798592812,48.1727565723661,7
Latent Neural ODE (ours),3,val,2020,K47,70.34468241834028,62.152903113626444,7
Latent Neural ODE (ours),3,val,2020,K55,41.96342512401505,40.957227270108824,7
Latent Neural ODE (ours),3,val,2020,KUNG-70,42.899674174806236,36.71545931981817,7
Latent Neural ODE (ours),3,val,2020,L 127,85.4051826747927,73.2100956770504,7
Latent Neural ODE (ours),3,val,2020,L 135,40.51962118861074,34.48109705656991,7
Latent Neural ODE (ours),3,val,2020,L 139,25.43604560784723,22.867433806758225,6
Latent Neural ODE (ours),3,val,2020,L 155,82.89537607569594,71.3873629930477,7
Latent Neural ODE (ours),3,val,2020,L 289,31.517152728182097,27.626615827722997,7
Latent Neural ODE (ours),3,val,2020,LH1,72.51905734200679,59.311425123455194,7
Latent Neural ODE (ours),3,val,2020,LH119,39.65211942522875,34.78764447687365,7
Latent Neural ODE (ours),3,val,2020,LH128,80.68566773489923,69.97435800713936,7
Latent Neural ODE (ours),3,val,2020,LH143 (Maintainer),39.72748802706381,34.33207060378677,6
Latent Neural ODE (ours),3,val,2020,LH145,44.491762056321605,41.03383426079704,7
Latent Neural ODE (ours),3,val,2020,LH146Ht,62.65150751717638,51.384592337928396,7
Latent Neural ODE (ours),3,val,2020,LH149,24.1110994390772,20.838087478033376,6
Latent Neural ODE (ours),3,val,2020,LH165,81.93975274979373,71.16020079865667,6
Latent Neural ODE (ours),3,val,2020,LH166,70.22150850246935,58.81137560459906,7
Latent Neural ODE (ours),3,val,2020,LH172,81.70501503675432,67.19112467087555,7
Latent Neural ODE (ours),3,val,2020,LH184,63.83024018997637,51.49452126009589,7
Latent Neural ODE (ours),3,val,2020,LH185,63.41445701254581,56.75316934318351,7
Latent Neural ODE (ours),3,val,2020,LH190,44.15687941030345,39.12293029011944,7
Latent Neural ODE (ours),3,val,2020,LH191,56.388255813568755,48.638603198485725,7
Latent Neural ODE (ours),3,val,2020,LH192,39.08319101746726,33.079629774870874,7
Latent Neural ODE (ours),3,val,2020,LH194,69.19405424611679,57.43421436343708,7
Latent Neural ODE (ours),3,val,2020,LH195,61.88568530316108,47.86009606134563,7
Latent Neural ODE (ours),3,val,2020,LH197,48.94512868591164,46.32748638800213,7
Latent Neural ODE (ours),3,val,2020,LH198,50.33658380096084,42.83034547422053,7
Latent Neural ODE (ours),3,val,2020,LH199,68.08522110329,56.513808766441755,7
Latent Neural ODE (ours),3,val,2020,LH202,43.74723421242634,40.62748688267684,5
Latent Neural ODE (ours),3,val,2020,LH204,46.93988193270517,45.07729316425095,7
Latent Neural ODE (ours),3,val,2020,LH205,73.98402408529607,63.25415454247939,7
Latent Neural ODE (ours),3,val,2020,LH206,55.72280485423165,46.58806522495882,7
Latent Neural ODE (ours),3,val,2020,LH208,57.867750182965196,55.60627698564253,7
Latent Neural ODE (ours),3,val,2020,LH209,40.1088800680179,36.64741862675773,7
Latent Neural ODE (ours),3,val,2020,LH213,77.47358190705692,60.56309729801108,7
Latent Neural ODE (ours),3,val,2020,LH214,55.05544795053531,41.83176171328804,7
Latent Neural ODE (ours),3,val,2020,LH215,75.01653528736888,62.3684967939239,7
Latent Neural ODE (ours),3,val,2020,LH222,92.18006972649967,79.88515164994108,7
Latent Neural ODE (ours),3,val,2020,LH223,63.522489417981845,50.67071662472688,7
Latent Neural ODE (ours),3,val,2020,LH224,65.9215351897789,58.14154807395196,6
Latent Neural ODE (ours),3,val,2020,LH295,52.907300026290585,47.4333970373863,6
Latent Neural ODE (ours),3,val,2020,LH59,71.34275145617336,62.39754750161785,7
Latent Neural ODE (ours),3,val,2020,LH60,67.41869172309028,57.08999517277932,7
Latent Neural ODE (ours),3,val,2020,LH61,46.87730942055066,41.695414522116884,7
Latent Neural ODE (ours),3,val,2020,LH74,56.356467701463956,46.80374567306582,7
Latent Neural ODE (ours),3,val,2020,LH82,65.47211785318528,56.44738603740195,7
Latent Neural ODE (ours),3,val,2020,LH93,59.26770080441025,53.16220880813538,7
Latent Neural ODE (ours),3,val,2020,LIBC 4,61.97882758191239,50.0938300973387,6
Latent Neural ODE (ours),3,val,2020,LP1 NR HT,38.06777862442994,33.894916210893925,7
Latent Neural ODE (ours),3,val,2020,LP5,47.20882305213667,42.45844885743692,7
Latent Neural ODE (ours),3,val,2020,Lp215D,75.0279824337218,60.38802392295889,7
Latent Neural ODE (ours),3,val,2020,M14,40.411817179409674,35.15601083067576,7
Latent Neural ODE (ours),3,val,2020,MBPM,46.585426199800715,39.65632329059412,7
Latent Neural ODE (ours),3,val,2020,MBWZ,50.33583247935739,45.27860438020668,7
Latent Neural ODE (ours),3,val,2020,MEF156-55-2,49.415456314230184,46.43204369660193,7
Latent Neural ODE (ours),3,val,2020,ML606,53.1857328187141,43.33320284731887,7
Latent Neural ODE (ours),3,val,2020,MM501D,66.25787486995586,57.55587746853383,7
Latent Neural ODE (ours),3,val,2020,MQ305,84.85993531030033,68.99187227478323,7
Latent Neural ODE (ours),3,val,2020,MS116,67.10848886458538,61.605113936508445,6
Latent Neural ODE (ours),3,val,2020,MS132,34.50020321902306,30.15285883520368,7
Latent Neural ODE (ours),3,val,2020,MS153,69.70376276793452,58.5066285490729,6
Latent Neural ODE (ours),3,val,2020,MS200,53.851331043299865,48.64727997762139,7
Latent Neural ODE (ours),3,val,2020,MS211,29.024888487290262,23.949606786532836,7
Latent Neural ODE (ours),3,val,2020,MS221,67.79169976351285,59.53971644834432,7
Latent Neural ODE (ours),3,val,2020,MS224,37.67252952769547,33.61796399519703,7
Latent Neural ODE (ours),3,val,2020,MS225,29.092440247191764,23.75553308658123,7
Latent Neural ODE (ours),3,val,2020,MS226,38.96601278831258,34.2818079192898,7
Latent Neural ODE (ours),3,val,2020,MS24A,63.94465095853091,63.11660935864884,7
Latent Neural ODE (ours),3,val,2020,MS67,61.607876972456296,53.508771040832734,7
Latent Neural ODE (ours),3,val,2020,MS71,54.696086435941446,39.85823065979928,7
Latent Neural ODE (ours),3,val,2020,MS72,43.17110267727427,33.03785864521712,5
Latent Neural ODE (ours),3,val,2020,Mo46,41.42472058212858,34.620763659163764,7
Latent Neural ODE (ours),3,val,2020,Mo47,58.639741128396416,52.971663873946035,7
Latent Neural ODE (ours),3,val,2020,Mo5,80.25181052201387,62.38267766189491,7
Latent Neural ODE (ours),3,val,2020,N192,43.337549126401605,40.133908291936436,7
Latent Neural ODE (ours),3,val,2020,N193,36.445659683220526,34.14678945701691,7
Latent Neural ODE (ours),3,val,2020,N201,51.81604468348909,45.034804379021445,6
Latent Neural ODE (ours),3,val,2020,N211,46.31572381155833,36.901056315532436,6
Latent Neural ODE (ours),3,val,2020,N217,86.46841375851396,71.63916536942959,7
Latent Neural ODE (ours),3,val,2020,N28Ht,55.17132375842343,47.233482723651115,7
Latent Neural ODE (ours),3,val,2020,N501,99.52970129581993,81.1645516085398,7
Latent Neural ODE (ours),3,val,2020,N523,45.84669636508852,36.762678594851174,7
Latent Neural ODE (ours),3,val,2020,N527,43.70470043120108,42.059515442835895,7
Latent Neural ODE (ours),3,val,2020,N534,56.76562580506342,52.59787849690617,7
Latent Neural ODE (ours),3,val,2020,N542,48.48416360728209,46.69548926751569,7
Latent Neural ODE (ours),3,val,2020,N6,64.23697599502877,57.18704131333233,7
Latent Neural ODE (ours),3,val,2020,NC262,49.467257131031836,40.297151353232024,7
Latent Neural ODE (ours),3,val,2020,NC294,62.174641656284145,55.93398001794461,7
Latent Neural ODE (ours),3,val,2020,NC310,35.65547579813067,30.92044790236329,7
Latent Neural ODE (ours),3,val,2020,NC326,36.64878089938401,29.003458861786182,7
Latent Neural ODE (ours),3,val,2020,NC328,53.22042968379349,49.19243318223594,6
Latent Neural ODE (ours),3,val,2020,NC368,60.733401443411644,56.03809478098957,7
Latent Neural ODE (ours),3,val,2020,NC412,56.188464353710955,48.27607892871771,7
Latent Neural ODE (ours),3,val,2020,ND247,54.74889843558898,49.32499094816834,7
Latent Neural ODE (ours),3,val,2020,ND265,42.018528718372416,37.01445953336252,7
Latent Neural ODE (ours),3,val,2020,NK740,83.82932101368607,71.96580405338909,7
Latent Neural ODE (ours),3,val,2020,NK778,38.265997981650834,32.89580698509594,7
Latent Neural ODE (ours),3,val,2020,NK807,63.80296640979305,48.53494841703944,6
Latent Neural ODE (ours),3,val,2020,NKS8326,50.374343294033835,46.98865264350519,6
Latent Neural ODE (ours),3,val,2020,NORTH 7,99.07632207983603,89.30435652134554,6
Latent Neural ODE (ours),3,val,2020,NQ508,59.93563255312398,53.6880458548904,7
Latent Neural ODE (ours),3,val,2020,NS501,96.31221481153733,81.7952621944163,7
Latent Neural ODE (ours),3,val,2020,NS701,89.55057512643242,74.75572080908705,7
Latent Neural ODE (ours),3,val,2020,NY 166 (Neveh Yaar),42.25906992094119,34.73551514587593,7
Latent Neural ODE (ours),3,val,2020,NY6371,34.842667628779076,28.946053812358734,7
Latent Neural ODE (ours),3,val,2020,Ny821,35.04021298550574,30.886958775492996,7
Latent Neural ODE (ours),3,val,2020,OH33,39.30617977444127,31.592443801460178,6
Latent Neural ODE (ours),3,val,2020,OQ403,60.29175193798166,52.739136970361876,7
Latent Neural ODE (ours),3,val,2020,OQ603,39.595720148565235,33.47820891485471,7
Latent Neural ODE (ours),3,val,2020,OS602,64.9492657465098,50.95040767894956,7
Latent Neural ODE (ours),3,val,2020,Oh40B,35.894540901271974,28.598466983607924,7
Latent Neural ODE (ours),3,val,2020,Oh43,50.80439596884317,46.52907024149132,7
Latent Neural ODE (ours),3,val,2020,Oh7,44.35834301219203,38.953050955887356,7
Latent Neural ODE (ours),3,val,2020,Os420,63.49616238237324,52.49447153584957,5
Latent Neural ODE (ours),3,val,2020,Os426,41.58902713396811,38.03907333716704,7
Latent Neural ODE (ours),3,val,2020,PHB09,48.51221054765102,40.529794442302105,5
Latent Neural ODE (ours),3,val,2020,PHB47,57.63967624934622,54.74210532137103,7
Latent Neural ODE (ours),3,val,2020,PHBA6,34.56767609346788,30.706078245613504,7
Latent Neural ODE (ours),3,val,2020,PHBB3,62.95556129882048,61.07768841377031,7
Latent Neural ODE (ours),3,val,2020,PHBW8,61.651579382677,57.76690181751326,7
Latent Neural ODE (ours),3,val,2020,PHG29,53.621357308837894,48.068768233259526,5
Latent Neural ODE (ours),3,val,2020,PHG47,44.33642358289876,39.09327588399105,7
Latent Neural ODE (ours),3,val,2020,PHG50,64.00089668146921,57.05429246134718,7
Latent Neural ODE (ours),3,val,2020,PHG71,55.640130161883086,50.61483611909371,7
Latent Neural ODE (ours),3,val,2020,PHG72,40.22948568439192,33.22299141365105,7
Latent Neural ODE (ours),3,val,2020,PHG80,82.11491459565818,65.20578494831155,7
Latent Neural ODE (ours),3,val,2020,PHG83,46.88090654654837,38.91949319374161,7
Latent Neural ODE (ours),3,val,2020,PHG86,36.690191935148725,32.297099968702845,7
Latent Neural ODE (ours),3,val,2020,PHGW7,35.33443302521027,30.68944138992169,7
Latent Neural ODE (ours),3,val,2020,PHH93,74.45515371699133,62.546522172614395,7
Latent Neural ODE (ours),3,val,2020,PHHV4,51.38400715915989,41.42167682213527,5
Latent Neural ODE (ours),3,val,2020,PHJ70,61.44998624488058,48.99869251023625,7
Latent Neural ODE (ours),3,val,2020,PHJ89,34.06794365954459,25.32804213644198,7
Latent Neural ODE (ours),3,val,2020,PHJ90,53.79741497977062,49.52622472143595,7
Latent Neural ODE (ours),3,val,2020,PHJR5,42.92544283393851,41.272151151185405,7
Latent Neural ODE (ours),3,val,2020,PHK35,57.94882130935398,51.93349185659446,6
Latent Neural ODE (ours),3,val,2020,PHK42,73.00723634534316,60.833549811347396,7
Latent Neural ODE (ours),3,val,2020,PHK56,59.047018378903495,52.77105978273013,6
Latent Neural ODE (ours),3,val,2020,PHK74,42.77646605809805,36.90742704954552,7
Latent Neural ODE (ours),3,val,2020,PHKE6,48.12213097025023,41.59291533635966,7
Latent Neural ODE (ours),3,val,2020,PHM10,61.97998567706405,52.322591550358254,7
Latent Neural ODE (ours),3,val,2020,PHN11,41.77632282980284,37.296794176180214,6
Latent Neural ODE (ours),3,val,2020,PHN29,56.12861139302872,49.880460487289106,7
Latent Neural ODE (ours),3,val,2020,PHN66,49.993194469745404,41.95435564181917,6
Latent Neural ODE (ours),3,val,2020,PHP02,41.587840792067496,38.31073582000763,7
Latent Neural ODE (ours),3,val,2020,PHP55,37.17153511627024,31.984201295281018,7
Latent Neural ODE (ours),3,val,2020,PHP76,54.89473329935662,51.723653722210315,7
Latent Neural ODE (ours),3,val,2020,PHP85,51.47619249162597,47.07682259287935,7
Latent Neural ODE (ours),3,val,2020,PHPR5,46.61924735423951,44.822468179934745,7
Latent Neural ODE (ours),3,val,2020,PHR03,64.84694376557138,56.66988275837906,6
Latent Neural ODE (ours),3,val,2020,PHR30,41.035803459745416,32.94037081135154,5
Latent Neural ODE (ours),3,val,2020,PHR31,65.700059417965,58.7111589991208,7
Latent Neural ODE (ours),3,val,2020,PHR36,54.238174047287195,47.02611116479136,6
Latent Neural ODE (ours),3,val,2020,PHR47,43.38906603024118,38.158183273639516,7
Latent Neural ODE (ours),3,val,2020,PHR58,92.33120322532561,72.90261801615891,5
Latent Neural ODE (ours),3,val,2020,PHR63,54.29614019729736,48.234695850656365,7
Latent Neural ODE (ours),3,val,2020,PHT10,57.216752476935646,51.74655487139934,7
Latent Neural ODE (ours),3,val,2020,PHT47,106.66192389522996,87.86198077129764,7
Latent Neural ODE (ours),3,val,2020,PHT55,71.35121349792354,57.40014795883625,7
Latent Neural ODE (ours),3,val,2020,PHTM9,47.05280241680643,40.94471825696063,7
Latent Neural ODE (ours),3,val,2020,PHV37,72.45764722146193,59.141940319674994,7
Latent Neural ODE (ours),3,val,2020,PHV57,72.46419843501384,63.189285644296675,7
Latent Neural ODE (ours),3,val,2020,PHV63,69.72014321543703,62.428274060355484,7
Latent Neural ODE (ours),3,val,2020,PHVA9,80.89070173706496,69.52165255340387,7
Latent Neural ODE (ours),3,val,2020,PHW03,56.733273022618064,50.41192494074701,7
Latent Neural ODE (ours),3,val,2020,PHW17,82.52733269161072,65.16662461266671,7
Latent Neural ODE (ours),3,val,2020,PHW20,34.13480180398713,30.501688181459773,7
Latent Neural ODE (ours),3,val,2020,PHW30,81.89491266878711,56.604432630959245,7
Latent Neural ODE (ours),3,val,2020,PHW52,72.86419307407756,61.38644045350161,7
Latent Neural ODE (ours),3,val,2020,PHW53,69.60075750849775,57.09914715493959,7
Latent Neural ODE (ours),3,val,2020,PHW79,51.68322066532659,39.60414763806931,7
Latent Neural ODE (ours),3,val,2020,PHW80,34.34548608692119,27.94544397296631,7
Latent Neural ODE (ours),3,val,2020,PHW86,60.6463081486723,53.647152208436296,7
Latent Neural ODE (ours),3,val,2020,PHZ51,59.91421492240475,55.82652083437034,7
Latent Neural ODE (ours),3,val,2020,Pa392,62.88782987961642,56.290331111415036,7
Latent Neural ODE (ours),3,val,2020,Pa405,85.57155229700406,69.66767278084929,7
Latent Neural ODE (ours),3,val,2020,Pa762,43.56055388355757,41.849199294012415,7
Latent Neural ODE (ours),3,val,2020,Pa875,48.50408951272005,40.65219864282289,7
Latent Neural ODE (ours),3,val,2020,Pa880,58.281976359340426,54.83339888196539,7
Latent Neural ODE (ours),3,val,2020,Pa91,55.907939109932215,51.61385565355023,7
Latent Neural ODE (ours),3,val,2020,Q381,42.002020177895794,37.56590374355038,7
Latent Neural ODE (ours),3,val,2020,R168,57.22599035534387,50.90710405131303,7
Latent Neural ODE (ours),3,val,2020,R181B,41.32566518861826,33.316103058390006,7
Latent Neural ODE (ours),3,val,2020,R226,51.342491188192014,41.46216469435732,7
Latent Neural ODE (ours),3,val,2020,R227,48.50316983456572,42.850789256647104,7
Latent Neural ODE (ours),3,val,2020,R71,38.75179230693511,36.13504468270492,7
Latent Neural ODE (ours),3,val,2020,R78,44.955449570662225,40.98935311158801,7
Latent Neural ODE (ours),3,val,2020,S8326,46.03839342527849,38.033838228723056,6
Latent Neural ODE (ours),3,val,2020,SD101,62.61710102147076,52.38033188228127,7
Latent Neural ODE (ours),3,val,2020,SD102,58.050360061357445,48.03976846483682,7
Latent Neural ODE (ours),3,val,2020,SD107,70.68237809241407,60.424777442762725,7
Latent Neural ODE (ours),3,val,2020,SD40,49.41843706277628,43.409293069194575,7
Latent Neural ODE (ours),3,val,2020,SD44,30.255217692112524,23.74125243672012,7
Latent Neural ODE (ours),3,val,2020,SG 30A,42.854483046895275,40.109907629297375,7
Latent Neural ODE (ours),3,val,2020,Seagull Seventeen,61.214250739620105,53.80253093430108,6
Latent Neural ODE (ours),3,val,2020,T242,67.70839538006238,58.90561360182928,7
Latent Neural ODE (ours),3,val,2020,TZU-CHIAO-HSI-WU 105,45.747586472981304,40.194968430722575,7
Latent Neural ODE (ours),3,val,2020,Tr,83.92948573042126,68.94981365358119,7
Latent Neural ODE (ours),3,val,2020,Va26,55.3833736984244,50.778618399308925,7
Latent Neural ODE (ours),3,val,2020,Va35,50.463458669053395,45.25441082264011,7
Latent Neural ODE (ours),3,val,2020,Va52,54.26908890439353,46.378090605753265,7
Latent Neural ODE (ours),3,val,2020,Va59,49.50719807370161,42.89052563353255,7
Latent Neural ODE (ours),3,val,2020,Va99,56.44665610825779,48.057488610012776,7
Latent Neural ODE (ours),3,val,2020,VaW6,64.59410341492675,51.31522582313856,7
Latent Neural ODE (ours),3,val,2020,W117Ht,44.09808151065331,39.151919570916796,7
Latent Neural ODE (ours),3,val,2020,W153R,114.1980461744243,86.14163092993547,7
Latent Neural ODE (ours),3,val,2020,W22,73.38250767218913,62.477796753104904,7
Latent Neural ODE (ours),3,val,2020,W23,38.90034913539937,33.142886798815404,7
Latent Neural ODE (ours),3,val,2020,W24,45.38040089850427,39.236986555757476,7
Latent Neural ODE (ours),3,val,2020,W32,54.3077470074949,44.791254858585425,6
Latent Neural ODE (ours),3,val,2020,W37A,50.34029957206092,43.09841669625861,7
Latent Neural ODE (ours),3,val,2020,W552,53.928639097092415,45.58123920573219,7
Latent Neural ODE (ours),3,val,2020,W603S,75.81977233254528,64.59844276765985,7
Latent Neural ODE (ours),3,val,2020,W604S,49.312260521886834,45.023487857214,7
Latent Neural ODE (ours),3,val,2020,W605S,68.19434595551624,55.66084468968727,6
Latent Neural ODE (ours),3,val,2020,W607S,49.316606874332265,45.85152708858586,7
Latent Neural ODE (ours),3,val,2020,W610S,81.68886818582682,68.30979713729383,7
Latent Neural ODE (ours),3,val,2020,W612S,65.43739443552667,56.88310430523297,7
Latent Neural ODE (ours),3,val,2020,W614S,47.8387056940645,42.44474319067241,7
Latent Neural ODE (ours),3,val,2020,W64A,47.956538187418836,44.644754541380884,5
Latent Neural ODE (ours),3,val,2020,W701BC,58.23993260425638,50.7689093261402,7
Latent Neural ODE (ours),3,val,2020,W809G,41.32997325602601,38.205308727933115,7
Latent Neural ODE (ours),3,val,2020,W810G,48.0367996914418,40.590663001022854,7
Latent Neural ODE (ours),3,val,2020,W812G,50.85089797895833,45.70436186325464,6
Latent Neural ODE (ours),3,val,2020,W813G,48.76118579171461,42.14865826207804,7
Latent Neural ODE (ours),3,val,2020,W814G,60.30920624237026,53.14566095017345,7
Latent Neural ODE (ours),3,val,2020,W8304,35.16197134974366,31.66758582978338,6
Latent Neural ODE (ours),3,val,2020,W9,51.91824187567833,42.88028791970266,7
Latent Neural ODE (ours),3,val,2020,WIL900,74.4731962268756,64.66640477625836,7
Latent Neural ODE (ours),3,val,2020,WR3,32.93182670536361,26.499426071585358,7
Latent Neural ODE (ours),3,val,2020,WU-TAN-TZAO,50.38912344210423,42.35237620660513,7
Latent Neural ODE (ours),3,val,2020,YE 4,72.79294316450684,65.04124986407918,6
Latent Neural ODE (ours),3,val,2020,YING-55,108.58061345479884,96.46282798214808,7
Latent Neural ODE (ours),3,val,2020,Yu796 NS,70.49983413833328,63.17758118604422,7
Latent Neural ODE (ours),3,val,2020,ZS635,73.64375444118825,64.27677700499513,6
Latent Neural ODE (ours),3,test,2021,1538,74.43848582772006,70.9410790415572,10
Latent Neural ODE (ours),3,test,2021,2369,71.61605497922143,60.84140008109885,10
Latent Neural ODE (ours),3,test,2021,29MIBZ2,44.502578568803614,41.950765185836396,10
Latent Neural ODE (ours),3,test,2021,2FACC,53.751694236580924,50.541295409416065,10
Latent Neural ODE (ours),3,test,2021,2FADB,23.463647486434265,17.967843085769694,10
Latent Neural ODE (ours),3,test,2021,2MA22,70.54153588086756,61.91132123587122,10
Latent Neural ODE (ours),3,test,2021,2MCDB,99.61628923628788,91.49848708883667,9
Latent Neural ODE (ours),3,test,2021,3IJI1,42.90207228556157,38.247318752325704,10
Latent Neural ODE (ours),3,test,2021,4226,79.99475720865539,69.29578974721682,10
Latent Neural ODE (ours),3,test,2021,4F-306 108,76.9495343498964,61.33840532337048,9
Latent Neural ODE (ours),3,test,2021,4N506,46.33169769006225,44.89879854086847,10
Latent Neural ODE (ours),3,test,2021,6F629,104.33282006120112,99.368410329086,10
Latent Neural ODE (ours),3,test,2021,6M502,79.93093749140328,74.0125591798665,10
Latent Neural ODE (ours),3,test,2021,6M502A,93.23159875142103,86.87323569490385,10
Latent Neural ODE (ours),3,test,2021,764,74.11607043121134,67.46736452874684,10
Latent Neural ODE (ours),3,test,2021,78010,92.55113657967148,85.54989598484698,10
Latent Neural ODE (ours),3,test,2021,78551S,41.84435274688702,32.70489220341134,9
Latent Neural ODE (ours),3,test,2021,790,70.19237116782055,66.70521608978046,10
Latent Neural ODE (ours),3,test,2021,793,57.35903251718727,52.05281651427538,10
Latent Neural ODE (ours),3,test,2021,87916W,87.49218455110916,83.13782219214124,9
Latent Neural ODE (ours),3,test,2021,911,53.156506883511035,48.220594347123,10
Latent Neural ODE (ours),3,test,2021,912,89.10179453737052,80.06544818604587,10
Latent Neural ODE (ours),3,test,2021,91IFC2,65.0519894843422,59.20375403008721,10
Latent Neural ODE (ours),3,test,2021,A,70.43651481985687,67.24234372484509,10
Latent Neural ODE (ours),3,test,2021,A208,80.79675946050055,66.41824098267061,10
Latent Neural ODE (ours),3,test,2021,A239,61.30233222418527,53.301794021818466,10
Latent Neural ODE (ours),3,test,2021,A258,107.71740069314882,101.97183000908635,10
Latent Neural ODE (ours),3,test,2021,A272,61.48591057707831,56.36262738518326,10
Latent Neural ODE (ours),3,test,2021,A305,46.4968832389605,40.561223021780066,10
Latent Neural ODE (ours),3,test,2021,A321,107.36155247184004,85.73320554859195,10
Latent Neural ODE (ours),3,test,2021,A322,33.49394382405293,28.038574475940692,10
Latent Neural ODE (ours),3,test,2021,A334,60.605723821733314,55.41294533118329,10
Latent Neural ODE (ours),3,test,2021,A340,42.52080271150911,38.7076433593414,10
Latent Neural ODE (ours),3,test,2021,A374,34.880647587366404,29.431556788015815,10
Latent Neural ODE (ours),3,test,2021,A385,41.052915257124305,36.93801545758187,10
Latent Neural ODE (ours),3,test,2021,A427,33.61539005095706,29.882894642605198,10
Latent Neural ODE (ours),3,test,2021,A548,26.87417603969731,23.72055665020482,10
Latent Neural ODE (ours),3,test,2021,A556,73.45264187503209,68.34936540484361,10
Latent Neural ODE (ours),3,test,2021,A572,54.0650006051327,44.00975426437876,10
Latent Neural ODE (ours),3,test,2021,A619,43.45299495695594,39.587612317477685,10
Latent Neural ODE (ours),3,test,2021,A627,135.36969717281272,123.29954374571352,10
Latent Neural ODE (ours),3,test,2021,A632,116.24749162724517,106.07499660335624,9
Latent Neural ODE (ours),3,test,2021,A634,65.41182000023747,61.09220677768517,10
Latent Neural ODE (ours),3,test,2021,A635,66.49185818254492,62.142796068856015,10
Latent Neural ODE (ours),3,test,2021,A641,61.8673276824774,51.36575248911457,10
Latent Neural ODE (ours),3,test,2021,A648,137.61875332798635,123.99972044459975,9
Latent Neural ODE (ours),3,test,2021,A649,57.19934043995207,45.98747368024922,10
Latent Neural ODE (ours),3,test,2021,A659,65.76280738214972,62.90007156698637,10
Latent Neural ODE (ours),3,test,2021,A663,53.16323011178908,49.642989969939016,10
Latent Neural ODE (ours),3,test,2021,A672,69.760427079671,62.501286200914876,10
Latent Neural ODE (ours),3,test,2021,A674,35.698756215124405,30.410352703453725,10
Latent Neural ODE (ours),3,test,2021,A679,106.40400053768795,93.71870969205602,10
Latent Neural ODE (ours),3,test,2021,A680,44.21394955211692,40.2982810317863,10
Latent Neural ODE (ours),3,test,2021,A682,57.908006588958415,46.822022019463844,10
Latent Neural ODE (ours),3,test,2021,A71,40.41854453736586,36.11243977966054,10
Latent Neural ODE (ours),3,test,2021,A73,92.38623910795914,83.81933624311593,10
Latent Neural ODE (ours),3,test,2021,AQA3,28.324578981917636,21.266473374824496,10
Latent Neural ODE (ours),3,test,2021,AS6103,58.08788862907402,52.3918521929301,10
Latent Neural ODE (ours),3,test,2021,AusTRCF 306238,55.88703113598344,53.69321655482713,9
Latent Neural ODE (ours),3,test,2021,B-18 INBR.FR.SUPERGOLD,28.8034829200321,24.75979973614374,10
Latent Neural ODE (ours),3,test,2021,B-28,34.30852318961636,24.754797129394248,10
Latent Neural ODE (ours),3,test,2021,B103,33.46600412424536,30.054610449234104,10
Latent Neural ODE (ours),3,test,2021,B104,60.39606694528892,56.626815729654275,10
Latent Neural ODE (ours),3,test,2021,B105,94.65088769904777,89.1115771189161,10
Latent Neural ODE (ours),3,test,2021,B107,53.90197290951354,42.57678461565582,10
Latent Neural ODE (ours),3,test,2021,B108,46.293129218858574,42.73361668087657,10
Latent Neural ODE (ours),3,test,2021,B110,85.39449968898806,81.83585827634859,9
Latent Neural ODE (ours),3,test,2021,B111,44.076625858018645,40.318709025685976,10
Latent Neural ODE (ours),3,test,2021,B114,78.12865318217362,60.25515942337768,10
Latent Neural ODE (ours),3,test,2021,B115,78.88771724921507,75.74151104198437,9
Latent Neural ODE (ours),3,test,2021,B119,88.97240863936668,78.31104915918365,10
Latent Neural ODE (ours),3,test,2021,B120,109.1110557108631,99.58788650378241,10
Latent Neural ODE (ours),3,test,2021,B121,31.04818610319741,25.18437239484979,10
Latent Neural ODE (ours),3,test,2021,B14,71.03765916582479,56.87636549068678,10
Latent Neural ODE (ours),3,test,2021,B14A,97.45353343929634,92.79282737474136,9
Latent Neural ODE (ours),3,test,2021,B164,48.9650798276185,42.55757531131255,10
Latent Neural ODE (ours),3,test,2021,B2,60.43676798592522,50.97003159632024,9
Latent Neural ODE (ours),3,test,2021,B37,85.50550410417897,82.26501624131716,10
Latent Neural ODE (ours),3,test,2021,B46,58.322790408864044,52.52645709434,10
Latent Neural ODE (ours),3,test,2021,B57,100.86549597800791,94.70745456145721,10
Latent Neural ODE (ours),3,test,2021,B65,90.19542156525581,72.64541063367491,10
Latent Neural ODE (ours),3,test,2021,B66,42.11718515781816,39.31811105016059,10
Latent Neural ODE (ours),3,test,2021,B68,113.45349226086141,105.4656651572002,9
Latent Neural ODE (ours),3,test,2021,B70,55.057935480766716,45.5807944645285,10
Latent Neural ODE (ours),3,test,2021,B75,40.18688123179632,31.754535156877253,9
Latent Neural ODE (ours),3,test,2021,B76,30.714781193191673,27.03853566844049,10
Latent Neural ODE (ours),3,test,2021,B77,86.97213129746513,80.65755211177165,10
Latent Neural ODE (ours),3,test,2021,B79,60.87876567341617,56.164449634747214,10
Latent Neural ODE (ours),3,test,2021,B84,98.20269745280872,92.4341145120531,9
Latent Neural ODE (ours),3,test,2021,B85,75.43161660253284,59.75222216113317,10
Latent Neural ODE (ours),3,test,2021,B87,28.306288382719426,24.82601670380656,10
Latent Neural ODE (ours),3,test,2021,B88,45.00156039598554,41.23456975913695,10
Latent Neural ODE (ours),3,test,2021,B91,35.71398203378478,31.129238546408715,10
Latent Neural ODE (ours),3,test,2021,B97,84.10455916396205,80.12801501573668,10
Latent Neural ODE (ours),3,test,2021,BEI 10 = NORTH 10,69.45232142298057,61.148616650226266,10
Latent Neural ODE (ours),3,test,2021,BO9,32.340021854006864,22.843633957794104,10
Latent Neural ODE (ours),3,test,2021,C103,89.60460052267813,74.03103458460824,10
Latent Neural ODE (ours),3,test,2021,C123,56.376692332932045,48.09439874788094,10
Latent Neural ODE (ours),3,test,2021,CA-4,48.12412255063673,41.04958630827814,10
Latent Neural ODE (ours),3,test,2021,CG102,36.966484002012464,31.716412963137422,10
Latent Neural ODE (ours),3,test,2021,CH157,30.702544353037812,25.292085804524316,10
Latent Neural ODE (ours),3,test,2021,CH701-30,53.84085102943561,48.338122622914355,10
Latent Neural ODE (ours),3,test,2021,CH711-10,41.06318915865074,36.27764997541267,10
Latent Neural ODE (ours),3,test,2021,CH9,80.33156637806053,70.86843681760169,10
Latent Neural ODE (ours),3,test,2021,CI 40H,64.03875590562154,59.829362717124795,10
Latent Neural ODE (ours),3,test,2021,CM105,56.80616985567005,53.05450899361157,10
Latent Neural ODE (ours),3,test,2021,CO257,164.37751501743176,153.64115093227468,9
Latent Neural ODE (ours),3,test,2021,CO258,81.79808940647527,74.73893198846012,10
Latent Neural ODE (ours),3,test,2021,CQ702RC,99.20318023062008,81.54297403802397,10
Latent Neural ODE (ours),3,test,2021,CR 22 INBRED,32.776979690936756,28.118540036834588,10
Latent Neural ODE (ours),3,test,2021,CS405,35.015917418892954,29.538737885796696,10
Latent Neural ODE (ours),3,test,2021,DE2,34.22361440404592,26.905181829157833,10
Latent Neural ODE (ours),3,test,2021,DE4,43.04379923675762,34.465081774128556,10
Latent Neural ODE (ours),3,test,2021,DE811,60.18920307038162,52.46581472244842,10
Latent Neural ODE (ours),3,test,2021,DJ7,95.88703274863637,89.25619748400429,10
Latent Neural ODE (ours),3,test,2021,DK3IIH6,82.43427202599055,68.76167192827074,10
Latent Neural ODE (ours),3,test,2021,DK4676A,51.55233681191391,43.0489734017638,10
Latent Neural ODE (ours),3,test,2021,DK78002A,68.13929307532726,64.60626231559966,10
Latent Neural ODE (ours),3,test,2021,DK78010,79.2430235894548,72.68269274259629,10
Latent Neural ODE (ours),3,test,2021,DKFAPW,31.88528475042684,26.06411947363941,10
Latent Neural ODE (ours),3,test,2021,DKFBHJ,93.93399699422422,83.54550416177857,10
Latent Neural ODE (ours),3,test,2021,DKMBNA,33.06943799699686,27.557226657015207,10
Latent Neural ODE (ours),3,test,2021,DKPB80,44.05840280841515,38.51525180075423,10
Latent Neural ODE (ours),3,test,2021,E8501,111.1292692964094,104.50659339086559,9
Latent Neural ODE (ours),3,test,2021,EAST 028,63.47310928579366,57.413655239960306,10
Latent Neural ODE (ours),3,test,2021,Eng-Li Chih,42.66656391660066,37.10378417738218,10
Latent Neural ODE (ours),3,test,2021,F118,57.97126341935185,52.257312646276475,10
Latent Neural ODE (ours),3,test,2021,F2834T,104.96330973807646,99.29505190089684,10
Latent Neural ODE (ours),3,test,2021,FBLA,102.46927522168289,93.78567726708718,10
Latent Neural ODE (ours),3,test,2021,FR19,91.99834584414114,79.18211009426307,10
Latent Neural ODE (ours),3,test,2021,G80,63.82421120076138,61.66378021535443,10
Latent Neural ODE (ours),3,test,2021,H110,37.158708192436926,30.24300952098788,10
Latent Neural ODE (ours),3,test,2021,H113,39.44937179213224,35.56058981010375,10
Latent Neural ODE (ours),3,test,2021,H121,42.15019862182102,33.03133032508339,10
Latent Neural ODE (ours),3,test,2021,H122w,50.71000844145801,46.65237360839173,10
Latent Neural ODE (ours),3,test,2021,H42,103.08016524938455,88.23082557346297,10
Latent Neural ODE (ours),3,test,2021,H5,62.22846310242982,53.47925845072923,10
Latent Neural ODE (ours),3,test,2021,H71,75.59816174363243,70.13999981074615,10
Latent Neural ODE (ours),3,test,2021,H84,169.03844990079992,150.2999273890354,10
Latent Neural ODE (ours),3,test,2021,H91,51.79478343446555,47.01717309838345,10
Latent Neural ODE (ours),3,test,2021,H95,65.38338866200202,55.182872880920215,10
Latent Neural ODE (ours),3,test,2021,H96,97.32069766204523,87.50114129325392,10
Latent Neural ODE (ours),3,test,2021,H99,45.87609720004895,39.20429441341699,10
Latent Neural ODE (ours),3,test,2021,HP301,101.34078510295208,89.1153544945247,10
Latent Neural ODE (ours),3,test,2021,HUANYAO,81.1570769031821,75.4834498309082,10
Latent Neural ODE (ours),3,test,2021,I29,40.574438923560365,31.566246553621717,10
Latent Neural ODE (ours),3,test,2021,IA2132,72.64170918493787,59.658846349467254,10
Latent Neural ODE (ours),3,test,2021,IBB14,73.14419500381572,51.135106650516114,10
Latent Neural ODE (ours),3,test,2021,IBB15,83.07165906164046,77.8163724596703,10
Latent Neural ODE (ours),3,test,2021,IBC2,111.35367969891266,98.47336318157862,10
Latent Neural ODE (ours),3,test,2021,ICI 193,67.33893016183215,62.74821933260146,10
Latent Neural ODE (ours),3,test,2021,ICI 740,79.73825931704467,69.14003070802865,10
Latent Neural ODE (ours),3,test,2021,ICI 893,87.76556411928814,82.4899949550861,10
Latent Neural ODE (ours),3,test,2021,ICI 986,43.111795569739655,34.804164231475866,10
Latent Neural ODE (ours),3,test,2021,IDS28,47.84436197011364,46.08467192300514,10
Latent Neural ODE (ours),3,test,2021,IDS69,99.43776705497243,92.32541058996408,9
Latent Neural ODE (ours),3,test,2021,IDS91,64.66519083884819,62.95043818758868,10
Latent Neural ODE (ours),3,test,2021,INB 101LFY/LFY (A632 X M16 S5),34.72944997505565,24.062207258538926,10
Latent Neural ODE (ours),3,test,2021,INBRED 141,85.94185541151406,76.32030078037522,10
Latent Neural ODE (ours),3,test,2021,INBRED 2-687,91.60128615382244,84.75164241818739,10
Latent Neural ODE (ours),3,test,2021,INBRED 305,91.37869668849692,83.55236538222485,10
Latent Neural ODE (ours),3,test,2021,INBRED 309,159.11484660533114,135.94258314181351,10
Latent Neural ODE (ours),3,test,2021,INBRED 321,89.3880865859914,83.23299301544263,9
Latent Neural ODE (ours),3,test,2021,Ia 453,82.0835778567229,75.52517654483754,10
Latent Neural ODE (ours),3,test,2021,J47,106.75414114195287,91.71943379787078,10
Latent Neural ODE (ours),3,test,2021,K150,35.38818831273643,28.15564572151281,10
Latent Neural ODE (ours),3,test,2021,K41,114.02505033393149,105.42101061467005,10
Latent Neural ODE (ours),3,test,2021,K47,79.8054404427401,73.30006314010704,10
Latent Neural ODE (ours),3,test,2021,K55,103.22658020643601,95.44482337461095,10
Latent Neural ODE (ours),3,test,2021,KUNG-70,47.72805153034747,43.237240544775844,10
Latent Neural ODE (ours),3,test,2021,L 127,46.002200465105965,35.047112402969276,10
Latent Neural ODE (ours),3,test,2021,L 135,71.15733489681692,62.349145622648464,10
Latent Neural ODE (ours),3,test,2021,L 139,37.044624726458714,32.89430510056501,10
Latent Neural ODE (ours),3,test,2021,L 155,77.3224943949626,74.18706710529972,10
Latent Neural ODE (ours),3,test,2021,L 289,58.4436325561897,50.83035245597225,10
Latent Neural ODE (ours),3,test,2021,LH1,40.96748751128027,33.47769053864507,10
Latent Neural ODE (ours),3,test,2021,LH119,47.16120846794924,42.71403488547594,10
Latent Neural ODE (ours),3,test,2021,LH128,79.11667491435377,68.63821373667376,10
Latent Neural ODE (ours),3,test,2021,LH143 (Maintainer),45.099538902480276,34.72240578262821,10
Latent Neural ODE (ours),3,test,2021,LH145,75.24030787484732,73.75311599381641,9
Latent Neural ODE (ours),3,test,2021,LH146Ht,22.90064795795651,17.93620510940825,10
Latent Neural ODE (ours),3,test,2021,LH149,36.45919155551005,32.81468113255952,10
Latent Neural ODE (ours),3,test,2021,LH165,86.24681048926725,83.43790043747875,9
Latent Neural ODE (ours),3,test,2021,LH166,59.909876151716325,52.38935942161421,10
Latent Neural ODE (ours),3,test,2021,LH172,136.30841597644107,121.03237924260318,10
Latent Neural ODE (ours),3,test,2021,LH184,37.925612102830414,29.072786910313766,10
Latent Neural ODE (ours),3,test,2021,LH185,74.230478525894,56.43047794257842,10
Latent Neural ODE (ours),3,test,2021,LH190,75.32087055463951,67.52939789603965,10
Latent Neural ODE (ours),3,test,2021,LH191,77.05594346900538,66.6758332061174,10
Latent Neural ODE (ours),3,test,2021,LH192,67.81621131019668,53.98147650012029,10
Latent Neural ODE (ours),3,test,2021,LH194,114.13963229263278,107.28917325269529,9
Latent Neural ODE (ours),3,test,2021,LH195,84.3947772808352,77.97453291707409,10
Latent Neural ODE (ours),3,test,2021,LH197,47.931623554583545,39.36543994345958,10
Latent Neural ODE (ours),3,test,2021,LH198,27.414103267152747,22.61308233837537,10
Latent Neural ODE (ours),3,test,2021,LH199,110.7008477296793,105.53532084832665,9
Latent Neural ODE (ours),3,test,2021,LH202,47.22990192359858,43.33875747034902,10
Latent Neural ODE (ours),3,test,2021,LH204,99.41943679864968,93.29977845764304,10
Latent Neural ODE (ours),3,test,2021,LH205,104.03093237599889,95.764557432402,9
Latent Neural ODE (ours),3,test,2021,LH206,48.77980195511273,40.465173552532676,10
Latent Neural ODE (ours),3,test,2021,LH208,72.1917285928876,68.34217117892945,10
Latent Neural ODE (ours),3,test,2021,LH209,33.89248883325071,26.689209359573447,10
Latent Neural ODE (ours),3,test,2021,LH213,50.800433905979105,48.95564436647322,10
Latent Neural ODE (ours),3,test,2021,LH214,40.891175360149155,38.70219155191115,10
Latent Neural ODE (ours),3,test,2021,LH215,65.96613795132629,63.16202014992157,10
Latent Neural ODE (ours),3,test,2021,LH222,78.67767605107373,73.56054969290581,10
Latent Neural ODE (ours),3,test,2021,LH223,52.55015985644462,46.67053580582197,10
Latent Neural ODE (ours),3,test,2021,LH224,63.29075375432107,53.71772824634686,10
Latent Neural ODE (ours),3,test,2021,LH295,60.10502572583985,56.35819531150751,10
Latent Neural ODE (ours),3,test,2021,LH59,76.5078475628759,62.96842430344534,10
Latent Neural ODE (ours),3,test,2021,LH60,53.12291607873602,49.81552471931333,10
Latent Neural ODE (ours),3,test,2021,LH61,61.90959534799971,53.584935747684014,10
Latent Neural ODE (ours),3,test,2021,LH74,90.39048508580694,84.75150897240893,10
Latent Neural ODE (ours),3,test,2021,LH82,67.44073454327216,61.94072267758156,10
Latent Neural ODE (ours),3,test,2021,LH93,70.79512476755009,68.41849309761929,10
Latent Neural ODE (ours),3,test,2021,LIBC 4,81.84355428635527,76.1172412006934,10
Latent Neural ODE (ours),3,test,2021,LP1 NR HT,102.44388308497017,94.95983740001269,10
Latent Neural ODE (ours),3,test,2021,LP5,46.651792915276836,40.5009939685783,10
Latent Neural ODE (ours),3,test,2021,Lp215D,47.04566860546218,44.06074264731568,10
Latent Neural ODE (ours),3,test,2021,M14,42.58697798148637,41.0325821956147,10
Latent Neural ODE (ours),3,test,2021,MBPM,83.35152132498344,77.29514024623785,10
Latent Neural ODE (ours),3,test,2021,MBWZ,99.80563658659536,95.1972287621702,9
Latent Neural ODE (ours),3,test,2021,MEF156-55-2,61.73338371897627,46.04967546725295,10
Latent Neural ODE (ours),3,test,2021,ML606,42.68252073703469,32.51518759118348,10
Latent Neural ODE (ours),3,test,2021,MM501D,45.01521591993391,41.91520816401807,10
Latent Neural ODE (ours),3,test,2021,MQ305,66.81283611290648,60.517378754095645,10
Latent Neural ODE (ours),3,test,2021,MS116,57.95439985600334,49.25128074018195,10
Latent Neural ODE (ours),3,test,2021,MS132,52.42434145173199,46.25838395905124,10
Latent Neural ODE (ours),3,test,2021,MS153,132.18980486815963,119.5625497709647,10
Latent Neural ODE (ours),3,test,2021,MS200,73.90520947587727,61.754569525234544,10
Latent Neural ODE (ours),3,test,2021,MS211,47.55313135113076,37.55937755922671,10
Latent Neural ODE (ours),3,test,2021,MS221,74.9114600069052,70.7111571247349,10
Latent Neural ODE (ours),3,test,2021,MS224,60.2529303766323,54.331174523708796,10
Latent Neural ODE (ours),3,test,2021,MS225,44.75341791313544,39.50875266616897,10
Latent Neural ODE (ours),3,test,2021,MS226,67.95655272696766,53.359702941400954,10
Latent Neural ODE (ours),3,test,2021,MS24A,41.320237930570606,34.311822712180685,10
Latent Neural ODE (ours),3,test,2021,MS67,80.16439641725921,70.54320138778732,10
Latent Neural ODE (ours),3,test,2021,MS71,76.1841092729247,69.73644291367059,10
Latent Neural ODE (ours),3,test,2021,MS72,46.28922438291331,36.88213308365179,10
Latent Neural ODE (ours),3,test,2021,Mo46,107.20994811898252,98.89551842191335,10
Latent Neural ODE (ours),3,test,2021,Mo47,40.156921156262925,35.54579575680991,10
Latent Neural ODE (ours),3,test,2021,Mo5,76.71194957452958,69.42878302237968,10
Latent Neural ODE (ours),3,test,2021,N192,67.11051596258677,62.285776020907306,10
Latent Neural ODE (ours),3,test,2021,N193,34.855868901088044,31.159681024021683,10
Latent Neural ODE (ours),3,test,2021,N201,73.15011557762669,68.0063335663958,10
Latent Neural ODE (ours),3,test,2021,N211,61.67681662204476,55.619018280311266,10
Latent Neural ODE (ours),3,test,2021,N217,56.345585181532385,47.19685004643957,10
Latent Neural ODE (ours),3,test,2021,N28Ht,118.4662950656979,108.47281309600314,10
Latent Neural ODE (ours),3,test,2021,N501,78.15391908856556,74.04045966392192,10
Latent Neural ODE (ours),3,test,2021,N523,45.34053241855915,40.747180239671785,10
Latent Neural ODE (ours),3,test,2021,N527,70.85869616462682,66.05386094028613,10
Latent Neural ODE (ours),3,test,2021,N534,60.20202525913199,54.568240100251614,10
Latent Neural ODE (ours),3,test,2021,N542,91.5129001385148,77.12552103907703,10
Latent Neural ODE (ours),3,test,2021,N6,137.88664774216292,131.57722485664638,8
Latent Neural ODE (ours),3,test,2021,NC262,77.07870432782775,63.27351591054209,9
Latent Neural ODE (ours),3,test,2021,NC294,73.63399330658447,70.4222546581113,10
Latent Neural ODE (ours),3,test,2021,NC310,47.55283788342879,42.32006567826885,10
Latent Neural ODE (ours),3,test,2021,NC326,82.07134129443608,76.35237773778248,10
Latent Neural ODE (ours),3,test,2021,NC328,74.66640928661808,68.60419121531214,10
Latent Neural ODE (ours),3,test,2021,NC368,93.01537675468978,87.88637766382281,9
Latent Neural ODE (ours),3,test,2021,NC412,81.93887540175136,72.1478450336327,10
Latent Neural ODE (ours),3,test,2021,ND247,59.964740847207096,57.077449610835714,9
Latent Neural ODE (ours),3,test,2021,ND265,41.57134851823069,35.80253397023556,10
Latent Neural ODE (ours),3,test,2021,NK740,144.62815446468292,129.02338352740725,10
Latent Neural ODE (ours),3,test,2021,NK778,39.831143041168744,34.13749828201077,10
Latent Neural ODE (ours),3,test,2021,NK807,76.46211980583284,71.47008192685726,10
Latent Neural ODE (ours),3,test,2021,NKS8326,80.6624437342555,76.8648323029553,10
Latent Neural ODE (ours),3,test,2021,NORTH 7,109.57285555688236,94.63917612352593,10
Latent Neural ODE (ours),3,test,2021,NQ508,98.89721790343899,90.52045573586454,10
Latent Neural ODE (ours),3,test,2021,NS501,108.24705123869876,99.79063475749464,10
Latent Neural ODE (ours),3,test,2021,NS701,178.4849825096028,160.33182919356457,10
Latent Neural ODE (ours),3,test,2021,NY 166 (Neveh Yaar),65.4389185508508,59.66008364308635,10
Latent Neural ODE (ours),3,test,2021,NY6371,86.01421374231798,78.84597280970713,10
Latent Neural ODE (ours),3,test,2021,Ny821,36.33803461411205,31.81212660219966,10
Latent Neural ODE (ours),3,test,2021,OH33,87.43575272485427,72.86516868066579,10
Latent Neural ODE (ours),3,test,2021,OQ403,80.61386533686779,66.46437787964148,10
Latent Neural ODE (ours),3,test,2021,OQ603,56.16825481866433,49.92410334135313,10
Latent Neural ODE (ours),3,test,2021,OS602,55.53817184716087,49.75683972949938,10
Latent Neural ODE (ours),3,test,2021,Oh40B,106.10609589158638,85.66654829411179,10
Latent Neural ODE (ours),3,test,2021,Oh43,38.53329999856628,34.84789806338085,10
Latent Neural ODE (ours),3,test,2021,Oh7,41.49083933571852,34.01852853116688,10
Latent Neural ODE (ours),3,test,2021,Os420,36.34267475674824,31.892055405497537,10
Latent Neural ODE (ours),3,test,2021,Os426,46.9945779589807,41.88496232338075,10
Latent Neural ODE (ours),3,test,2021,PHB09,45.12137105951195,41.2123828527971,10
Latent Neural ODE (ours),3,test,2021,PHB47,25.27993561048666,21.47496274199589,10
Latent Neural ODE (ours),3,test,2021,PHBA6,59.49193309647839,55.01602931451598,10
Latent Neural ODE (ours),3,test,2021,PHBB3,78.44673325525861,74.32523120393026,10
Latent Neural ODE (ours),3,test,2021,PHBW8,90.697772652306,79.6786009266076,10
Latent Neural ODE (ours),3,test,2021,PHG29,77.19761509605759,74.2779402643891,10
Latent Neural ODE (ours),3,test,2021,PHG47,104.04638147771647,76.78357430427076,9
Latent Neural ODE (ours),3,test,2021,PHG50,30.11662130389013,25.064981900490416,10
Latent Neural ODE (ours),3,test,2021,PHG71,57.27284291198856,51.37425711149099,10
Latent Neural ODE (ours),3,test,2021,PHG72,56.65581296958202,49.18489038234941,10
Latent Neural ODE (ours),3,test,2021,PHG80,103.87190180530295,96.60002652636142,10
Latent Neural ODE (ours),3,test,2021,PHG83,31.3175959479444,26.10626464229524,10
Latent Neural ODE (ours),3,test,2021,PHG86,141.8552141147361,130.68965394097924,9
Latent Neural ODE (ours),3,test,2021,PHGW7,111.65187735531529,84.13046574755488,10
Latent Neural ODE (ours),3,test,2021,PHH93,114.81049131487441,104.11319687746312,9
Latent Neural ODE (ours),3,test,2021,PHHV4,75.45922202348036,69.46938830077133,10
Latent Neural ODE (ours),3,test,2021,PHJ70,104.75457787443234,95.38407476815068,10
Latent Neural ODE (ours),3,test,2021,PHJ89,39.39800551683089,36.972816521677544,10
Latent Neural ODE (ours),3,test,2021,PHJ90,94.12122083275105,88.5324839516877,10
Latent Neural ODE (ours),3,test,2021,PHJR5,78.45759787950149,64.42643398713304,10
Latent Neural ODE (ours),3,test,2021,PHK35,99.89432449439423,94.21664207454133,10
Latent Neural ODE (ours),3,test,2021,PHK42,59.689585701044585,57.34083375622656,10
Latent Neural ODE (ours),3,test,2021,PHK56,125.09483856543682,118.6796474260604,9
Latent Neural ODE (ours),3,test,2021,PHK74,55.43769286318273,47.39099536565095,10
Latent Neural ODE (ours),3,test,2021,PHKE6,89.27068629336449,84.19985438973609,10
Latent Neural ODE (ours),3,test,2021,PHM10,86.55613891972847,83.04712448508985,10
Latent Neural ODE (ours),3,test,2021,PHN11,76.02216837368255,70.87028254730419,10
Latent Neural ODE (ours),3,test,2021,PHN29,69.63871159852243,66.9319973525722,9
Latent Neural ODE (ours),3,test,2021,PHN66,46.948562693944034,43.39477702665134,10
Latent Neural ODE (ours),3,test,2021,PHP02,50.11819554014075,45.86049987060214,10
Latent Neural ODE (ours),3,test,2021,PHP55,37.93282842524295,28.44411703408371,10
Latent Neural ODE (ours),3,test,2021,PHP76,102.79144239819858,93.7520215148055,10
Latent Neural ODE (ours),3,test,2021,PHP85,70.5070190553324,63.705121544680146,8
Latent Neural ODE (ours),3,test,2021,PHPR5,74.86314751577906,56.6223158175837,10
Latent Neural ODE (ours),3,test,2021,PHR03,78.28308312647893,72.23658585968955,10
Latent Neural ODE (ours),3,test,2021,PHR30,50.273379042670804,42.076183516139814,10
Latent Neural ODE (ours),3,test,2021,PHR31,82.93694214248428,74.68550526426294,10
Latent Neural ODE (ours),3,test,2021,PHR36,75.35408966856089,67.20016293128006,10
Latent Neural ODE (ours),3,test,2021,PHR47,60.854621568154315,53.20061163084038,10
Latent Neural ODE (ours),3,test,2021,PHR58,36.38176508407592,32.26915560253319,10
Latent Neural ODE (ours),3,test,2021,PHR63,59.7062510498469,56.37773837410996,10
Latent Neural ODE (ours),3,test,2021,PHT10,56.88044675908465,52.760002331183216,10
Latent Neural ODE (ours),3,test,2021,PHT47,62.304133287742715,56.473789589476795,10
Latent Neural ODE (ours),3,test,2021,PHT55,67.13997468622445,62.06421435852767,10
Latent Neural ODE (ours),3,test,2021,PHTM9,45.18934780706108,37.83392306016992,10
Latent Neural ODE (ours),3,test,2021,PHV37,54.53928521374837,45.92160843093127,10
Latent Neural ODE (ours),3,test,2021,PHV57,84.8967288560531,75.01275661442746,10
Latent Neural ODE (ours),3,test,2021,PHV63,80.37901790559593,74.65041667334751,10
Latent Neural ODE (ours),3,test,2021,PHVA9,76.33269452193021,68.69529147953877,10
Latent Neural ODE (ours),3,test,2021,PHW03,71.26771262542621,61.26509566859052,10
Latent Neural ODE (ours),3,test,2021,PHW17,66.98476336776456,53.584498802929076,10
Latent Neural ODE (ours),3,test,2021,PHW20,102.14666932623854,82.84642005909453,10
Latent Neural ODE (ours),3,test,2021,PHW30,59.945546004365845,47.81522935609141,10
Latent Neural ODE (ours),3,test,2021,PHW52,80.7790391322856,77.25249109813083,10
Latent Neural ODE (ours),3,test,2021,PHW53,97.58527435958088,91.77528449729598,10
Latent Neural ODE (ours),3,test,2021,PHW79,50.66469351753742,42.605070452490956,8
Latent Neural ODE (ours),3,test,2021,PHW80,41.566481986494196,38.16363269960939,10
Latent Neural ODE (ours),3,test,2021,PHW86,49.413781023317554,37.72879087828778,10
Latent Neural ODE (ours),3,test,2021,PHZ51,47.5690103007975,42.13705555364538,10
Latent Neural ODE (ours),3,test,2021,Pa392,44.01119594557405,36.31759735494241,10
Latent Neural ODE (ours),3,test,2021,Pa405,71.74754704380916,69.20582388792108,10
Latent Neural ODE (ours),3,test,2021,Pa762,71.87930839727379,66.15427863149021,10
Latent Neural ODE (ours),3,test,2021,Pa875,100.41117306290516,94.61683479252068,10
Latent Neural ODE (ours),3,test,2021,Pa880,38.51049246502079,35.62657961647221,10
Latent Neural ODE (ours),3,test,2021,Pa91,89.1942460316613,84.52535100694749,10
Latent Neural ODE (ours),3,test,2021,Q381,65.85804487870381,56.143512804842565,10
Latent Neural ODE (ours),3,test,2021,R168,43.814606787595636,36.18069412254346,10
Latent Neural ODE (ours),3,test,2021,R181B,36.83976174473959,32.07624210663632,10
Latent Neural ODE (ours),3,test,2021,R226,78.00142661130894,72.93589378637807,10
Latent Neural ODE (ours),3,test,2021,R227,114.08861924682992,103.59154619295926,10
Latent Neural ODE (ours),3,test,2021,R71,71.49339739503688,67.62286772580157,10
Latent Neural ODE (ours),3,test,2021,R78,82.85103152545007,79.8325738758719,10
Latent Neural ODE (ours),3,test,2021,S8326,54.104386719991275,51.57034390632549,10
Latent Neural ODE (ours),3,test,2021,SD101,84.61505144332482,80.512237216221,10
Latent Neural ODE (ours),3,test,2021,SD102,80.98631297582408,77.68754197271181,10
Latent Neural ODE (ours),3,test,2021,SD107,88.01223494523644,74.1378146781685,10
Latent Neural ODE (ours),3,test,2021,SD40,90.995511305971,80.7465104728758,10
Latent Neural ODE (ours),3,test,2021,SD44,43.146966325026696,38.05609443131476,10
Latent Neural ODE (ours),3,test,2021,SG 30A,48.81084714407467,42.8768049868486,10
Latent Neural ODE (ours),3,test,2021,Seagull Seventeen,131.15784192492836,115.40884230912509,10
Latent Neural ODE (ours),3,test,2021,T242,44.76959790113487,40.865947354117964,10
Latent Neural ODE (ours),3,test,2021,TZU-CHIAO-HSI-WU 105,44.312005324373445,36.39511525854518,10
Latent Neural ODE (ours),3,test,2021,Tr,35.4740139380599,28.53186969207664,10
Latent Neural ODE (ours),3,test,2021,Va26,54.712536523364655,49.698464576617326,10
Latent Neural ODE (ours),3,test,2021,Va35,70.22223361365666,68.2340250574397,10
Latent Neural ODE (ours),3,test,2021,Va52,31.48584565138301,27.97354104636271,10
Latent Neural ODE (ours),3,test,2021,Va59,97.5185761558945,89.26731786273763,9
Latent Neural ODE (ours),3,test,2021,Va99,39.991234745109494,36.22966929339712,10
Latent Neural ODE (ours),3,test,2021,VaW6,108.2512451205014,99.47503599232451,9
Latent Neural ODE (ours),3,test,2021,W117Ht,85.64536286761755,78.57629625790415,9
Latent Neural ODE (ours),3,test,2021,W153R,99.53871855472688,80.77101251214994,8
Latent Neural ODE (ours),3,test,2021,W22,63.2002686105285,59.70459525538898,10
Latent Neural ODE (ours),3,test,2021,W23,55.183723576257115,48.174736439822325,10
Latent Neural ODE (ours),3,test,2021,W24,56.887615137104696,47.83755000538091,10
Latent Neural ODE (ours),3,test,2021,W32,70.38167937104033,63.76051674110427,10
Latent Neural ODE (ours),3,test,2021,W37A,46.668004527918576,41.086160943563065,10
Latent Neural ODE (ours),3,test,2021,W552,72.01238113382998,56.4546722542118,10
Latent Neural ODE (ours),3,test,2021,W603S,80.47522886579223,63.906055470840826,10
Latent Neural ODE (ours),3,test,2021,W604S,109.64466763291831,94.80320600164384,9
Latent Neural ODE (ours),3,test,2021,W605S,55.97375324823147,55.070400794964236,10
Latent Neural ODE (ours),3,test,2021,W607S,90.5606809880249,83.77840122177619,10
Latent Neural ODE (ours),3,test,2021,W610S,92.9787868401469,82.2075152757525,10
Latent Neural ODE (ours),3,test,2021,W612S,105.70656290564622,85.31481034654576,9
Latent Neural ODE (ours),3,test,2021,W614S,87.9478701067976,79.07289584020228,9
Latent Neural ODE (ours),3,test,2021,W64A,43.59467375425974,36.36846029217873,10
Latent Neural ODE (ours),3,test,2021,W701BC,76.61769642672962,71.66362486031457,10
Latent Neural ODE (ours),3,test,2021,W809G,165.67800987147564,151.85704131175592,10
Latent Neural ODE (ours),3,test,2021,W810G,83.36710406189111,75.97774085234236,10
Latent Neural ODE (ours),3,test,2021,W812G,62.62853855207195,59.93768870037127,10
Latent Neural ODE (ours),3,test,2021,W813G,56.85859989695608,55.245350338439984,10
Latent Neural ODE (ours),3,test,2021,W814G,33.31357439404704,26.29063018464136,9
Latent Neural ODE (ours),3,test,2021,W8304,102.68016592728392,90.97947296776462,10
Latent Neural ODE (ours),3,test,2021,W9,42.88316051267018,36.62757704609179,10
Latent Neural ODE (ours),3,test,2021,WIL900,85.55639155971748,79.99190095805561,10
Latent Neural ODE (ours),3,test,2021,WR3,75.17798607432971,68.42076334306617,10
Latent Neural ODE (ours),3,test,2021,WU-TAN-TZAO,102.7470327097045,75.70538438956511,10
Latent Neural ODE (ours),3,test,2021,YE 4,96.24011911649131,77.20247703711605,10
Latent Neural ODE (ours),3,test,2021,YING-55,76.93970764896957,72.9752909193821,10
Latent Neural ODE (ours),3,test,2021,Yu796 NS,83.49482194147903,78.04280550512343,10
Latent Neural ODE (ours),3,test,2021,ZS635,97.60262961692585,80.34643020906114,10
