model,seed,split,year,genotype,rmse,mae,n_observed
Logi-PINN,1,train,2018,1538,34.44628873169428,30.10409290087558,10
Logi-PINN,1,train,2018,2369,64.54236817992773,52.116741927838376,9
Logi-PINN,1,train,2018,29MIBZ2,48.21502400369625,39.571942753595536,10
Logi-PINN,1,train,2018,2FACC,38.95709430132321,33.219457782305035,9
Logi-PINN,1,train,2018,2FADB,80.72226447670741,69.20982636530668,8
Logi-PINN,1,train,2018,2MA22,39.16032761753355,32.26412088570347,10
Logi-PINN,1,train,2018,2MCDB,39.27742008629539,33.166705684675236,10
Logi-PINN,1,train,2018,3IJI1,35.50561208533295,30.427906485481646,10
Logi-PINN,1,train,2018,4226,38.766010934920615,31.616741329464197,10
Logi-PINN,1,train,2018,4F-306 108,32.03786531736536,28.272400695473806,10
Logi-PINN,1,train,2018,4N506,29.67430233904957,22.17213223489255,10
Logi-PINN,1,train,2018,6F629,28.992535587918034,25.310994175617637,10
Logi-PINN,1,train,2018,6M502,39.05458078933791,31.52874684665528,10
Logi-PINN,1,train,2018,6M502A,26.56692214284817,21.14189512905671,10
Logi-PINN,1,train,2018,764,33.834362571518675,28.600048371480614,10
Logi-PINN,1,train,2018,78010,28.886449471439583,25.23957542650214,10
Logi-PINN,1,train,2018,78551S,26.404121754030417,23.443263205242904,8
Logi-PINN,1,train,2018,790,35.909554707192605,31.666054430428016,10
Logi-PINN,1,train,2018,793,44.06103052146712,37.791085491521,10
Logi-PINN,1,train,2018,87916W,34.18245469000194,25.061063415013525,10
Logi-PINN,1,train,2018,911,40.24772458990817,34.2089696132479,10
Logi-PINN,1,train,2018,912,46.20361887439583,35.52822742293817,10
Logi-PINN,1,train,2018,91IFC2,41.53043617503128,32.00562434527127,10
Logi-PINN,1,train,2018,A,38.042940554528215,24.759379262436795,10
Logi-PINN,1,train,2018,A208,38.20885567685758,31.643060633639486,10
Logi-PINN,1,train,2018,A239,28.924022900890403,24.78597191830185,10
Logi-PINN,1,train,2018,A258,32.233650118202156,29.2415073712163,10
Logi-PINN,1,train,2018,A272,31.44876036569988,28.514817452172835,9
Logi-PINN,1,train,2018,A305,42.50989138538515,36.229935871874304,10
Logi-PINN,1,train,2018,A321,31.800310113302476,27.778760450208573,10
Logi-PINN,1,train,2018,A322,57.478878108168736,46.66568691612679,10
Logi-PINN,1,train,2018,A334,31.218954011931025,24.834494938398333,10
Logi-PINN,1,train,2018,A340,29.83265956421991,25.4555512807838,10
Logi-PINN,1,train,2018,A374,48.28146910376737,40.23952948325908,10
Logi-PINN,1,train,2018,A385,41.430351194562256,31.784574054078785,10
Logi-PINN,1,train,2018,A427,68.99658261542669,57.39553635920996,10
Logi-PINN,1,train,2018,A548,38.77974967624047,31.65607399858922,10
Logi-PINN,1,train,2018,A556,37.63120917514678,27.762552877909002,10
Logi-PINN,1,train,2018,A572,62.285193744260496,50.99298621685168,10
Logi-PINN,1,train,2018,A619,37.79864251041927,32.54463184845525,10
Logi-PINN,1,train,2018,A627,26.95269342933714,21.5820815980002,10
Logi-PINN,1,train,2018,A632,33.380804226617,25.792165478666874,8
Logi-PINN,1,train,2018,A634,36.71040491966559,28.54134813239322,10
Logi-PINN,1,train,2018,A635,49.886206070778535,40.7359814389924,10
Logi-PINN,1,train,2018,A641,57.38928356529601,46.1433408337571,10
Logi-PINN,1,train,2018,A648,23.52599778230937,18.556683089181483,8
Logi-PINN,1,train,2018,A649,59.502690756438525,50.760375983698815,8
Logi-PINN,1,train,2018,A659,36.36399512364571,28.206686493123744,10
Logi-PINN,1,train,2018,A663,35.13353292145634,28.307605069889547,10
Logi-PINN,1,train,2018,A672,29.471910186182164,24.577937924317986,10
Logi-PINN,1,train,2018,A674,47.4276474796312,39.073469819874546,10
Logi-PINN,1,train,2018,A679,41.264625739275466,33.80767499717644,10
Logi-PINN,1,train,2018,A680,26.906892832401137,24.30118025294423,10
Logi-PINN,1,train,2018,A682,38.928422630188855,31.938556597737715,9
Logi-PINN,1,train,2018,A71,32.796341168780536,29.804207852030572,10
Logi-PINN,1,train,2018,A73,34.08136661558522,29.417347769050423,10
Logi-PINN,1,train,2018,AQA3,74.40088902949257,59.54464624096763,10
Logi-PINN,1,train,2018,AS6103,27.192865204482,25.21857100446658,10
Logi-PINN,1,train,2018,AusTRCF 306238,50.48592853718109,37.7810741080606,8
Logi-PINN,1,train,2018,B-18 INBR.FR.SUPERGOLD,32.62267223363187,26.06454756816504,10
Logi-PINN,1,train,2018,B-28,32.55724999561031,24.61276729540247,10
Logi-PINN,1,train,2018,B103,29.46779256374906,25.46087821776563,10
Logi-PINN,1,train,2018,B104,37.62486208522259,26.015007380040586,8
Logi-PINN,1,train,2018,B105,29.471978340508144,23.72972795676568,10
Logi-PINN,1,train,2018,B107,30.267486879464023,25.059974279940228,9
Logi-PINN,1,train,2018,B108,24.809426404319854,20.07033956321485,10
Logi-PINN,1,train,2018,B110,40.973295820244545,32.18317783390971,10
Logi-PINN,1,train,2018,B111,39.66143246355186,31.059665572812257,10
Logi-PINN,1,train,2018,B114,33.89537932942717,31.29826347861663,9
Logi-PINN,1,train,2018,B115,40.78295031194157,30.886013943335566,8
Logi-PINN,1,train,2018,B119,33.48591568333023,27.673112465661227,10
Logi-PINN,1,train,2018,B120,31.31744938205104,21.162137163781107,10
Logi-PINN,1,train,2018,B121,34.621006124107076,32.674491168843176,10
Logi-PINN,1,train,2018,B14,34.615832562962524,29.033693332849843,9
Logi-PINN,1,train,2018,B14A,27.48675858200558,20.969666948367387,10
Logi-PINN,1,train,2018,B164,28.315594765665207,24.702463139980136,10
Logi-PINN,1,train,2018,B2,38.339198542450326,32.05204298090503,10
Logi-PINN,1,train,2018,B37,36.54471285546248,25.627908806670785,10
Logi-PINN,1,train,2018,B46,48.136405308822646,38.88597923166758,10
Logi-PINN,1,train,2018,B57,22.595622160134212,17.669275336413058,10
Logi-PINN,1,train,2018,B65,47.01136962905896,37.47839070681578,10
Logi-PINN,1,train,2018,B66,46.9410973460291,27.157459101302596,10
Logi-PINN,1,train,2018,B68,50.811272185537106,41.00293084918509,9
Logi-PINN,1,train,2018,B70,50.23144934941618,35.365619332050834,8
Logi-PINN,1,train,2018,B75,30.857565502618606,25.12076145473992,9
Logi-PINN,1,train,2018,B76,31.687580253518295,27.27129199782899,10
Logi-PINN,1,train,2018,B77,40.38016153987631,29.47549544024049,10
Logi-PINN,1,train,2018,B79,32.76755805234912,21.38897041251376,9
Logi-PINN,1,train,2018,B84,36.791641659423895,25.56858953515126,10
Logi-PINN,1,train,2018,B85,41.80825906234224,37.311360769523716,10
Logi-PINN,1,train,2018,B87,22.649633203654155,18.46252955947933,10
Logi-PINN,1,train,2018,B88,39.34607453087622,28.60186865263765,10
Logi-PINN,1,train,2018,B91,27.36899157526107,23.639437189440073,10
Logi-PINN,1,train,2018,B97,40.26716776043752,33.0337914392347,10
Logi-PINN,1,train,2018,BEI 10 = NORTH 10,36.01313111122348,27.35373799520669,10
Logi-PINN,1,train,2018,BO9,52.43942201964928,46.1266513935801,10
Logi-PINN,1,train,2018,C103,54.45691817831988,48.11706550562228,9
Logi-PINN,1,train,2018,C123,47.37868013891798,38.87810999002819,9
Logi-PINN,1,train,2018,CA-4,46.75091144888506,40.743626163722766,10
Logi-PINN,1,train,2018,CG102,25.075135918275944,21.094583457687957,10
Logi-PINN,1,train,2018,CH157,48.28990561278948,38.75134358735588,10
Logi-PINN,1,train,2018,CH701-30,30.402814705274313,28.015946310454574,10
Logi-PINN,1,train,2018,CH711-10,34.603640041365104,28.703307216646454,10
Logi-PINN,1,train,2018,CH9,35.87918944071075,29.115801432641472,10
Logi-PINN,1,train,2018,CI 40H,38.08018337648795,30.978391175764028,10
Logi-PINN,1,train,2018,CM105,56.11035932842841,47.867423699221284,10
Logi-PINN,1,train,2018,CO257,48.45468119659372,42.83847475764131,10
Logi-PINN,1,train,2018,CO258,31.274776184403812,22.749223590721343,8
Logi-PINN,1,train,2018,CQ702RC,24.36324145334932,18.282780134739518,10
Logi-PINN,1,train,2018,CR 22 INBRED,35.47260627191732,29.030890382957693,10
Logi-PINN,1,train,2018,CS405,34.95888903589541,30.837424458704266,10
Logi-PINN,1,train,2018,DE2,36.481595476250675,27.01989380455417,10
Logi-PINN,1,train,2018,DE4,33.118612677744736,27.483100134809643,10
Logi-PINN,1,train,2018,DE811,46.62751700166547,34.74489234387984,9
Logi-PINN,1,train,2018,DJ7,26.04067763663525,20.968943657841415,10
Logi-PINN,1,train,2018,DK3IIH6,51.61419910173553,39.41261162492001,10
Logi-PINN,1,train,2018,DK4676A,63.085012928986615,52.98899080716844,10
Logi-PINN,1,train,2018,DK78002A,31.912604509162662,27.22642583037374,10
Logi-PINN,1,train,2018,DK78010,31.2143766420249,30.43646542337233,10
Logi-PINN,1,train,2018,DKFAPW,29.72796432283207,23.343177390001593,10
Logi-PINN,1,train,2018,DKFBHJ,30.717483342985968,25.707540161321504,10
Logi-PINN,1,train,2018,DKMBNA,59.166883285274636,49.2964444300999,10
Logi-PINN,1,train,2018,DKPB80,39.82919761968919,35.20902172027302,10
Logi-PINN,1,train,2018,E8501,37.824370298121984,29.766588599516403,10
Logi-PINN,1,train,2018,EAST 028,38.04300987793297,28.798564904723616,10
Logi-PINN,1,train,2018,Eng-Li Chih,37.62699800807884,29.541874939551832,10
Logi-PINN,1,train,2018,F118,27.87317713770165,22.79626810072464,10
Logi-PINN,1,train,2018,F2834T,33.239675204116466,22.7028811938187,10
Logi-PINN,1,train,2018,FBLA,35.52696984486276,29.50863550439832,10
Logi-PINN,1,train,2018,FR19,43.95606498969429,37.879250045345486,10
Logi-PINN,1,train,2018,G80,28.312824562385995,23.50891322370395,10
Logi-PINN,1,train,2018,H110,25.639890275687947,19.684500557941185,10
Logi-PINN,1,train,2018,H113,31.11043907450984,28.525175421393783,10
Logi-PINN,1,train,2018,H121,28.114096157486703,25.818490647359944,10
Logi-PINN,1,train,2018,H122w,32.7636772182873,28.20757073208207,10
Logi-PINN,1,train,2018,H42,34.59107193302426,27.866333339350554,10
Logi-PINN,1,train,2018,H5,35.80625089866408,32.853187912641815,10
Logi-PINN,1,train,2018,H71,26.801534244593928,22.32625111048946,10
Logi-PINN,1,train,2018,H84,35.31705658384218,25.853780383090005,10
Logi-PINN,1,train,2018,H91,26.331200370869627,19.148933571853725,10
Logi-PINN,1,train,2018,H95,28.837528669153947,22.420720455334187,9
Logi-PINN,1,train,2018,H96,56.5858315463576,49.57993724673679,9
Logi-PINN,1,train,2018,H99,41.30205228913526,36.024716194810864,10
Logi-PINN,1,train,2018,HP301,67.45823971513184,55.31520326130872,10
Logi-PINN,1,train,2018,HUANYAO,71.10267656558307,62.890142727971224,9
Logi-PINN,1,train,2018,I29,56.773422702217836,46.34069488925385,10
Logi-PINN,1,train,2018,IA2132,56.951116901730316,50.90387975631072,10
Logi-PINN,1,train,2018,IBB14,97.21274410064834,81.18691343008581,10
Logi-PINN,1,train,2018,IBB15,33.745780530037884,27.3773821018555,10
Logi-PINN,1,train,2018,IBC2,31.739313226704905,26.47002977573664,10
Logi-PINN,1,train,2018,ICI 193,26.627537610788355,22.147316202107724,10
Logi-PINN,1,train,2018,ICI 740,39.80473773237913,35.88858965975734,10
Logi-PINN,1,train,2018,ICI 893,26.51403220641398,23.79569042370169,10
Logi-PINN,1,train,2018,ICI 986,27.039267743576453,21.791323682646365,10
Logi-PINN,1,train,2018,IDS28,42.10637232590456,32.62976118852299,10
Logi-PINN,1,train,2018,IDS69,28.107529623035646,23.08783758916676,10
Logi-PINN,1,train,2018,IDS91,44.32850744176263,31.25739539185554,9
Logi-PINN,1,train,2018,INB 101LFY/LFY (A632 X M16 S5),22.440333811257318,18.328663470222743,10
Logi-PINN,1,train,2018,INBRED 141,34.23407550505446,27.542851751612034,10
Logi-PINN,1,train,2018,INBRED 2-687,30.70200090496045,23.9290168687205,9
Logi-PINN,1,train,2018,INBRED 305,30.76090750601653,23.875770739768985,10
Logi-PINN,1,train,2018,INBRED 309,32.79139100704543,26.10541435169995,9
Logi-PINN,1,train,2018,INBRED 321,25.284239222432305,17.295922541102176,10
Logi-PINN,1,train,2018,Ia 453,37.59001100215672,29.871159793438373,10
Logi-PINN,1,train,2018,J47,49.73014983359696,39.9344882200609,10
Logi-PINN,1,train,2018,K150,36.634645991624744,28.429071939530388,10
Logi-PINN,1,train,2018,K41,31.408025610126334,24.115121910301298,10
Logi-PINN,1,train,2018,K47,38.00500122864785,23.203563747515872,10
Logi-PINN,1,train,2018,K55,23.186866358029047,20.157369332849264,10
Logi-PINN,1,train,2018,KUNG-70,30.721337466499218,27.18277492132473,10
Logi-PINN,1,train,2018,L 127,52.885681892752544,48.047308007869994,10
Logi-PINN,1,train,2018,L 135,45.45715008519967,39.14724154384527,10
Logi-PINN,1,train,2018,L 139,36.21855769105349,29.814040041892202,10
Logi-PINN,1,train,2018,L 155,37.083187930190896,29.134370450766387,10
Logi-PINN,1,train,2018,L 289,30.164424832220487,26.924255248627958,10
Logi-PINN,1,train,2018,LH1,23.344588748423057,19.727279934487044,10
Logi-PINN,1,train,2018,LH119,40.97786499247993,33.92810677942944,10
Logi-PINN,1,train,2018,LH128,17.362790622907127,13.292724186354473,10
Logi-PINN,1,train,2018,LH143 (Maintainer),48.193956515730875,40.15744122146585,10
Logi-PINN,1,train,2018,LH145,29.84301674452334,22.085364884328346,9
Logi-PINN,1,train,2018,LH146Ht,47.56886654194525,41.47033668097991,10
Logi-PINN,1,train,2018,LH149,54.060599088839155,44.0044267419633,10
Logi-PINN,1,train,2018,LH165,31.307208571977586,25.024636940254123,10
Logi-PINN,1,train,2018,LH166,41.26026929701416,35.58868375929357,10
Logi-PINN,1,train,2018,LH172,37.478643691272104,33.3970494989112,9
Logi-PINN,1,train,2018,LH184,31.206184807701934,25.51683549156556,10
Logi-PINN,1,train,2018,LH185,26.09333722230212,21.03652954638089,9
Logi-PINN,1,train,2018,LH190,37.13240022966333,33.318051620782704,10
Logi-PINN,1,train,2018,LH191,43.589756904679454,42.156745906259005,10
Logi-PINN,1,train,2018,LH192,28.963031456455813,24.765708054539054,10
Logi-PINN,1,train,2018,LH194,41.603269095560925,28.0635496872817,9
Logi-PINN,1,train,2018,LH195,33.84315507319163,28.624303365397985,10
Logi-PINN,1,train,2018,LH197,36.979884990383724,32.96756458028886,10
Logi-PINN,1,train,2018,LH198,33.45975872013848,26.2428790828287,10
Logi-PINN,1,train,2018,LH199,35.518912942398636,29.753182311875538,10
Logi-PINN,1,train,2018,LH202,38.96988077625407,31.877433480191236,10
Logi-PINN,1,train,2018,LH204,22.656125860432294,17.771634955519573,10
Logi-PINN,1,train,2018,LH205,28.597208301639668,20.91169495930557,9
Logi-PINN,1,train,2018,LH206,42.9195777754644,32.83313223926014,10
Logi-PINN,1,train,2018,LH208,32.79956458720158,23.063359743573816,10
Logi-PINN,1,train,2018,LH209,29.396222769706213,22.565654410068692,10
Logi-PINN,1,train,2018,LH213,45.74851636534277,36.09153386772213,9
Logi-PINN,1,train,2018,LH214,28.26924132124034,22.46009569651419,10
Logi-PINN,1,train,2018,LH215,38.33449888729857,33.44112601990785,10
Logi-PINN,1,train,2018,LH222,38.468465576755165,31.589985118714434,10
Logi-PINN,1,train,2018,LH223,66.65416020102572,59.105747359483,10
Logi-PINN,1,train,2018,LH224,40.303786355746006,28.394444242696167,9
Logi-PINN,1,train,2018,LH295,51.40382092731694,43.860243336902215,10
Logi-PINN,1,train,2018,LH59,39.03733791026764,32.09539545116043,10
Logi-PINN,1,train,2018,LH60,43.999389238877,34.81062124372507,10
Logi-PINN,1,train,2018,LH61,46.84426883630821,40.18547100999311,8
Logi-PINN,1,train,2018,LH74,27.592015595603193,24.94933457714331,10
Logi-PINN,1,train,2018,LH82,23.410790699232862,19.89733140166104,10
Logi-PINN,1,train,2018,LH93,29.812639443553188,22.214896298530874,10
Logi-PINN,1,train,2018,LIBC 4,42.14199717505342,36.15218148871914,10
Logi-PINN,1,train,2018,LP1 NR HT,28.188929907629912,23.458601525685133,10
Logi-PINN,1,train,2018,LP5,47.41819996859734,36.41975011234761,10
Logi-PINN,1,train,2018,Lp215D,44.46264989234218,37.72524748268451,10
Logi-PINN,1,train,2018,M14,28.331852498736286,24.611537049895226,10
Logi-PINN,1,train,2018,MBPM,27.164027779990484,21.52439820113424,10
Logi-PINN,1,train,2018,MBWZ,25.943750838659188,21.013566447808877,10
Logi-PINN,1,train,2018,MEF156-55-2,47.107179331153134,38.892753564217706,10
Logi-PINN,1,train,2018,ML606,37.33570810291924,28.858822173281105,10
Logi-PINN,1,train,2018,MM501D,47.25831741320678,41.35107649905637,8
Logi-PINN,1,train,2018,MQ305,46.3454065978651,38.14784756603748,10
Logi-PINN,1,train,2018,MS116,51.584044997020165,38.146969843210016,10
Logi-PINN,1,train,2018,MS132,41.626548778949044,31.806006260105608,10
Logi-PINN,1,train,2018,MS153,39.13552946015374,29.392364923315466,10
Logi-PINN,1,train,2018,MS200,49.141201003969044,41.30450752180329,9
Logi-PINN,1,train,2018,MS211,33.78890322514295,28.28273723386435,10
Logi-PINN,1,train,2018,MS221,23.494904803171064,19.50941505386773,10
Logi-PINN,1,train,2018,MS224,30.92918772061473,25.35387943929005,10
Logi-PINN,1,train,2018,MS225,39.895165580023765,33.45428013328426,10
Logi-PINN,1,train,2018,MS226,38.57458637710792,29.831401620967892,10
Logi-PINN,1,train,2018,MS24A,46.92121040010989,40.305616082488065,10
Logi-PINN,1,train,2018,MS67,36.01292913482435,28.255033577686874,10
Logi-PINN,1,train,2018,MS71,44.50443769205858,33.80839177157155,10
Logi-PINN,1,train,2018,MS72,45.84936466260683,36.913215399499116,10
Logi-PINN,1,train,2018,Mo46,37.34849021790318,26.35397650761813,8
Logi-PINN,1,train,2018,Mo47,31.028609581738376,26.86024077901393,8
Logi-PINN,1,train,2018,Mo5,60.17866626352938,51.3005976230665,9
Logi-PINN,1,train,2018,N192,32.66262480631388,26.225763161886608,10
Logi-PINN,1,train,2018,N193,39.146776467756254,30.39644660566727,10
Logi-PINN,1,train,2018,N201,32.916122780895236,25.725071485606225,10
Logi-PINN,1,train,2018,N211,43.46992788934987,34.494054248253555,10
Logi-PINN,1,train,2018,N217,47.13315144447945,39.50570791238938,10
Logi-PINN,1,train,2018,N28Ht,55.407385507885685,45.59987434222246,10
Logi-PINN,1,train,2018,N501,28.630091599803457,23.495879513945628,9
Logi-PINN,1,train,2018,N523,32.22737090343217,25.437878882265867,10
Logi-PINN,1,train,2018,N527,26.23714430065829,21.89361195011991,10
Logi-PINN,1,train,2018,N534,37.77379542644012,32.73483184387574,10
Logi-PINN,1,train,2018,N542,52.824917773167165,39.138196647395,9
Logi-PINN,1,train,2018,N6,30.837733142722243,28.48281209980363,10
Logi-PINN,1,train,2018,NC262,45.32324495805763,41.877412734161005,10
Logi-PINN,1,train,2018,NC294,40.3578108309003,26.409457452251853,10
Logi-PINN,1,train,2018,NC310,30.160039924833065,26.511459661580442,10
Logi-PINN,1,train,2018,NC326,36.37598480845535,32.41566263154343,10
Logi-PINN,1,train,2018,NC328,28.620381187172082,24.0527882766438,10
Logi-PINN,1,train,2018,NC368,37.47698432030907,28.188786826441536,9
Logi-PINN,1,train,2018,NC412,32.98641516495207,23.800630465413427,10
Logi-PINN,1,train,2018,ND247,36.669910845524946,32.86106689227677,10
Logi-PINN,1,train,2018,ND265,43.36495174784551,34.6136943206065,10
Logi-PINN,1,train,2018,NK740,65.32789827289308,57.64109023471231,10
Logi-PINN,1,train,2018,NK778,56.675903387527555,46.286296997971284,9
Logi-PINN,1,train,2018,NK807,48.425755273714636,41.26239130637581,10
Logi-PINN,1,train,2018,NKS8326,35.523817078999016,26.764201155233014,10
Logi-PINN,1,train,2018,NORTH 7,49.6331522300401,42.903635577577695,10
Logi-PINN,1,train,2018,NQ508,28.72179197074419,25.59234604505749,10
Logi-PINN,1,train,2018,NS501,41.45831091044357,33.000923043432834,9
Logi-PINN,1,train,2018,NS701,33.728315993334746,27.76186575190933,10
Logi-PINN,1,train,2018,NY 166 (Neveh Yaar),30.471059900286868,26.780877563148287,10
Logi-PINN,1,train,2018,NY6371,30.325123796442163,24.528120800631793,8
Logi-PINN,1,train,2018,Ny821,35.69670964418128,27.301109161052402,10
Logi-PINN,1,train,2018,OH33,47.303649566573654,35.4610249000979,9
Logi-PINN,1,train,2018,OQ403,47.66142339609823,35.30109204293775,10
Logi-PINN,1,train,2018,OQ603,39.043581462101265,32.28691561469409,10
Logi-PINN,1,train,2018,OS602,33.54721169523537,29.224614627756317,10
Logi-PINN,1,train,2018,Oh40B,43.583911120929386,33.88299625706675,10
Logi-PINN,1,train,2018,Oh43,45.189600541199354,32.21295687776757,10
Logi-PINN,1,train,2018,Oh7,65.31980405722096,56.49275821215515,9
Logi-PINN,1,train,2018,Os420,26.691866189960106,23.881633302707883,10
Logi-PINN,1,train,2018,Os426,35.36235963082428,23.475874159574527,10
Logi-PINN,1,train,2018,PHB09,34.50157109310334,27.645823561213284,10
Logi-PINN,1,train,2018,PHB47,30.391312359905605,21.885193109042824,10
Logi-PINN,1,train,2018,PHBA6,45.14454940274686,33.948911482053994,10
Logi-PINN,1,train,2018,PHBB3,31.543348794471388,20.967681483292942,10
Logi-PINN,1,train,2018,PHBW8,72.20041920294373,61.39457090633516,10
Logi-PINN,1,train,2018,PHG29,31.80562237149598,27.458996640934867,10
Logi-PINN,1,train,2018,PHG47,69.41749439694821,58.00780439589831,10
Logi-PINN,1,train,2018,PHG50,27.460672407825555,22.775236310939448,10
Logi-PINN,1,train,2018,PHG71,39.051059362655934,33.806805745319096,10
Logi-PINN,1,train,2018,PHG72,46.17397051217255,39.304397588038185,10
Logi-PINN,1,train,2018,PHG80,31.86637188603806,24.33487386241901,10
Logi-PINN,1,train,2018,PHG83,49.32597767396646,41.915608990063234,10
Logi-PINN,1,train,2018,PHG86,21.170153441574566,17.015986301092653,10
Logi-PINN,1,train,2018,PHGW7,44.081407583830114,35.849848981121376,10
Logi-PINN,1,train,2018,PHH93,31.51323751109142,24.884426745987746,10
Logi-PINN,1,train,2018,PHHV4,28.2855267313811,22.371711549079567,10
Logi-PINN,1,train,2018,PHJ70,31.444135282897857,23.114988677446917,10
Logi-PINN,1,train,2018,PHJ89,31.168050337532495,27.645042277122617,10
Logi-PINN,1,train,2018,PHJ90,29.811475772719,24.437894543001743,10
Logi-PINN,1,train,2018,PHJR5,39.99503536886027,32.28262962961789,10
Logi-PINN,1,train,2018,PHK35,35.305554937706155,28.228426260527375,10
Logi-PINN,1,train,2018,PHK42,37.4451219308417,32.620095811611506,10
Logi-PINN,1,train,2018,PHK56,29.927660598522092,20.789974539772647,10
Logi-PINN,1,train,2018,PHK74,34.327319461385585,27.58048305896831,10
Logi-PINN,1,train,2018,PHKE6,36.88998043109575,28.24875267914647,10
Logi-PINN,1,train,2018,PHM10,31.569101508937155,23.003715317124144,10
Logi-PINN,1,train,2018,PHN11,36.33441841555936,30.83458342564729,10
Logi-PINN,1,train,2018,PHN29,31.765054801822103,26.431997400525656,9
Logi-PINN,1,train,2018,PHN66,21.353778315383664,16.044070847140965,10
Logi-PINN,1,train,2018,PHP02,35.973307709599446,28.497117613503814,10
Logi-PINN,1,train,2018,PHP55,30.58183801240105,25.290476834364206,10
Logi-PINN,1,train,2018,PHP76,40.47632010817118,32.71910190396854,10
Logi-PINN,1,train,2018,PHP85,33.78330921800094,27.150213489587685,10
Logi-PINN,1,train,2018,PHPR5,29.23371051730709,23.691649317025558,10
Logi-PINN,1,train,2018,PHR03,39.939385142449204,33.34686676598241,10
Logi-PINN,1,train,2018,PHR30,37.004035208082215,26.938077265417995,10
Logi-PINN,1,train,2018,PHR31,26.579761320958006,19.028966389731373,10
Logi-PINN,1,train,2018,PHR36,29.10330329906861,26.445541902542313,9
Logi-PINN,1,train,2018,PHR47,31.61804199189395,20.887508312360822,10
Logi-PINN,1,train,2018,PHR58,45.20926497408499,30.664476082651134,10
Logi-PINN,1,train,2018,PHR63,27.066347026211655,23.705817666171043,8
Logi-PINN,1,train,2018,PHT10,28.906325943594748,21.865369735726475,10
Logi-PINN,1,train,2018,PHT47,57.24025737992646,54.301773211811984,10
Logi-PINN,1,train,2018,PHT55,46.72313225178022,38.62928393081,9
Logi-PINN,1,train,2018,PHTM9,51.880794626816154,44.4709191570138,10
Logi-PINN,1,train,2018,PHV37,32.25990327839282,25.399399826284114,10
Logi-PINN,1,train,2018,PHV57,37.36205277953211,27.93464063597819,10
Logi-PINN,1,train,2018,PHV63,35.15108949831303,24.521474021343334,10
Logi-PINN,1,train,2018,PHVA9,35.04210235298798,29.653542851598456,10
Logi-PINN,1,train,2018,PHW03,34.85902492848941,30.414980436685504,10
Logi-PINN,1,train,2018,PHW17,46.80691460596237,39.89143907569724,10
Logi-PINN,1,train,2018,PHW20,32.766853792849574,26.696128765123042,8
Logi-PINN,1,train,2018,PHW30,45.36084890783218,38.95340880546776,10
Logi-PINN,1,train,2018,PHW52,26.89448954078162,19.73247799688066,9
Logi-PINN,1,train,2018,PHW53,23.270307650579916,19.127311746418744,10
Logi-PINN,1,train,2018,PHW79,42.73156455018081,32.60736104745696,9
Logi-PINN,1,train,2018,PHW80,56.88170511371754,42.21972561429173,10
Logi-PINN,1,train,2018,PHW86,40.189385946636335,33.68524732403961,10
Logi-PINN,1,train,2018,PHZ51,27.31057252659948,21.499814794221283,10
Logi-PINN,1,train,2018,Pa392,35.843018656176,29.215494325191646,10
Logi-PINN,1,train,2018,Pa405,41.70024577031991,33.165566013387014,10
Logi-PINN,1,train,2018,Pa762,35.70806065759402,31.760511611828463,10
Logi-PINN,1,train,2018,Pa875,33.82553841061451,24.35781455274099,10
Logi-PINN,1,train,2018,Pa880,59.736259288766284,48.415785434067956,10
Logi-PINN,1,train,2018,Pa91,37.27584294083967,31.771896921481662,10
Logi-PINN,1,train,2018,Q381,39.803088389657354,32.53861615644104,10
Logi-PINN,1,train,2018,R168,29.76057755827031,24.450895853109376,10
Logi-PINN,1,train,2018,R181B,23.461660094910467,19.672501754567072,10
Logi-PINN,1,train,2018,R226,31.05731059051781,24.248407086491305,10
Logi-PINN,1,train,2018,R227,38.505739742693905,31.054651084305398,10
Logi-PINN,1,train,2018,R71,31.411717847854728,25.19707037906568,10
Logi-PINN,1,train,2018,R78,30.874365976999524,26.143459867774844,10
Logi-PINN,1,train,2018,S8326,36.74588259414793,30.421076114206084,10
Logi-PINN,1,train,2018,SD101,30.647893228115947,25.509534818544836,10
Logi-PINN,1,train,2018,SD102,35.39725773103674,30.1120363902061,10
Logi-PINN,1,train,2018,SD107,31.102532013664636,27.483281934860763,10
Logi-PINN,1,train,2018,SD40,22.542252735874627,18.179263576597986,10
Logi-PINN,1,train,2018,SD44,35.38977032089382,29.1858374587875,10
Logi-PINN,1,train,2018,SG 30A,19.083811108085012,17.355686212746665,10
Logi-PINN,1,train,2018,Seagull Seventeen,37.50355099680634,29.817610718702742,10
Logi-PINN,1,train,2018,T242,52.11441397951967,44.368879479932744,10
Logi-PINN,1,train,2018,TZU-CHIAO-HSI-WU 105,36.39873558456899,29.802042867550803,10
Logi-PINN,1,train,2018,Tr,29.39727326728623,26.24959721375012,10
Logi-PINN,1,train,2018,Va26,33.93506202752175,25.569706399981456,10
Logi-PINN,1,train,2018,Va35,24.17505075663765,18.129423646453766,10
Logi-PINN,1,train,2018,Va52,28.006906329347608,22.345004535117834,10
Logi-PINN,1,train,2018,Va59,28.989875622215845,23.152234881469084,9
Logi-PINN,1,train,2018,Va99,29.82076395114214,27.66152189788579,10
Logi-PINN,1,train,2018,VaW6,44.246689737627484,36.9871990606262,10
Logi-PINN,1,train,2018,W117Ht,59.211446148036615,48.4020227140688,10
Logi-PINN,1,train,2018,W153R,37.64060743062108,33.08333472252131,10
Logi-PINN,1,train,2018,W22,28.515237690193082,24.496700995022227,10
Logi-PINN,1,train,2018,W23,33.25957464694004,26.40795906795953,10
Logi-PINN,1,train,2018,W24,42.174794260894934,34.56614790562335,10
Logi-PINN,1,train,2018,W32,25.38425140556143,20.63149604682076,10
Logi-PINN,1,train,2018,W37A,49.37272553097288,44.95110473236649,10
Logi-PINN,1,train,2018,W552,46.271545734688395,37.895499320882585,10
Logi-PINN,1,train,2018,W603S,50.342380086528884,39.34726134847873,10
Logi-PINN,1,train,2018,W604S,45.06446995202916,40.88622191349869,10
Logi-PINN,1,train,2018,W605S,25.83956933226232,20.970296406608906,10
Logi-PINN,1,train,2018,W607S,28.778697327069665,23.06232367876634,10
Logi-PINN,1,train,2018,W610S,35.34026399484301,25.733361307292192,10
Logi-PINN,1,train,2018,W612S,64.43043446197575,56.52952399632896,10
Logi-PINN,1,train,2018,W614S,53.51539091436213,47.56230228761346,10
Logi-PINN,1,train,2018,W64A,48.30244489815719,38.562823450472294,10
Logi-PINN,1,train,2018,W701BC,43.99449092375806,32.99323878750855,10
Logi-PINN,1,train,2018,W809G,40.03138417243211,37.01359704708168,10
Logi-PINN,1,train,2018,W810G,32.33348218989043,21.396328536088273,10
Logi-PINN,1,train,2018,W812G,39.56245999967992,38.61465901809525,9
Logi-PINN,1,train,2018,W813G,24.26984579028729,20.489207858421654,10
Logi-PINN,1,train,2018,W814G,45.61992371785607,37.2556332707884,8
Logi-PINN,1,train,2018,W8304,33.305264187754936,29.74297642190883,10
Logi-PINN,1,train,2018,W9,48.35220213958312,38.53658690115899,10
Logi-PINN,1,train,2018,WIL900,26.110759032742983,22.450733645494445,10
Logi-PINN,1,train,2018,WR3,41.05087106259101,34.15482186898908,10
Logi-PINN,1,train,2018,WU-TAN-TZAO,54.7861245209073,48.37266291083063,9
Logi-PINN,1,train,2018,YE 4,35.735979267408645,28.787892785593538,10
Logi-PINN,1,train,2018,YING-55,40.954248779309154,29.228238573936675,10
Logi-PINN,1,train,2018,Yu796 NS,35.83538418177238,29.6837174245998,10
Logi-PINN,1,train,2018,ZS635,19.158896567754475,15.080649169771311,10
Logi-PINN,1,train,2019,1538,17.60690648161728,14.20470762250427,17
Logi-PINN,1,train,2019,2369,32.65143207346971,24.364952811199913,16
Logi-PINN,1,train,2019,29MIBZ2,26.049433328322056,20.872138829480992,17
Logi-PINN,1,train,2019,2FACC,22.422026604073068,14.955970365071664,17
Logi-PINN,1,train,2019,2FADB,36.13244131703557,28.812341346927777,17
Logi-PINN,1,train,2019,2MA22,24.88812097387709,18.522876444001295,17
Logi-PINN,1,train,2019,2MCDB,30.78141128301002,22.966411407013638,17
Logi-PINN,1,train,2019,3IJI1,21.779423688095363,15.633625743486865,17
Logi-PINN,1,train,2019,4226,28.335144808054274,19.294162394286587,17
Logi-PINN,1,train,2019,4F-306 108,28.409284143989165,19.42772966144775,17
Logi-PINN,1,train,2019,4N506,33.10174466387856,23.83790366346596,17
Logi-PINN,1,train,2019,6F629,29.97687344561688,19.95948918123683,16
Logi-PINN,1,train,2019,6M502,30.63344238784538,24.821236681918634,17
Logi-PINN,1,train,2019,6M502A,26.550501167350788,22.117357830495457,17
Logi-PINN,1,train,2019,764,14.14430372746875,11.548498867977576,17
Logi-PINN,1,train,2019,78010,22.49217429313524,17.011289895597436,17
Logi-PINN,1,train,2019,78551S,38.12784470376809,29.639752872451844,15
Logi-PINN,1,train,2019,790,28.410347507500177,19.83604412446476,17
Logi-PINN,1,train,2019,793,34.53680808796578,24.254667919181667,17
Logi-PINN,1,train,2019,87916W,23.272848345843055,18.70902620412724,17
Logi-PINN,1,train,2019,911,22.07063143506679,16.391329681413936,17
Logi-PINN,1,train,2019,912,23.99542936382611,17.13883568288697,17
Logi-PINN,1,train,2019,91IFC2,23.951399488567283,18.541465815452607,17
Logi-PINN,1,train,2019,A,40.081672131022046,34.55398444537182,17
Logi-PINN,1,train,2019,A208,29.051090281828213,19.5834399870178,17
Logi-PINN,1,train,2019,A239,22.239880118755313,19.269681578104567,17
Logi-PINN,1,train,2019,A258,21.09818910231374,16.15563160956069,16
Logi-PINN,1,train,2019,A272,28.293512759755476,19.322537556914746,17
Logi-PINN,1,train,2019,A305,23.860810946629478,18.180541351530362,17
Logi-PINN,1,train,2019,A321,24.27634828814616,15.260376018034185,17
Logi-PINN,1,train,2019,A322,30.369329746675557,24.172023004931148,16
Logi-PINN,1,train,2019,A334,15.786748773924426,12.713604723124249,17
Logi-PINN,1,train,2019,A340,25.073279154970226,18.271579365745414,17
Logi-PINN,1,train,2019,A374,31.951524475517772,24.84284971776386,16
Logi-PINN,1,train,2019,A385,37.220174568781076,27.80544120799594,17
Logi-PINN,1,train,2019,A427,34.68664074699039,28.773157360577017,17
Logi-PINN,1,train,2019,A548,13.907310142500286,11.305569364180956,17
Logi-PINN,1,train,2019,A556,21.23390759339014,14.305137681106135,17
Logi-PINN,1,train,2019,A572,22.697008550346737,18.389584579194608,17
Logi-PINN,1,train,2019,A619,19.09872471564354,14.520070341166555,17
Logi-PINN,1,train,2019,A627,21.416391815072465,15.7114030480906,17
Logi-PINN,1,train,2019,A632,19.884415615239476,16.885729036759805,17
Logi-PINN,1,train,2019,A634,18.543192916458857,13.662872942623952,17
Logi-PINN,1,train,2019,A635,18.739642796385507,14.523992285343427,17
Logi-PINN,1,train,2019,A641,51.61547498424359,38.19122142453419,17
Logi-PINN,1,train,2019,A648,19.454575440138317,16.717263864149533,17
Logi-PINN,1,train,2019,A649,38.497554295175185,28.291541096823906,16
Logi-PINN,1,train,2019,A659,27.91770644398517,21.728059449675946,17
Logi-PINN,1,train,2019,A663,25.05017256520892,20.336026654056162,16
Logi-PINN,1,train,2019,A672,26.067542621090947,21.44696036778345,17
Logi-PINN,1,train,2019,A674,27.838331736868938,21.645795214019188,17
Logi-PINN,1,train,2019,A679,30.97064720135406,23.996964526031324,17
Logi-PINN,1,train,2019,A680,24.283887132063267,17.42678212830364,16
Logi-PINN,1,train,2019,A682,21.72926856124059,17.346655219505028,17
Logi-PINN,1,train,2019,A71,39.07946122364504,31.603767794364376,16
Logi-PINN,1,train,2019,A73,22.27222125497309,18.65245331167697,16
Logi-PINN,1,train,2019,AQA3,48.35669241154468,35.774263207043774,16
Logi-PINN,1,train,2019,AS6103,24.12780876369374,17.15619753027394,17
Logi-PINN,1,train,2019,AusTRCF 306238,45.601642682467336,36.053503157744586,15
Logi-PINN,1,train,2019,B-18 INBR.FR.SUPERGOLD,20.955632066892257,16.8953004663963,17
Logi-PINN,1,train,2019,B-28,20.244723988119887,15.245926497841893,17
Logi-PINN,1,train,2019,B103,23.622229266362506,16.933017460873437,17
Logi-PINN,1,train,2019,B104,33.18024188641834,27.51688489345617,17
Logi-PINN,1,train,2019,B105,32.08807318974711,24.003853992864308,17
Logi-PINN,1,train,2019,B107,27.461018779647166,22.536264168407456,17
Logi-PINN,1,train,2019,B108,29.641766908002133,25.140495088583428,17
Logi-PINN,1,train,2019,B110,29.465090614015764,20.523620695423162,17
Logi-PINN,1,train,2019,B111,37.96207773562811,24.64084622322247,17
Logi-PINN,1,train,2019,B114,20.454479626909812,14.359165605217411,17
Logi-PINN,1,train,2019,B115,52.03004329068367,42.231224477107794,17
Logi-PINN,1,train,2019,B119,34.64932036216968,27.65236732813881,17
Logi-PINN,1,train,2019,B120,38.20966766350189,30.19541637911778,17
Logi-PINN,1,train,2019,B121,35.92472564281351,24.419351627730475,17
Logi-PINN,1,train,2019,B14,37.45658164458227,32.95915811986041,15
Logi-PINN,1,train,2019,B14A,29.957770177621555,24.120076277918397,17
Logi-PINN,1,train,2019,B164,32.295456971537654,22.379720353039456,17
Logi-PINN,1,train,2019,B2,62.015947404290195,48.77018422291038,17
Logi-PINN,1,train,2019,B37,34.222887806928476,27.974456802013368,17
Logi-PINN,1,train,2019,B46,39.36355267880589,31.256670404420486,16
Logi-PINN,1,train,2019,B57,38.747938924159214,26.246404002985006,17
Logi-PINN,1,train,2019,B65,28.304562899991893,19.71464668994781,17
Logi-PINN,1,train,2019,B66,38.506920135821034,32.30461377109403,17
Logi-PINN,1,train,2019,B68,35.91059889390612,29.218863203178838,17
Logi-PINN,1,train,2019,B70,38.66751661499091,27.177189217287218,17
Logi-PINN,1,train,2019,B75,40.43486236734894,30.44129004811613,16
Logi-PINN,1,train,2019,B76,26.42795920283601,20.83347230058124,17
Logi-PINN,1,train,2019,B77,31.702093457882953,24.529136742093947,17
Logi-PINN,1,train,2019,B79,41.683751001034786,33.34530637303888,17
Logi-PINN,1,train,2019,B84,29.55344645756773,24.122061398021213,17
Logi-PINN,1,train,2019,B85,24.98622388902564,20.039236633216213,17
Logi-PINN,1,train,2019,B87,22.004581564008056,15.859208252841874,17
Logi-PINN,1,train,2019,B88,23.879083706376353,18.188429127941983,17
Logi-PINN,1,train,2019,B91,27.12736818004006,20.799698236055374,17
Logi-PINN,1,train,2019,B97,47.27538677491503,31.80902790497808,17
Logi-PINN,1,train,2019,BEI 10 = NORTH 10,28.855932400224393,21.71558930005923,17
Logi-PINN,1,train,2019,BO9,23.426091090442174,16.551682079446852,17
Logi-PINN,1,train,2019,C103,34.34018723669404,22.019486119861583,17
Logi-PINN,1,train,2019,C123,23.14156018545967,16.014278560205383,17
Logi-PINN,1,train,2019,CA-4,32.18500800682081,21.235551497138985,17
Logi-PINN,1,train,2019,CG102,40.448043534781576,31.054497897734805,17
Logi-PINN,1,train,2019,CH157,27.70382506342548,24.211384507935243,16
Logi-PINN,1,train,2019,CH701-30,15.500251072631643,11.619087538681285,17
Logi-PINN,1,train,2019,CH711-10,30.942600688536356,18.707148899638234,16
Logi-PINN,1,train,2019,CH9,15.644287599142984,12.21000094963029,17
Logi-PINN,1,train,2019,CI 40H,32.008843053346496,25.84900540072259,17
Logi-PINN,1,train,2019,CM105,49.8955012325221,42.96627987735671,17
Logi-PINN,1,train,2019,CO257,22.746373313673804,16.862925441519067,16
Logi-PINN,1,train,2019,CO258,41.57735968873679,28.48464653318238,16
Logi-PINN,1,train,2019,CQ702RC,21.51478838496546,17.484275711714897,17
Logi-PINN,1,train,2019,CR 22 INBRED,31.488404158537328,20.508299355251356,17
Logi-PINN,1,train,2019,CS405,28.45997022729886,20.456082532218634,17
Logi-PINN,1,train,2019,DE2,28.60878821202805,24.547855477908016,17
Logi-PINN,1,train,2019,DE4,17.505448658241182,10.994328194115994,17
Logi-PINN,1,train,2019,DE811,48.667262437748995,31.62141164408396,16
Logi-PINN,1,train,2019,DJ7,33.06412383518574,24.224789159356487,17
Logi-PINN,1,train,2019,DK3IIH6,34.12383780340741,26.364490284768195,17
Logi-PINN,1,train,2019,DK4676A,43.80040928454046,32.248544189862145,17
Logi-PINN,1,train,2019,DK78002A,26.586847241193404,19.85678190259232,17
Logi-PINN,1,train,2019,DK78010,22.253052489859865,17.56774255681799,17
Logi-PINN,1,train,2019,DKFAPW,23.084442207269667,16.171197148923547,17
Logi-PINN,1,train,2019,DKFBHJ,39.68295193359232,29.63945817723931,17
Logi-PINN,1,train,2019,DKMBNA,40.32389470247544,26.1564555241807,17
Logi-PINN,1,train,2019,DKPB80,36.064461191044686,26.050423701195246,17
Logi-PINN,1,train,2019,E8501,22.09063284355905,16.206088921543607,17
Logi-PINN,1,train,2019,EAST 028,41.45177593624195,30.245562126615557,17
Logi-PINN,1,train,2019,Eng-Li Chih,31.649084894442176,22.546220816368592,17
Logi-PINN,1,train,2019,F118,30.910337294922023,23.288300030736846,17
Logi-PINN,1,train,2019,F2834T,22.63759477658634,18.84852506688429,17
Logi-PINN,1,train,2019,FBLA,24.479169771618007,20.333199419864545,17
Logi-PINN,1,train,2019,FR19,135.9857934387341,96.69112484742752,17
Logi-PINN,1,train,2019,G80,20.566881109839773,15.656420702458567,17
Logi-PINN,1,train,2019,H110,35.80639115313624,26.65187101263963,17
Logi-PINN,1,train,2019,H113,35.07637773552518,23.58642097130589,15
Logi-PINN,1,train,2019,H121,35.255123119527454,25.266057672279224,17
Logi-PINN,1,train,2019,H122w,29.152298840222244,21.723617748237164,17
Logi-PINN,1,train,2019,H42,18.260358825449856,12.954640560235614,16
Logi-PINN,1,train,2019,H5,30.138361352145793,19.57438869794503,17
Logi-PINN,1,train,2019,H71,27.72194232676551,21.18477033105646,17
Logi-PINN,1,train,2019,H84,22.298435335580688,16.60766771758113,17
Logi-PINN,1,train,2019,H91,27.606886377996297,22.656842295293632,17
Logi-PINN,1,train,2019,H95,30.525689185321927,18.5169811726408,15
Logi-PINN,1,train,2019,H96,59.90388436490038,45.42530480711131,15
Logi-PINN,1,train,2019,H99,18.554327760362387,13.534773667512738,17
Logi-PINN,1,train,2019,HP301,33.15109646600826,29.185124210769096,17
Logi-PINN,1,train,2019,HUANYAO,33.035030523685485,22.649884696562935,17
Logi-PINN,1,train,2019,I29,46.80042419171717,36.39574427898416,16
Logi-PINN,1,train,2019,IA2132,34.763674108191545,26.551246428366365,17
Logi-PINN,1,train,2019,IBB14,32.18055841127498,25.05846390043054,17
Logi-PINN,1,train,2019,IBB15,14.011906673495389,12.06406031656084,17
Logi-PINN,1,train,2019,IBC2,27.699839768130722,21.37669531161572,16
Logi-PINN,1,train,2019,ICI 193,27.66336673422799,22.474497380639903,17
Logi-PINN,1,train,2019,ICI 740,25.38340919672173,19.426222231232586,17
Logi-PINN,1,train,2019,ICI 893,16.181888571080645,12.85521577053598,17
Logi-PINN,1,train,2019,ICI 986,23.03528071920912,17.50584238001862,17
Logi-PINN,1,train,2019,IDS28,39.20969612359002,30.4816023552301,17
Logi-PINN,1,train,2019,IDS69,13.61820632357456,11.692731747720503,16
Logi-PINN,1,train,2019,IDS91,39.35574514132861,32.84227199439194,17
Logi-PINN,1,train,2019,INB 101LFY/LFY (A632 X M16 S5),34.39475353328532,25.13376009238212,17
Logi-PINN,1,train,2019,INBRED 141,45.9527379019979,32.83022756532505,15
Logi-PINN,1,train,2019,INBRED 2-687,24.34413391136196,17.84818015560226,17
Logi-PINN,1,train,2019,INBRED 305,21.31213068950887,16.40967132011058,16
Logi-PINN,1,train,2019,INBRED 309,22.507336501587158,16.98648748919216,17
Logi-PINN,1,train,2019,INBRED 321,40.86231228170206,33.31305049034411,15
Logi-PINN,1,train,2019,Ia 453,20.766706989280646,17.362993267742613,17
Logi-PINN,1,train,2019,J47,44.337711701912745,29.29341598125913,17
Logi-PINN,1,train,2019,K150,37.08111697522745,31.449582794413004,17
Logi-PINN,1,train,2019,K41,23.982142886626274,19.54007034484106,17
Logi-PINN,1,train,2019,K47,51.98605328051137,41.66616726508052,16
Logi-PINN,1,train,2019,K55,38.998973028394545,26.790801822106015,17
Logi-PINN,1,train,2019,KUNG-70,21.46021531031946,16.703534568068683,17
Logi-PINN,1,train,2019,L 127,44.423189058648816,36.872553937970075,17
Logi-PINN,1,train,2019,L 135,28.691599368326216,23.59571843596971,17
Logi-PINN,1,train,2019,L 139,29.191452456595965,21.097340911784052,17
Logi-PINN,1,train,2019,L 155,25.667068121626272,17.84942186183379,17
Logi-PINN,1,train,2019,L 289,43.35480534956794,29.296818743126813,17
Logi-PINN,1,train,2019,LH1,21.612732484504807,17.147235933826007,17
Logi-PINN,1,train,2019,LH119,25.903305007994568,20.272743620131685,16
Logi-PINN,1,train,2019,LH128,30.219919705301834,23.275179992891843,17
Logi-PINN,1,train,2019,LH143 (Maintainer),27.556678668841048,21.486532351397024,17
Logi-PINN,1,train,2019,LH145,29.785418209570953,18.61379870106805,17
Logi-PINN,1,train,2019,LH146Ht,28.934407595168064,23.3978826299817,16
Logi-PINN,1,train,2019,LH149,36.55568907554211,29.766110104694945,17
Logi-PINN,1,train,2019,LH165,27.690265054179545,20.883333925608223,17
Logi-PINN,1,train,2019,LH166,24.646717033683395,20.131861510958622,16
Logi-PINN,1,train,2019,LH172,23.424988553322745,19.505778319780546,16
Logi-PINN,1,train,2019,LH184,31.570484743318552,19.31453114859121,17
Logi-PINN,1,train,2019,LH185,35.86998125581104,30.392477847561985,15
Logi-PINN,1,train,2019,LH190,27.013344030579017,18.73758506415052,17
Logi-PINN,1,train,2019,LH191,33.974953015381985,24.01138327427474,16
Logi-PINN,1,train,2019,LH192,33.0038886573818,26.278957442879204,17
Logi-PINN,1,train,2019,LH194,16.78025271798224,15.21012400010805,17
Logi-PINN,1,train,2019,LH195,22.145727043587172,17.046367761248945,17
Logi-PINN,1,train,2019,LH197,29.76351613793962,20.6712058849323,17
Logi-PINN,1,train,2019,LH198,26.550030610012584,17.913615716697503,17
Logi-PINN,1,train,2019,LH199,20.357349160105063,17.012259840841722,17
Logi-PINN,1,train,2019,LH202,27.528832055737013,18.109450172146442,17
Logi-PINN,1,train,2019,LH204,18.202517207163265,14.851570066264166,17
Logi-PINN,1,train,2019,LH205,40.073372246745734,27.442848997874165,17
Logi-PINN,1,train,2019,LH206,28.004319082077384,22.691409423254086,16
Logi-PINN,1,train,2019,LH208,33.49069295468378,26.14296759445093,16
Logi-PINN,1,train,2019,LH209,23.16513522087019,16.27658253339705,17
Logi-PINN,1,train,2019,LH213,44.31063856693615,30.980315389208343,16
Logi-PINN,1,train,2019,LH214,24.132642863616546,17.361348902953836,17
Logi-PINN,1,train,2019,LH215,47.61027070022659,36.50835385339237,15
Logi-PINN,1,train,2019,LH222,34.39194561247745,28.383835789997658,17
Logi-PINN,1,train,2019,LH223,39.53466439070955,32.05138556438951,16
Logi-PINN,1,train,2019,LH224,32.77384702415285,26.114735133890882,16
Logi-PINN,1,train,2019,LH295,23.401292285253888,18.62094651332472,17
Logi-PINN,1,train,2019,LH59,28.123582446716927,24.06939553691155,17
Logi-PINN,1,train,2019,LH60,30.27840007571905,24.64547804236177,17
Logi-PINN,1,train,2019,LH61,24.719855161974206,18.30129698309169,16
Logi-PINN,1,train,2019,LH74,19.825180506154823,16.00853037452825,17
Logi-PINN,1,train,2019,LH82,24.879459027569087,18.767519786040765,17
Logi-PINN,1,train,2019,LH93,23.651826685148638,18.974430322403208,17
Logi-PINN,1,train,2019,LIBC 4,29.326539151852685,23.524276152122745,17
Logi-PINN,1,train,2019,LP1 NR HT,30.451069615104025,20.52238224725707,17
Logi-PINN,1,train,2019,LP5,48.672796341411754,38.8202856976701,16
Logi-PINN,1,train,2019,Lp215D,33.57716816434234,24.18251451464136,17
Logi-PINN,1,train,2019,M14,21.476352815127306,16.66881029834203,17
Logi-PINN,1,train,2019,MBPM,24.692753980186,19.515835704250087,17
Logi-PINN,1,train,2019,MBWZ,37.96615797284354,26.78005672231026,17
Logi-PINN,1,train,2019,MEF156-55-2,31.821185939561424,24.765406316954206,16
Logi-PINN,1,train,2019,ML606,35.37946494147961,27.029648490788684,17
Logi-PINN,1,train,2019,MM501D,51.66174835773439,26.46941704861937,17
Logi-PINN,1,train,2019,MQ305,32.52061487686482,26.793085534323158,16
Logi-PINN,1,train,2019,MS116,40.06709266950564,30.012972345010187,16
Logi-PINN,1,train,2019,MS132,22.808796191021976,16.856181833005092,17
Logi-PINN,1,train,2019,MS153,22.016053044690615,17.097150460538735,17
Logi-PINN,1,train,2019,MS200,38.17880605445532,31.813591017266937,17
Logi-PINN,1,train,2019,MS211,18.718433824400663,14.766314734889647,17
Logi-PINN,1,train,2019,MS221,23.554226251735653,18.894800136823022,17
Logi-PINN,1,train,2019,MS224,55.46172523108429,44.063205934836326,15
Logi-PINN,1,train,2019,MS225,28.42107741821019,19.247163554694605,17
Logi-PINN,1,train,2019,MS226,27.675716032202825,19.681064755456994,17
Logi-PINN,1,train,2019,MS24A,22.3423599553599,16.802125065432193,17
Logi-PINN,1,train,2019,MS67,72.29414003343331,57.53456721524147,16
Logi-PINN,1,train,2019,MS71,24.212738966006306,19.35134652137268,17
Logi-PINN,1,train,2019,MS72,28.52012459540963,22.07919246871956,17
Logi-PINN,1,train,2019,Mo46,26.206345908305885,21.731688419505723,16
Logi-PINN,1,train,2019,Mo47,23.61143789162205,16.80393185436532,17
Logi-PINN,1,train,2019,Mo5,38.94885741704828,21.61517653795179,16
Logi-PINN,1,train,2019,N192,17.935015196040638,14.304044121026326,17
Logi-PINN,1,train,2019,N193,14.86209109712479,11.864427148468732,17
Logi-PINN,1,train,2019,N201,29.032962003673223,21.605650098365892,17
Logi-PINN,1,train,2019,N211,41.36393007300626,23.09521269940006,17
Logi-PINN,1,train,2019,N217,52.764641798223934,40.01785255109342,17
Logi-PINN,1,train,2019,N28Ht,44.53891031303546,34.86326052285383,17
Logi-PINN,1,train,2019,N501,26.309800414852393,20.981227664118308,16
Logi-PINN,1,train,2019,N523,30.353400357453612,23.277948581905672,17
Logi-PINN,1,train,2019,N527,28.993078566418028,19.995044904470536,17
Logi-PINN,1,train,2019,N534,42.966630279370385,33.45968957598188,17
Logi-PINN,1,train,2019,N542,35.46445393570768,27.645612591893997,17
Logi-PINN,1,train,2019,N6,25.073165826070277,19.599885743065563,17
Logi-PINN,1,train,2019,NC262,20.20458307143623,14.760324769614162,16
Logi-PINN,1,train,2019,NC294,15.727524927374624,12.659247734404312,17
Logi-PINN,1,train,2019,NC310,27.6482175071783,23.195336499851294,17
Logi-PINN,1,train,2019,NC326,24.003570724623174,18.1369225631735,17
Logi-PINN,1,train,2019,NC328,34.27608272968653,25.216264466626317,17
Logi-PINN,1,train,2019,NC368,39.77756412606086,24.155442302687938,16
Logi-PINN,1,train,2019,NC412,28.830482425081673,22.734160902614683,15
Logi-PINN,1,train,2019,ND247,17.78575203254431,14.499922681737512,15
Logi-PINN,1,train,2019,ND265,24.257530927935285,18.460658893298643,17
Logi-PINN,1,train,2019,NK740,34.88013994404293,22.86303145763918,17
Logi-PINN,1,train,2019,NK778,33.440657073750465,22.240107493926814,16
Logi-PINN,1,train,2019,NK807,21.29532277532682,17.885424634766263,17
Logi-PINN,1,train,2019,NKS8326,33.28704910302459,27.01276021279485,17
Logi-PINN,1,train,2019,NORTH 7,35.5653379051311,27.475437989011752,17
Logi-PINN,1,train,2019,NQ508,30.101639427304953,24.948478894170243,17
Logi-PINN,1,train,2019,NS501,24.702273437420427,19.46015536601191,17
Logi-PINN,1,train,2019,NS701,40.03781431363719,29.80026977084727,17
Logi-PINN,1,train,2019,NY 166 (Neveh Yaar),18.66073824185772,14.675713684744336,17
Logi-PINN,1,train,2019,NY6371,35.5444882195212,24.076075720953234,17
Logi-PINN,1,train,2019,Ny821,19.915755782878872,14.852797015375794,17
Logi-PINN,1,train,2019,OH33,34.67410193056999,26.13913564834254,17
Logi-PINN,1,train,2019,OQ403,35.503296659272806,24.838197787257425,17
Logi-PINN,1,train,2019,OQ603,31.78980908712563,25.393861996643363,17
Logi-PINN,1,train,2019,OS602,21.258884610396354,16.741068344277977,17
Logi-PINN,1,train,2019,Oh40B,26.282128243460495,22.147563738420217,17
Logi-PINN,1,train,2019,Oh43,17.481383096085782,12.078837751456351,17
Logi-PINN,1,train,2019,Oh7,80.67769232842207,59.137835068506185,15
Logi-PINN,1,train,2019,Os420,38.465982165681325,28.73366749937743,17
Logi-PINN,1,train,2019,Os426,41.310956952655815,27.66848114481429,17
Logi-PINN,1,train,2019,PHB09,15.90013531582472,12.75415556374932,17
Logi-PINN,1,train,2019,PHB47,24.00912458145268,17.918137144913917,17
Logi-PINN,1,train,2019,PHBA6,38.32409214022492,26.956806772013078,17
Logi-PINN,1,train,2019,PHBB3,26.35974740159982,19.819062512478837,17
Logi-PINN,1,train,2019,PHBW8,60.0630068338592,45.47184344815515,15
Logi-PINN,1,train,2019,PHG29,31.538220486916984,23.48433207827171,17
Logi-PINN,1,train,2019,PHG47,51.15317358018665,37.57289618424499,17
Logi-PINN,1,train,2019,PHG50,28.394815160358725,19.67002422578689,17
Logi-PINN,1,train,2019,PHG71,28.034504668676536,22.57388466665252,17
Logi-PINN,1,train,2019,PHG72,20.557105106971804,15.66002623098669,17
Logi-PINN,1,train,2019,PHG80,33.42691592735408,23.443977679827114,17
Logi-PINN,1,train,2019,PHG83,29.45924925888225,20.659920042100232,17
Logi-PINN,1,train,2019,PHG86,44.63500181206446,35.61687675653607,16
Logi-PINN,1,train,2019,PHGW7,22.686815142337046,17.751691397918957,17
Logi-PINN,1,train,2019,PHH93,14.501469976377777,10.665573580796014,17
Logi-PINN,1,train,2019,PHHV4,22.35910657884847,15.47981899055837,17
Logi-PINN,1,train,2019,PHJ70,41.13531472525618,29.88920537460395,17
Logi-PINN,1,train,2019,PHJ89,29.041203470277196,23.540572995415154,17
Logi-PINN,1,train,2019,PHJ90,18.900057772245823,13.589450988746854,16
Logi-PINN,1,train,2019,PHJR5,45.66133042564891,31.618222561000266,17
Logi-PINN,1,train,2019,PHK35,30.13274883515808,22.301547576787506,17
Logi-PINN,1,train,2019,PHK42,23.721397436507235,19.07258548472969,17
Logi-PINN,1,train,2019,PHK56,34.90001066975226,29.087788164422477,17
Logi-PINN,1,train,2019,PHK74,34.372483080235185,25.953744442509596,17
Logi-PINN,1,train,2019,PHKE6,19.716535594343988,13.174565019731057,17
Logi-PINN,1,train,2019,PHM10,34.216399538233496,25.90438302635193,16
Logi-PINN,1,train,2019,PHN11,21.264378824720517,15.686741600928,17
Logi-PINN,1,train,2019,PHN29,30.002315300331794,24.141513198557547,17
Logi-PINN,1,train,2019,PHN66,22.117735898296097,18.324870002825357,16
Logi-PINN,1,train,2019,PHP02,18.85349135642775,13.759982074295756,17
Logi-PINN,1,train,2019,PHP55,31.68469544196423,25.284188423108215,17
Logi-PINN,1,train,2019,PHP76,24.62634472027195,18.641684866405004,17
Logi-PINN,1,train,2019,PHP85,19.681364607867422,15.595941904616772,17
Logi-PINN,1,train,2019,PHPR5,26.576441194156267,16.541075309682874,16
Logi-PINN,1,train,2019,PHR03,41.04974840322892,26.373549048226373,17
Logi-PINN,1,train,2019,PHR30,23.57430295467658,16.550730915991522,17
Logi-PINN,1,train,2019,PHR31,29.816003817415094,22.968417608716315,17
Logi-PINN,1,train,2019,PHR36,29.511471759059027,19.02138996938454,17
Logi-PINN,1,train,2019,PHR47,39.76342480615378,31.24012004291162,17
Logi-PINN,1,train,2019,PHR58,23.208986177700936,17.80723029778719,16
Logi-PINN,1,train,2019,PHR63,21.566764544120403,17.26960139707817,17
Logi-PINN,1,train,2019,PHT10,32.14976669549159,24.18852765769851,17
Logi-PINN,1,train,2019,PHT47,38.68824168421655,28.46864246659706,17
Logi-PINN,1,train,2019,PHT55,40.04933686616075,30.55079274091062,17
Logi-PINN,1,train,2019,PHTM9,35.5965035363341,28.65380541619883,17
Logi-PINN,1,train,2019,PHV37,20.66332336241848,15.735822631807583,17
Logi-PINN,1,train,2019,PHV57,21.13125342100578,16.873935414847566,17
Logi-PINN,1,train,2019,PHV63,46.08677695343251,36.870705848266326,17
Logi-PINN,1,train,2019,PHVA9,22.92910260984018,16.528395056769416,17
Logi-PINN,1,train,2019,PHW03,33.27188236731807,26.22795932796907,17
Logi-PINN,1,train,2019,PHW17,35.56853527756507,27.539289651179622,17
Logi-PINN,1,train,2019,PHW20,28.102000751582985,19.248017934441503,17
Logi-PINN,1,train,2019,PHW30,48.64948316307419,40.20438994434544,15
Logi-PINN,1,train,2019,PHW52,17.658126907243755,14.311249236904427,17
Logi-PINN,1,train,2019,PHW53,31.96663423504582,16.525317370775873,16
Logi-PINN,1,train,2019,PHW79,50.66764589195747,39.22905884319671,15
Logi-PINN,1,train,2019,PHW80,28.94355656312283,20.24099061025385,17
Logi-PINN,1,train,2019,PHW86,27.371649976650005,22.20194928312542,17
Logi-PINN,1,train,2019,PHZ51,38.64210745204508,27.426291700998075,17
Logi-PINN,1,train,2019,Pa392,33.160873660227466,24.491430192591285,17
Logi-PINN,1,train,2019,Pa405,23.09685494022089,14.744237891869405,17
Logi-PINN,1,train,2019,Pa762,19.173744100802978,14.172723194155283,17
Logi-PINN,1,train,2019,Pa875,37.57113616791226,28.91581712175613,17
Logi-PINN,1,train,2019,Pa880,41.937736719276664,30.395956056003705,17
Logi-PINN,1,train,2019,Pa91,23.777261333740825,20.504894676874596,17
Logi-PINN,1,train,2019,Q381,36.31119683828171,28.10861531222505,17
Logi-PINN,1,train,2019,R168,23.432513912171515,20.945494555991264,17
Logi-PINN,1,train,2019,R181B,28.50974443145717,18.414722853815775,17
Logi-PINN,1,train,2019,R226,39.863521549552594,27.562845464255222,17
Logi-PINN,1,train,2019,R227,30.711583151134153,25.69825308413689,17
Logi-PINN,1,train,2019,R71,30.852830150288636,17.909858975603143,17
Logi-PINN,1,train,2019,R78,24.752716661662294,21.354004718541486,16
Logi-PINN,1,train,2019,S8326,41.84594799893376,32.205019578761366,15
Logi-PINN,1,train,2019,SD101,20.159916850497186,16.264517150497575,17
Logi-PINN,1,train,2019,SD102,23.951717370351354,19.286924601928707,17
Logi-PINN,1,train,2019,SD107,34.97472637976354,25.023786201874472,17
Logi-PINN,1,train,2019,SD40,15.898142605394439,12.528103701321148,17
Logi-PINN,1,train,2019,SD44,22.78864548259447,17.73229996741857,17
Logi-PINN,1,train,2019,SG 30A,23.14268653781801,17.61525032539558,17
Logi-PINN,1,train,2019,Seagull Seventeen,39.695776313545416,26.093166129841723,16
Logi-PINN,1,train,2019,T242,28.704060953103617,24.10960209584588,15
Logi-PINN,1,train,2019,TZU-CHIAO-HSI-WU 105,32.29666452881577,23.442735781944684,17
Logi-PINN,1,train,2019,Tr,27.408887111599533,20.873498017718983,17
Logi-PINN,1,train,2019,Va26,60.092304889011196,45.14588112867066,16
Logi-PINN,1,train,2019,Va35,24.44911347811152,16.84881036413904,17
Logi-PINN,1,train,2019,Va52,33.43504633213742,27.54629772596816,16
Logi-PINN,1,train,2019,Va59,30.64332043169097,22.9330861889138,17
Logi-PINN,1,train,2019,Va99,25.56101169480186,19.049564760988616,17
Logi-PINN,1,train,2019,VaW6,22.36654028965118,16.397371092979977,17
Logi-PINN,1,train,2019,W117Ht,40.43438632357837,28.27576534037157,16
Logi-PINN,1,train,2019,W153R,27.785602295230923,18.34568856779964,17
Logi-PINN,1,train,2019,W22,34.849717690383784,25.611471444932786,17
Logi-PINN,1,train,2019,W23,36.49465633373733,26.48342960474193,17
Logi-PINN,1,train,2019,W24,39.98933282629247,33.719320294508165,16
Logi-PINN,1,train,2019,W32,25.068760495044863,20.56461520789975,17
Logi-PINN,1,train,2019,W37A,23.764282208873993,18.693373269554794,15
Logi-PINN,1,train,2019,W552,38.62691607410461,30.398399030125212,17
Logi-PINN,1,train,2019,W603S,39.75091679182239,22.939341700097295,15
Logi-PINN,1,train,2019,W604S,30.59045231799116,24.060900418773162,17
Logi-PINN,1,train,2019,W605S,27.854006830061977,21.180535708423545,17
Logi-PINN,1,train,2019,W607S,29.2396276112335,21.57880977203271,17
Logi-PINN,1,train,2019,W610S,25.18204335399688,17.600799068366932,16
Logi-PINN,1,train,2019,W612S,41.62151324026497,31.59880372442007,17
Logi-PINN,1,train,2019,W614S,38.79728284173867,30.29766654639086,17
Logi-PINN,1,train,2019,W64A,21.640206206771733,13.78910822100607,17
Logi-PINN,1,train,2019,W701BC,27.441618864602283,20.026155883807306,17
Logi-PINN,1,train,2019,W809G,55.512849198831574,43.51515025371265,17
Logi-PINN,1,train,2019,W810G,27.53054231932976,21.892107452163632,17
Logi-PINN,1,train,2019,W812G,45.41875911003908,27.27571215770573,17
Logi-PINN,1,train,2019,W813G,19.94546524152564,14.101742788996066,17
Logi-PINN,1,train,2019,W814G,56.3427342887016,42.09854225383877,17
Logi-PINN,1,train,2019,W8304,23.467917386897305,17.707699273593736,17
Logi-PINN,1,train,2019,W9,14.49019574313259,11.336777510527968,17
Logi-PINN,1,train,2019,WIL900,39.73137795658844,26.718535247704665,17
Logi-PINN,1,train,2019,WR3,25.22263868993582,17.656019264753706,17
Logi-PINN,1,train,2019,WU-TAN-TZAO,39.941862225709755,29.14530920182628,16
Logi-PINN,1,train,2019,YE 4,40.603484228187114,29.811480582348942,17
Logi-PINN,1,train,2019,YING-55,53.752512076710794,42.76975068736706,17
Logi-PINN,1,train,2019,Yu796 NS,27.60147218854717,18.235144994968614,17
Logi-PINN,1,train,2019,ZS635,24.74456982574704,17.696788395762745,17
Logi-PINN,1,val,2020,1538,19.970491368644367,13.418694354035855,5
Logi-PINN,1,val,2020,2369,118.15799382350765,102.06092781284563,6
Logi-PINN,1,val,2020,29MIBZ2,54.02841870069015,39.63447489652544,7
Logi-PINN,1,val,2020,2FACC,35.478212256107064,28.89169810141996,7
Logi-PINN,1,val,2020,2FADB,41.57297143922709,32.71595852243945,7
Logi-PINN,1,val,2020,2MA22,51.309149910344395,37.95040833540157,7
Logi-PINN,1,val,2020,2MCDB,54.0693876704265,43.35434310001738,6
Logi-PINN,1,val,2020,3IJI1,41.364271893497104,33.24612163465709,7
Logi-PINN,1,val,2020,4226,50.12658431171949,37.45886260731519,7
Logi-PINN,1,val,2020,4F-306 108,23.48196635757324,19.420551226113883,7
Logi-PINN,1,val,2020,4N506,40.8748864142599,26.991843273010332,6
Logi-PINN,1,val,2020,6F629,21.73058018685484,20.08079632421985,7
Logi-PINN,1,val,2020,6M502,39.594602709050776,32.234126483720544,7
Logi-PINN,1,val,2020,6M502A,66.94179458343393,52.56594976793111,7
Logi-PINN,1,val,2020,764,32.19576479798027,25.476696777052585,7
Logi-PINN,1,val,2020,78010,38.98254025147492,27.737683412851094,7
Logi-PINN,1,val,2020,78551S,35.19049429040682,28.944731494213347,7
Logi-PINN,1,val,2020,790,36.57648651344811,31.125644190444056,7
Logi-PINN,1,val,2020,793,52.49500630401746,44.32620408221796,7
Logi-PINN,1,val,2020,87916W,33.46996245723788,29.712696147956105,7
Logi-PINN,1,val,2020,911,25.256908594057204,19.338178954102546,7
Logi-PINN,1,val,2020,912,47.3753291922495,40.81316198373735,7
Logi-PINN,1,val,2020,91IFC2,60.86286408673794,49.839459896776525,6
Logi-PINN,1,val,2020,A,43.801319324069915,31.30813308968693,7
Logi-PINN,1,val,2020,A208,26.78034250355346,19.87931290350661,7
Logi-PINN,1,val,2020,A239,21.708679127927798,18.457090079608708,7
Logi-PINN,1,val,2020,A258,37.30355195847591,29.403923236243127,7
Logi-PINN,1,val,2020,A272,35.424669778198044,28.71572626391754,7
Logi-PINN,1,val,2020,A305,32.31949614556089,23.311835172893105,7
Logi-PINN,1,val,2020,A321,44.23033803853485,31.365633755625936,7
Logi-PINN,1,val,2020,A322,24.770782794608017,19.93553361516863,7
Logi-PINN,1,val,2020,A334,26.507689444014336,25.03900873231396,7
Logi-PINN,1,val,2020,A340,56.57480272583493,43.70835060432762,7
Logi-PINN,1,val,2020,A374,26.924679741617187,20.29888750075534,7
Logi-PINN,1,val,2020,A385,43.94344310317583,34.84467421781704,7
Logi-PINN,1,val,2020,A427,29.438737860713413,21.64677756181508,7
Logi-PINN,1,val,2020,A548,21.587680622633496,17.84002226092547,7
Logi-PINN,1,val,2020,A556,29.32216582985065,23.593782570150196,6
Logi-PINN,1,val,2020,A572,55.71463676168507,35.30309891815647,7
Logi-PINN,1,val,2020,A619,21.05008998724493,16.61559658942312,7
Logi-PINN,1,val,2020,A627,77.43156945138728,57.622665595429844,7
Logi-PINN,1,val,2020,A632,48.716100639617345,37.680809471570846,7
Logi-PINN,1,val,2020,A634,35.373264027738976,28.156830738090274,7
Logi-PINN,1,val,2020,A635,49.701048266232334,43.68691672272429,7
Logi-PINN,1,val,2020,A641,46.006562238191464,33.20347635077566,7
Logi-PINN,1,val,2020,A648,30.4249712846312,21.726515920643358,7
Logi-PINN,1,val,2020,A649,83.71096971941124,56.64728551469744,7
Logi-PINN,1,val,2020,A659,23.19915710603959,19.056747727497516,7
Logi-PINN,1,val,2020,A663,44.36627039828005,37.63849045967057,7
Logi-PINN,1,val,2020,A672,42.679070227783036,30.3161308245568,7
Logi-PINN,1,val,2020,A674,34.85547314109981,30.995506352005453,7
Logi-PINN,1,val,2020,A679,48.69280862397192,26.86964029778614,7
Logi-PINN,1,val,2020,A680,54.73651832079974,31.612844357400615,6
Logi-PINN,1,val,2020,A682,26.13704916762543,18.469498189088704,7
Logi-PINN,1,val,2020,A71,30.089106847611607,26.310898831910045,7
Logi-PINN,1,val,2020,A73,33.9854780776845,29.815053393329237,7
Logi-PINN,1,val,2020,AQA3,33.24797410599165,24.336958931208102,7
Logi-PINN,1,val,2020,AS6103,61.76498724226456,47.15593747011624,6
Logi-PINN,1,val,2020,AusTRCF 306238,62.42814162150945,55.63335321114242,7
Logi-PINN,1,val,2020,B-18 INBR.FR.SUPERGOLD,29.843548876251415,25.719128029557023,7
Logi-PINN,1,val,2020,B-28,26.952262013893602,22.512224929606322,7
Logi-PINN,1,val,2020,B103,35.8611825354234,22.139168059724273,7
Logi-PINN,1,val,2020,B104,46.48857132399925,34.412490441907345,7
Logi-PINN,1,val,2020,B105,83.7047607437841,70.55498546937726,6
Logi-PINN,1,val,2020,B107,50.39999486997662,34.97423499080919,6
Logi-PINN,1,val,2020,B108,28.087146327019934,24.078924337910415,7
Logi-PINN,1,val,2020,B110,48.139864453988515,40.250190152616355,7
Logi-PINN,1,val,2020,B111,55.9964928673821,43.222788080688716,7
Logi-PINN,1,val,2020,B114,64.87333080541114,55.5772329564979,6
Logi-PINN,1,val,2020,B115,64.14786238602345,41.91389985548124,7
Logi-PINN,1,val,2020,B119,53.43798443793277,33.88488351474032,7
Logi-PINN,1,val,2020,B120,34.73118157453198,27.762655088076,7
Logi-PINN,1,val,2020,B121,50.45522092462497,37.42526822920471,7
Logi-PINN,1,val,2020,B14,99.54570423459258,83.8325746385725,6
Logi-PINN,1,val,2020,B14A,44.19079169901289,33.60701009558738,6
Logi-PINN,1,val,2020,B164,33.455667150140975,23.22680897386819,7
Logi-PINN,1,val,2020,B2,30.2235364787156,25.14311602426216,7
Logi-PINN,1,val,2020,B37,51.86655041830568,39.99840313250407,7
Logi-PINN,1,val,2020,B46,42.16512235334383,33.916700618157456,6
Logi-PINN,1,val,2020,B57,44.67578259231251,33.46211927143335,7
Logi-PINN,1,val,2020,B65,33.758551271001394,26.181515933775902,7
Logi-PINN,1,val,2020,B66,29.75012461000145,21.676870915899574,7
Logi-PINN,1,val,2020,B68,67.18723231358113,51.55709911557466,7
Logi-PINN,1,val,2020,B70,72.5002245660692,53.702459336370076,7
Logi-PINN,1,val,2020,B75,39.7538369980887,35.44896669650227,7
Logi-PINN,1,val,2020,B76,14.584909770331583,12.290655755720882,7
Logi-PINN,1,val,2020,B77,45.74575794184508,39.4727058971183,7
Logi-PINN,1,val,2020,B79,20.66540949631097,18.125720312079043,6
Logi-PINN,1,val,2020,B84,40.361194561973846,28.54179211362407,7
Logi-PINN,1,val,2020,B85,40.87282796503274,26.35117177871883,7
Logi-PINN,1,val,2020,B87,17.880879405361352,15.671794609736503,7
Logi-PINN,1,val,2020,B88,75.65723247783615,60.767189309175606,7
Logi-PINN,1,val,2020,B91,28.673432302621606,25.722710970656724,7
Logi-PINN,1,val,2020,B97,57.81364782370023,37.744295203709,7
Logi-PINN,1,val,2020,BEI 10 = NORTH 10,17.955705899685807,14.025012883982063,7
Logi-PINN,1,val,2020,BO9,28.65932075780848,21.292789497295264,5
Logi-PINN,1,val,2020,C103,46.62912845495269,35.051844281450435,6
Logi-PINN,1,val,2020,C123,33.058692016941215,24.73655134772256,7
Logi-PINN,1,val,2020,CA-4,26.857091127072852,21.165864762986,7
Logi-PINN,1,val,2020,CG102,25.52980706863377,22.717229388176058,7
Logi-PINN,1,val,2020,CH157,47.433056586640106,39.25721838030115,7
Logi-PINN,1,val,2020,CH701-30,25.664152370016904,21.89596286153369,6
Logi-PINN,1,val,2020,CH711-10,21.30600785487332,15.708409214502723,7
Logi-PINN,1,val,2020,CH9,42.611005601161054,35.38882141230807,7
Logi-PINN,1,val,2020,CI 40H,31.46097584447695,21.698287886591853,6
Logi-PINN,1,val,2020,CM105,62.38282861112418,51.078196543117315,7
Logi-PINN,1,val,2020,CO257,49.79930658634477,38.203707097874435,7
Logi-PINN,1,val,2020,CO258,36.20635258325787,32.17929091530517,7
Logi-PINN,1,val,2020,CQ702RC,51.260356016934736,43.024150347411634,7
Logi-PINN,1,val,2020,CR 22 INBRED,39.551687300017875,31.108786773722112,5
Logi-PINN,1,val,2020,CS405,29.88862302361059,22.910902915756107,6
Logi-PINN,1,val,2020,DE2,60.914204976534876,51.14393499478296,6
Logi-PINN,1,val,2020,DE4,35.62050172696915,28.560721008347873,7
Logi-PINN,1,val,2020,DE811,47.22335759069641,39.44101717699379,6
Logi-PINN,1,val,2020,DJ7,48.12996126396535,33.13679306013465,7
Logi-PINN,1,val,2020,DK3IIH6,19.150666238266997,15.204158892982008,7
Logi-PINN,1,val,2020,DK4676A,34.120064027072,27.07601539345406,6
Logi-PINN,1,val,2020,DK78002A,26.82429644290783,16.688167204300317,7
Logi-PINN,1,val,2020,DK78010,33.78154977492885,23.97983074322462,7
Logi-PINN,1,val,2020,DKFAPW,28.018331392493103,23.39150697409898,7
Logi-PINN,1,val,2020,DKFBHJ,39.97999281898314,27.189147138784822,7
Logi-PINN,1,val,2020,DKMBNA,33.5856004369827,24.783716685409605,5
Logi-PINN,1,val,2020,DKPB80,52.65676167490686,46.416424803636964,7
Logi-PINN,1,val,2020,E8501,36.08792027919261,30.776132971576377,6
Logi-PINN,1,val,2020,EAST 028,39.26571450452649,35.275523583213236,7
Logi-PINN,1,val,2020,Eng-Li Chih,36.59367814873753,31.457855159439145,7
Logi-PINN,1,val,2020,F118,39.91784358118945,29.184172308088844,7
Logi-PINN,1,val,2020,F2834T,71.29767946070554,58.17897887168304,7
Logi-PINN,1,val,2020,FBLA,58.667937273999314,38.45217647650078,7
Logi-PINN,1,val,2020,FR19,34.88118501322044,29.10481141941279,7
Logi-PINN,1,val,2020,G80,34.99975089305071,28.150531501295866,7
Logi-PINN,1,val,2020,H110,51.27251029276895,36.24088604361713,7
Logi-PINN,1,val,2020,H113,25.23504407223122,21.328283513727936,7
Logi-PINN,1,val,2020,H121,22.145852057922564,18.25826058590904,7
Logi-PINN,1,val,2020,H122w,66.36679164363133,57.44772423747986,7
Logi-PINN,1,val,2020,H42,56.971168797606914,48.315105021885266,6
Logi-PINN,1,val,2020,H5,65.47549739709416,49.36276365520075,7
Logi-PINN,1,val,2020,H71,47.54112632274265,36.64197298128918,6
Logi-PINN,1,val,2020,H84,74.67115166886845,57.00758333490864,7
Logi-PINN,1,val,2020,H91,37.22407440386249,27.458647795214656,7
Logi-PINN,1,val,2020,H95,36.96149272251284,25.204347640559075,7
Logi-PINN,1,val,2020,H96,46.34868086203552,33.76478005239532,7
Logi-PINN,1,val,2020,H99,48.51006172179766,38.13235546490684,7
Logi-PINN,1,val,2020,HP301,44.67374287710536,32.049005067608356,7
Logi-PINN,1,val,2020,HUANYAO,72.49438626102038,59.333687993626896,7
Logi-PINN,1,val,2020,I29,27.49737118394428,13.600144861281663,7
Logi-PINN,1,val,2020,IA2132,40.097038190448984,35.587358921286615,6
Logi-PINN,1,val,2020,IBB14,48.26122109225156,29.842214953962564,7
Logi-PINN,1,val,2020,IBB15,71.38799852330354,54.784034663554884,7
Logi-PINN,1,val,2020,IBC2,28.684998451769385,26.092432977849843,7
Logi-PINN,1,val,2020,ICI 193,52.325371332349036,30.25130183858469,7
Logi-PINN,1,val,2020,ICI 740,28.853779722401654,27.451092248389546,5
Logi-PINN,1,val,2020,ICI 893,35.21717189447188,26.82445837724671,7
Logi-PINN,1,val,2020,ICI 986,45.35080083214912,27.60438013112605,7
Logi-PINN,1,val,2020,IDS28,35.66686206897492,32.606253408640626,7
Logi-PINN,1,val,2020,IDS69,46.544124966333484,38.99843769001946,7
Logi-PINN,1,val,2020,IDS91,38.630317637392764,22.56529369568154,7
Logi-PINN,1,val,2020,INB 101LFY/LFY (A632 X M16 S5),47.536863755539024,44.40554961144268,7
Logi-PINN,1,val,2020,INBRED 141,55.44521778464297,36.07580498797908,7
Logi-PINN,1,val,2020,INBRED 2-687,45.30731515167606,31.873861011444706,6
Logi-PINN,1,val,2020,INBRED 305,39.788086593747806,28.826995249123872,7
Logi-PINN,1,val,2020,INBRED 309,58.13517262890954,46.286528139613345,6
Logi-PINN,1,val,2020,INBRED 321,31.633539400743157,29.198697229223995,7
Logi-PINN,1,val,2020,Ia 453,36.5532065575514,32.78573232086197,7
Logi-PINN,1,val,2020,J47,56.87653386041629,37.52092084135607,7
Logi-PINN,1,val,2020,K150,29.06242262750236,24.80293303459212,7
Logi-PINN,1,val,2020,K41,47.103119878377306,39.41516334176659,7
Logi-PINN,1,val,2020,K47,37.873975117292396,30.59438217929989,7
Logi-PINN,1,val,2020,K55,30.84189719134581,25.024096566830274,7
Logi-PINN,1,val,2020,KUNG-70,22.984278747301012,19.61229535837412,7
Logi-PINN,1,val,2020,L 127,54.6646550917386,44.332431176134946,7
Logi-PINN,1,val,2020,L 135,27.128265004207158,25.307055826123058,7
Logi-PINN,1,val,2020,L 139,11.438009984310659,9.735204855858237,6
Logi-PINN,1,val,2020,L 155,61.95158984746187,49.70820888598189,7
Logi-PINN,1,val,2020,L 289,18.206179409107357,14.333955680535437,7
Logi-PINN,1,val,2020,LH1,47.712714151334765,40.720920566093625,7
Logi-PINN,1,val,2020,LH119,19.54719498962233,15.85601633435145,7
Logi-PINN,1,val,2020,LH128,63.236115371240494,52.23957771762863,7
Logi-PINN,1,val,2020,LH143 (Maintainer),14.745315523970406,13.506928739062772,6
Logi-PINN,1,val,2020,LH145,33.116004271269354,27.200412598173916,7
Logi-PINN,1,val,2020,LH146Ht,63.12707321397139,45.9534658070916,7
Logi-PINN,1,val,2020,LH149,26.612828158659934,22.875232529381364,6
Logi-PINN,1,val,2020,LH165,58.760479807061884,51.95451886788368,6
Logi-PINN,1,val,2020,LH166,50.082817574262215,42.72618397329971,7
Logi-PINN,1,val,2020,LH172,58.03659232609739,47.82393839298383,7
Logi-PINN,1,val,2020,LH184,56.85476817625624,36.83491328900099,7
Logi-PINN,1,val,2020,LH185,38.64817997188627,32.476291040297454,7
Logi-PINN,1,val,2020,LH190,30.14689895581345,24.479460197086485,7
Logi-PINN,1,val,2020,LH191,35.1885720514604,29.37726202137262,7
Logi-PINN,1,val,2020,LH192,16.790345968243034,15.13135183564201,7
Logi-PINN,1,val,2020,LH194,44.20079850088912,35.28119866775841,7
Logi-PINN,1,val,2020,LH195,36.87948662617176,28.039279737292528,7
Logi-PINN,1,val,2020,LH197,34.86054955114378,27.662521705079378,7
Logi-PINN,1,val,2020,LH198,41.4240386161843,36.84326184895232,7
Logi-PINN,1,val,2020,LH199,32.61485972543659,23.74199755192101,7
Logi-PINN,1,val,2020,LH202,27.64179066117576,24.502172915915786,5
Logi-PINN,1,val,2020,LH204,28.625679059324014,21.083856928865167,7
Logi-PINN,1,val,2020,LH205,61.67463074167869,46.1305872762537,7
Logi-PINN,1,val,2020,LH206,34.51979224108044,27.75433538527563,7
Logi-PINN,1,val,2020,LH208,32.182255628810644,26.868522781342865,7
Logi-PINN,1,val,2020,LH209,24.45031775342986,18.349299777408245,7
Logi-PINN,1,val,2020,LH213,79.56285946056617,56.781387487891315,7
Logi-PINN,1,val,2020,LH214,39.24551973639837,28.991085387432577,7
Logi-PINN,1,val,2020,LH215,79.8073173784275,62.83088984341354,7
Logi-PINN,1,val,2020,LH222,71.2684407084689,55.10089548998461,7
Logi-PINN,1,val,2020,LH223,50.98690220971956,40.048272012886855,7
Logi-PINN,1,val,2020,LH224,63.35149418498458,46.08694122327365,6
Logi-PINN,1,val,2020,LH295,42.3770629479169,39.4934937508902,6
Logi-PINN,1,val,2020,LH59,49.818292511586556,41.14209999328672,7
Logi-PINN,1,val,2020,LH60,60.40885627817232,48.81504329380631,7
Logi-PINN,1,val,2020,LH61,34.2757055386191,27.807260331033913,7
Logi-PINN,1,val,2020,LH74,34.140547689419165,29.417458170924785,7
Logi-PINN,1,val,2020,LH82,43.3284631567098,36.375418546885996,7
Logi-PINN,1,val,2020,LH93,49.227534198054364,31.441077984214424,7
Logi-PINN,1,val,2020,LIBC 4,42.10262846480707,33.049062046217024,6
Logi-PINN,1,val,2020,LP1 NR HT,30.088171488984912,15.81955020428136,7
Logi-PINN,1,val,2020,LP5,48.47552170763505,38.83038062432796,7
Logi-PINN,1,val,2020,Lp215D,61.548969127174445,43.308354653137485,7
Logi-PINN,1,val,2020,M14,21.517372156091895,17.021464039960204,7
Logi-PINN,1,val,2020,MBPM,30.570892631729176,22.434272921510786,7
Logi-PINN,1,val,2020,MBWZ,35.6583101444679,31.086334700127395,7
Logi-PINN,1,val,2020,MEF156-55-2,37.633275396126685,23.218874653664678,7
Logi-PINN,1,val,2020,ML606,36.16883484117457,21.57787925211802,7
Logi-PINN,1,val,2020,MM501D,40.52768718611346,33.50217160066858,7
Logi-PINN,1,val,2020,MQ305,60.97065708700904,41.77382072853282,7
Logi-PINN,1,val,2020,MS116,43.67089507014298,38.644907259576094,6
Logi-PINN,1,val,2020,MS132,18.291159161878884,15.968832435200214,7
Logi-PINN,1,val,2020,MS153,55.58108400747877,40.76260852174886,6
Logi-PINN,1,val,2020,MS200,29.06102051516459,25.466212322491405,7
Logi-PINN,1,val,2020,MS211,16.742931047930135,13.293319807259293,7
Logi-PINN,1,val,2020,MS221,40.61365438435675,34.04412565168575,7
Logi-PINN,1,val,2020,MS224,47.199764804456755,31.95668452551842,7
Logi-PINN,1,val,2020,MS225,13.55762575144117,11.778590731541811,7
Logi-PINN,1,val,2020,MS226,26.3337466442308,16.402517713836282,7
Logi-PINN,1,val,2020,MS24A,60.283554255611705,44.8729716921924,7
Logi-PINN,1,val,2020,MS67,19.640007339759247,16.82627659797594,7
Logi-PINN,1,val,2020,MS71,31.874165817494845,22.148427016244977,7
Logi-PINN,1,val,2020,MS72,24.53460592170367,22.166626104311945,5
Logi-PINN,1,val,2020,Mo46,35.596428900732384,29.681796655396077,7
Logi-PINN,1,val,2020,Mo47,34.923247959878694,32.28154576433614,7
Logi-PINN,1,val,2020,Mo5,59.447182981761436,45.57926116730153,7
Logi-PINN,1,val,2020,N192,26.04044580820273,21.80489333899677,7
Logi-PINN,1,val,2020,N193,32.20505476178464,24.182467053662986,7
Logi-PINN,1,val,2020,N201,48.77872171016686,35.48255021439463,6
Logi-PINN,1,val,2020,N211,52.356357850298096,39.08983030404508,6
Logi-PINN,1,val,2020,N217,79.20959662019158,64.79126176334157,7
Logi-PINN,1,val,2020,N28Ht,43.10273241089817,32.406457665821314,7
Logi-PINN,1,val,2020,N501,89.1638320620537,71.2125838547574,7
Logi-PINN,1,val,2020,N523,30.297140876639528,26.36216914586663,7
Logi-PINN,1,val,2020,N527,26.75022597146605,20.157010387126206,7
Logi-PINN,1,val,2020,N534,53.069211231722825,41.75720040588676,7
Logi-PINN,1,val,2020,N542,25.60563897729641,18.9965233188571,7
Logi-PINN,1,val,2020,N6,50.7423758299818,32.239271899913994,7
Logi-PINN,1,val,2020,NC262,43.389417620603574,34.51064059393152,7
Logi-PINN,1,val,2020,NC294,35.88179621230111,30.25570255410791,7
Logi-PINN,1,val,2020,NC310,17.44449361388572,16.304447151696234,7
Logi-PINN,1,val,2020,NC326,21.28010059626034,17.085782905973197,7
Logi-PINN,1,val,2020,NC328,42.4746142500506,32.68753081552073,6
Logi-PINN,1,val,2020,NC368,50.362373801472536,38.52397958424971,7
Logi-PINN,1,val,2020,NC412,21.726457915601877,17.467308884227574,7
Logi-PINN,1,val,2020,ND247,54.52405891366922,51.05273476176381,7
Logi-PINN,1,val,2020,ND265,29.189498906653906,25.802826334199306,7
Logi-PINN,1,val,2020,NK740,73.14123199475033,57.367024749349056,7
Logi-PINN,1,val,2020,NK778,31.022060293574043,25.182000569758863,7
Logi-PINN,1,val,2020,NK807,44.50525908626573,35.834027055166814,6
Logi-PINN,1,val,2020,NKS8326,46.32538962733724,34.21673803586253,6
Logi-PINN,1,val,2020,NORTH 7,69.42215001607104,64.57919824057483,6
Logi-PINN,1,val,2020,NQ508,50.17436868730705,32.17632514488593,7
Logi-PINN,1,val,2020,NS501,72.03136770497302,56.504464958406686,7
Logi-PINN,1,val,2020,NS701,78.0010094370548,64.32858994199215,7
Logi-PINN,1,val,2020,NY 166 (Neveh Yaar),14.443596883939145,13.886278407181353,7
Logi-PINN,1,val,2020,NY6371,17.363482366487027,15.69002208951652,7
Logi-PINN,1,val,2020,Ny821,23.930895642714873,19.327410116972924,7
Logi-PINN,1,val,2020,OH33,23.968252996891977,20.830378352209628,6
Logi-PINN,1,val,2020,OQ403,39.16466423829408,31.692287861307268,7
Logi-PINN,1,val,2020,OQ603,21.341417934164536,19.35285979694054,7
Logi-PINN,1,val,2020,OS602,59.63994386341105,42.40964197184444,7
Logi-PINN,1,val,2020,Oh40B,32.826330160569924,27.57421696135372,7
Logi-PINN,1,val,2020,Oh43,32.00928900335724,26.134332630185188,7
Logi-PINN,1,val,2020,Oh7,74.73420461102168,54.76122774009078,7
Logi-PINN,1,val,2020,Os420,62.693908517698475,55.241841727775935,5
Logi-PINN,1,val,2020,Os426,33.040409509795026,23.582034917077127,7
Logi-PINN,1,val,2020,PHB09,28.831984385601793,27.290077351498603,5
Logi-PINN,1,val,2020,PHB47,42.30144720888684,36.94716062471286,7
Logi-PINN,1,val,2020,PHBA6,36.281522454506934,21.663000400478392,7
Logi-PINN,1,val,2020,PHBB3,36.91176407518718,34.78656801714554,7
Logi-PINN,1,val,2020,PHBW8,85.64304098110401,63.37827229687884,7
Logi-PINN,1,val,2020,PHG29,40.35312356784078,37.73632914063943,5
Logi-PINN,1,val,2020,PHG47,28.66968561987479,18.256521244406105,7
Logi-PINN,1,val,2020,PHG50,43.476624251448094,32.49298862563804,7
Logi-PINN,1,val,2020,PHG71,43.31815518140008,37.259520666466805,7
Logi-PINN,1,val,2020,PHG72,25.010525408379287,22.619131365198793,7
Logi-PINN,1,val,2020,PHG80,73.21728809629639,57.80878770306765,7
Logi-PINN,1,val,2020,PHG83,43.11841739552245,37.229383095780015,7
Logi-PINN,1,val,2020,PHG86,32.75460185146977,22.121177953282892,7
Logi-PINN,1,val,2020,PHGW7,20.608854470049494,17.974929441719055,7
Logi-PINN,1,val,2020,PHH93,66.86498289118097,47.91581769992664,7
Logi-PINN,1,val,2020,PHHV4,32.48007510036643,27.58123632369626,5
Logi-PINN,1,val,2020,PHJ70,59.84918766007925,47.03933759170577,7
Logi-PINN,1,val,2020,PHJ89,25.939890342864057,21.48950934708372,7
Logi-PINN,1,val,2020,PHJ90,31.759890739321257,27.36060702110142,7
Logi-PINN,1,val,2020,PHJR5,49.08867494420559,40.49114875954539,7
Logi-PINN,1,val,2020,PHK35,56.26303361465988,31.666914668304326,6
Logi-PINN,1,val,2020,PHK42,48.72008585113794,36.976811812774386,7
Logi-PINN,1,val,2020,PHK56,38.92584417506289,31.559729202679467,6
Logi-PINN,1,val,2020,PHK74,30.018463501819134,19.839684588215498,7
Logi-PINN,1,val,2020,PHKE6,24.436584259953687,21.229144771564005,7
Logi-PINN,1,val,2020,PHM10,65.2323503132798,47.59094947954014,7
Logi-PINN,1,val,2020,PHN11,28.43652703096901,25.5880835180524,6
Logi-PINN,1,val,2020,PHN29,35.06295063936296,28.772465473421217,7
Logi-PINN,1,val,2020,PHN66,39.932314595298365,32.109317599161415,6
Logi-PINN,1,val,2020,PHP02,23.771642201722646,17.84372202694282,7
Logi-PINN,1,val,2020,PHP55,16.609419089222893,14.308317498210668,7
Logi-PINN,1,val,2020,PHP76,35.66409904133285,30.278916735751032,7
Logi-PINN,1,val,2020,PHP85,30.799058743895905,24.066473408141885,7
Logi-PINN,1,val,2020,PHPR5,31.54004862939042,23.727143100739273,7
Logi-PINN,1,val,2020,PHR03,81.04053129015088,57.682835392687764,6
Logi-PINN,1,val,2020,PHR30,52.01226944659273,44.64206207610762,5
Logi-PINN,1,val,2020,PHR31,57.712570279125266,38.234823484504666,7
Logi-PINN,1,val,2020,PHR36,49.222187945684446,33.75896083724126,6
Logi-PINN,1,val,2020,PHR47,26.215854186568997,20.16675014101714,7
Logi-PINN,1,val,2020,PHR58,60.583186088247366,42.99715997484488,5
Logi-PINN,1,val,2020,PHR63,39.49584904339287,28.742257156170755,7
Logi-PINN,1,val,2020,PHT10,43.43909511504706,31.654062375903727,7
Logi-PINN,1,val,2020,PHT47,88.45579463651521,68.10516299015477,7
Logi-PINN,1,val,2020,PHT55,78.96206162296862,50.136496481072456,7
Logi-PINN,1,val,2020,PHTM9,28.90616133288821,26.067632583779098,7
Logi-PINN,1,val,2020,PHV37,41.1292090858188,29.245517491237965,7
Logi-PINN,1,val,2020,PHV57,57.11048352978525,45.86622319269687,7
Logi-PINN,1,val,2020,PHV63,59.39560778874092,47.335606513727456,7
Logi-PINN,1,val,2020,PHVA9,70.97890405077607,49.196088940128384,7
Logi-PINN,1,val,2020,PHW03,36.900240351499,27.241209162641468,7
Logi-PINN,1,val,2020,PHW17,69.3732978878316,46.95073636402577,7
Logi-PINN,1,val,2020,PHW20,28.069134155675307,20.932546784933656,7
Logi-PINN,1,val,2020,PHW30,66.42352654695237,39.321757398449776,7
Logi-PINN,1,val,2020,PHW52,49.675231683773404,38.74645611685708,7
Logi-PINN,1,val,2020,PHW53,40.79308290154693,32.41155607278496,7
Logi-PINN,1,val,2020,PHW79,52.44625775013836,42.3280628060469,7
Logi-PINN,1,val,2020,PHW80,24.353775062875844,20.663344008771926,7
Logi-PINN,1,val,2020,PHW86,38.05928247112715,28.63733720961616,7
Logi-PINN,1,val,2020,PHZ51,32.96304957806043,30.488892071294636,7
Logi-PINN,1,val,2020,Pa392,66.69494657866534,60.043053547942044,7
Logi-PINN,1,val,2020,Pa405,68.50738368813744,51.89377642683953,7
Logi-PINN,1,val,2020,Pa762,27.856684563246382,22.597315359064044,7
Logi-PINN,1,val,2020,Pa875,48.47336980123887,27.7397345977597,7
Logi-PINN,1,val,2020,Pa880,54.259446878562876,38.305751568966066,7
Logi-PINN,1,val,2020,Pa91,54.06426459351544,38.14056532435835,7
Logi-PINN,1,val,2020,Q381,22.5343960020681,20.72598450564936,7
Logi-PINN,1,val,2020,R168,39.723562672325706,30.754567758906934,7
Logi-PINN,1,val,2020,R181B,40.3086711502841,35.024469162385316,7
Logi-PINN,1,val,2020,R226,41.113163162679434,32.822170059219,7
Logi-PINN,1,val,2020,R227,32.854780730632676,25.15395095357627,7
Logi-PINN,1,val,2020,R71,15.124008751973015,14.04672742465049,7
Logi-PINN,1,val,2020,R78,24.366262041314815,21.791697708557994,7
Logi-PINN,1,val,2020,S8326,28.7385939156472,23.188845762731955,6
Logi-PINN,1,val,2020,SD101,36.48137408349943,30.60744795255929,7
Logi-PINN,1,val,2020,SD102,30.740076656342072,25.9652441540654,7
Logi-PINN,1,val,2020,SD107,59.66578483748153,38.880955574033706,7
Logi-PINN,1,val,2020,SD40,31.435388945330626,24.811557599229367,7
Logi-PINN,1,val,2020,SD44,21.228308143503096,18.658009855002167,7
Logi-PINN,1,val,2020,SG 30A,20.154250809465278,16.556905333287567,7
Logi-PINN,1,val,2020,Seagull Seventeen,64.11051638856539,46.15335580108948,6
Logi-PINN,1,val,2020,T242,46.6536065423992,42.63762696222201,7
Logi-PINN,1,val,2020,TZU-CHIAO-HSI-WU 105,22.245216027435315,15.598813944052754,7
Logi-PINN,1,val,2020,Tr,67.4295061406532,53.58660718397632,7
Logi-PINN,1,val,2020,Va26,26.147710468827476,23.355497904065253,7
Logi-PINN,1,val,2020,Va35,31.191215700565785,24.40315351203427,7
Logi-PINN,1,val,2020,Va52,54.18877737624977,46.22166044472099,7
Logi-PINN,1,val,2020,Va59,41.82661168413695,31.06919727595344,7
Logi-PINN,1,val,2020,Va99,43.170862121193885,33.52189220529243,7
Logi-PINN,1,val,2020,VaW6,38.76074427008287,27.751044739188995,7
Logi-PINN,1,val,2020,W117Ht,43.1563426948066,30.94505660509989,7
Logi-PINN,1,val,2020,W153R,88.78809115047041,67.22138202273801,7
Logi-PINN,1,val,2020,W22,46.64401841467746,34.68599526075348,7
Logi-PINN,1,val,2020,W23,32.65646030233783,27.515890143108667,7
Logi-PINN,1,val,2020,W24,25.81702665058916,18.54872689339578,7
Logi-PINN,1,val,2020,W32,28.369221873217207,22.897546476516354,6
Logi-PINN,1,val,2020,W37A,36.84466088114279,25.6390685185647,7
Logi-PINN,1,val,2020,W552,35.21328125338371,32.44822350475498,7
Logi-PINN,1,val,2020,W603S,50.74429802092263,41.75772402354554,7
Logi-PINN,1,val,2020,W604S,31.299790185709963,22.61841086730033,7
Logi-PINN,1,val,2020,W605S,66.08813499446286,49.94837268009142,6
Logi-PINN,1,val,2020,W607S,34.99134963846054,27.05156741346091,7
Logi-PINN,1,val,2020,W610S,66.21267086693959,53.88354912922874,7
Logi-PINN,1,val,2020,W612S,40.41903735571646,32.99078192690983,7
Logi-PINN,1,val,2020,W614S,39.52007285232524,32.32141145296588,7
Logi-PINN,1,val,2020,W64A,46.933994488073026,42.88145564553416,5
Logi-PINN,1,val,2020,W701BC,32.61452857926637,24.309083388807178,7
Logi-PINN,1,val,2020,W809G,58.27316208173421,40.97290632819727,7
Logi-PINN,1,val,2020,W810G,25.63254745215045,20.673019066792133,7
Logi-PINN,1,val,2020,W812G,39.27412140838207,29.64719103583381,6
Logi-PINN,1,val,2020,W813G,21.85449437326532,20.391439830928896,7
Logi-PINN,1,val,2020,W814G,83.97857519282856,67.52156434678182,7
Logi-PINN,1,val,2020,W8304,26.023883114665914,20.079798270175754,6
Logi-PINN,1,val,2020,W9,31.561455613968548,17.51756268176928,7
Logi-PINN,1,val,2020,WIL900,72.41548139780691,57.07150890588015,7
Logi-PINN,1,val,2020,WR3,39.65015123445721,31.00305156610877,7
Logi-PINN,1,val,2020,WU-TAN-TZAO,35.39585595338817,27.580368654327838,7
Logi-PINN,1,val,2020,YE 4,48.009044461915515,40.477133570504414,6
Logi-PINN,1,val,2020,YING-55,83.5092395122878,76.88928021143586,7
Logi-PINN,1,val,2020,Yu796 NS,45.412553294458824,38.23431662261099,7
Logi-PINN,1,val,2020,ZS635,67.26996760805336,48.340763916197425,6
Logi-PINN,1,test,2021,1538,60.50801448283191,54.94814504841305,10
Logi-PINN,1,test,2021,2369,50.80610682187327,39.296448885802974,10
Logi-PINN,1,test,2021,29MIBZ2,31.38233266686728,23.436643467897532,10
Logi-PINN,1,test,2021,2FACC,35.51235128226556,32.198941983503936,10
Logi-PINN,1,test,2021,2FADB,23.80142906697012,21.198934080580162,10
Logi-PINN,1,test,2021,2MA22,54.743118376132806,41.77547666356069,10
Logi-PINN,1,test,2021,2MCDB,80.43253854084618,72.88553632724648,9
Logi-PINN,1,test,2021,3IJI1,31.31944518275471,25.61664143898623,10
Logi-PINN,1,test,2021,4226,88.5093313094991,77.09985410014318,10
Logi-PINN,1,test,2021,4F-306 108,58.351654654366335,44.05513614116922,9
Logi-PINN,1,test,2021,4N506,36.787740444751286,33.107122184049146,10
Logi-PINN,1,test,2021,6F629,95.03012152378996,87.48147434207708,10
Logi-PINN,1,test,2021,6M502,60.689731110190436,52.14044949436167,10
Logi-PINN,1,test,2021,6M502A,91.04669664252694,79.98225188165273,10
Logi-PINN,1,test,2021,764,55.52785105258357,47.23559065380537,10
Logi-PINN,1,test,2021,78010,71.91590190403723,62.87783223633742,10
Logi-PINN,1,test,2021,78551S,44.89527642298547,36.14756987810334,9
Logi-PINN,1,test,2021,790,44.77099472678957,40.43683857745286,10
Logi-PINN,1,test,2021,793,39.79582535163263,35.34271904174021,10
Logi-PINN,1,test,2021,87916W,84.38474827377055,73.99644360379577,9
Logi-PINN,1,test,2021,911,23.367407421379237,20.954504237651957,10
Logi-PINN,1,test,2021,912,54.82128453953875,48.999339488488296,10
Logi-PINN,1,test,2021,91IFC2,41.08771353313909,37.90555273338707,10
Logi-PINN,1,test,2021,A,69.23526029879024,62.56089088914773,10
Logi-PINN,1,test,2021,A208,50.410932378872765,39.55009612164572,10
Logi-PINN,1,test,2021,A239,46.83367034871601,38.91592964976718,10
Logi-PINN,1,test,2021,A258,91.99018875988122,84.58854584147718,10
Logi-PINN,1,test,2021,A272,56.100483136290215,46.70837050554894,10
Logi-PINN,1,test,2021,A305,37.08792229764726,28.63969511811331,10
Logi-PINN,1,test,2021,A321,86.29262173595207,63.310264835358566,10
Logi-PINN,1,test,2021,A322,20.196335139316712,17.618949302906334,10
Logi-PINN,1,test,2021,A334,41.12003223316742,36.854735079828416,10
Logi-PINN,1,test,2021,A340,34.954840443482844,26.924593110013298,10
Logi-PINN,1,test,2021,A374,12.094632100714623,9.154658538842842,10
Logi-PINN,1,test,2021,A385,36.63971962116699,32.72431578607987,10
Logi-PINN,1,test,2021,A427,26.232903214514334,23.20871442315781,10
Logi-PINN,1,test,2021,A548,22.306206501199195,18.19708975580433,10
Logi-PINN,1,test,2021,A556,42.408499040176935,37.087123438725335,10
Logi-PINN,1,test,2021,A572,37.46764455706557,33.50204206929575,10
Logi-PINN,1,test,2021,A619,23.19051485720695,20.21543815885587,10
Logi-PINN,1,test,2021,A627,121.91461025469437,107.79662722252151,10
Logi-PINN,1,test,2021,A632,110.41381308631473,95.13070316690603,9
Logi-PINN,1,test,2021,A634,49.55518998109305,44.246701048801484,10
Logi-PINN,1,test,2021,A635,45.59500307810845,39.65101535002461,10
Logi-PINN,1,test,2021,A641,39.887057852917124,31.923841038402507,10
Logi-PINN,1,test,2021,A648,130.19644740969065,113.79725111852319,9
Logi-PINN,1,test,2021,A649,34.555023839814126,30.498372250458196,10
Logi-PINN,1,test,2021,A659,59.181958072609824,52.09570387532741,10
Logi-PINN,1,test,2021,A663,45.33110992793234,39.926180804821605,10
Logi-PINN,1,test,2021,A672,51.39274491732044,42.309872049318685,10
Logi-PINN,1,test,2021,A674,17.752240751902416,13.588580311485888,10
Logi-PINN,1,test,2021,A679,91.71202720939061,77.29647769737,10
Logi-PINN,1,test,2021,A680,52.02435911083616,36.91909913986333,10
Logi-PINN,1,test,2021,A682,35.29874300702748,29.971958473396274,10
Logi-PINN,1,test,2021,A71,31.559646476700554,25.950693168406787,10
Logi-PINN,1,test,2021,A73,67.10394764729143,59.73447612015501,10
Logi-PINN,1,test,2021,AQA3,39.31789214623153,31.37569726813325,10
Logi-PINN,1,test,2021,AS6103,55.373641998173,41.24653821159527,10
Logi-PINN,1,test,2021,AusTRCF 306238,73.02943292437874,65.43647797447687,9
Logi-PINN,1,test,2021,B-18 INBR.FR.SUPERGOLD,27.80251474219304,24.312515388389784,10
Logi-PINN,1,test,2021,B-28,23.755940616571795,21.474262438648758,10
Logi-PINN,1,test,2021,B103,33.44003710933628,28.48472751647128,10
Logi-PINN,1,test,2021,B104,61.047810214975826,54.358802714945696,10
Logi-PINN,1,test,2021,B105,88.13454359343335,78.39180182796018,10
Logi-PINN,1,test,2021,B107,49.97021621050511,31.52677864932762,10
Logi-PINN,1,test,2021,B108,33.79255925036178,29.796377417570557,10
Logi-PINN,1,test,2021,B110,88.9930953010842,76.54394487571889,9
Logi-PINN,1,test,2021,B111,42.54588223572057,36.6688200920645,10
Logi-PINN,1,test,2021,B114,56.1718615720878,38.57235101121601,10
Logi-PINN,1,test,2021,B115,105.10779010093505,91.90743604545662,9
Logi-PINN,1,test,2021,B119,83.32350477696893,66.34302787528047,10
Logi-PINN,1,test,2021,B120,113.95988433457782,99.26486909109883,10
Logi-PINN,1,test,2021,B121,30.36864136886568,27.13557402418068,10
Logi-PINN,1,test,2021,B14,88.24827139847616,62.66268002099705,10
Logi-PINN,1,test,2021,B14A,90.84518217307438,83.01912113384043,9
Logi-PINN,1,test,2021,B164,37.96238624658728,34.741447301692446,10
Logi-PINN,1,test,2021,B2,78.61930388428534,62.62223707557415,9
Logi-PINN,1,test,2021,B37,92.66929485725066,81.8720595033968,10
Logi-PINN,1,test,2021,B46,61.72113053830268,49.30304201260033,10
Logi-PINN,1,test,2021,B57,87.20835814727111,79.656349551298,10
Logi-PINN,1,test,2021,B65,65.0585325484262,49.70723728432618,10
Logi-PINN,1,test,2021,B66,47.69842579319759,40.249095163368345,10
Logi-PINN,1,test,2021,B68,117.44987914796974,104.99977541524703,9
Logi-PINN,1,test,2021,B70,62.19184859320675,48.76728964258979,10
Logi-PINN,1,test,2021,B75,36.044625611954814,25.351649329702358,9
Logi-PINN,1,test,2021,B76,29.232117555294135,19.888902460581107,10
Logi-PINN,1,test,2021,B77,85.29940674059168,78.22133039615196,10
Logi-PINN,1,test,2021,B79,64.38803869161552,60.1684654228397,10
Logi-PINN,1,test,2021,B84,93.20123625856006,83.72920563459431,9
Logi-PINN,1,test,2021,B85,56.263189874405654,37.62547476753125,10
Logi-PINN,1,test,2021,B87,37.56448714137435,33.18110112098135,10
Logi-PINN,1,test,2021,B88,47.552314838350036,38.94756383608219,10
Logi-PINN,1,test,2021,B91,36.10157467437629,29.571482609167948,10
Logi-PINN,1,test,2021,B97,92.48767711092025,80.5486127989802,10
Logi-PINN,1,test,2021,BEI 10 = NORTH 10,45.719725463860314,35.34630095887649,10
Logi-PINN,1,test,2021,BO9,27.74427649362384,26.196553302059773,10
Logi-PINN,1,test,2021,C103,72.70512415787442,56.59574417624067,10
Logi-PINN,1,test,2021,C123,34.84002301805928,31.700188530349237,10
Logi-PINN,1,test,2021,CA-4,20.793801850152935,16.99987125785136,10
Logi-PINN,1,test,2021,CG102,38.55893136228528,34.25744343655636,10
Logi-PINN,1,test,2021,CH157,30.37886934929302,25.51788980153945,10
Logi-PINN,1,test,2021,CH701-30,40.72610735078813,32.292244506515175,10
Logi-PINN,1,test,2021,CH711-10,32.228117768717105,20.684516500440004,10
Logi-PINN,1,test,2021,CH9,69.90951501950262,52.39283032017088,10
Logi-PINN,1,test,2021,CI 40H,51.868541134393475,46.28774285500869,10
Logi-PINN,1,test,2021,CM105,43.114224559951694,33.91283687836128,10
Logi-PINN,1,test,2021,CO257,139.08470396109155,129.36432685088604,9
Logi-PINN,1,test,2021,CO258,61.93370128873457,56.82039300070314,10
Logi-PINN,1,test,2021,CQ702RC,89.3921504715523,67.11635870242162,10
Logi-PINN,1,test,2021,CR 22 INBRED,33.734230818590675,23.33677366239439,10
Logi-PINN,1,test,2021,CS405,25.634377600234664,21.060824361097993,10
Logi-PINN,1,test,2021,DE2,36.38131982541384,31.024561221005293,10
Logi-PINN,1,test,2021,DE4,32.184077206948345,28.560958754036847,10
Logi-PINN,1,test,2021,DE811,71.52873940008537,61.566234790091606,10
Logi-PINN,1,test,2021,DJ7,97.27987845080925,86.78001611256613,10
Logi-PINN,1,test,2021,DK3IIH6,59.20210595074611,50.86448355490977,10
Logi-PINN,1,test,2021,DK4676A,40.00622978941729,28.576100938940044,10
Logi-PINN,1,test,2021,DK78002A,66.67903952214802,53.148233316464214,10
Logi-PINN,1,test,2021,DK78010,65.00664579266594,55.55910822989576,10
Logi-PINN,1,test,2021,DKFAPW,34.05125530898912,27.79303892196567,10
Logi-PINN,1,test,2021,DKFBHJ,85.70424479503015,69.52012093320792,10
Logi-PINN,1,test,2021,DKMBNA,16.74192065192308,14.436149091761113,10
Logi-PINN,1,test,2021,DKPB80,25.66873953455269,21.785849481107,10
Logi-PINN,1,test,2021,E8501,94.1104779489062,86.08595296757203,9
Logi-PINN,1,test,2021,EAST 028,36.17016749673934,28.873267132181798,10
Logi-PINN,1,test,2021,Eng-Li Chih,49.657033250717916,43.166254222394855,10
Logi-PINN,1,test,2021,F118,51.65660890765674,46.29450431820037,10
Logi-PINN,1,test,2021,F2834T,92.86563448633359,85.93752404984754,10
Logi-PINN,1,test,2021,FBLA,89.95277802961574,78.2044295075284,10
Logi-PINN,1,test,2021,FR19,72.8565437574179,62.14559310784821,10
Logi-PINN,1,test,2021,G80,46.11129055037673,36.299719397949325,10
Logi-PINN,1,test,2021,H110,47.83008482045622,37.532359257475825,10
Logi-PINN,1,test,2021,H113,29.320117751240716,24.738578795297293,10
Logi-PINN,1,test,2021,H121,23.86771266355803,17.674038628075092,10
Logi-PINN,1,test,2021,H122w,43.37903785446338,40.65742557174089,10
Logi-PINN,1,test,2021,H42,74.3927743452125,59.522079250750735,10
Logi-PINN,1,test,2021,H5,59.492822644393115,42.55590127656761,10
Logi-PINN,1,test,2021,H71,74.49394778540278,60.68096758631221,10
Logi-PINN,1,test,2021,H84,153.88157725889013,133.9669446268811,10
Logi-PINN,1,test,2021,H91,52.632856334707725,39.66967396494891,10
Logi-PINN,1,test,2021,H95,46.64158285128769,33.62362948735758,10
Logi-PINN,1,test,2021,H96,120.5178674194684,106.14124262153685,10
Logi-PINN,1,test,2021,H99,23.844031287270642,19.803263233273206,10
Logi-PINN,1,test,2021,HP301,101.55865177440187,90.80466394108745,10
Logi-PINN,1,test,2021,HUANYAO,71.56006802094666,64.70826161557764,10
Logi-PINN,1,test,2021,I29,26.238364906393283,22.618760550808805,10
Logi-PINN,1,test,2021,IA2132,44.135252476501876,34.20186540157275,10
Logi-PINN,1,test,2021,IBB14,54.983748681035955,34.25636566851134,10
Logi-PINN,1,test,2021,IBB15,75.22588399526711,64.95011041907037,10
Logi-PINN,1,test,2021,IBC2,98.5459480226168,85.24844646897938,10
Logi-PINN,1,test,2021,ICI 193,62.89366341577743,50.13242687808474,10
Logi-PINN,1,test,2021,ICI 740,68.91783702404986,51.606194857030346,10
Logi-PINN,1,test,2021,ICI 893,70.79325307560057,63.454132533879246,10
Logi-PINN,1,test,2021,ICI 986,43.98152229002883,28.842326587997313,10
Logi-PINN,1,test,2021,IDS28,48.69601309079502,41.375266005858556,10
Logi-PINN,1,test,2021,IDS69,80.67622323671692,75.21653154903994,9
Logi-PINN,1,test,2021,IDS91,70.76505918958442,63.050507097797514,10
Logi-PINN,1,test,2021,INB 101LFY/LFY (A632 X M16 S5),41.89132826970137,37.32163019176635,10
Logi-PINN,1,test,2021,INBRED 141,106.74243832747706,81.37626469946119,10
Logi-PINN,1,test,2021,INBRED 2-687,82.00789354468716,72.00324540244023,10
Logi-PINN,1,test,2021,INBRED 305,76.20632452164482,67.12620881164312,10
Logi-PINN,1,test,2021,INBRED 309,128.63691904984694,106.0263580214889,10
Logi-PINN,1,test,2021,INBRED 321,86.36329411569785,80.66370309155911,9
Logi-PINN,1,test,2021,Ia 453,61.96286498311157,49.87824662273728,10
Logi-PINN,1,test,2021,J47,113.77401259896865,91.098196088146,10
Logi-PINN,1,test,2021,K150,36.60284663473784,34.8263401062098,10
Logi-PINN,1,test,2021,K41,110.60639089021184,98.08825134087436,10
Logi-PINN,1,test,2021,K47,75.66613426686114,70.8094208312481,10
Logi-PINN,1,test,2021,K55,73.05723934392685,66.13614397839422,10
Logi-PINN,1,test,2021,KUNG-70,26.006925522776033,18.089450441664752,10
Logi-PINN,1,test,2021,L 127,23.417586682274727,21.790669137301013,10
Logi-PINN,1,test,2021,L 135,57.05251776901741,43.18269702701864,10
Logi-PINN,1,test,2021,L 139,25.841677571680542,20.475018006044316,10
Logi-PINN,1,test,2021,L 155,61.51041435684638,54.809378828746276,10
Logi-PINN,1,test,2021,L 289,54.91402038113132,45.81308507637173,10
Logi-PINN,1,test,2021,LH1,45.356730837622564,37.96487917265055,10
Logi-PINN,1,test,2021,LH119,18.01877510973045,15.280125854897216,10
Logi-PINN,1,test,2021,LH128,66.60852011591118,62.70836363706928,10
Logi-PINN,1,test,2021,LH143 (Maintainer),32.65611297160679,28.049885903869495,10
Logi-PINN,1,test,2021,LH145,58.90010310627542,51.02972640711149,9
Logi-PINN,1,test,2021,LH146Ht,33.05501682502569,28.76629637306893,10
Logi-PINN,1,test,2021,LH149,21.19383003051824,19.742604896861003,10
Logi-PINN,1,test,2021,LH165,64.42293268074611,57.246733560376775,9
Logi-PINN,1,test,2021,LH166,43.31387920216755,31.410695081200583,10
Logi-PINN,1,test,2021,LH172,108.97673688482699,93.68743281624975,10
Logi-PINN,1,test,2021,LH184,31.279201690047447,26.348163467273803,10
Logi-PINN,1,test,2021,LH185,73.594640364776,53.168631086716275,10
Logi-PINN,1,test,2021,LH190,60.1347466953383,49.43913401216027,10
Logi-PINN,1,test,2021,LH191,55.02854780666832,47.44755713276602,10
Logi-PINN,1,test,2021,LH192,44.69609986746413,31.127541501576662,10
Logi-PINN,1,test,2021,LH194,95.42684222242912,87.1985714524878,9
Logi-PINN,1,test,2021,LH195,60.77034174887744,51.793648954904484,10
Logi-PINN,1,test,2021,LH197,57.031167180395514,44.09701737767758,10
Logi-PINN,1,test,2021,LH198,25.412969457958948,20.542601034726353,10
Logi-PINN,1,test,2021,LH199,90.0682215188434,86.27751925083189,9
Logi-PINN,1,test,2021,LH202,28.083277460454536,20.71985087166649,10
Logi-PINN,1,test,2021,LH204,88.47674670700188,78.4486566987867,10
Logi-PINN,1,test,2021,LH205,105.1615304393659,90.51847532871042,9
Logi-PINN,1,test,2021,LH206,22.90297181743346,17.56191621590066,10
Logi-PINN,1,test,2021,LH208,63.397437072234816,60.159704484892224,10
Logi-PINN,1,test,2021,LH209,22.073609996080787,17.900938775751293,10
Logi-PINN,1,test,2021,LH213,60.45886058941035,56.983371207823595,10
Logi-PINN,1,test,2021,LH214,30.453163483817242,26.955611847768143,10
Logi-PINN,1,test,2021,LH215,85.31248092272718,74.86675422379942,10
Logi-PINN,1,test,2021,LH222,62.21333155669897,54.01623700893742,10
Logi-PINN,1,test,2021,LH223,38.022577635279056,30.52257967662026,10
Logi-PINN,1,test,2021,LH224,63.58573900029579,49.00858066528049,10
Logi-PINN,1,test,2021,LH295,45.19679628977413,36.699291149020176,10
Logi-PINN,1,test,2021,LH59,60.136841728285184,42.128759450002,10
Logi-PINN,1,test,2021,LH60,59.54484640137754,46.002078284356095,10
Logi-PINN,1,test,2021,LH61,34.893115010423486,27.04565695696016,10
Logi-PINN,1,test,2021,LH74,80.69469590888275,69.60730904482234,10
Logi-PINN,1,test,2021,LH82,45.73785740713921,39.9308782835619,10
Logi-PINN,1,test,2021,LH93,65.27526853557326,60.71660528343044,10
Logi-PINN,1,test,2021,LIBC 4,62.59353123532212,55.17511133481753,10
Logi-PINN,1,test,2021,LP1 NR HT,95.54744604891741,82.88979671539502,10
Logi-PINN,1,test,2021,LP5,32.241953531137234,28.140451000304505,10
Logi-PINN,1,test,2021,Lp215D,28.19143756048055,24.448788862194302,10
Logi-PINN,1,test,2021,M14,23.621178186684897,17.540404513077288,10
Logi-PINN,1,test,2021,MBPM,73.8755914508803,68.74792619348301,10
Logi-PINN,1,test,2021,MBWZ,99.76447677703622,91.95506932408428,9
Logi-PINN,1,test,2021,MEF156-55-2,37.940868234718685,27.237410397978767,10
Logi-PINN,1,test,2021,ML606,35.36096097121679,33.10605288697426,10
Logi-PINN,1,test,2021,MM501D,29.603300348139268,25.095014411657452,10
Logi-PINN,1,test,2021,MQ305,39.53880633429219,32.529073282789795,10
Logi-PINN,1,test,2021,MS116,39.208538064300484,32.14713548506478,10
Logi-PINN,1,test,2021,MS132,29.40995424474166,26.568761538984283,10
Logi-PINN,1,test,2021,MS153,115.42146914209262,101.72677573500975,10
Logi-PINN,1,test,2021,MS200,43.718236591173934,31.809766393421047,10
Logi-PINN,1,test,2021,MS211,23.883130428120026,20.878653867935434,10
Logi-PINN,1,test,2021,MS221,61.100496306946475,56.31935629529348,10
Logi-PINN,1,test,2021,MS224,45.05881337519879,37.58775516660177,10
Logi-PINN,1,test,2021,MS225,29.85763089813439,24.651182167495207,10
Logi-PINN,1,test,2021,MS226,49.37739197157177,39.59601106036364,10
Logi-PINN,1,test,2021,MS24A,36.3130793714704,31.88207459439956,10
Logi-PINN,1,test,2021,MS67,91.56104095419958,84.1618057343794,10
Logi-PINN,1,test,2021,MS71,61.31892513697043,51.4717472030941,10
Logi-PINN,1,test,2021,MS72,34.44295348110454,24.324811001524775,10
Logi-PINN,1,test,2021,Mo46,103.99256165783214,91.47828982083634,10
Logi-PINN,1,test,2021,Mo47,16.911009059388054,14.102931101284682,10
Logi-PINN,1,test,2021,Mo5,58.39327506619628,52.87127201600092,10
Logi-PINN,1,test,2021,N192,45.79665817751602,42.3021458729525,10
Logi-PINN,1,test,2021,N193,16.656926685332888,15.095155380302131,10
Logi-PINN,1,test,2021,N201,69.98547759563878,61.47172938932276,10
Logi-PINN,1,test,2021,N211,73.96602197599088,65.51578486201126,10
Logi-PINN,1,test,2021,N217,69.4836305565928,57.37136086208913,10
Logi-PINN,1,test,2021,N28Ht,122.99420481317637,114.12683853808622,10
Logi-PINN,1,test,2021,N501,77.74215606029384,65.88798136990022,10
Logi-PINN,1,test,2021,N523,43.259306075293104,39.850856938478934,10
Logi-PINN,1,test,2021,N527,49.99997281327365,40.48267727743967,10
Logi-PINN,1,test,2021,N534,80.03295300817312,64.2530554649912,10
Logi-PINN,1,test,2021,N542,83.50606449587336,78.04033182912539,10
Logi-PINN,1,test,2021,N6,123.05077577672839,117.18410108973619,8
Logi-PINN,1,test,2021,NC262,61.17462567896828,47.68687995812908,9
Logi-PINN,1,test,2021,NC294,57.959315818395716,51.61104839710487,10
Logi-PINN,1,test,2021,NC310,35.49795390679386,21.388657095221355,10
Logi-PINN,1,test,2021,NC326,70.92542105250563,59.03869930514494,10
Logi-PINN,1,test,2021,NC328,71.58662632035853,59.91912730433772,10
Logi-PINN,1,test,2021,NC368,94.96977855111399,90.61159807891126,9
Logi-PINN,1,test,2021,NC412,69.82578787264738,55.98875420555265,10
Logi-PINN,1,test,2021,ND247,36.24865098778093,30.107824652821023,9
Logi-PINN,1,test,2021,ND265,41.374380549417765,35.94763297313476,10
Logi-PINN,1,test,2021,NK740,132.65242407048132,114.69765192763347,10
Logi-PINN,1,test,2021,NK778,29.6682363788799,21.791783721485405,10
Logi-PINN,1,test,2021,NK807,54.88713413046273,49.045717398304134,10
Logi-PINN,1,test,2021,NKS8326,78.3728158083435,70.01211227155787,10
Logi-PINN,1,test,2021,NORTH 7,78.58872979111051,68.21298671079782,10
Logi-PINN,1,test,2021,NQ508,93.83286617656772,79.6170908402583,10
Logi-PINN,1,test,2021,NS501,82.45934693796687,75.51780073268277,10
Logi-PINN,1,test,2021,NS701,181.45843423355416,163.96790346649686,10
Logi-PINN,1,test,2021,NY 166 (Neveh Yaar),48.568344340556024,40.100527379655006,10
Logi-PINN,1,test,2021,NY6371,76.94598843278641,65.01025202630501,10
Logi-PINN,1,test,2021,Ny821,16.45272673713333,13.063499408992323,10
Logi-PINN,1,test,2021,OH33,99.90100741767381,70.76254020193603,10
Logi-PINN,1,test,2021,OQ403,59.853241484597234,42.99937415611267,10
Logi-PINN,1,test,2021,OQ603,43.35032289052259,33.654105431411416,10
Logi-PINN,1,test,2021,OS602,44.88954379096651,31.239342994306014,10
Logi-PINN,1,test,2021,Oh40B,87.5470372747185,67.08833217195982,10
Logi-PINN,1,test,2021,Oh43,17.36562462826813,13.943364740284949,10
Logi-PINN,1,test,2021,Oh7,89.96720297629993,75.37459898273644,10
Logi-PINN,1,test,2021,Os420,42.79693044031459,37.889510996618,10
Logi-PINN,1,test,2021,Os426,55.37951491729453,45.06806618622427,10
Logi-PINN,1,test,2021,PHB09,30.056131937020293,18.570610667291522,10
Logi-PINN,1,test,2021,PHB47,19.036279590857795,14.883620595011251,10
Logi-PINN,1,test,2021,PHBA6,63.22385721102142,50.97474463430272,10
Logi-PINN,1,test,2021,PHBB3,70.50454757685617,64.21768036794681,10
Logi-PINN,1,test,2021,PHBW8,96.4995197813032,83.6957173194425,10
Logi-PINN,1,test,2021,PHG29,60.83910568669086,56.639968830612304,10
Logi-PINN,1,test,2021,PHG47,97.01189866848588,66.5669676723034,9
Logi-PINN,1,test,2021,PHG50,26.778784893163497,21.18896831003581,10
Logi-PINN,1,test,2021,PHG71,40.12099560398307,34.882463215540234,10
Logi-PINN,1,test,2021,PHG72,30.785201587188926,26.11702750872906,10
Logi-PINN,1,test,2021,PHG80,101.07280229575302,92.61968788373754,10
Logi-PINN,1,test,2021,PHG83,33.413194513187214,23.397919731201814,10
Logi-PINN,1,test,2021,PHG86,137.1069770548615,123.60299164296185,9
Logi-PINN,1,test,2021,PHGW7,100.04540954192909,69.05941028107358,10
Logi-PINN,1,test,2021,PHH93,107.725128938111,93.28527734688961,9
Logi-PINN,1,test,2021,PHHV4,67.20325434767008,56.628839604902076,10
Logi-PINN,1,test,2021,PHJ70,114.33191871060382,94.78465053446921,10
Logi-PINN,1,test,2021,PHJ89,14.66133282049041,12.171993987329678,10
Logi-PINN,1,test,2021,PHJ90,83.02394220871487,75.97414264487891,10
Logi-PINN,1,test,2021,PHJR5,78.03081184680585,53.09561621134547,10
Logi-PINN,1,test,2021,PHK35,94.84826797944044,85.66147793996421,10
Logi-PINN,1,test,2021,PHK42,43.218412465455245,35.0813277101714,10
Logi-PINN,1,test,2021,PHK56,121.10233649687954,114.20625887869909,9
Logi-PINN,1,test,2021,PHK74,41.355147590749596,30.869172025696322,10
Logi-PINN,1,test,2021,PHKE6,74.21205446102236,68.13698451523214,10
Logi-PINN,1,test,2021,PHM10,89.97977598661494,82.16234140438007,10
Logi-PINN,1,test,2021,PHN11,60.607789945452325,52.96628860723611,10
Logi-PINN,1,test,2021,PHN29,69.46786246046045,58.48722025329263,9
Logi-PINN,1,test,2021,PHN66,38.920145434475444,33.195796625113786,10
Logi-PINN,1,test,2021,PHP02,31.34502660342488,29.22928148068155,10
Logi-PINN,1,test,2021,PHP55,18.55587639998807,14.640754623490556,10
Logi-PINN,1,test,2021,PHP76,88.92817974807792,77.96718858597657,10
Logi-PINN,1,test,2021,PHP85,88.28295809059567,80.37494862595159,8
Logi-PINN,1,test,2021,PHPR5,74.02143755895032,52.54278375911258,10
Logi-PINN,1,test,2021,PHR03,96.02771479307856,82.01531892110127,10
Logi-PINN,1,test,2021,PHR30,39.27112502521098,32.95804223244985,10
Logi-PINN,1,test,2021,PHR31,86.3103081432502,67.466088568509,10
Logi-PINN,1,test,2021,PHR36,65.9123226498469,50.47019084725888,10
Logi-PINN,1,test,2021,PHR47,68.15175701599549,55.10297809195273,10
Logi-PINN,1,test,2021,PHR58,37.87013720677342,30.606967155189068,10
Logi-PINN,1,test,2021,PHR63,46.750637724570694,44.27921817084865,10
Logi-PINN,1,test,2021,PHT10,63.205935457451226,51.6961754565268,10
Logi-PINN,1,test,2021,PHT47,55.20932574555781,42.683023496185854,10
Logi-PINN,1,test,2021,PHT55,81.25201619749075,63.78311015219553,10
Logi-PINN,1,test,2021,PHTM9,38.96674029320638,26.77366062240918,10
Logi-PINN,1,test,2021,PHV37,30.46476674763521,26.64747411918309,10
Logi-PINN,1,test,2021,PHV57,69.74015764278155,59.15156911752954,10
Logi-PINN,1,test,2021,PHV63,88.00275942660673,77.76677944252394,10
Logi-PINN,1,test,2021,PHVA9,67.1118871366023,57.885870319674474,10
Logi-PINN,1,test,2021,PHW03,57.23444717826495,42.1501160689108,10
Logi-PINN,1,test,2021,PHW17,56.42486322220626,35.891943838119914,10
Logi-PINN,1,test,2021,PHW20,96.83661881351095,69.40021402529605,10
Logi-PINN,1,test,2021,PHW30,53.018797382732224,38.10062190759614,10
Logi-PINN,1,test,2021,PHW52,66.04302059625836,58.93909894165305,10
Logi-PINN,1,test,2021,PHW53,79.76109880761393,72.37997615999132,10
Logi-PINN,1,test,2021,PHW79,70.26990687046062,60.76862681418814,8
Logi-PINN,1,test,2021,PHW80,29.093293550340505,20.685180168368568,10
Logi-PINN,1,test,2021,PHW86,23.807232615616215,17.345878132569236,10
Logi-PINN,1,test,2021,PHZ51,55.72478876917565,48.645002392073074,10
Logi-PINN,1,test,2021,Pa392,38.16298021194104,29.75665475801329,10
Logi-PINN,1,test,2021,Pa405,60.68486955839925,51.41556675181206,10
Logi-PINN,1,test,2021,Pa762,51.61713075637907,44.61096123510388,10
Logi-PINN,1,test,2021,Pa875,105.19357188906902,96.28463453691589,10
Logi-PINN,1,test,2021,Pa880,47.76280872397117,42.58078084162836,10
Logi-PINN,1,test,2021,Pa91,102.0569290839932,85.43469280199777,10
Logi-PINN,1,test,2021,Q381,47.29100792855778,36.676250436089425,10
Logi-PINN,1,test,2021,R168,34.411408695787536,27.529988583478733,10
Logi-PINN,1,test,2021,R181B,46.79663143531398,30.856212744632764,10
Logi-PINN,1,test,2021,R226,69.35933784172646,63.929986022529874,10
Logi-PINN,1,test,2021,R227,110.25850366505583,101.58037586803509,10
Logi-PINN,1,test,2021,R71,48.55867134963054,42.08737126739574,10
Logi-PINN,1,test,2021,R78,69.36033645435393,65.88061814202318,10
Logi-PINN,1,test,2021,S8326,51.453511882474835,39.76629775986184,10
Logi-PINN,1,test,2021,SD101,57.0424451159033,50.806399415995635,10
Logi-PINN,1,test,2021,SD102,51.54302343189122,45.611015622774794,10
Logi-PINN,1,test,2021,SD107,85.26996958011439,60.623493031440454,10
Logi-PINN,1,test,2021,SD40,84.31616868716155,67.48226225692808,10
Logi-PINN,1,test,2021,SD44,43.04088730876024,33.268657068183074,10
Logi-PINN,1,test,2021,SG 30A,37.661824107403305,27.87834810724528,10
Logi-PINN,1,test,2021,Seagull Seventeen,126.4131378703266,105.9126525153209,10
Logi-PINN,1,test,2021,T242,35.399805858977686,27.48080775997147,10
Logi-PINN,1,test,2021,TZU-CHIAO-HSI-WU 105,25.918584214925904,21.80267934390414,10
Logi-PINN,1,test,2021,Tr,23.094876336163047,19.73726427600436,10
Logi-PINN,1,test,2021,Va26,77.08631776463987,67.39458869356424,10
Logi-PINN,1,test,2021,Va35,53.11863000330231,49.167766158431185,10
Logi-PINN,1,test,2021,Va52,32.41269839503131,26.172502914651538,10
Logi-PINN,1,test,2021,Va59,82.05749519213025,71.47819143328758,9
Logi-PINN,1,test,2021,Va99,32.83190854974879,26.70621345505567,10
Logi-PINN,1,test,2021,VaW6,78.70223345546505,70.52804434531384,9
Logi-PINN,1,test,2021,W117Ht,62.81176894852288,54.02078106899659,9
Logi-PINN,1,test,2021,W153R,79.36492481669296,62.99026864456789,8
Logi-PINN,1,test,2021,W22,57.94246043082183,49.97719016023801,10
Logi-PINN,1,test,2021,W23,60.291064414825186,50.944179093449506,10
Logi-PINN,1,test,2021,W24,48.826012910315924,41.76182406617313,10
Logi-PINN,1,test,2021,W32,45.330984311022114,38.58879251261361,10
Logi-PINN,1,test,2021,W37A,60.67931562227695,57.08782608880963,10
Logi-PINN,1,test,2021,W552,52.80405387926034,42.978198685641914,10
Logi-PINN,1,test,2021,W603S,46.600651936195554,31.11723852126007,10
Logi-PINN,1,test,2021,W604S,89.87092506135467,74.90199863621926,9
Logi-PINN,1,test,2021,W605S,37.71922386243615,35.53419945687559,10
Logi-PINN,1,test,2021,W607S,91.17510335844086,76.77440659572281,10
Logi-PINN,1,test,2021,W610S,87.4003474966755,70.16058720040637,10
Logi-PINN,1,test,2021,W612S,82.98500369554917,66.38545360692403,9
Logi-PINN,1,test,2021,W614S,71.98009588469468,62.05367352501079,9
Logi-PINN,1,test,2021,W64A,24.796929893231866,16.665116763717055,10
Logi-PINN,1,test,2021,W701BC,40.20780115054738,38.37027308664894,10
Logi-PINN,1,test,2021,W809G,180.09667109857457,159.99303138423076,10
Logi-PINN,1,test,2021,W810G,78.8971981698239,71.11794692123267,10
Logi-PINN,1,test,2021,W812G,45.32427953641872,38.830554325759294,10
Logi-PINN,1,test,2021,W813G,47.447572283299706,43.2059586367857,10
Logi-PINN,1,test,2021,W814G,41.782751400567044,39.23240686743568,9
Logi-PINN,1,test,2021,W8304,97.02600116091966,80.39714012412743,10
Logi-PINN,1,test,2021,W9,56.76066708986421,50.476113684408276,10
Logi-PINN,1,test,2021,WIL900,86.50962331345053,73.85314139683196,10
Logi-PINN,1,test,2021,WR3,50.66991377686585,43.10254210125295,10
Logi-PINN,1,test,2021,WU-TAN-TZAO,71.45303091755554,48.12655034950809,10
Logi-PINN,1,test,2021,YE 4,82.93411921062744,66.60259078052867,10
Logi-PINN,1,test,2021,YING-55,71.09952427864144,62.54105611260236,10
Logi-PINN,1,test,2021,Yu796 NS,60.613625065120594,56.23830442411427,10
Logi-PINN,1,test,2021,ZS635,107.66887471584968,81.21241658887031,10
